90.750000 0.000000 0.211000 0.075000
113.750000 0.204820 0.211000 0.175000
123.375000 0.204820 0.211000 0.270000
132.250000 0.408100 0.211000 0.380000
141.375000 0.656722 0.211000 0.475000
147.250000 0.656722 0.211000 0.575000
154.375000 0.867248 0.211000 0.670000
157.750000 1.074371 0.211000 0.775000
161.875000 1.279560 0.211000 0.875000
166.875000 1.279560 0.238000 0.975000
170.625000 1.483626 0.238000 1.080000
174.250000 1.691332 0.238000 1.175000
177.125000 1.691332 0.238000 1.270000
182.250000 1.895454 0.238000 1.375000
185.125000 2.123937 0.238000 1.470000
188.375000 2.328912 0.238000 1.580000
191.625000 2.328912 0.238000 1.680000
194.000000 2.534473 0.238000 1.780000
196.375000 2.755572 0.238000 1.875000
201.500000 2.755572 0.238000 1.975000
204.625000 2.969159 0.315000 2.080000
207.625000 3.221883 0.315000 2.180000
211.125000 3.424096 0.315000 2.280000
213.125000 3.424096 0.315000 2.375000
216.375000 3.658720 0.315000 2.480000
219.875000 3.872237 0.315000 2.580000
222.750000 4.079294 0.315000 2.680000
225.625000 4.287943 0.315000 2.775000
230.750000 4.547340 0.315000 2.875000
233.875000 4.767220 0.315000 2.975000
238.125000 4.975646 0.274000 3.070000
242.875000 5.182589 0.274000 3.180000
245.375000 5.390190 0.274000 3.275000
249.000000 5.598750 0.274000 3.375000
253.625000 5.598750 0.274000 3.475000
257.625000 5.845315 0.274000 3.575000
262.000000 6.047051 0.274000 3.675000
267.500000 6.289557 0.274000 3.775000
270.750000 6.289557 0.274000 3.880000
273.125000 6.522452 0.274000 3.975000
274.500000 6.724702 0.255000 4.085000
277.125000 6.724702 0.255000 4.170000
278.750000 6.931706 0.255000 4.280000
281.750000 7.138356 0.255000 4.380000
283.500000 7.345642 0.255000 4.475000
287.125000 7.345642 0.255000 4.575000
288.875000 7.545878 0.255000 4.675000
291.750000 7.774857 0.255000 4.780000
293.250000 7.774857 0.255000 4.875000
295.375000 7.991441 0.255000 4.975000
297.750000 8.225069 0.303000 5.080000
303.875000 8.225069 0.303000 5.175000
305.625000 8.452463 0.303000 5.275000
308.125000 8.664708 0.303000 5.380000
310.625000 8.869686 0.303000 5.485000
312.125000 8.869686 0.303000 5.580000
313.250000 9.074873 0.303000 5.675000
314.375000 9.278452 0.303000 5.775000
314.875000 9.487022 0.303000 5.865000
316.375000 9.692155 0.303000 5.980000
317.625000 9.894870 0.298000 6.080000
318.125000 9.894870 0.298000 6.175000
318.500000 10.104796 0.298000 6.270000
318.625000 10.306157 0.298000 6.375000
319.000000 10.538468 0.298000 6.475000
319.125000 10.740247 0.298000 6.580000
319.375000 10.962324 0.298000 6.675000
320.500000 11.171858 0.298000 6.780000
320.500000 11.381587 0.298000 6.875000
320.875000 11.591227 0.298000 6.975000
321.250000 11.836540 0.291000 7.075000
321.375000 12.043425 0.291000 7.170000
321.625000 12.043425 0.291000 7.280000
321.875000 12.247481 0.291000 7.365000
321.875000 12.247481 0.291000 7.475000
322.875000 12.460881 0.291000 7.580000
323.125000 12.460881 0.291000 7.665000
323.375000 12.460881 0.291000 7.770000
323.750000 12.460881 0.291000 7.880000
323.750000 12.460881 0.201000 7.965000
323.750000 12.665259 0.201000 8.075000
324.000000 12.665259 0.201000 8.180000
324.125000 12.665259 0.201000 8.280000
324.625000 12.665259 0.201000 8.370000
324.625000 12.665259 0.201000 8.475000
324.750000 12.665259 0.201000 8.580000
324.750000 12.665259 0.201000 8.680000
324.750000 12.665259 0.201000 8.775000
324.750000 12.665259 0.201000 8.865000
324.750000 12.665259 0.190000 8.975000
324.750000 12.665259 0.190000 9.075000
324.875000 12.665259 0.190000 9.170000
325.125000 12.665259 0.190000 9.275000
325.375000 12.665259 0.190000 9.365000
325.375000 12.665259 0.190000 9.470000
325.375000 12.665259 0.190000 9.580000
325.500000 12.665259 0.190000 9.680000
325.500000 12.665259 0.190000 9.770000
325.625000 12.665259 0.190000 9.870000
325.875000 12.665259 0.190000 9.975000
326.125000 12.869748 0.190000 10.070000
326.375000 12.869748 0.190000 10.170000
326.375000 13.076431 0.190000 10.275000
326.375000 13.277536 0.190000 10.380000
326.375000 13.483939 0.190000 10.470000
326.625000 13.483939 0.190000 10.570000
326.625000 13.685228 0.190000 10.675000
326.625000 13.933775 0.190000 10.775000
326.875000 13.933775 0.190000 10.865000
327.000000 14.168962 0.190000 10.980000
327.000000 14.374418 0.246000 11.085000
327.125000 14.374418 0.246000 11.175000
327.500000 14.603601 0.246000 11.280000
327.500000 14.824537 0.246000 11.380000
327.500000 15.025813 0.246000 11.480000
327.625000 15.025813 0.246000 11.575000
327.625000 15.225953 0.246000 11.680000
328.125000 15.426460 0.246000 11.765000
328.250000 15.426460 0.246000 11.880000
328.250000 15.655391 0.246000 11.970000
328.500000 15.884162 0.289000 12.075000
328.750000 15.884162 0.289000 12.180000
329.000000 16.105438 0.289000 12.275000
329.125000 16.311934 0.289000 12.375000
329.250000 16.311934 0.289000 12.470000
329.375000 16.518404 0.289000 12.580000
329.500000 16.722975 0.289000 12.670000
329.750000 16.928999 0.289000 12.775000
329.750000 16.928999 0.289000 12.880000
329.875000 17.141600 0.289000 12.980000
330.000000 17.341982 0.254000 13.065000
330.125000 17.341982 0.254000 13.175000
330.250000 17.544127 0.254000 13.275000
330.750000 17.748150 0.254000 13.370000
331.000000 17.961056 0.254000 13.475000
331.125000 17.961056 0.254000 13.570000
331.625000 18.166801 0.254000 13.675000
331.750000 18.396965 0.254000 13.760000
332.000000 18.597532 0.254000 13.870000
332.000000 18.597532 0.254000 13.980000
332.250000 18.813066 0.254000 14.070000
332.250000 19.016209 0.254000 14.180000
332.500000 19.221315 0.254000 14.270000
332.750000 19.221315 0.254000 14.385000
332.750000 19.452131 0.254000 14.475000
333.000000 19.656996 0.254000 14.565000
333.000000 19.656996 0.254000 14.675000
333.750000 19.890633 0.254000 14.765000
333.875000 20.094688 0.254000 14.875000
334.125000 20.299477 0.254000 14.980000
334.250000 20.299477 0.234000 15.065000
334.250000 20.519892 0.234000 15.175000
334.500000 20.720795 0.234000 15.255000
335.000000 20.925051 0.234000 15.375000
335.375000 21.132097 0.234000 15.465000
335.750000 21.335438 0.234000 15.575000
336.250000 21.335438 0.234000 15.665000
336.375000 21.749584 0.234000 15.780000
336.750000 21.749584 0.234000 15.875000
336.875000 21.988337 0.234000 15.965000
337.000000 22.217600 0.226000 16.075001
337.375000 22.426643 0.226000 16.174999
337.500000 22.665342 0.226000 16.280001
338.250000 22.884525 0.226000 16.370001
338.875000 23.094038 0.226000 16.480000
339.500000 23.303732 0.226000 16.570000
340.500000 23.513552 0.226000 16.680000
341.375000 23.723436 0.226000 16.775000
341.875000 23.723436 0.226000 16.860001
342.625000 23.933161 0.226000 16.965000
342.875000 24.139414 0.226000 17.075001
344.000000 24.361504 0.226000 17.165001
344.500000 24.562607 0.226000 17.275000
345.000000 24.764004 0.226000 17.375000
345.875000 24.764004 0.226000 17.469999
346.500000 24.964781 0.226000 17.575001
346.875000 25.191774 0.226000 17.674999
347.375000 25.396364 0.226000 17.780001
348.125000 25.396364 0.226000 17.865000
349.125000 25.601181 0.226000 17.980000
350.375000 25.804598 0.234000 18.065001
350.375000 25.804598 0.234000 18.174999
350.500000 26.017073 0.234000 18.280001
350.875000 26.017073 0.234000 18.370001
351.250000 26.017073 0.234000 18.480000
351.375000 26.218390 0.234000 18.580000
351.875000 26.218390 0.234000 18.684999
352.250000 26.218390 0.234000 18.770000
352.500000 26.218390 0.234000 18.875000
352.875000 26.218390 0.234000 18.965000
353.125000 26.218390 0.232000 19.070000
353.125000 26.218390 0.232000 19.180000
353.250000 26.218390 0.232000 19.264999
353.500000 26.418577 0.232000 19.375000
353.750000 26.418577 0.232000 19.459999
353.875000 26.418577 0.232000 19.575001
354.000000 26.418577 0.232000 19.665001
354.125000 26.418577 0.232000 19.780001
354.125000 26.418577 0.232000 19.865000
354.250000 26.418577 0.188000 19.980000
354.250000 26.418577 0.188000 20.059999
354.250000 26.418577 0.188000 20.180000
354.250000 26.418577 0.188000 20.275000
354.250000 26.624222 0.188000 20.370001
354.500000 26.827940 0.188000 20.480000
354.750000 26.827940 0.188000 20.565001
355.375000 27.033361 0.188000 20.670000
355.625000 27.237345 0.188000 20.760000
355.750000 27.458624 0.188000 20.870001
355.750000 27.664675 0.188000 20.975000
356.000000 27.871464 0.220000 21.065001
356.125000 28.075125 0.220000 21.170000
356.125000 28.277670 0.220000 21.280001
356.250000 28.277670 0.220000 21.365000
356.250000 28.478714 0.220000 21.469999
356.250000 28.478714 0.220000 21.580000
356.250000 28.478714 0.220000 21.665001
356.250000 28.478714 0.220000 21.780001
356.500000 28.685070 0.220000 21.865000
356.500000 28.685070 0.220000 21.980000
356.500000 28.685070 0.231000 22.070000
356.500000 28.685070 0.231000 22.180000
357.000000 28.685070 0.231000 22.270000
357.000000 28.685070 0.231000 22.375000
357.000000 28.685070 0.231000 22.465000
357.000000 28.685070 0.231000 22.580000
357.125000 28.685070 0.231000 22.665001
357.125000 28.685070 0.231000 22.775000
357.250000 28.685070 0.231000 22.865000
357.250000 28.685070 0.216000 22.980000
357.250000 28.685070 0.216000 23.080000
357.250000 28.685070 0.216000 23.174999
357.250000 28.685070 0.216000 23.264999
357.250000 28.685070 0.216000 23.375000
357.250000 28.885353 0.216000 23.485001
357.375000 28.885353 0.216000 23.570000
357.375000 29.089022 0.216000 23.680000
357.375000 29.297678 0.216000 23.760000
357.625000 29.503258 0.216000 23.879999
357.625000 29.707190 0.216000 23.969999
357.750000 29.914011 0.233000 24.080000
357.750000 30.151218 0.233000 24.165001
357.750000 30.369719 0.233000 24.280001
357.875000 30.579042 0.233000 24.365000
357.875000 30.788845 0.233000 24.480000
358.000000 30.988956 0.233000 24.565001
358.125000 31.189203 0.233000 24.674999
358.125000 31.389526 0.233000 24.780001
358.875000 31.589626 0.233000 24.865000
359.500000 31.797989 0.224000 24.969999
359.750000 32.001465 0.224000 25.080000
361.000000 32.001465 0.224000 25.174999
361.625000 32.205299 0.224000 25.264999
361.750000 32.411575 0.224000 25.370001
362.250000 32.619320 0.224000 25.476000
362.250000 32.828030 0.224000 25.575001
363.125000 33.057438 0.224000 25.680000
363.875000 33.266838 0.224000 25.775000
364.250000 33.476460 0.224000 25.870001
365.125000 33.686199 0.224000 25.975000
365.750000 33.912243 0.250000 26.059999
366.250000 34.124844 0.250000 26.170000
366.875000 34.329453 0.250000 26.280001
367.500000 34.536217 0.250000 26.365000
368.500000 34.743633 0.250000 26.469999
369.750000 34.952072 0.250000 26.575001
370.000000 34.952072 0.250000 26.665001
370.875000 35.161228 0.250000 26.775000
371.375000 35.400749 0.250000 26.879999
372.250000 35.620300 0.250000 26.975000
372.875000 35.825943 0.234000 27.075001
373.500000 36.034317 0.234000 27.165001
374.250000 36.234489 0.234000 27.270000
374.750000 36.437683 0.234000 27.375000
375.250000 36.663155 0.234000 27.465000
376.625000 36.880817 0.234000 27.575001
377.250000 37.089573 0.234000 27.674999
378.000000 37.298904 0.234000 27.775000
378.375000 37.508503 0.234000 27.875000
379.625000 37.508503 0.234000 27.969999
380.875000 37.716141 0.229000 28.075001
381.875000 37.947842 0.229000 28.180000
382.375000 38.151432 0.229000 28.264999
383.500000 38.367207 0.229000 28.370001
384.375000 38.584850 0.229000 28.475000
385.375000 38.793575 0.229000 28.570000
386.125000 39.002827 0.229000 28.680000
386.875000 39.242306 0.229000 28.770000
387.750000 39.452003 0.229000 28.870001
389.000000 39.660992 0.229000 28.975000
389.500000 39.866943 0.232000 29.065001
390.500000 40.073048 0.232000 29.170000
391.625000 40.279854 0.232000 29.275000
392.250000 40.279854 0.232000 29.375000
393.125000 40.516727 0.232000 29.465000
393.875000 40.744755 0.232000 29.575001
394.750000 40.953709 0.232000 29.660000
395.500000 41.163120 0.232000 29.775000
396.500000 41.392769 0.232000 29.885000
397.750000 41.630352 0.232000 29.975000
398.875000 41.832142 0.225000 30.059999
399.625000 42.040749 0.225000 30.174999
400.625000 42.040749 0.225000 30.270000
402.375000 42.264103 0.225000 30.379999
403.250000 42.480045 0.225000 30.469999
404.625000 42.480045 0.225000 30.575001
406.875000 42.695740 0.225000 30.680000
407.750000 42.932503 0.225000 30.775000
409.375000 42.932503 0.225000 30.870001
410.375000 43.169071 0.225000 30.975000
411.000000 43.374058 0.250000 31.065001
412.500000 43.374058 0.250000 31.174999
414.000000 43.578529 0.250000 31.264999
415.000000 43.782658 0.250000 31.379999
416.250000 43.986347 0.250000 31.475000
416.750000 43.986347 0.250000 31.559999
417.875000 44.191669 0.250000 31.674999
418.125000 44.391769 0.250000 31.760000
418.625000 44.391769 0.250000 31.875000
419.125000 44.608093 0.250000 31.959999
419.875000 44.810398 0.224000 32.070000
420.000000 45.012711 0.224000 32.174999
420.375000 45.012711 0.224000 32.264999
421.125000 45.216213 0.224000 32.375000
421.750000 45.216213 0.224000 32.474998
422.125000 45.216213 0.224000 32.575001
422.875000 45.216213 0.224000 32.665001
423.500000 45.417656 0.224000 32.779999
423.750000 45.417656 0.224000 32.865002
424.375000 45.417656 0.219000 32.974998
425.125000 45.417656 0.219000 33.060001
426.125000 45.417656 0.219000 33.169998
426.125000 45.417656 0.219000 33.279999
426.750000 45.417656 0.219000 33.375000
427.125000 45.417656 0.219000 33.459999
427.750000 45.417656 0.219000 33.564999
428.500000 45.417656 0.219000 33.680000
428.875000 45.417656 0.219000 33.764999
428.875000 45.417656 0.219000 33.869999
429.000000 45.417656 0.219000 33.980000
429.500000 45.417656 0.205000 34.080002
429.500000 45.417656 0.205000 34.165001
429.500000 45.417656 0.205000 34.279999
429.750000 45.417656 0.205000 34.365002
429.750000 45.417656 0.205000 34.470001
430.125000 45.417656 0.205000 34.575001
430.375000 45.417656 0.205000 34.665001
430.500000 45.417656 0.205000 34.779999
430.875000 45.417656 0.205000 34.865002
430.875000 45.417656 0.207000 34.974998
430.875000 45.417656 0.207000 35.060001
431.125000 45.417656 0.207000 35.174999
431.500000 45.634377 0.207000 35.259998
431.625000 45.634377 0.207000 35.375000
431.875000 45.859520 0.207000 35.465000
432.375000 46.060886 0.207000 35.575001
433.375000 46.060886 0.207000 35.660000
433.875000 46.267002 0.207000 35.775002
434.875000 46.474380 0.207000 35.865002
435.875000 46.680546 0.200000 35.980000
436.500000 46.680546 0.200000 36.075001
437.250000 46.887840 0.200000 36.160000
437.750000 47.123394 0.200000 36.270000
438.625000 47.123394 0.200000 36.375000
439.125000 47.361652 0.200000 36.470001
439.625000 47.569000 0.200000 36.580002
440.250000 47.569000 0.200000 36.669998
440.875000 47.771000 0.200000 36.775002
441.125000 47.995106 0.200000 36.880001
441.625000 47.995106 0.200000 36.980000
442.500000 48.198757 0.227000 37.064999
443.750000 48.198757 0.227000 37.174999
445.500000 48.417053 0.227000 37.264999
447.250000 48.630703 0.227000 37.375000
449.750000 48.630703 0.227000 37.465000
451.250000 48.851128 0.227000 37.570000
453.250000 49.063293 0.227000 37.674999
455.625000 49.063293 0.227000 37.770000
456.250000 49.269581 0.227000 37.880001
457.125000 49.490925 0.227000 37.965000
458.625000 49.490925 0.228000 38.075001
459.500000 49.713627 0.228000 38.180000
459.625000 49.915821 0.228000 38.270000
460.250000 50.119995 0.228000 38.375000
460.375000 50.119995 0.228000 38.465000
460.375000 50.327820 0.228000 38.575001
460.500000 50.537064 0.228000 38.660000
460.625000 50.737381 0.228000 38.770000
460.750000 50.952229 0.228000 38.880001
460.750000 51.199459 0.228000 38.965000
460.750000 51.408436 0.235000 39.070000
460.875000 51.620922 0.235000 39.174999
460.875000 51.823151 0.235000 39.259998
461.000000 52.025917 0.235000 39.369999
461.000000 52.227993 0.235000 39.480000
461.000000 52.227993 0.235000 39.564999
461.125000 52.431095 0.235000 39.680000
461.125000 52.649223 0.235000 39.759998
461.125000 52.856106 0.235000 39.875000
461.125000 52.856106 0.235000 39.959999
461.250000 53.061302 0.234000 40.070000
461.250000 53.263622 0.234000 40.180000
461.250000 53.263622 0.234000 40.264999
461.250000 53.465965 0.234000 40.375000
461.375000 53.465965 0.234000 40.470001
461.375000 53.465965 0.234000 40.575001
461.500000 53.465965 0.234000 40.660000
461.500000 53.666481 0.234000 40.779999
461.750000 53.666481 0.234000 40.865002
461.750000 53.666481 0.200000 40.980000
461.750000 53.666481 0.200000 41.064999
461.750000 53.666481 0.200000 41.174999
461.750000 53.666481 0.200000 41.259998
461.750000 53.666481 0.200000 41.375000
461.750000 53.666481 0.200000 41.465000
461.750000 53.666481 0.200000 41.575001
461.750000 53.666481 0.200000 41.665001
461.750000 53.666481 0.200000 41.775002
461.750000 53.666481 0.200000 41.865002
461.750000 53.666481 0.198000 41.974998
461.750000 53.666481 0.198000 42.070000
461.750000 53.666481 0.198000 42.174999
461.750000 53.666481 0.198000 42.270000
461.750000 53.666481 0.198000 42.375000
461.750000 53.666481 0.198000 42.465000
461.750000 53.666481 0.198000 42.580002
461.750000 53.666481 0.198000 42.665001
461.750000 53.666481 0.198000 42.770000
461.750000 53.666481 0.198000 42.875000
461.750000 53.666481 0.185000 42.965000
461.750000 53.666481 0.185000 43.075001
461.750000 53.868664 0.185000 43.160000
461.750000 54.091553 0.185000 43.275002
461.875000 54.091553 0.185000 43.360001
461.875000 54.498756 0.185000 43.480000
461.875000 54.498756 0.185000 43.564999
462.000000 54.700787 0.185000 43.680000
462.000000 54.907001 0.185000 43.764999
462.000000 55.128494 0.185000 43.875000
462.125000 55.128494 0.211000 43.965000
462.125000 55.330074 0.211000 44.084999
462.125000 55.530376 0.211000 44.169998
462.125000 55.745983 0.211000 44.279999
462.125000 55.745983 0.211000 44.365002
462.125000 55.945984 0.211000 44.470001
462.125000 56.152233 0.211000 44.575001
462.125000 56.357559 0.211000 44.665001
462.125000 56.357559 0.211000 44.775002
462.125000 56.570526 0.211000 44.884998
462.125000 56.772884 0.211000 44.974998
462.250000 56.979584 0.226000 45.064999
462.375000 57.183815 0.226000 45.180000
462.375000 57.386021 0.226000 45.264999
462.375000 57.591137 0.226000 45.375000
462.500000 57.797638 0.226000 45.474998
463.125000 58.005512 0.226000 45.580002
463.875000 58.005512 0.226000 45.660000
464.250000 58.214321 0.226000 45.770000
464.625000 58.423641 0.226000 45.880001
465.500000 58.663197 0.226000 45.974998
466.375000 58.871563 0.247000 46.070000
466.500000 59.074745 0.247000 46.174999
466.875000 59.296432 0.247000 46.259998
467.000000 59.498604 0.247000 46.375000
467.000000 59.498604 0.247000 46.459999
467.250000 59.712288 0.247000 46.570000
467.750000 59.912540 0.247000 46.674999
467.875000 60.117916 0.247000 46.785000
467.875000 60.117916 0.247000 46.869999
468.125000 60.330345 0.247000 46.980000
468.375000 60.330345 0.233000 47.060001
468.375000 60.535339 0.233000 47.169998
468.500000 60.740326 0.233000 47.279999
468.625000 60.945969 0.233000 47.365002
468.750000 60.945969 0.233000 47.474998
468.875000 61.175919 0.233000 47.570000
468.875000 61.377357 0.233000 47.674999
469.000000 61.579391 0.233000 47.779999
469.125000 61.579391 0.233000 47.865002
469.125000 61.804428 0.233000 47.974998
469.250000 62.007359 0.241000 48.070000
469.500000 62.007359 0.241000 48.174999
469.500000 62.225582 0.241000 48.279999
469.750000 62.425968 0.241000 48.369999
469.875000 62.640198 0.241000 48.480000
469.875000 62.844234 0.241000 48.564999
470.000000 63.046318 0.241000 48.674999
470.000000 63.251823 0.241000 48.785000
470.000000 63.251823 0.241000 48.875000
470.125000 63.459255 0.241000 48.965000
470.500000 63.667416 0.261000 49.075001
470.625000 63.895935 0.261000 49.165001
471.250000 64.124580 0.261000 49.279999
471.500000 64.333252 0.261000 49.365002
471.625000 64.542458 0.261000 49.480000
472.125000 64.771790 0.261000 49.560001
473.000000 64.991272 0.261000 49.669998
473.625000 65.200859 0.261000 49.775002
474.125000 65.410706 0.261000 49.875000
474.625000 65.619232 0.261000 49.980000
476.000000 65.823570 0.226000 50.075001
476.625000 65.823570 0.226000 50.169998
477.125000 66.028091 0.226000 50.275002
478.375000 66.263557 0.226000 50.380001
479.375000 66.481224 0.226000 50.470001
479.625000 66.709953 0.226000 50.575001
480.625000 66.959221 0.226000 50.665001
481.625000 67.178841 0.226000 50.775002
482.125000 67.388588 0.226000 50.869999
483.000000 67.597885 0.226000 50.980000
483.250000 67.803307 0.277000 51.075001
483.625000 67.803307 0.277000 51.165001
483.875000 68.211868 0.277000 51.279999
485.000000 68.211868 0.277000 51.365002
485.375000 68.418221 0.277000 51.474998
485.875000 68.645653 0.277000 51.564999
486.625000 68.854218 0.277000 51.669998
487.500000 69.083282 0.277000 51.775002
488.250000 69.332687 0.277000 51.865002
489.125000 69.542923 0.277000 51.970001
489.750000 69.747131 0.230000 52.075001
491.000000 69.950882 0.230000 52.165001
492.000000 70.158447 0.230000 52.275002
493.125000 70.158447 0.230000 52.365002
494.000000 70.376289 0.230000 52.474998
494.625000 70.615273 0.230000 52.580002
495.625000 70.834984 0.230000 52.669998
496.875000 71.054962 0.230000 52.779999
497.750000 71.264832 0.230000 52.884998
498.875000 71.473198 0.230000 52.974998
499.375000 71.694313 0.254000 53.075001
500.875000 71.899414 0.254000 53.169998
502.750000 71.899414 0.254000 53.275002
505.000000 72.126572 0.254000 53.360001
506.750000 72.363304 0.254000 53.470001
507.125000 72.363304 0.254000 53.580002
509.000000 72.589149 0.254000 53.665001
510.375000 72.792366 0.254000 53.775002
511.375000 72.792366 0.254000 53.865002
512.875000 72.995979 0.254000 53.970001
514.000000 73.222351 0.239000 54.075001
514.250000 73.427086 0.239000 54.160000
516.250000 73.427086 0.239000 54.270000
519.250000 73.631943 0.239000 54.375000
519.750000 73.836456 0.239000 54.480000
520.000000 74.041107 0.239000 54.570000
520.250000 74.041107 0.239000 54.680000
520.250000 74.253357 0.239000 54.770000
520.250000 74.458725 0.239000 54.880001
520.875000 74.664291 0.239000 54.970001
521.125000 74.865875 0.304000 55.080002
521.125000 74.865875 0.304000 55.169998
521.250000 75.071342 0.304000 55.275002
521.375000 75.271996 0.304000 55.369999
521.625000 75.484810 0.304000 55.470001
521.625000 75.484810 0.304000 55.580002
521.625000 75.713547 0.304000 55.665001
521.875000 75.939491 0.304000 55.770000
522.000000 75.939491 0.304000 55.875000
522.250000 76.157646 0.304000 55.980000
522.250000 76.361267 0.263000 56.075001
522.625000 76.564186 0.263000 56.174999
522.625000 76.564186 0.263000 56.259998
522.625000 76.779327 0.263000 56.375000
522.625000 76.994507 0.263000 56.480000
522.750000 76.994507 0.263000 56.575001
522.750000 77.203094 0.263000 56.680000
523.000000 77.436531 0.263000 56.770000
523.125000 77.436531 0.263000 56.880001
523.125000 77.662415 0.263000 56.965000
523.125000 77.890968 0.260000 57.075001
523.125000 77.890968 0.260000 57.165001
523.125000 78.097290 0.260000 57.279999
523.250000 78.317566 0.260000 57.365002
523.250000 78.317566 0.260000 57.474998
523.375000 78.544250 0.260000 57.564999
523.375000 78.762787 0.260000 57.669998
523.500000 78.762787 0.260000 57.775002
523.625000 78.974342 0.260000 57.880001
523.625000 79.200027 0.203000 57.970001
523.750000 79.200027 0.203000 58.080002
523.875000 79.421120 0.203000 58.165001
524.000000 79.650307 0.203000 58.275002
524.125000 79.650307 0.203000 58.365002
524.250000 79.855621 0.203000 58.474998
524.375000 80.081825 0.203000 58.584999
524.375000 80.286972 0.203000 58.680000
524.500000 80.286972 0.203000 58.764999
524.500000 80.507263 0.203000 58.884998
524.625000 80.712654 0.203000 58.965000
524.625000 80.712654 0.230000 59.080002
524.750000 80.933289 0.230000 59.160000
524.750000 81.137512 0.230000 59.279999
524.750000 81.137512 0.230000 59.360001
524.750000 81.339798 0.230000 59.474998
524.875000 81.545013 0.230000 59.564999
524.875000 81.748833 0.230000 59.680000
525.000000 81.748833 0.230000 59.764999
525.000000 81.748833 0.230000 59.880001
525.000000 81.950348 0.230000 59.965000
525.000000 81.950348 0.226000 60.070000
525.000000 81.950348 0.226000 60.185001
525.000000 81.950348 0.226000 60.279999
525.000000 81.950348 0.226000 60.369999
525.000000 81.950348 0.226000 60.480000
525.000000 81.950348 0.226000 60.575001
525.000000 81.950348 0.226000 60.685001
525.125000 81.950348 0.226000 60.779999
525.125000 81.950348 0.226000 60.869999
525.125000 82.150528 0.219000 60.980000
525.125000 82.150528 0.219000 61.070000
525.125000 82.150528 0.219000 61.180000
525.125000 82.150528 0.219000 61.270000
525.125000 82.150528 0.219000 61.380001
525.125000 82.150528 0.219000 61.465000
525.125000 82.150528 0.219000 61.575001
525.125000 82.150528 0.219000 61.665001
525.125000 82.150528 0.219000 61.779999
525.125000 82.150528 0.219000 61.875000
525.125000 82.150528 0.212000 61.965000
525.125000 82.150528 0.212000 62.070000
525.125000 82.150528 0.212000 62.174999
525.125000 82.150528 0.212000 62.264999
525.125000 82.150528 0.212000 62.380001
525.125000 82.150528 0.212000 62.474998
525.125000 82.150528 0.212000 62.560001
525.125000 82.150528 0.212000 62.680000
525.125000 82.150528 0.212000 62.759998
525.125000 82.150528 0.212000 62.875000
525.125000 82.150528 0.205000 62.974998
525.125000 82.150528 0.205000 63.075001
525.125000 82.150528 0.205000 63.165001
525.125000 82.150528 0.205000 63.275002
525.125000 82.150528 0.205000 63.375000
525.125000 82.150528 0.205000 63.465000
525.125000 82.150528 0.205000 63.570000
525.125000 82.150528 0.205000 63.680000
525.125000 82.150528 0.205000 63.764999
525.125000 82.150528 0.205000 63.849998
525.125000 82.150528 0.210000 63.970001
525.125000 82.150528 0.210000 64.080002
525.125000 82.150528 0.210000 64.169998
525.125000 82.364197 0.210000 64.279999
525.250000 82.364197 0.210000 64.364998
525.250000 82.566162 0.210000 64.474998
525.375000 82.780891 0.210000 64.574997
525.375000 82.985344 0.210000 64.660004
525.375000 83.187309 0.210000 64.779999
525.500000 83.392731 0.210000 64.870003
525.500000 83.600922 0.210000 64.974998
525.500000 83.827332 0.215000 65.065002
525.750000 84.033333 0.215000 65.175003
525.750000 84.033333 0.215000 65.260002
525.750000 84.239670 0.215000 65.370003
525.750000 84.239670 0.215000 65.480003
525.875000 84.449799 0.215000 65.570000
526.000000 84.449799 0.215000 65.680000
526.125000 84.449799 0.215000 65.760002
526.125000 84.449799 0.215000 65.875000
526.125000 84.449799 0.178000 65.974998
526.125000 84.449799 0.178000 66.070000
526.125000 84.650543 0.178000 66.175003
526.125000 84.650543 0.178000 66.264999
526.125000 84.650543 0.178000 66.375000
526.125000 84.650543 0.178000 66.464996
526.125000 84.650543 0.178000 66.574997
526.125000 84.650543 0.178000 66.680000
526.125000 84.650543 0.178000 66.769997
526.125000 84.650543 0.178000 66.879997
526.125000 84.650543 0.175000 66.964996
526.125000 84.650543 0.175000 67.080002
526.125000 84.650543 0.175000 67.169998
526.125000 84.650543 0.175000 67.279999
526.125000 84.650543 0.175000 67.375000
526.125000 84.650543 0.175000 67.464996
526.125000 84.650543 0.175000 67.580002
526.125000 84.650543 0.175000 67.675003
526.125000 84.650543 0.175000 67.779999
526.125000 84.650543 0.175000 67.879997
526.125000 84.650543 0.174000 67.964996
526.125000 84.650543 0.174000 68.074997
526.125000 84.650543 0.174000 68.165001
526.125000 84.650543 0.174000 68.275002
526.125000 84.650543 0.174000 68.360001
526.125000 84.650543 0.174000 68.474998
526.125000 84.650543 0.174000 68.559998
526.125000 84.650543 0.174000 68.675003
526.125000 84.650543 0.174000 68.760002
526.125000 84.650543 0.174000 68.870003
526.125000 84.650543 0.182000 68.974998
526.125000 84.650543 0.182000 69.070000
526.125000 84.650543 0.182000 69.180000
526.125000 84.650543 0.182000 69.275002
526.125000 84.650543 0.182000 69.370003
526.125000 84.858261 0.182000 69.474998
526.250000 84.858261 0.182000 69.565002
526.250000 85.062859 0.182000 69.680000
526.500000 85.266861 0.182000 69.764999
526.750000 85.266861 0.182000 69.875000
526.875000 85.471786 0.179000 69.970001
527.000000 85.692635 0.179000 70.080002
527.000000 85.692635 0.179000 70.165001
527.125000 85.916473 0.179000 70.269997
527.125000 85.916473 0.179000 70.375000
527.125000 86.138802 0.179000 70.464996
527.125000 86.138802 0.179000 70.574997
527.125000 86.138802 0.179000 70.665001
527.125000 86.340668 0.179000 70.779999
527.250000 86.340668 0.179000 70.864998
527.250000 86.340668 0.200000 70.974998
527.250000 86.340668 0.200000 71.084999
527.250000 86.340668 0.200000 71.169998
527.250000 86.340668 0.200000 71.275002
527.250000 86.340668 0.200000 71.364998
527.250000 86.340668 0.200000 71.474998
527.250000 86.340668 0.200000 71.570000
527.250000 86.340668 0.200000 71.669998
527.250000 86.340668 0.200000 71.779999
527.250000 86.340668 0.200000 71.870003
527.250000 86.340668 0.183000 71.980003
527.250000 86.340668 0.183000 72.074997
527.250000 86.340668 0.183000 72.154999
527.250000 86.540680 0.183000 72.269997
527.250000 86.540680 0.183000 72.375000
527.250000 86.540680 0.183000 72.464996
527.250000 86.540680 0.183000 72.580002
527.250000 86.540680 0.183000 72.665001
527.250000 86.540680 0.183000 72.779999
527.250000 86.540680 0.183000 72.860001
527.250000 86.745720 0.185000 72.985001
527.250000 86.745720 0.185000 73.070000
527.250000 86.970123 0.185000 73.175003
527.250000 86.970123 0.185000 73.279999
527.250000 87.172226 0.185000 73.364998
527.250000 87.389336 0.185000 73.470001
527.250000 87.389336 0.185000 73.580002
527.375000 87.619553 0.185000 73.669998
527.500000 87.821251 0.185000 73.775002
527.500000 87.821251 0.185000 73.870003
527.625000 88.023674 0.164000 73.980003
527.750000 88.227379 0.164000 74.059998
527.750000 88.446518 0.164000 74.180000
527.750000 88.446518 0.164000 74.264999
527.750000 88.652077 0.164000 74.379997
527.875000 88.859589 0.164000 74.464996
527.875000 89.063942 0.164000 74.574997
528.000000 89.270752 0.164000 74.680000
528.125000 89.470985 0.164000 74.775002
528.125000 89.470985 0.164000 74.860001
528.125000 89.672722 0.190000 74.981003
528.250000 89.672722 0.190000 75.065002
528.250000 89.883347 0.190000 75.175003
528.250000 89.883347 0.190000 75.260002
528.250000 89.883347 0.190000 75.375000
528.250000 89.883347 0.190000 75.464996
528.250000 90.089111 0.190000 75.570000
528.250000 90.089111 0.190000 75.675003
528.250000 90.089111 0.190000 75.785004
528.250000 90.089111 0.190000 75.870003
528.250000 90.089111 0.183000 75.980003
528.250000 90.089111 0.183000 76.059998
528.250000 90.089111 0.183000 76.175003
528.250000 90.089111 0.183000 76.260002
528.250000 90.089111 0.183000 76.375000
528.250000 90.089111 0.183000 76.459999
528.250000 90.089111 0.183000 76.580002
528.250000 90.089111 0.183000 76.669998
528.250000 90.089111 0.183000 76.775002
528.250000 90.089111 0.183000 76.879997
528.250000 90.089111 0.184000 76.964996
528.250000 90.089111 0.184000 77.070000
528.250000 90.089111 0.184000 77.175003
528.250000 90.089111 0.184000 77.264999
528.250000 90.089111 0.184000 77.370003
528.250000 90.089111 0.184000 77.470001
528.250000 90.089111 0.184000 77.580002
528.250000 90.089111 0.184000 77.669998
528.250000 90.089111 0.184000 77.775002
528.250000 90.089111 0.184000 77.860001
528.250000 90.089111 0.169000 77.974998
528.250000 90.089111 0.169000 78.074997
528.250000 90.089111 0.169000 78.169998
528.250000 90.089111 0.169000 78.279999
528.250000 90.297829 0.169000 78.375000
528.250000 90.297829 0.169000 78.474998
528.250000 90.502563 0.169000 78.570000
528.250000 90.704597 0.169000 78.680000
528.375000 90.704597 0.169000 78.764999
528.375000 90.905441 0.169000 78.879997
528.375000 91.108810 0.154000 78.964996
528.500000 91.313583 0.154000 79.074997
528.500000 91.313583 0.154000 79.165001
528.500000 91.515259 0.154000 79.275002
528.625000 91.721466 0.154000 79.364998
528.625000 91.925087 0.154000 79.474998
528.625000 92.126152 0.154000 79.565002
528.625000 92.126152 0.154000 79.680000
528.625000 92.342545 0.154000 79.769997
528.625000 92.342545 0.154000 79.879997
528.625000 92.342545 0.164000 79.970001
528.625000 92.342545 0.164000 80.070000
528.625000 92.542854 0.164000 80.180000
528.625000 92.542854 0.164000 80.264999
528.625000 92.542854 0.164000 80.370003
528.625000 92.542854 0.164000 80.470001
528.625000 92.542854 0.164000 80.570000
528.625000 92.542854 0.164000 80.675003
528.625000 92.542854 0.164000 80.760002
528.625000 92.542854 0.164000 80.870003
528.625000 92.542854 0.177000 80.970001
528.625000 92.542854 0.177000 81.074997
528.625000 92.542854 0.177000 81.165001
528.625000 92.542854 0.177000 81.279999
528.625000 92.542854 0.177000 81.364998
528.625000 92.542854 0.177000 81.459999
528.625000 92.542854 0.177000 81.580002
528.625000 92.542854 0.177000 81.675003
528.625000 92.542854 0.177000 81.764999
528.625000 92.542854 0.177000 81.875000
528.625000 92.542854 0.158000 81.959999
528.625000 92.542854 0.158000 82.070000
528.625000 92.542854 0.158000 82.180000
528.625000 92.542854 0.158000 82.264999
528.625000 92.542854 0.158000 82.375000
528.625000 92.542854 0.158000 82.459999
528.625000 92.542854 0.158000 82.570000
528.625000 92.542854 0.158000 82.680000
528.625000 92.542854 0.158000 82.764999
528.625000 92.542854 0.158000 82.870003
528.625000 92.542854 0.159000 82.974998
528.625000 92.542854 0.159000 83.084999
528.625000 92.542854 0.159000 83.180000
528.625000 92.542854 0.159000 83.269997
528.625000 92.542854 0.159000 83.375000
528.625000 92.542854 0.159000 83.464996
528.625000 92.542854 0.159000 83.580002
528.625000 92.542854 0.159000 83.675003
528.625000 92.743629 0.159000 83.785004
528.750000 92.743629 0.159000 83.870003
528.875000 92.948814 0.181000 83.980003
528.875000 93.180565 0.181000 84.074997
528.875000 93.180565 0.181000 84.160004
528.875000 93.404724 0.181000 84.275002
528.875000 93.609718 0.181000 84.379997
528.875000 93.815170 0.181000 84.485001
529.000000 93.815170 0.181000 84.574997
529.000000 94.015442 0.181000 84.680000
529.000000 94.217239 0.181000 84.769997
529.125000 94.420959 0.181000 84.875000
529.500000 94.625481 0.168000 84.974998
529.625000 94.826088 0.168000 85.074997
529.875000 94.826088 0.168000 85.180000
530.125000 95.032280 0.168000 85.264999
530.375000 95.032280 0.168000 85.375000
530.625000 95.032280 0.168000 85.480003
530.625000 95.233597 0.168000 85.565002
530.625000 95.233597 0.168000 85.680000
530.625000 95.233597 0.168000 85.764999
530.750000 95.233597 0.168000 85.879997
530.750000 95.233597 0.180000 85.980003
530.750000 95.233597 0.180000 86.080002
530.750000 95.233597 0.180000 86.165001
531.000000 95.233597 0.180000 86.275002
531.625000 95.233597 0.180000 86.375000
531.875000 95.433800 0.180000 86.464996
532.000000 95.433800 0.180000 86.580002
532.250000 95.433800 0.180000 86.665001
532.375000 95.433800 0.180000 86.775002
532.375000 95.433800 0.180000 86.864998
532.375000 95.433800 0.146000 86.974998
532.375000 95.433800 0.146000 87.059998
532.375000 95.433800 0.146000 87.175003
532.375000 95.433800 0.146000 87.275002
532.500000 95.433800 0.146000 87.375000
532.500000 95.433800 0.146000 87.470001
532.500000 95.433800 0.146000 87.580002
532.500000 95.433800 0.146000 87.665001
532.500000 95.433800 0.146000 87.775002
532.500000 95.433800 0.146000 87.870003
532.625000 95.433800 0.144000 87.974998
532.625000 95.433800 0.144000 88.074997
532.625000 95.433800 0.144000 88.165001
532.625000 95.433800 0.144000 88.279999
532.625000 95.433800 0.144000 88.364998
532.625000 95.433800 0.144000 88.470001
532.625000 95.433800 0.144000 88.580002
532.625000 95.433800 0.144000 88.665001
532.625000 95.433800 0.144000 88.775002
532.625000 95.433800 0.144000 88.864998
532.625000 95.433800 0.143000 88.970001
532.625000 95.433800 0.143000 89.074997
532.750000 95.433800 0.143000 89.165001
532.750000 95.433800 0.143000 89.269997
532.750000 95.433800 0.143000 89.375000
532.750000 95.433800 0.143000 89.470001
532.750000 95.433800 0.143000 89.565002
532.750000 95.433800 0.143000 89.665001
532.750000 95.433800 0.143000 89.764999
532.875000 95.433800 0.143000 89.879997
533.000000 95.433800 0.151000 89.970001
533.000000 95.433800 0.151000 90.074997
533.000000 95.433800 0.151000 90.160004
533.000000 95.433800 0.151000 90.269997
533.000000 95.433800 0.151000 90.379997
533.125000 95.433800 0.151000 90.470001
533.125000 95.433800 0.151000 90.574997
533.125000 95.433800 0.151000 90.680000
533.125000 95.433800 0.151000 90.769997
533.125000 95.433800 0.151000 90.879997
533.125000 95.433800 0.134000 90.964996
533.125000 95.433800 0.134000 91.074997
533.125000 95.433800 0.134000 91.165001
533.125000 95.433800 0.134000 91.275002
533.125000 95.433800 0.134000 91.364998
533.125000 95.433800 0.134000 91.480003
533.125000 95.433800 0.134000 91.565002
533.125000 95.433800 0.134000 91.680000
533.125000 95.433800 0.134000 91.764999
533.375000 95.433800 0.134000 91.870003
533.375000 95.433800 0.146000 91.980003
533.375000 95.433800 0.146000 92.070000
533.500000 95.433800 0.146000 92.175003
533.625000 95.433800 0.146000 92.264999
533.750000 95.433800 0.146000 92.385002
533.750000 95.433800 0.146000 92.474998
534.000000 95.433800 0.146000 92.565002
534.000000 95.433800 0.146000 92.675003
534.000000 95.433800 0.146000 92.764999
534.375000 95.433800 0.146000 92.870003
534.375000 95.433800 0.164000 92.974998
534.375000 95.433800 0.164000 93.080002
534.375000 95.433800 0.164000 93.169998
534.625000 95.433800 0.164000 93.275002
534.625000 95.433800 0.164000 93.364998
534.625000 95.433800 0.164000 93.480003
534.750000 95.433800 0.164000 93.565002
534.750000 95.433800 0.164000 93.684998
534.750000 95.433800 0.164000 93.779999
534.750000 95.433800 0.164000 93.870003
534.750000 95.433800 0.138000 93.970001
534.750000 95.433800 0.138000 94.080002
534.750000 95.433800 0.138000 94.165001
534.750000 95.433800 0.138000 94.269997
534.750000 95.433800 0.138000 94.375000
534.750000 95.433800 0.138000 94.464996
534.750000 95.433800 0.138000 94.574997
534.750000 95.433800 0.138000 94.675003
534.750000 95.433800 0.138000 94.764999
534.750000 95.433800 0.138000 94.875000
534.750000 95.433800 0.141000 94.974998
534.750000 95.433800 0.141000 95.065002
534.875000 95.433800 0.141000 95.185997
534.875000 95.433800 0.141000 95.264999
534.875000 95.433800 0.141000 95.379997
534.875000 95.433800 0.141000 95.474998
534.875000 95.433800 0.141000 95.565002
534.875000 95.433800 0.141000 95.680000
534.875000 95.433800 0.141000 95.769997
534.875000 95.433800 0.141000 95.870003
534.875000 95.433800 0.133000 95.980003
534.875000 95.433800 0.133000 96.065002
534.875000 95.433800 0.133000 96.180000
534.875000 95.433800 0.133000 96.264999
534.875000 95.433800 0.133000 96.370003
534.875000 95.433800 0.133000 96.474998
534.875000 95.433800 0.133000 96.565002
534.875000 95.433800 0.133000 96.669998
535.000000 95.433800 0.133000 96.775002
535.000000 95.433800 0.133000 96.879997
535.000000 95.433800 0.139000 96.974998
535.250000 95.433800 0.139000 97.070000
535.250000 95.433800 0.139000 97.169998
535.250000 95.433800 0.139000 97.279999
535.250000 95.433800 0.139000 97.375000
535.250000 95.433800 0.139000 97.474998
535.375000 95.433800 0.139000 97.570000
535.375000 95.433800 0.139000 97.680000
535.375000 95.433800 0.139000 97.760002
535.500000 95.433800 0.139000 97.870003
535.500000 95.433800 0.136000 97.980003
535.500000 95.433800 0.136000 98.065002
535.500000 95.433800 0.136000 98.175003
535.500000 95.433800 0.136000 98.264999
535.500000 95.433800 0.136000 98.375000
535.625000 95.433800 0.136000 98.480003
535.625000 95.433800 0.136000 98.570000
535.625000 95.433800 0.136000 98.680000
535.625000 95.433800 0.136000 98.769997
535.625000 95.433800 0.136000 98.875000
535.625000 95.433800 0.134000 98.980003
535.625000 95.433800 0.134000 99.070000
535.625000 95.433800 0.134000 99.180000
535.625000 95.433800 0.134000 99.269997
535.625000 95.433800 0.134000 99.379997
535.625000 95.433800 0.134000 99.464996
535.625000 95.433800 0.134000 99.570000
535.625000 95.433800 0.134000 99.675003
535.750000 95.433800 0.134000 99.764999
535.750000 95.433800 0.134000 99.870003
535.750000 95.433800 0.143000 99.974998
535.750000 95.637756 0.143000 100.059998
535.750000 95.637756 0.143000 100.175003
535.750000 95.838760 0.143000 100.269997
535.750000 96.042107 0.143000 100.370003
535.875000 96.042107 0.143000 100.480003
536.125000 96.266556 0.143000 100.565002
536.125000 96.472473 0.143000 100.680000
536.125000 96.472473 0.143000 100.760002
536.250000 96.672729 0.143000 100.875000
536.250000 96.878761 0.152000 100.964996
536.375000 97.104851 0.152000 101.070000
536.500000 97.104851 0.152000 101.175003
536.500000 97.318550 0.152000 101.260002
536.500000 97.554115 0.152000 101.375000
536.625000 97.554115 0.152000 101.464996
536.625000 97.754128 0.152000 101.574997
536.750000 97.977776 0.152000 101.660004
536.875000 97.977776 0.152000 101.769997
537.000000 98.195297 0.152000 101.879997
537.000000 98.399406 0.176000 101.964996
537.000000 98.604301 0.176000 102.080002
537.125000 98.604301 0.176000 102.175003
537.250000 98.814926 0.176000 102.279999
537.250000 99.038414 0.176000 102.379997
537.250000 99.038414 0.176000 102.474998
537.250000 99.260406 0.176000 102.559998
537.375000 99.466423 0.176000 102.680000
537.375000 99.466423 0.176000 102.764999
537.500000 99.671829 0.176000 102.879997
537.625000 99.878784 0.205000 102.970001
537.750000 100.087097 0.205000 103.074997
537.750000 100.087097 0.205000 103.175003
537.750000 100.311775 0.205000 103.264999
537.875000 100.537560 0.205000 103.379997
537.875000 100.537560 0.205000 103.464996
537.875000 100.741753 0.205000 103.570000
537.875000 100.946373 0.205000 103.680000
538.375000 101.151779 0.205000 103.764999
538.375000 101.352783 0.205000 103.879997
538.375000 101.352783 0.211000 103.964996
538.500000 101.559044 0.211000 104.070000
538.875000 101.761314 0.211000 104.169998
539.000000 101.986267 0.211000 104.264999
539.375000 102.203102 0.211000 104.370003
539.375000 102.430809 0.211000 104.480003
540.000000 102.669441 0.211000 104.565002
540.125000 102.888718 0.211000 104.675003
540.375000 103.098236 0.211000 104.779999
540.625000 103.307892 0.211000 104.864998
540.750000 103.516426 0.211000 104.980003
540.875000 103.516426 0.221000 105.070000
541.000000 103.925690 0.221000 105.180000
541.500000 103.925690 0.221000 105.269997
542.125000 104.132530 0.221000 105.375000
542.250000 104.360664 0.221000 105.470001
542.500000 104.589737 0.221000 105.580002
542.500000 104.799339 0.221000 105.685997
542.750000 105.009140 0.221000 105.769997
542.875000 105.219032 0.221000 105.870003
543.000000 105.428070 0.221000 105.980003
543.125000 105.661407 0.237000 106.074997
543.750000 105.865189 0.237000 106.165001
544.250000 106.070450 0.237000 106.269997
544.250000 106.276978 0.237000 106.379997
544.250000 106.484886 0.237000 106.474998
544.375000 106.484886 0.237000 106.570000
544.375000 106.693726 0.237000 106.675003
544.625000 106.923042 0.237000 106.760002
544.625000 107.152664 0.237000 106.870003
545.250000 107.391830 0.237000 106.974998
545.500000 107.625916 0.216000 107.070000
545.500000 107.833473 0.216000 107.180000
546.000000 108.042656 0.216000 107.275002
546.625000 108.242966 0.216000 107.360001
547.125000 108.444153 0.216000 107.470001
547.250000 108.646027 0.216000 107.580002
547.375000 108.855408 0.216000 107.665001
548.125000 109.064552 0.216000 107.775002
548.500000 109.273911 0.216000 107.875000
548.500000 109.273911 0.216000 107.959999
548.625000 109.483543 0.251000 108.070000
548.625000 109.684349 0.251000 108.180000
548.875000 109.933151 0.251000 108.269997
549.375000 110.160942 0.251000 108.379997
549.500000 110.407562 0.251000 108.464996
550.000000 110.614082 0.251000 108.570000
550.000000 110.820244 0.251000 108.680000
550.125000 111.027000 0.251000 108.764999
550.250000 111.235123 0.251000 108.870003
550.500000 111.444405 0.251000 108.985001
550.625000 111.444405 0.249000 109.065002
550.875000 111.651398 0.249000 109.180000
550.875000 111.870209 0.249000 109.264999
551.125000 112.072563 0.249000 109.370003
551.375000 112.072563 0.249000 109.474998
551.375000 112.072563 0.249000 109.565002
551.375000 112.279266 0.249000 109.669998
551.375000 112.279266 0.249000 109.775002
551.375000 112.279266 0.249000 109.879997
551.375000 112.279266 0.226000 109.980003
551.375000 112.279266 0.226000 110.065002
551.375000 112.279266 0.226000 110.169998
551.375000 112.479477 0.226000 110.279999
551.375000 112.479477 0.226000 110.370003
551.500000 112.479477 0.226000 110.474998
551.500000 112.479477 0.226000 110.580002
551.500000 112.479477 0.226000 110.665001
551.500000 112.479477 0.226000 110.775002
551.500000 112.479477 0.226000 110.864998
551.500000 112.479477 0.226000 110.980003
551.500000 112.479477 0.233000 111.074997
551.500000 112.479477 0.233000 111.175003
551.500000 112.479477 0.233000 111.264999
551.500000 112.479477 0.233000 111.375000
551.500000 112.479477 0.233000 111.464996
551.500000 112.680740 0.233000 111.570000
551.875000 112.680740 0.233000 111.680000
551.875000 112.906166 0.233000 111.769997
552.000000 113.112213 0.233000 111.875000
552.000000 113.112213 0.215000 111.970001
552.000000 113.314407 0.215000 112.074997
552.000000 113.314407 0.215000 112.165001
552.125000 113.314407 0.215000 112.275002
552.125000 113.314407 0.215000 112.364998
552.125000 113.314407 0.215000 112.480003
552.125000 113.314407 0.215000 112.565002
552.125000 113.514626 0.215000 112.680000
552.125000 113.514626 0.215000 112.764999
552.125000 113.514626 0.215000 112.879997
552.125000 113.514626 0.199000 112.964996
552.125000 113.514626 0.199000 113.070000
552.125000 113.514626 0.199000 113.180000
552.125000 113.514626 0.199000 113.264999
552.125000 113.514626 0.199000 113.370003
552.125000 113.514626 0.199000 113.480003
552.125000 113.514626 0.199000 113.565002
552.125000 113.514626 0.199000 113.680000
552.125000 113.514626 0.199000 113.769997
552.125000 113.514626 0.199000 113.885002
552.125000 113.514626 0.193000 113.974998
552.125000 113.514626 0.193000 114.065002
552.125000 113.514626 0.193000 114.180000
552.250000 113.514626 0.193000 114.264999
552.250000 113.514626 0.193000 114.375000
552.250000 113.514626 0.193000 114.485001
552.250000 113.514626 0.193000 114.570000
552.250000 113.514626 0.193000 114.675003
552.250000 113.514626 0.193000 114.760002
552.250000 113.514626 0.193000 114.879997
552.250000 113.514626 0.176000 114.970001
552.250000 113.514626 0.176000 115.080002
552.250000 113.724678 0.176000 115.165001
552.375000 113.925301 0.176000 115.275002
552.500000 113.925301 0.176000 115.375000
552.500000 114.126297 0.176000 115.480003
552.625000 114.126297 0.176000 115.574997
552.625000 114.329056 0.176000 115.675003
552.625000 114.329056 0.176000 115.769997
552.625000 114.532906 0.176000 115.879997
552.625000 114.532906 0.194000 115.964996
552.625000 114.532906 0.194000 116.074997
552.625000 114.734818 0.194000 116.160004
552.625000 114.734818 0.194000 116.275002
552.625000 114.936577 0.194000 116.364998
552.625000 115.139648 0.194000 116.474998
552.625000 115.139648 0.194000 116.565002
552.625000 115.345245 0.194000 116.675003
552.750000 115.345245 0.194000 116.764999
552.875000 115.549759 0.194000 116.879997
552.875000 115.770721 0.194000 116.964996
552.875000 115.770721 0.226000 117.074997
553.000000 115.972435 0.226000 117.165001
553.125000 116.184700 0.226000 117.275002
553.500000 116.184700 0.226000 117.364998
553.500000 116.412155 0.226000 117.474998
553.500000 116.615051 0.226000 117.565002
553.625000 116.615051 0.226000 117.675003
553.750000 116.824089 0.226000 117.779999
553.875000 117.056282 0.226000 117.870003
554.000000 117.056282 0.226000 117.980003
554.000000 117.281708 0.226000 118.059998
554.000000 117.484444 0.226000 118.180000
554.000000 117.484444 0.226000 118.264999
554.125000 117.695473 0.226000 118.375000
554.125000 117.900322 0.226000 118.464996
554.125000 118.118523 0.226000 118.574997
554.125000 118.118523 0.226000 118.660004
554.125000 118.326752 0.226000 118.769997
554.125000 118.326752 0.226000 118.875000
554.125000 118.527740 0.226000 118.980003
554.250000 118.527740 0.293000 119.065002
554.250000 118.527740 0.293000 119.176003
554.250000 118.527740 0.293000 119.260002
554.250000 118.729164 0.293000 119.364998
554.250000 118.729164 0.293000 119.480003
554.375000 118.729164 0.293000 119.584999
554.375000 118.729164 0.293000 119.684998
554.500000 118.729164 0.293000 119.764999
554.500000 118.729164 0.293000 119.879997
554.500000 118.729164 0.293000 119.970001
554.500000 118.729164 0.224000 120.074997
554.500000 118.729164 0.224000 120.169998
554.500000 118.729164 0.224000 120.275002
554.500000 118.729164 0.224000 120.375000
554.500000 118.729164 0.224000 120.470001
554.500000 118.729164 0.224000 120.580002
554.500000 118.729164 0.224000 120.669998
554.500000 118.729164 0.224000 120.785004
554.500000 118.933746 0.224000 120.875000
554.625000 118.933746 0.224000 120.985001
554.750000 119.135307 0.224000 121.070000
554.750000 119.339867 0.224000 121.180000
554.875000 119.339867 0.224000 121.275002
554.875000 119.543625 0.224000 121.360001
555.125000 119.770630 0.224000 121.470001
555.125000 119.770630 0.224000 121.574997
555.250000 119.983025 0.224000 121.680000
555.375000 120.218719 0.224000 121.779999
555.375000 120.218719 0.224000 121.864998
555.375000 120.419655 0.206000 121.980003
555.375000 120.621643 0.206000 122.074997
555.500000 120.821686 0.206000 122.180000
555.625000 120.821686 0.206000 122.269997
555.625000 120.821686 0.206000 122.375000
555.625000 121.024536 0.206000 122.459999
555.625000 121.024536 0.206000 122.580002
555.625000 121.024536 0.206000 122.665001
556.000000 121.024536 0.206000 122.769997
556.000000 121.024536 0.206000 122.875000
556.000000 121.227531 0.219000 122.964996
556.000000 121.227531 0.219000 123.080002
556.000000 121.227531 0.219000 123.165001
556.375000 121.227531 0.219000 123.275002
556.500000 121.227531 0.219000 123.364998
556.500000 121.227531 0.219000 123.470001
556.500000 121.227531 0.219000 123.580002
556.500000 121.227531 0.219000 123.680000
556.500000 121.227531 0.219000 123.769997
556.500000 121.227531 0.219000 123.875000
556.500000 121.227531 0.219000 123.970001
556.500000 121.227531 0.223000 124.080002
556.500000 121.227531 0.223000 124.165001
556.500000 121.227531 0.223000 124.275002
556.500000 121.227531 0.223000 124.360001
556.500000 121.227531 0.223000 124.470001
556.500000 121.227531 0.223000 124.580002
556.500000 121.428642 0.223000 124.665001
556.500000 121.428642 0.223000 124.775002
556.500000 121.428642 0.223000 124.864998
556.500000 121.428642 0.217000 124.970001
556.500000 121.428642 0.217000 125.080002
556.500000 121.428642 0.217000 125.169998
556.500000 121.428642 0.217000 125.279999
556.500000 121.428642 0.217000 125.370003
556.625000 121.630478 0.217000 125.474998
556.875000 121.630478 0.217000 125.565002
556.875000 121.832512 0.217000 125.675003
556.875000 122.037697 0.217000 125.769997
557.000000 122.037697 0.217000 125.879997
557.125000 122.241585 0.217000 125.974998
557.125000 122.456322 0.207000 126.070000
557.250000 122.456322 0.207000 126.175003
557.250000 122.672783 0.207000 126.260002
557.375000 122.874252 0.207000 126.375000
557.375000 123.076981 0.207000 126.464996
557.500000 123.076981 0.207000 126.574997
557.625000 123.279633 0.207000 126.675003
557.625000 123.504318 0.207000 126.769997
557.625000 123.504318 0.207000 126.879997
557.750000 123.738022 0.207000 126.970001
557.750000 123.939735 0.204000 127.080002
558.000000 124.146324 0.204000 127.165001
558.125000 124.350235 0.204000 127.269997
558.625000 124.552292 0.204000 127.375000
559.000000 124.552292 0.204000 127.464996
559.750000 124.966370 0.204000 127.580002
560.750000 124.966370 0.204000 127.669998
563.625000 125.175346 0.204000 127.775002
565.375000 125.394531 0.204000 127.879997
567.875000 125.623665 0.185000 127.974998
569.500000 125.832329 0.185000 128.059998
570.875000 126.040443 0.185000 128.169998
572.000000 126.249062 0.185000 128.274994
572.125000 126.478035 0.185000 128.375000
572.625000 126.686790 0.185000 128.464996
573.750000 126.895683 0.185000 128.570007
574.875000 127.105026 0.185000 128.675003
575.875000 127.314598 0.185000 128.764999
576.500000 127.524216 0.185000 128.875000
577.125000 127.730965 0.223000 128.975006
577.750000 127.730965 0.223000 129.074997
578.250000 127.937233 0.223000 129.164993
578.750000 128.152115 0.223000 129.279999
579.500000 128.152115 0.223000 129.365005
580.125000 128.362885 0.223000 129.485001
581.500000 128.362885 0.223000 129.570007
582.750000 128.362885 0.223000 129.679993
583.875000 128.570114 0.223000 129.770004
584.875000 128.570114 0.223000 129.875000
586.000000 128.570114 0.209000 129.964996
586.375000 128.570114 0.209000 130.074997
586.875000 128.570114 0.209000 130.179993
586.875000 128.570114 0.209000 130.264999
587.250000 128.570114 0.209000 130.375000
587.250000 128.570114 0.209000 130.460007
587.375000 128.570114 0.209000 130.570007
587.500000 128.570114 0.209000 130.675003
587.625000 128.570114 0.209000 130.764999
587.625000 128.570114 0.209000 130.869995
587.625000 128.570114 0.209000 130.979996
587.625000 128.570114 0.198000 131.074997
587.625000 128.570114 0.198000 131.164993
587.625000 128.570114 0.198000 131.279999
587.625000 128.570114 0.198000 131.369995
587.625000 128.570114 0.198000 131.470001
587.750000 128.570114 0.198000 131.580002
587.750000 128.570114 0.198000 131.664993
587.750000 128.570114 0.198000 131.779999
587.875000 128.570114 0.198000 131.865005
587.875000 128.570114 0.197000 131.975006
587.875000 128.776474 0.197000 132.065002
587.875000 128.776474 0.197000 132.175003
587.875000 128.979263 0.197000 132.279999
587.875000 129.182816 0.197000 132.375000
587.875000 129.182816 0.197000 132.470001
587.875000 129.386200 0.197000 132.580002
588.000000 129.386200 0.197000 132.684998
588.000000 129.386200 0.197000 132.770004
588.000000 129.604019 0.197000 132.875000
588.000000 129.604019 0.212000 132.960007
588.000000 129.604019 0.212000 133.070007
588.000000 129.804657 0.212000 133.175003
588.125000 129.804657 0.212000 133.279999
588.125000 130.011490 0.212000 133.365005
588.125000 130.011490 0.212000 133.485001
588.125000 130.211594 0.212000 133.580002
588.125000 130.211594 0.212000 133.675003
588.250000 130.416672 0.212000 133.779999
588.250000 130.618393 0.212000 133.875000
588.875000 130.618393 0.212000 133.964996
589.625000 130.822952 0.230000 134.070007
592.625000 130.822952 0.230000 134.169998
593.750000 131.023132 0.230000 134.264999
594.125000 131.224579 0.230000 134.375000
594.125000 131.224579 0.230000 134.479996
594.250000 131.429779 0.230000 134.570007
594.375000 131.631424 0.230000 134.679993
594.500000 131.631424 0.230000 134.774994
594.625000 131.848877 0.230000 134.869995
594.625000 132.066437 0.230000 134.975006
594.875000 132.066437 0.241000 135.074997
595.125000 132.276947 0.241000 135.164993
595.125000 132.503479 0.241000 135.279999
595.375000 132.503479 0.241000 135.375000
595.875000 132.710541 0.241000 135.485001
596.250000 132.934326 0.241000 135.565002
596.250000 132.934326 0.241000 135.675003
596.375000 133.136826 0.241000 135.779999
596.625000 133.340057 0.241000 135.880005
597.250000 133.543777 0.241000 135.970001
597.250000 133.543777 0.277000 136.080002
597.375000 133.770538 0.277000 136.164993
597.500000 134.007263 0.277000 136.274994
598.000000 134.007263 0.277000 136.375000
598.000000 134.215958 0.277000 136.479996
598.125000 134.435532 0.277000 136.565002
598.250000 134.656174 0.277000 136.675003
598.375000 134.862366 0.277000 136.764999
598.375000 135.070999 0.277000 136.880005
598.875000 135.330978 0.277000 136.975006
599.000000 135.531219 0.280000 137.065002
599.125000 135.731796 0.280000 137.175003
599.250000 135.731796 0.280000 137.264999
599.250000 135.937546 0.280000 137.380005
599.250000 136.137756 0.280000 137.470001
599.250000 136.137756 0.280000 137.570007
599.250000 136.137756 0.280000 137.679993
599.250000 136.137756 0.280000 137.770004
599.500000 136.338455 0.280000 137.875000
599.500000 136.338455 0.280000 137.979996
599.500000 136.338455 0.227000 138.065002
599.500000 136.338455 0.227000 138.169998
599.625000 136.338455 0.227000 138.279999
599.625000 136.338455 0.227000 138.365005
599.625000 136.338455 0.227000 138.475006
599.625000 136.338455 0.227000 138.565002
599.625000 136.338455 0.227000 138.675003
599.625000 136.338455 0.227000 138.779999
599.625000 136.338455 0.227000 138.869995
599.625000 136.338455 0.206000 138.979996
599.625000 136.338455 0.206000 139.070007
599.625000 136.338455 0.206000 139.179993
599.625000 136.338455 0.206000 139.264999
599.625000 136.338455 0.206000 139.375000
599.625000 136.338455 0.206000 139.460007
599.625000 136.338455 0.206000 139.580002
599.625000 136.338455 0.206000 139.664993
599.625000 136.338455 0.206000 139.774994
599.625000 136.338455 0.206000 139.865005
599.625000 136.338455 0.209000 139.970001
599.625000 136.338455 0.209000 140.074997
599.625000 136.338455 0.209000 140.175003
599.625000 136.338455 0.209000 140.285004
599.625000 136.556396 0.209000 140.375000
599.625000 136.776993 0.209000 140.464996
599.625000 136.980881 0.209000 140.559998
599.625000 137.182541 0.209000 140.664993
599.750000 137.388245 0.209000 140.770004
599.750000 137.596268 0.209000 140.875000
599.750000 137.805511 0.209000 140.975006
599.750000 137.805511 0.225000 141.059998
599.750000 138.015427 0.225000 141.175003
599.750000 138.215530 0.225000 141.264999
599.750000 138.616287 0.225000 141.380005
599.750000 138.616287 0.225000 141.464996
599.750000 138.817001 0.225000 141.574997
599.875000 139.057907 0.225000 141.664993
599.875000 139.268646 0.225000 141.770004
600.000000 139.469223 0.225000 141.875000
600.125000 139.678619 0.225000 141.985001
600.125000 139.882202 0.273000 142.074997
600.250000 140.123734 0.273000 142.169998
600.250000 140.331268 0.273000 142.279999
600.250000 140.331268 0.273000 142.360001
600.375000 140.537445 0.273000 142.470001
600.625000 140.737808 0.273000 142.574997
600.625000 140.938599 0.273000 142.669998
600.750000 141.144455 0.273000 142.774994
600.750000 141.144455 0.273000 142.875000
600.875000 141.346481 0.273000 142.975006
600.875000 141.551956 0.274000 143.080002
600.875000 141.551956 0.274000 143.164993
600.875000 141.762939 0.274000 143.279999
601.000000 141.762939 0.274000 143.365005
601.000000 141.963348 0.274000 143.475006
601.125000 142.167709 0.274000 143.565002
601.125000 142.374344 0.274000 143.675003
601.125000 142.374344 0.274000 143.774994
601.125000 142.600418 0.274000 143.869995
601.125000 142.827316 0.194000 143.975006
601.125000 142.827316 0.194000 144.065002
601.125000 143.032486 0.194000 144.169998
601.125000 143.238312 0.194000 144.279999
601.125000 143.444901 0.194000 144.380005
601.125000 143.444901 0.194000 144.464996
601.125000 143.650787 0.194000 144.580002
601.125000 143.880234 0.194000 144.664993
601.125000 144.085373 0.194000 144.770004
601.125000 144.085373 0.194000 144.875000
601.250000 144.319962 0.197000 144.964996
601.250000 144.538223 0.197000 145.074997
601.250000 144.741180 0.197000 145.175003
601.375000 144.945724 0.197000 145.274994
601.375000 145.152252 0.197000 145.369995
601.500000 145.360382 0.197000 145.464996
602.000000 145.569077 0.197000 145.565002
607.375000 145.773148 0.197000 145.664993
611.750000 145.978256 0.197000 145.779999
615.625000 145.978256 0.197000 145.865005
618.375000 146.181412 0.219000 145.979996
619.625000 146.382629 0.219000 146.065002
622.000000 146.594482 0.219000 146.179993
623.375000 146.594482 0.219000 146.270004
624.375000 146.794861 0.219000 146.375000
626.375000 147.016129 0.219000 146.460007
627.375000 147.016129 0.219000 146.565002
628.750000 147.217224 0.219000 146.675003
629.125000 147.419281 0.219000 146.774994
629.875000 147.623337 0.219000 146.875000
630.375000 147.623337 0.219000 146.970001
631.125000 147.829681 0.227000 147.080002
631.500000 148.031708 0.227000 147.169998
632.250000 148.031708 0.227000 147.274994
632.500000 148.031708 0.227000 147.360001
633.250000 148.232361 0.227000 147.464996
633.375000 148.232361 0.227000 147.574997
633.500000 148.232361 0.227000 147.675003
633.625000 148.232361 0.227000 147.770004
634.000000 148.232361 0.227000 147.869995
634.000000 148.232361 0.227000 147.975006
634.375000 148.232361 0.217000 148.074997
634.500000 148.232361 0.217000 148.164993
634.500000 148.232361 0.217000 148.270004
634.500000 148.232361 0.217000 148.380005
634.500000 148.232361 0.217000 148.475006
634.750000 148.232361 0.217000 148.559998
634.750000 148.232361 0.217000 148.675003
634.750000 148.232361 0.217000 148.770004
634.750000 148.232361 0.217000 148.880005
634.875000 148.232361 0.211000 148.964996
635.000000 148.232361 0.211000 149.070007
635.250000 148.435760 0.211000 149.175003
635.500000 148.638046 0.211000 149.274994
635.875000 148.638046 0.211000 149.380005
636.250000 148.850952 0.211000 149.475006
636.875000 149.056946 0.211000 149.580002
637.250000 149.056946 0.211000 149.675003
637.250000 149.282120 0.211000 149.770004
637.375000 149.508209 0.211000 149.869995
637.375000 149.508209 0.211000 149.970001
637.500000 149.709320 0.221000 150.074997
637.500000 149.932678 0.221000 150.164993
637.500000 149.932678 0.221000 150.274994
638.875000 150.156311 0.221000 150.375000
644.625000 150.156311 0.221000 150.470001
648.500000 150.357437 0.221000 150.574997
650.250000 150.357437 0.221000 150.664993
653.625000 150.357437 0.221000 150.779999
656.500000 150.560410 0.221000 150.865005
659.625000 150.560410 0.220000 150.979996
661.875000 150.560410 0.220000 151.070007
663.875000 150.560410 0.220000 151.175003
665.000000 150.560410 0.220000 151.274994
666.375000 150.761337 0.220000 151.375000
667.000000 150.761337 0.220000 151.464996
668.250000 150.761337 0.220000 151.574997
668.375000 150.761337 0.220000 151.684998
668.500000 150.761337 0.220000 151.770004
669.000000 150.761337 0.220000 151.875000
669.125000 150.761337 0.220000 151.964996
669.125000 150.761337 0.228000 152.070007
669.375000 150.761337 0.228000 152.175003
669.375000 150.761337 0.228000 152.259995
669.750000 150.761337 0.228000 152.369995
669.875000 150.761337 0.228000 152.470001
670.000000 150.761337 0.228000 152.574997
670.125000 150.761337 0.228000 152.664993
670.125000 150.761337 0.228000 152.779999
670.125000 150.761337 0.228000 152.869995
670.125000 150.761337 0.228000 152.975006
670.125000 150.761337 0.233000 153.065002
670.125000 150.761337 0.233000 153.175003
670.125000 150.761337 0.233000 153.264999
670.125000 150.761337 0.233000 153.369995
670.125000 150.761337 0.233000 153.475006
670.250000 150.761337 0.233000 153.554993
670.625000 150.761337 0.233000 153.675003
671.250000 150.761337 0.233000 153.764999
671.500000 150.761337 0.233000 153.875000
671.875000 150.761337 0.233000 153.979996
672.750000 150.964645 0.235000 154.070007
673.375000 150.964645 0.235000 154.175003
673.500000 151.169739 0.235000 154.274994
673.500000 151.372055 0.235000 154.365005
673.625000 151.579315 0.235000 154.470001
673.750000 151.782669 0.235000 154.574997
673.750000 151.987259 0.235000 154.679993
674.000000 152.193008 0.235000 154.764999
674.125000 152.193008 0.235000 154.875000
674.250000 152.394577 0.206000 154.964996
674.375000 152.394577 0.206000 155.080002
674.375000 152.595047 0.206000 155.160004
674.500000 152.595047 0.206000 155.274994
674.500000 152.595047 0.206000 155.365005
674.625000 152.595047 0.206000 155.475006
674.625000 152.595047 0.206000 155.580002
674.625000 152.796066 0.206000 155.669998
674.750000 152.796066 0.206000 155.779999
674.750000 152.796066 0.206000 155.875000
674.750000 152.796066 0.212000 155.979996
674.750000 152.796066 0.212000 156.080002
674.750000 152.796066 0.212000 156.179993
674.750000 152.796066 0.212000 156.264999
674.750000 152.796066 0.212000 156.380005
674.750000 152.796066 0.212000 156.475006
674.750000 152.796066 0.212000 156.580002
674.750000 152.796066 0.212000 156.679993
674.750000 152.796066 0.212000 156.764999
674.875000 152.796066 0.212000 156.869995
674.875000 152.796066 0.212000 156.975006
674.875000 152.796066 0.196000 157.059998
674.875000 152.796066 0.196000 157.169998
674.875000 152.796066 0.196000 157.279999
674.875000 152.996323 0.196000 157.369995
674.875000 152.996323 0.196000 157.470001
674.875000 153.214233 0.196000 157.574997
674.875000 153.414398 0.196000 157.660004
674.875000 153.414398 0.196000 157.764999
675.000000 153.648529 0.196000 157.875000
675.000000 153.855530 0.202000 157.975006
675.000000 153.855530 0.202000 158.074997
675.000000 154.056824 0.202000 158.160004
675.125000 154.282104 0.202000 158.279999
675.125000 154.485962 0.202000 158.380005
675.250000 154.485962 0.202000 158.470001
675.250000 154.696930 0.202000 158.580002
675.250000 154.900345 0.202000 158.664993
675.250000 154.900345 0.202000 158.779999
675.250000 155.119980 0.202000 158.869995
675.375000 155.324677 0.214000 158.975006
675.625000 155.324677 0.214000 159.065002
675.875000 155.537201 0.214000 159.179993
676.000000 155.741928 0.214000 159.264999
676.000000 155.961288 0.214000 159.375000
676.250000 155.961288 0.214000 159.479996
676.250000 156.188705 0.214000 159.574997
676.250000 156.408554 0.214000 159.660004
676.375000 156.615723 0.214000 159.770004
676.375000 156.824631 0.214000 159.880005
676.500000 157.029251 0.214000 159.975006
676.500000 157.236511 0.230000 160.074997
676.500000 157.236511 0.230000 160.164993
676.750000 157.445190 0.230000 160.279999
676.750000 157.694519 0.230000 160.375000
676.875000 157.904266 0.230000 160.460007
677.000000 158.114136 0.230000 160.570007
677.000000 158.324097 0.230000 160.675003
677.125000 158.574066 0.230000 160.764999
677.125000 158.793976 0.230000 160.880005
677.125000 159.001236 0.217000 160.964996
677.250000 159.202103 0.217000 161.074997
677.375000 159.403519 0.217000 161.169998
677.500000 159.403519 0.217000 161.270004
677.500000 159.814835 0.217000 161.380005
677.875000 159.814835 0.217000 161.460007
678.250000 160.022369 0.217000 161.580002
678.500000 160.260742 0.217000 161.675003
678.750000 160.469986 0.217000 161.779999
678.875000 160.679520 0.217000 161.865005
678.875000 160.888794 0.217000 161.970001
679.000000 161.093842 0.226000 162.076004
679.500000 161.336288 0.226000 162.169998
679.750000 161.538925 0.226000 162.270004
680.625000 161.746826 0.226000 162.380005
680.750000 161.746826 0.226000 162.485001
681.250000 161.982101 0.226000 162.580002
682.125000 162.187042 0.226000 162.660004
682.125000 162.387192 0.226000 162.770004
682.125000 162.387192 0.226000 162.875000
682.625000 162.593399 0.226000 162.979996
684.875000 162.806808 0.246000 163.065002
685.750000 162.806808 0.246000 163.169998
687.250000 163.007477 0.246000 163.274994
688.125000 163.210297 0.246000 163.380005
688.375000 163.210297 0.246000 163.464996
689.000000 163.411316 0.246000 163.565002
689.875000 163.411316 0.246000 163.679993
690.125000 163.623611 0.246000 163.774994
690.500000 163.623611 0.246000 163.875000
690.750000 163.827866 0.246000 163.964996
691.125000 163.827866 0.235000 164.074997
691.500000 163.827866 0.235000 164.164993
691.875000 164.028412 0.235000 164.270004
692.000000 164.028412 0.235000 164.380005
692.000000 164.028412 0.235000 164.464996
692.000000 164.028412 0.235000 164.574997
692.375000 164.028412 0.235000 164.664993
692.500000 164.028412 0.235000 164.779999
692.500000 164.028412 0.235000 164.875000
692.750000 164.028412 0.235000 164.979996
692.750000 164.028412 0.256000 165.074997
693.000000 164.028412 0.256000 165.164993
693.000000 164.028412 0.256000 165.279999
693.000000 164.228577 0.256000 165.369995
693.000000 164.228577 0.256000 165.470001
693.000000 164.228577 0.256000 165.574997
693.000000 164.228577 0.256000 165.664993
693.125000 164.228577 0.256000 165.774994
693.125000 164.429504 0.256000 165.880005
693.125000 164.429504 0.256000 165.964996
693.250000 164.630768 0.239000 166.074997
693.375000 164.837311 0.239000 166.179993
693.375000 164.837311 0.239000 166.264999
693.875000 165.052048 0.239000 166.375000
693.875000 165.254684 0.239000 166.470001
694.000000 165.456741 0.239000 166.580002
694.000000 165.456741 0.239000 166.669998
694.000000 165.663177 0.239000 166.774994
694.625000 165.865753 0.239000 166.880005
694.750000 166.066360 0.239000 166.970001
695.000000 166.271439 0.299000 167.070007
696.250000 166.478912 0.299000 167.179993
697.750000 166.717484 0.299000 167.264999
699.625000 166.926865 0.299000 167.369995
701.375000 167.136551 0.299000 167.479996
703.250000 167.346375 0.299000 167.565002
706.000000 167.556229 0.299000 167.675003
708.000000 167.766083 0.299000 167.774994
710.625000 167.975830 0.299000 167.875000
713.250000 168.182419 0.299000 167.979996
715.375000 168.182419 0.220000 168.070007
716.000000 168.384323 0.220000 168.169998
716.625000 168.587891 0.220000 168.279999
718.000000 168.813721 0.220000 168.375000
718.250000 169.021667 0.220000 168.479996
719.000000 169.230560 0.220000 168.574997
719.250000 169.440323 0.220000 168.664993
719.750000 169.649918 0.220000 168.764999
720.750000 169.859634 0.220000 168.869995
722.125000 170.060974 0.220000 168.975006
722.750000 170.275284 0.197000 169.080002
723.500000 170.488632 0.197000 169.169998
723.625000 170.696411 0.197000 169.274994
723.875000 170.899139 0.197000 169.375000
724.125000 170.899139 0.197000 169.479996
724.500000 171.116058 0.197000 169.574997
725.250000 171.318268 0.197000 169.679993
725.625000 171.318268 0.197000 169.770004
726.500000 171.523270 0.197000 169.875000
727.375000 171.724716 0.204000 169.975006
727.500000 171.939072 0.204000 170.074997
727.750000 171.939072 0.204000 170.175003
728.000000 172.160721 0.204000 170.264999
728.125000 172.382935 0.204000 170.380005
728.250000 172.382935 0.204000 170.475006
728.625000 172.592697 0.204000 170.565002
729.000000 172.796494 0.204000 170.679993
729.375000 173.001022 0.204000 170.764999
729.500000 173.001022 0.204000 170.869995
730.000000 173.236832 0.209000 170.975006
730.250000 173.459091 0.209000 171.074997
731.625000 173.459091 0.209000 171.164993
733.000000 173.876068 0.209000 171.279999
735.875000 173.876068 0.209000 171.375000
739.625000 174.079208 0.209000 171.470001
747.125000 174.284286 0.209000 171.570007
759.000000 174.490219 0.209000 171.675003
763.875000 174.696503 0.209000 171.764999
768.875000 174.912720 0.209000 171.875000
773.500000 175.119156 0.209000 171.975006
777.000000 175.325668 0.243000 172.065002
782.625000 175.529037 0.243000 172.175003
784.500000 175.750671 0.243000 172.274994
786.375000 175.750671 0.243000 172.365005
788.625000 175.951294 0.243000 172.475006
789.875000 175.951294 0.243000 172.565002
790.750000 176.151794 0.243000 172.675003
792.125000 176.151794 0.243000 172.770004
794.000000 176.151794 0.243000 172.869995
795.875000 176.151794 0.243000 172.979996
796.750000 176.151794 0.280000 173.070007
797.375000 176.151794 0.280000 173.179993
798.250000 176.151794 0.280000 173.264999
799.125000 176.151794 0.280000 173.375000
800.250000 176.353363 0.280000 173.460007
801.125000 176.353363 0.280000 173.580002
802.000000 176.353363 0.280000 173.679993
802.625000 176.353363 0.280000 173.764999
803.875000 176.353363 0.280000 173.880005
804.250000 176.353363 0.280000 173.964996
804.500000 176.353363 0.263000 174.074997
804.625000 176.557465 0.263000 174.179993
805.875000 176.557465 0.263000 174.264999
806.500000 176.773773 0.263000 174.369995
807.875000 176.773773 0.263000 174.475006
809.000000 176.987732 0.263000 174.565002
810.250000 177.216736 0.263000 174.675003
811.125000 177.216736 0.263000 174.764999
811.625000 177.418304 0.263000 174.875000
812.875000 177.642776 0.263000 174.979996
814.000000 177.642776 0.272000 175.065002
815.375000 177.845673 0.272000 175.175003
816.750000 178.049286 0.272000 175.279999
817.750000 178.276932 0.272000 175.375000
819.125000 178.478333 0.272000 175.475006
820.875000 178.478333 0.272000 175.574997
821.750000 178.684265 0.272000 175.664993
823.500000 178.887634 0.272000 175.770004
824.250000 179.094330 0.272000 175.880005
825.750000 179.312592 0.272000 175.979996
827.250000 179.531662 0.277000 176.074997
829.000000 179.740799 0.277000 176.184998
831.000000 179.949585 0.277000 176.264999
831.875000 180.157730 0.277000 176.369995
832.750000 180.365585 0.277000 176.475006
833.625000 180.584015 0.277000 176.580002
834.750000 180.803146 0.277000 176.669998
835.375000 181.012726 0.277000 176.774994
836.500000 181.222488 0.277000 176.880005
837.500000 181.430328 0.277000 176.970001
839.000000 181.639603 0.276000 177.080002
839.750000 181.639603 0.276000 177.175003
840.125000 181.844406 0.276000 177.274994
840.500000 182.053940 0.276000 177.375000
841.375000 182.258102 0.276000 177.464996
841.500000 182.494583 0.276000 177.580002
842.000000 182.742844 0.276000 177.664993
842.000000 182.961960 0.276000 177.774994
842.000000 183.170807 0.276000 177.865005
842.875000 183.378357 0.276000 177.970001
842.875000 183.579880 0.301000 178.074997
844.250000 183.579880 0.301000 178.169998
844.375000 183.787735 0.301000 178.270004
844.500000 183.993790 0.301000 178.380005
844.625000 184.228134 0.301000 178.464996
844.750000 184.465286 0.301000 178.574997
844.750000 184.665512 0.301000 178.669998
844.875000 184.872452 0.301000 178.759995
844.875000 185.080322 0.272000 178.869995
845.125000 185.286942 0.272000 178.970001
845.250000 185.286942 0.272000 179.059998
845.375000 185.514023 0.272000 179.169998
845.500000 185.714432 0.272000 179.274994
845.625000 185.714432 0.272000 179.360001
845.750000 185.919769 0.272000 179.470001
845.750000 186.123215 0.272000 179.574997
845.875000 186.338318 0.272000 179.664993
845.875000 186.338318 0.272000 179.774994
845.875000 186.543777 0.272000 179.865005
845.875000 186.759644 0.272000 179.975006
846.000000 186.961441 0.227000 180.080002
846.000000 186.961441 0.227000 180.169998
846.000000 187.168793 0.227000 180.279999
846.000000 187.168793 0.227000 180.369995
846.000000 187.371292 0.227000 180.475006
846.125000 187.371292 0.227000 180.570007
846.250000 187.371292 0.227000 180.679993
846.250000 187.371292 0.227000 180.770004
846.250000 187.371292 0.227000 180.875000
846.250000 187.371292 0.187000 180.970001
846.250000 187.371292 0.187000 181.080002
846.250000 187.571594 0.187000 181.169998
846.250000 187.571594 0.187000 181.274994
846.250000 187.571594 0.187000 181.369995
846.250000 187.571594 0.187000 181.475006
846.250000 187.571594 0.187000 181.565002
846.250000 187.571594 0.187000 181.679993
846.250000 187.571594 0.187000 181.764999
846.250000 187.571594 0.187000 181.875000
846.250000 187.571594 0.176000 181.979996
846.250000 187.571594 0.176000 182.074997
846.250000 187.571594 0.176000 182.164993
846.250000 187.571594 0.176000 182.270004
846.250000 187.571594 0.176000 182.380005
846.250000 187.571594 0.176000 182.470001
846.250000 187.571594 0.176000 182.580002
846.250000 187.571594 0.176000 182.669998
846.375000 187.571594 0.176000 182.779999
846.375000 187.774933 0.176000 182.865005
846.375000 187.774933 0.188000 182.975006
846.375000 187.976135 0.188000 183.065002
846.500000 188.196106 0.188000 183.175003
846.500000 188.196106 0.188000 183.259995
846.625000 188.423477 0.188000 183.375000
846.625000 188.625107 0.188000 183.479996
846.625000 188.625107 0.188000 183.570007
847.000000 188.828674 0.188000 183.679993
847.250000 189.033707 0.188000 183.764999
847.375000 189.247879 0.188000 183.875000
847.375000 189.247879 0.188000 183.960007
847.500000 189.476700 0.198000 184.065002
847.500000 189.682648 0.198000 184.179993
847.500000 189.889816 0.198000 184.274994
847.625000 189.889816 0.198000 184.380005
847.750000 190.092941 0.198000 184.479996
847.875000 190.310425 0.198000 184.565002
847.875000 190.515488 0.198000 184.675003
848.000000 190.730057 0.198000 184.764999
848.000000 190.730057 0.198000 184.869995
848.250000 190.931671 0.198000 184.975006
848.250000 190.931671 0.198000 185.074997
848.250000 190.931671 0.198000 185.160004
848.250000 191.133881 0.198000 185.264999
848.375000 191.133881 0.198000 185.369995
848.375000 191.133881 0.198000 185.475006
848.375000 191.133881 0.198000 185.580002
848.375000 191.337112 0.198000 185.669998
848.500000 191.337112 0.198000 185.774994
848.500000 191.557755 0.198000 185.869995
848.500000 191.761185 0.198000 185.975006
848.625000 191.967499 0.250000 186.080002
848.750000 191.967499 0.250000 186.169998
848.750000 192.170212 0.250000 186.270004
848.875000 192.381897 0.250000 186.375000
849.000000 192.381897 0.250000 186.479996
849.000000 192.587448 0.250000 186.580002
849.125000 192.789108 0.250000 186.664993
849.250000 193.014053 0.250000 186.774994
849.375000 193.246155 0.250000 186.875000
849.500000 193.471161 0.250000 186.979996
849.750000 193.677383 0.276000 187.070007
850.125000 193.882614 0.276000 187.179993
850.250000 193.882614 0.276000 187.270004
850.250000 194.101303 0.276000 187.375000
850.375000 194.101303 0.276000 187.475006
850.375000 194.304230 0.276000 187.565002
850.500000 194.304230 0.276000 187.679993
850.500000 194.304230 0.276000 187.770004
850.625000 194.304230 0.276000 187.880005
850.625000 194.506912 0.276000 187.970001
850.625000 194.506912 0.282000 188.070007
850.750000 194.506912 0.282000 188.179993
850.875000 194.506912 0.282000 188.279999
850.875000 194.506912 0.282000 188.375000
851.000000 194.506912 0.282000 188.464996
851.000000 194.506912 0.282000 188.574997
851.125000 194.506912 0.282000 188.675003
851.125000 194.506912 0.282000 188.759995
851.125000 194.506912 0.282000 188.875000
851.125000 194.506912 0.282000 188.979996
851.500000 194.506912 0.283000 189.065002
851.500000 194.506912 0.283000 189.175003
851.500000 194.506912 0.283000 189.274994
851.625000 194.506912 0.283000 189.365005
851.875000 194.710846 0.283000 189.475006
851.875000 194.940048 0.283000 189.585007
852.000000 194.940048 0.283000 189.675003
852.250000 195.168579 0.283000 189.764999
852.500000 195.368973 0.283000 189.880005
852.625000 195.368973 0.283000 189.964996
852.625000 195.569672 0.286000 190.070007
852.625000 195.800461 0.286000 190.175003
852.750000 196.001450 0.286000 190.264999
852.750000 196.001450 0.286000 190.380005
852.750000 196.210999 0.286000 190.464996
852.875000 196.437271 0.286000 190.570007
853.000000 196.437271 0.286000 190.675003
853.000000 196.657394 0.286000 190.759995
853.000000 196.864258 0.286000 190.869995
853.125000 197.073334 0.286000 190.975006
853.125000 197.273666 0.316000 191.065002
853.125000 197.473679 0.316000 191.175003
853.375000 197.677994 0.316000 191.274994
854.000000 197.677994 0.316000 191.375000
854.125000 197.884338 0.316000 191.460007
856.000000 198.091629 0.316000 191.574997
856.125000 198.309509 0.316000 191.664993
856.625000 198.548401 0.316000 191.774994
856.625000 198.748413 0.316000 191.860001
857.875000 198.948959 0.316000 191.970001
857.875000 199.158722 0.313000 192.080002
858.125000 199.401169 0.313000 192.164993
858.125000 199.606888 0.313000 192.270004
858.625000 199.815628 0.313000 192.365005
858.875000 200.016724 0.313000 192.470001
859.125000 200.219055 0.313000 192.574997
859.125000 200.419510 0.313000 192.664993
859.375000 200.620361 0.313000 192.774994
859.875000 200.821854 0.313000 192.875000
860.375000 201.022476 0.313000 192.975006
860.625000 201.222687 0.337000 193.059998
860.625000 201.432541 0.337000 193.164993
860.750000 201.642319 0.337000 193.274994
860.875000 201.642319 0.337000 193.360001
861.500000 202.043228 0.337000 193.470001
861.750000 202.251862 0.337000 193.574997
861.750000 202.251862 0.337000 193.679993
861.750000 202.454453 0.337000 193.764999
862.000000 202.454453 0.337000 193.880005
862.125000 202.668747 0.337000 193.970001
862.125000 202.668747 0.282000 194.080002
862.125000 202.668747 0.282000 194.175003
862.250000 202.869583 0.282000 194.259995
862.375000 202.869583 0.282000 194.369995
862.375000 202.869583 0.282000 194.475006
862.375000 202.869583 0.282000 194.565002
862.375000 202.869583 0.282000 194.679993
862.375000 202.869583 0.282000 194.774994
862.500000 202.869583 0.282000 194.865005
862.500000 202.869583 0.282000 194.975006
862.500000 202.869583 0.249000 195.065002
862.500000 202.869583 0.249000 195.179993
862.500000 202.869583 0.249000 195.264999
862.500000 202.869583 0.249000 195.369995
862.500000 202.869583 0.249000 195.475006
862.500000 202.869583 0.249000 195.580002
862.625000 202.869583 0.249000 195.669998
862.875000 202.869583 0.249000 195.779999
863.125000 203.077972 0.249000 195.875000
863.250000 203.282059 0.249000 195.975006
863.500000 203.482880 0.236000 196.065002
863.500000 203.687149 0.236000 196.175003
863.500000 203.687149 0.236000 196.259995
863.625000 203.891159 0.236000 196.380005
863.875000 204.096008 0.236000 196.475006
864.250000 204.304047 0.236000 196.565002
864.250000 204.508698 0.236000 196.679993
864.500000 204.508698 0.236000 196.764999
864.500000 204.719498 0.236000 196.875000
864.500000 204.923386 0.236000 196.970001
864.500000 204.923386 0.280000 197.080002
864.625000 205.151993 0.280000 197.169998
864.625000 205.379959 0.280000 197.274994
864.875000 205.379959 0.280000 197.365005
865.250000 205.584045 0.280000 197.475006
865.375000 205.817001 0.280000 197.565002
865.500000 205.817001 0.280000 197.669998
865.500000 206.020508 0.280000 197.774994
865.750000 206.223343 0.280000 197.880005
866.000000 206.427475 0.280000 197.964996
867.875000 206.427475 0.242000 198.070007
867.875000 206.634079 0.242000 198.175003
867.875000 206.838074 0.242000 198.274994
868.000000 206.838074 0.242000 198.375000
868.125000 206.838074 0.242000 198.464996
868.125000 207.038193 0.242000 198.580002
868.125000 207.038193 0.242000 198.669998
868.625000 207.038193 0.242000 198.779999
868.875000 207.038193 0.242000 198.869995
868.875000 207.038193 0.242000 198.979996
869.000000 207.038193 0.251000 199.080002
869.000000 207.038193 0.251000 199.175003
869.375000 207.038193 0.251000 199.279999
869.875000 207.038193 0.251000 199.369995
869.875000 207.038193 0.251000 199.475006
869.875000 207.038193 0.251000 199.580002
870.000000 207.038193 0.251000 199.664993
870.125000 207.038193 0.251000 199.770004
870.125000 207.238281 0.251000 199.880005
870.125000 207.238281 0.230000 199.985001
870.250000 207.238281 0.230000 200.074997
870.625000 207.238281 0.230000 200.164993
870.625000 207.457687 0.230000 200.270004
871.125000 207.660446 0.230000 200.375000
871.750000 207.660446 0.230000 200.475006
872.000000 207.866394 0.230000 200.565002
872.000000 208.073334 0.230000 200.679993
872.000000 208.073334 0.230000 200.774994
872.375000 208.300751 0.230000 200.869995
872.750000 208.529755 0.213000 200.975006
873.375000 208.529755 0.213000 201.059998
873.500000 208.731598 0.213000 201.169998
874.000000 208.934280 0.213000 201.279999
874.750000 209.154037 0.213000 201.375000
875.000000 209.359634 0.213000 201.470001
875.500000 209.576950 0.213000 201.585007
875.500000 209.785538 0.213000 201.664993
875.500000 209.994888 0.213000 201.759995
876.125000 210.204666 0.213000 201.865005
877.625000 210.424484 0.285000 201.960007
877.875000 210.644455 0.285000 202.070007
880.125000 210.854309 0.285000 202.175003
880.500000 211.063721 0.285000 202.264999
881.125000 211.273270 0.285000 202.380005
881.875000 211.273270 0.285000 202.464996
882.875000 211.683197 0.285000 202.570007
883.500000 211.883484 0.285000 202.675003
884.250000 211.883484 0.285000 202.759995
885.125000 212.284103 0.285000 202.880005
886.625000 212.284103 0.285000 202.970001
888.250000 212.696716 0.293000 203.080002
889.625000 212.696716 0.293000 203.169998
891.625000 212.899704 0.293000 203.279999
891.875000 213.102371 0.293000 203.365005
893.500000 213.331039 0.293000 203.475006
894.750000 213.331039 0.293000 203.565002
895.375000 213.536240 0.293000 203.675003
896.750000 213.768387 0.293000 203.779999
897.500000 213.768387 0.293000 203.875000
898.375000 214.007660 0.293000 203.975006
900.250000 214.208130 0.268000 204.080002
901.875000 214.412018 0.268000 204.179993
903.375000 214.412018 0.268000 204.270004
905.000000 214.616440 0.268000 204.375000
906.000000 214.818024 0.268000 204.479996
907.875000 214.818024 0.268000 204.565002
908.875000 215.044846 0.268000 204.675003
909.500000 215.249023 0.268000 204.779999
910.875000 215.249023 0.268000 204.865005
911.375000 215.459717 0.268000 204.975006
911.500000 215.664124 0.288000 205.074997
912.250000 215.664124 0.288000 205.179993
912.375000 215.874146 0.288000 205.270004
912.625000 216.079758 0.288000 205.375000
913.125000 216.079758 0.288000 205.464996
913.375000 216.281494 0.288000 205.565002
913.750000 216.281494 0.288000 205.675003
914.250000 216.482513 0.288000 205.774994
914.500000 216.482513 0.288000 205.865005
914.875000 216.482513 0.288000 205.979996
915.250000 216.695663 0.267000 206.074997
915.375000 216.695663 0.267000 206.160004
915.500000 216.695663 0.267000 206.279999
915.750000 216.906311 0.267000 206.375000
916.000000 217.108795 0.267000 206.479996
916.250000 217.108795 0.267000 206.580002
916.750000 217.309982 0.267000 206.669998
916.875000 217.512299 0.267000 206.779999
917.125000 217.716202 0.267000 206.875000
917.625000 217.716202 0.267000 206.960007
918.125000 217.920746 0.292000 207.065002
918.375000 218.148361 0.292000 207.169998
918.500000 218.355377 0.292000 207.274994
918.500000 218.563705 0.292000 207.380005
919.000000 218.767792 0.292000 207.479996
920.000000 218.767792 0.292000 207.570007
920.000000 218.974716 0.292000 207.675003
920.000000 219.193130 0.292000 207.779999
920.250000 219.412338 0.292000 207.865005
920.250000 219.621918 0.292000 207.970001
920.375000 219.831284 0.274000 208.074997
920.375000 220.078064 0.274000 208.179993
920.375000 220.295746 0.274000 208.270004
920.625000 220.504303 0.274000 208.380005
920.750000 220.713425 0.274000 208.460007
920.875000 220.922928 0.274000 208.574997
920.875000 220.922928 0.274000 208.664993
921.125000 221.132645 0.274000 208.770004
921.250000 221.342438 0.274000 208.869995
921.500000 221.591980 0.274000 208.964996
921.625000 221.807251 0.276000 209.070007
921.750000 222.013641 0.276000 209.179993
921.750000 222.241928 0.276000 209.270004
921.875000 222.443787 0.276000 209.380005
921.875000 222.443787 0.276000 209.464996
921.875000 222.665283 0.276000 209.580002
922.000000 222.865402 0.276000 209.664993
922.000000 222.865402 0.276000 209.774994
922.000000 223.078033 0.276000 209.869995
922.000000 223.282837 0.276000 209.975006
922.125000 223.282837 0.230000 210.059998
922.125000 223.488205 0.230000 210.179993
922.125000 223.694717 0.230000 210.259995
922.125000 223.900711 0.230000 210.369995
922.125000 223.900711 0.230000 210.475006
922.250000 224.103424 0.230000 210.559998
922.250000 224.324646 0.230000 210.679993
922.250000 224.324646 0.230000 210.764999
922.375000 224.525681 0.230000 210.875000
922.375000 224.759369 0.230000 210.975006
922.375000 224.759369 0.255000 211.065002
922.500000 224.986450 0.255000 211.175003
922.625000 225.199707 0.255000 211.279999
922.625000 225.199707 0.255000 211.365005
922.625000 225.406845 0.255000 211.479996
922.625000 225.619385 0.255000 211.570007
922.750000 225.619385 0.255000 211.660004
922.875000 225.824554 0.255000 211.759995
922.875000 226.029938 0.255000 211.869995
922.875000 226.235077 0.255000 211.975006
922.875000 226.235077 0.245000 212.080002
923.000000 226.446838 0.245000 212.164993
923.000000 226.665421 0.245000 212.274994
923.000000 226.665421 0.245000 212.365005
923.000000 226.869675 0.245000 212.475006
923.125000 227.082108 0.245000 212.580002
923.125000 227.082108 0.245000 212.675003
923.125000 227.296188 0.245000 212.779999
923.250000 227.496841 0.245000 212.865005
923.250000 227.698654 0.245000 212.975006
923.250000 227.698654 0.234000 213.074997
923.375000 227.932495 0.234000 213.179993
923.375000 228.137115 0.234000 213.264999
923.375000 228.137115 0.234000 213.375000
923.375000 228.364380 0.234000 213.464996
923.500000 228.565903 0.234000 213.570007
923.500000 228.789886 0.234000 213.679993
923.500000 228.994217 0.234000 213.764999
923.625000 229.196198 0.234000 213.875000
923.625000 229.401901 0.234000 213.979996
923.750000 229.401901 0.270000 214.070007
923.750000 229.609344 0.270000 214.179993
923.750000 229.843948 0.270000 214.264999
923.875000 230.047943 0.270000 214.375000
923.875000 230.257919 0.270000 214.464996
923.875000 230.462921 0.270000 214.580002
924.000000 230.462921 0.270000 214.664993
924.125000 230.677597 0.270000 214.774994
924.125000 230.880096 0.270000 214.865005
924.375000 230.880096 0.270000 214.979996
924.375000 231.092194 0.259000 215.065002
924.500000 231.321930 0.259000 215.169998
924.625000 231.321930 0.259000 215.274994
924.625000 231.543137 0.259000 215.360001
924.625000 231.779266 0.259000 215.470001
924.750000 231.779266 0.259000 215.576004
924.750000 232.003342 0.259000 215.664993
924.875000 232.207901 0.259000 215.779999
925.000000 232.439667 0.259000 215.875000
925.000000 232.642822 0.259000 215.964996
925.000000 232.859787 0.263000 216.074997
925.125000 233.066055 0.263000 216.175003
925.125000 233.066055 0.263000 216.259995
925.250000 233.266251 0.263000 216.375000
925.250000 233.483444 0.263000 216.464996
925.500000 233.689178 0.263000 216.580002
925.500000 233.893631 0.263000 216.669998
925.500000 233.893631 0.263000 216.779999
925.750000 234.098648 0.263000 216.880005
925.750000 234.310226 0.263000 216.970001
925.750000 234.310226 0.303000 217.080002
925.875000 234.529678 0.303000 217.169998
925.875000 234.734573 0.303000 217.274994
925.875000 234.734573 0.303000 217.375000
926.000000 234.938995 0.303000 217.470001
926.000000 235.142761 0.303000 217.574997
926.125000 235.346313 0.303000 217.679993
926.125000 235.346313 0.303000 217.770004
926.125000 235.571884 0.303000 217.875000
926.125000 235.776001 0.303000 217.964996
926.125000 235.776001 0.248000 218.085007
926.250000 236.002197 0.248000 218.179993
926.250000 236.206436 0.248000 218.264999
926.500000 236.206436 0.248000 218.369995
927.125000 236.412140 0.248000 218.479996
927.250000 236.612442 0.248000 218.570007
927.375000 236.813751 0.248000 218.669998
927.375000 236.813751 0.248000 218.774994
927.375000 237.030609 0.248000 218.875000
927.500000 237.233704 0.248000 218.979996
927.625000 237.438095 0.251000 219.080002
927.625000 237.438095 0.251000 219.164993
927.625000 237.668747 0.251000 219.279999
927.750000 237.885315 0.251000 219.380005
927.875000 238.093796 0.251000 219.470001
927.875000 238.295090 0.251000 219.580002
928.000000 238.295090 0.251000 219.664993
928.000000 238.502106 0.251000 219.770004
928.125000 238.709793 0.251000 219.880005
928.125000 238.940506 0.251000 219.985001
928.125000 239.162537 0.256000 220.070007
928.250000 239.389175 0.256000 220.179993
928.250000 239.606674 0.256000 220.264999
928.375000 239.814041 0.256000 220.375000
928.500000 239.814041 0.256000 220.460007
928.500000 240.033585 0.256000 220.570007
928.500000 240.240463 0.256000 220.679993
928.500000 240.240463 0.256000 220.764999
928.500000 240.446014 0.256000 220.880005
928.500000 240.652618 0.256000 220.975006
928.625000 240.857971 0.214000 221.070007
928.625000 240.857971 0.214000 221.175003
928.625000 241.081848 0.214000 221.264999
928.750000 241.295578 0.214000 221.380005
928.750000 241.527435 0.214000 221.464996
928.750000 241.739410 0.214000 221.574997
928.875000 241.945465 0.214000 221.664993
928.875000 242.153442 0.214000 221.774994
928.875000 242.362381 0.214000 221.880005
929.000000 242.362381 0.214000 221.970001
929.000000 242.571671 0.242000 222.074997
929.125000 242.810547 0.242000 222.164993
929.250000 243.039154 0.242000 222.274994
929.250000 243.248795 0.242000 222.360001
929.375000 243.457825 0.242000 222.475006
929.375000 243.695999 0.242000 222.559998
929.500000 243.904541 0.242000 222.679993
929.500000 243.904541 0.242000 222.764999
929.500000 244.120026 0.242000 222.865005
929.500000 244.120026 0.242000 222.979996
929.500000 244.333984 0.231000 223.074997
929.500000 244.333984 0.231000 223.160004
929.625000 244.333984 0.231000 223.274994
929.625000 244.333984 0.231000 223.369995
929.625000 244.333984 0.231000 223.479996
929.625000 244.333984 0.231000 223.574997
929.625000 244.534866 0.231000 223.669998
929.625000 244.534866 0.231000 223.774994
929.625000 244.534866 0.231000 223.865005
929.625000 244.534866 0.231000 223.975006
929.625000 244.534866 0.227000 224.080002
929.625000 244.534866 0.227000 224.169998
929.625000 244.534866 0.227000 224.274994
929.625000 244.737305 0.227000 224.365005
929.625000 244.737305 0.227000 224.479996
929.750000 244.944763 0.227000 224.565002
929.750000 245.151703 0.227000 224.679993
929.750000 245.363525 0.227000 224.785004
929.875000 245.566299 0.227000 224.875000
929.875000 245.773575 0.227000 224.964996
930.000000 245.979050 0.225000 225.074997
930.000000 245.979050 0.225000 225.164993
930.000000 246.184006 0.225000 225.274994
930.000000 246.406219 0.225000 225.369995
930.000000 246.406219 0.225000 225.479996
930.000000 246.406219 0.225000 225.574997
930.000000 246.617050 0.225000 225.664993
930.000000 246.617050 0.225000 225.774994
930.000000 246.617050 0.225000 225.875000
930.000000 246.617050 0.225000 225.979996
930.000000 246.617050 0.257000 226.065002
930.000000 246.617050 0.257000 226.169998
930.000000 246.817368 0.257000 226.279999
930.250000 246.817368 0.257000 226.375000
930.250000 246.817368 0.257000 226.464996
930.250000 246.817368 0.257000 226.574997
930.250000 246.817368 0.257000 226.664993
930.250000 246.817368 0.257000 226.770004
930.250000 246.817368 0.257000 226.875000
930.250000 246.817368 0.257000 226.975006
930.250000 246.817368 0.269000 227.065002
930.250000 246.817368 0.269000 227.175003
930.250000 246.817368 0.269000 227.279999
930.250000 246.817368 0.269000 227.369995
930.250000 246.817368 0.269000 227.475006
930.250000 246.817368 0.269000 227.559998
930.250000 246.817368 0.269000 227.684998
930.250000 246.817368 0.269000 227.770004
930.250000 246.817368 0.269000 227.875000
930.250000 246.817368 0.269000 227.970001
930.250000 246.817368 0.239000 228.080002
930.250000 246.817368 0.239000 228.164993
930.250000 246.817368 0.239000 228.270004
930.250000 246.817368 0.239000 228.375000
930.250000 246.817368 0.239000 228.460007
930.250000 246.817368 0.239000 228.574997
930.250000 246.817368 0.239000 228.660004
930.250000 246.817368 0.239000 228.774994
930.250000 246.817368 0.239000 228.865005
930.250000 246.817368 0.239000 228.979996
930.250000 246.817368 0.242000 229.065002
930.250000 246.817368 0.242000 229.169998
930.250000 247.020279 0.242000 229.279999
930.250000 247.020279 0.242000 229.369995
930.250000 247.237534 0.242000 229.479996
930.250000 247.237534 0.242000 229.565002
930.250000 247.442474 0.242000 229.679993
930.250000 247.671158 0.242000 229.774994
930.250000 247.872681 0.242000 229.880005
930.250000 248.079269 0.242000 229.970001
930.250000 248.287842 0.229000 230.074997
930.250000 248.545929 0.229000 230.169998
930.250000 248.754639 0.229000 230.279999
930.250000 248.963608 0.229000 230.365005
930.250000 249.172394 0.229000 230.479996
930.250000 249.172394 0.229000 230.565002
930.250000 249.582474 0.229000 230.675003
930.250000 249.782486 0.229000 230.770004
930.250000 249.782486 0.229000 230.860001
930.250000 250.184067 0.229000 230.975006
930.250000 250.393692 0.265000 231.085007
930.250000 250.393692 0.265000 231.169998
930.375000 250.607529 0.265000 231.274994
930.375000 250.808609 0.265000 231.365005
930.375000 251.010681 0.265000 231.475006
930.375000 251.010681 0.265000 231.559998
930.375000 251.010681 0.265000 231.669998
930.375000 251.218109 0.265000 231.779999
930.375000 251.218109 0.265000 231.884995
930.500000 251.218109 0.265000 231.979996
930.625000 251.218109 0.241000 232.065002
930.750000 251.218109 0.241000 232.179993
930.875000 251.432968 0.241000 232.274994
931.000000 251.432968 0.241000 232.365005
931.000000 251.635193 0.241000 232.475006
931.000000 251.635193 0.241000 232.565002
931.250000 251.837967 0.241000 232.669998
931.250000 252.043732 0.241000 232.774994
931.250000 252.262009 0.241000 232.875000
931.375000 252.466766 0.241000 232.979996
931.375000 252.674194 0.284000 233.070007
931.375000 252.892838 0.284000 233.175003
931.500000 253.132080 0.284000 233.259995
931.625000 253.351715 0.284000 233.369995
931.875000 253.561493 0.284000 233.475006
931.875000 253.781357 0.284000 233.580002
931.875000 253.991272 0.284000 233.679993
932.125000 253.991272 0.284000 233.764999
932.125000 254.410934 0.284000 233.880005
932.375000 254.410934 0.284000 233.964996
932.375000 254.616882 0.274000 234.074997
932.375000 254.822708 0.274000 234.179993
932.500000 255.024811 0.274000 234.274994
933.000000 255.236145 0.274000 234.375000
934.375000 255.436630 0.274000 234.470001
935.375000 255.436630 0.274000 234.574997
936.750000 255.641251 0.274000 234.679993
937.875000 255.843002 0.274000 234.779999
938.625000 255.843002 0.274000 234.875000
938.875000 256.044891 0.274000 234.979996
939.000000 256.284271 0.231000 235.074997
939.375000 256.284271 0.231000 235.164993
939.625000 256.487335 0.231000 235.274994
940.500000 256.692688 0.231000 235.360001
941.125000 256.692688 0.231000 235.470001
941.375000 256.901794 0.231000 235.580002
941.750000 256.901794 0.231000 235.669998
941.750000 256.901794 0.231000 235.774994
941.875000 256.901794 0.231000 235.884995
942.125000 256.901794 0.201000 235.964996
942.125000 256.901794 0.201000 236.074997
942.875000 257.102142 0.201000 236.184998
943.000000 257.102142 0.201000 236.279999
943.125000 257.102142 0.201000 236.365005
943.250000 257.102142 0.201000 236.479996
943.375000 257.102142 0.201000 236.570007
943.375000 257.102142 0.201000 236.675003
943.375000 257.102142 0.201000 236.779999
943.375000 257.102142 0.201000 236.865005
943.375000 257.102142 0.191000 236.979996
943.375000 257.102142 0.191000 237.065002
943.375000 257.102142 0.191000 237.179993
943.500000 257.102142 0.191000 237.270004
943.500000 257.102142 0.191000 237.380005
943.625000 257.102142 0.191000 237.470001
943.750000 257.102142 0.191000 237.580002
943.750000 257.102142 0.191000 237.679993
943.875000 257.102142 0.191000 237.770004
943.875000 257.304657 0.191000 237.865005
944.125000 257.304657 0.175000 237.975006
944.250000 257.504852 0.175000 238.065002
944.250000 257.708832 0.175000 238.179993
944.250000 257.708832 0.175000 238.259995
944.500000 257.911407 0.175000 238.375000
944.625000 258.111877 0.175000 238.470001
944.625000 258.111877 0.175000 238.574997
944.750000 258.325958 0.175000 238.664993
944.875000 258.557007 0.175000 238.774994
945.375000 258.557007 0.175000 238.865005
945.500000 258.760132 0.175000 238.970001
945.625000 258.963623 0.211000 239.080002
945.625000 259.163910 0.211000 239.175003
945.875000 259.163910 0.211000 239.264999
945.875000 259.163910 0.211000 239.375000
946.500000 259.377716 0.211000 239.460007
946.625000 259.377716 0.211000 239.570007
946.750000 259.377716 0.211000 239.675003
947.000000 259.377716 0.211000 239.785004
947.000000 259.581757 0.211000 239.875000
947.125000 259.581757 0.211000 239.979996
947.375000 259.581757 0.246000 240.065002
947.375000 259.581757 0.246000 240.175003
947.375000 259.581757 0.246000 240.264999
947.500000 259.581757 0.246000 240.369995
947.500000 259.581757 0.246000 240.479996
947.625000 259.581757 0.246000 240.565002
947.625000 259.581757 0.246000 240.679993
947.625000 259.581757 0.246000 240.764999
947.750000 259.581757 0.246000 240.876007
947.750000 259.581757 0.246000 240.970001
947.875000 259.581757 0.231000 241.080002
948.000000 259.581757 0.231000 241.169998
948.375000 259.581757 0.231000 241.274994
948.375000 259.581757 0.231000 241.380005
948.375000 259.581757 0.231000 241.479996
948.375000 259.810822 0.231000 241.565002
948.500000 259.810822 0.231000 241.669998
949.125000 260.014587 0.231000 241.774994
949.125000 260.238007 0.231000 241.865005
949.125000 260.238007 0.231000 241.975006
949.625000 260.461487 0.223000 242.065002
949.625000 260.662415 0.223000 242.175003
949.625000 260.864960 0.223000 242.281006
949.625000 260.864960 0.223000 242.365005
950.000000 261.090942 0.223000 242.475006
950.250000 261.295013 0.223000 242.565002
950.500000 261.295013 0.223000 242.679993
950.625000 261.530121 0.223000 242.770004
951.000000 261.732513 0.223000 242.875000
951.375000 261.940094 0.223000 242.979996
951.375000 262.144043 0.263000 243.065002
951.750000 262.144043 0.263000 243.169998
951.750000 262.346619 0.263000 243.274994
951.875000 262.552429 0.263000 243.360001
951.875000 262.753754 0.263000 243.470001
952.125000 262.962830 0.263000 243.580002
952.125000 262.962830 0.263000 243.669998
952.125000 263.168274 0.263000 243.779999
952.250000 263.403625 0.263000 243.865005
952.250000 263.403625 0.263000 243.975006
952.250000 263.631500 0.261000 244.059998
952.375000 263.838043 0.261000 244.179993
952.375000 264.046661 0.261000 244.264999
952.375000 264.246948 0.261000 244.365005
952.500000 264.246948 0.261000 244.464996
952.500000 264.659668 0.261000 244.580002
952.500000 264.659668 0.261000 244.675003
952.625000 264.885681 0.261000 244.774994
952.625000 265.103241 0.261000 244.865005
952.750000 265.341583 0.261000 244.975006
952.750000 265.569916 0.258000 245.059998
952.875000 265.795746 0.258000 245.175003
953.250000 265.795746 0.258000 245.259995
953.375000 265.998077 0.258000 245.375000
953.625000 266.199066 0.258000 245.470001
953.750000 266.199066 0.258000 245.574997
953.875000 266.400360 0.258000 245.675003
953.875000 266.400360 0.258000 245.770004
953.875000 266.400360 0.258000 245.880005
953.875000 266.400360 0.258000 245.964996
954.000000 266.400360 0.265000 246.070007
954.000000 266.400360 0.265000 246.175003
954.000000 266.600403 0.265000 246.274994
954.000000 266.600403 0.265000 246.375000
954.000000 266.600403 0.265000 246.464996
954.000000 266.600403 0.265000 246.570007
954.000000 266.600403 0.265000 246.679993
954.000000 266.600403 0.265000 246.764999
954.000000 266.600403 0.265000 246.875000
954.000000 266.600403 0.265000 246.979996
954.000000 266.600403 0.245000 247.074997
954.000000 266.600403 0.245000 247.175003
954.000000 266.600403 0.245000 247.264999
954.000000 266.600403 0.245000 247.375000
954.000000 266.600403 0.245000 247.460007
954.000000 266.803284 0.245000 247.570007
954.125000 267.006836 0.245000 247.679993
954.125000 267.006836 0.245000 247.764999
954.125000 267.234253 0.245000 247.880005
954.250000 267.436005 0.245000 247.975006
954.375000 267.436005 0.244000 248.080002
954.375000 267.638428 0.244000 248.175003
954.375000 267.638428 0.244000 248.259995
954.375000 267.839844 0.244000 248.380005
954.375000 267.839844 0.244000 248.464996
954.375000 267.839844 0.244000 248.570007
954.375000 267.839844 0.244000 248.675003
954.375000 267.839844 0.244000 248.764999
954.375000 267.839844 0.244000 248.869995
954.375000 267.839844 0.178000 248.975006
954.375000 267.839844 0.178000 249.074997
954.375000 267.839844 0.178000 249.160004
954.375000 267.839844 0.178000 249.274994
954.375000 267.839844 0.178000 249.380005
954.375000 267.839844 0.178000 249.470001
954.375000 267.839844 0.178000 249.574997
954.375000 267.839844 0.178000 249.660004
954.375000 267.839844 0.178000 249.764999
954.375000 267.839844 0.178000 249.880005
954.375000 267.839844 0.182000 249.964996
954.375000 267.839844 0.182000 250.074997
954.375000 267.839844 0.182000 250.164993
954.375000 267.839844 0.182000 250.274994
954.375000 267.839844 0.182000 250.380005
954.375000 267.839844 0.182000 250.470001
954.375000 267.839844 0.182000 250.580002
954.375000 267.839844 0.182000 250.664993
954.375000 267.839844 0.182000 250.774994
954.375000 267.839844 0.182000 250.865005
954.375000 267.839844 0.168000 250.975006
954.375000 267.839844 0.168000 251.080002
954.375000 267.839844 0.168000 251.169998
954.375000 267.839844 0.168000 251.279999
954.375000 267.839844 0.168000 251.365005
954.375000 267.839844 0.168000 251.475006
954.375000 267.839844 0.168000 251.565002
954.375000 267.839844 0.168000 251.679993
954.375000 267.839844 0.168000 251.764999
954.375000 267.839844 0.168000 251.880005
954.375000 267.839844 0.168000 251.975006
954.375000 267.839844 0.186000 252.070007
954.375000 268.044647 0.186000 252.175003
954.500000 268.044647 0.186000 252.264999
954.500000 268.254364 0.186000 252.380005
954.500000 268.484955 0.186000 252.464996
954.625000 268.693665 0.186000 252.574997
954.625000 268.898804 0.186000 252.675003
954.625000 269.106964 0.186000 252.770004
954.750000 269.316650 0.186000 252.875000
954.875000 269.517029 0.186000 252.975006
954.875000 269.517029 0.234000 253.065002
954.875000 269.928741 0.234000 253.179993
955.000000 270.130676 0.234000 253.274994
955.000000 270.130676 0.234000 253.365005
955.000000 270.334839 0.234000 253.470001
955.125000 270.742676 0.234000 253.574997
955.125000 270.742676 0.234000 253.660004
955.125000 270.944458 0.234000 253.774994
955.125000 271.180054 0.234000 253.875000
955.250000 271.389313 0.234000 253.979996
955.375000 271.389313 0.304000 254.085007
955.375000 271.599274 0.304000 254.169998
955.375000 271.599274 0.304000 254.274994
955.375000 271.599274 0.304000 254.369995
955.375000 271.599274 0.304000 254.475006
955.375000 271.800812 0.304000 254.580002
955.375000 271.800812 0.304000 254.664993
955.375000 271.800812 0.304000 254.774994
955.375000 271.800812 0.304000 254.869995
955.375000 271.800812 0.304000 254.979996
955.375000 271.800812 0.298000 255.065002
955.375000 271.800812 0.298000 255.175003
955.375000 271.800812 0.298000 255.274994
955.375000 271.800812 0.298000 255.360001
955.375000 271.800812 0.298000 255.479996
955.375000 271.800812 0.298000 255.570007
955.375000 272.001251 0.298000 255.675003
955.500000 272.201447 0.298000 255.779999
955.625000 272.201447 0.298000 255.880005
955.625000 272.419495 0.298000 255.975006
955.625000 272.638580 0.268000 256.070007
955.625000 272.638580 0.268000 256.179993
955.750000 272.861755 0.268000 256.279999
955.750000 273.067444 0.268000 256.364990
955.750000 273.302094 0.268000 256.475006
955.875000 273.302094 0.268000 256.565002
955.875000 273.506104 0.268000 256.674988
956.000000 273.714020 0.268000 256.774994
956.125000 273.920532 0.268000 256.869995
956.125000 274.126312 0.268000 256.980011
956.125000 274.126312 0.252000 257.075012
956.250000 274.352081 0.252000 257.165009
956.500000 274.352081 0.252000 257.274994
956.500000 274.352081 0.252000 257.369995
956.500000 274.553925 0.252000 257.470001
956.500000 274.553925 0.252000 257.575012
956.500000 274.553925 0.252000 257.665009
956.500000 274.553925 0.252000 257.774994
956.500000 274.553925 0.252000 257.864990
956.500000 274.553925 0.252000 257.975006
956.500000 274.553925 0.197000 258.065002
956.500000 274.553925 0.197000 258.174988
956.500000 274.553925 0.197000 258.260010
956.500000 274.754730 0.197000 258.375000
956.500000 274.754730 0.197000 258.480011
956.500000 274.754730 0.197000 258.579987
956.500000 274.754730 0.197000 258.679993
956.500000 274.754730 0.197000 258.774994
956.500000 274.754730 0.197000 258.869995
956.500000 274.754730 0.194000 258.975006
956.500000 274.754730 0.194000 259.075012
956.500000 274.754730 0.194000 259.170013
956.500000 274.754730 0.194000 259.279999
956.500000 274.754730 0.194000 259.364990
956.500000 274.754730 0.194000 259.480011
956.500000 274.754730 0.194000 259.575012
956.500000 274.754730 0.194000 259.679993
956.500000 274.754730 0.194000 259.774994
956.500000 274.754730 0.194000 259.885010
956.500000 274.754730 0.183000 259.980011
956.500000 274.754730 0.183000 260.070007
956.500000 274.957886 0.183000 260.174988
956.500000 275.163727 0.183000 260.274994
956.625000 275.163727 0.183000 260.359985
956.625000 275.370850 0.183000 260.470001
956.625000 275.575775 0.183000 260.575012
956.625000 275.797150 0.183000 260.674988
956.750000 276.001892 0.183000 260.785004
956.750000 276.207458 0.183000 260.875000
956.875000 276.413055 0.183000 260.980011
956.875000 276.619202 0.278000 261.070007
956.875000 276.826935 0.278000 261.179993
957.000000 277.055725 0.278000 261.265015
957.000000 277.264587 0.278000 261.369995
957.000000 277.472839 0.278000 261.475006
957.000000 277.680328 0.278000 261.570007
957.000000 277.887085 0.278000 261.674988
957.125000 277.887085 0.278000 261.765015
957.125000 278.299530 0.278000 261.875000
957.375000 278.299530 0.278000 261.975006
957.375000 278.535278 0.313000 262.065002
957.500000 278.759430 0.313000 262.170013
957.625000 278.983521 0.313000 262.279999
957.625000 279.229889 0.313000 262.369995
957.625000 279.430450 0.313000 262.480011
957.750000 279.430450 0.313000 262.565002
957.750000 279.640564 0.313000 262.674988
957.750000 279.846649 0.313000 262.774994
957.750000 280.082703 0.313000 262.869995
957.750000 280.082703 0.313000 262.975006
957.750000 280.320862 0.281000 263.075012
957.875000 280.528107 0.281000 263.174988
957.875000 280.528107 0.281000 263.269989
958.000000 280.735352 0.281000 263.380005
958.000000 280.961731 0.281000 263.459991
958.000000 280.961731 0.281000 263.575012
958.000000 281.170197 0.281000 263.679993
958.250000 281.375854 0.281000 263.769989
958.250000 281.375854 0.281000 263.880005
958.375000 281.587128 0.281000 263.975006
958.625000 281.788940 0.229000 264.065002
958.875000 281.788940 0.229000 264.170013
958.875000 281.994934 0.229000 264.279999
958.875000 282.211151 0.229000 264.364990
958.875000 282.211151 0.229000 264.475006
958.875000 282.436890 0.229000 264.565002
958.875000 282.656158 0.229000 264.670013
958.875000 282.656158 0.229000 264.774994
958.875000 282.876556 0.229000 264.869995
958.875000 283.105469 0.229000 264.975006
958.875000 283.105469 0.277000 265.065002
958.875000 283.332642 0.277000 265.174988
958.875000 283.536591 0.277000 265.279999
958.875000 283.536591 0.277000 265.364990
958.875000 283.536591 0.277000 265.480011
958.875000 283.738068 0.277000 265.570007
958.875000 283.738068 0.277000 265.674988
958.875000 283.738068 0.277000 265.765015
958.875000 283.738068 0.277000 265.869995
958.875000 283.738068 0.277000 265.980011
958.875000 283.738068 0.258000 266.065002
958.875000 283.738068 0.258000 266.174988
958.875000 283.738068 0.258000 266.279999
958.875000 283.738068 0.258000 266.380005
958.875000 283.738068 0.258000 266.480011
958.875000 283.939301 0.258000 266.579987
958.875000 283.939301 0.258000 266.674988
958.875000 283.939301 0.258000 266.760010
958.875000 283.939301 0.258000 266.875000
959.000000 283.939301 0.258000 266.970001
959.000000 283.939301 0.244000 267.075012
959.000000 283.939301 0.244000 267.170013
959.000000 283.939301 0.244000 267.265015
959.000000 283.939301 0.244000 267.364990
959.000000 283.939301 0.244000 267.475006
959.000000 283.939301 0.244000 267.575012
959.000000 283.939301 0.244000 267.670013
959.000000 283.939301 0.244000 267.774994
959.125000 283.939301 0.244000 267.864990
959.125000 283.939301 0.207000 267.980011
959.125000 283.939301 0.207000 268.065002
959.125000 283.939301 0.207000 268.179993
959.125000 283.939301 0.207000 268.269989
959.125000 283.939301 0.207000 268.375000
959.125000 284.143982 0.207000 268.459991
959.125000 284.143982 0.207000 268.575012
959.125000 284.361023 0.207000 268.670013
959.125000 284.361023 0.207000 268.774994
959.125000 284.574219 0.207000 268.885010
959.125000 284.574219 0.207000 268.964996
959.250000 284.778992 0.237000 269.075012
959.250000 284.778992 0.237000 269.165009
959.250000 284.983002 0.237000 269.269989
959.250000 284.983002 0.237000 269.380005
959.250000 285.192657 0.237000 269.470001
959.250000 285.192657 0.237000 269.579987
959.250000 285.401917 0.237000 269.679993
959.250000 285.401917 0.237000 269.774994
959.250000 285.401917 0.237000 269.864990
959.250000 285.401917 0.237000 269.975006
959.250000 285.401917 0.235000 270.070007
959.250000 285.401917 0.235000 270.179993
959.250000 285.602295 0.235000 270.265015
959.250000 285.602295 0.235000 270.369995
959.250000 285.602295 0.235000 270.480011
959.250000 285.602295 0.235000 270.575012
959.250000 285.602295 0.235000 270.665009
959.250000 285.602295 0.235000 270.774994
959.250000 285.602295 0.235000 270.880005
959.250000 285.602295 0.221000 270.970001
959.250000 285.602295 0.221000 271.070007
959.250000 285.602295 0.221000 271.174988
959.250000 285.602295 0.221000 271.279999
959.250000 285.602295 0.221000 271.380005
959.250000 285.602295 0.221000 271.464996
959.250000 285.602295 0.221000 271.579987
959.250000 285.602295 0.221000 271.665009
959.250000 285.602295 0.221000 271.774994
