92.625000 0.000000 0.223000 0.040000
110.375000 0.000000 0.223000 0.130000
120.875000 0.206434 0.223000 0.240000
128.500000 0.411314 0.223000 0.320000
136.000000 0.411314 0.223000 0.435000
142.500000 0.624472 0.223000 0.530000
147.375000 0.832562 0.223000 0.625000
151.250000 1.033906 0.223000 0.730000
155.875000 1.033906 0.223000 0.835000
159.750000 1.235752 0.277000 0.930000
164.125000 1.440080 0.277000 1.030000
170.125000 1.440080 0.277000 1.130000
175.500000 1.670814 0.277000 1.235000
180.250000 1.871010 0.277000 1.335000
183.875000 2.078815 0.277000 1.430000
188.000000 2.282170 0.277000 1.530000
193.375000 2.282170 0.277000 1.625000
197.500000 2.517941 0.277000 1.730000
203.750000 2.723905 0.277000 1.830000
208.000000 2.932041 0.278000 1.935000
212.000000 3.140350 0.278000 2.025000
215.625000 3.344319 0.278000 2.130000
221.000000 3.344319 0.278000 2.220000
224.625000 3.549534 0.278000 2.325000
227.250000 3.758835 0.278000 2.435000
230.750000 3.959038 0.278000 2.535000
233.875000 3.959038 0.278000 2.630000
235.625000 4.181788 0.278000 2.735000
239.250000 4.381837 0.278000 2.830000
241.000000 4.582940 0.260000 2.935000
242.750000 4.582940 0.260000 3.030000
244.000000 4.809484 0.260000 3.140000
246.875000 5.015181 0.260000 3.220000
248.500000 5.015181 0.260000 3.330000
250.250000 5.215725 0.260000 3.435000
251.500000 5.215725 0.260000 3.535000
252.625000 5.433167 0.260000 3.630000
253.875000 5.433167 0.260000 3.725000
254.500000 5.637668 0.260000 3.815000
255.500000 5.637668 0.224000 3.930000
257.250000 5.840765 0.224000 4.020000
258.625000 6.041572 0.224000 4.125000
259.750000 6.041572 0.224000 4.235000
260.250000 6.246566 0.224000 4.315000
261.500000 6.461288 0.224000 4.420000
262.250000 6.461288 0.224000 4.530000
263.125000 6.665075 0.224000 4.625000
264.875000 6.886024 0.224000 4.730000
267.375000 7.131601 0.224000 4.830000
268.125000 7.332690 0.235000 4.935000
270.625000 7.538208 0.235000 5.025000
271.250000 7.746233 0.235000 5.135000
272.000000 7.746233 0.235000 5.220000
273.875000 8.155761 0.235000 5.325000
275.125000 8.356112 0.235000 5.435000
276.250000 8.556406 0.235000 5.530000
278.000000 8.756539 0.235000 5.625000
279.250000 8.756539 0.235000 5.720000
280.500000 9.165470 0.235000 5.835000
281.250000 9.165470 0.315000 5.925000
283.000000 9.367001 0.315000 6.030000
283.750000 9.589526 0.315000 6.130000
284.875000 9.796797 0.315000 6.235000
286.375000 10.023612 0.315000 6.325000
288.500000 10.023612 0.315000 6.430000
289.625000 10.230958 0.315000 6.530000
291.250000 10.432858 0.315000 6.635000
292.500000 10.639815 0.315000 6.730000
293.750000 10.845984 0.315000 6.835000
294.375000 10.845984 0.286000 6.920000
296.250000 11.051887 0.286000 7.020000
297.750000 11.258795 0.286000 7.125000
299.625000 11.258795 0.286000 7.225000
302.125000 11.488553 0.286000 7.320000
303.875000 11.690880 0.286000 7.430000
304.250000 11.690880 0.286000 7.535000
304.750000 11.690880 0.286000 7.630000
305.375000 11.896894 0.286000 7.735000
305.750000 11.896894 0.286000 7.825000
306.125000 11.896894 0.307000 7.935000
306.750000 11.896894 0.307000 8.035000
307.125000 11.896894 0.307000 8.120000
308.625000 12.098708 0.307000 8.230000
309.375000 12.098708 0.307000 8.320000
310.000000 12.301986 0.307000 8.430000
310.875000 12.301986 0.307000 8.520000
311.875000 12.502636 0.307000 8.630000
312.875000 12.709558 0.307000 8.735000
313.000000 12.912475 0.307000 8.820000
313.000000 12.912475 0.306000 8.925000
313.125000 13.117767 0.306000 9.030000
313.375000 13.321625 0.306000 9.125000
313.375000 13.543467 0.306000 9.230000
313.625000 13.749131 0.306000 9.340000
313.750000 13.749131 0.306000 9.420000
314.000000 13.955802 0.306000 9.525000
314.000000 14.163054 0.306000 9.635000
314.000000 14.163054 0.306000 9.735000
314.125000 14.368526 0.306000 9.825000
314.375000 14.580311 0.247000 9.930000
314.500000 14.780608 0.247000 10.020000
314.875000 14.780608 0.247000 10.125000
315.250000 14.988851 0.247000 10.235000
315.250000 14.988851 0.247000 10.320000
315.500000 14.988851 0.247000 10.435000
315.500000 15.194648 0.247000 10.520000
315.625000 15.194648 0.247000 10.630000
315.625000 15.194648 0.247000 10.740000
315.625000 15.194648 0.183000 10.825000
315.625000 15.194648 0.183000 10.935000
315.750000 15.194648 0.183000 11.030000
315.750000 15.194648 0.183000 11.130000
315.750000 15.194648 0.183000 11.220000
315.875000 15.194648 0.183000 11.340000
315.875000 15.194648 0.183000 11.430000
315.875000 15.194648 0.183000 11.520000
315.875000 15.194648 0.183000 11.625000
315.875000 15.194648 0.183000 11.730000
315.875000 15.194648 0.167000 11.835000
315.875000 15.194648 0.167000 11.920000
316.000000 15.194648 0.167000 12.035000
316.000000 15.194648 0.167000 12.120000
316.000000 15.194648 0.167000 12.230000
316.000000 15.194648 0.167000 12.315000
316.000000 15.194648 0.167000 12.425000
316.000000 15.194648 0.167000 12.535000
316.000000 15.194648 0.167000 12.625000
316.000000 15.194648 0.167000 12.735000
316.000000 15.194648 0.177000 12.820000
316.000000 15.194648 0.177000 12.930000
316.000000 15.194648 0.177000 13.020000
316.000000 15.194648 0.177000 13.135000
316.000000 15.194648 0.177000 13.220000
316.000000 15.194648 0.177000 13.330000
316.000000 15.194648 0.177000 13.435000
316.375000 15.400077 0.177000 13.530000
316.375000 15.600510 0.177000 13.635000
316.500000 15.600510 0.177000 13.725000
316.500000 15.805042 0.177000 13.835000
316.500000 16.030365 0.187000 13.930000
316.750000 16.030365 0.187000 14.020000
316.750000 16.234671 0.187000 14.130000
316.750000 16.441710 0.187000 14.215000
316.750000 16.672731 0.187000 14.320000
316.875000 16.880226 0.187000 14.430000
317.500000 17.083424 0.187000 14.530000
317.750000 17.289806 0.187000 14.635000
317.875000 17.289806 0.187000 14.720000
318.250000 17.699982 0.187000 14.830000
318.375000 17.900333 0.229000 14.935000
318.375000 18.109516 0.229000 15.035000
318.500000 18.109516 0.229000 15.120000
318.500000 18.318933 0.229000 15.230000
318.750000 18.548185 0.229000 15.330000
318.875000 18.767443 0.229000 15.425000
319.000000 18.976974 0.229000 15.525000
319.250000 19.196644 0.229000 15.635000
319.250000 19.446489 0.229000 15.720000
319.250000 19.659195 0.229000 15.830000
319.375000 19.868086 0.244000 15.930000
319.500000 20.074720 0.244000 16.020000
319.750000 20.282797 0.244000 16.129999
319.750000 20.492599 0.244000 16.235001
319.875000 20.693617 0.244000 16.325001
320.125000 20.894981 0.244000 16.430000
320.250000 20.894981 0.244000 16.510000
320.500000 21.313995 0.244000 16.635000
320.500000 21.313995 0.244000 16.725000
320.625000 21.523476 0.244000 16.834999
320.875000 21.737608 0.205000 16.920000
320.875000 21.941097 0.205000 17.035000
320.875000 21.941097 0.205000 17.120001
320.875000 22.145264 0.205000 17.235001
320.875000 22.145264 0.205000 17.320000
321.250000 22.145264 0.205000 17.434999
321.250000 22.349363 0.205000 17.530001
321.250000 22.349363 0.205000 17.615000
321.250000 22.349363 0.205000 17.725000
321.250000 22.349363 0.158000 17.834999
321.250000 22.349363 0.158000 17.920000
321.250000 22.349363 0.158000 18.035000
321.250000 22.349363 0.158000 18.120001
321.250000 22.349363 0.158000 18.235001
321.250000 22.349363 0.158000 18.325001
321.250000 22.349363 0.158000 18.434999
321.250000 22.349363 0.158000 18.520000
321.250000 22.349363 0.158000 18.629999
321.250000 22.349363 0.158000 18.719999
321.250000 22.349363 0.146000 18.834999
321.250000 22.349363 0.146000 18.920000
321.250000 22.349363 0.146000 19.035000
321.250000 22.349363 0.146000 19.125000
321.250000 22.349363 0.146000 19.230000
321.250000 22.349363 0.146000 19.315001
321.250000 22.349363 0.146000 19.430000
321.250000 22.349363 0.146000 19.525000
321.250000 22.349363 0.146000 19.625000
321.250000 22.349363 0.146000 19.725000
321.250000 22.349363 0.145000 19.834999
321.250000 22.349363 0.145000 19.915001
321.250000 22.349363 0.145000 20.030001
321.250000 22.551184 0.145000 20.135000
321.250000 22.768476 0.145000 20.219999
321.250000 22.768476 0.145000 20.325001
321.250000 22.973988 0.145000 20.430000
321.250000 23.205057 0.145000 20.514999
321.375000 23.407499 0.145000 20.629999
321.500000 23.407499 0.145000 20.735001
321.500000 23.613663 0.145000 20.825001
321.500000 23.842600 0.208000 20.934999
321.500000 23.842600 0.208000 21.020000
321.625000 24.048216 0.208000 21.129999
321.750000 24.256422 0.208000 21.235001
321.750000 24.494335 0.208000 21.325001
321.750000 24.695589 0.208000 21.424999
321.750000 24.901014 0.208000 21.514999
321.750000 25.108677 0.208000 21.625000
321.750000 25.317469 0.208000 21.730000
321.750000 25.317469 0.208000 21.820000
321.750000 25.526594 0.242000 21.930000
321.750000 25.765274 0.242000 22.020000
321.875000 25.995609 0.242000 22.129999
321.875000 26.196722 0.242000 22.215000
322.000000 26.398327 0.242000 22.334999
322.125000 26.600361 0.242000 22.420000
322.125000 26.812553 0.242000 22.535000
322.250000 27.013235 0.242000 22.615000
322.250000 27.223019 0.242000 22.730000
322.375000 27.451937 0.242000 22.809999
322.375000 27.684944 0.215000 22.930000
322.375000 27.890841 0.215000 23.030001
322.500000 28.095858 0.215000 23.120001
322.500000 28.304138 0.215000 23.230000
322.500000 28.304138 0.215000 23.325001
322.625000 28.504404 0.215000 23.434999
322.625000 28.708031 0.215000 23.530001
322.625000 28.909521 0.215000 23.615000
322.750000 28.909521 0.215000 23.730000
322.750000 29.115055 0.215000 23.830000
322.750000 29.316771 0.185000 23.930000
322.750000 29.316771 0.185000 24.020000
322.750000 29.316771 0.185000 24.135000
322.750000 29.522425 0.185000 24.215000
322.875000 29.522425 0.185000 24.330000
323.000000 29.522425 0.185000 24.415001
323.000000 29.522425 0.185000 24.530001
323.000000 29.522425 0.185000 24.615000
323.000000 29.724497 0.185000 24.735001
323.000000 29.724497 0.183000 24.840000
323.000000 29.724497 0.183000 24.924999
323.000000 29.724497 0.183000 25.035000
323.000000 29.724497 0.183000 25.115000
323.000000 29.724497 0.183000 25.230000
323.000000 29.724497 0.183000 25.320000
323.000000 29.724497 0.183000 25.430000
323.000000 29.724497 0.183000 25.520000
323.000000 29.724497 0.183000 25.635000
323.000000 29.724497 0.183000 25.719999
323.000000 29.724497 0.168000 25.830000
323.000000 29.724497 0.168000 25.920000
323.000000 29.724497 0.168000 26.025000
323.000000 29.724497 0.168000 26.115000
323.000000 29.724497 0.168000 26.230000
323.000000 29.724497 0.168000 26.315001
323.000000 29.724497 0.168000 26.424999
323.000000 29.724497 0.168000 26.525000
323.000000 29.724497 0.168000 26.615000
323.000000 29.724497 0.168000 26.730000
323.000000 29.724497 0.164000 26.820000
323.000000 29.724497 0.164000 26.924999
323.000000 29.724497 0.164000 27.035000
323.000000 29.724497 0.164000 27.125000
323.000000 29.724497 0.164000 27.230000
323.000000 29.724497 0.164000 27.315001
323.000000 29.724497 0.164000 27.430000
323.000000 29.724497 0.164000 27.535000
323.000000 29.724497 0.164000 27.620001
323.125000 29.927488 0.164000 27.725000
323.125000 29.927488 0.149000 27.825001
323.125000 30.138489 0.149000 27.915001
323.250000 30.341988 0.149000 28.025000
323.250000 30.559332 0.149000 28.135000
323.250000 30.793102 0.149000 28.219999
323.375000 31.001812 0.149000 28.325001
323.375000 31.210230 0.149000 28.434999
323.500000 31.419373 0.149000 28.525000
323.500000 31.628946 0.149000 28.629999
323.625000 31.628946 0.149000 28.715000
323.875000 31.838751 0.177000 28.820000
323.875000 32.252987 0.177000 28.934999
324.000000 32.252987 0.177000 29.025000
324.000000 32.476128 0.177000 29.135000
324.000000 32.476128 0.177000 29.230000
324.000000 32.685444 0.177000 29.315001
324.000000 32.685444 0.177000 29.424999
324.125000 32.685444 0.177000 29.530001
324.125000 32.887997 0.177000 29.620001
324.125000 32.887997 0.177000 29.735001
324.125000 32.887997 0.173000 29.820000
324.125000 32.887997 0.173000 29.934999
324.125000 32.887997 0.173000 30.025000
324.125000 32.887997 0.173000 30.135000
324.125000 32.887997 0.173000 30.219999
324.125000 32.887997 0.173000 30.330000
324.125000 32.887997 0.173000 30.434999
324.125000 32.887997 0.173000 30.520000
324.125000 32.887997 0.173000 30.635000
324.125000 32.887997 0.173000 30.730000
324.125000 32.887997 0.165000 30.815001
324.125000 32.887997 0.165000 30.930000
324.125000 32.887997 0.165000 31.014999
324.125000 32.887997 0.165000 31.125000
324.125000 32.887997 0.165000 31.230000
324.125000 32.887997 0.165000 31.315001
324.125000 32.887997 0.165000 31.424999
324.125000 32.887997 0.165000 31.530001
324.125000 32.887997 0.165000 31.620001
324.125000 32.887997 0.165000 31.730000
324.125000 32.887997 0.165000 31.820000
324.125000 32.887997 0.165000 31.934999
324.125000 32.887997 0.165000 32.020000
324.125000 33.110744 0.165000 32.134998
324.125000 33.315578 0.165000 32.230000
324.125000 33.315578 0.165000 32.320000
324.125000 33.521770 0.165000 32.430000
324.125000 33.746544 0.165000 32.514999
324.125000 33.985004 0.165000 32.625000
324.250000 34.220753 0.165000 32.735001
324.375000 34.446964 0.187000 32.834999
324.375000 34.654007 0.187000 32.924999
324.500000 34.654007 0.187000 33.035000
324.750000 34.872616 0.187000 33.134998
324.875000 35.108223 0.187000 33.224998
325.125000 35.108223 0.187000 33.334999
325.125000 35.333302 0.187000 33.424999
325.250000 35.533653 0.187000 33.529999
325.500000 35.533653 0.187000 33.634998
325.500000 35.533653 0.187000 33.724998
325.750000 35.734734 0.187000 33.830002
325.875000 35.734734 0.226000 33.919998
325.875000 35.734734 0.226000 34.025002
325.875000 35.734734 0.226000 34.134998
326.125000 35.734734 0.226000 34.235001
326.125000 35.935261 0.226000 34.320000
326.250000 35.935261 0.226000 34.430000
326.250000 35.935261 0.226000 34.535000
326.250000 35.935261 0.226000 34.634998
326.500000 35.935261 0.226000 34.730000
326.500000 35.935261 0.226000 34.825001
326.500000 35.935261 0.216000 34.930000
326.625000 35.935261 0.216000 35.025002
326.625000 35.935261 0.216000 35.134998
326.625000 35.935261 0.216000 35.220001
326.625000 35.935261 0.216000 35.325001
326.625000 35.935261 0.216000 35.435001
326.625000 35.935261 0.216000 35.529999
326.625000 35.935261 0.216000 35.634998
326.625000 35.935261 0.216000 35.720001
326.625000 35.935261 0.216000 35.825001
326.625000 36.141434 0.205000 35.930000
327.125000 36.141434 0.205000 36.035000
327.375000 36.372654 0.205000 36.119999
327.375000 36.372654 0.205000 36.230000
327.625000 36.589149 0.205000 36.334999
327.625000 36.802166 0.205000 36.419998
327.750000 37.004673 0.205000 36.535000
328.000000 37.004673 0.205000 36.619999
328.625000 37.209351 0.205000 36.724998
330.125000 37.425034 0.205000 36.830002
331.375000 37.425034 0.226000 36.930000
333.000000 37.641006 0.226000 37.025002
333.250000 37.842075 0.226000 37.130001
334.000000 37.842075 0.226000 37.215000
334.375000 37.842075 0.226000 37.330002
334.750000 38.042130 0.226000 37.419998
335.250000 38.042130 0.226000 37.535000
336.250000 38.042130 0.226000 37.619999
336.250000 38.042130 0.226000 37.730000
336.375000 38.042130 0.226000 37.834999
336.500000 38.042130 0.233000 37.919998
336.500000 38.042130 0.233000 38.025002
336.875000 38.042130 0.233000 38.134998
337.000000 38.042130 0.233000 38.220001
337.125000 38.042130 0.233000 38.330002
337.250000 38.042130 0.233000 38.424999
337.375000 38.243065 0.233000 38.535000
337.500000 38.243065 0.233000 38.625000
337.750000 38.243065 0.233000 38.735001
337.750000 38.243065 0.233000 38.834999
337.750000 38.243065 0.231000 38.935001
337.750000 38.243065 0.231000 39.025002
337.750000 38.243065 0.231000 39.130001
337.875000 38.243065 0.231000 39.215000
337.875000 38.449577 0.231000 39.330002
337.875000 38.649727 0.231000 39.424999
338.000000 38.649727 0.231000 39.520000
338.000000 38.854424 0.231000 39.630001
338.125000 39.077843 0.231000 39.724998
338.250000 39.280880 0.231000 39.820000
338.375000 39.497196 0.244000 39.930000
338.500000 39.703041 0.244000 40.035000
338.625000 39.907169 0.244000 40.125000
338.875000 39.907169 0.244000 40.230999
338.875000 40.133224 0.244000 40.325001
339.000000 40.133224 0.244000 40.435001
339.125000 40.334557 0.244000 40.520000
339.250000 40.334557 0.244000 40.625000
339.250000 40.334557 0.244000 40.735001
339.250000 40.334557 0.244000 40.834999
339.250000 40.334557 0.248000 40.924999
339.250000 40.334557 0.248000 41.029999
339.250000 40.535141 0.248000 41.130001
339.250000 40.535141 0.248000 41.235001
339.250000 40.535141 0.248000 41.330002
339.250000 40.535141 0.248000 41.435001
339.375000 40.535141 0.248000 41.525002
339.500000 40.535141 0.248000 41.630001
339.500000 40.535141 0.248000 41.735001
339.500000 40.535141 0.248000 41.834999
339.500000 40.535141 0.231000 41.930000
339.500000 40.535141 0.231000 42.029999
339.500000 40.535141 0.231000 42.119999
339.500000 40.535141 0.231000 42.230000
339.625000 40.535141 0.231000 42.314999
339.750000 40.736584 0.231000 42.435001
339.875000 40.950523 0.231000 42.525002
340.250000 40.950523 0.231000 42.634998
340.250000 41.174026 0.231000 42.724998
340.375000 41.390179 0.231000 42.830002
340.625000 41.390179 0.245000 42.935001
341.125000 41.594177 0.245000 43.029999
341.250000 41.799179 0.245000 43.139999
341.375000 42.000759 0.245000 43.224998
341.500000 42.207146 0.245000 43.330002
341.625000 42.420845 0.245000 43.424999
341.750000 42.628418 0.245000 43.529999
342.250000 42.837883 0.245000 43.634998
342.750000 43.038303 0.245000 43.724998
343.250000 43.239178 0.245000 43.834999
344.125000 43.439213 0.271000 43.930000
345.125000 43.647736 0.271000 44.025002
346.250000 43.856968 0.271000 44.130001
348.000000 44.057034 0.271000 44.224998
350.125000 44.257618 0.271000 44.330002
350.750000 44.257618 0.271000 44.415001
352.750000 44.658993 0.271000 44.535000
354.500000 44.658993 0.271000 44.619999
356.000000 44.868816 0.271000 44.724998
358.750000 45.077969 0.271000 44.830002
361.000000 45.305134 0.295000 44.935001
364.000000 45.524937 0.295000 45.035000
368.250000 45.732792 0.295000 45.119999
370.875000 45.934101 0.295000 45.235001
375.000000 46.177155 0.295000 45.325001
378.000000 46.384048 0.295000 45.430000
380.000000 46.592537 0.295000 45.520000
382.750000 46.801918 0.295000 45.634998
384.375000 46.801918 0.295000 45.720001
386.125000 47.219475 0.295000 45.830002
388.000000 47.219475 0.296000 45.919998
389.125000 47.420616 0.296000 46.029999
389.500000 47.624203 0.296000 46.130001
390.250000 47.827503 0.296000 46.240002
390.500000 48.065708 0.296000 46.325001
391.250000 48.065708 0.296000 46.430000
392.250000 48.267548 0.296000 46.525002
393.000000 48.479134 0.296000 46.634998
393.125000 48.681370 0.296000 46.720001
393.125000 48.681370 0.296000 46.834999
393.375000 48.897926 0.299000 46.930000
393.625000 49.114620 0.299000 47.020000
393.875000 49.317272 0.299000 47.134998
395.125000 49.317272 0.299000 47.215000
395.125000 49.523186 0.299000 47.325001
395.125000 49.730015 0.299000 47.430000
395.375000 49.730015 0.299000 47.520000
395.375000 49.936661 0.299000 47.630001
395.500000 50.154987 0.299000 47.735001
395.625000 50.365585 0.299000 47.820000
395.625000 50.590981 0.255000 47.935001
395.625000 50.840820 0.255000 48.025002
395.625000 51.041859 0.255000 48.134998
396.750000 51.041859 0.255000 48.220001
397.000000 51.245529 0.255000 48.330002
397.000000 51.245529 0.255000 48.415001
397.000000 51.245529 0.255000 48.529999
397.000000 51.447517 0.255000 48.615002
397.000000 51.447517 0.255000 48.724998
397.375000 51.447517 0.255000 48.830002
397.375000 51.447517 0.268000 48.919998
397.625000 51.447517 0.268000 49.035000
397.625000 51.447517 0.268000 49.125000
397.750000 51.447517 0.268000 49.235001
397.875000 51.447517 0.268000 49.320000
397.875000 51.647770 0.268000 49.435001
397.875000 51.647770 0.268000 49.514999
397.875000 51.647770 0.268000 49.625000
397.875000 51.647770 0.268000 49.735001
398.000000 51.647770 0.268000 49.825001
398.000000 51.647770 0.234000 49.930000
398.000000 51.647770 0.234000 50.014999
398.000000 51.647770 0.234000 50.125000
398.000000 51.647770 0.234000 50.235001
398.000000 51.647770 0.234000 50.330002
398.000000 51.647770 0.234000 50.424999
398.000000 51.647770 0.234000 50.529999
398.000000 51.647770 0.234000 50.630001
398.250000 51.647770 0.234000 50.720001
398.250000 51.647770 0.234000 50.830002
398.250000 51.849682 0.226000 50.915001
398.250000 52.062542 0.226000 51.025002
398.375000 52.267258 0.226000 51.130001
398.375000 52.267258 0.226000 51.224998
398.375000 52.473911 0.226000 51.334999
398.375000 52.708321 0.226000 51.419998
398.375000 52.927010 0.226000 51.529999
398.500000 53.135941 0.226000 51.634998
398.500000 53.345020 0.226000 51.735001
398.500000 53.554333 0.226000 51.830002
398.625000 53.783516 0.278000 51.930000
398.625000 54.002869 0.278000 52.025002
398.750000 54.212181 0.278000 52.134998
398.750000 54.421631 0.278000 52.230000
398.750000 54.631329 0.278000 52.320000
398.875000 54.841129 0.278000 52.435001
399.000000 54.841129 0.278000 52.520000
399.000000 55.050949 0.278000 52.630001
399.000000 55.300537 0.278000 52.720001
399.000000 55.519485 0.278000 52.830002
399.125000 55.725449 0.271000 52.919998
401.000000 55.933441 0.271000 53.029999
402.250000 56.158886 0.271000 53.119999
403.125000 56.369194 0.271000 53.235001
404.125000 56.572624 0.271000 53.320000
404.875000 56.777744 0.271000 53.435001
405.375000 56.777744 0.271000 53.520000
405.750000 57.190872 0.271000 53.630001
406.625000 57.190872 0.271000 53.724998
407.500000 57.398186 0.271000 53.825001
408.375000 57.605717 0.243000 53.935001
409.000000 57.831844 0.243000 54.020000
410.000000 58.041328 0.243000 54.134998
410.625000 58.243130 0.243000 54.220001
411.625000 58.243130 0.243000 54.330002
411.750000 58.445499 0.243000 54.424999
412.625000 58.445499 0.243000 54.520000
413.000000 58.445499 0.243000 54.625000
413.500000 58.445499 0.243000 54.730000
414.000000 58.445499 0.243000 54.834999
414.625000 58.652199 0.252000 54.930000
414.875000 58.652199 0.252000 55.014999
415.125000 58.652199 0.252000 55.125000
415.125000 58.652199 0.252000 55.230000
415.125000 58.652199 0.252000 55.334999
415.500000 58.652199 0.252000 55.430000
415.625000 58.652199 0.252000 55.514999
415.750000 58.652199 0.252000 55.625000
416.125000 58.652199 0.252000 55.735001
416.250000 58.652199 0.252000 55.820000
416.500000 58.652199 0.242000 55.935001
416.500000 58.652199 0.242000 56.029999
416.625000 58.652199 0.242000 56.134998
416.625000 58.652199 0.242000 56.224998
416.625000 58.652199 0.242000 56.334999
416.625000 58.652199 0.242000 56.439999
416.750000 58.652199 0.242000 56.525002
416.875000 58.652199 0.242000 56.634998
417.000000 58.857086 0.242000 56.730000
417.125000 59.063454 0.242000 56.820000
417.125000 59.264370 0.267000 56.935001
417.250000 59.264370 0.267000 57.025002
417.375000 59.470303 0.267000 57.134998
417.375000 59.712143 0.267000 57.230000
417.750000 59.918541 0.267000 57.334999
418.000000 60.126476 0.267000 57.424999
418.000000 60.345024 0.267000 57.525002
418.500000 60.574093 0.267000 57.630001
418.625000 60.783581 0.267000 57.720001
419.125000 60.993088 0.267000 57.825001
419.250000 61.199886 0.275000 57.930000
419.250000 61.402012 0.275000 58.029999
419.250000 61.402012 0.275000 58.125000
419.250000 61.620338 0.275000 58.235001
419.250000 61.620338 0.275000 58.320000
419.250000 61.822205 0.275000 58.430000
419.250000 61.822205 0.275000 58.535000
419.250000 61.822205 0.275000 58.625000
419.250000 61.822205 0.275000 58.730000
419.250000 62.023399 0.275000 58.830002
419.625000 62.023399 0.249000 58.930000
419.625000 62.023399 0.249000 59.014999
419.625000 62.023399 0.249000 59.119999
419.875000 62.023399 0.249000 59.230000
419.875000 62.023399 0.249000 59.314999
419.875000 62.023399 0.249000 59.430000
419.875000 62.023399 0.249000 59.514999
419.875000 62.023399 0.249000 59.619999
419.875000 62.023399 0.249000 59.730000
419.875000 62.023399 0.249000 59.820000
419.875000 62.023399 0.248000 59.924999
419.875000 62.023399 0.248000 60.035000
419.875000 62.023399 0.248000 60.134998
419.875000 62.023399 0.248000 60.224998
419.875000 62.023399 0.248000 60.330002
419.875000 62.023399 0.248000 60.430000
419.875000 62.023399 0.248000 60.529999
419.875000 62.023399 0.248000 60.615002
420.000000 62.224155 0.248000 60.724998
420.000000 62.425060 0.248000 60.825001
420.000000 62.625725 0.244000 60.930000
420.125000 62.625725 0.244000 61.025002
420.125000 62.837433 0.244000 61.130001
420.125000 63.042534 0.244000 61.220001
420.625000 63.042534 0.244000 61.330002
420.875000 63.249184 0.244000 61.424999
421.250000 63.449402 0.244000 61.535000
421.250000 63.650909 0.244000 61.630001
421.500000 63.650909 0.244000 61.735001
422.250000 63.854267 0.244000 61.825001
422.500000 64.066208 0.245000 61.930000
422.500000 64.066208 0.245000 62.025002
422.875000 64.271126 0.245000 62.130001
423.125000 64.478455 0.245000 62.215000
423.500000 64.680603 0.245000 62.334999
423.625000 64.892677 0.245000 62.430000
423.625000 65.096298 0.245000 62.514999
423.625000 65.304420 0.245000 62.625000
423.750000 65.505249 0.245000 62.735001
423.875000 65.715004 0.245000 62.814999
424.125000 65.922195 0.259000 62.935001
424.125000 66.124466 0.259000 63.025002
424.125000 66.330421 0.259000 63.134998
424.250000 66.330421 0.259000 63.220001
424.375000 66.551620 0.259000 63.330002
424.375000 66.753197 0.259000 63.415001
424.500000 66.753197 0.259000 63.529999
424.750000 66.982727 0.259000 63.630001
424.875000 67.188484 0.259000 63.735001
424.875000 67.395676 0.259000 63.830002
425.000000 67.395676 0.257000 63.915001
425.000000 67.617950 0.257000 64.029999
425.125000 67.823051 0.257000 64.114998
425.375000 68.026711 0.257000 64.235001
425.750000 68.026711 0.257000 64.320000
425.875000 68.228897 0.257000 64.434998
426.250000 68.431229 0.257000 64.525002
426.875000 68.431229 0.257000 64.635002
427.625000 68.656410 0.257000 64.739998
428.125000 68.859268 0.257000 64.830002
428.625000 69.063347 0.266000 64.930000
429.250000 69.063347 0.266000 65.014999
429.625000 69.275055 0.266000 65.129997
430.500000 69.477341 0.266000 65.230003
430.750000 69.477341 0.266000 65.320000
431.750000 69.678528 0.266000 65.430000
432.125000 69.878738 0.266000 65.519997
432.125000 70.086067 0.266000 65.629997
432.250000 70.086067 0.266000 65.714996
432.625000 70.287056 0.266000 65.824997
432.750000 70.488609 0.242000 65.934998
433.125000 70.690445 0.242000 66.019997
433.625000 70.690445 0.242000 66.129997
434.625000 70.893379 0.242000 66.214996
435.250000 71.097519 0.242000 66.330002
435.375000 71.097519 0.242000 66.415001
435.625000 71.302307 0.242000 66.525002
436.000000 71.505135 0.242000 66.629997
436.000000 71.712646 0.242000 66.730003
436.625000 71.955124 0.242000 66.820000
436.625000 72.158371 0.225000 66.925003
437.500000 72.364906 0.225000 67.025002
437.875000 72.573112 0.225000 67.114998
438.125000 72.782173 0.225000 67.224998
438.500000 72.991638 0.225000 67.334999
438.500000 72.991638 0.225000 67.419998
439.000000 73.201080 0.225000 67.529999
439.375000 73.440224 0.225000 67.620003
439.750000 73.679596 0.225000 67.730003
440.000000 73.888763 0.225000 67.830002
440.250000 74.140587 0.233000 67.925003
440.500000 74.348648 0.233000 68.029999
441.125000 74.348648 0.233000 68.114998
441.250000 74.756088 0.233000 68.230003
441.500000 74.756088 0.233000 68.315002
442.125000 75.172386 0.233000 68.434998
442.500000 75.172386 0.233000 68.519997
442.750000 75.381714 0.233000 68.635002
443.000000 75.621277 0.233000 68.730003
443.375000 75.830917 0.233000 68.815002
443.375000 76.037445 0.248000 68.925003
443.750000 76.273338 0.248000 69.014999
443.875000 76.483002 0.248000 69.135002
444.000000 76.483002 0.248000 69.220001
444.500000 76.684395 0.248000 69.330002
444.875000 76.890663 0.248000 69.419998
445.000000 77.091431 0.248000 69.529999
445.250000 77.091431 0.248000 69.610001
445.250000 77.311790 0.248000 69.720001
445.500000 77.538857 0.248000 69.834999
445.750000 77.538857 0.233000 69.919998
445.875000 77.743774 0.233000 70.029999
446.250000 77.955864 0.233000 70.120003
446.375000 77.955864 0.233000 70.235001
446.750000 78.189880 0.233000 70.324997
446.750000 78.394516 0.233000 70.430000
446.750000 78.394516 0.233000 70.519997
447.375000 78.599808 0.233000 70.635002
448.125000 78.829353 0.233000 70.714996
448.125000 79.030518 0.233000 70.830002
448.250000 79.030518 0.262000 70.919998
448.625000 79.232063 0.262000 71.025002
448.875000 79.434509 0.262000 71.129997
449.000000 79.434509 0.262000 71.220001
449.125000 79.434509 0.262000 71.330002
449.250000 79.648445 0.262000 71.419998
449.250000 79.648445 0.262000 71.529999
449.375000 79.648445 0.262000 71.614998
449.500000 79.648445 0.262000 71.730003
449.500000 79.648445 0.262000 71.834999
449.625000 79.852669 0.211000 71.925003
449.750000 79.852669 0.211000 72.035004
449.875000 79.852669 0.211000 72.120003
450.000000 79.852669 0.211000 72.230003
450.125000 79.852669 0.211000 72.320000
450.250000 79.852669 0.211000 72.434998
450.375000 79.852669 0.211000 72.519997
450.375000 79.852669 0.211000 72.629997
450.375000 79.852669 0.211000 72.720001
450.375000 79.852669 0.211000 72.830002
450.500000 79.852669 0.205000 72.919998
450.500000 79.852669 0.205000 73.035004
450.625000 79.852669 0.205000 73.120003
450.625000 79.852669 0.205000 73.230003
450.625000 79.852669 0.205000 73.320000
450.625000 79.852669 0.205000 73.430000
450.625000 79.852669 0.205000 73.514999
450.750000 79.852669 0.205000 73.629997
450.875000 80.056641 0.205000 73.735001
451.250000 80.056641 0.205000 73.820000
451.500000 80.264900 0.208000 73.934998
451.875000 80.470009 0.208000 74.019997
452.375000 80.470009 0.208000 74.135002
453.000000 80.686829 0.208000 74.220001
453.625000 80.891411 0.208000 74.330002
454.000000 81.096764 0.208000 74.430000
454.375000 81.096764 0.208000 74.519997
454.750000 81.298660 0.208000 74.629997
455.250000 81.522964 0.208000 74.720001
455.750000 81.755470 0.208000 74.830002
456.125000 81.992615 0.257000 74.915001
456.750000 82.210281 0.257000 75.025002
458.500000 82.413376 0.257000 75.129997
461.625000 82.615540 0.257000 75.235001
462.500000 82.615540 0.257000 75.324997
463.500000 82.844772 0.257000 75.425003
463.625000 83.045319 0.257000 75.514999
465.000000 83.045319 0.257000 75.625000
466.125000 83.252037 0.257000 75.735001
466.375000 83.458160 0.257000 75.824997
466.625000 83.664024 0.260000 75.930000
467.125000 83.664024 0.260000 76.019997
467.625000 83.893036 0.260000 76.125000
467.625000 84.097107 0.260000 76.230003
468.000000 84.303398 0.260000 76.320000
468.375000 84.511063 0.260000 76.430000
469.375000 84.714439 0.260000 76.529999
470.000000 84.714439 0.260000 76.620003
470.625000 84.940750 0.260000 76.735001
471.250000 85.188881 0.260000 76.824997
472.250000 85.417953 0.243000 76.930000
472.625000 85.654999 0.243000 77.040001
473.500000 85.855911 0.243000 77.129997
474.000000 86.059387 0.243000 77.235001
474.625000 86.059387 0.243000 77.334999
475.250000 86.262093 0.243000 77.419998
475.875000 86.466385 0.243000 77.529999
476.000000 86.466385 0.243000 77.620003
476.375000 86.670158 0.243000 77.735001
476.750000 86.911331 0.243000 77.834999
477.125000 86.911331 0.242000 77.919998
477.375000 87.138641 0.242000 78.025002
477.625000 87.351479 0.242000 78.135002
477.625000 87.351479 0.242000 78.214996
477.750000 87.556503 0.242000 78.334999
477.750000 87.775719 0.242000 78.419998
478.000000 87.775719 0.242000 78.519997
478.250000 87.980087 0.242000 78.620003
478.250000 88.186203 0.218000 78.714996
478.500000 88.386589 0.218000 78.830002
478.750000 88.386589 0.218000 78.919998
478.875000 88.603714 0.218000 79.025002
479.000000 88.807518 0.218000 79.135002
479.125000 88.807518 0.218000 79.220001
479.250000 89.012131 0.218000 79.334999
479.375000 89.217255 0.218000 79.425003
479.500000 89.439270 0.218000 79.535004
479.500000 89.648041 0.218000 79.635002
479.625000 89.648041 0.218000 79.730003
479.750000 89.858116 0.218000 79.820000
480.125000 90.087952 0.217000 79.934998
480.125000 90.293343 0.217000 80.025002
480.375000 90.500885 0.217000 80.135002
480.500000 90.739517 0.217000 80.220001
480.625000 90.958946 0.217000 80.334999
480.625000 91.168716 0.217000 80.419998
480.625000 91.378365 0.217000 80.525002
480.750000 91.588036 0.217000 80.629997
480.750000 91.588036 0.217000 80.720001
480.875000 92.005424 0.217000 80.834999
480.875000 92.005424 0.225000 80.925003
480.875000 92.209763 0.225000 81.035004
481.000000 92.443008 0.225000 81.129997
481.000000 92.649384 0.225000 81.230003
481.250000 92.857384 0.225000 81.320000
481.250000 93.086212 0.225000 81.430000
481.250000 93.315620 0.225000 81.519997
481.375000 93.545311 0.225000 81.635002
481.375000 93.755058 0.225000 81.720001
481.625000 93.962128 0.225000 81.830002
481.625000 93.962128 0.199000 81.925003
481.750000 94.173340 0.199000 82.035004
482.000000 94.405533 0.199000 82.120003
482.750000 94.631340 0.199000 82.235001
483.375000 94.839363 0.199000 82.315002
483.750000 95.048294 0.199000 82.434998
484.250000 95.287651 0.199000 82.519997
484.625000 95.507355 0.199000 82.635002
484.750000 95.717224 0.199000 82.724998
485.125000 95.926277 0.199000 82.830002
485.250000 95.926277 0.231000 82.919998
485.750000 96.129196 0.231000 83.029999
485.875000 96.350357 0.231000 83.110001
486.000000 96.551132 0.231000 83.224998
486.125000 96.755333 0.231000 83.334999
486.250000 96.755333 0.231000 83.425003
486.500000 96.961319 0.231000 83.535004
486.500000 97.173325 0.231000 83.614998
486.625000 97.173325 0.231000 83.730003
486.750000 97.400436 0.231000 83.834999
486.875000 97.635422 0.242000 83.930000
486.875000 97.635422 0.242000 84.029999
486.875000 97.848404 0.242000 84.120003
487.000000 98.070457 0.242000 84.230003
487.000000 98.070457 0.242000 84.320000
487.375000 98.270607 0.242000 84.434998
487.375000 98.506165 0.242000 84.519997
487.500000 98.506165 0.242000 84.629997
487.500000 98.724525 0.242000 84.730003
487.500000 98.950096 0.242000 84.824997
487.625000 98.950096 0.241000 84.934998
487.625000 99.169228 0.241000 85.019997
487.625000 99.392715 0.241000 85.125000
487.875000 99.392715 0.241000 85.235001
488.000000 99.617004 0.241000 85.320000
488.000000 99.820076 0.241000 85.434998
488.250000 99.820076 0.241000 85.519997
488.500000 100.024567 0.241000 85.629997
488.500000 100.229973 0.241000 85.735001
488.500000 100.451004 0.241000 85.824997
488.625000 100.451004 0.206000 85.934998
489.000000 100.687996 0.206000 86.025002
489.125000 100.920265 0.206000 86.120003
489.250000 101.129440 0.206000 86.235001
489.375000 101.129440 0.206000 86.320000
489.375000 101.541649 0.206000 86.430000
490.000000 101.746590 0.206000 86.535004
490.250000 101.746590 0.206000 86.620003
490.875000 101.952080 0.206000 86.735001
491.125000 102.187218 0.206000 86.824997
491.125000 102.403954 0.255000 86.934998
491.125000 102.611015 0.255000 87.019997
491.375000 102.820915 0.255000 87.129997
491.625000 103.069626 0.255000 87.224998
491.750000 103.288521 0.255000 87.334999
492.250000 103.496902 0.255000 87.434998
492.250000 103.706039 0.255000 87.525002
492.375000 103.706039 0.255000 87.625000
492.625000 103.915779 0.255000 87.709999
492.625000 104.124420 0.255000 87.834999
492.750000 104.350670 0.258000 87.930000
492.750000 104.551636 0.258000 88.035004
492.875000 104.551636 0.258000 88.125000
492.875000 104.754288 0.258000 88.239998
492.875000 104.754288 0.258000 88.324997
493.000000 104.754288 0.258000 88.430000
493.250000 104.754288 0.258000 88.519997
493.250000 104.754288 0.258000 88.629997
493.250000 104.954353 0.258000 88.735001
493.250000 104.954353 0.258000 88.824997
493.375000 104.954353 0.243000 88.925003
493.375000 104.954353 0.243000 89.035004
493.375000 104.954353 0.243000 89.129997
493.375000 104.954353 0.243000 89.214996
493.375000 104.954353 0.243000 89.320000
493.375000 104.954353 0.243000 89.434998
493.375000 104.954353 0.243000 89.525002
493.375000 104.954353 0.243000 89.625000
493.375000 104.954353 0.243000 89.735001
493.375000 104.954353 0.243000 89.824997
493.375000 104.954353 0.235000 89.930000
493.375000 104.954353 0.235000 90.014999
493.375000 105.155678 0.235000 90.125000
493.375000 105.355934 0.235000 90.230003
493.375000 105.355934 0.235000 90.320000
493.500000 105.557983 0.235000 90.430000
493.500000 105.780838 0.235000 90.519997
493.500000 105.780838 0.235000 90.629997
493.625000 106.000145 0.235000 90.735001
493.750000 106.229149 0.235000 90.824997
493.875000 106.229149 0.252000 90.930000
494.000000 106.444389 0.252000 91.025002
494.125000 106.668396 0.252000 91.120003
494.375000 106.668396 0.252000 91.230003
494.500000 106.886200 0.252000 91.320000
494.500000 106.886200 0.252000 91.425003
494.625000 107.091469 0.252000 91.525002
494.625000 107.091469 0.252000 91.620003
494.750000 107.091469 0.252000 91.730003
494.750000 107.292717 0.252000 91.820000
494.750000 107.292717 0.248000 91.925003
495.000000 107.292717 0.248000 92.035004
495.000000 107.292717 0.248000 92.120003
495.000000 107.292717 0.248000 92.235001
495.000000 107.292717 0.248000 92.320000
495.000000 107.292717 0.248000 92.434998
495.000000 107.292717 0.248000 92.519997
495.000000 107.292717 0.248000 92.629997
495.000000 107.292717 0.248000 92.735001
495.125000 107.292717 0.248000 92.820000
495.125000 107.292717 0.233000 92.925003
495.125000 107.292717 0.233000 93.035004
495.125000 107.292717 0.233000 93.125000
495.125000 107.292717 0.233000 93.235001
495.125000 107.292717 0.233000 93.320000
495.125000 107.496216 0.233000 93.434998
495.250000 107.496216 0.233000 93.519997
495.250000 107.717529 0.233000 93.635002
495.250000 107.919037 0.233000 93.720001
495.250000 107.919037 0.233000 93.824997
495.375000 108.119789 0.228000 93.934998
495.375000 108.338470 0.228000 94.035004
495.375000 108.338470 0.228000 94.125000
495.625000 108.544930 0.228000 94.235001
495.750000 108.775551 0.228000 94.324997
495.875000 108.996346 0.228000 94.434998
496.000000 109.237732 0.228000 94.519997
496.000000 109.452881 0.228000 94.635002
496.375000 109.660255 0.228000 94.724998
496.375000 109.868835 0.228000 94.834999
496.750000 109.868835 0.202000 94.919998
496.875000 110.287392 0.202000 95.029999
497.375000 110.287392 0.202000 95.129997
498.250000 110.527008 0.202000 95.235001
499.000000 110.746841 0.202000 95.320000
501.750000 110.956772 0.202000 95.425003
504.375000 111.186676 0.202000 95.535004
506.625000 111.426277 0.202000 95.635002
508.750000 111.645752 0.202000 95.730003
510.625000 111.853493 0.202000 95.824997
512.125000 112.054085 0.242000 95.925003
512.875000 112.260063 0.242000 96.035004
513.250000 112.260063 0.242000 96.120003
514.875000 112.461189 0.242000 96.235001
515.375000 112.696289 0.242000 96.320000
516.500000 112.923508 0.242000 96.434998
517.500000 113.132202 0.242000 96.525002
518.125000 113.341469 0.242000 96.629997
518.875000 113.570992 0.242000 96.739998
519.250000 113.790092 0.242000 96.824997
520.500000 113.994347 0.232000 96.925003
522.000000 114.201393 0.232000 97.035004
523.875000 114.201393 0.232000 97.125000
526.250000 114.401535 0.232000 97.230003
528.250000 114.401535 0.232000 97.334999
530.125000 114.401535 0.232000 97.430000
532.875000 114.612251 0.232000 97.514999
534.250000 114.612251 0.232000 97.635002
537.250000 114.612251 0.232000 97.724998
539.250000 114.612251 0.232000 97.834999
541.125000 114.612251 0.247000 97.919998
542.250000 114.612251 0.247000 98.019997
543.000000 114.612251 0.247000 98.129997
543.875000 114.812721 0.247000 98.230003
544.625000 114.812721 0.247000 98.334999
544.750000 114.812721 0.247000 98.419998
545.625000 114.812721 0.247000 98.535004
546.625000 114.812721 0.247000 98.620003
546.750000 114.812721 0.247000 98.730003
547.750000 114.812721 0.247000 98.834999
547.875000 114.812721 0.247000 98.919998
548.375000 114.812721 0.247000 99.025002
548.875000 114.812721 0.247000 99.114998
549.125000 114.812721 0.247000 99.230003
549.125000 114.812721 0.247000 99.320000
549.375000 114.812721 0.247000 99.430000
549.750000 114.812721 0.247000 99.535004
550.000000 114.812721 0.247000 99.620003
550.000000 114.812721 0.247000 99.730003
550.250000 114.812721 0.247000 99.820000
550.250000 114.812721 0.235000 99.930000
550.375000 115.026657 0.235000 100.029999
550.500000 115.026657 0.235000 100.125000
550.500000 115.248306 0.235000 100.235001
550.500000 115.248306 0.235000 100.320000
550.625000 115.449997 0.235000 100.425003
550.625000 115.652550 0.235000 100.529999
550.625000 115.652550 0.235000 100.614998
550.625000 115.652550 0.235000 100.720001
550.625000 115.854507 0.235000 100.830002
550.625000 115.854507 0.225000 100.930000
550.625000 116.066254 0.225000 101.019997
550.625000 116.066254 0.225000 101.125000
550.625000 116.267876 0.225000 101.230003
550.625000 116.267876 0.225000 101.320000
550.750000 116.470261 0.225000 101.425003
550.750000 116.470261 0.225000 101.529999
550.750000 116.675064 0.225000 101.625000
550.750000 116.675064 0.225000 101.735001
550.750000 116.893448 0.225000 101.834999
550.750000 116.893448 0.238000 101.925003
550.750000 116.893448 0.238000 102.035004
550.875000 117.108704 0.238000 102.120003
551.375000 117.108704 0.238000 102.224998
553.125000 117.313263 0.238000 102.334999
556.000000 117.553505 0.238000 102.425003
556.250000 117.553505 0.238000 102.535004
556.625000 117.769402 0.238000 102.620003
556.750000 117.987465 0.238000 102.730003
556.875000 117.987465 0.238000 102.839996
557.250000 118.190742 0.274000 102.925003
557.250000 118.393417 0.274000 103.035004
557.375000 118.393417 0.274000 103.120003
557.375000 118.595970 0.274000 103.230003
557.500000 118.798820 0.274000 103.320000
557.625000 119.002594 0.274000 103.430000
557.625000 119.002594 0.274000 103.514999
558.125000 119.228867 0.274000 103.620003
559.125000 119.441139 0.274000 103.730003
559.250000 119.441139 0.274000 103.834999
559.750000 119.669907 0.283000 103.919998
560.250000 119.901268 0.283000 104.035004
560.375000 119.901268 0.283000 104.120003
560.500000 120.126373 0.283000 104.230003
560.500000 120.329483 0.283000 104.334999
560.750000 120.329483 0.283000 104.430000
560.750000 120.532875 0.283000 104.529999
560.875000 120.736397 0.283000 104.620003
560.875000 120.941032 0.283000 104.720001
561.000000 121.146706 0.283000 104.834999
561.125000 121.146706 0.303000 104.925003
561.250000 121.354248 0.303000 105.029999
561.250000 121.557098 0.303000 105.114998
561.250000 121.761772 0.303000 105.224998
561.250000 121.761772 0.303000 105.334999
561.375000 121.970955 0.303000 105.419998
561.375000 121.970955 0.303000 105.529999
561.375000 121.970955 0.303000 105.625000
561.375000 122.174164 0.303000 105.735001
561.375000 122.174164 0.303000 105.824997
561.375000 122.174164 0.256000 105.934998
561.375000 122.174164 0.256000 106.029999
561.375000 122.174164 0.256000 106.114998
561.375000 122.174164 0.256000 106.230003
561.375000 122.174164 0.256000 106.320000
561.375000 122.174164 0.256000 106.434998
561.375000 122.174164 0.256000 106.519997
561.375000 122.174164 0.256000 106.635002
561.375000 122.174164 0.256000 106.720001
561.375000 122.174164 0.256000 106.824997
561.375000 122.374496 0.238000 106.930000
561.375000 122.374496 0.238000 107.029999
561.375000 122.374496 0.238000 107.125000
561.375000 122.374496 0.238000 107.235001
561.375000 122.374496 0.238000 107.320000
561.375000 122.374496 0.238000 107.430000
561.375000 122.374496 0.238000 107.535004
561.375000 122.374496 0.238000 107.625000
561.500000 122.575424 0.238000 107.735001
561.500000 122.575424 0.238000 107.824997
561.625000 122.798058 0.249000 107.934998
561.625000 123.014099 0.249000 108.025002
561.625000 123.219429 0.249000 108.114998
561.875000 123.421585 0.249000 108.224998
561.875000 123.626198 0.249000 108.334999
561.875000 123.626198 0.249000 108.419998
562.000000 124.038414 0.249000 108.529999
562.000000 124.038414 0.249000 108.629997
562.000000 124.246605 0.249000 108.724998
562.125000 124.455666 0.249000 108.830002
562.250000 124.675087 0.261000 108.915001
562.250000 124.892235 0.261000 109.019997
562.375000 125.098473 0.261000 109.135002
562.375000 125.326492 0.261000 109.230003
562.375000 125.326492 0.261000 109.320000
562.500000 125.529259 0.261000 109.430000
562.500000 125.731247 0.261000 109.519997
562.500000 125.936981 0.261000 109.625000
562.625000 125.936981 0.261000 109.735001
562.750000 126.148659 0.261000 109.820000
562.750000 126.369247 0.254000 109.930000
562.750000 126.369247 0.254000 110.035004
562.750000 126.569664 0.254000 110.120003
562.750000 126.776276 0.254000 110.235001
562.875000 126.980301 0.254000 110.320000
562.875000 126.980301 0.254000 110.425003
562.875000 127.183006 0.254000 110.519997
562.875000 127.407593 0.254000 110.639999
563.000000 127.407593 0.254000 110.724998
563.250000 127.611206 0.254000 110.834999
563.250000 127.829094 0.270000 110.930000
563.250000 127.829094 0.270000 111.014999
563.500000 128.034607 0.270000 111.125000
563.625000 128.242004 0.270000 111.220001
563.750000 128.242004 0.270000 111.315002
563.875000 128.442764 0.270000 111.419998
563.875000 128.642792 0.270000 111.535004
563.875000 128.865875 0.270000 111.640999
563.875000 128.865875 0.270000 111.730003
564.000000 129.082977 0.270000 111.830002
564.000000 129.308472 0.271000 111.919998
564.125000 129.308472 0.271000 112.025002
564.125000 129.512344 0.271000 112.129997
564.250000 129.717377 0.271000 112.214996
564.250000 129.922684 0.271000 112.324997
564.250000 129.922684 0.271000 112.434998
564.250000 130.151337 0.271000 112.519997
564.250000 130.357452 0.271000 112.625000
564.500000 130.566101 0.271000 112.739998
564.500000 130.776871 0.271000 112.824997
564.500000 130.982391 0.270000 112.934998
564.500000 131.189987 0.270000 113.029999
564.500000 131.398285 0.270000 113.125000
564.500000 131.606476 0.270000 113.230003
564.500000 131.606476 0.270000 113.324997
564.500000 131.814163 0.270000 113.430000
564.500000 132.060638 0.270000 113.519997
564.500000 132.288910 0.270000 113.635002
564.500000 132.494873 0.270000 113.730003
564.500000 132.700989 0.270000 113.830002
564.625000 132.927399 0.231000 113.934998
565.125000 133.133011 0.231000 114.019997
565.875000 133.358170 0.231000 114.135002
566.625000 133.358170 0.231000 114.220001
568.375000 133.564819 0.231000 114.330002
569.750000 133.785095 0.231000 114.425003
570.500000 133.986710 0.231000 114.529999
572.125000 134.193970 0.231000 114.635002
573.375000 134.193970 0.231000 114.735001
574.625000 134.400574 0.231000 114.824997
575.875000 134.609283 0.245000 114.930000
576.625000 134.609283 0.245000 115.029999
577.625000 134.834534 0.245000 115.120003
577.750000 135.059921 0.245000 115.230003
577.875000 135.059921 0.245000 115.334999
578.500000 135.263031 0.245000 115.425003
579.000000 135.466339 0.245000 115.540001
579.000000 135.677475 0.245000 115.635002
579.125000 135.677475 0.245000 115.720001
579.250000 135.904343 0.245000 115.831001
579.375000 136.108978 0.237000 115.934998
579.500000 136.108978 0.237000 116.019997
579.625000 136.313980 0.237000 116.129997
579.750000 136.518356 0.237000 116.220001
579.875000 136.718643 0.237000 116.324997
580.125000 136.923645 0.237000 116.430000
580.125000 137.126129 0.237000 116.514999
580.250000 137.332153 0.237000 116.620003
580.500000 137.540054 0.237000 116.730003
580.625000 137.748932 0.237000 116.820000
580.875000 137.957581 0.264000 116.934998
580.875000 138.165070 0.264000 117.019997
580.875000 138.373169 0.264000 117.129997
581.000000 138.581970 0.264000 117.235001
581.000000 138.791275 0.264000 117.334999
581.375000 138.791275 0.264000 117.425003
581.500000 139.000854 0.264000 117.529999
581.500000 139.220566 0.264000 117.614998
581.750000 139.450333 0.264000 117.730003
581.875000 139.659714 0.264000 117.830002
582.125000 139.864304 0.235000 117.925003
582.250000 140.071335 0.235000 118.025002
582.250000 140.280914 0.235000 118.129997
582.375000 140.485062 0.235000 118.220001
582.375000 140.691956 0.235000 118.320000
582.625000 140.900345 0.235000 118.425003
583.000000 141.109512 0.235000 118.529999
583.125000 141.109512 0.235000 118.614998
583.250000 141.319122 0.235000 118.720001
583.375000 141.528885 0.245000 118.824997
583.625000 141.737000 0.245000 118.930000
584.125000 141.973450 0.245000 119.019997
584.250000 142.221481 0.245000 119.125000
584.625000 142.459274 0.245000 119.220001
585.250000 142.666946 0.245000 119.324997
585.625000 142.666946 0.245000 119.434998
586.375000 142.884903 0.245000 119.540001
586.625000 143.087280 0.245000 119.625000
586.625000 143.293915 0.245000 119.735001
587.750000 143.293915 0.245000 119.830002
589.875000 143.507095 0.263000 119.919998
590.375000 143.726074 0.263000 120.025002
592.375000 143.726074 0.263000 120.135002
594.625000 143.960449 0.263000 120.224998
595.500000 144.167892 0.263000 120.334999
597.625000 144.167892 0.263000 120.419998
598.875000 144.374878 0.263000 120.535004
600.125000 144.581345 0.263000 120.620003
601.125000 144.799377 0.263000 120.735001
602.125000 144.799377 0.263000 120.820000
602.875000 145.001678 0.287000 120.930000
604.000000 145.220306 0.287000 121.035004
604.875000 145.424438 0.287000 121.120003
605.625000 145.632599 0.287000 121.235001
606.250000 145.632599 0.287000 121.320000
606.750000 145.833450 0.287000 121.430000
608.500000 146.060059 0.287000 121.535004
608.625000 146.289963 0.287000 121.629997
608.750000 146.491379 0.287000 121.714996
608.750000 146.697220 0.287000 121.834999
608.750000 146.912170 0.246000 121.915001
608.875000 146.912170 0.246000 122.025002
609.000000 147.114807 0.246000 122.135002
609.000000 147.114807 0.246000 122.235001
609.000000 147.316971 0.246000 122.324997
609.000000 147.316971 0.246000 122.434998
609.000000 147.316971 0.246000 122.519997
609.125000 147.316971 0.246000 122.635002
609.250000 147.316971 0.246000 122.730003
609.250000 147.316971 0.246000 122.820000
609.250000 147.316971 0.188000 122.934998
609.375000 147.316971 0.188000 123.029999
609.375000 147.517395 0.188000 123.120003
609.375000 147.517395 0.188000 123.230003
609.375000 147.517395 0.188000 123.315002
609.375000 147.517395 0.188000 123.425003
609.375000 147.517395 0.188000 123.519997
609.375000 147.517395 0.188000 123.625000
609.375000 147.517395 0.188000 123.735001
609.375000 147.517395 0.188000 123.820000
609.375000 147.517395 0.215000 123.925003
609.500000 147.517395 0.215000 124.035004
609.625000 147.517395 0.215000 124.125000
609.625000 147.517395 0.215000 124.235001
609.625000 147.517395 0.215000 124.320000
609.625000 147.517395 0.215000 124.425003
609.625000 147.517395 0.215000 124.535004
609.625000 147.517395 0.215000 124.625000
609.625000 147.517395 0.215000 124.735001
609.625000 147.718384 0.215000 124.839996
609.625000 147.718384 0.216000 124.934998
609.625000 147.718384 0.216000 125.025002
609.625000 147.718384 0.216000 125.135002
609.625000 147.718384 0.216000 125.220001
609.625000 147.718384 0.216000 125.334999
609.625000 147.718384 0.216000 125.425003
609.625000 147.919098 0.216000 125.529999
609.625000 147.919098 0.216000 125.620003
609.625000 147.919098 0.216000 125.724998
609.625000 147.919098 0.216000 125.834999
609.625000 147.919098 0.205000 125.930000
609.625000 147.919098 0.205000 126.019997
609.625000 147.919098 0.205000 126.129997
609.625000 147.919098 0.205000 126.214996
609.625000 147.919098 0.205000 126.324997
609.625000 147.919098 0.205000 126.434998
609.625000 147.919098 0.205000 126.519997
609.625000 147.919098 0.205000 126.629997
609.625000 147.919098 0.205000 126.720001
609.625000 147.919098 0.205000 126.824997
609.750000 147.919098 0.198000 126.919998
609.750000 147.919098 0.198000 127.029999
609.750000 147.919098 0.198000 127.110001
609.875000 147.919098 0.198000 127.230003
609.875000 147.919098 0.198000 127.320000
610.000000 147.919098 0.198000 127.430000
610.000000 147.919098 0.198000 127.519997
610.000000 147.919098 0.198000 127.625000
610.000000 147.919098 0.198000 127.730003
610.000000 147.919098 0.198000 127.830002
610.125000 147.919098 0.215000 127.919998
610.125000 147.919098 0.215000 128.029999
610.125000 147.919098 0.215000 128.125000
610.125000 147.919098 0.215000 128.229996
610.125000 147.919098 0.215000 128.320007
610.125000 147.919098 0.215000 128.434998
610.125000 147.919098 0.215000 128.524994
610.125000 147.919098 0.215000 128.630005
610.125000 147.919098 0.215000 128.735001
610.125000 147.919098 0.215000 128.824997
610.125000 147.919098 0.203000 128.929993
610.125000 147.919098 0.203000 129.035004
610.125000 147.919098 0.203000 129.119995
610.125000 147.919098 0.203000 129.235001
610.125000 147.919098 0.203000 129.324997
610.125000 147.919098 0.203000 129.429993
610.125000 147.919098 0.203000 129.520004
610.125000 147.919098 0.203000 129.634995
610.125000 147.919098 0.203000 129.725006
610.125000 147.919098 0.203000 129.835007
610.125000 147.919098 0.203000 129.919998
610.125000 147.919098 0.203000 130.024994
610.125000 147.919098 0.203000 130.130997
610.125000 147.919098 0.203000 130.235001
610.125000 147.919098 0.203000 130.324997
610.125000 147.919098 0.203000 130.429993
610.125000 147.919098 0.203000 130.514999
610.125000 147.919098 0.203000 130.625000
610.125000 147.919098 0.203000 130.720001
610.125000 147.919098 0.203000 130.835007
610.125000 147.919098 0.194000 130.919998
610.125000 147.919098 0.194000 131.035004
610.125000 147.919098 0.194000 131.130005
610.125000 147.919098 0.194000 131.229996
610.125000 147.919098 0.194000 131.330002
610.125000 147.919098 0.194000 131.419998
610.125000 147.919098 0.194000 131.524994
610.125000 147.919098 0.194000 131.634995
610.125000 147.919098 0.194000 131.729996
610.125000 147.919098 0.194000 131.830002
610.125000 147.919098 0.198000 131.919998
610.125000 147.919098 0.198000 132.035004
610.125000 147.919098 0.198000 132.125000
610.125000 147.919098 0.198000 132.235001
610.125000 147.919098 0.198000 132.320007
610.125000 147.919098 0.198000 132.434998
610.125000 147.919098 0.198000 132.520004
610.125000 147.919098 0.198000 132.630005
610.125000 147.919098 0.198000 132.720001
610.125000 147.919098 0.192000 132.835007
610.125000 147.919098 0.192000 132.914993
610.125000 147.919098 0.192000 133.029999
610.125000 147.919098 0.192000 133.110001
610.125000 147.919098 0.192000 133.225006
610.125000 147.919098 0.192000 133.330002
610.125000 147.919098 0.192000 133.434998
610.125000 147.919098 0.192000 133.524994
610.250000 148.120667 0.192000 133.634995
610.250000 148.120667 0.192000 133.720001
610.250000 148.331390 0.192000 133.835007
610.250000 148.537018 0.210000 133.919998
610.250000 148.537018 0.210000 134.035004
610.250000 148.748505 0.210000 134.130005
610.250000 148.958572 0.210000 134.220001
610.250000 149.158691 0.210000 134.335007
610.375000 149.158691 0.210000 134.414993
610.625000 149.363052 0.210000 134.529999
610.750000 149.564545 0.210000 134.619995
610.875000 149.564545 0.210000 134.725006
610.875000 149.767807 0.210000 134.830002
611.125000 149.987350 0.249000 134.910004
611.125000 150.192581 0.249000 135.024994
611.125000 150.192581 0.249000 135.130005
611.125000 150.397018 0.249000 135.235001
611.125000 150.607239 0.249000 135.320007
611.250000 150.607239 0.249000 135.429993
611.250000 150.809189 0.249000 135.520004
611.375000 150.809189 0.249000 135.630005
611.375000 151.010345 0.249000 135.735001
611.375000 151.010345 0.249000 135.824997
611.375000 151.010345 0.196000 135.934998
611.500000 151.010345 0.196000 136.024994
611.500000 151.010345 0.196000 136.134995
611.625000 151.010345 0.196000 136.225006
611.625000 151.210663 0.196000 136.335007
611.625000 151.210663 0.196000 136.414993
611.625000 151.210663 0.196000 136.529999
611.625000 151.210663 0.196000 136.630005
611.625000 151.435669 0.196000 136.720001
611.625000 151.641968 0.183000 136.824997
611.875000 151.641968 0.183000 136.934998
612.000000 151.842422 0.183000 137.035004
612.000000 152.065033 0.183000 137.125000
612.125000 152.065033 0.183000 137.235001
612.125000 152.290695 0.183000 137.320007
612.250000 152.498596 0.183000 137.429993
612.375000 152.702866 0.183000 137.520004
612.375000 152.910416 0.183000 137.630005
612.375000 153.114502 0.183000 137.720001
612.375000 153.321518 0.183000 137.830002
612.375000 153.321518 0.224000 137.919998
612.375000 153.529495 0.224000 138.029999
612.375000 153.760574 0.224000 138.119995
612.375000 153.982117 0.224000 138.229996
612.375000 153.982117 0.224000 138.315002
612.375000 154.182297 0.224000 138.425003
612.375000 154.182297 0.224000 138.529999
612.375000 154.182297 0.224000 138.630005
612.375000 154.182297 0.224000 138.735001
612.375000 154.182297 0.224000 138.835007
612.375000 154.382965 0.225000 138.919998
612.375000 154.382965 0.225000 139.029999
612.375000 154.382965 0.225000 139.119995
612.375000 154.382965 0.225000 139.235001
612.375000 154.382965 0.225000 139.330002
612.375000 154.382965 0.225000 139.429993
612.375000 154.382965 0.225000 139.524994
612.375000 154.382965 0.225000 139.630005
612.375000 154.382965 0.225000 139.729996
612.375000 154.382965 0.225000 139.820007
612.375000 154.382965 0.211000 139.934998
612.375000 154.382965 0.211000 140.014999
612.375000 154.382965 0.211000 140.119995
612.375000 154.382965 0.211000 140.225006
612.375000 154.382965 0.211000 140.315002
612.375000 154.382965 0.211000 140.425003
612.375000 154.382965 0.211000 140.529999
612.375000 154.382965 0.211000 140.630005
612.375000 154.382965 0.211000 140.735001
612.375000 154.382965 0.211000 140.824997
612.375000 154.382965 0.198000 140.929993
612.375000 154.382965 0.198000 141.035004
612.375000 154.382965 0.198000 141.130005
612.375000 154.382965 0.198000 141.235001
612.375000 154.382965 0.198000 141.330002
612.375000 154.382965 0.198000 141.419998
612.375000 154.382965 0.198000 141.529999
612.375000 154.382965 0.198000 141.615005
612.375000 154.382965 0.198000 141.735001
612.375000 154.382965 0.198000 141.830002
612.375000 154.583878 0.219000 141.919998
612.375000 154.583878 0.219000 142.024994
612.375000 154.789841 0.219000 142.125000
612.375000 154.789841 0.219000 142.235001
612.375000 155.030609 0.219000 142.335007
612.375000 155.275497 0.219000 142.419998
612.375000 155.486343 0.219000 142.535004
612.375000 155.692062 0.219000 142.619995
612.375000 155.899979 0.219000 142.729996
612.375000 156.108932 0.219000 142.830002
612.375000 156.108932 0.203000 142.919998
612.625000 156.318222 0.203000 143.029999
612.625000 156.557510 0.203000 143.115005
612.625000 156.777100 0.203000 143.220001
612.625000 157.006836 0.203000 143.330002
612.625000 157.256607 0.203000 143.419998
612.750000 157.466446 0.203000 143.529999
613.250000 157.676163 0.203000 143.639999
613.250000 157.885468 0.203000 143.729996
613.250000 157.885468 0.203000 143.815002
613.250000 158.304138 0.218000 143.929993
613.250000 158.513718 0.218000 144.035004
613.250000 158.513718 0.218000 144.125000
613.250000 158.723572 0.218000 144.229996
613.250000 158.952698 0.218000 144.315002
613.250000 159.172195 0.218000 144.419998
613.250000 159.401871 0.218000 144.524994
613.250000 159.611069 0.218000 144.615005
613.375000 159.820435 0.247000 144.714996
613.375000 160.037399 0.247000 144.815002
613.375000 160.240158 0.247000 144.925003
613.375000 160.240158 0.247000 145.029999
613.375000 160.440964 0.247000 145.119995
613.375000 160.440964 0.247000 145.231003
613.375000 160.648911 0.247000 145.324997
613.375000 160.648911 0.247000 145.410004
613.375000 160.648911 0.247000 145.535004
613.375000 160.648911 0.247000 145.619995
613.375000 160.648911 0.247000 145.735001
613.375000 160.648911 0.247000 145.824997
613.500000 160.849548 0.232000 145.934998
613.500000 160.849548 0.232000 146.020004
613.500000 160.849548 0.232000 146.130005
613.500000 160.849548 0.232000 146.235001
613.500000 160.849548 0.232000 146.320007
613.500000 160.849548 0.232000 146.434998
613.500000 160.849548 0.232000 146.520004
613.750000 160.849548 0.232000 146.625000
613.750000 160.849548 0.232000 146.729996
613.875000 160.849548 0.232000 146.820007
614.000000 160.849548 0.211000 146.929993
614.375000 160.849548 0.211000 147.020004
614.500000 160.849548 0.211000 147.130005
614.500000 160.849548 0.211000 147.220001
614.500000 160.849548 0.211000 147.330002
614.500000 160.849548 0.211000 147.440002
614.500000 160.849548 0.211000 147.524994
614.500000 161.052505 0.211000 147.636002
614.500000 161.271622 0.211000 147.720001
614.500000 161.271622 0.211000 147.830002
614.500000 161.488342 0.211000 147.934998
614.625000 161.716797 0.211000 148.035004
614.875000 161.716797 0.211000 148.115005
615.000000 161.924454 0.211000 148.225006
615.000000 161.924454 0.211000 148.330002
615.000000 161.924454 0.211000 148.419998
615.000000 161.924454 0.211000 148.524994
615.000000 162.124695 0.211000 148.634995
615.000000 162.124695 0.211000 148.729996
615.000000 162.124695 0.211000 148.830002
615.000000 162.124695 0.204000 148.925003
615.000000 162.124695 0.204000 149.035004
615.125000 162.124695 0.204000 149.119995
615.125000 162.124695 0.204000 149.225006
615.125000 162.124695 0.204000 149.335007
615.125000 162.124695 0.204000 149.429993
615.125000 162.124695 0.204000 149.529999
615.125000 162.124695 0.204000 149.625000
615.125000 162.124695 0.204000 149.735001
615.125000 162.124695 0.204000 149.820007
615.125000 162.124695 0.199000 149.925003
615.125000 162.124695 0.199000 150.020004
615.125000 162.124695 0.199000 150.134995
615.125000 162.328186 0.199000 150.220001
615.125000 162.328186 0.199000 150.335007
615.125000 162.531387 0.199000 150.429993
615.125000 162.737488 0.199000 150.520004
615.125000 162.937805 0.199000 150.634995
615.250000 162.937805 0.199000 150.729996
615.500000 163.140457 0.199000 150.830002
615.500000 163.344131 0.215000 150.925003
615.500000 163.344131 0.215000 151.035004
615.500000 163.558914 0.215000 151.130005
615.500000 163.558914 0.215000 151.214996
615.625000 163.763580 0.215000 151.324997
615.750000 163.763580 0.215000 151.429993
615.750000 163.972504 0.215000 151.524994
616.000000 163.972504 0.215000 151.615005
616.125000 163.972504 0.215000 151.720001
616.625000 164.173950 0.205000 151.824997
618.000000 164.173950 0.205000 151.929993
618.625000 164.173950 0.205000 152.035004
620.125000 164.173950 0.205000 152.130005
620.750000 164.173950 0.205000 152.220001
621.000000 164.173950 0.205000 152.335007
621.375000 164.374176 0.205000 152.419998
621.500000 164.374176 0.205000 152.524994
622.500000 164.374176 0.205000 152.615005
623.000000 164.374176 0.205000 152.729996
623.250000 164.374176 0.205000 152.820007
623.750000 164.374176 0.197000 152.925003
623.750000 164.374176 0.197000 153.035004
623.750000 164.374176 0.197000 153.115005
623.750000 164.374176 0.197000 153.229996
623.750000 164.374176 0.197000 153.330002
623.750000 164.374176 0.197000 153.419998
623.750000 164.374176 0.197000 153.529999
623.750000 164.374176 0.197000 153.634995
623.750000 164.374176 0.197000 153.725006
623.750000 164.374176 0.197000 153.835007
623.750000 164.374176 0.196000 153.929993
623.875000 164.374176 0.196000 154.029999
624.750000 164.374176 0.196000 154.125000
625.500000 164.374176 0.196000 154.229996
626.875000 164.374176 0.196000 154.335007
627.875000 164.593765 0.196000 154.425003
629.625000 164.795334 0.196000 154.529999
633.000000 164.795334 0.196000 154.639999
637.875000 165.001602 0.196000 154.725006
641.125000 165.201859 0.196000 154.830002
642.000000 165.404739 0.229000 154.940002
643.125000 165.404739 0.229000 155.035004
643.625000 165.607376 0.229000 155.125000
644.500000 165.809692 0.229000 155.229996
645.250000 165.809692 0.229000 155.315002
646.375000 166.011612 0.229000 155.429993
646.875000 166.213501 0.229000 155.520004
647.500000 166.416290 0.229000 155.625000
648.250000 166.416290 0.229000 155.729996
648.500000 166.635300 0.229000 155.820007
648.750000 166.839798 0.236000 155.934998
649.000000 166.839798 0.236000 156.020004
649.250000 167.045990 0.236000 156.125000
649.375000 167.249786 0.236000 156.225006
649.625000 167.470108 0.236000 156.330002
649.875000 167.470108 0.236000 156.414993
650.750000 167.674652 0.236000 156.529999
651.375000 167.879745 0.236000 156.619995
651.875000 168.083618 0.236000 156.720001
652.750000 168.083618 0.236000 156.835007
653.875000 168.302292 0.221000 156.919998
654.750000 168.505386 0.221000 157.029999
655.250000 168.505386 0.221000 157.119995
656.500000 168.707947 0.221000 157.225006
658.000000 168.910446 0.221000 157.330002
658.625000 169.113297 0.221000 157.414993
659.500000 169.316269 0.221000 157.529999
660.125000 169.316269 0.221000 157.619995
661.000000 169.526718 0.221000 157.729996
661.750000 169.729553 0.221000 157.820007
662.625000 169.729553 0.261000 157.929993
663.125000 169.947495 0.261000 158.020004
663.375000 170.151260 0.261000 158.134995
663.750000 170.354416 0.261000 158.225006
664.000000 170.560944 0.261000 158.330002
664.875000 170.560944 0.261000 158.414993
665.375000 170.769638 0.261000 158.520004
666.375000 170.974380 0.261000 158.630005
666.750000 171.201752 0.261000 158.720001
667.750000 171.420761 0.261000 158.824997
668.250000 171.650360 0.284000 158.929993
668.625000 171.887512 0.284000 159.020004
669.250000 172.114304 0.284000 159.134995
670.500000 172.322266 0.284000 159.229996
671.000000 172.322266 0.284000 159.320007
672.125000 172.740143 0.284000 159.434998
673.000000 172.740143 0.284000 159.529999
674.000000 172.979126 0.284000 159.619995
674.375000 173.208359 0.284000 159.725006
675.500000 173.437119 0.284000 159.835007
675.625000 173.667694 0.245000 159.919998
677.625000 173.872559 0.245000 160.029999
678.250000 173.872559 0.245000 160.134995
678.500000 174.076813 0.245000 160.220001
678.625000 174.076813 0.245000 160.330002
678.875000 174.076813 0.245000 160.419998
679.250000 174.278229 0.245000 160.529999
679.250000 174.278229 0.245000 160.639999
679.250000 174.278229 0.245000 160.725006
679.625000 174.278229 0.245000 160.835007
679.625000 174.278229 0.192000 160.914993
679.625000 174.278229 0.192000 161.020004
679.625000 174.278229 0.192000 161.125000
679.750000 174.480057 0.192000 161.229996
679.875000 174.480057 0.192000 161.320007
679.875000 174.480057 0.192000 161.425003
679.875000 174.480057 0.192000 161.535004
679.875000 174.480057 0.192000 161.634995
680.000000 174.480057 0.192000 161.735001
680.000000 174.480057 0.192000 161.820007
680.000000 174.480057 0.202000 161.934998
680.000000 174.480057 0.202000 162.029999
680.000000 174.480057 0.202000 162.119995
680.125000 174.480057 0.202000 162.225006
680.125000 174.684097 0.202000 162.330002
680.375000 174.684097 0.202000 162.414993
680.375000 174.903961 0.202000 162.529999
680.500000 175.109909 0.202000 162.634995
680.625000 175.109909 0.202000 162.735001
680.625000 175.320236 0.202000 162.820007
680.750000 175.539291 0.207000 162.925003
680.750000 175.539291 0.207000 163.029999
680.750000 175.743073 0.207000 163.115005
681.750000 175.743073 0.207000 163.225006
682.875000 175.948441 0.207000 163.335007
684.500000 175.948441 0.207000 163.419998
684.750000 176.148834 0.207000 163.529999
684.750000 176.148834 0.207000 163.625000
684.750000 176.350388 0.207000 163.729996
684.875000 176.350388 0.207000 163.820007
684.875000 176.350388 0.245000 163.940002
685.000000 176.551056 0.245000 164.029999
685.000000 176.551056 0.245000 164.119995
685.250000 176.551056 0.245000 164.229996
685.750000 176.551056 0.245000 164.320007
685.750000 176.551056 0.245000 164.434998
686.125000 176.551056 0.245000 164.520004
686.500000 176.551056 0.245000 164.630005
686.500000 176.551056 0.245000 164.714996
686.625000 176.751144 0.245000 164.824997
686.625000 176.751144 0.243000 164.934998
686.625000 176.751144 0.243000 165.024994
686.625000 176.751144 0.243000 165.134995
686.625000 176.751144 0.243000 165.229996
686.750000 176.751144 0.243000 165.320007
686.875000 176.751144 0.243000 165.434998
686.875000 176.751144 0.243000 165.520004
686.875000 176.751144 0.243000 165.634995
686.875000 176.751144 0.243000 165.725006
687.125000 176.751144 0.243000 165.835007
687.250000 176.751144 0.237000 165.919998
687.250000 176.751144 0.237000 166.035004
687.250000 176.751144 0.237000 166.125000
687.500000 176.751144 0.237000 166.229996
687.500000 176.751144 0.237000 166.330002
687.500000 176.751144 0.237000 166.434998
687.625000 176.751144 0.237000 166.520004
688.250000 176.751144 0.237000 166.630005
688.625000 176.966034 0.237000 166.729996
689.500000 177.166855 0.237000 166.820007
689.625000 177.166855 0.260000 166.929993
690.000000 177.375748 0.260000 167.014999
690.500000 177.582047 0.260000 167.134995
691.125000 177.784454 0.260000 167.229996
691.375000 177.784454 0.260000 167.315002
692.375000 177.988693 0.260000 167.425003
692.625000 178.216476 0.260000 167.535004
693.000000 178.216476 0.260000 167.625000
693.250000 178.421738 0.260000 167.735001
693.500000 178.657303 0.260000 167.820007
693.875000 178.857468 0.281000 167.934998
695.000000 179.060287 0.281000 168.039993
695.625000 179.060287 0.281000 168.134995
697.000000 179.263443 0.281000 168.214996
697.875000 179.463699 0.281000 168.335007
698.750000 179.671219 0.281000 168.429993
699.500000 179.671219 0.281000 168.520004
700.000000 179.873703 0.281000 168.625000
700.500000 180.089157 0.281000 168.729996
701.625000 180.295486 0.281000 168.830002
702.000000 180.295486 0.294000 168.925003
702.875000 180.501205 0.294000 169.029999
703.000000 180.712479 0.294000 169.139999
703.375000 180.712479 0.294000 169.220001
704.000000 180.924225 0.294000 169.330002
704.250000 180.924225 0.294000 169.425003
704.500000 180.924225 0.294000 169.524994
704.875000 180.924225 0.294000 169.634995
705.125000 181.125122 0.294000 169.729996
705.625000 181.125122 0.294000 169.824997
705.750000 181.125122 0.239000 169.925003
705.750000 181.125122 0.239000 170.035004
706.250000 181.125122 0.239000 170.130005
706.625000 181.125122 0.239000 170.220001
706.750000 181.125122 0.239000 170.335007
706.750000 181.125122 0.239000 170.419998
706.750000 181.125122 0.239000 170.535004
706.750000 181.125122 0.239000 170.625000
706.875000 181.125122 0.239000 170.735001
707.000000 181.125122 0.239000 170.820007
707.125000 181.125122 0.233000 170.934998
707.125000 181.327133 0.233000 171.020004
707.125000 181.529434 0.233000 171.130005
708.000000 181.529434 0.233000 171.210007
708.125000 181.735413 0.233000 171.335007
708.125000 181.941849 0.233000 171.429993
708.125000 181.941849 0.233000 171.514999
708.750000 182.165833 0.233000 171.634995
708.875000 182.375488 0.233000 171.729996
708.875000 182.375488 0.233000 171.835007
709.125000 182.601059 0.286000 171.919998
709.250000 182.831009 0.286000 172.029999
709.250000 182.831009 0.286000 172.134995
709.375000 183.048737 0.286000 172.225006
709.625000 183.048737 0.286000 172.330002
709.875000 183.251968 0.286000 172.434998
709.875000 183.251968 0.286000 172.535004
709.875000 183.251968 0.286000 172.630005
709.875000 183.251968 0.286000 172.725006
710.000000 183.456863 0.286000 172.824997
710.000000 183.456863 0.271000 172.929993
710.125000 183.456863 0.271000 173.009995
710.125000 183.456863 0.271000 173.130005
710.125000 183.456863 0.271000 173.235001
710.125000 183.456863 0.271000 173.324997
710.125000 183.456863 0.271000 173.429993
710.125000 183.456863 0.271000 173.514999
710.125000 183.456863 0.271000 173.634995
710.125000 183.456863 0.271000 173.720001
710.250000 183.456863 0.271000 173.835007
710.250000 183.456863 0.255000 173.919998
710.375000 183.456863 0.255000 174.029999
710.625000 183.673904 0.255000 174.125000
711.125000 183.673904 0.255000 174.235001
711.500000 183.879471 0.255000 174.330002
711.750000 184.079956 0.255000 174.434998
711.750000 184.079956 0.255000 174.520004
712.625000 184.280548 0.255000 174.625000
713.375000 184.491241 0.255000 174.729996
716.250000 184.695450 0.255000 174.824997
719.625000 184.695450 0.311000 174.929993
723.250000 184.923065 0.311000 175.020004
728.000000 185.130127 0.311000 175.125000
729.875000 185.347900 0.311000 175.229996
732.500000 185.570816 0.311000 175.320007
734.750000 185.776413 0.311000 175.429993
737.000000 185.983109 0.311000 175.520004
738.250000 186.190948 0.311000 175.626999
739.375000 186.400116 0.311000 175.735001
740.250000 186.600189 0.311000 175.839996
741.250000 186.807632 0.311000 175.929993
741.875000 186.807632 0.314000 176.020004
742.000000 187.009186 0.314000 176.130005
742.625000 187.226334 0.314000 176.220001
742.750000 187.434250 0.314000 176.335007
743.250000 187.637695 0.314000 176.419998
743.750000 187.637695 0.314000 176.524994
744.625000 187.841858 0.314000 176.630005
744.750000 188.079575 0.314000 176.720001
745.375000 188.079575 0.314000 176.830002
746.375000 188.302399 0.282000 176.919998
747.500000 188.503723 0.282000 177.024994
748.500000 188.705521 0.282000 177.125000
749.250000 188.705521 0.282000 177.220001
750.250000 188.922729 0.282000 177.320007
751.375000 189.125443 0.282000 177.425003
751.625000 189.125443 0.282000 177.514999
752.750000 189.328842 0.282000 177.619995
752.750000 189.534027 0.282000 177.729996
753.875000 189.740845 0.253000 177.820007
754.625000 189.949524 0.253000 177.929993
754.875000 190.149612 0.253000 178.029999
755.625000 190.354660 0.253000 178.125000
756.000000 190.562256 0.253000 178.235001
756.625000 190.562256 0.253000 178.320007
757.750000 190.980530 0.253000 178.440002
757.750000 190.980530 0.253000 178.524994
759.125000 191.190292 0.253000 178.634995
760.625000 191.420212 0.253000 178.725006
761.000000 191.650085 0.253000 178.839996
761.625000 191.857315 0.286000 178.925003
762.125000 192.066071 0.286000 179.029999
762.750000 192.274338 0.286000 179.134995
763.625000 192.477036 0.286000 179.225006
764.375000 192.692474 0.286000 179.335007
766.125000 192.899780 0.286000 179.429993
767.500000 193.108292 0.286000 179.539993
768.000000 193.317505 0.286000 179.630005
769.375000 193.527039 0.286000 179.735001
773.125000 193.527039 0.286000 179.830002
773.625000 193.734207 0.300000 179.940002
776.000000 193.969269 0.300000 180.035004
777.750000 194.174866 0.300000 180.125000
778.500000 194.375488 0.300000 180.235001
779.250000 194.375488 0.300000 180.324997
780.625000 194.578064 0.300000 180.440002
781.375000 194.780319 0.300000 180.529999
782.375000 194.995041 0.300000 180.634995
783.750000 194.995041 0.300000 180.729996
785.125000 195.195526 0.300000 180.835007
786.250000 195.424255 0.268000 180.934998
786.500000 195.624313 0.268000 181.039993
787.375000 195.624313 0.268000 181.130005
787.500000 195.826340 0.268000 181.240005
787.875000 195.826340 0.268000 181.324997
788.750000 195.826340 0.268000 181.440002
788.875000 195.826340 0.268000 181.524994
790.500000 196.027985 0.268000 181.634995
790.875000 196.027985 0.268000 181.720001
791.000000 196.027985 0.268000 181.830002
791.250000 196.027985 0.230000 181.940002
791.500000 196.027985 0.230000 182.029999
791.750000 196.027985 0.230000 182.134995
792.500000 196.027985 0.230000 182.225006
793.500000 196.027985 0.230000 182.330002
793.875000 196.027985 0.230000 182.434998
794.625000 196.027985 0.230000 182.535004
795.000000 196.027985 0.230000 182.630005
795.625000 196.027985 0.230000 182.740005
795.625000 196.027985 0.230000 182.830002
795.750000 196.027985 0.221000 182.934998
796.000000 196.027985 0.221000 183.024994
796.375000 196.027985 0.221000 183.139999
796.500000 196.027985 0.221000 183.225006
796.625000 196.027985 0.221000 183.339996
796.750000 196.027985 0.221000 183.425003
797.125000 196.027985 0.221000 183.529999
797.250000 196.027985 0.221000 183.634995
797.500000 196.027985 0.221000 183.729996
797.875000 196.027985 0.221000 183.835007
798.250000 196.027985 0.231000 183.919998
798.250000 196.231155 0.231000 184.024994
798.500000 196.437653 0.231000 184.139999
799.000000 196.437653 0.231000 184.225006
799.500000 196.644684 0.231000 184.330002
799.875000 196.845184 0.231000 184.440002
800.125000 196.845184 0.231000 184.535004
800.625000 197.052277 0.231000 184.625000
800.750000 197.259399 0.231000 184.729996
801.875000 197.259399 0.231000 184.839996
802.250000 197.482620 0.243000 184.925003
802.500000 197.689178 0.243000 185.035004
803.000000 197.689178 0.243000 185.139999
803.125000 197.893784 0.243000 185.235001
803.500000 197.893784 0.243000 185.324997
803.875000 198.096664 0.243000 185.440002
804.000000 198.096664 0.243000 185.529999
804.125000 198.298370 0.243000 185.639999
804.250000 198.298370 0.243000 185.744995
804.625000 198.516556 0.243000 185.824997
804.750000 198.516556 0.279000 185.934998
804.875000 198.516556 0.279000 186.020004
805.000000 198.717239 0.279000 186.130005
805.250000 198.717239 0.279000 186.220001
805.750000 198.717239 0.279000 186.330002
806.375000 198.717239 0.279000 186.434998
806.500000 198.717239 0.279000 186.524994
806.500000 198.717239 0.279000 186.634995
806.500000 198.717239 0.279000 186.720001
806.500000 198.717239 0.279000 186.830002
806.500000 198.717239 0.253000 186.934998
806.750000 198.717239 0.253000 187.024994
806.875000 198.717239 0.253000 187.130005
807.125000 198.917923 0.253000 187.214996
807.125000 198.917923 0.253000 187.330002
807.250000 198.917923 0.253000 187.429993
807.500000 198.917923 0.253000 187.529999
807.500000 198.917923 0.253000 187.619995
807.625000 198.917923 0.253000 187.729996
807.750000 198.917923 0.253000 187.830002
807.750000 198.917923 0.251000 187.925003
807.875000 198.917923 0.251000 188.035004
807.875000 198.917923 0.251000 188.125000
807.875000 198.917923 0.251000 188.235001
808.125000 198.917923 0.251000 188.315002
808.250000 198.917923 0.251000 188.429993
808.250000 198.917923 0.251000 188.529999
808.250000 198.917923 0.251000 188.625000
808.625000 198.917923 0.251000 188.735001
808.625000 198.917923 0.251000 188.824997
808.625000 198.917923 0.247000 188.929993
808.625000 198.917923 0.247000 189.020004
808.625000 198.917923 0.247000 189.130005
808.750000 198.917923 0.247000 189.235001
808.750000 198.917923 0.247000 189.324997
809.000000 198.917923 0.247000 189.429993
809.000000 198.917923 0.247000 189.514999
809.000000 198.917923 0.247000 189.634995
809.125000 198.917923 0.247000 189.720001
809.125000 198.917923 0.247000 189.835007
809.125000 198.917923 0.249000 189.919998
809.125000 198.917923 0.249000 190.029999
809.125000 198.917923 0.249000 190.115005
809.125000 198.917923 0.249000 190.225006
809.125000 198.917923 0.249000 190.330002
809.125000 198.917923 0.249000 190.414993
809.125000 198.917923 0.249000 190.524994
809.125000 198.917923 0.249000 190.634995
809.125000 198.917923 0.249000 190.735001
809.500000 198.917923 0.249000 190.824997
809.500000 198.917923 0.268000 190.925003
809.500000 198.917923 0.268000 191.035004
809.625000 198.917923 0.268000 191.125000
809.625000 198.917923 0.268000 191.235001
809.625000 198.917923 0.268000 191.320007
809.625000 198.917923 0.268000 191.425003
809.625000 198.917923 0.268000 191.529999
809.625000 198.917923 0.268000 191.619995
809.625000 198.917923 0.268000 191.735001
809.625000 198.917923 0.268000 191.820007
809.750000 198.917923 0.247000 191.929993
809.750000 198.917923 0.247000 192.035004
809.750000 198.917923 0.247000 192.119995
809.750000 198.917923 0.247000 192.235001
809.750000 198.917923 0.247000 192.320007
809.750000 198.917923 0.247000 192.434998
809.750000 198.917923 0.247000 192.524994
809.750000 198.917923 0.247000 192.630005
809.750000 198.917923 0.247000 192.720001
809.750000 198.917923 0.247000 192.835007
809.750000 198.917923 0.255000 192.919998
809.750000 198.917923 0.255000 193.035004
809.750000 198.917923 0.255000 193.119995
809.750000 198.917923 0.255000 193.235001
809.750000 198.917923 0.255000 193.330002
809.875000 198.917923 0.255000 193.429993
809.875000 198.917923 0.255000 193.524994
809.875000 198.917923 0.255000 193.630005
809.875000 198.917923 0.255000 193.729996
809.875000 198.917923 0.255000 193.835999
809.875000 198.917923 0.260000 193.919998
809.875000 198.917923 0.260000 194.024994
809.875000 198.917923 0.260000 194.130005
809.875000 198.917923 0.260000 194.214996
809.875000 198.917923 0.260000 194.335007
809.875000 198.917923 0.260000 194.425003
809.875000 198.917923 0.260000 194.535004
809.875000 198.917923 0.260000 194.619995
809.875000 198.917923 0.260000 194.729996
809.875000 198.917923 0.260000 194.820007
809.875000 198.917923 0.251000 194.929993
809.875000 198.917923 0.251000 195.020004
809.875000 198.917923 0.251000 195.134995
810.000000 198.917923 0.251000 195.225006
810.125000 198.917923 0.251000 195.330002
810.125000 198.917923 0.251000 195.434998
810.125000 198.917923 0.251000 195.520004
810.125000 198.917923 0.251000 195.619995
810.125000 198.917923 0.251000 195.720001
810.250000 198.917923 0.250000 195.824997
810.250000 198.917923 0.250000 195.934998
810.250000 198.917923 0.250000 196.020004
810.250000 198.917923 0.250000 196.134995
810.250000 198.917923 0.250000 196.220001
810.250000 198.917923 0.250000 196.330002
810.250000 198.917923 0.250000 196.419998
810.250000 198.917923 0.250000 196.524994
810.250000 199.118790 0.250000 196.630005
810.250000 199.118790 0.250000 196.720001
810.250000 199.337906 0.250000 196.824997
810.375000 199.337906 0.263000 196.925003
810.375000 199.540665 0.263000 197.014999
810.375000 199.540665 0.263000 197.130005
810.375000 199.540665 0.263000 197.220001
810.375000 199.740891 0.263000 197.330002
810.500000 199.740891 0.263000 197.419998
810.500000 199.740891 0.263000 197.524994
810.750000 199.740891 0.263000 197.634995
811.000000 199.740891 0.263000 197.729996
811.000000 199.740891 0.263000 197.835007
811.625000 199.740891 0.272000 197.925003
812.000000 199.740891 0.272000 198.035004
812.625000 199.950790 0.272000 198.130005
812.625000 200.153900 0.272000 198.229996
812.750000 200.153900 0.272000 198.335007
812.750000 200.355804 0.272000 198.414993
813.000000 200.560455 0.272000 198.535004
813.250000 200.560455 0.272000 198.619995
813.500000 200.784760 0.272000 198.725006
813.625000 201.011459 0.272000 198.839996
814.000000 201.011459 0.285000 198.925003
814.125000 201.216629 0.285000 199.029999
814.125000 201.437439 0.285000 199.115005
814.500000 201.641342 0.285000 199.235001
814.625000 201.641342 0.285000 199.320007
815.000000 201.858276 0.285000 199.434998
815.000000 202.058426 0.285000 199.524994
815.000000 202.058426 0.285000 199.630005
815.250000 202.264236 0.285000 199.714996
815.500000 202.490372 0.285000 199.824997
815.500000 202.490372 0.288000 199.931000
815.625000 202.700958 0.288000 200.014999
815.750000 202.920563 0.288000 200.119995
815.750000 203.121445 0.288000 200.235001
815.750000 203.121445 0.288000 200.320007
815.875000 203.324951 0.288000 200.429993
815.875000 203.529739 0.288000 200.524994
815.875000 203.529739 0.288000 200.634995
816.125000 203.757675 0.288000 200.720001
816.250000 203.985748 0.288000 200.824997
816.250000 203.985748 0.288000 200.925003
816.250000 204.214859 0.329000 201.020004
816.250000 204.421539 0.329000 201.125000
816.500000 204.630234 0.329000 201.235001
816.625000 204.839767 0.329000 201.324997
816.625000 205.044266 0.329000 201.434998
817.000000 205.250488 0.329000 201.520004
817.000000 205.457626 0.329000 201.630005
817.250000 205.666199 0.329000 201.735001
817.375000 205.666199 0.329000 201.820007
817.500000 205.885727 0.329000 201.929993
817.750000 206.135330 0.325000 202.024994
817.875000 206.361710 0.325000 202.130005
818.000000 206.589127 0.325000 202.220001
818.000000 206.790085 0.325000 202.330002
818.125000 206.790085 0.325000 202.414993
818.125000 207.020645 0.325000 202.524994
818.375000 207.221832 0.325000 202.634995
818.375000 207.221832 0.325000 202.729996
818.375000 207.426117 0.325000 202.835007
818.500000 207.626892 0.322000 202.919998
818.500000 207.626892 0.322000 203.035004
818.500000 207.626892 0.322000 203.125000
818.500000 207.626892 0.322000 203.235001
818.500000 207.828003 0.322000 203.320007
818.500000 207.828003 0.322000 203.434998
818.500000 207.828003 0.322000 203.524994
818.500000 207.828003 0.322000 203.634995
818.500000 207.828003 0.322000 203.720001
818.500000 207.828003 0.322000 203.835007
818.500000 207.828003 0.204000 203.925003
818.500000 207.828003 0.204000 204.024994
818.500000 207.828003 0.204000 204.125000
818.500000 207.828003 0.204000 204.225006
818.500000 207.828003 0.204000 204.335007
818.500000 207.828003 0.204000 204.429993
818.500000 207.828003 0.204000 204.514999
818.500000 207.828003 0.204000 204.625000
818.500000 207.828003 0.204000 204.729996
818.500000 207.828003 0.204000 204.820007
818.625000 207.828003 0.201000 204.929993
818.625000 207.828003 0.201000 205.014999
818.625000 207.828003 0.201000 205.130005
818.625000 207.828003 0.201000 205.214996
818.625000 208.050095 0.201000 205.335007
818.625000 208.254044 0.201000 205.419998
818.625000 208.254044 0.201000 205.524994
818.625000 208.454559 0.201000 205.634995
818.625000 208.665161 0.201000 205.725006
818.625000 208.665161 0.201000 205.830002
818.625000 208.880539 0.238000 205.919998
818.625000 209.085388 0.238000 206.024994
818.625000 209.291199 0.238000 206.134995
818.625000 209.291199 0.238000 206.229996
818.625000 209.494278 0.238000 206.335007
818.750000 209.710632 0.238000 206.419998
818.750000 209.911652 0.238000 206.535004
818.750000 209.911652 0.238000 206.639999
818.750000 210.115067 0.238000 206.725006
818.875000 210.325821 0.238000 206.830002
818.875000 210.325821 0.247000 206.925003
819.000000 210.526550 0.247000 207.029999
819.000000 210.730698 0.247000 207.134995
819.125000 210.730698 0.247000 207.225006
819.250000 210.730698 0.247000 207.335007
819.250000 210.935455 0.247000 207.419998
819.250000 210.935455 0.247000 207.529999
819.250000 210.935455 0.247000 207.619995
819.250000 210.935455 0.247000 207.729996
819.250000 210.935455 0.247000 207.820007
819.250000 210.935455 0.227000 207.929993
819.250000 211.136322 0.227000 208.035004
819.500000 211.136322 0.227000 208.125000
819.500000 211.136322 0.227000 208.229996
819.625000 211.136322 0.227000 208.320007
819.625000 211.136322 0.227000 208.429993
819.625000 211.136322 0.227000 208.520004
819.625000 211.136322 0.227000 208.630005
819.625000 211.136322 0.227000 208.714996
820.000000 211.136322 0.227000 208.830002
820.125000 211.136322 0.200000 208.934998
820.125000 211.136322 0.200000 209.020004
820.125000 211.136322 0.200000 209.130005
820.125000 211.136322 0.200000 209.229996
820.250000 211.136322 0.200000 209.320007
820.375000 211.136322 0.200000 209.425003
820.375000 211.136322 0.200000 209.535004
820.500000 211.136322 0.200000 209.630005
820.625000 211.136322 0.200000 209.729996
820.625000 211.136322 0.200000 209.820007
820.875000 211.136322 0.194000 209.929993
820.875000 211.337387 0.194000 210.020004
821.000000 211.540024 0.194000 210.134995
821.125000 211.540024 0.194000 210.214996
821.250000 211.745865 0.194000 210.320007
821.500000 211.745865 0.194000 210.434998
821.500000 211.961243 0.194000 210.520004
821.500000 211.961243 0.194000 210.630005
821.500000 212.164917 0.194000 210.725006
821.500000 212.164917 0.194000 210.824997
821.500000 212.372925 0.211000 210.929993
821.625000 212.372925 0.211000 211.014999
821.625000 212.574341 0.211000 211.134995
821.625000 212.574341 0.211000 211.235001
821.625000 212.780792 0.211000 211.324997
821.625000 212.780792 0.211000 211.434998
821.750000 212.999054 0.211000 211.529999
821.750000 212.999054 0.211000 211.625000
821.875000 213.211899 0.211000 211.735001
821.875000 213.211899 0.211000 211.824997
821.875000 213.414337 0.225000 211.929993
822.000000 213.414337 0.225000 212.014999
822.000000 213.617371 0.225000 212.134995
822.000000 213.617371 0.225000 212.220001
822.000000 213.828659 0.225000 212.330002
822.000000 214.031357 0.225000 212.434998
822.000000 214.031357 0.225000 212.524994
822.000000 214.232132 0.225000 212.634995
822.000000 214.439468 0.225000 212.720001
822.000000 214.677124 0.225000 212.835007
822.000000 214.878296 0.204000 212.929993
822.125000 214.878296 0.204000 213.024994
822.125000 215.085327 0.204000 213.134995
822.125000 215.293808 0.204000 213.220001
822.125000 215.293808 0.204000 213.335007
822.125000 215.293808 0.204000 213.419998
822.125000 215.495636 0.204000 213.524994
822.125000 215.495636 0.204000 213.634995
822.125000 215.495636 0.204000 213.720001
822.125000 215.495636 0.204000 213.830002
822.125000 215.495636 0.200000 213.919998
822.125000 215.698944 0.200000 214.024994
822.125000 215.698944 0.200000 214.125000
822.125000 215.698944 0.200000 214.220001
822.125000 215.698944 0.200000 214.324997
822.250000 215.698944 0.200000 214.425003
822.250000 215.698944 0.200000 214.514999
822.250000 215.698944 0.200000 214.625000
822.250000 215.698944 0.200000 214.735001
822.250000 215.698944 0.200000 214.835007
822.250000 215.918243 0.215000 214.925003
822.250000 216.120224 0.215000 215.035004
822.375000 216.120224 0.215000 215.119995
822.500000 216.322556 0.215000 215.229996
822.625000 216.528137 0.215000 215.335007
822.625000 216.528137 0.215000 215.419998
822.625000 216.729782 0.215000 215.535004
822.625000 216.933334 0.215000 215.619995
822.750000 217.137741 0.215000 215.735001
822.750000 217.137741 0.215000 215.820007
822.750000 217.344681 0.275000 215.934998
822.750000 217.548065 0.275000 216.024994
822.750000 217.755005 0.275000 216.130005
822.875000 217.988113 0.275000 216.235001
822.875000 218.205124 0.275000 216.320007
822.875000 218.423660 0.275000 216.434998
823.000000 218.632828 0.275000 216.524994
823.000000 218.842010 0.275000 216.634995
823.125000 219.051163 0.275000 216.725006
823.125000 219.260040 0.275000 216.835007
823.125000 219.260040 0.258000 216.929993
823.125000 219.506821 0.258000 217.024994
823.125000 219.721390 0.258000 217.130005
823.125000 219.929108 0.258000 217.235001
823.250000 220.138504 0.258000 217.320007
823.250000 220.346756 0.258000 217.434998
823.375000 220.585037 0.258000 217.529999
823.875000 220.794098 0.258000 217.634995
823.875000 221.003510 0.258000 217.720001
824.125000 221.211960 0.258000 217.830002
824.375000 221.420853 0.201000 217.925003
824.625000 221.420853 0.201000 218.029999
824.750000 221.627640 0.201000 218.130005
824.875000 221.627640 0.201000 218.229996
825.250000 221.838242 0.201000 218.335007
826.250000 221.838242 0.201000 218.425003
826.500000 221.838242 0.201000 218.535004
827.250000 222.039246 0.201000 218.619995
828.125000 222.039246 0.201000 218.735001
828.125000 222.039246 0.201000 218.820007
828.500000 222.039246 0.185000 218.929993
829.000000 222.039246 0.185000 219.035004
829.000000 222.039246 0.185000 219.125000
829.125000 222.039246 0.185000 219.235001
829.250000 222.039246 0.185000 219.330002
829.625000 222.039246 0.185000 219.414993
830.125000 222.039246 0.185000 219.529999
830.125000 222.039246 0.185000 219.634995
830.125000 222.039246 0.185000 219.725006
830.125000 222.039246 0.194000 219.835007
830.375000 222.039246 0.194000 219.925003
830.625000 222.039246 0.194000 220.029999
830.750000 222.039246 0.194000 220.119995
830.750000 222.039246 0.194000 220.229996
831.125000 222.039246 0.194000 220.335007
831.250000 222.039246 0.194000 220.414993
831.250000 222.039246 0.194000 220.529999
831.250000 222.039246 0.194000 220.619995
831.500000 222.039246 0.194000 220.729996
831.750000 222.039246 0.194000 220.830002
831.750000 222.039246 0.188000 220.925003
833.375000 222.039246 0.188000 221.035004
833.375000 222.039246 0.188000 221.125000
833.375000 222.039246 0.188000 221.235001
833.500000 222.243210 0.188000 221.320007
833.500000 222.446014 0.188000 221.425003
833.500000 222.446014 0.188000 221.524994
833.500000 222.651901 0.188000 221.619995
833.500000 222.854263 0.188000 221.735001
833.500000 223.061493 0.180000 221.820007
833.500000 223.061493 0.180000 221.934998
833.500000 223.292465 0.180000 222.029999
833.750000 223.499496 0.180000 222.119995
833.750000 223.499496 0.180000 222.229996
833.875000 223.706329 0.180000 222.320007
833.875000 223.706329 0.180000 222.434998
833.875000 223.706329 0.180000 222.529999
833.875000 223.706329 0.180000 222.619995
833.875000 223.906845 0.180000 222.735001
833.875000 223.906845 0.167000 222.820007
833.875000 223.906845 0.167000 222.934998
833.875000 223.906845 0.167000 223.020004
833.875000 223.906845 0.167000 223.130005
833.875000 223.906845 0.167000 223.214996
833.875000 223.906845 0.167000 223.324997
834.000000 223.906845 0.167000 223.434998
834.000000 223.906845 0.167000 223.520004
834.000000 223.906845 0.167000 223.634995
834.000000 223.906845 0.167000 223.725006
834.000000 223.906845 0.159000 223.835007
834.000000 223.906845 0.159000 223.925003
834.000000 223.906845 0.159000 224.029999
834.000000 223.906845 0.159000 224.119995
834.000000 223.906845 0.159000 224.235001
834.000000 223.906845 0.159000 224.335007
834.000000 223.906845 0.159000 224.429993
834.000000 223.906845 0.159000 224.535004
834.000000 223.906845 0.159000 224.619995
834.000000 223.906845 0.159000 224.725006
834.000000 223.906845 0.162000 224.835007
834.000000 223.906845 0.162000 224.925003
834.000000 224.108505 0.162000 225.035004
834.000000 224.108505 0.162000 225.119995
834.000000 224.309525 0.162000 225.225006
834.000000 224.537903 0.162000 225.335007
834.000000 224.740936 0.162000 225.445007
834.000000 224.740936 0.162000 225.529999
834.000000 224.945724 0.162000 225.645004
834.000000 225.152023 0.162000 225.729996
834.000000 225.360825 0.172000 225.839996
834.000000 225.580154 0.172000 225.925003
834.000000 225.796082 0.172000 226.039993
834.000000 226.002975 0.172000 226.139999
835.875000 226.002975 0.172000 226.225006
836.000000 226.227875 0.172000 226.335007
836.125000 226.430466 0.172000 226.419998
836.250000 226.632721 0.172000 226.529999
836.250000 226.834702 0.172000 226.639999
836.250000 226.834702 0.172000 226.725006
836.375000 227.058624 0.172000 226.839996
836.500000 227.261215 0.234000 226.934998
836.500000 227.261215 0.234000 227.035004
836.625000 227.463791 0.234000 227.130005
837.000000 227.665298 0.234000 227.235001
840.625000 227.865677 0.234000 227.320007
841.625000 227.865677 0.234000 227.429993
841.750000 228.072357 0.234000 227.535004
841.875000 228.285049 0.234000 227.634995
842.000000 228.285049 0.234000 227.725006
842.250000 228.489548 0.234000 227.835007
842.250000 228.693329 0.292000 227.925003
842.750000 228.896942 0.292000 228.035004
843.000000 228.896942 0.292000 228.125000
843.500000 229.100723 0.292000 228.240005
843.625000 229.319366 0.292000 228.335007
844.125000 229.319366 0.292000 228.440002
844.500000 229.523773 0.292000 228.529999
844.500000 229.728470 0.292000 228.639999
844.625000 229.933182 0.292000 228.740005
845.125000 229.933182 0.292000 228.824997
845.125000 230.159866 0.292000 228.940002
845.125000 230.364853 0.326000 229.024994
845.250000 230.364853 0.326000 229.134995
845.375000 230.571381 0.326000 229.240005
845.375000 230.781616 0.326000 229.324997
845.625000 230.986389 0.326000 229.440002
845.625000 230.986389 0.326000 229.524994
845.750000 231.194534 0.326000 229.634995
845.750000 231.401245 0.326000 229.725006
845.875000 231.401245 0.326000 229.835007
846.125000 231.630096 0.326000 229.925003
846.125000 231.833450 0.314000 230.035004
846.250000 231.833450 0.314000 230.119995
846.250000 232.038132 0.314000 230.235001
846.250000 232.038132 0.314000 230.324997
846.375000 232.240585 0.314000 230.440002
846.500000 232.240585 0.314000 230.524994
846.625000 232.240585 0.314000 230.634995
846.625000 232.240585 0.314000 230.735001
846.625000 232.240585 0.314000 230.824997
846.625000 232.440918 0.275000 230.940002
846.625000 232.440918 0.275000 231.020004
846.625000 232.440918 0.275000 231.130005
846.625000 232.440918 0.275000 231.235001
846.625000 232.440918 0.275000 231.335007
846.625000 232.440918 0.275000 231.425003
846.625000 232.440918 0.275000 231.529999
846.625000 232.440918 0.275000 231.630005
846.625000 232.440918 0.275000 231.740005
846.625000 232.440918 0.275000 231.830002
846.625000 232.440918 0.265000 231.940002
846.625000 232.659607 0.265000 232.024994
846.625000 232.884674 0.265000 232.139999
846.750000 232.884674 0.265000 232.225006
846.875000 233.091583 0.265000 232.339996
846.875000 233.305298 0.265000 232.425003
846.875000 233.507675 0.265000 232.539993
847.000000 233.709564 0.265000 232.625000
847.000000 233.709564 0.265000 232.740005
847.000000 233.930283 0.265000 232.830002
847.000000 234.135269 0.265000 232.940002
847.125000 234.135269 0.265000 233.024994
847.125000 234.340378 0.265000 233.134995
847.125000 234.545609 0.265000 233.229996
847.375000 234.773392 0.265000 233.335007
847.500000 234.974701 0.265000 233.425003
847.500000 234.974701 0.265000 233.529999
847.625000 235.181137 0.265000 233.625000
847.625000 235.384369 0.265000 233.725006
847.750000 235.593307 0.270000 233.820007
847.750000 235.801346 0.270000 233.925003
847.750000 236.009567 0.270000 234.035004
847.875000 236.218124 0.270000 234.119995
847.875000 236.433456 0.270000 234.229996
847.875000 236.640015 0.270000 234.345001
848.000000 236.846298 0.270000 234.434998
848.000000 236.846298 0.270000 234.520004
848.125000 237.050247 0.270000 234.634995
848.125000 237.257217 0.270000 234.725006
848.375000 237.460312 0.270000 234.839996
848.375000 237.460312 0.193000 234.919998
848.375000 237.662689 0.193000 235.039993
848.375000 237.662689 0.193000 235.130005
848.375000 237.662689 0.193000 235.240005
848.375000 237.662689 0.193000 235.324997
848.625000 237.662689 0.193000 235.429993
848.625000 237.862976 0.193000 235.529999
848.625000 237.862976 0.193000 235.634995
848.625000 237.862976 0.193000 235.729996
848.625000 237.862976 0.193000 235.835007
848.625000 237.862976 0.182000 235.925003
848.625000 237.862976 0.182000 236.039993
848.750000 237.862976 0.182000 236.125000
848.750000 237.862976 0.182000 236.240005
848.750000 237.862976 0.182000 236.330002
848.750000 237.862976 0.182000 236.440002
848.750000 237.862976 0.182000 236.524994
848.750000 237.862976 0.182000 236.639999
848.750000 237.862976 0.182000 236.725006
848.750000 237.862976 0.173000 236.835007
848.750000 237.862976 0.173000 236.919998
848.750000 237.862976 0.173000 237.035004
848.750000 237.862976 0.173000 237.134995
848.750000 237.862976 0.173000 237.229996
848.750000 237.862976 0.173000 237.335007
848.750000 237.862976 0.173000 237.425003
848.750000 237.862976 0.173000 237.539993
848.750000 237.862976 0.173000 237.625000
848.750000 237.862976 0.173000 237.740005
848.875000 237.862976 0.167000 237.830002
848.875000 237.862976 0.167000 237.940002
848.875000 237.862976 0.167000 238.024994
848.875000 237.862976 0.167000 238.139999
848.875000 237.862976 0.167000 238.225006
848.875000 237.862976 0.167000 238.339996
848.875000 238.095215 0.167000 238.429993
848.875000 238.296661 0.167000 238.535004
848.875000 238.504730 0.167000 238.619995
848.875000 238.714172 0.167000 238.729996
848.875000 238.919403 0.167000 238.824997
848.875000 239.127411 0.182000 238.934998
848.875000 239.327576 0.182000 239.029999
848.875000 239.530457 0.182000 239.139999
848.875000 239.740036 0.182000 239.229996
849.000000 239.941299 0.182000 239.330002
849.125000 240.142700 0.182000 239.440002
849.125000 240.344650 0.182000 239.529999
849.125000 240.545303 0.182000 239.639999
849.250000 240.545303 0.182000 239.725006
849.250000 240.955688 0.182000 239.839996
849.375000 240.955688 0.276000 239.925003
849.500000 241.156815 0.276000 240.035004
849.500000 241.363327 0.276000 240.115005
849.625000 241.565552 0.276000 240.229996
849.750000 241.565552 0.276000 240.339996
849.875000 241.565552 0.276000 240.429993
849.875000 241.766861 0.276000 240.539993
849.875000 241.766861 0.276000 240.625000
849.875000 241.766861 0.276000 240.735001
849.875000 241.766861 0.276000 240.839996
849.875000 241.766861 0.269000 240.929993
850.000000 241.766861 0.269000 241.020004
850.000000 241.966980 0.269000 241.134995
850.000000 241.966980 0.269000 241.229996
850.000000 241.966980 0.269000 241.330002
850.000000 241.966980 0.269000 241.419998
850.000000 242.171402 0.269000 241.535004
850.250000 242.171402 0.269000 241.619995
850.250000 242.374420 0.269000 241.735001
850.250000 242.574997 0.269000 241.830002
850.250000 242.782227 0.308000 241.919998
850.250000 242.782227 0.308000 242.035004
850.250000 242.984543 0.308000 242.119995
850.250000 243.187592 0.308000 242.235001
850.250000 243.187592 0.308000 242.320007
850.375000 243.388306 0.308000 242.425003
850.375000 243.588730 0.308000 242.529999
850.375000 243.797546 0.308000 242.630005
850.500000 243.797546 0.308000 242.714996
850.500000 244.000504 0.308000 242.839996
850.625000 244.204971 0.303000 242.919998
850.625000 244.417801 0.303000 243.035004
850.750000 244.417801 0.303000 243.119995
850.750000 244.618286 0.303000 243.229996
850.875000 244.819214 0.303000 243.330002
851.000000 245.034836 0.303000 243.425003
851.000000 245.238266 0.303000 243.524994
851.000000 245.443970 0.303000 243.634995
851.000000 245.443970 0.303000 243.720001
851.125000 245.646286 0.303000 243.830002
851.125000 245.884109 0.299000 243.919998
851.125000 246.115997 0.299000 244.035004
851.250000 246.321289 0.299000 244.125000
851.250000 246.525208 0.299000 244.235001
851.375000 246.525208 0.299000 244.315002
851.375000 246.729843 0.299000 244.419998
851.375000 246.729843 0.299000 244.535004
851.375000 246.932404 0.299000 244.619995
851.500000 246.932404 0.299000 244.729996
851.500000 246.932404 0.299000 244.820007
851.500000 246.932404 0.227000 244.925003
851.500000 246.932404 0.227000 245.035004
851.500000 247.136169 0.227000 245.125000
851.500000 247.136169 0.227000 245.229996
851.500000 247.136169 0.227000 245.320007
851.500000 247.136169 0.227000 245.425003
851.500000 247.136169 0.227000 245.520004
851.500000 247.136169 0.227000 245.630005
851.500000 247.136169 0.227000 245.735001
851.500000 247.136169 0.227000 245.820007
851.500000 247.136169 0.217000 245.934998
851.500000 247.136169 0.217000 246.029999
851.500000 247.136169 0.217000 246.119995
851.500000 247.136169 0.217000 246.235001
851.500000 247.136169 0.217000 246.330002
851.625000 247.136169 0.217000 246.419998
851.625000 247.136169 0.217000 246.535004
851.625000 247.136169 0.217000 246.625000
851.625000 247.136169 0.217000 246.735001
851.625000 247.337234 0.217000 246.820007
851.750000 247.542480 0.214000 246.934998
851.750000 247.542480 0.214000 247.024994
851.750000 247.766373 0.214000 247.130005
851.750000 247.970688 0.214000 247.220001
851.875000 247.970688 0.214000 247.330002
851.875000 248.192413 0.214000 247.419998
851.875000 248.392502 0.214000 247.529999
852.000000 248.597839 0.214000 247.625000
852.000000 248.597839 0.214000 247.729996
852.000000 248.804504 0.214000 247.815002
852.125000 249.031891 0.216000 247.925003
852.125000 249.031891 0.216000 248.029999
852.125000 249.234116 0.216000 248.139999
852.125000 249.234116 0.216000 248.225006
852.125000 249.435349 0.216000 248.324997
852.125000 249.435349 0.216000 248.440002
852.250000 249.435349 0.216000 248.524994
852.250000 249.435349 0.216000 248.625000
852.250000 249.435349 0.216000 248.735001
852.250000 249.435349 0.168000 248.820007
852.250000 249.639435 0.168000 248.929993
852.250000 249.639435 0.168000 249.014999
852.250000 249.639435 0.168000 249.130005
852.250000 249.639435 0.168000 249.220001
852.250000 249.639435 0.168000 249.335007
852.250000 249.639435 0.168000 249.419998
852.250000 249.639435 0.168000 249.529999
852.250000 249.639435 0.168000 249.619995
852.250000 249.639435 0.168000 249.729996
852.250000 249.639435 0.164000 249.824997
852.250000 249.846954 0.164000 249.910004
852.375000 249.846954 0.164000 250.020004
852.500000 250.060349 0.164000 250.130005
852.500000 250.263794 0.164000 250.214996
852.500000 250.263794 0.164000 250.335007
852.625000 250.472122 0.164000 250.419998
852.625000 250.700684 0.164000 250.524994
852.625000 250.700684 0.164000 250.634995
852.625000 250.938644 0.164000 250.729996
852.750000 251.146271 0.147000 250.830002
852.750000 251.346451 0.147000 250.934998
852.750000 251.346451 0.147000 251.024994
852.875000 251.564240 0.147000 251.130005
852.875000 251.785263 0.147000 251.214996
852.875000 251.988037 0.147000 251.330002
852.875000 252.189423 0.147000 251.414993
852.875000 252.394714 0.147000 251.535004
852.875000 252.601868 0.147000 251.625000
853.000000 252.809525 0.147000 251.735001
853.000000 253.017105 0.184000 251.830002
853.125000 253.017105 0.184000 251.925003
853.125000 253.245865 0.184000 252.035004
853.250000 253.475372 0.184000 252.125000
853.250000 253.714462 0.184000 252.235001
853.250000 253.944778 0.184000 252.315002
853.375000 254.162598 0.184000 252.425003
853.375000 254.369705 0.184000 252.535004
853.500000 254.576324 0.184000 252.625000
853.500000 254.784119 0.184000 252.740005
853.500000 254.784119 0.184000 252.820007
853.625000 255.193695 0.224000 252.934998
853.625000 255.193695 0.224000 253.020004
853.625000 255.397644 0.224000 253.130005
853.750000 255.600555 0.224000 253.220001
853.750000 255.600555 0.224000 253.335007
853.750000 255.600555 0.224000 253.419998
853.750000 255.803207 0.224000 253.535004
853.750000 255.803207 0.224000 253.619995
853.750000 255.803207 0.224000 253.725006
853.750000 255.803207 0.179000 253.815002
853.750000 255.803207 0.179000 253.925003
853.750000 255.803207 0.179000 254.035004
853.750000 255.803207 0.179000 254.119995
853.750000 256.003723 0.179000 254.235001
853.750000 256.003723 0.179000 254.315002
853.750000 256.003723 0.179000 254.425003
853.750000 256.003723 0.179000 254.535004
853.875000 256.003723 0.179000 254.625000
853.875000 256.003723 0.179000 254.729996
854.000000 256.003723 0.165000 254.835007
854.000000 256.204803 0.165000 254.919998
854.000000 256.204803 0.165000 255.035004
854.000000 256.431274 0.165000 255.125000
854.000000 256.431274 0.165000 255.229996
854.125000 256.645966 0.165000 255.324997
854.125000 256.847107 0.165000 255.434998
854.250000 257.052216 0.165000 255.529999
854.375000 257.052216 0.165000 255.619995
854.375000 257.274475 0.165000 255.735001
854.375000 257.504974 0.158000 255.830002
854.500000 257.708527 0.158000 255.919998
854.500000 257.910095 0.158000 256.024994
854.500000 257.910095 0.158000 256.119995
854.625000 258.323486 0.158000 256.234985
854.625000 258.323486 0.158000 256.325012
854.750000 258.532135 0.158000 256.429993
854.750000 258.760468 0.158000 256.515015
854.750000 258.998260 0.158000 256.630005
854.875000 259.247314 0.158000 256.734985
854.875000 259.479126 0.148000 256.825012
855.000000 259.686859 0.148000 256.929993
855.000000 259.686859 0.148000 257.015015
855.000000 259.890991 0.148000 257.125000
855.000000 260.099304 0.148000 257.230011
855.125000 260.099304 0.148000 257.315002
855.125000 260.300232 0.148000 257.424988
855.125000 260.300232 0.148000 257.535004
855.125000 260.300232 0.148000 257.619995
855.125000 260.300232 0.148000 257.725006
855.125000 260.300232 0.145000 257.834991
855.125000 260.300232 0.145000 257.920013
855.125000 260.500854 0.145000 258.035004
855.125000 260.500854 0.145000 258.130005
855.125000 260.500854 0.145000 258.209991
855.125000 260.500854 0.145000 258.334991
855.125000 260.500854 0.145000 258.420013
855.125000 260.500854 0.145000 258.535004
855.125000 260.500854 0.145000 258.625000
855.125000 260.500854 0.145000 258.734985
855.125000 260.500854 0.138000 258.825012
855.125000 260.500854 0.138000 258.934998
855.125000 260.500854 0.138000 259.019989
855.125000 260.500854 0.138000 259.135010
855.125000 260.500854 0.138000 259.220001
855.125000 260.500854 0.138000 259.334991
855.125000 260.500854 0.138000 259.420013
855.125000 260.500854 0.138000 259.535004
855.125000 260.500854 0.138000 259.619995
855.125000 260.500854 0.138000 259.734985
855.125000 260.500854 0.144000 259.820007
855.125000 260.500854 0.144000 259.924988
855.125000 260.706299 0.144000 260.035004
855.125000 260.706299 0.144000 260.119995
855.125000 260.911774 0.144000 260.225006
855.125000 261.115173 0.144000 260.334991
855.125000 261.115173 0.144000 260.420013
855.125000 261.319763 0.144000 260.535004
855.250000 261.526459 0.144000 260.625000
855.250000 261.748169 0.144000 260.734985
855.250000 261.748169 0.144000 260.820007
855.250000 262.165833 0.144000 260.934998
855.250000 262.165833 0.144000 261.029999
855.250000 262.402466 0.144000 261.125000
855.250000 262.632446 0.144000 261.234985
855.250000 262.841736 0.144000 261.320007
855.250000 263.050995 0.144000 261.429993
855.250000 263.263000 0.144000 261.540009
855.250000 263.493622 0.144000 261.625000
855.250000 263.726501 0.144000 261.739990
855.250000 263.928925 0.144000 261.834991
855.250000 264.129486 0.186000 261.924988
855.250000 264.337524 0.186000 262.035004
855.250000 264.337524 0.186000 262.119995
855.250000 264.558228 0.186000 262.234985
855.250000 264.558228 0.186000 262.329987
855.250000 264.762604 0.186000 262.440002
855.250000 264.762604 0.186000 262.524994
855.250000 264.762604 0.186000 262.630005
855.250000 264.762604 0.186000 262.734985
855.250000 264.963684 0.186000 262.845001
855.250000 264.963684 0.178000 262.934998
855.250000 264.963684 0.178000 263.029999
855.250000 264.963684 0.178000 263.135010
855.250000 264.963684 0.178000 263.225006
855.250000 264.963684 0.178000 263.334991
855.250000 264.963684 0.178000 263.440002
855.250000 264.963684 0.178000 263.529999
855.250000 264.963684 0.178000 263.640015
855.250000 264.963684 0.178000 263.730011
855.250000 264.963684 0.182000 263.834991
855.250000 264.963684 0.182000 263.920013
855.250000 264.963684 0.182000 264.029999
855.250000 264.963684 0.182000 264.140015
855.250000 264.963684 0.182000 264.234985
855.250000 264.963684 0.182000 264.339996
855.250000 264.963684 0.182000 264.434998
855.250000 264.963684 0.182000 264.524994
855.250000 264.963684 0.182000 264.640015
855.250000 264.963684 0.182000 264.725006
855.250000 264.963684 0.170000 264.839996
855.250000 264.963684 0.170000 264.940002
855.250000 264.963684 0.170000 265.029999
855.250000 265.166901 0.170000 265.140015
855.250000 265.166901 0.170000 265.225006
855.250000 265.367798 0.170000 265.329987
855.250000 265.602814 0.170000 265.440002
855.250000 265.602814 0.170000 265.529999
855.250000 265.809113 0.170000 265.640015
855.250000 266.012665 0.170000 265.730011
855.250000 266.219025 0.167000 265.834991
855.250000 266.424713 0.167000 265.940002
855.250000 266.648407 0.167000 266.029999
855.250000 266.854492 0.167000 266.135010
855.250000 267.061798 0.167000 266.239990
855.250000 267.270203 0.167000 266.329987
855.250000 267.479340 0.167000 266.440002
855.250000 267.479340 0.167000 266.524994
855.250000 267.887573 0.167000 266.640015
855.250000 267.887573 0.167000 266.725006
855.250000 268.292969 0.172000 266.834991
855.250000 268.292969 0.172000 266.929993
855.375000 268.509064 0.172000 267.029999
855.375000 268.715820 0.172000 267.125000
855.375000 268.919830 0.172000 267.230011
855.375000 268.919830 0.172000 267.339996
855.500000 268.919830 0.172000 267.424988
855.500000 269.120728 0.172000 267.540009
855.500000 269.120728 0.172000 267.630005
855.500000 269.120728 0.172000 267.739990
855.500000 269.120728 0.166000 267.829987
855.500000 269.120728 0.166000 267.934998
855.500000 269.120728 0.166000 268.024994
855.500000 269.120728 0.166000 268.135010
855.500000 269.322601 0.166000 268.220001
855.500000 269.322601 0.166000 268.329987
855.500000 269.322601 0.166000 268.440002
855.500000 269.322601 0.166000 268.524994
855.500000 269.322601 0.166000 268.640015
855.500000 269.322601 0.166000 268.725006
855.500000 269.322601 0.156000 268.834991
855.500000 269.322601 0.156000 268.934998
855.500000 269.322601 0.156000 269.024994
855.500000 269.322601 0.156000 269.140015
855.500000 269.322601 0.156000 269.225006
855.500000 269.322601 0.156000 269.334991
855.500000 269.322601 0.156000 269.420013
855.500000 269.322601 0.156000 269.524994
855.500000 269.322601 0.156000 269.640015
855.500000 269.322601 0.156000 269.725006
855.500000 269.322601 0.157000 269.829987
855.500000 269.322601 0.157000 269.934998
855.500000 269.322601 0.157000 270.040009
855.500000 269.322601 0.157000 270.125000
855.500000 269.322601 0.157000 270.234985
855.500000 269.322601 0.157000 270.339996
855.500000 269.322601 0.157000 270.440002
855.500000 269.322601 0.157000 270.529999
855.500000 269.322601 0.157000 270.635010
855.500000 269.322601 0.157000 270.720001
855.500000 269.322601 0.156000 270.834991
855.500000 269.322601 0.156000 270.920013
855.500000 269.322601 0.156000 271.035004
855.500000 269.322601 0.156000 271.119995
855.500000 269.322601 0.156000 271.234985
855.500000 269.322601 0.156000 271.320007
855.500000 269.322601 0.156000 271.429993
855.500000 269.322601 0.156000 271.519989
855.500000 269.322601 0.156000 271.630005
855.500000 269.524963 0.156000 271.720001
855.500000 269.730774 0.155000 271.834991
855.500000 269.730774 0.155000 271.920013
855.500000 269.937683 0.155000 272.029999
855.500000 270.144684 0.155000 272.140015
855.500000 270.144684 0.155000 272.230011
855.500000 270.347198 0.155000 272.339996
855.500000 270.554626 0.155000 272.434998
855.500000 270.763489 0.155000 272.519989
855.500000 270.964630 0.155000 272.625000
855.500000 271.166962 0.155000 272.734985
855.500000 271.370911 0.201000 272.834991
855.500000 271.370911 0.201000 272.929993
855.500000 271.579865 0.201000 273.029999
855.500000 271.579865 0.201000 273.119995
855.500000 271.781708 0.201000 273.234985
855.500000 271.781708 0.201000 273.315002
855.500000 271.781708 0.201000 273.429993
855.500000 271.983582 0.201000 273.535004
855.500000 271.983582 0.201000 273.619995
855.500000 272.186066 0.201000 273.730011
855.500000 272.186066 0.187000 273.825012
855.500000 272.406403 0.187000 273.934998
855.500000 272.406403 0.187000 274.019989
855.500000 272.608643 0.187000 274.130005
855.500000 272.608643 0.187000 274.230011
855.500000 272.810455 0.187000 274.320007
855.500000 272.810455 0.187000 274.434998
855.500000 272.810455 0.187000 274.519989
855.500000 272.810455 0.187000 274.630005
855.500000 273.010559 0.187000 274.734985
855.625000 273.010559 0.165000 274.815002
855.625000 273.010559 0.165000 274.929993
855.625000 273.010559 0.165000 275.019989
855.625000 273.010559 0.165000 275.130005
855.625000 273.010559 0.165000 275.230011
855.750000 273.010559 0.165000 275.329987
855.750000 273.010559 0.165000 275.420013
855.750000 273.010559 0.165000 275.529999
855.750000 273.010559 0.165000 275.619995
855.750000 273.010559 0.165000 275.730011
855.750000 273.010559 0.170000 275.815002
855.750000 273.010559 0.170000 275.929993
855.750000 273.010559 0.170000 276.019989
855.750000 273.010559 0.170000 276.125000
855.750000 273.010559 0.170000 276.230011
855.750000 273.010559 0.170000 276.315002
855.750000 273.010559 0.170000 276.434998
855.750000 273.010559 0.170000 276.519989
855.750000 273.010559 0.170000 276.625000
855.750000 273.010559 0.170000 276.734985
855.750000 273.010559 0.171000 276.825012
855.750000 273.010559 0.171000 276.929993
855.750000 273.214600 0.171000 277.019989
855.750000 273.214600 0.171000 277.135010
855.750000 273.429932 0.171000 277.220001
855.750000 273.666199 0.171000 277.334991
855.750000 273.666199 0.171000 277.420013
855.875000 273.897980 0.171000 277.535004
855.875000 274.101105 0.171000 277.625000
855.875000 274.101105 0.171000 277.734985
856.000000 274.327454 0.160000 277.820007
856.000000 274.530396 0.160000 277.934998
856.000000 274.530396 0.160000 278.015015
856.000000 274.733765 0.160000 278.130005
856.125000 274.940247 0.160000 278.234985
856.250000 275.165649 0.160000 278.325012
856.250000 275.371399 0.160000 278.434998
856.375000 275.371399 0.160000 278.524994
856.375000 275.575928 0.160000 278.630005
856.375000 275.793030 0.160000 278.730011
856.375000 275.998566 0.160000 278.820007
856.375000 276.199707 0.204000 278.934998
856.625000 276.199707 0.204000 279.024994
856.625000 276.199707 0.204000 279.135010
856.750000 276.399811 0.204000 279.220001
856.750000 276.399811 0.204000 279.329987
856.750000 276.399811 0.204000 279.429993
856.750000 276.399811 0.204000 279.515015
856.750000 276.399811 0.204000 279.630005
856.750000 276.399811 0.204000 279.730011
856.875000 276.600281 0.171000 279.820007
856.875000 276.600281 0.171000 279.929993
856.875000 276.600281 0.171000 280.035004
856.875000 276.600281 0.171000 280.125000
856.875000 276.600281 0.171000 280.230011
856.875000 276.600281 0.171000 280.334991
856.875000 276.600281 0.171000 280.424988
856.875000 276.600281 0.171000 280.529999
857.000000 276.600281 0.171000 280.630005
857.000000 276.600281 0.171000 280.720001
857.000000 276.600281 0.169000 280.829987
857.000000 276.600281 0.169000 280.920013
857.000000 276.600281 0.169000 281.035004
857.125000 276.600281 0.169000 281.119995
857.125000 276.600281 0.169000 281.234985
857.125000 276.600281 0.169000 281.325012
857.125000 276.600281 0.169000 281.434998
857.125000 276.600281 0.169000 281.515015
857.125000 276.801941 0.169000 281.630005
857.125000 277.030609 0.169000 281.725006
857.125000 277.030609 0.184000 281.829987
857.125000 277.235748 0.184000 281.934998
857.125000 277.441620 0.184000 282.035004
857.125000 277.441620 0.184000 282.125000
857.125000 277.646667 0.184000 282.225006
857.125000 277.846924 0.184000 282.320007
857.125000 277.846924 0.184000 282.429993
857.125000 278.069031 0.184000 282.519989
857.125000 278.296356 0.184000 282.630005
857.125000 278.296356 0.184000 282.730011
857.625000 278.502258 0.177000 282.820007
857.625000 278.707031 0.177000 282.924988
858.000000 278.912231 0.177000 283.035004
858.125000 278.912231 0.177000 283.119995
858.125000 278.912231 0.177000 283.225006
858.250000 279.114227 0.177000 283.334991
858.250000 279.114227 0.177000 283.429993
858.250000 279.114227 0.177000 283.535004
858.250000 279.114227 0.177000 283.625000
858.375000 279.314636 0.177000 283.730011
858.375000 279.314636 0.151000 283.829987
858.375000 279.314636 0.151000 283.920013
858.375000 279.314636 0.151000 284.035004
858.500000 279.314636 0.151000 284.119995
858.500000 279.314636 0.151000 284.230011
858.500000 279.314636 0.151000 284.320007
858.500000 279.314636 0.151000 284.424988
858.500000 279.314636 0.151000 284.529999
858.500000 279.314636 0.151000 284.630005
858.500000 279.314636 0.151000 284.730011
858.500000 279.314636 0.165000 284.825012
858.500000 279.314636 0.165000 284.934998
858.500000 279.314636 0.165000 285.029999
858.500000 279.314636 0.165000 285.119995
858.500000 279.314636 0.165000 285.225006
858.500000 279.518524 0.165000 285.334991
858.750000 279.518524 0.165000 285.434998
858.875000 279.720917 0.165000 285.535004
858.875000 279.720917 0.165000 285.619995
859.000000 279.927307 0.165000 285.734985
859.000000 280.129272 0.168000 285.834991
859.125000 280.129272 0.168000 285.924988
859.125000 280.129272 0.168000 286.029999
859.125000 280.129272 0.168000 286.135010
859.250000 280.329712 0.168000 286.225006
859.250000 280.329712 0.168000 286.325012
859.250000 280.329712 0.168000 286.434998
859.500000 280.329712 0.168000 286.524994
859.500000 280.329712 0.168000 286.635010
859.500000 280.329712 0.168000 286.730011
859.625000 280.329712 0.169000 286.829987
859.625000 280.329712 0.169000 286.920013
859.625000 280.329712 0.169000 287.035004
859.625000 280.329712 0.169000 287.125000
859.625000 280.532074 0.169000 287.230011
859.625000 280.532074 0.169000 287.334991
859.625000 280.735382 0.169000 287.434998
859.625000 280.943085 0.169000 287.529999
859.625000 280.943085 0.169000 287.619995
859.875000 281.147919 0.169000 287.730011
859.875000 281.375641 0.169000 287.829987
859.875000 281.590240 0.190000 287.924988
860.000000 281.806610 0.190000 288.035004
860.000000 282.008972 0.190000 288.130005
860.000000 282.008972 0.190000 288.220001
860.000000 282.209991 0.190000 288.329987
860.000000 282.209991 0.190000 288.420013
860.000000 282.209991 0.190000 288.535004
860.000000 282.209991 0.190000 288.619995
860.000000 282.410431 0.190000 288.734985
860.000000 282.410431 0.190000 288.825012
860.000000 282.410431 0.188000 288.934998
860.000000 282.410431 0.188000 289.019989
860.000000 282.410431 0.188000 289.135010
860.000000 282.410431 0.188000 289.220001
860.000000 282.410431 0.188000 289.334991
860.000000 282.410431 0.188000 289.424988
860.000000 282.410431 0.188000 289.529999
860.000000 282.410431 0.188000 289.635010
860.000000 282.410431 0.188000 289.720001
860.000000 282.410431 0.182000 289.829987
860.000000 282.410431 0.182000 289.934998
860.000000 282.410431 0.182000 290.029999
860.000000 282.610992 0.182000 290.114990
860.000000 282.610992 0.182000 290.225006
860.125000 282.819977 0.182000 290.334991
860.125000 282.819977 0.182000 290.420013
860.125000 283.031616 0.182000 290.524994
860.250000 283.238251 0.182000 290.630005
860.250000 283.238251 0.182000 290.725006
860.250000 283.444366 0.182000 290.825012
860.375000 283.644592 0.254000 290.934998
860.500000 283.861877 0.254000 291.024994
860.500000 283.861877 0.254000 291.135010
860.500000 284.083832 0.254000 291.225006
860.625000 284.304413 0.254000 291.329987
860.750000 284.304413 0.254000 291.420013
860.750000 284.509338 0.254000 291.529999
860.750000 284.721069 0.254000 291.635010
860.750000 284.721069 0.254000 291.725006
860.875000 284.932556 0.254000 291.834991
860.875000 285.136475 0.261000 291.920013
860.875000 285.340393 0.261000 292.035004
861.000000 285.340393 0.261000 292.125000
861.000000 285.567169 0.261000 292.230011
861.000000 285.774353 0.261000 292.325012
861.000000 285.774353 0.261000 292.429993
861.125000 285.982971 0.261000 292.519989
861.125000 286.184998 0.261000 292.625000
861.125000 286.387695 0.261000 292.720001
861.250000 286.387695 0.261000 292.825012
861.250000 286.590912 0.259000 292.940002
861.250000 286.816925 0.259000 293.024994
861.250000 286.816925 0.259000 293.130005
861.375000 287.033783 0.259000 293.214996
861.375000 287.233978 0.259000 293.325012
861.500000 287.434052 0.259000 293.429993
861.500000 287.434052 0.259000 293.519989
861.625000 287.665466 0.259000 293.625000
861.625000 287.868011 0.259000 293.734985
861.750000 287.868011 0.259000 293.825012
861.750000 288.071442 0.302000 293.929993
861.750000 288.291565 0.302000 294.035004
861.875000 288.291565 0.302000 294.119995
862.000000 288.506805 0.302000 294.230011
862.000000 288.708252 0.302000 294.320007
862.000000 288.920135 0.302000 294.429993
862.000000 288.920135 0.302000 294.519989
862.125000 289.120819 0.302000 294.630005
862.125000 289.120819 0.302000 294.714996
862.125000 289.331146 0.302000 294.825012
862.125000 289.331146 0.275000 294.934998
862.125000 289.331146 0.275000 295.024994
862.125000 289.331146 0.275000 295.130005
862.125000 289.331146 0.275000 295.230011
862.125000 289.331146 0.275000 295.325012
862.125000 289.532959 0.275000 295.434998
862.125000 289.532959 0.275000 295.519989
862.125000 289.532959 0.275000 295.630005
862.125000 289.532959 0.275000 295.720001
862.125000 289.532959 0.254000 295.825012
862.125000 289.532959 0.254000 295.929993
862.125000 289.532959 0.254000 296.035004
862.125000 289.532959 0.254000 296.125000
862.125000 289.532959 0.254000 296.230011
862.125000 289.532959 0.254000 296.329987
862.125000 289.532959 0.254000 296.434998
862.125000 289.532959 0.254000 296.519989
862.125000 289.532959 0.254000 296.635010
862.250000 289.532959 0.254000 296.730011
862.250000 289.749115 0.254000 296.815002
862.250000 289.949554 0.251000 296.920013
862.375000 289.949554 0.251000 297.035004
862.375000 290.160431 0.251000 297.125000
862.375000 290.379791 0.251000 297.225006
862.375000 290.379791 0.251000 297.329987
862.500000 290.594116 0.251000 297.434998
862.500000 290.816895 0.251000 297.519989
862.500000 291.018188 0.251000 297.635010
862.500000 291.018188 0.251000 297.734985
862.500000 291.221313 0.251000 297.834991
862.500000 291.422729 0.306000 297.924988
862.500000 291.422729 0.306000 298.035004
862.625000 291.635986 0.306000 298.119995
862.625000 291.635986 0.306000 298.234985
862.625000 291.849091 0.306000 298.320007
862.625000 291.849091 0.306000 298.440002
862.625000 291.849091 0.306000 298.529999
862.625000 292.050354 0.306000 298.619995
862.750000 292.050354 0.306000 298.725006
862.750000 292.050354 0.306000 298.829987
862.750000 292.050354 0.237000 298.924988
862.750000 292.050354 0.237000 299.029999
862.875000 292.050354 0.237000 299.114990
862.875000 292.050354 0.237000 299.220001
862.875000 292.050354 0.237000 299.334991
862.875000 292.050354 0.237000 299.429993
862.875000 292.050354 0.237000 299.519989
862.875000 292.050354 0.237000 299.630005
862.875000 292.050354 0.237000 299.725006
862.875000 292.050354 0.237000 299.834991
862.875000 292.050354 0.228000 299.924988
862.875000 292.050354 0.228000 300.035004
862.875000 292.050354 0.228000 300.119995
862.875000 292.050354 0.228000 300.225006
862.875000 292.050354 0.228000 300.334991
862.875000 292.050354 0.228000 300.420013
862.875000 292.050354 0.228000 300.529999
862.875000 292.050354 0.228000 300.635010
862.875000 292.050354 0.228000 300.730011
862.875000 292.261414 0.228000 300.834991
862.875000 292.462158 0.289000 300.929993
862.875000 292.462158 0.289000 301.035004
862.875000 292.667908 0.289000 301.119995
862.875000 292.667908 0.289000 301.234985
862.875000 292.899628 0.289000 301.325012
862.875000 292.899628 0.289000 301.434998
862.875000 293.104797 0.289000 301.519989
862.875000 293.104797 0.289000 301.630005
862.875000 293.309692 0.289000 301.734985
862.875000 293.309692 0.289000 301.829987
862.875000 293.513885 0.269000 301.929993
863.000000 293.513885 0.269000 302.019989
863.000000 293.513885 0.269000 302.130005
863.000000 293.715240 0.269000 302.214996
863.000000 293.715240 0.269000 302.320007
863.000000 293.715240 0.269000 302.434998
863.000000 293.715240 0.269000 302.524994
863.000000 293.715240 0.269000 302.635010
863.000000 293.715240 0.269000 302.720001
863.000000 293.715240 0.269000 302.834991
863.000000 293.715240 0.250000 302.920013
863.000000 293.715240 0.250000 303.024994
863.000000 293.715240 0.250000 303.130005
863.000000 293.715240 0.250000 303.220001
863.000000 293.715240 0.250000 303.334991
863.000000 293.715240 0.250000 303.415009
863.000000 293.715240 0.250000 303.529999
863.000000 293.715240 0.250000 303.635010
863.000000 293.715240 0.250000 303.720001
863.000000 293.715240 0.250000 303.834991
863.000000 293.715240 0.242000 303.920013
863.000000 293.915344 0.242000 304.024994
863.000000 293.915344 0.242000 304.135010
863.000000 293.915344 0.242000 304.225006
863.000000 293.915344 0.242000 304.329987
863.000000 293.915344 0.242000 304.434998
863.000000 293.915344 0.242000 304.529999
863.000000 293.915344 0.242000 304.635010
863.000000 294.119751 0.242000 304.720001
863.000000 294.119751 0.242000 304.829987
863.000000 294.336700 0.256000 304.920013
863.000000 294.537231 0.256000 305.035004
863.000000 294.537231 0.256000 305.119995
863.000000 294.758606 0.256000 305.234985
863.000000 294.758606 0.256000 305.325012
863.000000 294.960266 0.256000 305.434998
863.000000 294.960266 0.256000 305.515015
863.000000 294.960266 0.256000 305.625000
863.000000 295.161987 0.256000 305.734985
863.000000 295.161987 0.256000 305.820007
863.000000 295.161987 0.282000 305.924988
863.000000 295.362183 0.282000 306.024994
863.000000 295.362183 0.282000 306.135010
863.000000 295.362183 0.282000 306.220001
863.000000 295.362183 0.282000 306.329987
863.000000 295.362183 0.282000 306.420013
863.125000 295.362183 0.282000 306.529999
863.125000 295.362183 0.282000 306.630005
863.125000 295.362183 0.282000 306.725006
863.125000 295.362183 0.282000 306.829987
863.125000 295.362183 0.279000 306.934998
863.125000 295.362183 0.279000 307.024994
863.125000 295.362183 0.279000 307.130005
863.250000 295.362183 0.279000 307.234985
863.250000 295.562347 0.279000 307.325012
863.250000 295.562347 0.279000 307.440002
863.500000 295.562347 0.279000 307.519989
863.500000 295.562347 0.279000 307.635010
863.500000 295.562347 0.279000 307.720001
863.625000 295.562347 0.279000 307.829987
863.625000 295.562347 0.256000 307.934998
863.625000 295.562347 0.256000 308.029999
863.750000 295.562347 0.256000 308.119995
863.750000 295.766296 0.256000 308.234985
863.750000 295.766296 0.256000 308.325012
863.875000 295.967682 0.256000 308.434998
863.875000 296.170532 0.256000 308.515015
863.875000 296.374268 0.256000 308.635010
864.125000 296.576508 0.256000 308.725006
864.125000 296.782806 0.256000 308.829987
864.125000 296.782806 0.270000 308.920013
864.250000 296.991333 0.270000 309.024994
864.250000 297.200653 0.270000 309.130005
864.250000 297.448853 0.270000 309.220001
864.375000 297.686035 0.270000 309.329987
864.500000 297.932434 0.270000 309.420013
864.625000 298.149292 0.270000 309.535004
864.750000 298.356842 0.270000 309.625000
864.750000 298.564606 0.270000 309.730011
864.875000 298.564606 0.270000 309.820007
864.875000 298.976562 0.270000 309.929993
865.000000 298.976562 0.315000 310.015015
865.125000 299.184509 0.315000 310.125000
865.250000 299.385193 0.315000 310.234985
865.500000 299.598602 0.315000 310.320007
865.500000 299.833466 0.315000 310.429993
865.875000 300.079193 0.315000 310.519989
865.875000 300.286835 0.315000 310.625000
866.000000 300.505188 0.315000 310.734985
866.250000 300.713226 0.315000 310.820007
866.250000 300.919098 0.287000 310.929993
866.250000 301.121368 0.287000 311.029999
866.375000 301.121368 0.287000 311.125000
866.500000 301.330261 0.287000 311.230011
866.500000 301.532562 0.287000 311.320007
866.625000 301.736176 0.287000 311.429993
866.625000 301.938232 0.287000 311.519989
866.625000 301.938232 0.287000 311.630005
866.750000 302.150970 0.287000 311.714996
866.750000 302.377014 0.287000 311.820007
866.875000 302.377014 0.300000 311.924988
867.000000 302.610291 0.300000 312.029999
867.125000 302.836609 0.300000 312.125000
867.250000 302.836609 0.300000 312.230011
867.250000 303.057068 0.300000 312.315002
867.375000 303.263245 0.300000 312.420013
867.500000 303.471039 0.300000 312.529999
867.625000 303.680023 0.300000 312.614990
867.625000 303.884644 0.300000 312.730011
867.750000 304.091461 0.300000 312.815002
867.875000 304.298859 0.274000 312.924988
867.875000 304.506256 0.274000 313.029999
868.125000 304.506256 0.274000 313.114990
868.375000 304.714325 0.274000 313.225006
868.375000 304.933167 0.274000 313.334991
868.625000 305.152527 0.274000 313.424988
869.250000 305.362152 0.274000 313.529999
869.500000 305.571960 0.274000 313.630005
869.625000 305.781769 0.274000 313.730011
869.750000 305.991119 0.274000 313.820007
869.875000 306.205933 0.286000 313.929993
870.375000 306.441895 0.286000 314.019989
870.375000 306.653961 0.286000 314.135010
870.625000 306.860382 0.286000 314.214996
870.750000 307.068756 0.286000 314.329987
870.875000 307.275696 0.286000 314.445007
870.875000 307.483490 0.286000 314.535004
871.000000 307.483490 0.286000 314.625000
871.250000 307.690521 0.286000 314.734985
871.250000 307.927307 0.286000 314.820007
871.375000 308.154602 0.253000 314.929993
871.625000 308.359161 0.253000 315.024994
872.250000 308.564423 0.253000 315.135010
872.375000 308.800964 0.253000 315.220001
872.375000 309.018616 0.253000 315.334991
872.500000 309.226746 0.253000 315.420013
872.750000 309.435547 0.253000 315.535004
873.125000 309.435547 0.253000 315.619995
873.500000 309.644775 0.253000 315.725006
873.625000 310.063507 0.253000 315.834991
874.000000 310.063507 0.277000 315.920013
874.125000 310.269226 0.277000 316.024994
874.125000 310.474487 0.277000 316.135010
874.250000 310.699646 0.277000 316.230011
874.250000 310.906097 0.277000 316.320007
874.375000 311.124542 0.277000 316.434998
875.000000 311.333252 0.277000 316.529999
875.000000 311.571533 0.277000 316.619995
875.625000 311.799103 0.277000 316.734985
875.750000 312.006439 0.277000 316.829987
875.875000 312.209320 0.256000 316.934998
876.375000 312.410980 0.256000 317.035004
876.375000 312.410980 0.256000 317.119995
878.000000 312.615448 0.256000 317.234985
879.500000 312.851318 0.256000 317.320007
879.500000 313.078735 0.256000 317.429993
880.375000 313.287506 0.256000 317.515015
881.500000 313.496887 0.256000 317.630005
882.375000 313.736450 0.256000 317.720001
883.125000 313.965149 0.256000 317.834991
885.250000 314.167877 0.224000 317.924988
886.875000 314.377380 0.224000 318.035004
888.750000 314.377380 0.224000 318.130005
888.875000 314.618774 0.224000 318.220001
889.500000 314.832092 0.224000 318.334991
889.500000 315.057892 0.224000 318.429993
890.250000 315.057892 0.224000 318.519989
890.375000 315.265167 0.224000 318.635010
890.375000 315.472656 0.224000 318.720001
891.875000 315.693695 0.224000 318.834991
892.500000 315.693695 0.222000 318.915009
894.250000 315.894409 0.222000 319.024994
894.625000 316.097809 0.222000 319.130005
894.875000 316.097809 0.222000 319.234985
895.125000 316.097809 0.222000 319.320007
895.250000 316.298218 0.222000 319.429993
895.875000 316.298218 0.222000 319.529999
896.125000 316.298218 0.222000 319.619995
896.125000 316.298218 0.222000 319.734985
896.875000 316.298218 0.222000 319.815002
897.000000 316.298218 0.218000 319.934998
897.000000 316.298218 0.218000 320.019989
897.250000 316.298218 0.218000 320.130005
897.250000 316.499542 0.218000 320.220001
897.375000 316.499542 0.218000 320.329987
897.625000 316.499542 0.218000 320.410004
897.625000 316.499542 0.218000 320.529999
898.125000 316.499542 0.218000 320.609985
898.125000 316.499542 0.218000 320.730011
898.125000 316.499542 0.171000 320.829987
898.125000 316.499542 0.171000 320.915009
898.125000 316.499542 0.171000 321.029999
898.500000 316.499542 0.171000 321.114990
898.625000 316.499542 0.171000 321.234985
898.625000 316.499542 0.171000 321.320007
898.875000 316.499542 0.171000 321.434998
899.000000 316.499542 0.171000 321.519989
899.000000 316.499542 0.171000 321.630005
899.000000 316.499542 0.171000 321.725006
899.000000 316.499542 0.171000 321.834991
899.125000 316.700958 0.171000 321.924988
899.125000 316.901917 0.171000 322.035004
899.125000 316.901917 0.171000 322.119995
899.250000 317.109039 0.171000 322.234985
899.375000 317.314270 0.171000 322.320007
899.375000 317.527008 0.171000 322.434998
899.500000 317.733551 0.171000 322.529999
899.500000 317.971558 0.171000 322.614990
899.625000 318.190582 0.171000 322.730011
899.625000 318.399750 0.171000 322.820007
899.625000 318.608490 0.228000 322.924988
900.000000 318.817078 0.228000 323.035004
900.000000 318.817078 0.228000 323.119995
900.125000 319.245636 0.228000 323.234985
900.250000 319.245636 0.228000 323.320007
900.250000 319.455383 0.228000 323.434998
900.250000 319.684937 0.228000 323.519989
900.250000 319.914459 0.228000 323.635010
900.250000 320.123993 0.228000 323.725006
900.250000 320.343353 0.228000 323.829987
900.250000 320.569092 0.219000 323.920013
900.250000 320.777313 0.219000 324.035004
900.250000 320.777313 0.219000 324.119995
900.250000 320.977997 0.219000 324.230011
900.250000 321.184662 0.219000 324.315002
900.250000 321.408966 0.219000 324.429993
900.250000 321.408966 0.219000 324.519989
900.250000 321.615417 0.219000 324.635010
900.250000 321.820953 0.219000 324.730011
900.250000 322.026306 0.219000 324.839996
900.250000 322.026306 0.242000 324.929993
900.250000 322.232727 0.242000 325.015015
900.250000 322.440460 0.242000 325.125000
900.250000 322.649750 0.242000 325.234985
900.250000 322.869171 0.242000 325.329987
900.250000 323.074066 0.242000 325.420013
900.250000 323.281219 0.242000 325.529999
900.250000 323.281219 0.242000 325.614990
900.250000 323.499481 0.242000 325.725006
900.250000 323.718292 0.242000 325.829987
900.250000 323.957336 0.226000 325.920013
900.250000 324.184296 0.226000 326.029999
900.250000 324.391724 0.226000 326.119995
900.375000 324.600159 0.226000 326.230011
900.375000 324.839172 0.226000 326.320007
900.375000 325.048676 0.226000 326.429993
900.500000 325.258362 0.226000 326.519989
900.500000 325.468048 0.226000 326.630005
900.625000 325.677521 0.226000 326.720001
900.625000 325.885864 0.226000 326.834991
900.625000 325.885864 0.242000 326.924988
900.625000 326.088409 0.242000 327.029999
900.625000 326.319214 0.242000 327.130005
900.625000 326.544403 0.242000 327.230011
900.625000 326.752777 0.242000 327.320007
900.625000 326.952911 0.242000 327.434998
900.750000 327.154022 0.242000 327.529999
900.750000 327.355865 0.242000 327.614990
900.750000 327.556366 0.242000 327.730011
900.875000 327.757507 0.242000 327.834991
900.875000 327.966400 0.260000 327.920013
901.000000 328.172241 0.260000 328.029999
901.000000 328.378265 0.260000 328.119995
901.000000 328.378265 0.260000 328.225006
901.000000 328.580139 0.260000 328.334991
901.000000 328.580139 0.260000 328.429993
901.125000 328.580139 0.260000 328.515015
901.125000 328.780792 0.260000 328.630005
901.125000 328.780792 0.260000 328.734985
901.125000 328.780792 0.260000 328.825012
901.125000 328.780792 0.221000 328.934998
901.125000 328.780792 0.221000 329.024994
901.125000 328.780792 0.221000 329.130005
901.125000 328.780792 0.221000 329.214996
901.125000 328.780792 0.221000 329.334991
901.125000 328.780792 0.221000 329.420013
901.125000 328.780792 0.221000 329.535004
901.125000 328.780792 0.221000 329.619995
901.125000 328.780792 0.221000 329.725006
901.125000 328.780792 0.221000 329.815002
901.125000 328.780792 0.212000 329.929993
901.125000 328.780792 0.212000 330.024994
901.125000 328.780792 0.212000 330.135010
901.125000 328.780792 0.212000 330.230011
901.125000 328.780792 0.212000 330.334991
901.125000 328.780792 0.212000 330.420013
901.125000 328.780792 0.212000 330.529999
901.125000 328.780792 0.212000 330.635010
901.125000 328.780792 0.212000 330.725006
901.125000 328.780792 0.212000 330.829987
901.125000 328.780792 0.214000 330.929993
901.125000 328.780792 0.214000 331.024994
901.125000 328.780792 0.214000 331.130005
901.125000 328.989532 0.214000 331.239990
901.125000 329.190369 0.214000 331.325012
901.125000 329.391876 0.214000 331.429993
901.125000 329.391876 0.214000 331.524994
901.250000 329.620697 0.214000 331.635010
901.375000 329.835876 0.214000 331.714996
901.375000 330.066132 0.214000 331.829987
901.500000 330.313904 0.220000 331.929993
901.500000 330.524139 0.220000 332.024994
901.500000 330.724854 0.220000 332.135010
901.625000 330.724854 0.220000 332.220001
901.625000 330.930084 0.220000 332.334991
901.625000 330.930084 0.220000 332.420013
901.625000 330.930084 0.220000 332.535004
901.625000 331.131073 0.220000 332.619995
901.625000 331.131073 0.220000 332.730011
901.625000 331.131073 0.220000 332.825012
901.625000 331.131073 0.201000 332.929993
901.625000 331.131073 0.201000 333.024994
901.625000 331.131073 0.201000 333.119995
901.625000 331.131073 0.201000 333.225006
901.625000 331.131073 0.201000 333.334991
901.625000 331.131073 0.201000 333.420013
901.625000 331.131073 0.201000 333.524994
901.625000 331.131073 0.201000 333.630005
901.625000 331.131073 0.201000 333.714996
901.625000 331.131073 0.201000 333.829987
901.625000 331.131073 0.186000 333.915009
901.625000 331.131073 0.186000 334.029999
901.625000 331.131073 0.186000 334.114990
901.625000 331.131073 0.186000 334.225006
901.625000 331.131073 0.186000 334.334991
901.625000 331.131073 0.186000 334.424988
901.625000 331.333679 0.186000 334.535004
901.625000 331.333679 0.186000 334.619995
901.625000 331.539124 0.186000 334.730011
901.625000 331.741272 0.186000 334.834991
901.750000 331.741272 0.192000 334.920013
901.750000 331.969391 0.192000 335.029999
901.750000 332.174591 0.192000 335.114990
901.750000 332.174591 0.192000 335.225006
901.750000 332.374969 0.192000 335.329987
901.875000 332.582245 0.192000 335.415009
901.875000 332.787323 0.192000 335.529999
901.875000 332.787323 0.192000 335.635010
902.000000 332.987335 0.192000 335.725006
902.000000 333.194031 0.192000 335.829987
902.125000 333.400269 0.228000 335.924988
902.125000 333.400269 0.228000 336.035004
902.125000 333.608246 0.228000 336.125000
902.125000 333.811615 0.228000 336.234985
902.125000 333.811615 0.228000 336.315002
902.125000 334.016449 0.228000 336.434998
902.125000 334.216736 0.228000 336.519989
902.125000 334.423950 0.228000 336.630005
902.125000 334.423950 0.228000 336.725006
902.125000 334.638031 0.228000 336.839996
902.125000 334.842651 0.217000 336.924988
902.250000 335.048126 0.217000 337.029999
902.250000 335.048126 0.217000 337.130005
902.250000 335.048126 0.217000 337.214996
902.250000 335.248932 0.217000 337.329987
902.250000 335.248932 0.217000 337.420013
902.250000 335.248932 0.217000 337.529999
902.250000 335.248932 0.217000 337.635010
902.250000 335.452179 0.217000 337.725006
902.250000 335.452179 0.217000 337.839996
902.250000 335.452179 0.245000 337.929993
902.250000 335.452179 0.245000 338.019989
902.250000 335.452179 0.245000 338.130005
902.250000 335.452179 0.245000 338.220001
902.250000 335.452179 0.245000 338.329987
902.250000 335.452179 0.245000 338.420013
902.250000 335.452179 0.245000 338.529999
902.250000 335.452179 0.245000 338.609985
902.250000 335.452179 0.245000 338.730011
902.250000 335.452179 0.245000 338.815002
902.250000 335.452179 0.244000 338.929993
902.250000 335.452179 0.244000 339.024994
902.250000 335.452179 0.244000 339.125000
902.250000 335.452179 0.244000 339.234985
902.250000 335.452179 0.244000 339.325012
902.250000 335.452179 0.244000 339.429993
902.250000 335.452179 0.244000 339.524994
902.250000 335.452179 0.244000 339.635010
902.250000 335.452179 0.244000 339.720001
902.375000 335.655426 0.244000 339.834991
902.375000 335.655426 0.244000 339.920013
902.375000 335.875397 0.244000 340.035004
902.500000 335.875397 0.244000 340.119995
902.500000 336.083282 0.244000 340.230011
902.750000 336.295441 0.244000 340.315002
902.875000 336.517639 0.244000 340.424988
903.250000 336.744843 0.244000 340.540009
903.250000 336.994324 0.244000 340.625000
903.375000 337.204468 0.244000 340.734985
903.500000 337.414185 0.244000 340.820007
903.500000 337.623779 0.266000 340.934998
903.625000 337.830078 0.266000 341.024994
903.625000 337.830078 0.266000 341.130005
903.750000 338.063904 0.266000 341.225006
903.750000 338.269073 0.266000 341.329987
903.875000 338.472229 0.266000 341.424988
903.875000 338.472229 0.266000 341.535004
904.250000 338.693726 0.266000 341.619995
904.250000 338.898132 0.266000 341.734985
904.250000 338.898132 0.266000 341.820007
904.375000 339.109558 0.272000 341.934998
904.375000 339.313416 0.272000 342.019989
904.375000 339.532593 0.272000 342.135010
904.500000 339.532593 0.272000 342.220001
904.625000 339.734802 0.272000 342.325012
904.625000 339.942139 0.272000 342.424988
904.750000 340.146545 0.272000 342.535004
905.750000 340.348938 0.272000 342.625000
905.750000 340.555054 0.272000 342.734985
906.250000 340.802124 0.272000 342.829987
906.250000 341.010498 0.309000 342.929993
906.250000 341.212463 0.309000 343.024994
906.375000 341.414154 0.309000 343.135010
906.375000 341.414154 0.309000 343.225006
906.375000 341.639191 0.309000 343.329987
906.500000 341.844208 0.309000 343.440002
906.500000 341.844208 0.309000 343.524994
906.750000 342.051147 0.309000 343.635010
906.875000 342.278870 0.309000 343.739990
907.125000 342.278870 0.309000 343.829987
907.375000 342.484497 0.255000 343.934998
907.375000 342.721252 0.255000 344.019989
907.500000 342.721252 0.255000 344.125000
907.500000 342.928375 0.255000 344.230011
907.500000 343.156799 0.255000 344.315002
907.500000 343.156799 0.255000 344.424988
907.500000 343.362305 0.255000 344.535004
907.500000 343.567200 0.255000 344.625000
907.500000 343.774323 0.255000 344.734985
907.625000 343.774323 0.255000 344.834991
907.625000 344.000641 0.250000 344.934998
907.750000 344.205017 0.250000 345.024994
907.875000 344.205017 0.250000 345.135010
907.875000 344.416351 0.250000 345.220001
907.875000 344.649750 0.250000 345.334991
907.875000 344.649750 0.250000 345.424988
908.000000 344.868835 0.250000 345.524994
908.000000 345.080811 0.250000 345.635010
908.000000 345.080811 0.250000 345.714996
908.000000 345.292999 0.250000 345.829987
908.000000 345.292999 0.251000 345.924988
908.000000 345.493683 0.251000 346.024994
908.000000 345.493683 0.251000 346.114990
908.000000 345.493683 0.251000 346.234985
908.000000 345.493683 0.251000 346.320007
908.000000 345.694611 0.251000 346.429993
908.000000 345.694611 0.251000 346.515015
908.125000 345.694611 0.251000 346.625000
908.125000 345.694611 0.251000 346.734985
908.250000 345.694611 0.251000 346.820007
908.250000 345.694611 0.229000 346.934998
908.250000 345.694611 0.229000 347.024994
908.250000 345.694611 0.229000 347.135010
908.250000 345.694611 0.229000 347.225006
908.250000 345.694611 0.229000 347.334991
908.250000 345.694611 0.229000 347.429993
908.250000 345.694611 0.229000 347.510010
908.250000 345.694611 0.229000 347.625000
908.250000 345.694611 0.229000 347.734985
908.250000 345.694611 0.229000 347.820007
908.250000 345.694611 0.210000 347.924988
908.250000 345.898102 0.210000 348.040009
908.250000 345.898102 0.210000 348.125000
908.500000 346.099426 0.210000 348.230011
908.625000 346.300385 0.210000 348.315002
908.625000 346.501801 0.210000 348.429993
908.625000 346.501801 0.210000 348.535004
908.750000 346.705536 0.210000 348.619995
908.875000 346.910339 0.210000 348.730011
908.875000 346.910339 0.210000 348.825012
908.875000 347.113617 0.222000 348.934998
908.875000 347.319397 0.222000 349.019989
909.000000 347.523621 0.222000 349.130005
909.125000 347.523621 0.222000 349.234985
909.125000 347.736816 0.222000 349.329987
909.125000 347.942169 0.222000 349.420013
909.250000 347.942169 0.222000 349.529999
909.375000 348.159546 0.222000 349.635010
909.500000 348.379974 0.222000 349.720001
909.500000 348.379974 0.222000 349.829987
909.500000 348.605164 0.241000 349.934998
909.500000 348.832336 0.241000 350.019989
909.500000 349.036407 0.241000 350.135010
909.500000 349.036407 0.241000 350.220001
909.625000 349.241150 0.241000 350.329987
909.750000 349.445984 0.241000 350.434998
909.875000 349.445984 0.241000 350.535004
910.000000 349.675659 0.241000 350.619995
910.000000 349.877930 0.241000 350.734985
910.000000 350.079193 0.241000 350.820007
910.125000 350.279541 0.228000 350.924988
910.125000 350.480988 0.228000 351.035004
910.375000 350.480988 0.228000 351.140015
910.375000 350.695190 0.228000 351.225006
910.375000 350.695190 0.228000 351.334991
910.375000 350.911041 0.228000 351.420013
910.375000 350.911041 0.228000 351.535004
910.500000 350.911041 0.228000 351.619995
910.625000 351.111359 0.228000 351.734985
910.625000 351.111359 0.228000 351.839996
910.625000 351.111359 0.234000 351.920013
910.625000 351.111359 0.234000 352.024994
910.625000 351.111359 0.234000 352.130005
910.625000 351.111359 0.234000 352.220001
910.875000 351.111359 0.234000 352.339996
910.875000 351.111359 0.234000 352.424988
910.875000 351.111359 0.234000 352.529999
911.000000 351.111359 0.234000 352.635010
911.000000 351.111359 0.234000 352.720001
911.000000 351.111359 0.208000 352.834991
911.000000 351.111359 0.208000 352.920013
911.000000 351.312042 0.208000 353.029999
911.000000 351.312042 0.208000 353.135010
911.000000 351.312042 0.208000 353.225006
911.000000 351.520264 0.208000 353.329987
911.000000 351.722046 0.208000 353.424988
911.000000 351.930664 0.208000 353.529999
911.000000 351.930664 0.208000 353.630005
911.000000 352.137115 0.208000 353.734985
911.000000 352.371094 0.208000 353.825012
911.000000 352.589569 0.220000 353.929993
911.000000 352.798157 0.220000 354.019989
911.000000 353.007416 0.220000 354.125000
911.000000 353.217041 0.220000 354.230011
911.000000 353.446503 0.220000 354.320007
911.000000 353.655579 0.220000 354.424988
911.000000 353.864929 0.220000 354.535004
911.125000 354.074524 0.220000 354.625000
911.125000 354.284271 0.220000 354.734985
911.250000 354.493896 0.220000 354.834991
911.250000 354.493896 0.242000 354.920013
911.250000 354.699829 0.242000 355.040009
911.250000 354.927826 0.242000 355.125000
911.250000 355.130524 0.242000 355.234985
911.250000 355.130524 0.242000 355.325012
911.250000 355.130524 0.242000 355.424988
911.250000 355.331818 0.242000 355.535004
911.250000 355.331818 0.242000 355.625000
911.250000 355.331818 0.242000 355.730011
911.250000 355.331818 0.242000 355.829987
911.250000 355.331818 0.188000 355.920013
911.250000 355.331818 0.188000 356.024994
911.250000 355.534119 0.188000 356.114990
911.250000 355.534119 0.188000 356.234985
911.250000 355.534119 0.188000 356.320007
911.250000 355.534119 0.188000 356.429993
911.250000 355.534119 0.188000 356.519989
911.250000 355.534119 0.188000 356.625000
911.250000 355.534119 0.188000 356.739990
911.250000 355.534119 0.178000 356.834991
911.250000 355.534119 0.178000 356.924988
911.250000 355.534119 0.178000 357.035004
911.250000 355.534119 0.178000 357.119995
911.250000 355.743317 0.178000 357.225006
911.250000 355.950012 0.178000 357.334991
911.250000 355.950012 0.178000 357.420013
911.250000 356.182770 0.178000 357.535004
911.250000 356.423889 0.178000 357.619995
911.250000 356.636139 0.178000 357.734985
911.250000 356.842316 0.178000 357.820007
911.250000 357.050293 0.189000 357.920013
911.250000 357.258759 0.189000 358.024994
911.250000 357.258759 0.189000 358.119995
911.250000 357.674286 0.189000 358.234985
911.250000 357.674286 0.189000 358.329987
911.375000 357.911804 0.189000 358.424988
911.375000 358.120636 0.189000 358.524994
911.375000 358.360077 0.189000 358.635010
911.375000 358.609955 0.189000 358.730011
911.375000 358.819366 0.189000 358.825012
911.375000 359.023163 0.271000 358.924988
911.375000 359.227875 0.271000 359.035004
911.625000 359.227875 0.271000 359.119995
911.750000 359.434631 0.271000 359.234985
911.875000 359.665283 0.271000 359.320007
912.000000 359.889374 0.271000 359.434998
912.000000 360.095093 0.271000 359.519989
912.250000 360.301086 0.271000 359.635010
912.250000 360.537201 0.271000 359.720001
912.250000 360.744568 0.271000 359.825012
912.375000 360.954834 0.297000 359.940002
912.500000 361.159729 0.297000 360.019989
912.750000 361.362091 0.297000 360.130005
912.875000 361.362091 0.297000 360.220001
913.000000 361.563721 0.297000 360.325012
913.000000 361.563721 0.297000 360.434998
913.000000 361.765930 0.297000 360.519989
913.000000 361.765930 0.297000 360.635010
913.000000 361.765930 0.297000 360.720001
913.125000 361.765930 0.297000 360.834991
913.125000 361.765930 0.267000 360.915009
913.125000 361.765930 0.267000 361.019989
913.125000 361.967133 0.267000 361.130005
913.125000 361.967133 0.267000 361.220001
913.125000 361.967133 0.267000 361.325012
913.250000 361.967133 0.267000 361.434998
913.250000 361.967133 0.267000 361.519989
913.250000 361.967133 0.267000 361.625000
913.250000 361.967133 0.267000 361.734985
913.250000 361.967133 0.267000 361.839996
913.250000 361.967133 0.256000 361.924988
913.250000 361.967133 0.256000 362.035004
913.250000 361.967133 0.256000 362.125000
913.250000 361.967133 0.256000 362.234985
913.500000 361.967133 0.256000 362.329987
913.500000 361.967133 0.256000 362.434998
913.500000 361.967133 0.256000 362.519989
913.500000 361.967133 0.256000 362.635010
913.500000 361.967133 0.256000 362.725006
913.500000 361.967133 0.256000 362.829987
913.500000 361.967133 0.253000 362.934998
913.500000 361.967133 0.253000 363.024994
913.500000 361.967133 0.253000 363.135010
913.500000 361.967133 0.253000 363.220001
913.500000 361.967133 0.253000 363.329987
913.500000 361.967133 0.253000 363.415009
913.500000 361.967133 0.253000 363.529999
913.500000 361.967133 0.253000 363.635010
913.625000 361.967133 0.253000 363.730011
913.750000 362.169800 0.253000 363.825012
913.750000 362.169800 0.266000 363.934998
913.750000 362.373260 0.266000 364.019989
913.875000 362.573608 0.266000 364.135010
913.875000 362.780243 0.266000 364.225006
913.875000 362.984467 0.266000 364.334991
913.875000 363.212006 0.266000 364.420013
913.875000 363.441467 0.266000 364.535004
913.875000 363.651337 0.266000 364.619995
913.875000 363.851501 0.266000 364.734985
913.875000 364.051514 0.266000 364.820007
913.875000 364.261108 0.266000 364.929993
914.000000 364.261108 0.287000 365.024994
914.000000 364.465820 0.287000 365.130005
914.000000 364.673157 0.287000 365.230011
914.000000 364.873718 0.287000 365.320007
914.000000 364.873718 0.287000 365.434998
914.125000 364.873718 0.287000 365.535004
914.125000 365.082520 0.287000 365.625000
914.250000 365.082520 0.287000 365.730011
914.375000 365.082520 0.287000 365.834991
914.375000 365.082520 0.294000 365.920013
914.375000 365.082520 0.294000 366.035004
914.375000 365.082520 0.294000 366.119995
914.500000 365.082520 0.294000 366.234985
914.625000 365.284637 0.294000 366.320007
914.625000 365.284637 0.294000 366.434998
914.625000 365.284637 0.294000 366.524994
914.625000 365.284637 0.294000 366.635010
914.625000 365.284637 0.294000 366.725006
914.625000 365.284637 0.294000 366.829987
914.625000 365.284637 0.263000 366.920013
914.625000 365.284637 0.263000 367.029999
914.625000 365.284637 0.263000 367.135010
914.625000 365.284637 0.263000 367.220001
914.625000 365.284637 0.263000 367.329987
914.625000 365.284637 0.263000 367.424988
914.625000 365.284637 0.263000 367.535004
914.625000 365.284637 0.263000 367.635010
914.625000 365.284637 0.263000 367.725006
914.625000 365.284637 0.263000 367.834991
914.625000 365.284637 0.268000 367.920013
914.625000 365.284637 0.268000 368.035004
914.625000 365.505890 0.268000 368.125000
914.625000 365.505890 0.268000 368.230011
914.625000 365.734070 0.268000 368.320007
914.625000 365.939484 0.268000 368.429993
914.625000 366.177612 0.268000 368.535004
914.625000 366.403381 0.268000 368.635010
914.625000 366.612152 0.268000 368.734985
914.625000 366.822174 0.268000 368.825012
914.625000 367.022766 0.282000 368.934998
914.875000 367.223663 0.282000 369.019989
915.000000 367.424744 0.282000 369.135010
915.000000 367.625641 0.282000 369.225006
915.000000 367.826355 0.282000 369.325012
915.000000 368.027222 0.282000 369.434998
915.000000 368.228241 0.282000 369.524994
915.000000 368.429016 0.282000 369.630005
915.250000 368.629974 0.282000 369.730011
915.250000 368.830322 0.282000 369.834991
915.250000 368.830322 0.287000 369.920013
915.375000 369.034027 0.287000 370.024994
915.375000 369.234161 0.287000 370.130005
915.625000 369.437683 0.287000 370.234985
916.000000 369.437683 0.287000 370.325012
916.000000 369.437683 0.287000 370.429993
916.250000 369.650635 0.287000 370.519989
916.375000 369.650635 0.287000 370.625000
916.375000 369.650635 0.287000 370.734985
916.625000 369.650635 0.287000 370.825012
916.875000 369.650635 0.255000 370.934998
917.125000 369.650635 0.255000 371.029999
917.250000 369.650635 0.255000 371.125000
917.375000 369.650635 0.255000 371.225006
917.500000 369.650635 0.255000 371.334991
917.625000 369.650635 0.255000 371.415009
917.625000 369.850800 0.255000 371.529999
917.875000 369.850800 0.255000 371.619995
918.000000 369.850800 0.255000 371.734985
918.000000 369.850800 0.255000 371.820007
918.375000 369.850800 0.247000 371.924988
918.500000 369.850800 0.247000 372.035004
918.625000 369.850800 0.247000 372.130005
918.750000 369.850800 0.247000 372.225006
918.875000 369.850800 0.247000 372.339996
919.000000 369.850800 0.247000 372.424988
919.125000 369.850800 0.247000 372.535004
919.125000 369.850800 0.247000 372.625000
919.125000 369.850800 0.247000 372.730011
919.375000 369.850800 0.247000 372.834991
919.375000 369.850800 0.255000 372.924988
919.375000 369.850800 0.255000 373.029999
919.375000 369.850800 0.255000 373.125000
919.375000 369.850800 0.255000 373.234985
919.375000 369.850800 0.255000 373.325012
919.375000 369.850800 0.255000 373.434998
919.375000 369.850800 0.255000 373.529999
919.500000 369.850800 0.255000 373.619995
919.750000 369.850800 0.255000 373.730011
919.750000 369.850800 0.255000 373.815002
919.750000 369.850800 0.253000 373.929993
919.750000 369.850800 0.253000 374.024994
919.875000 369.850800 0.253000 374.135010
920.000000 369.850800 0.253000 374.214996
920.000000 369.850800 0.253000 374.325012
920.000000 369.850800 0.253000 374.434998
920.125000 369.850800 0.253000 374.519989
920.250000 370.066376 0.253000 374.635010
920.375000 370.066376 0.253000 374.730011
920.375000 370.271942 0.253000 374.829987
920.500000 370.476837 0.271000 374.920013
920.625000 370.681274 0.271000 375.035004
920.625000 370.903259 0.271000 375.125000
920.750000 371.110199 0.271000 375.234985
921.000000 371.319275 0.271000 375.320007
921.375000 371.519379 0.271000 375.424988
921.375000 371.719940 0.271000 375.535004
921.625000 371.921722 0.271000 375.630005
921.625000 372.123291 0.271000 375.720001
921.750000 372.324005 0.271000 375.829987
921.750000 372.530365 0.271000 375.929993
921.875000 372.530365 0.320000 376.019989
922.000000 372.735901 0.320000 376.125000
922.000000 372.941895 0.320000 376.225006
922.125000 373.154144 0.320000 376.320007
922.125000 373.379700 0.320000 376.424988
922.250000 373.606995 0.320000 376.529999
922.250000 373.835236 0.320000 376.614990
922.375000 374.054779 0.320000 376.725006
922.500000 374.255005 0.320000 376.829987
922.500000 374.462555 0.320000 376.915009
922.625000 374.670380 0.308000 377.035004
922.750000 374.670380 0.308000 377.119995
922.750000 374.872711 0.308000 377.230011
922.875000 375.100311 0.308000 377.334991
922.875000 375.304993 0.308000 377.415009
923.000000 375.532471 0.308000 377.529999
923.000000 375.771667 0.308000 377.635010
923.000000 376.021515 0.308000 377.734985
923.125000 376.230774 0.308000 377.829987
923.125000 376.230774 0.308000 377.915009
923.125000 376.433624 0.335000 378.024994
923.250000 376.637756 0.335000 378.135010
923.375000 376.857941 0.335000 378.220001
923.500000 376.857941 0.335000 378.334991
923.625000 376.857941 0.335000 378.420013
923.625000 377.060242 0.335000 378.535004
923.625000 377.060242 0.335000 378.619995
923.625000 377.060242 0.335000 378.730011
923.625000 377.060242 0.335000 378.820007
923.625000 377.060242 0.335000 378.934998
923.625000 377.261780 0.335000 379.019989
923.625000 377.261780 0.335000 379.125000
923.625000 377.261780 0.335000 379.230011
