91.375000 0.000000 0.222000 0.060000
115.000000 0.000000 0.222000 0.155000
123.250000 0.223348 0.222000 0.255000
131.125000 0.423732 0.222000 0.360000
136.875000 0.673741 0.222000 0.455000
144.750000 0.875432 0.239000 0.555000
151.250000 1.081572 0.239000 0.655000
156.750000 1.282428 0.239000 0.755000
162.875000 1.491272 0.239000 0.855000
169.875000 1.700772 0.239000 0.955000
174.750000 1.700772 0.239000 1.050000
180.000000 1.940725 0.239000 1.160000
183.375000 2.160920 0.239000 1.255000
187.875000 2.370435 0.239000 1.355000
191.125000 2.579704 0.239000 1.455000
194.750000 2.788568 0.269000 1.555000
196.875000 3.031054 0.269000 1.660000
199.625000 3.243051 0.269000 1.760000
202.250000 3.447774 0.269000 1.855000
205.125000 3.654872 0.269000 1.955000
208.000000 3.863401 0.269000 2.055000
212.000000 4.072653 0.269000 2.160000
217.000000 4.282278 0.269000 2.260000
220.250000 4.282278 0.269000 2.355000
226.000000 4.522073 0.269000 2.455000
228.500000 4.731678 0.263000 2.555000
232.625000 4.937443 0.263000 2.660000
237.875000 5.140756 0.263000 2.755000
241.625000 5.345405 0.263000 2.860000
245.125000 5.549909 0.263000 2.960000
249.250000 5.785767 0.263000 3.060000
253.000000 5.990568 0.263000 3.160000
255.375000 5.990568 0.263000 3.260000
258.375000 6.197445 0.263000 3.355000
261.250000 6.398033 0.263000 3.460000
263.625000 6.398033 0.265000 3.555000
266.250000 6.627866 0.265000 3.655000
270.500000 6.852269 0.265000 3.760000
272.250000 6.852269 0.265000 3.855000
274.375000 7.070432 0.265000 3.960000
279.375000 7.305121 0.265000 4.055000
280.875000 7.305121 0.265000 4.155000
284.125000 7.525337 0.265000 4.260000
289.625000 7.746039 0.265000 4.360000
292.500000 7.947265 0.265000 4.455000
295.625000 7.947265 0.304000 4.560000
297.375000 8.179036 0.304000 4.655000
298.500000 8.385749 0.304000 4.760000
300.500000 8.595648 0.304000 4.855000
302.000000 8.855683 0.304000 4.955000
303.375000 9.065046 0.304000 5.050000
304.500000 9.285327 0.304000 5.155000
305.500000 9.495433 0.304000 5.260000
305.750000 9.703121 0.304000 5.350000
306.875000 9.905414 0.304000 5.455000
307.625000 10.107258 0.280000 5.560000
308.250000 10.308060 0.280000 5.665000
308.875000 10.517331 0.280000 5.750000
309.000000 10.724853 0.280000 5.850000
309.750000 10.932100 0.280000 5.960000
310.000000 10.932100 0.280000 6.045000
310.375000 11.135751 0.280000 6.160000
310.625000 11.337214 0.280000 6.260000
310.875000 11.540374 0.280000 6.345000
311.000000 11.745708 0.280000 6.460000
311.125000 11.745708 0.212000 6.560000
311.125000 11.960893 0.212000 6.655000
311.625000 11.960893 0.212000 6.760000
312.000000 12.167074 0.212000 6.850000
312.125000 12.167074 0.212000 6.960000
312.250000 12.167074 0.212000 7.050000
312.250000 12.368739 0.212000 7.165000
312.625000 12.368739 0.212000 7.250000
312.625000 12.368739 0.212000 7.355000
313.125000 12.368739 0.212000 7.445000
313.250000 12.368739 0.213000 7.560000
313.375000 12.368739 0.213000 7.655000
313.500000 12.368739 0.213000 7.760000
313.625000 12.368739 0.213000 7.850000
313.625000 12.569101 0.213000 7.955000
313.875000 12.773061 0.213000 8.050000
314.000000 12.773061 0.213000 8.160000
314.250000 12.999104 0.213000 8.250000
314.375000 13.201825 0.213000 8.360000
314.625000 13.405724 0.213000 8.460000
315.000000 13.613992 0.206000 8.550000
315.375000 13.821702 0.206000 8.665000
315.500000 14.060439 0.206000 8.750000
316.125000 14.269941 0.206000 8.855000
316.250000 14.479705 0.206000 8.945000
316.500000 14.689605 0.206000 9.060000
317.375000 14.899590 0.206000 9.160000
317.375000 15.109561 0.206000 9.255000
318.000000 15.319516 0.206000 9.365000
318.000000 15.319516 0.206000 9.450000
318.000000 15.528357 0.232000 9.560000
318.375000 15.749627 0.232000 9.650000
318.500000 15.968342 0.232000 9.760000
319.125000 16.172237 0.232000 9.845000
319.625000 16.378933 0.232000 9.950000
319.875000 16.604803 0.232000 10.040000
320.125000 16.822371 0.232000 10.150000
320.375000 17.041010 0.232000 10.260000
320.625000 17.250008 0.232000 10.345000
321.125000 17.459211 0.232000 10.450000
321.125000 17.664629 0.247000 10.560000
321.750000 17.664629 0.247000 10.640000
322.375000 17.873819 0.247000 10.755000
322.750000 18.079182 0.247000 10.860000
323.125000 18.282253 0.247000 10.950000
323.625000 18.488413 0.247000 11.060000
323.750000 18.488413 0.247000 11.155000
323.875000 18.697626 0.247000 11.245000
324.250000 18.898947 0.247000 11.355000
324.375000 18.898947 0.247000 11.445000
325.000000 19.108273 0.247000 11.560000
325.500000 19.310925 0.256000 11.660000
325.750000 19.522373 0.256000 11.750000
326.000000 19.522373 0.256000 11.855000
326.250000 19.757444 0.256000 11.950000
326.375000 19.963448 0.256000 12.060000
326.625000 20.171379 0.256000 12.150000
326.625000 20.371605 0.256000 12.260000
327.000000 20.571896 0.256000 12.360000
327.375000 20.571896 0.256000 12.450000
327.750000 20.777035 0.256000 12.560000
328.625000 21.004501 0.322000 12.645000
329.375000 21.233408 0.322000 12.760000
329.625000 21.441919 0.322000 12.850000
330.000000 21.670584 0.322000 12.960000
330.500000 21.670584 0.322000 13.045000
331.375000 21.873587 0.322000 13.160000
331.875000 22.075964 0.322000 13.250000
332.000000 22.282330 0.322000 13.360000
332.375000 22.282330 0.322000 13.440000
332.625000 22.495251 0.243000 13.550000
333.375000 22.698860 0.243000 13.655000
333.625000 22.698860 0.243000 13.760000
334.500000 22.900503 0.243000 13.845000
335.500000 22.900503 0.243000 13.955000
336.000000 22.900503 0.243000 14.050000
336.500000 23.103155 0.243000 14.155000
337.000000 23.103155 0.243000 14.265000
337.375000 23.103155 0.243000 14.350000
338.250000 23.103155 0.243000 14.460000
338.750000 23.103155 0.224000 14.560000
339.000000 23.103155 0.224000 14.650000
339.500000 23.103155 0.224000 14.760000
340.125000 23.303297 0.224000 14.845000
340.250000 23.303297 0.224000 14.960000
340.875000 23.303297 0.224000 15.045000
341.000000 23.303297 0.224000 15.150000
341.250000 23.303297 0.224000 15.260000
341.625000 23.303297 0.224000 15.345000
342.000000 23.303297 0.224000 15.450000
342.000000 23.303297 0.214000 15.555000
342.125000 23.303297 0.214000 15.650000
342.500000 23.303297 0.214000 15.760000
342.500000 23.303297 0.214000 15.850000
342.625000 23.303297 0.214000 15.960000
342.750000 23.303297 0.214000 16.045000
343.000000 23.506870 0.214000 16.150000
343.125000 23.506870 0.214000 16.260000
343.250000 23.707273 0.214000 16.344999
343.250000 23.907837 0.214000 16.459999
343.500000 23.907837 0.235000 16.559999
343.500000 24.123121 0.235000 16.645000
343.500000 24.349152 0.235000 16.750000
343.625000 24.349152 0.235000 16.860001
343.750000 24.581268 0.235000 16.959999
343.750000 24.787918 0.235000 17.049999
344.250000 24.991735 0.235000 17.165001
344.250000 25.222454 0.235000 17.250000
344.500000 25.428442 0.235000 17.360001
344.500000 25.636442 0.235000 17.455000
344.500000 25.845278 0.247000 17.565001
344.625000 26.054598 0.247000 17.650000
344.625000 26.263929 0.247000 17.754999
344.625000 26.263929 0.247000 17.855000
344.875000 26.503222 0.247000 17.955000
344.875000 26.722887 0.247000 18.045000
345.625000 26.942781 0.247000 18.160000
345.750000 27.152746 0.247000 18.250000
345.750000 27.352758 0.247000 18.355000
345.875000 27.602520 0.247000 18.445000
346.000000 27.808840 0.222000 18.549999
346.125000 28.016651 0.222000 18.655001
347.000000 28.016651 0.222000 18.745001
347.375000 28.223785 0.222000 18.860001
347.375000 28.430212 0.222000 18.945000
347.375000 28.631596 0.222000 19.059999
347.500000 28.833660 0.222000 19.145000
347.500000 28.833660 0.222000 19.254999
347.500000 29.040550 0.222000 19.344999
347.750000 29.255093 0.222000 19.450001
348.000000 29.255093 0.240000 19.559999
348.250000 29.478619 0.240000 19.665001
348.250000 29.711424 0.240000 19.754999
348.375000 29.711424 0.240000 19.860001
348.625000 29.931231 0.240000 19.959999
348.875000 30.159285 0.240000 20.049999
349.000000 30.159285 0.240000 20.160000
349.125000 30.387793 0.240000 20.250000
349.375000 30.590775 0.240000 20.360001
349.500000 30.798109 0.240000 20.445000
349.500000 31.002983 0.236000 20.559999
349.500000 31.203491 0.236000 20.645000
349.625000 31.405560 0.236000 20.760000
349.625000 31.405560 0.236000 20.844999
349.625000 31.609543 0.236000 20.959999
349.625000 31.609543 0.236000 21.049999
349.625000 31.811264 0.236000 21.155001
349.625000 31.811264 0.236000 21.250000
349.625000 31.811264 0.236000 21.350000
349.750000 31.811264 0.236000 21.450001
349.750000 31.811264 0.264000 21.559999
349.875000 31.811264 0.264000 21.660000
349.875000 32.011936 0.264000 21.770000
349.875000 32.011936 0.264000 21.855000
349.875000 32.011936 0.264000 21.945000
349.875000 32.011936 0.264000 22.056000
349.875000 32.011936 0.264000 22.145000
349.875000 32.011936 0.264000 22.254999
350.000000 32.011936 0.264000 22.355000
350.125000 32.011936 0.264000 22.445000
350.125000 32.011936 0.234000 22.549999
350.125000 32.011936 0.234000 22.660000
350.125000 32.011936 0.234000 22.750000
350.125000 32.011936 0.234000 22.855000
350.125000 32.011936 0.234000 22.950001
350.125000 32.011936 0.234000 23.059999
350.250000 32.011936 0.234000 23.150000
350.250000 32.011936 0.234000 23.260000
350.250000 32.011936 0.234000 23.350000
350.375000 32.011936 0.234000 23.455000
350.500000 32.011936 0.218000 23.545000
350.500000 32.011936 0.218000 23.655001
350.500000 32.011936 0.218000 23.745001
350.500000 32.011936 0.218000 23.850000
350.500000 32.011936 0.218000 23.959999
350.500000 32.215385 0.218000 24.049999
350.500000 32.421741 0.218000 24.155001
350.500000 32.626026 0.218000 24.250000
350.500000 32.833996 0.218000 24.360001
350.500000 32.833996 0.218000 24.459999
350.625000 33.038712 0.230000 24.555000
350.625000 33.255859 0.230000 24.645000
350.625000 33.478222 0.230000 24.760000
350.875000 33.684189 0.230000 24.855000
351.125000 33.684189 0.230000 24.959999
351.125000 33.886692 0.230000 25.049999
351.125000 33.886692 0.230000 25.160000
351.375000 33.886692 0.230000 25.240000
351.750000 33.886692 0.230000 25.360001
351.750000 34.088131 0.230000 25.445000
351.750000 34.088131 0.233000 25.549999
351.875000 34.088131 0.233000 25.660000
351.875000 34.088131 0.233000 25.745001
351.875000 34.088131 0.233000 25.861000
352.000000 34.088131 0.233000 25.945000
352.000000 34.088131 0.233000 26.049999
352.125000 34.088131 0.233000 26.160000
352.375000 34.088131 0.233000 26.264999
352.500000 34.088131 0.233000 26.350000
352.500000 34.088131 0.233000 26.459999
352.625000 34.088131 0.236000 26.549999
352.875000 34.088131 0.236000 26.655001
353.000000 34.088131 0.236000 26.764999
353.000000 34.088131 0.236000 26.850000
353.000000 34.288910 0.236000 26.959999
353.125000 34.491486 0.236000 27.045000
353.250000 34.491486 0.236000 27.160000
353.500000 34.709709 0.236000 27.245001
353.750000 34.920753 0.236000 27.360001
353.875000 35.122959 0.236000 27.459999
354.250000 35.380177 0.246000 27.559999
354.375000 35.585800 0.246000 27.650000
354.750000 35.585800 0.246000 27.745001
355.000000 35.790333 0.246000 27.850000
355.125000 35.995052 0.246000 27.959999
355.250000 35.995052 0.246000 28.049999
355.500000 36.197086 0.246000 28.155001
355.875000 36.197086 0.246000 28.264999
356.250000 36.197086 0.246000 28.350000
356.500000 36.197086 0.246000 28.459999
356.625000 36.197086 0.217000 28.545000
356.625000 36.397980 0.217000 28.660000
356.625000 36.397980 0.217000 28.760000
356.625000 36.397980 0.217000 28.850000
356.750000 36.397980 0.217000 28.950001
356.750000 36.397980 0.217000 29.059999
356.750000 36.397980 0.217000 29.145000
356.750000 36.397980 0.217000 29.260000
356.875000 36.397980 0.217000 29.350000
357.125000 36.397980 0.217000 29.459999
357.500000 36.397980 0.209000 29.549999
357.500000 36.397980 0.209000 29.660000
357.750000 36.397980 0.209000 29.750000
357.750000 36.397980 0.209000 29.855000
357.750000 36.397980 0.209000 29.955000
357.750000 36.397980 0.209000 30.059999
357.750000 36.397980 0.209000 30.160000
357.750000 36.397980 0.209000 30.245001
357.750000 36.397980 0.209000 30.350000
357.750000 36.397980 0.209000 30.455000
357.750000 36.397980 0.201000 30.549999
357.750000 36.397980 0.201000 30.655001
357.750000 36.397980 0.201000 30.760000
358.000000 36.610622 0.201000 30.844999
358.000000 36.610622 0.201000 30.950001
358.000000 36.810726 0.201000 31.045000
358.125000 37.016670 0.201000 31.160000
358.125000 37.225552 0.201000 31.254999
358.250000 37.429874 0.201000 31.350000
358.250000 37.637905 0.201000 31.455000
358.250000 37.846687 0.238000 31.555000
358.250000 38.056301 0.238000 31.645000
358.250000 38.256462 0.238000 31.764999
358.250000 38.463215 0.238000 31.850000
358.250000 38.664742 0.238000 31.959999
358.250000 38.871834 0.238000 32.044998
358.250000 38.871834 0.238000 32.160000
358.375000 39.089840 0.238000 32.244999
358.500000 39.294861 0.238000 32.355000
358.500000 39.294861 0.238000 32.445000
358.500000 39.495243 0.245000 32.549999
358.625000 39.709095 0.245000 32.650002
358.625000 39.709095 0.245000 32.759998
358.625000 39.709095 0.245000 32.860001
358.875000 39.911846 0.245000 32.950001
359.375000 40.112751 0.245000 33.060001
359.375000 40.112751 0.245000 33.145000
359.375000 40.314899 0.245000 33.250000
359.375000 40.515751 0.245000 33.360001
359.500000 40.515751 0.245000 33.459999
359.625000 40.734463 0.236000 33.549999
359.750000 40.948624 0.236000 33.650002
359.750000 40.948624 0.236000 33.755001
359.750000 41.177032 0.236000 33.845001
360.000000 41.388718 0.236000 33.959999
360.250000 41.388718 0.236000 34.044998
360.250000 41.593212 0.236000 34.150002
360.625000 41.798241 0.236000 34.264999
360.875000 42.003643 0.236000 34.360001
361.125000 42.003643 0.236000 34.450001
361.125000 42.223518 0.203000 34.560001
361.750000 42.428261 0.203000 34.645000
361.875000 42.428261 0.203000 34.750000
362.000000 42.632236 0.203000 34.860001
362.000000 42.842781 0.203000 34.945000
362.250000 42.842781 0.203000 35.049999
362.500000 43.045933 0.203000 35.154999
362.500000 43.271202 0.203000 35.255001
362.625000 43.476456 0.203000 35.360001
362.875000 43.476456 0.203000 35.465000
363.250000 43.676617 0.234000 35.560001
363.250000 43.877914 0.234000 35.639999
363.500000 43.877914 0.234000 35.750000
363.750000 44.078114 0.234000 35.855000
363.875000 44.306602 0.234000 35.939999
364.000000 44.511936 0.234000 36.060001
364.125000 44.511936 0.234000 36.150002
364.125000 44.716969 0.234000 36.255001
364.500000 44.924179 0.234000 36.360001
364.500000 44.924179 0.234000 36.450001
364.750000 45.148460 0.211000 36.549999
365.000000 45.360649 0.211000 36.660000
365.125000 45.360649 0.211000 36.744999
365.500000 45.560791 0.211000 36.849998
366.125000 45.761395 0.211000 36.945000
366.125000 45.977539 0.211000 37.060001
366.125000 46.178566 0.211000 37.169998
366.375000 46.178566 0.211000 37.250000
366.500000 46.386677 0.211000 37.349998
366.500000 46.625431 0.211000 37.459999
366.625000 46.838486 0.233000 37.560001
367.125000 47.041286 0.233000 37.645000
367.125000 47.248882 0.233000 37.755001
367.875000 47.248882 0.233000 37.860001
368.250000 47.488102 0.233000 37.959999
368.500000 47.706375 0.233000 38.049999
368.625000 47.706375 0.233000 38.154999
369.125000 47.927231 0.233000 38.259998
369.375000 48.154552 0.233000 38.360001
370.000000 48.154552 0.233000 38.450001
370.250000 48.358940 0.272000 38.555000
370.625000 48.563580 0.272000 38.660000
371.000000 48.768398 0.272000 38.759998
372.125000 48.968498 0.272000 38.849998
372.750000 49.174709 0.272000 38.959999
373.250000 49.378368 0.272000 39.055000
374.250000 49.586720 0.272000 39.160000
375.625000 49.586720 0.272000 39.259998
375.875000 49.826073 0.272000 39.349998
376.875000 50.027016 0.272000 39.459999
377.125000 50.027016 0.262000 39.555000
377.500000 50.227966 0.262000 39.654999
377.750000 50.227966 0.262000 39.744999
377.875000 50.227966 0.262000 39.860001
378.000000 50.429531 0.262000 39.950001
378.250000 50.429531 0.262000 40.060001
378.750000 50.429531 0.262000 40.150002
378.875000 50.429531 0.262000 40.255001
378.875000 50.429531 0.262000 40.360001
379.000000 50.429531 0.262000 40.459999
379.000000 50.429531 0.262000 40.560001
379.000000 50.429531 0.262000 40.660000
379.125000 50.429531 0.262000 40.750000
379.250000 50.429531 0.262000 40.855000
379.375000 50.429531 0.262000 40.959999
379.375000 50.429531 0.262000 41.049999
379.500000 50.429531 0.262000 41.154999
380.000000 50.429531 0.262000 41.259998
380.000000 50.429531 0.262000 41.349998
380.125000 50.429531 0.262000 41.455002
380.250000 50.633362 0.238000 41.560001
380.250000 50.839664 0.238000 41.660000
380.250000 50.839664 0.238000 41.759998
380.375000 51.067097 0.238000 41.855000
380.375000 51.273678 0.238000 41.959999
380.375000 51.273678 0.238000 42.055000
380.875000 51.480610 0.238000 42.154999
380.875000 51.689091 0.238000 42.264999
381.125000 51.892906 0.238000 42.349998
381.500000 51.892906 0.238000 42.455002
381.625000 52.098804 0.259000 42.560001
381.625000 52.301498 0.259000 42.645000
381.625000 52.301498 0.259000 42.755001
381.875000 52.504734 0.259000 42.860001
382.000000 52.504734 0.259000 42.950001
382.250000 52.504734 0.259000 43.060001
382.500000 52.504734 0.259000 43.150002
382.625000 52.504734 0.259000 43.259998
382.625000 52.705647 0.259000 43.365002
382.750000 52.705647 0.259000 43.450001
382.750000 52.705647 0.257000 43.560001
382.875000 52.705647 0.257000 43.654999
383.125000 52.705647 0.257000 43.744999
383.125000 52.705647 0.257000 43.849998
383.250000 52.705647 0.257000 43.959999
383.250000 52.705647 0.257000 44.064999
383.250000 52.705647 0.257000 44.150002
383.375000 52.705647 0.257000 44.255001
383.375000 52.705647 0.257000 44.365002
383.375000 52.705647 0.257000 44.455002
383.375000 52.705647 0.244000 44.560001
383.625000 52.705647 0.244000 44.650002
383.625000 52.907814 0.244000 44.750000
384.375000 52.907814 0.244000 44.860001
384.500000 53.132412 0.244000 44.945000
384.625000 53.132412 0.244000 45.049999
384.750000 53.333149 0.244000 45.160000
384.750000 53.533684 0.244000 45.250000
384.875000 53.744564 0.244000 45.360001
385.000000 53.744564 0.244000 45.455002
385.000000 53.960533 0.236000 45.560001
385.000000 54.165257 0.236000 45.645000
385.125000 54.371910 0.236000 45.755001
385.250000 54.612686 0.236000 45.845001
385.375000 54.817917 0.236000 45.959999
385.375000 55.025105 0.236000 46.049999
385.625000 55.233578 0.236000 46.150002
386.000000 55.443245 0.236000 46.250000
386.500000 55.443245 0.236000 46.345001
387.875000 55.652767 0.202000 46.445000
389.500000 55.862484 0.202000 46.544998
392.125000 56.072231 0.202000 46.660000
394.375000 56.281754 0.202000 46.759998
397.000000 56.511215 0.202000 46.855000
399.125000 56.718208 0.202000 46.950001
401.250000 56.919239 0.202000 47.055000
403.000000 57.121304 0.202000 47.160000
403.625000 57.328766 0.202000 47.250000
404.125000 57.328766 0.202000 47.349998
404.625000 57.530136 0.202000 47.455002
404.625000 57.758739 0.248000 47.544998
405.000000 57.758739 0.248000 47.650002
406.125000 57.963406 0.248000 47.759998
406.750000 58.167603 0.248000 47.849998
407.250000 58.387432 0.248000 47.959999
408.125000 58.387432 0.248000 48.049999
408.625000 58.588577 0.248000 48.160000
409.625000 58.793522 0.248000 48.259998
410.625000 58.996105 0.248000 48.349998
411.375000 59.205589 0.248000 48.459999
414.250000 59.429035 0.243000 48.564999
418.750000 59.633171 0.243000 48.645000
424.250000 59.836891 0.243000 48.750000
432.000000 59.836891 0.243000 48.855000
435.875000 60.041405 0.243000 48.959999
439.375000 60.041405 0.243000 49.049999
441.500000 60.246689 0.243000 49.160000
444.250000 60.246689 0.243000 49.255001
445.875000 60.246689 0.243000 49.345001
447.250000 60.246689 0.243000 49.450001
448.000000 60.246689 0.247000 49.555000
448.875000 60.246689 0.247000 49.660000
449.125000 60.449924 0.247000 49.755001
449.500000 60.449924 0.247000 49.855000
450.375000 60.449924 0.247000 49.950001
450.750000 60.449924 0.247000 50.049999
451.125000 60.449924 0.247000 50.154999
451.250000 60.449924 0.247000 50.259998
451.375000 60.449924 0.247000 50.355000
451.875000 60.449924 0.247000 50.459999
452.375000 60.449924 0.243000 50.544998
452.500000 60.449924 0.243000 50.654999
452.875000 60.449924 0.243000 50.759998
453.000000 60.449924 0.243000 50.840000
453.250000 60.449924 0.243000 50.950001
453.375000 60.449924 0.243000 51.049999
453.375000 60.449924 0.243000 51.165001
453.375000 60.449924 0.243000 51.250000
453.375000 60.449924 0.243000 51.355000
453.625000 60.449924 0.243000 51.455002
453.625000 60.449924 0.229000 51.549999
453.625000 60.449924 0.229000 51.650002
453.750000 60.653946 0.229000 51.759998
453.750000 60.653946 0.229000 51.849998
453.875000 60.854473 0.229000 51.959999
453.875000 60.854473 0.229000 52.044998
453.875000 61.055141 0.229000 52.154999
454.000000 61.255562 0.229000 52.259998
454.000000 61.474358 0.229000 52.349998
454.125000 61.474358 0.229000 52.455002
454.125000 61.693737 0.250000 52.560001
454.125000 61.918972 0.250000 52.665001
454.125000 61.918972 0.250000 52.755001
454.125000 62.122402 0.250000 52.860001
454.125000 62.323696 0.250000 52.950001
454.125000 62.323696 0.250000 53.060001
454.125000 62.323696 0.250000 53.145000
454.250000 62.523933 0.250000 53.250000
454.250000 62.523933 0.250000 53.365002
454.250000 62.733681 0.250000 53.459999
454.250000 62.733681 0.242000 53.549999
454.375000 62.733681 0.242000 53.660000
454.375000 62.936115 0.242000 53.764999
454.375000 62.936115 0.242000 53.849998
454.625000 63.136333 0.242000 53.965000
455.000000 63.338303 0.242000 54.064999
455.875000 63.338303 0.242000 54.150002
459.625000 63.538536 0.242000 54.259998
460.125000 63.741833 0.242000 54.345001
460.750000 63.741833 0.242000 54.465000
460.875000 63.951889 0.270000 54.544998
461.000000 64.160233 0.270000 54.660000
461.625000 64.160233 0.270000 54.759998
461.875000 64.382195 0.270000 54.845001
462.000000 64.590637 0.270000 54.959999
462.125000 64.590637 0.270000 55.055000
462.250000 64.822044 0.270000 55.160999
462.250000 65.025719 0.270000 55.259998
462.500000 65.025719 0.270000 55.349998
463.125000 65.230133 0.270000 55.455002
463.250000 65.457581 0.270000 55.560001
463.750000 65.457581 0.303000 55.660000
463.750000 65.687065 0.303000 55.744999
463.875000 65.911034 0.303000 55.849998
464.375000 65.911034 0.303000 55.959999
464.500000 66.136116 0.303000 56.040001
464.625000 66.361786 0.303000 56.150002
464.750000 66.361786 0.303000 56.255001
464.750000 66.580246 0.303000 56.355000
464.750000 66.806313 0.303000 56.445000
464.750000 66.806313 0.303000 56.555000
464.875000 67.010094 0.297000 56.650002
464.875000 67.213928 0.297000 56.759998
464.875000 67.417282 0.297000 56.865002
464.875000 67.417282 0.297000 56.950001
465.000000 67.417282 0.297000 57.060001
465.000000 67.619728 0.297000 57.160000
465.000000 67.619728 0.297000 57.259998
465.000000 67.619728 0.297000 57.349998
465.000000 67.619728 0.297000 57.459999
465.000000 67.619728 0.255000 57.549999
465.000000 67.619728 0.255000 57.660000
465.000000 67.619728 0.255000 57.755001
465.000000 67.619728 0.255000 57.845001
465.000000 67.819733 0.255000 57.950001
465.000000 67.819733 0.255000 58.060001
465.000000 67.819733 0.255000 58.145000
465.000000 67.819733 0.255000 58.250000
465.000000 67.819733 0.255000 58.360001
465.000000 67.819733 0.255000 58.445000
465.000000 67.819733 0.250000 58.560001
465.000000 67.819733 0.250000 58.645000
465.000000 67.819733 0.250000 58.759998
465.000000 67.819733 0.250000 58.855000
465.000000 67.819733 0.250000 58.945000
465.000000 67.819733 0.250000 59.049999
465.000000 67.819733 0.250000 59.150002
465.000000 67.819733 0.250000 59.259998
465.000000 67.819733 0.250000 59.349998
465.125000 68.022606 0.250000 59.450001
465.250000 68.229858 0.252000 59.555000
465.375000 68.437393 0.252000 59.665001
465.500000 68.642456 0.252000 59.750000
465.625000 68.847260 0.252000 59.855000
465.750000 69.053162 0.252000 59.959999
465.750000 69.261932 0.252000 60.055000
465.875000 69.469803 0.252000 60.165001
465.875000 69.469803 0.252000 60.255001
465.875000 69.718559 0.252000 60.365002
466.000000 69.928070 0.252000 60.450001
466.000000 70.147820 0.252000 60.560001
466.125000 70.354477 0.288000 60.660000
466.250000 70.576180 0.288000 60.764999
466.250000 70.576180 0.288000 60.849998
466.250000 70.777634 0.288000 60.959999
466.250000 70.777634 0.288000 61.055000
466.250000 70.989227 0.288000 61.145000
466.375000 70.989227 0.288000 61.250000
466.375000 70.989227 0.288000 61.360001
466.375000 70.989227 0.288000 61.455002
466.375000 70.989227 0.236000 61.560001
466.375000 70.989227 0.236000 61.650002
466.375000 71.189682 0.236000 61.759998
466.375000 71.189682 0.236000 61.845001
466.375000 71.189682 0.236000 61.959999
466.375000 71.189682 0.236000 62.055000
466.375000 71.189682 0.236000 62.150002
466.375000 71.189682 0.236000 62.259998
466.375000 71.189682 0.236000 62.355000
466.375000 71.189682 0.236000 62.439999
466.375000 71.189682 0.220000 62.549999
466.375000 71.189682 0.220000 62.660000
466.375000 71.189682 0.220000 62.744999
466.375000 71.189682 0.220000 62.849998
466.375000 71.189682 0.220000 62.959999
466.375000 71.189682 0.220000 63.049999
466.375000 71.189682 0.220000 63.160000
466.375000 71.395035 0.220000 63.250000
466.500000 71.395035 0.220000 63.360001
466.625000 71.614960 0.220000 63.450001
466.625000 71.817017 0.247000 63.549999
466.750000 72.024521 0.247000 63.654999
466.750000 72.247269 0.247000 63.764999
466.750000 72.449409 0.247000 63.849998
466.875000 72.652184 0.247000 63.959999
467.000000 72.652184 0.247000 64.044998
467.000000 72.866684 0.247000 64.150002
467.000000 73.067299 0.247000 64.260002
467.000000 73.274017 0.247000 64.364998
467.000000 73.274017 0.247000 64.459999
467.000000 73.480179 0.247000 64.555000
467.000000 73.686340 0.319000 64.639999
467.000000 73.892059 0.319000 64.760002
467.000000 73.892059 0.319000 64.845001
467.125000 74.096542 0.319000 64.955002
467.125000 74.301239 0.319000 65.040001
467.125000 74.301239 0.319000 65.154999
467.125000 74.521133 0.319000 65.239998
467.250000 74.725685 0.319000 65.364998
467.250000 74.930313 0.319000 65.459999
467.250000 74.930313 0.266000 65.555000
467.375000 75.133286 0.266000 65.644997
467.375000 75.133286 0.266000 65.750000
467.375000 75.335266 0.266000 65.849998
467.375000 75.335266 0.266000 65.945000
467.375000 75.335266 0.266000 66.044998
467.375000 75.536133 0.266000 66.150002
467.375000 75.536133 0.266000 66.245003
467.375000 75.536133 0.266000 66.360001
467.375000 75.536133 0.266000 66.459999
467.375000 75.536133 0.234000 66.544998
467.375000 75.536133 0.234000 66.660004
467.375000 75.536133 0.234000 66.764999
467.375000 75.536133 0.234000 66.855003
467.375000 75.536133 0.234000 66.964996
467.375000 75.536133 0.234000 67.059998
467.375000 75.536133 0.234000 67.144997
467.375000 75.536133 0.234000 67.260002
467.375000 75.536133 0.234000 67.360001
467.375000 75.536133 0.234000 67.449997
467.375000 75.536133 0.205000 67.550003
467.375000 75.536133 0.205000 67.665001
467.375000 75.536133 0.205000 67.750000
467.375000 75.536133 0.205000 67.860001
467.375000 75.536133 0.205000 67.945000
467.375000 75.740128 0.205000 68.050003
467.375000 75.740128 0.205000 68.160004
467.500000 75.941528 0.205000 68.245003
467.500000 76.147125 0.205000 68.364998
467.500000 76.147125 0.205000 68.449997
467.625000 76.349960 0.221000 68.555000
467.625000 76.551636 0.221000 68.665001
467.625000 76.551636 0.221000 68.750000
467.625000 76.752502 0.221000 68.860001
467.750000 76.752502 0.221000 68.945000
467.875000 76.956833 0.221000 69.059998
467.875000 76.956833 0.221000 69.144997
467.875000 76.956833 0.221000 69.250000
467.875000 77.158928 0.221000 69.360001
467.875000 77.158928 0.221000 69.445000
467.875000 77.158928 0.247000 69.550003
467.875000 77.158928 0.247000 69.660004
467.875000 77.360954 0.247000 69.745003
467.875000 77.360954 0.247000 69.855003
468.000000 77.360954 0.247000 69.955002
468.125000 77.566597 0.247000 70.044998
468.125000 77.768158 0.247000 70.154999
468.125000 77.768158 0.247000 70.260002
468.125000 77.975960 0.247000 70.364998
468.125000 78.206985 0.247000 70.449997
468.500000 78.408340 0.232000 70.555000
468.625000 78.611382 0.232000 70.660004
468.625000 78.611382 0.232000 70.750000
468.625000 78.818275 0.232000 70.860001
468.625000 79.019417 0.232000 70.959999
468.625000 79.019417 0.232000 71.044998
468.625000 79.222015 0.232000 71.160004
468.625000 79.222015 0.232000 71.264999
468.625000 79.222015 0.232000 71.349998
468.625000 79.222015 0.232000 71.459999
468.625000 79.222015 0.235000 71.565002
468.625000 79.222015 0.235000 71.644997
468.625000 79.422188 0.235000 71.760002
468.625000 79.422188 0.235000 71.855003
468.625000 79.422188 0.235000 71.949997
468.625000 79.422188 0.235000 72.050003
468.625000 79.422188 0.235000 72.160004
468.625000 79.422188 0.235000 72.250000
468.625000 79.422188 0.235000 72.349998
468.625000 79.422188 0.235000 72.459999
468.625000 79.422188 0.214000 72.544998
468.625000 79.422188 0.214000 72.650002
468.625000 79.422188 0.214000 72.754997
468.625000 79.422188 0.214000 72.860001
468.625000 79.422188 0.214000 72.949997
468.625000 79.422188 0.214000 73.055000
468.625000 79.422188 0.214000 73.154999
468.625000 79.625832 0.214000 73.250000
468.625000 79.625832 0.214000 73.355003
468.625000 79.825951 0.214000 73.459999
468.625000 80.030594 0.204000 73.559998
468.625000 80.030594 0.204000 73.650002
468.750000 80.242569 0.204000 73.760002
468.750000 80.443314 0.204000 73.839996
468.750000 80.443314 0.204000 73.959999
468.875000 80.668549 0.204000 74.050003
468.875000 80.893509 0.204000 74.154999
468.875000 80.893509 0.204000 74.260002
468.875000 81.126320 0.204000 74.349998
468.875000 81.346199 0.204000 74.449997
468.875000 81.346199 0.184000 74.550003
468.875000 81.553192 0.184000 74.660004
468.875000 81.790268 0.184000 74.754997
468.875000 81.991096 0.184000 74.845001
469.000000 82.195961 0.184000 74.955002
469.125000 82.461929 0.184000 75.055000
469.125000 82.669945 0.184000 75.139999
469.125000 82.879005 0.184000 75.245003
469.250000 83.088661 0.184000 75.355003
469.375000 83.298599 0.184000 75.459999
469.375000 83.298599 0.231000 75.544998
469.375000 83.506683 0.231000 75.660004
469.375000 83.728966 0.231000 75.760002
469.375000 83.947365 0.231000 75.864998
469.375000 83.947365 0.231000 75.949997
469.500000 84.148956 0.231000 76.055000
469.500000 84.148956 0.231000 76.154999
469.500000 84.148956 0.231000 76.239998
469.500000 84.148956 0.231000 76.360001
469.625000 84.349106 0.231000 76.464996
469.625000 84.349106 0.241000 76.550003
469.625000 84.349106 0.241000 76.650002
469.625000 84.349106 0.241000 76.745003
469.625000 84.349106 0.241000 76.855003
469.625000 84.349106 0.241000 76.959999
469.625000 84.349106 0.241000 77.059998
469.750000 84.349106 0.241000 77.165001
469.750000 84.349106 0.241000 77.250000
469.750000 84.349106 0.241000 77.360001
469.875000 84.349106 0.241000 77.445000
469.875000 84.349106 0.227000 77.550003
469.875000 84.349106 0.227000 77.654999
470.000000 84.553352 0.227000 77.745003
470.000000 84.553352 0.227000 77.855003
470.000000 84.775192 0.227000 77.955002
470.000000 84.775192 0.227000 78.044998
470.000000 84.980103 0.227000 78.160004
470.125000 85.183228 0.227000 78.254997
470.125000 85.387863 0.227000 78.355003
470.125000 85.387863 0.227000 78.449997
470.250000 85.594254 0.253000 78.555000
470.250000 85.801437 0.253000 78.660004
470.375000 85.801437 0.253000 78.750000
470.375000 86.007889 0.253000 78.849998
470.500000 86.213509 0.253000 78.955002
470.500000 86.419449 0.253000 79.059998
470.625000 86.419449 0.253000 79.150002
470.750000 86.625961 0.253000 79.245003
470.750000 86.840408 0.253000 79.349998
471.000000 86.840408 0.253000 79.459999
471.250000 87.069389 0.241000 79.550003
471.500000 87.284775 0.241000 79.650002
472.375000 87.284775 0.241000 79.760002
473.000000 87.508621 0.241000 79.845001
473.875000 87.711075 0.241000 79.959999
474.250000 87.711075 0.241000 80.044998
474.500000 87.915291 0.241000 80.155998
474.875000 88.118950 0.241000 80.260002
475.000000 88.337921 0.241000 80.349998
475.125000 88.337921 0.241000 80.459999
475.375000 88.572006 0.241000 80.550003
475.375000 88.798378 0.273000 80.654999
475.750000 88.798378 0.273000 80.754997
476.000000 89.019325 0.273000 80.839996
476.125000 89.221474 0.273000 80.949997
476.500000 89.435570 0.273000 81.055000
476.625000 89.656982 0.273000 81.160004
477.375000 89.871605 0.273000 81.260002
477.625000 90.077248 0.273000 81.349998
478.250000 90.282906 0.273000 81.459999
479.625000 90.488449 0.267000 81.550003
480.250000 90.694069 0.267000 81.660004
481.125000 90.694069 0.267000 81.750000
481.625000 90.901009 0.267000 81.849998
482.000000 91.109741 0.267000 81.959999
482.875000 91.349663 0.267000 82.059998
484.125000 91.570328 0.267000 82.150002
484.875000 91.811462 0.267000 82.260002
485.250000 92.042717 0.267000 82.345001
485.625000 92.263725 0.267000 82.455002
485.875000 92.471107 0.267000 82.555000
486.625000 92.672432 0.266000 82.665001
487.000000 92.875496 0.266000 82.750000
487.000000 93.081863 0.266000 82.860001
487.500000 93.081863 0.266000 82.945000
488.250000 93.290504 0.266000 83.055000
489.125000 93.530449 0.266000 83.160004
489.625000 93.741112 0.266000 83.245003
490.375000 93.962135 0.266000 83.360001
491.375000 94.163132 0.266000 83.464996
491.875000 94.371788 0.270000 83.550003
493.125000 94.582130 0.270000 83.654999
494.250000 94.800743 0.270000 83.745003
495.625000 95.004105 0.270000 83.860001
496.750000 95.210037 0.270000 83.949997
497.875000 95.417351 0.270000 84.050003
498.750000 95.625351 0.270000 84.160004
499.875000 95.834236 0.270000 84.250000
500.875000 96.044098 0.270000 84.360001
502.375000 96.044098 0.270000 84.445000
503.500000 96.452766 0.270000 84.559998
504.375000 96.452766 0.282000 84.660004
505.500000 96.656425 0.282000 84.750000
507.125000 96.861015 0.282000 84.860001
508.500000 97.077324 0.282000 84.959999
510.000000 97.284828 0.282000 85.050003
510.875000 97.512596 0.282000 85.160004
512.250000 97.761375 0.282000 85.245003
513.375000 97.971085 0.282000 85.349998
514.000000 98.181000 0.282000 85.459999
515.750000 98.388588 0.282000 85.550003
516.375000 98.597527 0.300000 85.650002
517.625000 98.803452 0.300000 85.764999
518.375000 98.803452 0.300000 85.849998
519.500000 99.004601 0.300000 85.959999
520.000000 99.236862 0.300000 86.055000
520.750000 99.441711 0.300000 86.160004
522.750000 99.643433 0.300000 86.254997
525.375000 99.871262 0.300000 86.360001
527.500000 100.074379 0.300000 86.455002
531.125000 100.074379 0.254000 86.565002
533.125000 100.282448 0.254000 86.650002
536.125000 100.514961 0.254000 86.760002
539.250000 100.514961 0.254000 86.855003
541.375000 100.716156 0.254000 86.945000
542.625000 100.918114 0.254000 87.055000
543.875000 101.121048 0.254000 87.144997
546.000000 101.121048 0.254000 87.250000
546.375000 101.325233 0.254000 87.355003
546.750000 101.547462 0.254000 87.464996
546.875000 101.752686 0.254000 87.559998
547.000000 101.752686 0.262000 87.654999
547.000000 101.954971 0.262000 87.760002
547.375000 102.157684 0.262000 87.845001
547.375000 102.157684 0.262000 87.959999
547.375000 102.387283 0.262000 88.044998
547.375000 102.591934 0.262000 88.160004
547.500000 102.591934 0.262000 88.245003
547.500000 102.796738 0.262000 88.360001
547.500000 103.001884 0.262000 88.449997
547.750000 103.222069 0.259000 88.550003
547.750000 103.422417 0.259000 88.660004
547.875000 103.422417 0.259000 88.750000
548.000000 103.650803 0.259000 88.855003
548.250000 103.856720 0.259000 88.945000
548.250000 103.856720 0.259000 89.055000
548.250000 104.066231 0.259000 89.144997
548.375000 104.288315 0.259000 89.250000
548.375000 104.288315 0.259000 89.355003
548.375000 104.501549 0.259000 89.455002
548.500000 104.733994 0.241000 89.555000
548.500000 104.733994 0.241000 89.660004
548.750000 104.939850 0.241000 89.745003
548.875000 104.939850 0.241000 89.849998
549.000000 105.143051 0.241000 89.960999
549.000000 105.143051 0.241000 90.050003
549.000000 105.143051 0.241000 90.154999
549.000000 105.343155 0.241000 90.245003
549.000000 105.343155 0.241000 90.355003
549.125000 105.343155 0.241000 90.455002
549.500000 105.343155 0.221000 90.544998
549.625000 105.343155 0.221000 90.654999
549.750000 105.343155 0.221000 90.764999
549.750000 105.343155 0.221000 90.845001
549.750000 105.343155 0.221000 90.959999
549.750000 105.343155 0.221000 91.050003
549.875000 105.343155 0.221000 91.154999
549.875000 105.343155 0.221000 91.264999
549.875000 105.343155 0.221000 91.355003
549.875000 105.343155 0.221000 91.449997
549.875000 105.343155 0.219000 91.559998
549.875000 105.343155 0.219000 91.644997
549.875000 105.343155 0.219000 91.754997
550.000000 105.343155 0.219000 91.845001
550.125000 105.343155 0.219000 91.959999
550.125000 105.343155 0.219000 92.055000
550.125000 105.343155 0.219000 92.154999
550.500000 105.343155 0.219000 92.245003
550.500000 105.552902 0.219000 92.360001
550.625000 105.765045 0.219000 92.445000
550.625000 105.966278 0.214000 92.550003
550.625000 106.168343 0.214000 92.654999
550.625000 106.168343 0.214000 92.745003
550.875000 106.370018 0.214000 92.860001
550.875000 106.574615 0.214000 92.955002
551.000000 106.787735 0.214000 93.059998
551.000000 106.988022 0.214000 93.150002
551.000000 106.988022 0.214000 93.260002
551.000000 107.194969 0.214000 93.345001
551.125000 107.414886 0.214000 93.449997
551.125000 107.414886 0.237000 93.555000
551.250000 107.642845 0.237000 93.644997
551.625000 107.847908 0.237000 93.754997
551.625000 108.053246 0.237000 93.860001
551.625000 108.053246 0.237000 93.949997
551.625000 108.281563 0.237000 94.059998
551.625000 108.486618 0.237000 94.144997
551.750000 108.486618 0.237000 94.254997
551.750000 108.710205 0.237000 94.364998
551.750000 108.914742 0.237000 94.449997
551.875000 109.116257 0.234000 94.559998
551.875000 109.335457 0.234000 94.644997
551.875000 109.536377 0.234000 94.760002
552.500000 109.741524 0.234000 94.849998
553.750000 109.741524 0.234000 94.959999
555.250000 109.970970 0.234000 95.055000
556.125000 110.181114 0.234000 95.165001
556.500000 110.386971 0.234000 95.260002
557.250000 110.386971 0.234000 95.349998
557.500000 110.606667 0.234000 95.449997
557.750000 110.811028 0.239000 95.544998
558.375000 110.811028 0.239000 95.650002
558.875000 111.015495 0.239000 95.760002
559.125000 111.222061 0.239000 95.845001
559.500000 111.452141 0.239000 95.959999
560.250000 111.452141 0.239000 96.044998
560.500000 111.655563 0.239000 96.154999
560.875000 111.889267 0.239000 96.245003
561.500000 112.089294 0.239000 96.360001
561.625000 112.089294 0.239000 96.449997
561.625000 112.301781 0.230000 96.555000
562.000000 112.301781 0.230000 96.639999
562.250000 112.508148 0.230000 96.745003
562.625000 112.708702 0.230000 96.849998
562.750000 112.926361 0.230000 96.945000
562.875000 112.926361 0.230000 97.050003
563.250000 113.130623 0.230000 97.154999
563.750000 113.335594 0.230000 97.254997
563.875000 113.540939 0.230000 97.349998
563.875000 113.540939 0.230000 97.459999
563.875000 113.769295 0.230000 97.544998
564.000000 113.976242 0.230000 97.654999
564.125000 114.184814 0.230000 97.745003
564.125000 114.385101 0.230000 97.849998
564.250000 114.585396 0.230000 97.955002
565.125000 114.585396 0.230000 98.050003
565.500000 114.790535 0.230000 98.154999
566.000000 115.027985 0.230000 98.260002
566.000000 115.237007 0.230000 98.349998
566.375000 115.466621 0.230000 98.455002
566.750000 115.706306 0.230000 98.555000
566.875000 115.913933 0.265000 98.644997
566.875000 116.140785 0.265000 98.760002
567.375000 116.348473 0.265000 98.849998
567.375000 116.556854 0.265000 98.959999
567.750000 116.556854 0.265000 99.050003
568.125000 116.765625 0.265000 99.154999
568.250000 116.974625 0.265000 99.245003
569.000000 117.183937 0.265000 99.355003
569.250000 117.413445 0.265000 99.449997
569.875000 117.640388 0.242000 99.555000
570.000000 117.857742 0.242000 99.654999
570.125000 118.064026 0.242000 99.760002
570.500000 118.274757 0.242000 99.849998
570.500000 118.479019 0.242000 99.955002
570.875000 118.685265 0.242000 100.044998
571.000000 118.893066 0.242000 100.154999
571.000000 119.101852 0.242000 100.264999
571.375000 119.311165 0.242000 100.360001
571.500000 119.311165 0.242000 100.445000
571.625000 119.520363 0.246000 100.550003
572.000000 119.725159 0.246000 100.660004
572.000000 119.956444 0.246000 100.750000
572.125000 120.172440 0.246000 100.860001
572.250000 120.378723 0.246000 100.955002
572.375000 120.616272 0.246000 101.055000
572.750000 120.835030 0.246000 101.150002
573.000000 121.054146 0.246000 101.261002
573.125000 121.263725 0.246000 101.345001
573.125000 121.473167 0.246000 101.459999
573.250000 121.473167 0.244000 101.544998
573.375000 121.678627 0.244000 101.650002
573.625000 121.879578 0.244000 101.760002
573.875000 122.111557 0.244000 101.845001
574.125000 122.336327 0.244000 101.959999
574.250000 122.543144 0.244000 102.050003
574.375000 122.750664 0.244000 102.154999
574.500000 122.988319 0.244000 102.245003
574.500000 123.196701 0.244000 102.360001
574.625000 123.405106 0.244000 102.459999
574.625000 123.612221 0.255000 102.550003
574.750000 123.820557 0.255000 102.654999
574.750000 123.820557 0.255000 102.750000
574.875000 124.047432 0.255000 102.860001
574.875000 124.047432 0.255000 102.945000
575.000000 124.258850 0.255000 103.059998
575.125000 124.258850 0.255000 103.144997
575.125000 124.258850 0.255000 103.254997
575.125000 124.459892 0.255000 103.360001
575.125000 124.459892 0.255000 103.459999
575.125000 124.459892 0.240000 103.550003
575.125000 124.459892 0.240000 103.660004
575.125000 124.459892 0.240000 103.750000
575.250000 124.459892 0.240000 103.860001
575.250000 124.459892 0.240000 103.959999
575.250000 124.459892 0.240000 104.050003
575.250000 124.459892 0.240000 104.160004
575.375000 124.459892 0.240000 104.245003
575.375000 124.459892 0.240000 104.360001
575.375000 124.459892 0.240000 104.449997
575.375000 124.459892 0.243000 104.555000
575.500000 124.459892 0.243000 104.660004
575.500000 124.459892 0.243000 104.754997
575.500000 124.459892 0.243000 104.845001
575.500000 124.459892 0.243000 104.955002
575.625000 124.459892 0.243000 105.059998
575.750000 124.459892 0.243000 105.144997
575.750000 124.459892 0.243000 105.260002
576.000000 124.459892 0.243000 105.360001
576.000000 124.459892 0.243000 105.449997
576.000000 124.459892 0.242000 105.559998
576.000000 124.459892 0.242000 105.644997
576.000000 124.663811 0.242000 105.754997
576.125000 124.878052 0.242000 105.860001
576.250000 124.878052 0.242000 105.949997
576.250000 125.079956 0.242000 106.059998
576.250000 125.284790 0.242000 106.160004
576.375000 125.492111 0.242000 106.250000
576.375000 125.492111 0.242000 106.360001
576.375000 125.703163 0.242000 106.455002
576.500000 125.930267 0.229000 106.550003
576.500000 125.930267 0.229000 106.660004
576.625000 126.157265 0.229000 106.750000
576.625000 126.362022 0.229000 106.860001
576.625000 126.567711 0.229000 106.949997
576.625000 126.567711 0.229000 107.055000
576.625000 126.772469 0.229000 107.160004
576.625000 126.979485 0.229000 107.250000
576.875000 127.188263 0.229000 107.360001
577.000000 127.432190 0.229000 107.459999
577.000000 127.639778 0.248000 107.550003
577.000000 127.848495 0.248000 107.650002
577.125000 128.050888 0.248000 107.760002
577.250000 128.252563 0.248000 107.855003
577.250000 128.252563 0.248000 107.949997
577.250000 128.453201 0.248000 108.055000
577.375000 128.681610 0.248000 108.154999
577.500000 128.885132 0.248000 108.264999
577.750000 128.885132 0.248000 108.355003
577.875000 129.117310 0.248000 108.449997
577.875000 129.117310 0.226000 108.544998
578.000000 129.318390 0.226000 108.650002
578.125000 129.526886 0.226000 108.764999
578.250000 129.526886 0.226000 108.849998
578.250000 129.728439 0.226000 108.959999
578.250000 129.728439 0.226000 109.050003
578.375000 129.728439 0.226000 109.150002
578.375000 129.930405 0.226000 109.260002
578.375000 129.930405 0.226000 109.349998
578.500000 129.930405 0.226000 109.455002
578.625000 129.930405 0.260000 109.565002
578.625000 129.930405 0.260000 109.650002
578.750000 129.930405 0.260000 109.760002
578.750000 129.930405 0.260000 109.845001
578.750000 129.930405 0.260000 109.949997
578.750000 129.930405 0.260000 110.059998
578.750000 129.930405 0.260000 110.150002
578.875000 129.930405 0.260000 110.260002
579.000000 129.930405 0.260000 110.349998
579.125000 129.930405 0.260000 110.459999
579.250000 129.930405 0.254000 110.565002
579.250000 129.930405 0.254000 110.650002
579.375000 129.930405 0.254000 110.760002
579.375000 129.930405 0.254000 110.845001
579.375000 129.930405 0.254000 110.949997
579.375000 129.930405 0.254000 111.059998
579.375000 129.930405 0.254000 111.154999
579.375000 129.930405 0.254000 111.245003
579.375000 129.930405 0.254000 111.360001
579.375000 129.930405 0.254000 111.464996
579.375000 129.930405 0.263000 111.550003
579.375000 129.930405 0.263000 111.654999
579.375000 129.930405 0.263000 111.760002
579.375000 129.930405 0.263000 111.845001
579.375000 129.930405 0.263000 111.945000
579.375000 130.130661 0.263000 112.059998
579.500000 130.130661 0.263000 112.154999
579.500000 130.332703 0.263000 112.254997
579.500000 130.332703 0.263000 112.349998
579.500000 130.554504 0.263000 112.459999
579.625000 130.778000 0.261000 112.544998
579.625000 130.982574 0.261000 112.660004
579.750000 130.982574 0.261000 112.750000
579.875000 131.183838 0.261000 112.855003
580.125000 131.416107 0.261000 112.940002
580.250000 131.416107 0.261000 113.050003
580.250000 131.629761 0.261000 113.154999
580.375000 131.835541 0.261000 113.250000
580.375000 132.041336 0.261000 113.349998
580.375000 132.041336 0.261000 113.459999
580.500000 132.269958 0.248000 113.544998
580.750000 132.497757 0.248000 113.650002
580.875000 132.497757 0.248000 113.754997
580.875000 132.724396 0.248000 113.864998
580.875000 132.924698 0.248000 113.949997
581.000000 133.130188 0.248000 114.059998
581.125000 133.382553 0.248000 114.150002
581.125000 133.600189 0.248000 114.260002
581.250000 133.809616 0.248000 114.349998
581.250000 134.009842 0.248000 114.459999
581.375000 134.210129 0.251000 114.550003
581.500000 134.419052 0.251000 114.650002
581.625000 134.619644 0.251000 114.760002
581.625000 134.619644 0.251000 114.845001
581.750000 134.827682 0.251000 114.949997
581.875000 135.033615 0.251000 115.050003
581.875000 135.263260 0.251000 115.160004
581.875000 135.469559 0.251000 115.245003
582.125000 135.469559 0.251000 115.355003
582.250000 135.692215 0.251000 115.455002
582.250000 135.919708 0.268000 115.544998
582.250000 136.123901 0.268000 115.660004
582.250000 136.123901 0.268000 115.750000
582.250000 136.328674 0.268000 115.860001
582.500000 136.533783 0.268000 115.949997
582.625000 136.533783 0.268000 116.059998
582.750000 136.762451 0.268000 116.160004
583.125000 136.968155 0.268000 116.260002
583.125000 137.168762 0.268000 116.345001
583.125000 137.374100 0.268000 116.459999
583.250000 137.374100 0.268000 116.544998
583.375000 137.585281 0.296000 116.660004
583.875000 137.786163 0.296000 116.750000
584.000000 137.786163 0.296000 116.855003
584.250000 138.004730 0.296000 116.945000
584.250000 138.209076 0.296000 117.050003
584.375000 138.415436 0.296000 117.144997
584.375000 138.415436 0.296000 117.245003
585.125000 138.627930 0.296000 117.349998
585.125000 138.842407 0.296000 117.449997
585.375000 138.842407 0.245000 117.559998
586.125000 139.061813 0.245000 117.660004
586.500000 139.281982 0.245000 117.750000
586.750000 139.281982 0.245000 117.855003
586.750000 139.482254 0.245000 117.959999
587.000000 139.683777 0.245000 118.065002
587.000000 139.886154 0.245000 118.150002
587.250000 139.886154 0.245000 118.260002
587.750000 140.104950 0.245000 118.345001
588.125000 140.309555 0.245000 118.455002
588.500000 140.514648 0.245000 118.550003
588.500000 140.514648 0.280000 118.654999
588.625000 140.722046 0.280000 118.745003
588.875000 140.923553 0.280000 118.860001
589.125000 141.126144 0.280000 118.945000
589.125000 141.126144 0.280000 119.050003
589.375000 141.332306 0.280000 119.160004
589.500000 141.574219 0.280000 119.250000
590.375000 141.574219 0.280000 119.355003
590.375000 141.799286 0.280000 119.449997
590.375000 142.024628 0.244000 119.555000
590.750000 142.024628 0.244000 119.660004
591.375000 142.228470 0.244000 119.750000
591.875000 142.449341 0.244000 119.860001
592.500000 142.655106 0.244000 119.955002
593.375000 142.655106 0.244000 120.050003
594.250000 142.861023 0.244000 120.160004
595.625000 143.090958 0.244000 120.250000
596.875000 143.291626 0.244000 120.355003
598.250000 143.291626 0.244000 120.455002
598.750000 143.492661 0.227000 120.559998
599.250000 143.698517 0.227000 120.650002
600.625000 143.904449 0.227000 120.754997
603.000000 144.122726 0.227000 120.864998
605.625000 144.332809 0.227000 120.949997
607.375000 144.538879 0.227000 121.059998
608.500000 144.745819 0.227000 121.160004
611.125000 144.745819 0.227000 121.260002
613.000000 144.962158 0.227000 121.345001
614.375000 145.169067 0.227000 121.464996
615.625000 145.375443 0.242000 121.550003
619.500000 145.375443 0.242000 121.654999
619.875000 145.581528 0.242000 121.754997
620.875000 145.795059 0.242000 121.845001
621.250000 146.001602 0.242000 121.959999
621.625000 146.001602 0.242000 122.059998
621.750000 146.207336 0.242000 122.150002
622.125000 146.415756 0.242000 122.260002
622.375000 146.664810 0.242000 122.349998
622.500000 146.871414 0.242000 122.449997
623.000000 147.080399 0.242000 122.565002
623.000000 147.289612 0.322000 122.660004
623.250000 147.289612 0.322000 122.745003
623.375000 147.706070 0.322000 122.860001
623.625000 147.706070 0.322000 122.945000
623.750000 147.914474 0.322000 123.055000
623.875000 148.143204 0.322000 123.160004
624.125000 148.353012 0.322000 123.245003
624.250000 148.573410 0.322000 123.355003
624.500000 148.774002 0.322000 123.464996
624.500000 148.974701 0.322000 123.550003
624.625000 149.184082 0.272000 123.660004
624.625000 149.389908 0.272000 123.750000
624.750000 149.593689 0.272000 123.860001
624.750000 149.593689 0.272000 123.945000
625.250000 149.795334 0.272000 124.050003
625.250000 149.795334 0.272000 124.160004
625.250000 149.795334 0.272000 124.254997
625.250000 149.795334 0.272000 124.349998
625.250000 149.995789 0.272000 124.455002
625.250000 149.995789 0.230000 124.559998
625.250000 149.995789 0.230000 124.644997
625.250000 149.995789 0.230000 124.750000
625.375000 149.995789 0.230000 124.860001
625.375000 149.995789 0.230000 124.949997
625.500000 149.995789 0.230000 125.059998
625.500000 149.995789 0.230000 125.160004
625.500000 149.995789 0.230000 125.245003
625.500000 149.995789 0.230000 125.355003
625.500000 149.995789 0.230000 125.445000
625.500000 149.995789 0.217000 125.555000
625.500000 149.995789 0.217000 125.644997
625.500000 149.995789 0.217000 125.745003
625.500000 149.995789 0.217000 125.855003
625.500000 149.995789 0.217000 125.959999
625.500000 149.995789 0.217000 126.050003
625.500000 149.995789 0.217000 126.154999
625.500000 149.995789 0.217000 126.264999
625.500000 149.995789 0.217000 126.355003
625.500000 149.995789 0.217000 126.445000
625.500000 149.995789 0.211000 126.559998
625.500000 149.995789 0.211000 126.644997
625.500000 149.995789 0.211000 126.750000
625.500000 149.995789 0.211000 126.860001
625.500000 150.221741 0.211000 126.959999
625.500000 150.430084 0.211000 127.059998
625.500000 150.642578 0.211000 127.160004
625.500000 150.855179 0.211000 127.264999
625.625000 151.062393 0.211000 127.360001
625.625000 151.271729 0.211000 127.445000
625.625000 151.472107 0.261000 127.559998
625.875000 151.679810 0.261000 127.644997
626.000000 151.679810 0.261000 127.754997
626.000000 151.905518 0.261000 127.860001
626.250000 152.109512 0.261000 127.949997
626.250000 152.109512 0.261000 128.059998
626.250000 152.109512 0.261000 128.160004
626.375000 152.310654 0.261000 128.250000
626.375000 152.310654 0.261000 128.360001
626.375000 152.310654 0.261000 128.455002
626.375000 152.310654 0.280000 128.554993
626.375000 152.310654 0.280000 128.660004
626.500000 152.310654 0.280000 128.759995
626.500000 152.310654 0.280000 128.865005
626.500000 152.510849 0.280000 128.949997
626.500000 152.510849 0.280000 129.059998
626.500000 152.510849 0.280000 129.149994
626.500000 152.510849 0.280000 129.259995
626.500000 152.510849 0.280000 129.350006
626.500000 152.510849 0.280000 129.460007
626.500000 152.510849 0.280000 129.559998
626.500000 152.510849 0.278000 129.649994
626.500000 152.510849 0.278000 129.761002
626.500000 152.510849 0.278000 129.854996
626.500000 152.510849 0.278000 129.955002
626.500000 152.510849 0.278000 130.065002
626.500000 152.510849 0.278000 130.164993
626.500000 152.510849 0.278000 130.264999
626.500000 152.510849 0.278000 130.369995
626.500000 152.510849 0.278000 130.455002
626.500000 152.510849 0.270000 130.565002
626.500000 152.510849 0.270000 130.649994
626.500000 152.510849 0.270000 130.755005
626.500000 152.510849 0.270000 130.860001
626.500000 152.510849 0.270000 130.940002
626.500000 152.510849 0.270000 131.054993
626.500000 152.510849 0.270000 131.154999
626.500000 152.510849 0.270000 131.250000
626.500000 152.510849 0.270000 131.360001
626.500000 152.714813 0.270000 131.449997
626.500000 152.714813 0.270000 131.554993
626.500000 152.934189 0.270000 131.660004
626.625000 152.934189 0.270000 131.764999
626.750000 153.137695 0.270000 131.850006
626.750000 153.341843 0.270000 131.955002
626.875000 153.541901 0.270000 132.059998
626.875000 153.541901 0.270000 132.145004
626.875000 153.763443 0.270000 132.259995
626.875000 153.969574 0.270000 132.354996
627.000000 153.969574 0.270000 132.460007
627.000000 154.185287 0.263000 132.544998
627.000000 154.386215 0.263000 132.660004
627.000000 154.386215 0.263000 132.744995
627.000000 154.587067 0.263000 132.860001
627.125000 154.587067 0.263000 132.945007
627.375000 154.795105 0.263000 133.054993
627.500000 154.795105 0.263000 133.139999
627.500000 154.795105 0.263000 133.250000
627.500000 154.795105 0.263000 133.365005
627.500000 154.795105 0.263000 133.455002
627.500000 154.995209 0.212000 133.559998
627.625000 154.995209 0.212000 133.645004
627.625000 154.995209 0.212000 133.750000
627.750000 154.995209 0.212000 133.860001
627.750000 154.995209 0.212000 133.949997
627.750000 154.995209 0.212000 134.059998
627.750000 154.995209 0.212000 134.154999
627.750000 154.995209 0.212000 134.250000
627.750000 154.995209 0.212000 134.360001
627.750000 154.995209 0.212000 134.455002
627.750000 154.995209 0.217000 134.559998
627.750000 154.995209 0.217000 134.649994
627.750000 154.995209 0.217000 134.759995
627.750000 154.995209 0.217000 134.845001
627.750000 154.995209 0.217000 134.955002
627.750000 154.995209 0.217000 135.039993
627.750000 154.995209 0.217000 135.160004
627.750000 155.197968 0.217000 135.255005
627.750000 155.400955 0.217000 135.345001
628.125000 155.400955 0.217000 135.455002
628.250000 155.601913 0.217000 135.565002
628.375000 155.817368 0.217000 135.649994
628.500000 155.817368 0.217000 135.755005
628.625000 156.042480 0.217000 135.845001
628.750000 156.242783 0.217000 135.964996
628.750000 156.443985 0.217000 136.050003
628.875000 156.443985 0.217000 136.164993
629.000000 156.653763 0.217000 136.255005
629.000000 156.857605 0.217000 136.360001
629.000000 156.857605 0.217000 136.455002
629.125000 157.082718 0.232000 136.565002
629.125000 157.307144 0.232000 136.645004
629.125000 157.307144 0.232000 136.750000
629.125000 157.526871 0.232000 136.865005
629.250000 157.731644 0.232000 136.966003
629.250000 157.936325 0.232000 137.050003
629.250000 157.936325 0.232000 137.154999
629.375000 158.146866 0.232000 137.259995
629.500000 158.373001 0.232000 137.350006
629.500000 158.373001 0.232000 137.460007
629.500000 158.600189 0.224000 137.550003
629.500000 158.806030 0.224000 137.654999
629.625000 158.806030 0.224000 137.740005
629.750000 159.011353 0.224000 137.860001
629.750000 159.215546 0.224000 137.964996
629.750000 159.450226 0.224000 138.059998
629.875000 159.450226 0.224000 138.145004
629.875000 159.654907 0.224000 138.259995
630.000000 159.881927 0.224000 138.345001
630.000000 159.881927 0.224000 138.455002
630.125000 160.086472 0.245000 138.559998
630.125000 160.290970 0.245000 138.660004
630.125000 160.492935 0.245000 138.764999
630.125000 160.492935 0.245000 138.860001
630.125000 160.492935 0.245000 138.945007
630.125000 160.693726 0.245000 139.050003
630.250000 160.693726 0.245000 139.160004
630.250000 160.693726 0.245000 139.244995
630.250000 160.693726 0.245000 139.360001
630.250000 160.894379 0.245000 139.455002
630.250000 160.894379 0.203000 139.550003
630.250000 160.894379 0.203000 139.660004
630.250000 160.894379 0.203000 139.744995
630.250000 160.894379 0.203000 139.860001
630.250000 160.894379 0.203000 139.964996
630.250000 160.894379 0.203000 140.050003
630.250000 160.894379 0.203000 140.160004
630.250000 160.894379 0.203000 140.250000
630.250000 160.894379 0.203000 140.360001
630.250000 160.894379 0.203000 140.445007
630.250000 160.894379 0.186000 140.550003
630.250000 160.894379 0.186000 140.639999
630.250000 160.894379 0.186000 140.759995
630.250000 160.894379 0.186000 140.845001
630.250000 160.894379 0.186000 140.949997
630.375000 160.894379 0.186000 141.059998
630.375000 161.094727 0.186000 141.160004
630.375000 161.094727 0.186000 141.250000
630.500000 161.303925 0.186000 141.360001
630.625000 161.538055 0.186000 141.445007
630.875000 161.538055 0.185000 141.550003
630.875000 161.744064 0.185000 141.660004
630.875000 161.944870 0.185000 141.750000
631.000000 162.146713 0.185000 141.860001
631.000000 162.354797 0.185000 141.964996
631.250000 162.559769 0.185000 142.059998
631.250000 162.559769 0.185000 142.149994
631.250000 162.762512 0.185000 142.255005
631.375000 162.978714 0.185000 142.354996
631.375000 163.196365 0.185000 142.449997
631.625000 163.414978 0.185000 142.554993
631.625000 163.624146 0.247000 142.645004
631.625000 163.833145 0.247000 142.755005
631.750000 164.052246 0.247000 142.860001
631.750000 164.281540 0.247000 142.949997
631.750000 164.499985 0.247000 143.061005
631.875000 164.701736 0.247000 143.149994
631.875000 164.701736 0.247000 143.259995
631.875000 164.904358 0.247000 143.360001
632.000000 164.904358 0.247000 143.455002
632.000000 165.106857 0.242000 143.550003
632.000000 165.106857 0.242000 143.660004
632.000000 165.106857 0.242000 143.750000
632.000000 165.106857 0.242000 143.860001
632.000000 165.308731 0.242000 143.949997
632.000000 165.308731 0.242000 144.059998
632.000000 165.308731 0.242000 144.145004
632.000000 165.308731 0.242000 144.255005
632.000000 165.308731 0.242000 144.360001
632.000000 165.308731 0.242000 144.464996
632.000000 165.308731 0.230000 144.544998
632.000000 165.308731 0.230000 144.649994
632.000000 165.308731 0.230000 144.764999
632.000000 165.308731 0.230000 144.850006
632.000000 165.308731 0.230000 144.955002
632.000000 165.308731 0.230000 145.050003
632.000000 165.308731 0.230000 145.154999
632.125000 165.308731 0.230000 145.244995
632.125000 165.525162 0.230000 145.350006
632.125000 165.525162 0.230000 145.460007
632.250000 165.727692 0.205000 145.544998
632.250000 165.946609 0.205000 145.649994
632.250000 165.946609 0.205000 145.759995
632.250000 166.170212 0.205000 145.845001
632.250000 166.403793 0.205000 145.955002
632.250000 166.403793 0.205000 146.059998
632.250000 166.623383 0.205000 146.145004
632.375000 166.851654 0.205000 146.250000
632.625000 166.851654 0.205000 146.350006
632.750000 167.057541 0.213000 146.445007
633.000000 167.263168 0.213000 146.559998
633.375000 167.470398 0.213000 146.654999
633.750000 167.470398 0.213000 146.750000
634.125000 167.681717 0.213000 146.854996
634.125000 167.893677 0.213000 146.940002
634.250000 168.105545 0.213000 147.044998
634.625000 168.322083 0.213000 147.160004
635.000000 168.531006 0.213000 147.250000
635.125000 168.731064 0.213000 147.360001
635.250000 168.931641 0.213000 147.464996
635.375000 169.132431 0.242000 147.550003
636.250000 169.351196 0.242000 147.660004
636.500000 169.567352 0.242000 147.750000
636.625000 169.567352 0.242000 147.860001
636.625000 169.773346 0.242000 147.949997
636.750000 169.773346 0.242000 148.059998
636.750000 169.986420 0.242000 148.145004
636.750000 169.986420 0.242000 148.259995
636.750000 169.986420 0.242000 148.345001
636.750000 169.986420 0.242000 148.460007
636.875000 169.986420 0.232000 148.550003
636.875000 169.986420 0.232000 148.654999
636.875000 170.188644 0.232000 148.744995
637.000000 170.188644 0.232000 148.860001
637.000000 170.188644 0.232000 148.949997
637.000000 170.389160 0.232000 149.059998
637.125000 170.602066 0.232000 149.149994
637.250000 170.806808 0.232000 149.259995
637.250000 170.806808 0.232000 149.345001
637.250000 171.011139 0.232000 149.460007
637.375000 171.242905 0.216000 149.544998
637.375000 171.459213 0.216000 149.649994
637.500000 171.707077 0.216000 149.759995
637.500000 171.926117 0.216000 149.845001
637.500000 172.135483 0.216000 149.949997
637.625000 172.344650 0.216000 150.050003
637.625000 172.553665 0.216000 150.160004
637.750000 172.762711 0.216000 150.244995
637.750000 172.972382 0.216000 150.360001
637.750000 173.173477 0.216000 150.460007
637.875000 173.381973 0.218000 150.554993
637.875000 173.381973 0.218000 150.639999
638.000000 173.589844 0.218000 150.759995
638.125000 173.827805 0.218000 150.845001
638.125000 174.065567 0.218000 150.960007
638.250000 174.273422 0.218000 151.050003
638.250000 174.481888 0.218000 151.164993
638.250000 174.720901 0.218000 151.255005
638.375000 174.930359 0.218000 151.350006
638.375000 175.139999 0.218000 151.460007
638.500000 175.349655 0.262000 151.550003
638.500000 175.557831 0.262000 151.664993
638.500000 175.557831 0.262000 151.755005
638.625000 175.972809 0.262000 151.869995
638.625000 175.972809 0.262000 151.955002
638.750000 176.181488 0.262000 152.065002
638.750000 176.420700 0.262000 152.154999
638.750000 176.640030 0.262000 152.264999
638.875000 176.882355 0.262000 152.369995
638.875000 176.882355 0.262000 152.455002
638.875000 177.087021 0.247000 152.559998
638.875000 177.087021 0.247000 152.654999
639.000000 177.291611 0.247000 152.750000
639.000000 177.291611 0.247000 152.850006
639.000000 177.291611 0.247000 152.960007
639.000000 177.291611 0.247000 153.054993
639.000000 177.492783 0.247000 153.139999
639.000000 177.492783 0.247000 153.259995
639.000000 177.492783 0.247000 153.354996
639.000000 177.695053 0.247000 153.460007
639.000000 177.895416 0.205000 153.550003
639.000000 177.895416 0.205000 153.660004
639.000000 178.096161 0.205000 153.750000
639.000000 178.297485 0.205000 153.860001
639.000000 178.502274 0.205000 153.955002
639.000000 178.502274 0.205000 154.059998
639.000000 178.708313 0.205000 154.149994
639.375000 178.914703 0.205000 154.259995
639.500000 179.121567 0.205000 154.360001
639.500000 179.121567 0.205000 154.445007
639.625000 179.326279 0.205000 154.550003
639.625000 179.553223 0.239000 154.664993
639.625000 179.553223 0.239000 154.750000
639.625000 179.753586 0.239000 154.854996
639.625000 179.978073 0.239000 154.960007
639.625000 180.181610 0.239000 155.054993
639.750000 180.388245 0.239000 155.149994
640.000000 180.615677 0.239000 155.259995
640.000000 180.823166 0.239000 155.350006
640.000000 181.030151 0.239000 155.455002
640.250000 181.254059 0.269000 155.544998
640.250000 181.460526 0.269000 155.660004
640.250000 181.460526 0.269000 155.750000
640.250000 181.668076 0.269000 155.854996
640.250000 181.874313 0.269000 155.960007
640.250000 182.075394 0.269000 156.059998
640.250000 182.075394 0.269000 156.149994
640.375000 182.281815 0.269000 156.259995
640.375000 182.484879 0.269000 156.345001
640.375000 182.686188 0.269000 156.460007
640.375000 182.686188 0.240000 156.550003
640.375000 182.686188 0.240000 156.649994
640.375000 182.888992 0.240000 156.755005
640.500000 182.888992 0.240000 156.860001
640.500000 182.888992 0.240000 156.955002
640.500000 182.888992 0.240000 157.054993
640.500000 182.888992 0.240000 157.145004
640.500000 182.888992 0.240000 157.264999
640.500000 182.888992 0.240000 157.350006
640.500000 183.089401 0.240000 157.460999
640.500000 183.089401 0.234000 157.550003
640.500000 183.089401 0.234000 157.654999
640.500000 183.089401 0.234000 157.740005
640.625000 183.089401 0.234000 157.850006
640.625000 183.089401 0.234000 157.955002
640.625000 183.089401 0.234000 158.044998
640.750000 183.089401 0.234000 158.160004
640.750000 183.089401 0.234000 158.244995
640.875000 183.089401 0.234000 158.360001
640.875000 183.089401 0.234000 158.455002
640.875000 183.089401 0.246000 158.544998
640.875000 183.089401 0.246000 158.649994
640.875000 183.089401 0.246000 158.759995
640.875000 183.089401 0.246000 158.854996
640.875000 183.089401 0.246000 158.945007
640.875000 183.089401 0.246000 159.050003
640.875000 183.089401 0.246000 159.149994
640.875000 183.089401 0.246000 159.255005
641.000000 183.089401 0.246000 159.360001
641.125000 183.089401 0.246000 159.455002
641.125000 183.089401 0.261000 159.544998
641.125000 183.089401 0.261000 159.660004
641.125000 183.089401 0.261000 159.744995
641.125000 183.089401 0.261000 159.854996
641.125000 183.089401 0.261000 159.955002
641.125000 183.089401 0.261000 160.059998
641.125000 183.301880 0.261000 160.149994
641.125000 183.301880 0.261000 160.255005
641.125000 183.528702 0.261000 160.345001
641.125000 183.734344 0.261000 160.445007
641.125000 183.943893 0.224000 160.559998
641.125000 184.168808 0.224000 160.660004
641.125000 184.384521 0.224000 160.750000
641.125000 184.593491 0.224000 160.854996
641.125000 184.803238 0.224000 160.964996
641.125000 185.012772 0.224000 161.065002
641.250000 185.213272 0.224000 161.164993
641.375000 185.414566 0.224000 161.255005
641.500000 185.616257 0.224000 161.360001
641.625000 185.818298 0.224000 161.449997
641.625000 186.018417 0.238000 161.559998
641.625000 186.225967 0.238000 161.664993
641.875000 186.225967 0.238000 161.750000
641.875000 186.426804 0.238000 161.860001
641.875000 186.645355 0.238000 161.955002
642.000000 186.847504 0.238000 162.059998
642.000000 186.847504 0.238000 162.154999
642.000000 186.847504 0.238000 162.259995
642.125000 187.049500 0.238000 162.365005
642.125000 187.049500 0.238000 162.445007
642.250000 187.049500 0.267000 162.554993
642.250000 187.049500 0.267000 162.654999
642.250000 187.049500 0.267000 162.755005
642.250000 187.255035 0.267000 162.860001
642.250000 187.255035 0.267000 162.960007
642.375000 187.467468 0.267000 163.059998
642.375000 187.467468 0.267000 163.164993
642.375000 187.684921 0.267000 163.250000
642.375000 187.898514 0.267000 163.360001
642.375000 187.898514 0.267000 163.460007
642.500000 188.110870 0.249000 163.565002
642.625000 188.327515 0.249000 163.660004
642.625000 188.327515 0.249000 163.759995
642.625000 188.530106 0.249000 163.865005
643.125000 188.731644 0.249000 163.964996
643.375000 188.939972 0.249000 164.059998
643.500000 188.939972 0.249000 164.149994
643.625000 189.170013 0.249000 164.250000
643.625000 189.371231 0.249000 164.360001
643.625000 189.371231 0.249000 164.460007
643.625000 189.573608 0.285000 164.559998
643.625000 189.776215 0.285000 164.645004
643.750000 189.982834 0.285000 164.750000
644.000000 189.982834 0.285000 164.854996
644.000000 190.201309 0.285000 164.955002
644.125000 190.423798 0.285000 165.054993
644.125000 190.423798 0.285000 165.160004
644.250000 190.651123 0.285000 165.250000
644.500000 190.869614 0.285000 165.365005
644.500000 190.869614 0.285000 165.460007
644.625000 191.080841 0.268000 165.559998
644.625000 191.294800 0.268000 165.654999
644.750000 191.294800 0.268000 165.759995
645.000000 191.502014 0.268000 165.854996
645.250000 191.702545 0.268000 165.949997
645.375000 191.904343 0.268000 166.054993
645.375000 191.904343 0.268000 166.160004
645.375000 192.121475 0.268000 166.255005
645.500000 192.347092 0.268000 166.350006
646.000000 192.347092 0.268000 166.455002
646.000000 192.566376 0.268000 166.554993
646.125000 192.785751 0.262000 166.660004
646.250000 192.785751 0.262000 166.744995
646.375000 192.993134 0.262000 166.860001
646.375000 193.200684 0.262000 166.960007
646.500000 193.414490 0.262000 167.059998
646.625000 193.615433 0.262000 167.160004
646.625000 193.615433 0.262000 167.255005
646.750000 193.818909 0.262000 167.350006
647.000000 194.027740 0.262000 167.449997
647.125000 194.233566 0.238000 167.550003
647.250000 194.441971 0.238000 167.649994
647.250000 194.649689 0.238000 167.755005
647.250000 194.874237 0.238000 167.854996
648.000000 195.084686 0.238000 167.955002
648.000000 195.290436 0.238000 168.054993
648.000000 195.290436 0.238000 168.145004
648.500000 195.506821 0.238000 168.259995
648.500000 195.719543 0.238000 168.354996
648.500000 195.719543 0.238000 168.455002
648.500000 195.923767 0.246000 168.565002
648.500000 195.923767 0.246000 168.660004
648.500000 196.133606 0.246000 168.755005
648.500000 196.133606 0.246000 168.856003
648.500000 196.133606 0.246000 168.960007
648.500000 196.133606 0.246000 169.044998
648.500000 196.336334 0.246000 169.149994
648.500000 196.336334 0.246000 169.259995
648.500000 196.336334 0.246000 169.360001
648.500000 196.336334 0.246000 169.460007
648.625000 196.336334 0.209000 169.544998
648.625000 196.336334 0.209000 169.654999
648.750000 196.336334 0.209000 169.755005
648.750000 196.336334 0.209000 169.860001
648.750000 196.336334 0.209000 169.960007
648.875000 196.336334 0.209000 170.059998
649.000000 196.336334 0.209000 170.154999
649.125000 196.336334 0.209000 170.255005
649.125000 196.336334 0.209000 170.360001
649.125000 196.336334 0.209000 170.455002
649.125000 196.336334 0.193000 170.554993
649.125000 196.336334 0.193000 170.664993
649.125000 196.336334 0.193000 170.750000
649.125000 196.336334 0.193000 170.854996
649.125000 196.336334 0.193000 170.960007
649.125000 196.336334 0.193000 171.054993
649.125000 196.336334 0.193000 171.154999
649.125000 196.336334 0.193000 171.259995
649.125000 196.336334 0.193000 171.360001
649.125000 196.336334 0.193000 171.455002
649.125000 196.336334 0.191000 171.559998
649.125000 196.336334 0.191000 171.654999
649.125000 196.336334 0.191000 171.759995
649.125000 196.336334 0.191000 171.854996
649.125000 196.336334 0.191000 171.960007
649.125000 196.336334 0.191000 172.054993
649.125000 196.336334 0.191000 172.149994
649.125000 196.336334 0.191000 172.255005
649.125000 196.336334 0.191000 172.360001
649.125000 196.336334 0.191000 172.460007
649.125000 196.336334 0.195000 172.559998
649.125000 196.336334 0.195000 172.645004
649.125000 196.336334 0.195000 172.759995
649.125000 196.541016 0.195000 172.860001
649.125000 196.742401 0.195000 172.945007
649.250000 196.944046 0.195000 173.059998
649.375000 196.944046 0.195000 173.149994
649.375000 197.148331 0.195000 173.250000
649.375000 197.349457 0.195000 173.360001
649.375000 197.349457 0.195000 173.455002
649.500000 197.569016 0.240000 173.554993
649.625000 197.781754 0.240000 173.654999
649.750000 197.781754 0.240000 173.759995
649.875000 198.016953 0.240000 173.854996
650.000000 198.224228 0.240000 173.960007
650.375000 198.425903 0.240000 174.059998
650.375000 198.425903 0.240000 174.149994
650.375000 198.628418 0.240000 174.259995
650.375000 198.831558 0.240000 174.354996
650.500000 198.831558 0.240000 174.455002
650.500000 199.050858 0.223000 174.559998
650.500000 199.283051 0.223000 174.654999
650.500000 199.283051 0.223000 174.759995
650.500000 199.486649 0.223000 174.850006
650.500000 199.486649 0.223000 174.949997
650.500000 199.486649 0.223000 175.054993
650.625000 199.697372 0.223000 175.160004
650.625000 199.697372 0.223000 175.259995
650.625000 199.697372 0.223000 175.354996
650.625000 199.697372 0.223000 175.449997
650.625000 199.697372 0.218000 175.550003
650.625000 199.697372 0.218000 175.649994
650.625000 199.697372 0.218000 175.759995
650.625000 199.697372 0.218000 175.854996
650.625000 199.897537 0.218000 175.960007
650.625000 199.897537 0.218000 176.054993
650.625000 199.897537 0.218000 176.160004
650.625000 199.897537 0.218000 176.244995
650.625000 199.897537 0.218000 176.350006
650.625000 199.897537 0.218000 176.460007
650.625000 199.897537 0.221000 176.559998
650.625000 199.897537 0.221000 176.660004
650.625000 199.897537 0.221000 176.755005
650.625000 199.897537 0.221000 176.845001
650.625000 199.897537 0.221000 176.960007
650.625000 199.897537 0.221000 177.050003
650.625000 199.897537 0.221000 177.149994
650.625000 199.897537 0.221000 177.255005
650.625000 199.897537 0.221000 177.360001
650.625000 199.897537 0.221000 177.460007
650.625000 199.897537 0.215000 177.554993
650.625000 199.897537 0.215000 177.660004
650.625000 199.897537 0.215000 177.764999
650.625000 199.897537 0.215000 177.850006
650.625000 199.897537 0.215000 177.955002
650.625000 199.897537 0.215000 178.054993
650.625000 199.897537 0.215000 178.164993
650.625000 200.117386 0.215000 178.250000
650.625000 200.117386 0.215000 178.354996
650.625000 200.324020 0.215000 178.455002
650.625000 200.565567 0.224000 178.544998
650.625000 200.774628 0.224000 178.649994
650.625000 200.975006 0.224000 178.755005
650.625000 201.175476 0.224000 178.860001
650.625000 201.175476 0.224000 178.964996
650.625000 201.396317 0.224000 179.065002
650.750000 201.624130 0.224000 179.160004
650.750000 201.624130 0.224000 179.244995
650.750000 201.824997 0.224000 179.350006
650.750000 202.043106 0.224000 179.460007
650.750000 202.248474 0.203000 179.544998
650.750000 202.248474 0.203000 179.639999
650.750000 202.450867 0.203000 179.755005
650.750000 202.669312 0.203000 179.854996
650.750000 202.669312 0.203000 179.960007
650.750000 202.884827 0.203000 180.054993
650.750000 203.095566 0.203000 180.160004
650.750000 203.300186 0.203000 180.259995
650.750000 203.300186 0.203000 180.350006
650.750000 203.505569 0.203000 180.449997
650.750000 203.734192 0.215000 180.565002
650.750000 203.734192 0.215000 180.654999
650.750000 203.940170 0.215000 180.755005
650.875000 204.143280 0.215000 180.850006
650.875000 204.384659 0.215000 180.955002
650.875000 204.585464 0.215000 181.059998
650.875000 204.789200 0.215000 181.149994
650.875000 204.993912 0.215000 181.259995
650.875000 204.993912 0.215000 181.345001
651.000000 205.405579 0.215000 181.460007
651.000000 205.405579 0.260000 181.554993
651.125000 205.631134 0.260000 181.660004
651.125000 205.838928 0.260000 181.750000
651.125000 206.044342 0.260000 181.854996
651.250000 206.044342 0.260000 181.960007
651.500000 206.244858 0.260000 182.050003
651.500000 206.244858 0.260000 182.149994
651.500000 206.244858 0.260000 182.264999
651.500000 206.244858 0.260000 182.350006
651.500000 206.244858 0.260000 182.455002
651.500000 206.448181 0.239000 182.559998
651.500000 206.448181 0.239000 182.645004
651.500000 206.448181 0.239000 182.750000
651.500000 206.448181 0.239000 182.854996
651.500000 206.448181 0.239000 182.960007
651.500000 206.448181 0.239000 183.050003
651.500000 206.448181 0.239000 183.160004
651.500000 206.448181 0.239000 183.244995
651.625000 206.448181 0.239000 183.350006
651.625000 206.448181 0.239000 183.449997
651.750000 206.448181 0.239000 183.550003
651.750000 206.448181 0.239000 183.654999
651.750000 206.448181 0.239000 183.755005
651.750000 206.448181 0.239000 183.854996
651.875000 206.448181 0.239000 183.949997
652.000000 206.448181 0.239000 184.061005
652.000000 206.448181 0.239000 184.149994
652.000000 206.448181 0.239000 184.250000
652.000000 206.448181 0.239000 184.360001
652.000000 206.650238 0.239000 184.449997
652.250000 206.854446 0.234000 184.550003
652.500000 207.061676 0.234000 184.654999
652.500000 207.061676 0.234000 184.750000
652.500000 207.265076 0.234000 184.860001
652.500000 207.466797 0.234000 184.964996
652.500000 207.669601 0.234000 185.050003
652.500000 207.669601 0.234000 185.160004
652.500000 207.900040 0.234000 185.244995
652.500000 208.122040 0.234000 185.345001
652.500000 208.328476 0.234000 185.460007
652.500000 208.328476 0.252000 185.570007
652.500000 208.534622 0.252000 185.660004
652.500000 208.740356 0.252000 185.755005
652.500000 208.740356 0.252000 185.850006
652.500000 208.943130 0.252000 185.960007
652.500000 209.158737 0.252000 186.050003
652.500000 209.377792 0.252000 186.160004
652.625000 209.586716 0.252000 186.264999
652.750000 209.790497 0.252000 186.350006
652.750000 209.790497 0.252000 186.460007
652.750000 209.994888 0.241000 186.544998
652.750000 210.202240 0.241000 186.660004
652.750000 210.202240 0.241000 186.744995
652.750000 210.407883 0.241000 186.850006
652.750000 210.635468 0.241000 186.960007
652.750000 210.840546 0.241000 187.044998
652.750000 210.840546 0.241000 187.154999
652.750000 211.060654 0.241000 187.259995
652.750000 211.261322 0.241000 187.350006
652.750000 211.466400 0.241000 187.460007
652.750000 211.707916 0.193000 187.544998
652.750000 211.914520 0.193000 187.649994
652.750000 212.132721 0.193000 187.759995
652.750000 212.341721 0.193000 187.850006
652.750000 212.550995 0.193000 187.955002
652.750000 212.550995 0.193000 188.050003
652.750000 212.760574 0.193000 188.149994
652.875000 212.969940 0.193000 188.259995
652.875000 213.206696 0.193000 188.354996
652.875000 213.446274 0.193000 188.445007
652.875000 213.646774 0.184000 188.559998
652.875000 213.646774 0.184000 188.649994
652.875000 213.849167 0.184000 188.755005
652.875000 214.071732 0.184000 188.845001
652.875000 214.277710 0.184000 188.960007
652.875000 214.277710 0.184000 189.050003
652.875000 214.483231 0.184000 189.154999
652.875000 214.685699 0.184000 189.264999
652.875000 214.892517 0.184000 189.354996
652.875000 215.097137 0.184000 189.460007
652.875000 215.299179 0.227000 189.565002
652.875000 215.299179 0.227000 189.654999
652.875000 215.533875 0.227000 189.764999
652.875000 215.759598 0.227000 189.860001
652.875000 215.963608 0.227000 189.949997
652.875000 216.172668 0.227000 190.059998
653.000000 216.373886 0.227000 190.160004
653.000000 216.373886 0.227000 190.259995
653.000000 216.575546 0.227000 190.360001
654.000000 216.776733 0.227000 190.449997
655.125000 216.776733 0.212000 190.559998
656.125000 217.002930 0.212000 190.645004
656.375000 217.228851 0.212000 190.750000
657.500000 217.228851 0.212000 190.860001
658.125000 217.452698 0.212000 190.964996
658.625000 217.668335 0.212000 191.044998
659.375000 217.668335 0.212000 191.154999
660.000000 217.894318 0.212000 191.250000
660.250000 217.894318 0.212000 191.354996
660.250000 218.098053 0.212000 191.460007
660.625000 218.098053 0.235000 191.565002
660.750000 218.098053 0.235000 191.660004
660.875000 218.303055 0.235000 191.770004
660.875000 218.303055 0.235000 191.869995
660.875000 218.303055 0.235000 191.955002
661.375000 218.303055 0.235000 192.065002
661.375000 218.303055 0.235000 192.160004
661.625000 218.303055 0.235000 192.264999
661.750000 218.303055 0.235000 192.360001
661.750000 218.303055 0.235000 192.455002
661.750000 218.303055 0.206000 192.554993
661.750000 218.303055 0.206000 192.660004
661.750000 218.303055 0.206000 192.750000
661.750000 218.303055 0.206000 192.850006
661.750000 218.303055 0.206000 192.955002
661.750000 218.303055 0.206000 193.059998
661.875000 218.303055 0.206000 193.169998
661.875000 218.303055 0.206000 193.255005
662.000000 218.507751 0.206000 193.360001
662.125000 218.507751 0.206000 193.445007
662.125000 218.709824 0.206000 193.550003
662.250000 218.910583 0.287000 193.660004
662.375000 218.910583 0.287000 193.744995
662.500000 219.111954 0.287000 193.850006
662.625000 219.315384 0.287000 193.964996
662.625000 219.517212 0.287000 194.044998
663.000000 219.517212 0.287000 194.160004
663.250000 219.720825 0.287000 194.244995
664.125000 219.932571 0.287000 194.350006
672.250000 219.932571 0.287000 194.464996
676.500000 220.151276 0.202000 194.559998
684.125000 220.352295 0.202000 194.645004
687.500000 220.352295 0.202000 194.750000
690.125000 220.553238 0.202000 194.854996
691.125000 220.553238 0.202000 194.955002
691.500000 220.553238 0.202000 195.065002
692.000000 220.753403 0.202000 195.149994
692.500000 220.753403 0.202000 195.259995
693.250000 220.753403 0.202000 195.365005
693.500000 220.753403 0.202000 195.449997
693.875000 220.753403 0.234000 195.559998
694.500000 220.753403 0.234000 195.664993
694.750000 220.753403 0.234000 195.750000
695.250000 220.753403 0.234000 195.850006
695.500000 220.753403 0.234000 195.960007
695.625000 220.753403 0.234000 196.059998
695.625000 220.753403 0.234000 196.149994
695.750000 220.753403 0.234000 196.259995
695.875000 220.753403 0.234000 196.345001
696.000000 220.753403 0.234000 196.449997
696.125000 220.753403 0.225000 196.554993
696.375000 220.753403 0.225000 196.660004
696.375000 220.753403 0.225000 196.750000
696.375000 220.753403 0.225000 196.860001
696.375000 220.753403 0.225000 196.955002
696.375000 220.753403 0.225000 197.050003
696.500000 220.753403 0.225000 197.149994
696.875000 220.955200 0.225000 197.255005
696.875000 221.161240 0.225000 197.360001
697.000000 221.161240 0.225000 197.455002
697.500000 221.370636 0.219000 197.550003
697.750000 221.576340 0.219000 197.654999
698.375000 221.778946 0.219000 197.764999
698.750000 221.778946 0.219000 197.850006
699.125000 222.001678 0.219000 197.955002
700.000000 222.223785 0.219000 198.050003
700.125000 222.427689 0.219000 198.149994
701.375000 222.629745 0.219000 198.244995
702.375000 222.835617 0.219000 198.350006
703.750000 223.043045 0.219000 198.460999
705.125000 223.251129 0.251000 198.559998
706.375000 223.459198 0.251000 198.664993
707.875000 223.459198 0.251000 198.750000
709.125000 223.667953 0.251000 198.850006
709.875000 223.887238 0.251000 198.949997
711.250000 224.096848 0.251000 199.065002
712.125000 224.306335 0.251000 199.149994
713.500000 224.515945 0.251000 199.250000
713.875000 224.735687 0.251000 199.365005
714.625000 224.945541 0.251000 199.460007
715.125000 225.164062 0.262000 199.539993
715.875000 225.376648 0.262000 199.649994
716.500000 225.579437 0.262000 199.755005
717.375000 225.784256 0.262000 199.845001
718.750000 225.991043 0.262000 199.949997
719.125000 226.198532 0.262000 200.050003
720.625000 226.406540 0.262000 200.154999
721.375000 226.615067 0.262000 200.264999
721.875000 226.615067 0.262000 200.350006
722.750000 226.823990 0.262000 200.455002
724.250000 227.052048 0.249000 200.559998
725.500000 227.254150 0.249000 200.645004
727.750000 227.467712 0.249000 200.759995
728.125000 227.671310 0.249000 200.850006
729.625000 227.897232 0.249000 200.964996
730.000000 227.897232 0.249000 201.044998
730.500000 228.102249 0.249000 201.149994
731.125000 228.307968 0.249000 201.259995
731.875000 228.509933 0.249000 201.345001
732.125000 228.509933 0.249000 201.449997
732.500000 228.710648 0.247000 201.559998
732.750000 228.941101 0.247000 201.654999
732.875000 228.941101 0.247000 201.759995
733.125000 229.168869 0.247000 201.850006
733.250000 229.381119 0.247000 201.949997
735.625000 229.381119 0.247000 202.059998
739.000000 229.600159 0.247000 202.149994
739.625000 229.818695 0.247000 202.250000
740.375000 229.818695 0.247000 202.360001
741.000000 230.036484 0.247000 202.455002
742.750000 230.239441 0.253000 202.554993
743.250000 230.444153 0.253000 202.664993
744.500000 230.444153 0.253000 202.750000
745.250000 230.647858 0.253000 202.850006
745.500000 230.647858 0.253000 202.960007
745.750000 230.647858 0.253000 203.050003
746.000000 230.647858 0.253000 203.154999
746.250000 230.850311 0.253000 203.255005
746.375000 230.850311 0.253000 203.350006
746.875000 230.850311 0.253000 203.455002
747.000000 230.850311 0.234000 203.544998
747.250000 230.850311 0.234000 203.649994
747.375000 230.850311 0.234000 203.750000
747.375000 230.850311 0.234000 203.860001
747.625000 230.850311 0.234000 203.955002
747.625000 230.850311 0.234000 204.050003
747.750000 230.850311 0.234000 204.154999
748.000000 230.850311 0.234000 204.259995
748.125000 230.850311 0.234000 204.350006
748.750000 230.850311 0.234000 204.455002
748.750000 230.850311 0.217000 204.559998
748.875000 230.850311 0.217000 204.649994
749.375000 230.850311 0.217000 204.750000
749.375000 230.850311 0.217000 204.860001
749.625000 230.850311 0.217000 204.949997
749.625000 230.850311 0.217000 205.059998
749.875000 230.850311 0.217000 205.145004
750.250000 230.850311 0.217000 205.250000
750.250000 230.850311 0.217000 205.354996
750.625000 230.850311 0.217000 205.464996
750.750000 230.850311 0.226000 205.550003
750.750000 230.850311 0.226000 205.660004
751.125000 230.850311 0.226000 205.744995
751.125000 230.850311 0.226000 205.854996
751.250000 230.850311 0.226000 205.960007
751.250000 230.850311 0.226000 206.044998
751.250000 230.850311 0.226000 206.149994
751.625000 230.850311 0.226000 206.259995
752.125000 230.850311 0.226000 206.354996
752.250000 231.051208 0.226000 206.445007
753.125000 231.051208 0.225000 206.550003
753.375000 231.257721 0.225000 206.660004
753.875000 231.257721 0.225000 206.759995
754.000000 231.460342 0.225000 206.854996
754.250000 231.460342 0.225000 206.960007
754.250000 231.460342 0.225000 207.050003
755.375000 231.460342 0.225000 207.160004
755.375000 231.661087 0.225000 207.255005
755.875000 231.661087 0.225000 207.350006
756.125000 231.661087 0.225000 207.460007
756.250000 231.661087 0.218000 207.550003
756.250000 231.661087 0.218000 207.654999
756.250000 231.661087 0.218000 207.744995
756.375000 231.661087 0.218000 207.850006
756.500000 231.661087 0.218000 207.960007
756.500000 231.661087 0.218000 208.050003
756.625000 231.661087 0.218000 208.160004
756.625000 231.661087 0.218000 208.244995
756.625000 231.661087 0.218000 208.350006
756.625000 231.661087 0.218000 208.460007
756.625000 231.661087 0.220000 208.559998
756.625000 231.661087 0.220000 208.645004
756.625000 231.661087 0.220000 208.759995
756.625000 231.661087 0.220000 208.850006
756.875000 231.661087 0.220000 208.949997
756.875000 231.661087 0.220000 209.059998
757.000000 231.661087 0.220000 209.145004
757.250000 231.661087 0.220000 209.250000
757.375000 231.661087 0.220000 209.360001
757.750000 231.661087 0.220000 209.460007
757.750000 231.868179 0.207000 209.550003
758.000000 232.073441 0.207000 209.660004
758.375000 232.073441 0.207000 209.744995
758.750000 232.290237 0.207000 209.850006
759.125000 232.490402 0.207000 209.960007
759.500000 232.691650 0.207000 210.059998
759.875000 232.691650 0.207000 210.149994
760.250000 232.896973 0.207000 210.259995
760.500000 233.100082 0.207000 210.354996
760.875000 233.100082 0.207000 210.449997
761.250000 233.302551 0.230000 210.554993
761.250000 233.505875 0.230000 210.645004
761.500000 233.710602 0.230000 210.750000
761.625000 233.710602 0.230000 210.854996
762.125000 233.923523 0.230000 210.945007
762.250000 234.128647 0.230000 211.050003
762.375000 234.333298 0.230000 211.160004
762.750000 234.333298 0.230000 211.250000
762.875000 234.553360 0.230000 211.350006
763.250000 234.756638 0.230000 211.460007
763.500000 234.962860 0.230000 211.554993
764.250000 235.171173 0.281000 211.660004
764.750000 235.378189 0.281000 211.764999
765.125000 235.378189 0.281000 211.845001
765.500000 235.586227 0.281000 211.955002
765.875000 235.824615 0.281000 212.039993
766.625000 236.027832 0.281000 212.160004
767.000000 236.027832 0.281000 212.250000
768.125000 236.233688 0.281000 212.365005
768.625000 236.438919 0.281000 212.460007
768.750000 236.438919 0.281000 212.554993
769.375000 236.639008 0.290000 212.654999
769.375000 236.840622 0.290000 212.755005
769.500000 237.042938 0.290000 212.850006
769.500000 237.042938 0.290000 212.945007
769.750000 237.247375 0.290000 213.050003
770.250000 237.247375 0.290000 213.164993
770.375000 237.448425 0.290000 213.250000
771.000000 237.448425 0.290000 213.354996
771.000000 237.448425 0.290000 213.464996
771.125000 237.649323 0.290000 213.550003
771.625000 237.649323 0.278000 213.660004
771.625000 237.649323 0.278000 213.764999
771.750000 237.649323 0.278000 213.850006
771.750000 237.649323 0.278000 213.955002
771.750000 237.649323 0.278000 214.065002
771.750000 237.649323 0.278000 214.149994
771.750000 237.649323 0.278000 214.259995
771.750000 237.649323 0.278000 214.360001
771.750000 237.849945 0.278000 214.449997
772.000000 237.849945 0.253000 214.559998
772.500000 238.051941 0.253000 214.649994
773.000000 238.051941 0.253000 214.755005
774.000000 238.282150 0.253000 214.850006
774.625000 238.525269 0.253000 214.955002
776.000000 238.725815 0.253000 215.054993
777.625000 238.960709 0.253000 215.160004
778.750000 239.168579 0.253000 215.244995
779.750000 239.377274 0.253000 215.354996
780.625000 239.377274 0.253000 215.445007
782.500000 239.586151 0.258000 215.550003
783.000000 239.794769 0.258000 215.660004
784.000000 240.033234 0.258000 215.755005
784.250000 240.251389 0.258000 215.854996
784.625000 240.458145 0.258000 215.955002
785.000000 240.665253 0.258000 216.050003
785.500000 240.873611 0.258000 216.160004
785.750000 241.116760 0.258000 216.259995
786.000000 241.320374 0.258000 216.350006
786.000000 241.320374 0.258000 216.460007
786.250000 241.540817 0.219000 216.554993
786.625000 241.743317 0.219000 216.660004
786.875000 241.743317 0.219000 216.759995
787.250000 241.946289 0.219000 216.854996
787.250000 241.946289 0.219000 216.949997
787.500000 242.146912 0.219000 217.050003
787.750000 242.146912 0.219000 217.149994
787.750000 242.146912 0.219000 217.250000
788.250000 242.146912 0.219000 217.360001
788.250000 242.146912 0.219000 217.449997
788.250000 242.347427 0.194000 217.550003
788.250000 242.347427 0.194000 217.654999
788.250000 242.347427 0.194000 217.759995
788.250000 242.347427 0.194000 217.850006
788.250000 242.347427 0.194000 217.955002
788.250000 242.347427 0.194000 218.044998
788.250000 242.347427 0.194000 218.149994
788.250000 242.347427 0.194000 218.259995
788.250000 242.347427 0.194000 218.360001
788.250000 242.347427 0.194000 218.455002
788.250000 242.347427 0.191000 218.565002
788.250000 242.347427 0.191000 218.660004
788.250000 242.347427 0.191000 218.750000
788.500000 242.552765 0.191000 218.854996
788.500000 242.755264 0.191000 218.960007
788.500000 242.755264 0.191000 219.065002
788.625000 242.977417 0.191000 219.145004
788.750000 243.186081 0.191000 219.250000
788.750000 243.186081 0.191000 219.360001
788.750000 243.407593 0.191000 219.464996
789.125000 243.632385 0.172000 219.550003
789.125000 243.632385 0.172000 219.649994
789.125000 243.835419 0.172000 219.759995
789.125000 244.038452 0.172000 219.854996
789.250000 244.244110 0.172000 219.945007
789.250000 244.445251 0.172000 220.065002
789.375000 244.445251 0.172000 220.149994
789.500000 244.646286 0.172000 220.255005
789.750000 244.856216 0.172000 220.350006
789.875000 245.061142 0.172000 220.460007
789.875000 245.278320 0.226000 220.550003
789.875000 245.496506 0.226000 220.654999
790.000000 245.736450 0.226000 220.750000
790.125000 245.736450 0.226000 220.854996
790.125000 245.950180 0.226000 220.945007
790.125000 245.950180 0.226000 221.050003
790.125000 246.154465 0.226000 221.154999
790.250000 246.154465 0.226000 221.264999
790.250000 246.154465 0.226000 221.365005
790.250000 246.154465 0.226000 221.460007
790.250000 246.154465 0.256000 221.550003
790.250000 246.354721 0.256000 221.660004
790.250000 246.354721 0.256000 221.759995
790.250000 246.354721 0.256000 221.845001
790.250000 246.354721 0.256000 221.960007
790.250000 246.354721 0.256000 222.054993
790.250000 246.354721 0.256000 222.154999
790.250000 246.354721 0.256000 222.259995
790.250000 246.354721 0.256000 222.345001
790.250000 246.354721 0.256000 222.460007
790.250000 246.354721 0.256000 222.554993
790.250000 246.354721 0.249000 222.654999
790.250000 246.354721 0.249000 222.759995
790.250000 246.354721 0.249000 222.850006
790.375000 246.354721 0.249000 222.960007
790.375000 246.354721 0.249000 223.044998
790.375000 246.354721 0.249000 223.145004
790.375000 246.354721 0.249000 223.259995
790.375000 246.354721 0.249000 223.354996
790.375000 246.354721 0.249000 223.460007
790.375000 246.354721 0.253000 223.544998
790.375000 246.354721 0.253000 223.649994
790.375000 246.354721 0.253000 223.759995
790.375000 246.354721 0.253000 223.865005
790.375000 246.354721 0.253000 223.960007
790.375000 246.354721 0.253000 224.059998
790.375000 246.354721 0.253000 224.160004
790.375000 246.354721 0.253000 224.264999
790.375000 246.354721 0.253000 224.360001
790.375000 246.561157 0.253000 224.449997
790.375000 246.794205 0.281000 224.554993
790.375000 247.001419 0.281000 224.654999
790.625000 247.210602 0.281000 224.759995
790.625000 247.210602 0.281000 224.860001
790.750000 247.415710 0.281000 224.945007
790.875000 247.623718 0.281000 225.054993
790.875000 247.833160 0.281000 225.149994
790.875000 248.033218 0.281000 225.250000
791.000000 248.243027 0.281000 225.354996
791.125000 248.452240 0.281000 225.460007
791.125000 248.660583 0.283000 225.559998
791.250000 248.867523 0.283000 225.645004
791.375000 249.070801 0.283000 225.750000
791.375000 249.271927 0.283000 225.860001
791.375000 249.271927 0.283000 225.945007
791.375000 249.474716 0.283000 226.059998
791.375000 249.474716 0.283000 226.149994
791.375000 249.474716 0.283000 226.259995
791.375000 249.474716 0.283000 226.350006
791.375000 249.674835 0.283000 226.460007
791.375000 249.674835 0.257000 226.544998
791.375000 249.674835 0.257000 226.660004
791.375000 249.674835 0.257000 226.744995
791.375000 249.674835 0.257000 226.860001
791.375000 249.674835 0.257000 226.960007
791.375000 249.674835 0.257000 227.050003
791.375000 249.674835 0.257000 227.154999
791.375000 249.674835 0.257000 227.255005
791.375000 249.674835 0.257000 227.350006
791.375000 249.674835 0.257000 227.460007
791.375000 249.674835 0.239000 227.559998
791.375000 249.674835 0.239000 227.649994
791.375000 249.674835 0.239000 227.750000
791.375000 249.674835 0.239000 227.854996
791.375000 249.674835 0.239000 227.955002
791.375000 249.674835 0.239000 228.050003
791.375000 249.674835 0.239000 228.164993
791.375000 249.674835 0.239000 228.259995
791.500000 249.674835 0.239000 228.345001
791.625000 249.674835 0.239000 228.449997
791.750000 249.674835 0.232000 228.559998
791.750000 249.674835 0.232000 228.654999
791.875000 249.874908 0.232000 228.764999
792.000000 249.874908 0.232000 228.860001
792.000000 250.076904 0.232000 228.955002
792.000000 250.276978 0.232000 229.059998
792.000000 250.478073 0.232000 229.145004
792.375000 250.684128 0.232000 229.259995
792.750000 250.892563 0.232000 229.354996
792.750000 251.131409 0.232000 229.445007
792.750000 251.340286 0.234000 229.550003
792.750000 251.548904 0.234000 229.660004
792.750000 251.757217 0.234000 229.750000
792.750000 251.965149 0.234000 229.860001
792.750000 251.965149 0.234000 229.945007
792.875000 252.381287 0.234000 230.054993
793.000000 252.381287 0.234000 230.154999
793.000000 252.791107 0.234000 230.259995
793.000000 252.791107 0.234000 230.350006
793.125000 252.991684 0.234000 230.449997
793.250000 253.192337 0.234000 230.559998
793.250000 253.428940 0.279000 230.654999
793.375000 253.631592 0.279000 230.750000
793.375000 253.835312 0.279000 230.860001
793.375000 254.065506 0.279000 230.949997
793.375000 254.265961 0.279000 231.059998
793.375000 254.265961 0.279000 231.160004
793.375000 254.468094 0.279000 231.250000
793.625000 254.675140 0.279000 231.360001
793.875000 254.675140 0.279000 231.445007
794.000000 254.881271 0.279000 231.559998
794.250000 255.087433 0.287000 231.649994
794.750000 255.300537 0.287000 231.759995
795.250000 255.300537 0.287000 231.845001
795.500000 255.505814 0.287000 231.960007
795.875000 255.711212 0.287000 232.059998
796.250000 255.916229 0.287000 232.149994
796.625000 255.916229 0.287000 232.259995
797.000000 256.136780 0.287000 232.365005
797.375000 256.363647 0.287000 232.449997
797.875000 256.363647 0.287000 232.559998
798.125000 256.589691 0.278000 232.660004
798.625000 256.792969 0.278000 232.759995
799.000000 256.997833 0.278000 232.860001
799.500000 256.997833 0.278000 232.945007
799.875000 257.199860 0.278000 233.050003
800.375000 257.199860 0.278000 233.160004
800.500000 257.408203 0.278000 233.244995
800.500000 257.408203 0.278000 233.354996
800.750000 257.408203 0.278000 233.445007
800.875000 257.608398 0.219000 233.559998
801.125000 257.608398 0.219000 233.649994
801.625000 257.608398 0.219000 233.759995
801.750000 257.608398 0.219000 233.860001
801.750000 257.608398 0.219000 233.955002
802.125000 257.608398 0.219000 234.065994
802.250000 257.608398 0.219000 234.154999
802.250000 257.608398 0.219000 234.270004
802.375000 257.608398 0.219000 234.360001
802.375000 257.608398 0.219000 234.455002
802.500000 257.608398 0.196000 234.559998
802.750000 257.608398 0.196000 234.660004
802.750000 257.608398 0.196000 234.750000
802.875000 257.608398 0.196000 234.850006
802.875000 257.608398 0.196000 234.960007
802.875000 257.608398 0.196000 235.059998
802.875000 257.608398 0.196000 235.149994
802.875000 257.608398 0.196000 235.259995
802.875000 257.608398 0.196000 235.345001
803.125000 257.608398 0.196000 235.460007
803.375000 257.608398 0.199000 235.544998
803.375000 257.608398 0.199000 235.654999
803.375000 257.608398 0.199000 235.744995
803.375000 257.608398 0.199000 235.854996
803.375000 257.608398 0.199000 235.949997
803.375000 257.608398 0.199000 236.065002
803.375000 257.608398 0.199000 236.149994
803.375000 257.608398 0.199000 236.259995
803.375000 257.608398 0.199000 236.360001
803.375000 257.608398 0.199000 236.449997
803.375000 257.608398 0.187000 236.559998
803.375000 257.608398 0.187000 236.645004
803.500000 257.608398 0.187000 236.755005
803.500000 257.608398 0.187000 236.854996
803.500000 257.608398 0.187000 236.949997
803.500000 257.608398 0.187000 237.059998
803.500000 257.608398 0.187000 237.149994
803.500000 257.608398 0.187000 237.259995
803.500000 257.608398 0.187000 237.360001
803.625000 257.608398 0.187000 237.445007
803.625000 257.608398 0.187000 237.554993
803.625000 257.608398 0.187000 237.660004
803.750000 257.608398 0.187000 237.755005
803.750000 257.608398 0.187000 237.860001
803.750000 257.608398 0.187000 237.949997
803.875000 257.608398 0.187000 238.054993
804.000000 257.608398 0.187000 238.160004
804.000000 257.608398 0.187000 238.250000
804.000000 257.608398 0.187000 238.360001
804.000000 257.608398 0.187000 238.460007
804.000000 257.608398 0.194000 238.550003
804.000000 257.608398 0.194000 238.660004
804.000000 257.608398 0.194000 238.750000
804.000000 257.608398 0.194000 238.860001
804.000000 257.608398 0.194000 238.945007
804.000000 257.608398 0.194000 239.050003
804.000000 257.608398 0.194000 239.160004
804.000000 257.608398 0.194000 239.255005
804.000000 257.608398 0.194000 239.360001
804.000000 257.608398 0.194000 239.460007
804.250000 257.608398 0.174000 239.565002
804.250000 257.608398 0.174000 239.660004
804.250000 257.608398 0.174000 239.755005
804.250000 257.608398 0.174000 239.850006
804.250000 257.608398 0.174000 239.955002
804.250000 257.608398 0.174000 240.059998
804.250000 257.608398 0.174000 240.160004
804.250000 257.608398 0.174000 240.250000
804.250000 257.608398 0.174000 240.354996
804.625000 257.608398 0.174000 240.460007
804.625000 257.608398 0.176000 240.544998
804.625000 257.608398 0.176000 240.660004
804.625000 257.608398 0.176000 240.744995
804.750000 257.608398 0.176000 240.850006
804.750000 257.608398 0.176000 240.960007
804.750000 257.608398 0.176000 241.044998
804.750000 257.608398 0.176000 241.160004
804.750000 257.608398 0.176000 241.244995
804.750000 257.608398 0.176000 241.360001
804.750000 257.608398 0.176000 241.464996
804.750000 257.608398 0.186000 241.550003
804.750000 257.608398 0.186000 241.660004
804.750000 257.608398 0.186000 241.764999
804.750000 257.608398 0.186000 241.850006
804.750000 257.608398 0.186000 241.949997
804.750000 257.608398 0.186000 242.059998
804.750000 257.608398 0.186000 242.149994
804.875000 257.608398 0.186000 242.259995
804.875000 257.608398 0.186000 242.345001
804.875000 257.608398 0.186000 242.455002
804.875000 257.608398 0.179000 242.565002
804.875000 257.608398 0.179000 242.649994
804.875000 257.608398 0.179000 242.755005
804.875000 257.608398 0.179000 242.845001
804.875000 257.608398 0.179000 242.955002
804.875000 257.608398 0.179000 243.059998
804.875000 257.608398 0.179000 243.160004
804.875000 257.608398 0.179000 243.250000
804.875000 257.608398 0.179000 243.360001
804.875000 257.608398 0.179000 243.460007
804.875000 257.608398 0.190000 243.559998
804.875000 257.608398 0.190000 243.651001
804.875000 257.608398 0.190000 243.764999
804.875000 257.608398 0.190000 243.850006
804.875000 257.608398 0.190000 243.949997
804.875000 257.608398 0.190000 244.059998
804.875000 257.608398 0.190000 244.154999
804.875000 257.608398 0.190000 244.259995
804.875000 257.608398 0.190000 244.350006
804.875000 257.608398 0.190000 244.460007
804.875000 257.608398 0.183000 244.550003
804.875000 257.608398 0.183000 244.660004
804.875000 257.608398 0.183000 244.750000
804.875000 257.608398 0.183000 244.860001
804.875000 257.608398 0.183000 244.945007
804.875000 257.608398 0.183000 245.050003
804.875000 257.608398 0.183000 245.154999
804.875000 257.608398 0.183000 245.250000
804.875000 257.608398 0.183000 245.350006
804.875000 257.608398 0.178000 245.455002
804.875000 257.608398 0.178000 245.550003
804.875000 257.608398 0.178000 245.645004
804.875000 257.608398 0.178000 245.750000
804.875000 257.608398 0.178000 245.850006
804.875000 257.608398 0.178000 245.955002
804.875000 257.608398 0.178000 246.044998
804.875000 257.608398 0.178000 246.160004
804.875000 257.608398 0.178000 246.250000
804.875000 257.608398 0.178000 246.360001
804.875000 257.608398 0.178000 246.460007
804.875000 257.608398 0.178000 246.544998
804.875000 257.608398 0.178000 246.654999
804.875000 257.608398 0.178000 246.759995
804.875000 257.608398 0.178000 246.850006
804.875000 257.608398 0.178000 246.955002
804.875000 257.608398 0.178000 247.050003
804.875000 257.608398 0.178000 247.145004
804.875000 257.608398 0.178000 247.250000
804.875000 257.608398 0.178000 247.345001
804.875000 257.608398 0.178000 247.464996
804.875000 257.608398 0.185000 247.554993
804.875000 257.608398 0.185000 247.645004
804.875000 257.608398 0.185000 247.755005
804.875000 257.608398 0.185000 247.860001
804.875000 257.608398 0.185000 247.949997
804.875000 257.608398 0.185000 248.059998
804.875000 257.608398 0.185000 248.149994
804.875000 257.608398 0.185000 248.259995
804.875000 257.608398 0.185000 248.354996
804.875000 257.608398 0.185000 248.460007
804.875000 257.608398 0.190000 248.565002
804.875000 257.608398 0.190000 248.649994
804.875000 257.608398 0.190000 248.759995
804.875000 257.608398 0.190000 248.850006
804.875000 257.608398 0.190000 248.949997
804.875000 257.608398 0.190000 249.054993
804.875000 257.608398 0.190000 249.145004
804.875000 257.608398 0.190000 249.250000
804.875000 257.608398 0.190000 249.360001
804.875000 257.608398 0.190000 249.449005
804.875000 257.608398 0.188000 249.559998
804.875000 257.608398 0.188000 249.649994
804.875000 257.608398 0.188000 249.759995
804.875000 257.608398 0.188000 249.860001
804.875000 257.608398 0.188000 249.960007
804.875000 257.608398 0.188000 250.044998
804.875000 257.608398 0.188000 250.164993
804.875000 257.608398 0.188000 250.244995
804.875000 257.608398 0.188000 250.360001
804.875000 257.608398 0.188000 250.455002
804.875000 257.608398 0.184000 250.550003
804.875000 257.608398 0.184000 250.654999
804.875000 257.608398 0.184000 250.764999
804.875000 257.608398 0.184000 250.854996
804.875000 257.608398 0.184000 250.955002
804.875000 257.608398 0.184000 251.039993
804.875000 257.608398 0.184000 251.164993
804.875000 257.608398 0.184000 251.255005
804.875000 257.608398 0.184000 251.365005
804.875000 257.608398 0.184000 251.455002
804.875000 257.608398 0.180000 251.565002
804.875000 257.608398 0.180000 251.669998
804.875000 257.608398 0.180000 251.755005
804.875000 257.608398 0.180000 251.865005
804.875000 257.608398 0.180000 251.955002
804.875000 257.608398 0.180000 252.054993
804.875000 257.608398 0.180000 252.164993
804.875000 257.608398 0.180000 252.259995
804.875000 257.608398 0.180000 252.365005
804.875000 257.608398 0.180000 252.455002
804.875000 257.608398 0.199000 252.559998
804.875000 257.608398 0.199000 252.669998
804.875000 257.608398 0.199000 252.744995
804.875000 257.608398 0.199000 252.860001
804.875000 257.608398 0.199000 252.960007
804.875000 257.608398 0.199000 253.050003
804.875000 257.608398 0.199000 253.154999
804.875000 257.608398 0.199000 253.250000
804.875000 257.608398 0.199000 253.360001
804.875000 257.608398 0.199000 253.455002
804.875000 257.608398 0.178000 253.554993
804.875000 257.608398 0.178000 253.649994
804.875000 257.608398 0.178000 253.755005
804.875000 257.608398 0.178000 253.860001
804.875000 257.608398 0.178000 253.949997
804.875000 257.608398 0.178000 254.054993
804.875000 257.608398 0.178000 254.160004
804.875000 257.608398 0.178000 254.255005
804.875000 257.608398 0.178000 254.365005
804.875000 257.608398 0.178000 254.460007
804.875000 257.608398 0.174000 254.544998
804.875000 257.608398 0.174000 254.660004
804.875000 257.608398 0.174000 254.750000
804.875000 257.608398 0.174000 254.860001
804.875000 257.608398 0.174000 254.964996
804.875000 257.608398 0.174000 255.054993
804.875000 257.608398 0.174000 255.160004
804.875000 257.608398 0.174000 255.255005
804.875000 257.608398 0.174000 255.354996
804.875000 257.608398 0.174000 255.460007
804.875000 257.608398 0.184000 255.544998
804.875000 257.608398 0.184000 255.649994
804.875000 257.608398 0.184000 255.759995
804.875000 257.608398 0.184000 255.850006
804.875000 257.608398 0.184000 255.955002
804.875000 257.608398 0.184000 256.054993
804.875000 257.608398 0.184000 256.165009
804.875000 257.608398 0.184000 256.260010
804.875000 257.608398 0.184000 256.359985
804.875000 257.608398 0.184000 256.464996
804.875000 257.608398 0.176000 256.554993
804.875000 257.608398 0.176000 256.654999
804.875000 257.608398 0.176000 256.750000
805.000000 257.608398 0.176000 256.859985
805.000000 257.608398 0.176000 256.959991
805.125000 257.608398 0.176000 257.049988
805.125000 257.608398 0.176000 257.160004
805.125000 257.608398 0.176000 257.255005
805.125000 257.608398 0.176000 257.355011
805.125000 257.608398 0.176000 257.464996
805.125000 257.608398 0.176000 257.559998
805.125000 257.608398 0.176000 257.644989
805.125000 257.608398 0.176000 257.755005
805.125000 257.608398 0.176000 257.859985
805.125000 257.608398 0.176000 257.945007
805.125000 257.608398 0.176000 258.054993
805.125000 257.608398 0.176000 258.160004
805.125000 257.608398 0.176000 258.250000
805.125000 257.608398 0.176000 258.359985
805.125000 257.608398 0.176000 258.445007
805.125000 257.608398 0.176000 258.549988
805.125000 257.608398 0.176000 258.649994
805.125000 257.608398 0.176000 258.760010
805.125000 257.608398 0.176000 258.845001
805.125000 257.608398 0.176000 258.959991
805.125000 257.608398 0.176000 259.049988
805.125000 257.608398 0.176000 259.160004
805.125000 257.608398 0.176000 259.244995
805.125000 257.608398 0.176000 259.359985
805.125000 257.608398 0.176000 259.464996
805.125000 257.608398 0.186000 259.549988
805.125000 257.608398 0.186000 259.665009
805.125000 257.608398 0.186000 259.769989
805.125000 257.608398 0.186000 259.855011
805.125000 257.608398 0.186000 259.964996
805.125000 257.608398 0.186000 260.065002
805.125000 257.608398 0.186000 260.154999
805.125000 257.608398 0.186000 260.265015
805.125000 257.608398 0.186000 260.355011
805.125000 257.608398 0.186000 260.459991
805.125000 257.608398 0.182000 260.570007
805.125000 257.608398 0.182000 260.654999
805.125000 257.608398 0.182000 260.765015
805.125000 257.608398 0.182000 260.859985
805.125000 257.608398 0.182000 260.954987
805.125000 257.608398 0.182000 261.070007
805.125000 257.608398 0.182000 261.149994
805.125000 257.608398 0.182000 261.265015
805.250000 257.608398 0.182000 261.350006
805.250000 257.608398 0.182000 261.454987
805.250000 257.608398 0.188000 261.565002
805.250000 257.608398 0.188000 261.660004
805.250000 257.608398 0.188000 261.755005
805.250000 257.608398 0.188000 261.864990
805.250000 257.608398 0.188000 261.970001
805.250000 257.608398 0.188000 262.059998
805.375000 257.608398 0.188000 262.160004
805.500000 257.608398 0.188000 262.255005
805.500000 257.608398 0.188000 262.355011
805.500000 257.608398 0.188000 262.470001
805.500000 257.608398 0.177000 262.565002
805.750000 257.608398 0.177000 262.661011
805.750000 257.608398 0.177000 262.755005
805.875000 257.608398 0.177000 262.859985
806.000000 257.608398 0.177000 262.964996
806.000000 257.608398 0.177000 263.049988
806.000000 257.608398 0.177000 263.154999
806.125000 257.608398 0.177000 263.265015
806.250000 257.608398 0.177000 263.350006
806.250000 257.608398 0.177000 263.459991
806.250000 257.608398 0.182000 263.554993
806.250000 257.608398 0.182000 263.660004
806.250000 257.608398 0.182000 263.765015
806.250000 257.608398 0.182000 263.859985
806.250000 257.608398 0.182000 263.945007
806.250000 257.608398 0.182000 264.059998
806.250000 257.608398 0.182000 264.160004
806.250000 257.608398 0.182000 264.250000
806.250000 257.608398 0.182000 264.359985
806.250000 257.608398 0.182000 264.459991
806.250000 257.608398 0.181000 264.549988
806.250000 257.608398 0.181000 264.660004
806.250000 257.608398 0.181000 264.744995
806.250000 257.608398 0.181000 264.859985
806.250000 257.608398 0.181000 264.950012
806.250000 257.608398 0.181000 265.059998
806.250000 257.608398 0.181000 265.149994
806.250000 257.608398 0.181000 265.265015
806.250000 257.608398 0.181000 265.350006
806.250000 257.608398 0.181000 265.454987
806.250000 257.608398 0.177000 265.554993
806.250000 257.608398 0.177000 265.660004
806.250000 257.608398 0.177000 265.744995
806.250000 257.608398 0.177000 265.850006
806.250000 257.608398 0.177000 265.959991
806.250000 257.608398 0.177000 266.045013
806.250000 257.608398 0.177000 266.149994
806.250000 257.608398 0.177000 266.255005
806.250000 257.608398 0.177000 266.359985
806.250000 257.608398 0.177000 266.450012
806.250000 257.608398 0.175000 266.554993
806.250000 257.608398 0.175000 266.665009
806.250000 257.608398 0.175000 266.750000
806.250000 257.608398 0.175000 266.859985
806.250000 257.608398 0.175000 266.959991
806.250000 257.608398 0.175000 267.049988
806.250000 257.608398 0.175000 267.149994
806.250000 257.608398 0.175000 267.260010
806.250000 257.608398 0.175000 267.359985
806.250000 257.608398 0.175000 267.454987
806.250000 257.608398 0.183000 267.559998
806.250000 257.608398 0.183000 267.644989
806.250000 257.608398 0.183000 267.760010
806.250000 257.608398 0.183000 267.864990
806.250000 257.608398 0.183000 267.959991
806.250000 257.608398 0.183000 268.049988
806.250000 257.608398 0.183000 268.154999
806.250000 257.608398 0.183000 268.255005
806.250000 257.608398 0.183000 268.359985
806.250000 257.608398 0.183000 268.450012
806.250000 257.608398 0.185000 268.559998
806.250000 257.608398 0.185000 268.644989
806.250000 257.608398 0.185000 268.755005
806.250000 257.608398 0.185000 268.859985
806.250000 257.608398 0.185000 268.954987
806.250000 257.608398 0.185000 269.059998
806.250000 257.608398 0.185000 269.160004
806.250000 257.608398 0.185000 269.255005
806.250000 257.608398 0.185000 269.359985
806.250000 257.608398 0.185000 269.445007
806.250000 257.608398 0.180000 269.559998
806.250000 257.608398 0.180000 269.660004
806.250000 257.608398 0.180000 269.760010
806.250000 257.608398 0.180000 269.859985
806.250000 257.608398 0.180000 269.950012
806.250000 257.608398 0.180000 270.059998
806.250000 257.608398 0.180000 270.140015
806.250000 257.608398 0.180000 270.255005
806.250000 257.608398 0.180000 270.359985
806.250000 257.608398 0.180000 270.459991
806.250000 257.608398 0.215000 270.549988
806.250000 257.608398 0.215000 270.660004
806.250000 257.608398 0.215000 270.765015
806.250000 257.608398 0.215000 270.850006
806.250000 257.608398 0.215000 270.959991
806.250000 257.608398 0.215000 271.059998
806.250000 257.608398 0.215000 271.149994
806.250000 257.608398 0.215000 271.260010
806.250000 257.608398 0.215000 271.364990
806.250000 257.608398 0.215000 271.454987
806.250000 257.608398 0.177000 271.549988
806.250000 257.608398 0.177000 271.649994
806.250000 257.608398 0.177000 271.760010
806.250000 257.608398 0.177000 271.859985
806.250000 257.608398 0.177000 271.959991
806.250000 257.608398 0.177000 272.049988
806.250000 257.608398 0.177000 272.154999
806.250000 257.608398 0.177000 272.255005
806.250000 257.608398 0.177000 272.345001
806.250000 257.608398 0.177000 272.460999
806.250000 257.608398 0.183000 272.549988
806.250000 257.608398 0.183000 272.660004
806.250000 257.608398 0.183000 272.744995
806.250000 257.608398 0.183000 272.850006
806.250000 257.608398 0.183000 272.959991
806.250000 257.608398 0.183000 273.059998
806.250000 257.608398 0.183000 273.144989
806.250000 257.608398 0.183000 273.255005
806.250000 257.608398 0.183000 273.359985
806.250000 257.608398 0.183000 273.450012
806.250000 257.608398 0.176000 273.559998
806.250000 257.608398 0.176000 273.644989
806.250000 257.608398 0.176000 273.755005
806.250000 257.608398 0.176000 273.855011
806.250000 257.608398 0.176000 273.959991
806.250000 257.608398 0.176000 274.059998
806.250000 257.608398 0.176000 274.149994
806.250000 257.608398 0.176000 274.265015
806.250000 257.608398 0.176000 274.350006
806.250000 257.608398 0.176000 274.459991
806.250000 257.608398 0.194000 274.559998
806.250000 257.608398 0.194000 274.660004
806.250000 257.608398 0.194000 274.744995
806.250000 257.608398 0.194000 274.859985
806.250000 257.608398 0.194000 274.945007
806.250000 257.608398 0.194000 275.059998
806.250000 257.608398 0.194000 275.144989
806.250000 257.608398 0.194000 275.260010
806.250000 257.608398 0.194000 275.350006
806.250000 257.608398 0.194000 275.464996
806.250000 257.608398 0.182000 275.549988
806.250000 257.608398 0.182000 275.654999
806.250000 257.608398 0.182000 275.755005
806.250000 257.608398 0.182000 275.859985
806.250000 257.608398 0.182000 275.950012
806.250000 257.608398 0.182000 276.059998
806.250000 257.608398 0.182000 276.149994
806.250000 257.608398 0.182000 276.260010
806.250000 257.608398 0.182000 276.350006
806.250000 257.608398 0.182000 276.464996
806.250000 257.608398 0.180000 276.549988
806.250000 257.608398 0.180000 276.654999
806.250000 257.608398 0.180000 276.739990
806.250000 257.608398 0.180000 276.850006
806.250000 257.608398 0.180000 276.959991
806.250000 257.608398 0.180000 277.059998
806.250000 257.608398 0.180000 277.149994
806.250000 257.608398 0.180000 277.255005
806.250000 257.608398 0.180000 277.355011
806.250000 257.608398 0.180000 277.454987
806.250000 257.608398 0.203000 277.554993
806.250000 257.608398 0.203000 277.654999
806.250000 257.608398 0.203000 277.760010
806.250000 257.608398 0.203000 277.845001
806.250000 257.608398 0.203000 277.950012
806.250000 257.608398 0.203000 278.065002
806.250000 257.608398 0.203000 278.149994
806.250000 257.608398 0.203000 278.260010
806.250000 257.608398 0.203000 278.355011
806.250000 257.608398 0.203000 278.450012
806.250000 257.608398 0.188000 278.559998
806.250000 257.608398 0.188000 278.649994
806.250000 257.608398 0.188000 278.750000
806.250000 257.608398 0.188000 278.859985
806.250000 257.608398 0.188000 278.954987
806.250000 257.608398 0.188000 279.065002
806.250000 257.608398 0.188000 279.149994
806.250000 257.608398 0.188000 279.260010
806.250000 257.608398 0.188000 279.359985
806.250000 257.608398 0.188000 279.450012
806.250000 257.608398 0.200000 279.559998
806.250000 257.608398 0.200000 279.649994
806.250000 257.608398 0.200000 279.760010
806.250000 257.608398 0.200000 279.845001
806.250000 257.608398 0.200000 279.959991
806.250000 257.608398 0.200000 280.045013
806.250000 257.608398 0.200000 280.149994
806.250000 257.608398 0.200000 280.265015
806.250000 257.608398 0.200000 280.355011
806.250000 257.608398 0.200000 280.454987
806.250000 257.608398 0.180000 280.559998
806.250000 257.608398 0.180000 280.649994
806.250000 257.608398 0.180000 280.760010
806.250000 257.608398 0.180000 280.845001
806.250000 257.608398 0.180000 280.959991
806.250000 257.608398 0.180000 281.049988
806.250000 257.608398 0.180000 281.144989
806.250000 257.608398 0.180000 281.250000
806.250000 257.608398 0.180000 281.350006
806.250000 257.608398 0.178000 281.450012
806.250000 257.608398 0.178000 281.549988
806.250000 257.608398 0.178000 281.660004
806.250000 257.608398 0.178000 281.765015
806.250000 257.608398 0.178000 281.855011
806.250000 257.608398 0.178000 281.959991
806.250000 257.608398 0.178000 282.045013
806.250000 257.608398 0.178000 282.160004
806.250000 257.608398 0.178000 282.260010
806.250000 257.608398 0.178000 282.359985
806.250000 257.608398 0.178000 282.450012
806.250000 257.608398 0.179000 282.559998
806.250000 257.608398 0.179000 282.654999
806.250000 257.608398 0.179000 282.750000
806.250000 257.608398 0.179000 282.855011
806.250000 257.608398 0.179000 282.950012
806.250000 257.608398 0.179000 283.059998
806.250000 257.608398 0.179000 283.149994
806.250000 257.608398 0.179000 283.260010
806.250000 257.608398 0.179000 283.350006
806.250000 257.608398 0.179000 283.459991
806.250000 257.608398 0.176000 283.545013
806.250000 257.608398 0.176000 283.649994
806.250000 257.608398 0.176000 283.760010
806.250000 257.608398 0.176000 283.845001
806.250000 257.608398 0.176000 283.950012
806.250000 257.608398 0.176000 284.059998
806.250000 257.608398 0.176000 284.170013
806.250000 257.608398 0.176000 284.250000
806.250000 257.608398 0.176000 284.359985
806.250000 257.608398 0.176000 284.454987
806.250000 257.608398 0.185000 284.545013
806.250000 257.608398 0.185000 284.654999
806.250000 257.608398 0.185000 284.760010
806.250000 257.608398 0.185000 284.845001
806.375000 257.608398 0.185000 284.950012
806.375000 257.608398 0.185000 285.065002
806.375000 257.608398 0.185000 285.149994
806.375000 257.608398 0.185000 285.260010
806.375000 257.608398 0.185000 285.350006
806.375000 257.608398 0.185000 285.454987
806.375000 257.608398 0.182000 285.545013
806.375000 257.608398 0.182000 285.649994
806.375000 257.608398 0.182000 285.760010
806.375000 257.608398 0.182000 285.855011
806.375000 257.608398 0.182000 285.959991
806.375000 257.608398 0.182000 286.045013
806.375000 257.608398 0.182000 286.154999
806.375000 257.608398 0.182000 286.260010
806.375000 257.608398 0.182000 286.355011
806.375000 257.608398 0.182000 286.450012
806.375000 257.608398 0.173000 286.559998
806.375000 257.608398 0.173000 286.665009
806.375000 257.608398 0.173000 286.765015
806.375000 257.608398 0.173000 286.850006
806.375000 257.608398 0.173000 286.959991
806.375000 257.608398 0.173000 287.054993
806.375000 257.608398 0.173000 287.149994
806.375000 257.608398 0.173000 287.255005
806.375000 257.608398 0.173000 287.359985
806.375000 257.608398 0.173000 287.445007
806.375000 257.608398 0.175000 287.559998
806.375000 257.608398 0.175000 287.660004
806.375000 257.608398 0.175000 287.750000
806.375000 257.608398 0.175000 287.859985
806.375000 257.608398 0.175000 287.950012
806.375000 257.608398 0.175000 288.059998
806.375000 257.608398 0.175000 288.154999
806.375000 257.608398 0.175000 288.260010
806.375000 257.608398 0.175000 288.350006
806.375000 257.608398 0.175000 288.459991
806.375000 257.608398 0.192000 288.559998
806.375000 257.608398 0.192000 288.649994
806.375000 257.608398 0.192000 288.760010
806.375000 257.608398 0.192000 288.864990
806.375000 257.608398 0.192000 288.959991
806.375000 257.608398 0.192000 289.049988
806.375000 257.608398 0.192000 289.160004
806.375000 257.608398 0.192000 289.260010
806.375000 257.608398 0.192000 289.350006
806.375000 257.608398 0.192000 289.450012
806.375000 257.608398 0.189000 289.559998
806.375000 257.608398 0.189000 289.644989
806.375000 257.608398 0.189000 289.750000
806.375000 257.608398 0.189000 289.859985
806.375000 257.608398 0.189000 289.940002
806.375000 257.608398 0.189000 290.059998
806.375000 257.608398 0.189000 290.144989
806.375000 257.608398 0.189000 290.260010
806.375000 257.608398 0.189000 290.350006
806.375000 257.608398 0.189000 290.459991
806.375000 257.608398 0.182000 290.554993
806.375000 257.608398 0.182000 290.660004
806.375000 257.608398 0.182000 290.744995
806.375000 257.608398 0.182000 290.855011
806.375000 257.608398 0.182000 290.959991
806.375000 257.608398 0.182000 291.054993
806.375000 257.608398 0.182000 291.160004
806.375000 257.608398 0.182000 291.244995
806.375000 257.608398 0.182000 291.355011
806.375000 257.608398 0.182000 291.454987
806.375000 257.608398 0.186000 291.565002
806.375000 257.608398 0.186000 291.660004
806.375000 257.608398 0.186000 291.744995
806.375000 257.608398 0.186000 291.855011
806.375000 257.608398 0.186000 291.959991
806.375000 257.608398 0.186000 292.049988
806.375000 257.608398 0.186000 292.160004
806.375000 257.608398 0.186000 292.265015
806.375000 257.608398 0.186000 292.350006
806.375000 257.608398 0.186000 292.459991
806.375000 257.608398 0.186000 292.549988
806.375000 257.608398 0.186000 292.660004
806.375000 257.608398 0.186000 292.760010
806.375000 257.608398 0.186000 292.850006
806.375000 257.608398 0.186000 292.954987
806.375000 257.608398 0.186000 293.049988
806.375000 257.608398 0.186000 293.160004
806.375000 257.608398 0.186000 293.255005
806.375000 257.608398 0.186000 293.364990
806.375000 257.608398 0.186000 293.450012
806.375000 257.608398 0.176000 293.559998
806.375000 257.608398 0.176000 293.649994
806.375000 257.608398 0.176000 293.760010
806.375000 257.608398 0.176000 293.850006
806.375000 257.608398 0.176000 293.964996
806.375000 257.608398 0.176000 294.059998
806.375000 257.608398 0.176000 294.160004
806.375000 257.608398 0.176000 294.250000
806.375000 257.608398 0.176000 294.359985
806.375000 257.608398 0.176000 294.450012
806.375000 257.608398 0.182000 294.549988
806.375000 257.608398 0.182000 294.654999
806.375000 257.608398 0.182000 294.755005
806.375000 257.608398 0.182000 294.850006
806.375000 257.608398 0.182000 294.950012
806.375000 257.608398 0.182000 295.054993
806.375000 257.608398 0.182000 295.165009
806.375000 257.608398 0.182000 295.255005
806.375000 257.608398 0.182000 295.359985
806.375000 257.608398 0.182000 295.464996
806.375000 257.608398 0.193000 295.554993
806.375000 257.608398 0.193000 295.660004
806.375000 257.608398 0.193000 295.750000
806.375000 257.608398 0.193000 295.864990
806.375000 257.608398 0.193000 295.959991
806.375000 257.608398 0.193000 296.049988
806.375000 257.608398 0.193000 296.149994
806.375000 257.608398 0.193000 296.260010
806.375000 257.608398 0.193000 296.359985
806.375000 257.608398 0.193000 296.445007
806.375000 257.608398 0.175000 296.559998
806.375000 257.608398 0.175000 296.665009
806.375000 257.608398 0.175000 296.750000
806.375000 257.608398 0.175000 296.859985
806.375000 257.608398 0.175000 296.950012
806.375000 257.608398 0.175000 297.059998
806.375000 257.608398 0.175000 297.165009
806.375000 257.608398 0.175000 297.250000
806.375000 257.608398 0.175000 297.359985
806.375000 257.608398 0.175000 297.459991
806.375000 257.608398 0.179000 297.549988
806.375000 257.608398 0.179000 297.660004
806.375000 257.608398 0.179000 297.750000
806.375000 257.608398 0.179000 297.855011
806.375000 257.608398 0.179000 297.964996
806.375000 257.608398 0.179000 298.054993
806.375000 257.608398 0.179000 298.165009
806.375000 257.608398 0.179000 298.250000
806.375000 257.608398 0.179000 298.359985
806.375000 257.608398 0.179000 298.464996
806.375000 257.608398 0.186000 298.549988
806.375000 257.608398 0.186000 298.665009
806.375000 257.608398 0.186000 298.760010
806.375000 257.608398 0.186000 298.859985
806.375000 257.608398 0.186000 298.964996
806.375000 257.608398 0.186000 299.049988
806.375000 257.608398 0.186000 299.160004
806.375000 257.608398 0.186000 299.244995
806.375000 257.608398 0.186000 299.350006
806.375000 257.608398 0.186000 299.459991
806.375000 257.608398 0.180000 299.565002
806.375000 257.608398 0.180000 299.654999
806.375000 257.608398 0.180000 299.765015
806.375000 257.608398 0.180000 299.859985
806.375000 257.608398 0.180000 299.950012
806.375000 257.608398 0.180000 300.054993
806.375000 257.608398 0.180000 300.144989
806.375000 257.608398 0.180000 300.250000
806.375000 257.608398 0.180000 300.364990
806.375000 257.608398 0.180000 300.459991
806.375000 257.608398 0.178000 300.565002
806.375000 257.608398 0.178000 300.649994
806.375000 257.608398 0.178000 300.755005
806.375000 257.608398 0.178000 300.860992
806.375000 257.608398 0.178000 300.964996
806.375000 257.608398 0.178000 301.054993
806.375000 257.608398 0.178000 301.149994
806.375000 257.608398 0.178000 301.250000
806.375000 257.608398 0.178000 301.364990
806.375000 257.608398 0.178000 301.450012
806.375000 257.608398 0.185000 301.554993
806.375000 257.608398 0.185000 301.660004
806.375000 257.608398 0.185000 301.760010
806.375000 257.608398 0.185000 301.850006
806.375000 257.608398 0.185000 301.959991
806.375000 257.608398 0.185000 302.045013
806.375000 257.608398 0.185000 302.149994
806.375000 257.608398 0.185000 302.255005
806.375000 257.608398 0.185000 302.364990
806.375000 257.608398 0.185000 302.454987
806.375000 257.608398 0.212000 302.554993
806.375000 257.608398 0.212000 302.670990
806.375000 257.608398 0.212000 302.750000
806.375000 257.608398 0.212000 302.859985
806.375000 257.608398 0.212000 302.954987
806.375000 257.608398 0.212000 303.059998
806.375000 257.608398 0.212000 303.160004
806.375000 257.608398 0.212000 303.250000
806.375000 257.608398 0.212000 303.359985
806.375000 257.608398 0.212000 303.450012
806.375000 257.608398 0.184000 303.549988
806.375000 257.608398 0.184000 303.660004
806.375000 257.608398 0.184000 303.765015
806.375000 257.608398 0.184000 303.859985
806.375000 257.608398 0.184000 303.964996
806.375000 257.608398 0.184000 304.049988
806.375000 257.608398 0.184000 304.161011
806.375000 257.608398 0.184000 304.244995
806.375000 257.608398 0.184000 304.350006
806.375000 257.608398 0.184000 304.459991
806.375000 257.608398 0.184000 304.565002
806.375000 257.608398 0.184000 304.649994
806.375000 257.608398 0.184000 304.760010
806.375000 257.608398 0.184000 304.845001
806.375000 257.608398 0.184000 304.959991
806.375000 257.608398 0.184000 305.045013
806.375000 257.608398 0.184000 305.149994
806.375000 257.608398 0.184000 305.260010
806.375000 257.608398 0.184000 305.350006
806.375000 257.608398 0.184000 305.459991
806.375000 257.608398 0.180000 305.549988
806.375000 257.608398 0.180000 305.660004
806.375000 257.608398 0.180000 305.765015
806.375000 257.608398 0.180000 305.859985
806.375000 257.608398 0.180000 305.945007
806.375000 257.608398 0.180000 306.054993
806.375000 257.608398 0.180000 306.144989
806.375000 257.608398 0.180000 306.250000
806.375000 257.608398 0.180000 306.355011
806.375000 257.608398 0.180000 306.459991
806.375000 257.608398 0.181000 306.559998
806.375000 257.608398 0.181000 306.654999
806.375000 257.608398 0.181000 306.744995
806.375000 257.608398 0.181000 306.859985
806.375000 257.608398 0.181000 306.950012
806.375000 257.608398 0.181000 307.059998
806.375000 257.608398 0.181000 307.149994
806.375000 257.608398 0.181000 307.260010
806.375000 257.608398 0.181000 307.359985
806.375000 257.608398 0.181000 307.450012
806.375000 257.608398 0.187000 307.549988
806.375000 257.608398 0.187000 307.660004
806.375000 257.608398 0.187000 307.750000
806.375000 257.608398 0.187000 307.859985
806.375000 257.608398 0.187000 307.945007
806.375000 257.608398 0.187000 308.054993
806.375000 257.608398 0.187000 308.160004
806.375000 257.608398 0.187000 308.260010
806.375000 257.608398 0.187000 308.345001
806.375000 257.608398 0.187000 308.454987
806.375000 257.608398 0.190000 308.565002
806.375000 257.608398 0.190000 308.649994
806.375000 257.608398 0.190000 308.760010
806.375000 257.608398 0.190000 308.850006
806.375000 257.608398 0.190000 308.959991
806.375000 257.608398 0.190000 309.049988
806.375000 257.608398 0.190000 309.160004
806.375000 257.608398 0.190000 309.250000
806.375000 257.608398 0.190000 309.355011
806.375000 257.608398 0.190000 309.464996
806.375000 257.608398 0.183000 309.549988
806.375000 257.608398 0.183000 309.654999
806.375000 257.608398 0.183000 309.760010
806.375000 257.608398 0.183000 309.845001
806.375000 257.608398 0.183000 309.959991
806.375000 257.608398 0.183000 310.065002
806.375000 257.608398 0.183000 310.154999
806.375000 257.608398 0.183000 310.255005
806.375000 257.608398 0.183000 310.350006
806.375000 257.608398 0.183000 310.450012
806.375000 257.608398 0.180000 310.559998
806.375000 257.608398 0.180000 310.649994
806.375000 257.608398 0.180000 310.760010
806.375000 257.608398 0.180000 310.864990
806.375000 257.608398 0.180000 310.964996
806.375000 257.608398 0.180000 311.049988
806.375000 257.608398 0.180000 311.165009
806.375000 257.608398 0.180000 311.255005
806.375000 257.608398 0.180000 311.359985
806.375000 257.608398 0.180000 311.440002
806.375000 257.608398 0.185000 311.549988
806.375000 257.608398 0.185000 311.660004
806.375000 257.608398 0.185000 311.744995
806.375000 257.608398 0.185000 311.859985
806.375000 257.608398 0.185000 311.945007
806.375000 257.608398 0.185000 312.054993
806.375000 257.608398 0.185000 312.170013
806.375000 257.608398 0.185000 312.250000
806.375000 257.608398 0.185000 312.359985
806.375000 257.608398 0.185000 312.445007
806.375000 257.608398 0.179000 312.549988
806.375000 257.608398 0.179000 312.660004
806.375000 257.608398 0.179000 312.744995
806.375000 257.608398 0.179000 312.850006
806.375000 257.608398 0.179000 312.959991
806.375000 257.608398 0.179000 313.045013
806.375000 257.608398 0.179000 313.160004
806.375000 257.608398 0.179000 313.255005
806.375000 257.608398 0.179000 313.364990
806.375000 257.608398 0.179000 313.450012
806.375000 257.608398 0.198000 313.559998
806.375000 257.608398 0.198000 313.644989
806.375000 257.608398 0.198000 313.750000
806.375000 257.608398 0.198000 313.855011
806.375000 257.608398 0.198000 313.954987
806.375000 257.608398 0.198000 314.049988
806.375000 257.608398 0.198000 314.149994
806.375000 257.608398 0.198000 314.250000
806.375000 257.608398 0.198000 314.350006
806.375000 257.608398 0.182000 314.445007
806.375000 257.608398 0.182000 314.549988
806.375000 257.608398 0.182000 314.660004
806.375000 257.608398 0.182000 314.744995
806.375000 257.608398 0.182000 314.850006
806.375000 257.608398 0.182000 314.954987
806.375000 257.608398 0.182000 315.065002
806.375000 257.608398 0.182000 315.154999
806.375000 257.608398 0.182000 315.260010
806.375000 257.608398 0.182000 315.345001
806.375000 257.608398 0.182000 315.459991
806.375000 257.608398 0.174000 315.549988
806.375000 257.608398 0.174000 315.660004
806.375000 257.608398 0.174000 315.760010
806.375000 257.608398 0.174000 315.859985
806.375000 257.608398 0.174000 315.954987
806.375000 257.608398 0.174000 316.054993
806.375000 257.608398 0.174000 316.160004
806.375000 257.608398 0.174000 316.244995
806.375000 257.608398 0.174000 316.359985
806.375000 257.608398 0.174000 316.445007
806.375000 257.608398 0.177000 316.549988
806.375000 257.608398 0.177000 316.660004
806.375000 257.608398 0.177000 316.760010
806.375000 257.608398 0.177000 316.859985
806.375000 257.608398 0.177000 316.945007
806.375000 257.608398 0.177000 317.059998
806.375000 257.608398 0.177000 317.165009
806.375000 257.608398 0.177000 317.260010
806.375000 257.608398 0.177000 317.369995
806.375000 257.608398 0.177000 317.459991
806.375000 257.608398 0.175000 317.565002
806.375000 257.608398 0.175000 317.660004
806.375000 257.608398 0.175000 317.765015
806.375000 257.608398 0.175000 317.864990
806.375000 257.608398 0.175000 317.954987
806.375000 257.608398 0.175000 318.065002
806.375000 257.608398 0.175000 318.170013
806.375000 257.608398 0.175000 318.265015
806.375000 257.608398 0.175000 318.350006
806.375000 257.608398 0.175000 318.459991
806.375000 257.608398 0.179000 318.559998
806.375000 257.608398 0.179000 318.649994
806.375000 257.608398 0.179000 318.765015
806.375000 257.608398 0.179000 318.855011
806.375000 257.608398 0.179000 318.959991
806.375000 257.608398 0.179000 319.065002
806.375000 257.608398 0.179000 319.160004
806.375000 257.608398 0.179000 319.265015
806.375000 257.608398 0.179000 319.350006
806.375000 257.608398 0.179000 319.464996
806.375000 257.608398 0.179000 319.559998
806.375000 257.608398 0.179000 319.649994
806.375000 257.608398 0.179000 319.760010
806.375000 257.608398 0.179000 319.845001
806.375000 257.608398 0.179000 319.950012
806.375000 257.608398 0.179000 320.059998
806.375000 257.608398 0.179000 320.154999
806.500000 257.608398 0.179000 320.250000
806.500000 257.608398 0.179000 320.350006
806.500000 257.608398 0.179000 320.454987
806.500000 257.608398 0.194000 320.559998
806.500000 257.608398 0.194000 320.649994
806.500000 257.608398 0.194000 320.750000
806.500000 257.608398 0.194000 320.855011
806.500000 257.608398 0.194000 320.954987
806.500000 257.608398 0.194000 321.049988
806.500000 257.608398 0.194000 321.149994
806.625000 257.608398 0.194000 321.260010
806.625000 257.608398 0.194000 321.364990
806.625000 257.608398 0.194000 321.450012
806.625000 257.608398 0.183000 321.559998
806.625000 257.608398 0.183000 321.654999
806.625000 257.608398 0.183000 321.760010
806.625000 257.608398 0.183000 321.850006
806.625000 257.608398 0.183000 321.950012
806.625000 257.608398 0.183000 322.054993
806.625000 257.608398 0.183000 322.149994
806.625000 257.608398 0.183000 322.255005
806.625000 257.608398 0.183000 322.359985
806.625000 257.608398 0.183000 322.445007
806.625000 257.608398 0.174000 322.565002
806.625000 257.608398 0.174000 322.649994
806.625000 257.608398 0.174000 322.755005
806.625000 257.608398 0.174000 322.859985
806.625000 257.608398 0.174000 322.954987
806.625000 257.608398 0.174000 323.070007
806.625000 257.608398 0.174000 323.154999
806.625000 257.608398 0.174000 323.255005
806.625000 257.608398 0.174000 323.364990
806.625000 257.608398 0.174000 323.454987
806.625000 257.608398 0.182000 323.565002
806.625000 257.608398 0.182000 323.654999
806.625000 257.608398 0.182000 323.755005
806.625000 257.608398 0.182000 323.859985
806.625000 257.608398 0.182000 323.950012
806.625000 257.608398 0.182000 324.059998
806.625000 257.608398 0.182000 324.144989
806.625000 257.608398 0.182000 324.260010
806.625000 257.608398 0.182000 324.339996
806.625000 257.608398 0.182000 324.450012
806.625000 257.608398 0.182000 324.554993
806.625000 257.608398 0.182000 324.649994
806.625000 257.608398 0.182000 324.760010
806.625000 257.608398 0.182000 324.859985
806.625000 257.608398 0.182000 324.959991
806.625000 257.608398 0.182000 325.065002
806.625000 257.608398 0.182000 325.160004
806.625000 257.608398 0.182000 325.244995
806.625000 257.608398 0.182000 325.359985
806.625000 257.608398 0.182000 325.440002
806.625000 257.608398 0.182000 325.549988
806.625000 257.608398 0.182000 325.660004
806.625000 257.608398 0.182000 325.769989
806.625000 257.608398 0.182000 325.855011
806.625000 257.608398 0.182000 325.954987
806.625000 257.608398 0.182000 326.045013
806.625000 257.608398 0.182000 326.149994
806.625000 257.608398 0.182000 326.260010
806.625000 257.608398 0.182000 326.359985
806.625000 257.608398 0.182000 326.450012
806.625000 257.608398 0.184000 326.565002
806.625000 257.608398 0.184000 326.649994
806.625000 257.608398 0.184000 326.760010
806.625000 257.608398 0.184000 326.859985
806.625000 257.608398 0.184000 326.950012
806.625000 257.608398 0.184000 327.054993
806.625000 257.608398 0.184000 327.160004
806.625000 257.608398 0.184000 327.255005
806.625000 257.608398 0.184000 327.350006
806.625000 257.608398 0.184000 327.454987
806.625000 257.608398 0.183000 327.559998
806.625000 257.608398 0.183000 327.640015
806.625000 257.608398 0.183000 327.760010
806.625000 257.608398 0.183000 327.850006
806.625000 257.608398 0.183000 327.954987
806.625000 257.608398 0.183000 328.059998
806.625000 257.608398 0.183000 328.140015
806.625000 257.608398 0.183000 328.250000
806.625000 257.608398 0.183000 328.350006
806.625000 257.608398 0.183000 328.459991
806.625000 257.608398 0.183000 328.545013
806.625000 257.608398 0.183000 328.654999
806.625000 257.608398 0.183000 328.760010
806.625000 257.608398 0.183000 328.859985
806.625000 257.608398 0.183000 328.950012
806.625000 257.608398 0.183000 329.059998
806.625000 257.608398 0.183000 329.165009
806.625000 257.608398 0.183000 329.250000
806.625000 257.608398 0.183000 329.359985
806.625000 257.608398 0.183000 329.454987
806.625000 257.608398 0.198000 329.545013
806.625000 257.608398 0.198000 329.660004
806.625000 257.608398 0.198000 329.755005
806.625000 257.608398 0.198000 329.859985
806.625000 257.608398 0.198000 329.954987
806.625000 257.608398 0.198000 330.059998
806.625000 257.608398 0.198000 330.149994
806.625000 257.608398 0.198000 330.260010
806.625000 257.608398 0.198000 330.345001
806.625000 257.608398 0.198000 330.450012
806.625000 257.608398 0.191000 330.559998
806.625000 257.608398 0.191000 330.644989
806.625000 257.608398 0.191000 330.755005
806.625000 257.608398 0.191000 330.864990
806.625000 257.608398 0.191000 330.950012
806.625000 257.608398 0.191000 331.059998
806.625000 257.608398 0.191000 331.144989
806.625000 257.608398 0.191000 331.260010
806.625000 257.608398 0.191000 331.364990
806.625000 257.608398 0.191000 331.454987
806.625000 257.608398 0.174000 331.559998
806.625000 257.608398 0.174000 331.654999
806.625000 257.608398 0.174000 331.765015
806.625000 257.608398 0.174000 331.850006
821.625000 257.608398 0.174000 331.950012
827.375000 257.608398 0.174000 332.049988
831.375000 257.608398 0.174000 332.154999
835.375000 257.811615 0.174000 332.250000
837.875000 257.811615 0.174000 332.345001
839.750000 257.811615 0.193000 332.445007
842.875000 258.015137 0.193000 332.549988
843.750000 258.015137 0.193000 332.649994
846.125000 258.015137 0.193000 332.750000
848.125000 258.015137 0.193000 332.850006
849.000000 258.215759 0.193000 332.945007
850.375000 258.215759 0.193000 333.054993
851.250000 258.215759 0.193000 333.154999
852.500000 258.215759 0.193000 333.250000
855.000000 258.215759 0.193000 333.350006
855.500000 258.215759 0.163000 333.454987
856.625000 258.215759 0.163000 333.554993
857.375000 258.215759 0.163000 333.660004
857.875000 258.215759 0.163000 333.755005
858.625000 258.215759 0.163000 333.850006
859.375000 258.215759 0.163000 333.959991
859.750000 258.215759 0.163000 334.059998
860.500000 258.215759 0.163000 334.154999
861.000000 258.215759 0.163000 334.260010
861.500000 258.215759 0.163000 334.345001
861.625000 258.215759 0.163000 334.459991
861.625000 258.215759 0.159000 334.549988
861.875000 258.215759 0.159000 334.665009
862.250000 258.215759 0.159000 334.755005
862.375000 258.215759 0.159000 334.864990
863.000000 258.215759 0.159000 334.950012
863.250000 258.215759 0.159000 335.054993
863.375000 258.215759 0.159000 335.165009
863.625000 258.215759 0.159000 335.255005
864.250000 258.215759 0.159000 335.369995
864.625000 258.215759 0.159000 335.454987
865.000000 258.215759 0.160000 335.559998
865.250000 258.215759 0.160000 335.640015
865.500000 258.215759 0.160000 335.755005
865.750000 258.215759 0.160000 335.869995
865.875000 258.215759 0.160000 335.954987
866.250000 258.215759 0.160000 336.065002
866.375000 258.215759 0.160000 336.160004
866.625000 258.215759 0.160000 336.250000
867.125000 258.215759 0.160000 336.350006
867.750000 258.215759 0.160000 336.459991
868.250000 258.215759 0.153000 336.570007
868.375000 258.215759 0.153000 336.654999
868.875000 258.215759 0.153000 336.765015
869.000000 258.215759 0.153000 336.859985
869.000000 258.215759 0.153000 336.964996
869.125000 258.215759 0.153000 337.065002
869.375000 258.215759 0.153000 337.154999
869.750000 258.215759 0.153000 337.265015
870.000000 258.215759 0.153000 337.355011
870.125000 258.215759 0.153000 337.459991
870.250000 258.215759 0.228000 337.554993
870.500000 258.215759 0.228000 337.649994
870.500000 258.215759 0.228000 337.765015
870.625000 258.215759 0.228000 337.845001
870.875000 258.215759 0.228000 337.954987
871.000000 258.215759 0.228000 338.061005
871.125000 258.215759 0.228000 338.165009
871.125000 258.215759 0.228000 338.244995
871.125000 258.215759 0.228000 338.355011
871.500000 258.215759 0.228000 338.440002
871.625000 258.215759 0.221000 338.554993
872.125000 258.215759 0.221000 338.654999
872.125000 258.215759 0.221000 338.744995
872.500000 258.215759 0.221000 338.859985
872.500000 258.215759 0.221000 338.959991
872.500000 258.215759 0.221000 339.054993
872.500000 258.215759 0.221000 339.154999
872.625000 258.215759 0.221000 339.244995
872.875000 258.215759 0.221000 339.350006
872.875000 258.215759 0.221000 339.459991
873.000000 258.215759 0.214000 339.554993
873.375000 258.215759 0.214000 339.670013
873.500000 258.215759 0.214000 339.750000
873.625000 258.215759 0.214000 339.859985
873.625000 258.215759 0.214000 339.950012
873.750000 258.215759 0.214000 340.059998
874.125000 258.215759 0.214000 340.144989
874.125000 258.215759 0.214000 340.255005
874.250000 258.215759 0.214000 340.345001
874.375000 258.215759 0.214000 340.459991
874.375000 258.215759 0.211000 340.559998
874.500000 258.215759 0.211000 340.654999
874.500000 258.215759 0.211000 340.760010
874.500000 258.215759 0.211000 340.850006
874.500000 258.215759 0.211000 340.959991
874.750000 258.215759 0.211000 341.045013
874.875000 258.215759 0.211000 341.170013
875.000000 258.215759 0.211000 341.260010
875.000000 258.215759 0.211000 341.350006
875.000000 258.215759 0.211000 341.459991
875.000000 258.215759 0.216000 341.545013
875.125000 258.215759 0.216000 341.649994
875.125000 258.215759 0.216000 341.760010
875.125000 258.215759 0.216000 341.850006
875.125000 258.215759 0.216000 341.959991
875.125000 258.215759 0.216000 342.045013
875.125000 258.215759 0.216000 342.160004
875.125000 258.215759 0.216000 342.250000
875.125000 258.215759 0.216000 342.364990
875.125000 258.215759 0.216000 342.450012
875.125000 258.215759 0.218000 342.554993
875.125000 258.215759 0.218000 342.660004
875.125000 258.215759 0.218000 342.765015
875.125000 258.215759 0.218000 342.850006
875.125000 258.215759 0.218000 342.959991
875.125000 258.215759 0.218000 343.049988
875.125000 258.215759 0.218000 343.160004
875.125000 258.215759 0.218000 343.244995
875.125000 258.215759 0.218000 343.350006
875.125000 258.215759 0.218000 343.464996
875.125000 258.215759 0.218000 343.554993
875.125000 258.215759 0.229000 343.665009
875.125000 258.215759 0.229000 343.744995
875.125000 258.215759 0.229000 343.855011
875.125000 258.215759 0.229000 343.954987
875.125000 258.215759 0.229000 344.049988
875.125000 258.215759 0.229000 344.154999
875.125000 258.215759 0.229000 344.244995
875.125000 258.215759 0.229000 344.359985
875.125000 258.215759 0.229000 344.445007
875.125000 258.215759 0.220000 344.559998
875.125000 258.215759 0.220000 344.640015
875.125000 258.215759 0.220000 344.755005
875.125000 258.215759 0.220000 344.859985
875.125000 258.215759 0.220000 344.945007
875.125000 258.215759 0.220000 345.059998
875.125000 258.215759 0.220000 345.149994
875.250000 258.215759 0.220000 345.260010
875.250000 258.215759 0.220000 345.350006
875.250000 258.215759 0.220000 345.454987
875.250000 258.215759 0.223000 345.565002
875.250000 258.215759 0.223000 345.665009
875.250000 258.215759 0.223000 345.750000
875.250000 258.215759 0.223000 345.859985
875.250000 258.215759 0.223000 345.945007
875.250000 258.215759 0.223000 346.059998
875.250000 258.215759 0.223000 346.154999
875.250000 258.215759 0.223000 346.250000
875.250000 258.215759 0.223000 346.359985
875.250000 258.215759 0.223000 346.450012
875.250000 258.215759 0.229000 346.554993
875.250000 258.215759 0.229000 346.649994
875.250000 258.215759 0.229000 346.744995
875.250000 258.215759 0.229000 346.845001
875.250000 258.215759 0.229000 346.945007
875.250000 258.215759 0.229000 347.049988
875.250000 258.215759 0.229000 347.165009
875.250000 258.215759 0.229000 347.244995
875.250000 258.215759 0.229000 347.359985
875.250000 258.215759 0.229000 347.445007
875.250000 258.215759 0.222000 347.549988
875.250000 258.215759 0.222000 347.665009
875.250000 258.215759 0.222000 347.750000
875.250000 258.215759 0.222000 347.859985
875.250000 258.215759 0.222000 347.964996
875.250000 258.215759 0.222000 348.054993
875.250000 258.215759 0.222000 348.149994
875.250000 258.215759 0.222000 348.255005
875.250000 258.215759 0.222000 348.339996
875.250000 258.215759 0.222000 348.459991
875.250000 258.215759 0.218000 348.549988
875.250000 258.215759 0.218000 348.665009
875.250000 258.215759 0.218000 348.750000
875.250000 258.215759 0.218000 348.859985
875.250000 258.215759 0.218000 348.954987
875.250000 258.215759 0.218000 349.059998
875.250000 258.215759 0.218000 349.149994
875.250000 258.215759 0.218000 349.255005
875.250000 258.215759 0.218000 349.359985
875.250000 258.215759 0.218000 349.459991
875.250000 258.215759 0.232000 349.545013
875.250000 258.215759 0.232000 349.654999
875.250000 258.215759 0.232000 349.755005
875.375000 258.215759 0.232000 349.859985
875.375000 258.215759 0.232000 349.954987
875.375000 258.215759 0.232000 350.059998
875.500000 258.215759 0.232000 350.144989
875.500000 258.215759 0.232000 350.250000
875.500000 258.215759 0.232000 350.359985
875.750000 258.215759 0.232000 350.459991
875.750000 258.215759 0.223000 350.549988
875.750000 258.215759 0.223000 350.660004
875.875000 258.215759 0.223000 350.750000
876.000000 258.215759 0.223000 350.850006
876.000000 258.215759 0.223000 350.959991
876.000000 258.215759 0.223000 351.045013
876.125000 258.215759 0.223000 351.160004
876.125000 258.215759 0.223000 351.244995
876.125000 258.215759 0.223000 351.359985
876.125000 258.215759 0.223000 351.440002
876.125000 258.215759 0.214000 351.549988
876.125000 258.215759 0.214000 351.654999
876.125000 258.215759 0.214000 351.755005
876.125000 258.215759 0.214000 351.845001
876.125000 258.215759 0.214000 351.954987
876.125000 258.215759 0.214000 352.049988
876.250000 258.215759 0.214000 352.160004
876.375000 258.215759 0.214000 352.255005
876.375000 258.215759 0.214000 352.350006
876.625000 258.215759 0.214000 352.459991
876.750000 258.215759 0.224000 352.565002
876.750000 258.215759 0.224000 352.660004
876.750000 258.215759 0.224000 352.765015
877.000000 258.215759 0.224000 352.850006
877.125000 258.215759 0.224000 352.959991
877.125000 258.215759 0.224000 353.040009
877.250000 258.215759 0.224000 353.160004
877.500000 258.215759 0.224000 353.244995
877.625000 258.215759 0.224000 353.364990
877.750000 258.215759 0.224000 353.445007
878.250000 258.215759 0.242000 353.559998
878.250000 258.215759 0.242000 353.640015
878.250000 258.215759 0.242000 353.755005
878.625000 258.215759 0.242000 353.855011
878.750000 258.215759 0.242000 353.950012
878.750000 258.215759 0.242000 354.059998
878.750000 258.215759 0.242000 354.149994
879.250000 258.215759 0.242000 354.260010
879.250000 258.215759 0.242000 354.350006
879.250000 258.215759 0.242000 354.459991
879.375000 258.215759 0.221000 354.549988
879.500000 258.215759 0.221000 354.665009
879.500000 258.215759 0.221000 354.750000
879.500000 258.215759 0.221000 354.859985
879.750000 258.215759 0.221000 354.945007
879.750000 258.215759 0.221000 355.054993
879.750000 258.215759 0.221000 355.140015
879.875000 258.215759 0.221000 355.260010
879.875000 258.215759 0.221000 355.350006
879.875000 258.215759 0.221000 355.459991
880.000000 258.215759 0.222000 355.559998
880.125000 258.215759 0.222000 355.660004
880.125000 258.215759 0.222000 355.765015
880.125000 258.215759 0.222000 355.855011
880.125000 258.215759 0.222000 355.954987
880.250000 258.215759 0.222000 356.065002
880.250000 258.215759 0.222000 356.149994
880.375000 258.215759 0.222000 356.260010
880.500000 258.215759 0.222000 356.355011
880.500000 258.215759 0.222000 356.459991
880.500000 258.215759 0.245000 356.549988
880.625000 258.215759 0.245000 356.665009
880.625000 258.215759 0.245000 356.750000
880.625000 258.215759 0.245000 356.864990
880.625000 258.215759 0.245000 356.950012
880.625000 258.215759 0.245000 357.059998
880.625000 258.215759 0.245000 357.149994
880.625000 258.215759 0.245000 357.260010
880.750000 258.215759 0.245000 357.350006
880.750000 258.215759 0.245000 357.445007
880.750000 258.215759 0.220000 357.559998
880.875000 258.215759 0.220000 357.649994
880.875000 258.215759 0.220000 357.760010
880.875000 258.215759 0.220000 357.845001
881.000000 258.215759 0.220000 357.954987
881.000000 258.215759 0.220000 358.059998
881.000000 258.215759 0.220000 358.149994
881.125000 258.215759 0.220000 358.260010
881.125000 258.215759 0.220000 358.345001
881.250000 258.215759 0.220000 358.459991
881.250000 258.215759 0.218000 358.545013
881.250000 258.215759 0.218000 358.654999
881.250000 258.215759 0.218000 358.760010
881.250000 258.215759 0.218000 358.845001
881.250000 258.215759 0.218000 358.954987
881.250000 258.215759 0.218000 359.049988
881.250000 258.215759 0.218000 359.149994
881.250000 258.215759 0.218000 359.260010
881.375000 258.215759 0.218000 359.350006
881.375000 258.215759 0.218000 359.454987
881.375000 258.215759 0.218000 359.565002
881.375000 258.215759 0.218000 359.649994
881.500000 258.215759 0.218000 359.760010
