94.375000 0.000000 0.221000 0.065000
111.750000 0.205536 0.221000 0.150000
123.625000 0.205536 0.221000 0.255000
132.750000 0.409919 0.221000 0.360000
142.375000 0.614572 0.221000 0.460000
147.250000 0.817063 0.221000 0.565000
152.750000 1.023433 0.221000 0.670000
157.625000 1.231750 0.240000 0.760000
163.750000 1.451634 0.240000 0.865000
169.500000 1.711597 0.240000 0.955000
174.125000 1.921629 0.240000 1.065000
178.000000 2.131387 0.240000 1.155000
181.750000 2.341309 0.240000 1.260000
185.625000 2.541352 0.240000 1.365000
189.750000 2.751099 0.240000 1.465000
193.000000 2.960855 0.240000 1.565000
194.875000 3.170678 0.240000 1.665000
196.500000 3.377620 0.272000 1.770000
199.500000 3.377620 0.272000 1.865000
202.000000 3.610262 0.272000 1.955000
205.125000 3.825110 0.272000 2.060000
209.750000 4.032152 0.272000 2.160000
213.000000 4.240550 0.272000 2.265000
218.000000 4.489578 0.272000 2.365000
221.250000 4.699148 0.272000 2.460000
224.500000 4.908927 0.272000 2.560000
228.000000 5.117974 0.272000 2.665000
233.000000 5.321533 0.266000 2.765000
236.000000 5.321533 0.266000 2.855000
238.750000 5.521830 0.266000 2.970000
242.375000 5.731473 0.266000 3.055000
246.000000 5.938263 0.266000 3.165000
250.250000 6.141192 0.266000 3.265000
252.125000 6.141192 0.266000 3.370000
255.125000 6.346879 0.266000 3.450000
257.375000 6.565303 0.266000 3.565000
259.625000 6.565303 0.266000 3.665000
261.875000 6.768957 0.251000 3.770000
264.875000 7.000132 0.251000 3.860000
267.000000 7.000132 0.251000 3.960000
268.750000 7.205709 0.251000 4.065000
271.500000 7.441306 0.251000 4.170000
273.125000 7.647828 0.251000 4.275000
274.000000 7.647828 0.251000 4.365000
275.625000 7.851483 0.251000 4.450000
276.500000 7.851483 0.251000 4.565000
277.375000 8.055512 0.251000 4.655000
278.375000 8.055512 0.285000 4.770000
279.500000 8.055512 0.285000 4.870000
280.125000 8.255567 0.285000 4.955000
280.500000 8.255567 0.285000 5.070000
280.750000 8.255567 0.285000 5.165000
281.000000 8.255567 0.285000 5.270000
281.375000 8.255567 0.285000 5.360000
282.000000 8.255567 0.285000 5.465000
282.125000 8.255567 0.285000 5.550000
282.375000 8.255567 0.285000 5.660000
282.875000 8.255567 0.239000 5.765000
283.375000 8.255567 0.239000 5.850000
283.625000 8.255567 0.239000 5.965000
283.750000 8.255567 0.239000 6.055000
284.250000 8.255567 0.239000 6.160000
284.500000 8.255567 0.239000 6.265000
284.625000 8.255567 0.239000 6.350000
285.000000 8.255567 0.239000 6.465000
285.250000 8.255567 0.239000 6.565000
285.625000 8.255567 0.239000 6.660000
286.000000 8.470493 0.269000 6.770000
286.375000 8.675351 0.269000 6.855000
287.375000 8.675351 0.269000 6.975000
287.750000 8.880414 0.269000 7.070000
288.375000 9.105566 0.269000 7.155000
288.750000 9.105566 0.269000 7.265000
289.125000 9.324630 0.269000 7.350000
289.750000 9.559004 0.269000 7.465000
290.625000 9.559004 0.269000 7.565000
291.625000 9.773594 0.269000 7.655000
292.750000 9.974761 0.230000 7.770000
293.125000 9.974761 0.230000 7.855000
293.375000 10.175812 0.230000 7.970000
294.250000 10.377541 0.230000 8.060000
294.750000 10.377541 0.230000 8.165000
295.375000 10.377541 0.230000 8.265000
295.625000 10.377541 0.230000 8.365000
296.000000 10.581684 0.230000 8.470000
296.125000 10.581684 0.230000 8.560000
296.375000 10.581684 0.230000 8.670000
296.500000 10.581684 0.269000 8.755000
296.875000 10.581684 0.269000 8.865000
297.125000 10.581684 0.269000 8.970000
297.125000 10.581684 0.269000 9.055000
297.250000 10.581684 0.269000 9.165000
297.500000 10.581684 0.269000 9.255000
297.500000 10.581684 0.269000 9.365000
297.625000 10.581684 0.269000 9.455000
297.625000 10.581684 0.269000 9.565000
297.750000 10.581684 0.269000 9.665000
297.875000 10.581684 0.268000 9.755000
297.875000 10.581684 0.268000 9.855000
297.875000 10.581684 0.268000 9.960000
298.000000 10.581684 0.268000 10.055000
298.250000 10.581684 0.268000 10.160000
298.750000 10.581684 0.268000 10.250000
298.875000 10.782001 0.268000 10.350000
299.500000 10.782001 0.268000 10.455000
300.125000 10.982992 0.268000 10.560000
300.625000 11.194561 0.252000 10.655000
301.500000 11.194561 0.252000 10.765000
301.625000 11.416675 0.252000 10.850000
302.000000 11.645921 0.252000 10.970000
302.000000 11.645921 0.252000 11.055000
302.000000 11.846834 0.252000 11.165000
302.125000 12.076305 0.252000 11.270000
302.500000 12.076305 0.252000 11.355000
302.625000 12.283238 0.252000 11.465000
303.250000 12.484763 0.252000 11.565000
303.500000 12.688035 0.252000 11.665000
304.000000 12.688035 0.239000 11.760000
304.750000 12.892416 0.239000 11.865000
305.000000 13.097671 0.239000 11.965000
305.500000 13.335079 0.239000 12.060000
305.750000 13.543410 0.239000 12.165000
307.000000 13.747761 0.239000 12.255000
307.500000 13.954482 0.239000 12.365000
309.125000 13.954482 0.239000 12.455000
311.000000 14.162764 0.239000 12.560000
314.250000 14.371855 0.184000 12.665000
316.875000 14.611235 0.184000 12.755000
321.250000 14.820841 0.184000 12.855000
324.500000 15.030240 0.184000 12.960000
327.125000 15.239738 0.184000 13.065000
330.250000 15.488846 0.184000 13.170000
331.500000 15.697878 0.184000 13.255000
332.000000 15.907205 0.184000 13.360000
333.750000 16.116783 0.184000 13.465000
335.375000 16.326483 0.184000 13.555000
337.000000 16.534443 0.184000 13.665000
337.750000 16.534443 0.271000 13.750000
339.375000 16.734549 0.271000 13.855000
340.125000 16.937061 0.271000 13.965000
341.125000 17.153709 0.271000 14.050000
342.000000 17.376211 0.271000 14.160000
345.125000 17.582043 0.271000 14.270000
348.500000 17.788860 0.271000 14.355000
356.000000 17.995108 0.271000 14.470000
366.000000 18.216600 0.271000 14.565000
371.000000 18.419739 0.271000 14.665000
376.125000 18.419739 0.253000 14.755000
381.750000 18.619926 0.253000 14.870000
383.250000 18.827223 0.253000 14.960000
385.000000 19.029305 0.253000 15.070000
387.125000 19.029305 0.253000 15.150000
389.500000 19.252577 0.253000 15.265000
391.125000 19.453285 0.253000 15.370000
393.000000 19.453285 0.253000 15.455000
393.625000 19.653494 0.253000 15.560000
395.125000 19.860435 0.253000 15.665000
395.875000 20.066179 0.257000 15.765000
396.375000 20.066179 0.257000 15.855000
396.625000 20.270796 0.257000 15.965000
397.375000 20.484020 0.257000 16.055000
398.125000 20.484020 0.257000 16.165001
399.125000 20.706999 0.257000 16.254999
399.500000 20.931784 0.257000 16.355000
400.000000 20.931784 0.257000 16.465000
400.500000 21.157351 0.257000 16.570000
400.625000 21.384254 0.257000 16.655001
400.750000 21.384254 0.223000 16.764999
401.125000 21.612137 0.223000 16.865000
401.375000 21.815168 0.223000 16.955000
401.375000 22.021875 0.223000 17.059999
401.750000 22.225893 0.223000 17.155001
401.875000 22.428062 0.223000 17.264999
402.625000 22.634039 0.223000 17.360001
403.000000 22.841768 0.223000 17.469999
403.250000 22.841768 0.223000 17.549999
403.875000 23.050486 0.223000 17.665001
404.250000 23.289661 0.273000 17.750000
404.500000 23.517618 0.273000 17.865000
405.375000 23.724842 0.273000 17.959999
405.750000 23.934008 0.273000 18.065001
405.875000 24.142897 0.273000 18.155001
406.000000 24.352274 0.273000 18.260000
406.125000 24.562790 0.273000 18.360001
407.125000 24.782560 0.273000 18.455000
407.125000 25.002390 0.273000 18.565001
408.125000 25.211546 0.273000 18.650000
408.750000 25.415804 0.246000 18.764999
409.000000 25.415804 0.246000 18.850000
409.125000 25.617188 0.246000 18.955000
409.625000 25.830997 0.246000 19.065001
409.875000 26.047569 0.246000 19.165001
410.625000 26.265812 0.246000 19.264999
411.125000 26.474894 0.246000 19.355000
412.000000 26.683825 0.246000 19.459999
412.625000 26.892773 0.246000 19.565001
413.250000 27.101690 0.246000 19.655001
413.500000 27.306391 0.242000 19.764999
414.125000 27.531897 0.242000 19.855000
414.625000 27.741339 0.242000 19.959999
416.000000 27.946024 0.242000 20.065001
417.000000 28.152821 0.242000 20.155001
418.500000 28.361271 0.242000 20.264999
419.250000 28.361271 0.242000 20.360001
419.875000 28.571121 0.242000 20.459999
421.750000 28.774689 0.242000 20.565001
422.625000 28.975668 0.242000 20.655001
424.250000 29.177643 0.267000 20.764999
425.875000 29.177643 0.267000 20.860001
426.625000 29.177643 0.267000 20.950001
427.250000 29.387564 0.267000 21.065001
427.750000 29.387564 0.267000 21.160000
428.625000 29.387564 0.267000 21.264999
429.375000 29.387564 0.267000 21.350000
431.125000 29.387564 0.267000 21.469999
431.500000 29.387564 0.267000 21.555000
433.000000 29.387564 0.267000 21.660000
433.125000 29.387564 0.273000 21.764999
433.125000 29.387564 0.273000 21.855000
433.875000 29.387564 0.273000 21.955000
434.125000 29.387564 0.273000 22.049999
434.375000 29.588438 0.273000 22.160000
434.875000 29.588438 0.273000 22.270000
435.000000 29.588438 0.273000 22.355000
435.375000 29.588438 0.273000 22.465000
436.125000 29.588438 0.273000 22.549999
436.250000 29.588438 0.273000 22.660000
436.375000 29.588438 0.271000 22.760000
436.750000 29.588438 0.271000 22.850000
436.875000 29.588438 0.271000 22.965000
436.875000 29.810379 0.271000 23.070000
437.000000 29.810379 0.271000 23.155001
437.125000 30.029942 0.271000 23.264999
437.125000 30.230181 0.271000 23.365000
437.250000 30.230181 0.271000 23.450001
437.375000 30.451988 0.271000 23.555000
437.375000 30.668835 0.271000 23.665001
437.625000 30.868971 0.263000 23.764999
437.625000 30.868971 0.263000 23.860001
437.750000 31.076826 0.263000 23.965000
437.750000 31.277697 0.263000 24.065001
437.750000 31.277697 0.263000 24.155001
437.875000 31.483128 0.263000 24.260000
437.875000 31.686977 0.263000 24.355000
437.875000 31.686977 0.263000 24.465000
438.000000 31.686977 0.263000 24.549999
438.000000 31.888145 0.263000 24.660000
438.000000 31.888145 0.265000 24.764999
438.125000 32.098553 0.265000 24.870001
438.125000 32.098553 0.265000 24.955000
438.125000 32.098553 0.265000 25.065001
438.125000 32.098553 0.265000 25.150000
438.125000 32.098553 0.265000 25.264999
438.250000 32.299873 0.265000 25.365000
438.250000 32.299873 0.265000 25.459999
438.250000 32.299873 0.265000 25.565001
438.250000 32.299873 0.265000 25.670000
438.250000 32.299873 0.242000 25.764999
438.250000 32.299873 0.242000 25.855000
438.250000 32.299873 0.242000 25.959999
438.250000 32.299873 0.242000 26.065001
438.250000 32.299873 0.242000 26.165001
438.250000 32.299873 0.242000 26.260000
438.250000 32.299873 0.242000 26.350000
438.250000 32.299873 0.242000 26.459999
438.250000 32.299873 0.242000 26.570000
438.250000 32.299873 0.242000 26.660000
438.250000 32.299873 0.235000 26.764999
438.250000 32.299873 0.235000 26.870001
438.250000 32.299873 0.235000 26.959999
438.250000 32.299873 0.235000 27.065001
438.250000 32.299873 0.235000 27.165001
438.250000 32.299873 0.235000 27.254999
438.250000 32.299873 0.235000 27.365000
438.250000 32.299873 0.235000 27.465000
438.250000 32.299873 0.235000 27.555000
438.250000 32.299873 0.235000 27.665001
438.250000 32.299873 0.227000 27.754999
438.250000 32.299873 0.227000 27.865000
438.250000 32.510201 0.227000 27.955000
438.250000 32.722130 0.227000 28.070000
438.250000 32.722130 0.227000 28.150000
438.250000 32.948475 0.227000 28.260000
438.250000 33.165264 0.227000 28.365000
438.250000 33.165264 0.227000 28.465000
438.250000 33.365543 0.227000 28.555000
438.250000 33.607071 0.227000 28.665001
438.250000 33.832699 0.264000 28.760000
438.250000 34.036434 0.264000 28.865000
438.250000 34.242977 0.264000 28.965000
438.250000 34.451149 0.264000 29.055000
438.250000 34.651432 0.264000 29.165001
438.250000 34.861195 0.264000 29.270000
438.750000 35.070797 0.264000 29.355000
439.750000 35.280556 0.264000 29.469999
440.500000 35.280556 0.264000 29.555000
442.125000 35.490425 0.264000 29.660000
443.500000 35.698727 0.269000 29.770000
445.000000 35.927460 0.269000 29.855000
446.750000 36.141872 0.269000 29.965000
446.875000 36.372074 0.269000 30.055000
447.375000 36.574825 0.269000 30.170000
448.000000 36.574825 0.269000 30.260000
449.125000 36.800819 0.269000 30.365000
449.125000 37.002560 0.269000 30.455000
449.375000 37.002560 0.269000 30.559999
449.500000 37.207977 0.269000 30.665001
449.750000 37.429848 0.255000 30.754999
449.875000 37.429848 0.255000 30.865000
449.875000 37.638096 0.255000 30.955000
449.875000 37.638096 0.255000 31.059999
449.875000 37.851166 0.255000 31.150000
450.500000 37.851166 0.255000 31.270000
450.625000 37.851166 0.255000 31.360001
450.625000 38.057613 0.255000 31.469999
450.625000 38.057613 0.255000 31.555000
450.625000 38.057613 0.255000 31.665001
450.625000 38.057613 0.193000 31.750000
450.625000 38.057613 0.193000 31.855000
450.625000 38.057613 0.193000 31.965000
450.750000 38.057613 0.193000 32.055000
451.000000 38.057613 0.193000 32.169998
451.000000 38.057613 0.193000 32.250000
451.000000 38.057613 0.193000 32.365002
451.000000 38.057613 0.193000 32.455002
451.000000 38.057613 0.193000 32.564999
451.000000 38.057613 0.193000 32.650002
451.000000 38.057613 0.216000 32.755001
451.000000 38.057613 0.216000 32.865002
451.000000 38.057613 0.216000 32.959999
451.000000 38.057613 0.216000 33.049999
451.000000 38.057613 0.216000 33.165001
451.000000 38.057613 0.216000 33.250000
451.000000 38.057613 0.216000 33.360001
451.000000 38.057613 0.216000 33.465000
451.000000 38.057613 0.216000 33.549999
451.000000 38.057613 0.216000 33.660000
451.000000 38.057613 0.198000 33.764999
451.125000 38.057613 0.198000 33.849998
451.125000 38.057613 0.198000 33.965000
451.125000 38.057613 0.198000 34.075001
451.125000 38.057613 0.198000 34.154999
451.125000 38.057613 0.198000 34.264999
451.125000 38.057613 0.198000 34.355000
451.125000 38.057613 0.198000 34.465000
451.125000 38.057613 0.198000 34.544998
451.250000 38.057613 0.187000 34.660000
451.500000 38.057613 0.187000 34.750000
451.500000 38.057613 0.187000 34.869999
451.500000 38.276028 0.187000 34.950001
451.625000 38.276028 0.187000 35.064999
451.625000 38.490952 0.187000 35.160000
451.750000 38.692303 0.187000 35.259998
451.750000 38.692303 0.187000 35.365002
451.750000 38.909492 0.187000 35.455002
451.875000 38.909492 0.187000 35.564999
451.875000 39.113239 0.187000 35.654999
451.875000 39.113239 0.216000 35.759998
451.875000 39.113239 0.216000 35.869999
451.875000 39.316441 0.216000 35.955002
451.875000 39.316441 0.216000 36.064999
452.625000 39.520031 0.216000 36.150002
452.875000 39.721527 0.216000 36.270000
453.625000 39.721527 0.216000 36.360001
454.250000 39.925236 0.216000 36.465000
454.375000 39.925236 0.216000 36.570000
454.750000 39.925236 0.216000 36.654999
455.125000 40.125286 0.233000 36.770000
455.625000 40.125286 0.233000 36.855000
455.625000 40.330387 0.233000 36.965000
455.625000 40.330387 0.233000 37.055000
455.625000 40.530685 0.233000 37.165001
455.625000 40.732872 0.233000 37.250000
456.500000 40.936989 0.233000 37.369999
457.125000 40.936989 0.233000 37.455002
457.125000 41.143673 0.233000 37.560001
457.250000 41.344463 0.233000 37.665001
457.250000 41.344463 0.258000 37.770000
457.250000 41.574997 0.258000 37.865002
457.250000 41.777229 0.258000 37.965000
457.250000 41.777229 0.258000 38.055000
457.250000 41.980938 0.258000 38.165001
457.250000 42.185455 0.258000 38.255001
457.250000 42.398151 0.258000 38.365002
457.250000 42.599522 0.258000 38.465000
457.250000 42.599522 0.258000 38.555000
457.250000 42.805340 0.258000 38.665001
457.250000 43.037743 0.227000 38.755001
457.250000 43.274979 0.227000 38.865002
457.500000 43.476616 0.227000 38.970001
457.500000 43.678745 0.227000 39.060001
457.500000 43.880955 0.227000 39.160000
457.625000 44.081657 0.227000 39.270000
457.750000 44.291237 0.227000 39.355000
457.750000 44.500748 0.227000 39.465000
457.875000 44.730282 0.227000 39.570000
457.875000 44.949905 0.227000 39.660000
458.000000 45.151680 0.256000 39.759998
458.000000 45.151680 0.256000 39.860001
458.000000 45.374718 0.256000 39.955002
458.000000 45.374718 0.256000 40.064999
458.125000 45.595703 0.256000 40.154999
458.125000 45.595703 0.256000 40.264999
458.125000 45.595703 0.256000 40.375000
458.125000 45.797340 0.256000 40.455002
458.125000 45.797340 0.256000 40.560001
458.125000 45.797340 0.215000 40.654999
458.125000 45.797340 0.215000 40.755001
458.125000 45.797340 0.215000 40.849998
458.125000 45.797340 0.215000 40.959999
458.125000 45.797340 0.215000 41.070000
458.125000 45.797340 0.215000 41.154999
458.125000 45.797340 0.215000 41.259998
458.125000 45.797340 0.215000 41.365002
458.125000 45.797340 0.215000 41.455002
458.125000 45.797340 0.215000 41.564999
458.125000 45.797340 0.215000 41.669998
458.125000 45.797340 0.229000 41.755001
458.125000 45.797340 0.229000 41.865002
458.125000 45.797340 0.229000 41.955002
458.125000 45.797340 0.229000 42.064999
458.125000 45.797340 0.229000 42.154999
458.125000 45.797340 0.229000 42.270000
458.250000 45.797340 0.229000 42.365002
458.250000 45.999046 0.229000 42.455002
458.625000 45.999046 0.229000 42.560001
458.750000 46.211639 0.229000 42.654999
458.750000 46.211639 0.197000 42.764999
458.750000 46.415794 0.197000 42.855000
458.875000 46.631691 0.197000 42.965000
458.875000 46.631691 0.197000 43.049999
458.875000 46.861225 0.197000 43.154999
458.875000 47.062782 0.197000 43.270000
459.000000 47.062782 0.197000 43.349998
459.000000 47.265797 0.197000 43.465000
459.000000 47.469910 0.197000 43.549999
459.125000 47.684841 0.197000 43.669998
459.125000 47.887897 0.229000 43.764999
459.125000 48.089859 0.229000 43.869999
459.250000 48.089859 0.229000 43.955002
459.250000 48.291008 0.229000 44.064999
459.375000 48.516193 0.229000 44.154999
459.375000 48.733952 0.229000 44.264999
459.375000 48.942852 0.229000 44.349998
459.500000 49.152210 0.229000 44.465000
459.500000 49.379784 0.229000 44.544998
459.500000 49.600231 0.229000 44.665001
459.750000 49.600231 0.239000 44.750000
459.750000 49.802204 0.239000 44.865002
459.750000 50.002674 0.239000 44.955002
459.875000 50.002674 0.239000 45.064999
460.000000 50.204506 0.239000 45.165001
460.000000 50.204506 0.239000 45.250000
460.000000 50.204506 0.239000 45.365002
460.000000 50.405979 0.239000 45.455002
460.000000 50.405979 0.239000 45.564999
460.000000 50.405979 0.239000 45.660000
460.000000 50.405979 0.213000 45.764999
460.000000 50.405979 0.213000 45.849998
460.000000 50.405979 0.213000 45.965000
460.000000 50.405979 0.213000 46.055000
460.000000 50.405979 0.213000 46.165001
460.000000 50.405979 0.213000 46.255001
460.000000 50.405979 0.213000 46.365002
460.000000 50.405979 0.213000 46.455002
460.000000 50.405979 0.213000 46.564999
460.000000 50.405979 0.213000 46.650002
460.000000 50.405979 0.220000 46.759998
460.000000 50.405979 0.220000 46.855000
460.000000 50.405979 0.220000 46.965000
460.000000 50.405979 0.220000 47.049999
460.000000 50.405979 0.220000 47.154999
460.000000 50.405979 0.220000 47.264999
460.000000 50.609043 0.220000 47.355000
460.125000 50.810654 0.220000 47.465000
460.125000 50.810654 0.220000 47.555000
460.125000 51.026047 0.220000 47.665001
460.250000 51.232456 0.200000 47.750000
460.250000 51.232456 0.200000 47.869999
460.250000 51.441662 0.200000 47.955002
460.250000 51.646355 0.200000 48.064999
460.375000 51.646355 0.200000 48.154999
460.375000 51.850677 0.200000 48.270000
460.375000 52.055622 0.200000 48.355000
460.500000 52.258373 0.200000 48.465000
460.500000 52.465355 0.200000 48.549999
460.500000 52.669262 0.200000 48.665001
460.625000 52.669262 0.236000 48.750000
460.625000 53.076801 0.236000 48.865002
460.750000 53.076801 0.236000 48.950001
460.750000 53.284473 0.236000 49.055000
460.750000 53.493229 0.236000 49.165001
460.875000 53.722404 0.236000 49.255001
460.875000 53.961674 0.236000 49.365002
461.000000 54.188114 0.236000 49.465000
461.000000 54.188114 0.236000 49.560001
461.000000 54.393181 0.236000 49.669998
461.000000 54.393181 0.239000 49.755001
461.000000 54.595757 0.239000 49.865002
461.000000 54.595757 0.239000 49.955002
461.000000 54.595757 0.239000 50.064999
461.000000 54.799892 0.239000 50.154999
461.000000 54.799892 0.239000 50.270000
461.000000 54.799892 0.239000 50.355000
461.000000 54.799892 0.239000 50.465000
461.000000 54.799892 0.239000 50.564999
461.000000 54.799892 0.239000 50.665001
461.000000 54.799892 0.258000 50.744999
461.000000 54.799892 0.258000 50.855000
461.000000 54.799892 0.258000 50.965000
461.000000 54.799892 0.258000 51.044998
461.000000 54.799892 0.258000 51.154999
461.000000 54.799892 0.258000 51.264999
461.000000 54.799892 0.258000 51.349998
461.000000 54.799892 0.258000 51.470001
461.000000 54.799892 0.258000 51.555000
461.000000 54.799892 0.258000 51.665001
461.125000 54.799892 0.239000 51.750000
461.125000 55.001476 0.239000 51.860001
461.125000 55.205933 0.239000 51.965000
461.125000 55.205933 0.239000 52.055000
461.125000 55.423698 0.239000 52.165001
461.125000 55.423698 0.239000 52.250000
461.125000 55.625977 0.239000 52.365002
461.125000 55.826153 0.239000 52.450001
461.125000 56.048046 0.239000 52.560001
461.125000 56.048046 0.239000 52.669998
461.250000 56.278076 0.225000 52.759998
461.250000 56.489098 0.225000 52.865002
461.250000 56.489098 0.225000 52.945000
461.250000 56.706348 0.225000 53.055000
461.250000 56.706348 0.225000 53.160000
461.250000 56.706348 0.225000 53.270000
461.250000 56.706348 0.225000 53.355000
461.250000 56.910431 0.225000 53.465000
461.375000 56.910431 0.225000 53.549999
461.375000 56.910431 0.225000 53.669998
461.375000 56.910431 0.242000 53.755001
461.375000 56.910431 0.242000 53.865002
461.375000 56.910431 0.242000 53.950001
461.375000 56.910431 0.242000 54.060001
461.375000 56.910431 0.242000 54.169998
461.375000 56.910431 0.242000 54.250000
461.375000 56.910431 0.242000 54.365002
461.375000 56.910431 0.242000 54.459999
461.375000 56.910431 0.242000 54.570000
461.375000 56.910431 0.242000 54.654999
461.375000 56.910431 0.231000 54.764999
461.375000 56.910431 0.231000 54.849998
461.375000 56.910431 0.231000 54.965000
461.375000 56.910431 0.231000 55.060001
461.375000 56.910431 0.231000 55.145000
461.375000 56.910431 0.231000 55.255001
461.375000 56.910431 0.231000 55.365002
461.375000 56.910431 0.231000 55.455002
461.375000 56.910431 0.231000 55.570000
461.375000 56.910431 0.231000 55.669998
461.375000 56.910431 0.230000 55.764999
461.375000 56.910431 0.230000 55.849998
461.375000 56.910431 0.230000 55.955002
461.375000 56.910431 0.230000 56.070000
461.500000 56.910431 0.230000 56.154999
461.500000 56.910431 0.230000 56.264999
461.500000 56.910431 0.230000 56.355000
461.500000 56.910431 0.230000 56.465000
461.500000 56.910431 0.230000 56.544998
461.500000 56.910431 0.230000 56.660000
461.625000 56.910431 0.232000 56.759998
461.625000 56.910431 0.232000 56.855000
461.625000 56.910431 0.232000 56.970001
461.625000 56.910431 0.232000 57.060001
461.625000 56.910431 0.232000 57.165001
461.625000 56.910431 0.232000 57.250000
461.625000 56.910431 0.232000 57.365002
461.625000 56.910431 0.232000 57.455002
461.625000 56.910431 0.232000 57.570000
461.625000 56.910431 0.232000 57.654999
461.625000 56.910431 0.225000 57.770000
461.625000 56.910431 0.225000 57.855000
461.625000 56.910431 0.225000 57.965000
461.625000 56.910431 0.225000 58.055000
461.625000 56.910431 0.225000 58.165001
461.625000 56.910431 0.225000 58.259998
461.625000 56.910431 0.225000 58.369999
461.625000 56.910431 0.225000 58.455002
461.625000 56.910431 0.225000 58.564999
461.625000 56.910431 0.225000 58.654999
461.625000 56.910431 0.230000 58.770000
461.625000 56.910431 0.230000 58.855000
461.625000 56.910431 0.230000 58.965000
461.625000 56.910431 0.230000 59.055000
461.625000 56.910431 0.230000 59.165001
461.625000 56.910431 0.230000 59.255001
461.625000 56.910431 0.230000 59.365002
461.625000 56.910431 0.230000 59.455002
461.625000 56.910431 0.230000 59.564999
461.625000 56.910431 0.230000 59.654999
461.625000 56.910431 0.234000 59.770000
461.625000 56.910431 0.234000 59.855000
461.625000 56.910431 0.234000 59.965000
461.625000 56.910431 0.234000 60.055000
461.625000 56.910431 0.234000 60.169998
461.625000 56.910431 0.234000 60.255001
461.625000 56.910431 0.234000 60.369999
461.625000 56.910431 0.234000 60.455002
461.625000 56.910431 0.234000 60.564999
461.625000 56.910431 0.234000 60.654999
461.625000 56.910431 0.231000 60.764999
461.625000 56.910431 0.231000 60.869999
461.625000 56.910431 0.231000 60.959999
461.625000 56.910431 0.231000 61.070000
461.625000 56.910431 0.231000 61.154999
461.625000 56.910431 0.231000 61.259998
461.625000 56.910431 0.231000 61.355000
461.625000 56.910431 0.231000 61.465000
461.625000 56.910431 0.231000 61.544998
461.625000 56.910431 0.231000 61.654999
461.625000 56.910431 0.223000 61.759998
461.625000 56.910431 0.223000 61.855000
461.625000 56.910431 0.223000 61.965000
461.625000 56.910431 0.223000 62.049999
461.625000 56.910431 0.223000 62.165001
461.625000 56.910431 0.223000 62.264999
461.625000 56.910431 0.223000 62.355000
461.625000 56.910431 0.223000 62.465000
461.625000 56.910431 0.223000 62.549999
461.625000 56.910431 0.223000 62.665001
461.625000 56.910431 0.239000 62.755001
461.625000 56.910431 0.239000 62.865002
461.625000 56.910431 0.239000 62.950001
461.625000 56.910431 0.239000 63.064999
461.625000 56.910431 0.239000 63.150002
461.625000 56.910431 0.239000 63.259998
461.625000 56.910431 0.239000 63.365002
461.625000 56.910431 0.239000 63.459999
461.625000 56.910431 0.239000 63.555000
461.625000 56.910431 0.239000 63.660000
461.625000 56.910431 0.223000 63.764999
461.625000 56.910431 0.223000 63.855000
461.625000 56.910431 0.223000 63.965000
461.625000 56.910431 0.223000 64.050003
461.625000 56.910431 0.223000 64.165001
461.625000 56.910431 0.223000 64.250000
461.625000 56.910431 0.223000 64.364998
461.625000 56.910431 0.223000 64.459999
461.625000 56.910431 0.223000 64.544998
461.625000 56.910431 0.223000 64.665001
461.625000 56.910431 0.223000 64.745003
461.625000 56.910431 0.223000 64.870003
461.625000 56.910431 0.223000 64.955002
461.625000 56.910431 0.223000 65.065002
461.625000 56.910431 0.223000 65.144997
461.625000 56.910431 0.223000 65.264999
461.625000 56.910431 0.223000 65.370003
461.625000 56.910431 0.223000 65.464996
461.625000 56.910431 0.223000 65.565002
461.625000 56.910431 0.223000 65.665001
461.625000 56.910431 0.233000 65.750000
461.625000 56.910431 0.233000 65.870003
461.625000 56.910431 0.233000 65.964996
461.625000 56.910431 0.233000 66.050003
461.625000 56.910431 0.233000 66.165001
461.625000 56.910431 0.233000 66.245003
461.625000 56.910431 0.233000 66.355003
461.625000 56.910431 0.233000 66.464996
461.625000 56.910431 0.233000 66.559998
461.625000 56.910431 0.233000 66.644997
461.625000 56.910431 0.227000 66.754997
461.625000 56.910431 0.227000 66.870003
461.625000 56.910431 0.227000 66.955002
461.625000 56.910431 0.227000 67.065002
461.625000 56.910431 0.227000 67.150002
461.625000 56.910431 0.227000 67.269997
461.625000 56.910431 0.227000 67.355003
461.625000 56.910431 0.227000 67.464996
461.625000 56.910431 0.227000 67.565002
461.625000 56.910431 0.227000 67.650002
461.625000 56.910431 0.222000 67.760002
461.625000 56.910431 0.222000 67.864998
461.625000 56.910431 0.222000 67.959999
461.625000 56.910431 0.222000 68.065002
461.625000 56.910431 0.222000 68.154999
461.625000 56.910431 0.222000 68.269997
461.625000 56.910431 0.222000 68.360001
461.625000 56.910431 0.222000 68.464996
461.625000 56.910431 0.222000 68.550003
461.625000 56.910431 0.222000 68.665001
461.625000 56.910431 0.230000 68.750000
461.625000 56.910431 0.230000 68.864998
461.625000 56.910431 0.230000 68.970001
461.625000 56.910431 0.230000 69.065002
461.625000 56.910431 0.230000 69.165001
461.625000 56.910431 0.230000 69.250000
461.625000 56.910431 0.230000 69.355003
461.625000 56.910431 0.230000 69.464996
461.625000 56.910431 0.230000 69.544998
461.625000 56.910431 0.230000 69.660004
461.625000 56.910431 0.226000 69.769997
461.625000 56.910431 0.226000 69.860001
461.625000 56.910431 0.226000 69.970001
461.625000 56.910431 0.226000 70.065002
461.625000 56.910431 0.226000 70.150002
461.625000 56.910431 0.226000 70.264999
461.625000 56.910431 0.226000 70.360001
461.625000 56.910431 0.226000 70.470001
461.625000 56.910431 0.226000 70.555000
461.625000 56.910431 0.226000 70.665001
461.625000 56.910431 0.230000 70.754997
461.625000 56.910431 0.230000 70.864998
461.625000 56.910431 0.230000 70.949997
461.625000 56.910431 0.230000 71.065002
461.625000 56.910431 0.230000 71.150002
461.625000 56.910431 0.230000 71.264999
461.625000 56.910431 0.230000 71.349998
461.625000 56.910431 0.230000 71.464996
461.625000 56.910431 0.230000 71.555000
461.625000 56.910431 0.230000 71.669998
461.625000 56.910431 0.223000 71.754997
461.625000 56.910431 0.223000 71.864998
461.625000 56.910431 0.223000 71.955002
461.625000 56.910431 0.223000 72.065002
461.625000 56.910431 0.223000 72.150002
461.625000 56.910431 0.223000 72.264999
461.625000 56.910431 0.223000 72.355003
461.625000 56.910431 0.223000 72.464996
461.625000 56.910431 0.223000 72.555000
461.625000 56.910431 0.223000 72.669998
461.625000 56.910431 0.239000 72.754997
461.625000 56.910431 0.239000 72.864998
461.625000 56.910431 0.239000 72.955002
461.625000 56.910431 0.239000 73.065002
461.625000 56.910431 0.239000 73.150002
461.625000 56.910431 0.239000 73.264999
461.625000 56.910431 0.239000 73.355003
461.625000 56.910431 0.239000 73.464996
461.625000 56.910431 0.239000 73.559998
461.625000 56.910431 0.239000 73.644997
461.625000 56.910431 0.231000 73.760002
461.625000 56.910431 0.231000 73.870003
461.625000 56.910431 0.231000 73.955002
461.625000 56.910431 0.231000 74.070000
461.625000 56.910431 0.231000 74.150002
461.625000 56.910431 0.231000 74.264999
461.625000 56.910431 0.231000 74.349998
461.625000 56.910431 0.231000 74.464996
461.625000 56.910431 0.231000 74.555000
461.625000 56.910431 0.231000 74.660004
461.625000 56.910431 0.226000 74.745003
461.625000 56.910431 0.226000 74.870003
461.625000 56.910431 0.226000 74.955002
461.625000 56.910431 0.226000 75.070000
461.625000 56.910431 0.226000 75.160004
461.625000 56.910431 0.226000 75.264999
461.625000 56.910431 0.226000 75.349998
461.625000 56.910431 0.226000 75.464996
461.625000 56.910431 0.226000 75.559998
461.625000 56.910431 0.226000 75.650002
461.625000 56.910431 0.224000 75.764999
461.625000 56.910431 0.224000 75.855003
461.625000 56.910431 0.224000 75.964996
461.625000 56.910431 0.224000 76.055000
461.625000 56.910431 0.224000 76.165001
461.625000 56.910431 0.224000 76.260002
461.625000 56.910431 0.224000 76.370003
461.625000 56.910431 0.224000 76.455002
461.625000 56.910431 0.224000 76.565002
461.625000 56.910431 0.224000 76.675003
461.625000 56.910431 0.231000 76.754997
461.625000 56.910431 0.231000 76.864998
461.625000 56.910431 0.231000 76.949997
461.625000 56.910431 0.231000 77.059998
461.625000 56.910431 0.231000 77.154999
461.625000 56.910431 0.231000 77.264999
461.625000 56.910431 0.231000 77.355003
461.625000 56.910431 0.231000 77.464996
461.625000 56.910431 0.231000 77.550003
461.625000 56.910431 0.231000 77.660004
461.625000 56.910431 0.227000 77.750000
461.625000 56.910431 0.227000 77.864998
461.625000 56.910431 0.227000 77.949997
461.625000 56.910431 0.227000 78.065002
461.625000 56.910431 0.227000 78.150002
461.625000 56.910431 0.227000 78.269997
461.625000 56.910431 0.227000 78.355003
461.625000 56.910431 0.227000 78.464996
461.625000 56.910431 0.227000 78.559998
461.625000 56.910431 0.227000 78.665001
461.625000 56.910431 0.244000 78.754997
461.625000 56.910431 0.244000 78.864998
461.625000 57.110931 0.244000 78.949997
461.625000 57.110931 0.244000 79.059998
461.625000 57.110931 0.244000 79.169998
461.625000 57.110931 0.244000 79.264999
461.625000 57.110931 0.244000 79.355003
461.625000 57.110931 0.244000 79.464996
461.625000 57.110931 0.244000 79.550003
461.625000 57.110931 0.244000 79.665001
461.625000 57.311718 0.226000 79.769997
461.625000 57.311718 0.226000 79.855003
461.625000 57.311718 0.226000 79.970001
461.625000 57.311718 0.226000 80.065002
461.625000 57.311718 0.226000 80.150002
461.625000 57.311718 0.226000 80.260002
461.625000 57.311718 0.226000 80.364998
461.625000 57.311718 0.226000 80.470001
461.750000 57.311718 0.226000 80.565002
461.750000 57.311718 0.226000 80.650002
461.750000 57.311718 0.235000 80.760002
461.750000 57.311718 0.235000 80.870003
461.750000 57.311718 0.235000 80.959999
461.750000 57.311718 0.235000 81.065002
461.750000 57.311718 0.235000 81.150002
461.750000 57.311718 0.235000 81.264999
461.750000 57.311718 0.235000 81.349998
461.750000 57.311718 0.235000 81.464996
461.750000 57.311718 0.235000 81.550003
461.750000 57.311718 0.235000 81.665001
461.750000 57.311718 0.225000 81.754997
461.750000 57.311718 0.225000 81.870003
461.750000 57.311718 0.225000 81.959999
461.750000 57.311718 0.225000 82.065002
461.750000 57.311718 0.225000 82.150002
461.750000 57.311718 0.225000 82.269997
461.750000 57.311718 0.225000 82.355003
461.750000 57.528744 0.225000 82.464996
461.750000 57.528744 0.225000 82.550003
461.750000 57.729546 0.225000 82.660004
461.750000 57.932934 0.235000 82.764999
461.750000 58.134224 0.235000 82.849998
461.750000 58.337536 0.235000 82.964996
461.750000 58.337536 0.235000 83.055000
461.750000 58.557961 0.235000 83.165001
461.750000 58.791313 0.235000 83.269997
461.750000 59.008198 0.235000 83.370003
461.750000 59.211346 0.235000 83.464996
461.750000 59.417404 0.235000 83.555000
461.750000 59.625488 0.235000 83.665001
461.750000 59.833378 0.221000 83.769997
461.750000 59.833378 0.221000 83.864998
461.750000 60.061409 0.221000 83.955002
461.750000 60.277409 0.221000 84.070000
461.750000 60.277409 0.221000 84.154999
461.750000 60.277409 0.221000 84.264999
461.750000 60.492393 0.221000 84.355003
461.750000 60.492393 0.221000 84.464996
461.750000 60.492393 0.221000 84.565002
461.750000 60.492393 0.221000 84.665001
461.750000 60.492393 0.235000 84.764999
461.750000 60.693661 0.235000 84.860001
461.750000 60.693661 0.235000 84.964996
461.750000 60.693661 0.235000 85.059998
461.750000 60.693661 0.235000 85.169998
461.750000 60.693661 0.235000 85.254997
461.750000 60.693661 0.235000 85.364998
461.750000 60.693661 0.235000 85.449997
461.750000 60.693661 0.235000 85.565002
461.750000 60.693661 0.235000 85.654999
461.750000 60.693661 0.212000 85.760002
461.750000 60.693661 0.212000 85.845001
461.750000 60.693661 0.212000 85.964996
461.750000 60.693661 0.212000 86.050003
461.750000 60.693661 0.212000 86.169998
461.750000 60.693661 0.212000 86.254997
461.750000 60.693661 0.212000 86.370003
461.750000 60.693661 0.212000 86.464996
461.750000 60.693661 0.212000 86.570000
461.750000 60.693661 0.212000 86.654999
461.750000 60.693661 0.207000 86.764999
461.750000 60.693661 0.207000 86.855003
461.750000 60.693661 0.207000 86.964996
461.750000 60.923527 0.207000 87.065002
461.750000 60.923527 0.207000 87.160004
461.750000 61.125568 0.207000 87.250000
461.750000 61.331524 0.207000 87.370003
461.750000 61.533180 0.207000 87.455002
461.750000 61.533180 0.207000 87.565002
461.750000 61.735748 0.207000 87.644997
461.750000 61.961140 0.208000 87.760002
461.750000 61.961140 0.208000 87.870003
461.750000 62.168488 0.208000 87.955002
461.750000 62.168488 0.208000 88.065002
461.750000 62.371395 0.208000 88.150002
461.750000 62.371395 0.208000 88.260002
461.750000 62.371395 0.208000 88.355003
461.750000 62.371395 0.208000 88.449997
461.750000 62.572533 0.208000 88.565002
461.750000 62.572533 0.208000 88.665001
461.750000 62.572533 0.236000 88.754997
461.750000 62.572533 0.236000 88.870003
461.750000 62.572533 0.236000 88.949997
461.750000 62.572533 0.236000 89.070000
461.750000 62.572533 0.236000 89.154999
461.750000 62.572533 0.236000 89.264999
461.750000 62.572533 0.236000 89.349998
461.750000 62.572533 0.236000 89.470001
461.750000 62.572533 0.236000 89.555000
461.750000 62.572533 0.236000 89.665001
461.750000 62.572533 0.196000 89.754997
461.750000 62.572533 0.196000 89.864998
461.750000 62.572533 0.196000 89.949997
461.750000 62.572533 0.196000 90.065002
461.750000 62.572533 0.196000 90.150002
461.750000 62.572533 0.196000 90.264999
461.750000 62.572533 0.196000 90.349998
461.750000 62.572533 0.196000 90.464996
461.750000 62.572533 0.196000 90.544998
461.750000 62.572533 0.196000 90.665001
461.750000 62.572533 0.200000 90.750000
461.750000 62.572533 0.200000 90.864998
461.750000 62.572533 0.200000 90.949997
461.750000 62.776928 0.200000 91.065002
461.750000 62.984264 0.200000 91.150002
461.750000 63.201153 0.200000 91.264999
461.750000 63.439468 0.200000 91.349998
461.750000 63.654076 0.200000 91.464996
461.750000 63.861088 0.200000 91.555000
461.750000 64.069420 0.200000 91.665001
461.750000 64.278320 0.204000 91.754997
461.750000 64.487488 0.204000 91.864998
461.750000 64.487488 0.204000 91.949997
461.750000 64.696838 0.204000 92.065002
461.750000 64.936363 0.204000 92.150002
461.750000 65.176071 0.204000 92.269997
461.750000 65.385818 0.204000 92.355003
461.750000 65.595604 0.204000 92.464996
461.750000 65.825272 0.204000 92.559998
461.875000 66.033592 0.204000 92.669998
461.875000 66.238876 0.238000 92.764999
462.000000 66.441193 0.238000 92.875000
462.000000 66.441193 0.238000 92.964996
462.000000 66.642097 0.238000 93.050003
462.000000 66.642097 0.238000 93.160004
462.250000 66.844749 0.238000 93.264999
462.250000 66.844749 0.238000 93.364998
462.250000 66.844749 0.238000 93.455002
462.250000 66.844749 0.238000 93.565002
462.250000 67.051971 0.238000 93.660004
462.250000 67.051971 0.210000 93.769997
462.375000 67.051971 0.210000 93.855003
462.375000 67.051971 0.210000 93.959999
462.375000 67.051971 0.210000 94.050003
462.375000 67.051971 0.210000 94.165001
462.375000 67.051971 0.210000 94.250000
462.375000 67.051971 0.210000 94.364998
462.375000 67.051971 0.210000 94.449997
462.375000 67.051971 0.210000 94.565002
462.375000 67.051971 0.210000 94.654999
462.375000 67.051971 0.207000 94.754997
462.375000 67.051971 0.207000 94.860001
462.375000 67.051971 0.207000 94.949997
462.375000 67.051971 0.207000 95.065002
462.375000 67.051971 0.207000 95.150002
462.375000 67.257561 0.207000 95.264999
462.375000 67.257561 0.207000 95.349998
462.375000 67.464928 0.207000 95.470001
462.375000 67.665451 0.207000 95.550003
462.500000 67.665451 0.207000 95.665001
462.500000 67.871315 0.208000 95.750000
462.500000 68.072098 0.208000 95.864998
462.500000 68.072098 0.208000 95.949997
462.625000 68.272202 0.208000 96.065002
462.625000 68.472282 0.208000 96.150002
462.625000 68.675186 0.208000 96.264999
462.625000 68.675186 0.208000 96.349998
462.750000 68.876717 0.208000 96.464996
462.750000 68.876717 0.208000 96.570000
462.750000 68.876717 0.208000 96.660004
462.750000 68.876717 0.227000 96.769997
462.750000 68.876717 0.227000 96.855003
462.750000 69.077827 0.227000 96.959999
462.750000 69.077827 0.227000 97.050003
462.750000 69.077827 0.227000 97.165001
462.750000 69.077827 0.227000 97.250000
462.750000 69.077827 0.227000 97.364998
462.750000 69.077827 0.227000 97.449997
462.750000 69.077827 0.227000 97.559998
462.750000 69.077827 0.230000 97.654999
462.750000 69.077827 0.230000 97.754997
462.750000 69.077827 0.230000 97.849998
462.750000 69.077827 0.230000 97.959999
462.750000 69.077827 0.230000 98.065002
462.750000 69.077827 0.230000 98.150002
462.750000 69.077827 0.230000 98.260002
462.750000 69.077827 0.230000 98.345001
462.750000 69.077827 0.230000 98.455002
462.750000 69.278549 0.230000 98.559998
462.750000 69.278549 0.230000 98.650002
462.750000 69.483315 0.208000 98.764999
462.750000 69.709152 0.208000 98.849998
462.750000 69.709152 0.208000 98.959999
462.750000 69.912468 0.208000 99.065002
462.750000 70.143860 0.208000 99.154999
463.250000 70.143860 0.208000 99.264999
465.375000 70.367767 0.208000 99.349998
465.500000 70.572105 0.208000 99.464996
465.750000 70.572105 0.208000 99.550003
465.750000 70.775635 0.208000 99.665001
465.750000 70.977844 0.244000 99.769997
466.125000 71.204185 0.244000 99.860001
466.250000 71.204185 0.244000 99.970001
466.250000 71.439072 0.244000 100.065002
466.250000 71.641350 0.244000 100.154999
466.250000 71.641350 0.244000 100.264999
466.250000 71.841354 0.244000 100.355003
466.375000 71.841354 0.244000 100.459999
466.375000 71.841354 0.244000 100.565002
466.500000 71.841354 0.244000 100.669998
466.500000 71.841354 0.187000 100.754997
466.500000 72.042709 0.187000 100.870003
466.500000 72.042709 0.187000 100.955002
466.500000 72.042709 0.187000 101.070000
466.500000 72.042709 0.187000 101.165001
466.500000 72.042709 0.187000 101.269997
466.500000 72.042709 0.187000 101.370003
466.500000 72.042709 0.187000 101.464996
466.500000 72.042709 0.187000 101.555000
466.500000 72.042709 0.187000 101.665001
466.500000 72.042709 0.187000 101.754997
466.500000 72.042709 0.187000 101.864998
466.500000 72.042709 0.187000 101.964996
466.500000 72.042709 0.187000 102.059998
466.500000 72.042709 0.187000 102.165001
466.500000 72.042709 0.187000 102.264999
466.500000 72.042709 0.187000 102.364998
466.500000 72.042709 0.187000 102.464996
466.500000 72.042709 0.187000 102.559998
466.500000 72.042709 0.187000 102.644997
466.500000 72.042709 0.183000 102.764999
466.500000 72.042709 0.183000 102.849998
466.500000 72.042709 0.183000 102.970001
466.500000 72.042709 0.183000 103.066002
466.500000 72.042709 0.183000 103.150002
466.500000 72.042709 0.183000 103.260002
466.500000 72.042709 0.183000 103.364998
466.500000 72.042709 0.183000 103.464996
466.500000 72.042709 0.183000 103.555000
466.500000 72.042709 0.183000 103.665001
466.500000 72.042709 0.178000 103.750000
466.500000 72.247719 0.178000 103.860001
466.500000 72.452225 0.178000 103.964996
466.500000 72.452225 0.178000 104.055000
466.500000 72.660835 0.178000 104.165001
466.625000 72.660835 0.178000 104.254997
466.625000 72.871475 0.178000 104.364998
466.625000 72.871475 0.178000 104.449997
466.625000 73.082344 0.178000 104.565002
466.625000 73.082344 0.178000 104.665001
466.750000 73.082344 0.230000 104.750000
466.875000 73.284256 0.230000 104.855003
466.875000 73.284256 0.230000 104.964996
466.875000 73.284256 0.230000 105.055000
466.875000 73.284256 0.230000 105.165001
466.875000 73.284256 0.230000 105.254997
466.875000 73.284256 0.230000 105.364998
466.875000 73.484886 0.230000 105.455002
466.875000 73.484886 0.230000 105.565002
466.875000 73.484886 0.230000 105.644997
466.875000 73.484886 0.214000 105.754997
466.875000 73.484886 0.214000 105.870003
466.875000 73.484886 0.214000 105.955002
466.875000 73.484886 0.214000 106.065002
466.875000 73.484886 0.214000 106.150002
466.875000 73.484886 0.214000 106.264999
466.875000 73.484886 0.214000 106.349998
466.875000 73.484886 0.214000 106.449997
466.875000 73.484886 0.214000 106.559998
466.875000 73.484886 0.214000 106.650002
466.875000 73.689140 0.205000 106.764999
466.875000 73.907959 0.205000 106.849998
466.875000 73.907959 0.205000 106.964996
466.875000 74.130066 0.205000 107.055000
466.875000 74.330574 0.205000 107.165001
466.875000 74.330574 0.205000 107.264999
466.875000 74.537483 0.205000 107.364998
466.875000 74.751205 0.205000 107.445000
466.875000 74.751205 0.205000 107.559998
466.875000 74.952164 0.205000 107.665001
466.875000 75.152763 0.231000 107.750000
466.875000 75.354866 0.231000 107.870003
466.875000 75.354866 0.231000 107.955002
466.875000 75.558624 0.231000 108.065002
466.875000 75.777946 0.231000 108.154999
466.875000 75.777946 0.231000 108.264999
466.875000 76.005524 0.231000 108.355003
466.875000 76.205658 0.231000 108.464996
466.875000 76.205658 0.231000 108.555000
466.875000 76.406609 0.231000 108.665001
466.875000 76.609406 0.225000 108.754997
467.000000 76.833893 0.225000 108.864998
467.000000 76.833893 0.225000 108.949997
467.125000 77.036606 0.225000 109.065002
467.125000 77.270782 0.225000 109.154999
467.125000 77.270782 0.225000 109.264999
467.125000 77.498260 0.225000 109.349998
467.125000 77.703583 0.225000 109.464996
467.125000 77.907112 0.225000 109.544998
467.125000 77.907112 0.225000 109.654999
467.125000 78.122879 0.208000 109.760002
467.125000 78.341454 0.208000 109.845001
467.125000 78.575768 0.208000 109.959999
467.125000 78.813400 0.208000 110.065002
467.125000 79.042473 0.208000 110.154999
467.125000 79.253632 0.208000 110.264999
467.125000 79.453720 0.208000 110.360001
467.125000 79.654449 0.208000 110.459999
467.125000 79.857483 0.208000 110.555000
467.125000 80.068878 0.208000 110.665001
467.250000 80.068878 0.216000 110.745003
467.250000 80.485794 0.216000 110.870003
467.250000 80.485794 0.216000 110.970001
467.375000 80.707787 0.216000 111.059998
467.375000 80.707787 0.216000 111.165001
467.375000 80.707787 0.216000 111.250000
467.375000 80.913628 0.216000 111.364998
467.375000 80.913628 0.216000 111.449997
467.375000 80.913628 0.216000 111.565002
467.375000 80.913628 0.216000 111.650002
467.375000 80.913628 0.218000 111.764999
467.500000 80.913628 0.218000 111.849998
467.500000 80.913628 0.218000 111.964996
467.625000 81.116302 0.218000 112.070000
467.625000 81.116302 0.218000 112.154999
467.625000 81.116302 0.218000 112.264999
467.625000 81.116302 0.218000 112.355003
467.625000 81.116302 0.218000 112.470001
467.625000 81.116302 0.218000 112.555000
467.625000 81.116302 0.218000 112.665001
467.625000 81.116302 0.210000 112.754997
467.625000 81.116302 0.210000 112.864998
467.625000 81.116302 0.210000 112.955002
467.625000 81.116302 0.210000 113.065002
467.625000 81.116302 0.210000 113.150002
467.625000 81.116302 0.210000 113.264999
467.625000 81.116302 0.210000 113.349998
467.625000 81.116302 0.210000 113.464996
467.625000 81.116302 0.210000 113.555000
467.625000 81.116302 0.210000 113.665001
467.625000 81.116302 0.209000 113.775002
467.625000 81.116302 0.209000 113.855003
467.625000 81.116302 0.209000 113.964996
467.625000 81.116302 0.209000 114.070000
467.625000 81.116302 0.209000 114.154999
467.625000 81.116302 0.209000 114.264999
467.625000 81.116302 0.209000 114.349998
467.625000 81.116302 0.209000 114.464996
467.625000 81.116302 0.209000 114.574997
467.625000 81.116302 0.209000 114.669998
467.625000 81.116302 0.214000 114.750000
467.625000 81.116302 0.214000 114.855003
467.625000 81.116302 0.214000 114.949997
467.625000 81.116302 0.214000 115.070000
467.625000 81.116302 0.214000 115.150002
467.625000 81.116302 0.214000 115.260002
467.625000 81.116302 0.214000 115.345001
467.750000 81.116302 0.214000 115.459999
467.750000 81.116302 0.214000 115.570000
467.750000 81.116302 0.214000 115.665001
467.750000 81.116302 0.213000 115.754997
467.750000 81.116302 0.213000 115.864998
467.750000 81.337631 0.213000 115.955002
467.750000 81.539200 0.213000 116.059998
467.750000 81.539200 0.213000 116.165001
467.750000 81.741684 0.213000 116.254997
467.750000 81.947594 0.213000 116.364998
467.750000 81.947594 0.213000 116.455002
467.875000 82.150063 0.213000 116.565002
467.875000 82.389160 0.213000 116.654999
467.875000 82.592316 0.218000 116.764999
468.000000 82.592316 0.218000 116.855003
468.125000 82.796730 0.218000 116.964996
468.375000 82.796730 0.218000 117.050003
468.375000 83.010727 0.218000 117.165001
468.625000 83.010727 0.218000 117.245003
468.625000 83.010727 0.218000 117.360001
468.750000 83.010727 0.218000 117.464996
468.875000 83.010727 0.218000 117.555000
469.125000 83.010727 0.218000 117.660004
469.125000 83.010727 0.197000 117.764999
469.125000 83.010727 0.197000 117.849998
469.125000 83.010727 0.197000 117.970001
469.125000 83.010727 0.197000 118.065002
469.250000 83.010727 0.197000 118.150002
469.250000 83.010727 0.197000 118.269997
469.250000 83.010727 0.197000 118.364998
469.250000 83.010727 0.197000 118.459999
469.250000 83.010727 0.197000 118.570000
469.250000 83.010727 0.197000 118.654999
469.250000 83.010727 0.181000 118.764999
469.375000 83.010727 0.181000 118.870003
469.375000 83.010727 0.181000 118.959999
469.500000 83.213280 0.181000 119.065002
469.625000 83.213280 0.181000 119.154999
469.625000 83.417313 0.181000 119.264999
469.625000 83.621925 0.181000 119.355003
469.625000 83.621925 0.181000 119.470001
469.625000 83.828278 0.181000 119.555000
469.625000 84.045044 0.181000 119.660004
469.625000 84.045044 0.211000 119.769997
469.625000 84.278618 0.211000 119.860001
469.625000 84.498169 0.211000 119.964996
469.625000 84.498169 0.211000 120.050003
469.625000 84.702721 0.211000 120.165001
469.625000 84.906181 0.211000 120.250000
469.750000 85.141502 0.211000 120.364998
469.750000 85.347336 0.211000 120.455002
469.750000 85.549377 0.211000 120.565002
469.875000 85.754410 0.211000 120.665001
469.875000 85.754410 0.227000 120.754997
470.000000 85.960670 0.227000 120.864998
470.000000 86.198387 0.227000 120.955002
470.000000 86.403030 0.227000 121.070000
470.125000 86.607620 0.227000 121.154999
470.125000 86.607620 0.227000 121.269997
470.250000 86.836029 0.227000 121.349998
470.375000 87.063934 0.227000 121.459999
470.500000 87.063934 0.227000 121.565002
471.125000 87.284798 0.227000 121.650002
472.250000 87.513718 0.280000 121.754997
475.750000 87.721283 0.280000 121.870003
476.750000 87.721283 0.280000 121.955002
476.875000 87.930336 0.280000 122.070000
477.125000 88.160660 0.280000 122.165001
477.500000 88.160660 0.280000 122.250000
477.875000 88.369545 0.280000 122.360001
477.875000 88.570221 0.280000 122.464996
478.000000 88.816238 0.280000 122.555000
478.000000 89.056351 0.280000 122.665001
478.000000 89.258049 0.273000 122.760002
478.125000 89.458061 0.273000 122.870003
478.125000 89.694099 0.273000 122.955002
478.125000 89.899269 0.273000 123.065002
478.250000 89.899269 0.273000 123.150002
478.250000 90.106422 0.273000 123.264999
478.250000 90.334488 0.273000 123.355003
478.250000 90.334488 0.273000 123.464996
478.375000 90.564430 0.273000 123.555000
478.625000 90.791153 0.273000 123.669998
478.750000 90.791153 0.255000 123.760002
479.125000 90.994278 0.255000 123.845001
479.125000 91.218315 0.255000 123.959999
479.500000 91.218315 0.255000 124.074997
479.500000 91.442978 0.255000 124.154999
479.750000 91.646896 0.255000 124.264999
479.875000 91.646896 0.255000 124.355003
479.875000 91.851562 0.255000 124.464996
479.875000 92.078499 0.255000 124.550003
480.125000 92.283615 0.255000 124.669998
480.250000 92.283615 0.210000 124.754997
480.375000 92.495399 0.210000 124.871002
480.500000 92.699272 0.210000 124.959999
480.625000 92.699272 0.210000 125.050003
480.750000 92.919266 0.210000 125.165001
480.875000 93.119339 0.210000 125.250000
481.000000 93.119339 0.210000 125.364998
481.500000 93.335533 0.210000 125.449997
481.500000 93.537666 0.210000 125.559998
481.500000 93.740486 0.210000 125.669998
481.625000 93.740486 0.222000 125.754997
481.750000 93.944389 0.222000 125.864998
481.750000 94.155113 0.222000 125.949997
481.875000 94.356468 0.222000 126.065002
482.000000 94.356468 0.222000 126.154999
482.000000 94.571442 0.222000 126.264999
482.000000 94.778168 0.222000 126.349998
482.125000 94.778168 0.222000 126.459999
482.250000 94.983963 0.222000 126.559998
482.250000 95.189941 0.262000 126.654999
482.250000 95.189941 0.262000 126.750000
482.250000 95.390572 0.262000 126.849998
482.375000 95.623535 0.262000 126.964996
482.500000 95.623535 0.262000 127.050003
482.500000 95.830597 0.262000 127.165001
482.500000 96.034081 0.262000 127.245003
482.625000 96.237900 0.262000 127.360001
482.625000 96.237900 0.262000 127.474998
482.625000 96.462822 0.262000 127.555000
482.750000 96.665924 0.262000 127.665001
482.750000 96.665924 0.253000 127.754997
482.875000 96.868095 0.253000 127.870003
482.875000 97.099762 0.253000 127.955002
483.000000 97.099762 0.253000 128.070007
483.000000 97.325066 0.253000 128.154999
483.000000 97.528976 0.253000 128.259995
483.125000 97.528976 0.253000 128.360001
483.125000 97.754959 0.253000 128.449997
483.250000 97.959297 0.253000 128.565002
483.250000 97.959297 0.253000 128.649994
483.375000 98.163506 0.250000 128.759995
483.375000 98.389565 0.250000 128.839996
483.375000 98.389565 0.250000 128.955002
483.375000 98.593620 0.250000 129.070007
483.500000 98.797531 0.250000 129.154999
483.500000 99.008743 0.250000 129.264999
483.500000 99.008743 0.250000 129.354996
483.625000 99.213081 0.250000 129.470993
483.750000 99.432053 0.250000 129.554993
483.750000 99.432053 0.250000 129.669998
483.750000 99.665825 0.261000 129.764999
483.875000 99.868660 0.261000 129.850006
483.875000 99.868660 0.261000 129.960007
483.875000 100.071587 0.261000 130.054993
484.000000 100.071587 0.261000 130.164993
484.000000 100.071587 0.261000 130.255005
484.000000 100.276550 0.261000 130.365005
484.000000 100.276550 0.261000 130.449997
484.000000 100.276550 0.261000 130.565002
484.000000 100.276550 0.261000 130.649994
484.000000 100.276550 0.277000 130.764999
484.000000 100.276550 0.277000 130.860001
484.000000 100.276550 0.277000 130.955002
484.000000 100.476578 0.277000 131.059998
484.000000 100.476578 0.277000 131.154999
484.000000 100.476578 0.277000 131.259995
484.000000 100.476578 0.277000 131.354996
484.000000 100.476578 0.277000 131.460007
484.000000 100.476578 0.277000 131.554993
484.000000 100.476578 0.277000 131.660004
484.000000 100.476578 0.263000 131.750000
484.000000 100.476578 0.263000 131.865005
484.000000 100.476578 0.263000 131.960007
484.000000 100.476578 0.263000 132.050003
484.000000 100.476578 0.263000 132.164993
484.000000 100.476578 0.263000 132.250000
484.000000 100.476578 0.263000 132.369995
484.000000 100.476578 0.263000 132.455002
484.125000 100.476578 0.263000 132.565002
484.125000 100.680145 0.263000 132.660004
484.125000 100.680145 0.251000 132.759995
484.125000 100.901718 0.251000 132.839996
484.125000 101.104599 0.251000 132.960007
484.250000 101.104599 0.251000 133.054993
484.250000 101.327423 0.251000 133.164993
484.250000 101.530937 0.251000 133.255005
484.250000 101.530937 0.251000 133.365005
484.375000 101.731613 0.251000 133.455002
484.500000 101.731613 0.251000 133.559998
484.500000 101.935349 0.251000 133.649994
484.500000 101.935349 0.236000 133.755005
484.500000 101.935349 0.236000 133.869995
484.500000 101.935349 0.236000 133.955002
484.500000 102.135986 0.236000 134.070007
484.500000 102.135986 0.236000 134.149994
484.500000 102.135986 0.236000 134.264999
484.500000 102.135986 0.236000 134.350006
484.500000 102.135986 0.236000 134.464996
484.500000 102.135986 0.236000 134.554993
484.500000 102.135986 0.236000 134.664993
484.500000 102.135986 0.191000 134.755005
484.500000 102.135986 0.191000 134.865005
484.500000 102.135986 0.191000 134.949997
484.500000 102.135986 0.191000 135.065002
484.500000 102.354942 0.191000 135.154999
484.500000 102.354942 0.191000 135.264999
484.625000 102.558823 0.191000 135.350006
484.625000 102.775162 0.191000 135.470001
484.625000 102.775162 0.191000 135.565002
484.625000 102.989716 0.191000 135.649994
484.625000 103.196686 0.216000 135.770004
484.625000 103.196686 0.216000 135.854996
484.625000 103.400322 0.216000 135.960007
484.625000 103.605278 0.216000 136.039993
484.750000 103.605278 0.216000 136.154999
484.750000 103.809402 0.216000 136.244995
484.750000 103.809402 0.216000 136.365005
484.750000 104.012451 0.216000 136.449997
484.875000 104.012451 0.216000 136.570007
484.875000 104.012451 0.216000 136.654999
484.875000 104.215950 0.218000 136.764999
485.000000 104.215950 0.218000 136.854996
485.125000 104.420570 0.218000 136.960007
485.125000 104.420570 0.218000 137.050003
485.125000 104.624565 0.218000 137.164993
485.125000 104.624565 0.218000 137.255005
485.125000 104.828629 0.218000 137.365005
485.125000 104.828629 0.218000 137.455002
485.125000 104.828629 0.218000 137.570007
485.250000 104.828629 0.218000 137.654999
485.250000 105.029999 0.225000 137.764999
485.250000 105.029999 0.225000 137.860001
485.250000 105.029999 0.225000 137.945007
485.250000 105.029999 0.225000 138.065002
485.250000 105.029999 0.225000 138.149994
485.375000 105.029999 0.225000 138.264999
485.375000 105.029999 0.225000 138.350006
485.375000 105.029999 0.225000 138.455002
485.375000 105.029999 0.225000 138.565002
485.375000 105.029999 0.225000 138.660004
485.375000 105.029999 0.219000 138.750000
485.375000 105.029999 0.219000 138.865005
485.375000 105.029999 0.219000 138.955002
485.375000 105.029999 0.219000 139.065002
485.375000 105.029999 0.219000 139.149994
485.375000 105.029999 0.219000 139.264999
485.375000 105.235313 0.219000 139.350006
485.375000 105.442139 0.219000 139.470001
485.500000 105.442139 0.219000 139.554993
485.500000 105.675095 0.219000 139.664993
485.500000 105.876472 0.220000 139.750000
485.625000 105.876472 0.220000 139.865005
485.625000 106.082367 0.220000 139.949997
485.625000 106.290222 0.220000 140.065002
485.750000 106.519417 0.220000 140.154999
485.750000 106.732590 0.220000 140.264999
485.750000 106.940620 0.220000 140.354996
485.750000 107.140808 0.220000 140.464996
485.750000 107.341995 0.220000 140.554993
485.750000 107.542610 0.220000 140.669998
485.750000 107.752098 0.198000 140.755005
485.875000 107.953545 0.198000 140.869995
486.000000 107.953545 0.198000 140.949997
486.000000 108.372650 0.198000 141.065002
486.000000 108.372650 0.198000 141.149994
486.000000 108.581879 0.198000 141.259995
486.125000 108.810654 0.198000 141.354996
487.500000 109.039619 0.198000 141.460007
487.750000 109.258972 0.198000 141.559998
488.125000 109.508514 0.198000 141.654999
488.250000 109.726974 0.192000 141.770004
488.625000 109.927589 0.192000 141.854996
489.125000 109.927589 0.192000 141.964996
489.375000 110.128059 0.192000 142.050003
489.625000 110.128059 0.192000 142.160004
490.125000 110.328323 0.192000 142.255005
490.375000 110.328323 0.192000 142.365005
490.375000 110.328323 0.192000 142.455002
490.625000 110.328323 0.192000 142.570007
490.750000 110.531815 0.192000 142.654999
490.875000 110.531815 0.257000 142.764999
491.250000 110.733932 0.257000 142.869995
491.500000 110.935989 0.257000 142.964996
491.625000 110.935989 0.257000 143.059998
491.625000 111.138611 0.257000 143.164993
492.000000 111.356613 0.257000 143.250000
492.625000 111.561111 0.257000 143.365005
492.875000 111.561111 0.257000 143.455002
493.125000 111.773285 0.257000 143.565002
494.375000 111.978668 0.257000 143.654999
499.000000 111.978668 0.257000 143.764999
501.000000 112.200554 0.274000 143.850006
501.750000 112.407959 0.274000 143.964996
502.625000 112.615585 0.274000 144.050003
503.125000 112.819496 0.274000 144.169998
503.875000 112.819496 0.274000 144.255005
504.125000 113.028008 0.274000 144.365005
504.375000 113.251244 0.274000 144.455002
504.625000 113.498375 0.274000 144.570007
505.250000 113.727562 0.274000 144.649994
506.125000 113.957405 0.271000 144.770004
506.250000 114.165802 0.271000 144.865005
506.375000 114.165802 0.271000 144.949997
506.500000 114.393951 0.271000 145.065002
506.500000 114.642288 0.271000 145.154999
507.000000 114.850899 0.271000 145.270004
507.250000 115.059280 0.271000 145.354996
507.500000 115.287079 0.271000 145.464996
507.500000 115.535400 0.271000 145.559998
508.000000 115.744553 0.271000 145.664993
508.250000 115.949196 0.271000 145.755005
508.500000 116.151649 0.299000 145.865005
508.500000 116.151649 0.299000 145.970001
509.000000 116.354889 0.299000 146.059998
509.250000 116.568176 0.299000 146.169998
510.000000 116.773430 0.299000 146.259995
510.125000 116.773430 0.299000 146.369995
510.375000 116.984032 0.299000 146.455002
510.500000 117.186554 0.299000 146.559998
511.125000 117.186554 0.247000 146.649994
511.500000 117.388969 0.247000 146.770004
512.125000 117.591568 0.247000 146.854996
512.500000 117.818375 0.247000 146.964996
513.000000 117.818375 0.247000 147.044998
513.250000 118.022003 0.247000 147.169998
513.750000 118.259972 0.247000 147.255005
514.250000 118.464783 0.247000 147.365005
514.500000 118.464783 0.247000 147.455002
515.250000 118.667816 0.247000 147.559998
516.000000 118.869507 0.247000 147.654999
516.375000 119.075256 0.236000 147.764999
516.625000 119.285629 0.236000 147.850006
517.625000 119.489166 0.236000 147.960007
518.000000 119.489166 0.236000 148.050003
518.250000 119.693428 0.236000 148.164993
518.250000 119.693428 0.236000 148.255005
518.750000 119.893913 0.236000 148.369995
519.000000 119.893913 0.236000 148.455002
519.625000 120.096443 0.236000 148.565002
519.875000 120.298737 0.236000 148.654999
520.250000 120.298737 0.258000 148.759995
520.625000 120.504539 0.258000 148.854996
520.875000 120.713066 0.258000 148.964996
521.000000 120.935928 0.258000 149.059998
521.375000 121.170662 0.258000 149.164993
521.625000 121.407280 0.258000 149.255005
521.875000 121.615707 0.258000 149.365005
522.750000 121.824860 0.258000 149.445007
523.375000 122.034393 0.258000 149.565002
524.125000 122.243752 0.258000 149.654999
524.500000 122.449257 0.247000 149.770004
525.375000 122.449257 0.247000 149.860001
525.625000 122.685692 0.247000 149.960007
525.875000 122.899918 0.247000 150.039993
526.375000 123.107109 0.247000 150.169998
526.750000 123.107109 0.247000 150.255005
527.000000 123.313019 0.247000 150.339996
527.250000 123.523964 0.247000 150.460007
527.750000 123.523964 0.247000 150.539993
528.625000 123.752403 0.247000 150.654999
529.500000 123.956940 0.243000 150.759995
530.500000 123.956940 0.243000 150.860001
531.375000 124.162659 0.243000 150.970001
531.625000 124.363251 0.243000 151.054993
532.500000 124.569016 0.243000 151.164993
533.125000 124.569016 0.243000 151.250000
533.250000 124.773956 0.243000 151.365005
533.375000 124.980370 0.243000 151.449997
533.875000 124.980370 0.243000 151.565002
534.250000 125.186249 0.243000 151.660004
534.875000 125.399429 0.253000 151.764999
535.000000 125.606247 0.253000 151.865005
535.250000 125.606247 0.253000 151.949997
535.375000 125.837090 0.253000 152.065002
535.750000 126.040245 0.253000 152.149994
536.375000 126.040245 0.253000 152.255005
536.625000 126.244827 0.253000 152.375000
537.250000 126.450150 0.253000 152.470001
537.500000 126.655815 0.253000 152.559998
537.625000 126.655815 0.253000 152.649994
538.375000 126.863472 0.236000 152.764999
538.500000 127.065361 0.236000 152.850006
538.875000 127.266876 0.236000 152.970001
539.250000 127.506577 0.236000 153.059998
539.500000 127.711922 0.236000 153.164993
539.750000 127.918663 0.236000 153.255005
540.000000 128.125854 0.236000 153.365005
540.125000 128.125854 0.236000 153.455002
540.375000 128.342880 0.236000 153.565002
540.500000 128.549881 0.236000 153.654999
540.750000 128.756927 0.253000 153.764999
541.000000 128.973312 0.253000 153.850006
541.375000 129.178955 0.253000 153.970001
541.750000 129.386337 0.253000 154.054993
542.125000 129.625290 0.253000 154.169998
542.250000 129.865509 0.253000 154.255005
542.375000 130.066177 0.253000 154.365005
543.125000 130.277084 0.253000 154.464996
543.250000 130.478043 0.253000 154.554993
543.625000 130.678070 0.253000 154.660004
543.875000 130.882111 0.239000 154.779999
544.250000 131.090607 0.239000 154.860001
544.500000 131.292450 0.239000 154.970001
544.875000 131.292450 0.239000 155.054993
545.250000 131.497314 0.239000 155.164993
545.625000 131.733704 0.239000 155.255005
546.125000 131.942139 0.239000 155.369995
546.250000 132.151382 0.239000 155.455002
546.625000 132.351395 0.239000 155.570999
546.750000 132.551727 0.239000 155.660004
547.000000 132.797928 0.258000 155.740005
547.000000 133.015625 0.258000 155.854996
547.500000 133.218735 0.258000 155.970001
547.500000 133.422516 0.258000 156.054993
547.875000 133.628418 0.258000 156.164993
548.125000 133.835968 0.258000 156.255005
548.500000 134.044785 0.258000 156.365005
549.875000 134.044785 0.258000 156.449997
550.250000 134.454361 0.258000 156.565002
550.625000 134.454361 0.258000 156.645004
550.625000 134.663742 0.271000 156.764999
551.375000 134.895004 0.271000 156.854996
551.875000 135.117798 0.271000 156.964996
552.750000 135.332504 0.271000 157.054993
552.875000 135.332504 0.271000 157.134995
553.125000 135.532730 0.271000 157.255005
553.250000 135.740021 0.271000 157.365005
553.750000 135.951172 0.271000 157.455002
553.750000 135.951172 0.271000 157.565002
554.125000 136.154099 0.271000 157.654999
554.125000 136.372147 0.269000 157.770004
554.500000 136.575439 0.269000 157.850006
555.250000 136.575439 0.269000 157.970001
555.500000 136.786453 0.269000 158.054993
556.125000 136.990005 0.269000 158.164993
556.125000 136.990005 0.269000 158.255005
556.375000 137.217224 0.269000 158.369995
557.250000 137.422760 0.269000 158.455002
557.375000 137.629715 0.269000 158.559998
557.625000 137.847672 0.269000 158.649994
557.875000 138.071564 0.246000 158.770004
558.125000 138.277985 0.246000 158.865005
558.375000 138.277985 0.246000 158.949997
558.500000 138.505203 0.246000 159.065002
558.500000 138.752975 0.246000 159.154999
558.750000 138.960419 0.246000 159.270004
558.875000 139.168732 0.246000 159.360001
559.375000 139.378082 0.246000 159.455002
559.500000 139.580109 0.246000 159.550003
559.500000 139.786560 0.251000 159.649994
559.750000 140.011795 0.251000 159.755005
560.125000 140.218796 0.251000 159.869995
560.250000 140.218796 0.251000 159.955002
560.625000 140.424026 0.251000 160.074997
560.750000 140.648087 0.251000 160.154999
561.000000 140.648087 0.251000 160.259995
561.250000 140.855225 0.251000 160.354996
561.625000 141.076111 0.251000 160.464996
562.000000 141.279922 0.251000 160.565002
562.500000 141.279922 0.251000 160.660004
562.750000 141.483643 0.250000 160.764999
564.000000 141.710022 0.250000 160.854996
565.125000 141.914139 0.250000 160.975006
565.500000 141.914139 0.250000 161.065002
565.875000 142.119049 0.250000 161.154999
566.875000 142.324402 0.250000 161.266006
567.500000 142.324402 0.250000 161.354996
567.500000 142.529953 0.250000 161.470001
568.125000 142.733185 0.250000 161.550003
568.625000 142.941071 0.250000 161.669998
568.625000 143.146118 0.237000 161.755005
568.750000 143.348969 0.237000 161.865005
569.125000 143.554657 0.237000 161.955002
569.750000 143.554657 0.237000 162.035004
569.875000 143.967896 0.237000 162.164993
570.000000 143.967896 0.237000 162.250000
570.250000 144.184708 0.237000 162.365005
570.625000 144.392715 0.237000 162.455002
570.625000 144.601456 0.237000 162.565002
571.000000 144.830627 0.237000 162.654999
571.250000 145.069183 0.256000 162.770004
571.625000 145.300781 0.256000 162.850006
572.125000 145.502960 0.256000 162.960007
572.125000 145.502960 0.256000 163.054993
572.125000 145.729034 0.256000 163.139999
572.375000 145.929443 0.256000 163.264999
572.750000 146.133499 0.256000 163.350006
573.250000 146.133499 0.256000 163.464996
574.000000 146.341980 0.256000 163.554993
575.375000 146.545761 0.256000 163.669998
576.125000 146.545761 0.216000 163.759995
577.125000 146.756256 0.216000 163.869995
577.875000 146.988846 0.216000 163.955002
580.000000 146.988846 0.216000 164.065002
581.000000 147.213455 0.216000 164.149994
582.500000 147.433212 0.216000 164.264999
583.125000 147.433212 0.216000 164.360001
584.125000 147.640381 0.216000 164.464996
585.125000 147.865356 0.216000 164.550003
586.125000 148.069321 0.216000 164.664993
586.750000 148.069321 0.195000 164.744995
587.125000 148.277145 0.195000 164.865005
588.375000 148.277145 0.195000 164.945007
589.500000 148.479507 0.195000 165.065002
589.875000 148.479507 0.195000 165.154999
589.875000 148.680786 0.195000 165.264999
589.875000 148.680786 0.195000 165.354996
590.000000 148.680786 0.195000 165.470001
590.125000 148.680786 0.195000 165.565002
590.125000 148.680786 0.195000 165.645004
590.125000 148.680786 0.189000 165.764999
590.250000 148.680786 0.189000 165.850006
590.375000 148.680786 0.189000 165.970001
590.625000 148.680786 0.189000 166.054993
590.625000 148.680786 0.189000 166.169998
590.625000 148.680786 0.189000 166.255005
590.625000 148.880814 0.189000 166.360001
590.625000 148.880814 0.189000 166.449997
590.625000 148.880814 0.189000 166.570007
590.625000 148.880814 0.189000 166.664993
590.625000 148.880814 0.180000 166.750000
590.625000 148.880814 0.180000 166.865005
590.625000 148.880814 0.180000 166.949997
590.625000 148.880814 0.180000 167.059998
590.625000 149.098724 0.180000 167.154999
591.125000 149.298752 0.180000 167.264999
591.250000 149.298752 0.180000 167.350006
591.250000 149.525406 0.180000 167.464996
591.250000 149.731644 0.180000 167.554993
591.375000 149.731644 0.180000 167.639999
591.375000 149.958344 0.189000 167.764999
591.375000 150.162903 0.189000 167.854996
591.500000 150.368652 0.189000 167.975006
591.500000 150.368652 0.189000 168.054993
591.500000 150.588791 0.189000 168.164993
591.625000 150.790787 0.189000 168.250000
591.625000 150.790787 0.189000 168.360001
591.625000 150.994034 0.189000 168.449997
591.750000 151.197037 0.189000 168.565002
591.875000 151.197037 0.189000 168.649994
591.875000 151.410660 0.198000 168.755005
591.875000 151.643417 0.198000 168.869995
591.875000 151.643417 0.198000 168.964996
592.000000 151.846786 0.198000 169.059998
592.000000 151.846786 0.198000 169.160004
592.000000 152.047104 0.198000 169.270004
592.000000 152.047104 0.198000 169.360001
592.000000 152.047104 0.198000 169.434998
592.000000 152.047104 0.198000 169.565002
592.000000 152.047104 0.198000 169.660004
592.000000 152.047104 0.197000 169.764999
592.000000 152.047104 0.197000 169.850006
592.000000 152.047104 0.197000 169.970001
592.000000 152.248398 0.197000 170.065002
592.000000 152.248398 0.197000 170.154999
592.000000 152.248398 0.197000 170.259995
592.000000 152.248398 0.197000 170.345001
592.000000 152.248398 0.197000 170.470001
592.000000 152.248398 0.197000 170.565002
592.000000 152.248398 0.197000 170.654999
592.000000 152.248398 0.192000 170.764999
592.000000 152.248398 0.192000 170.850006
592.000000 152.248398 0.192000 170.964996
592.000000 152.248398 0.192000 171.065002
592.000000 152.248398 0.192000 171.154999
592.000000 152.248398 0.192000 171.235001
592.000000 152.248398 0.192000 171.354996
592.000000 152.248398 0.192000 171.460007
592.000000 152.248398 0.192000 171.554993
592.000000 152.248398 0.192000 171.669998
592.000000 152.454010 0.194000 171.759995
592.000000 152.659210 0.194000 171.869995
592.000000 152.659210 0.194000 171.955002
592.000000 152.873245 0.194000 172.059998
592.000000 153.087997 0.194000 172.160004
592.125000 153.294876 0.194000 172.259995
592.125000 153.501541 0.194000 172.350006
592.250000 153.501541 0.194000 172.460007
592.250000 153.725784 0.194000 172.559998
592.375000 153.933136 0.194000 172.675003
592.500000 153.933136 0.217000 172.755005
592.500000 154.156281 0.217000 172.835007
592.500000 154.361237 0.217000 172.964996
592.500000 154.564941 0.217000 173.050003
592.625000 154.564941 0.217000 173.164993
592.625000 154.784622 0.217000 173.264999
592.625000 154.985626 0.217000 173.365005
592.750000 155.191010 0.217000 173.455002
592.875000 155.393661 0.217000 173.565002
593.000000 155.619614 0.217000 173.649994
593.000000 155.837723 0.211000 173.764999
593.000000 156.046417 0.211000 173.860001
593.125000 156.046417 0.211000 173.940002
593.750000 156.472046 0.211000 174.070007
593.875000 156.472046 0.211000 174.154999
593.875000 156.679611 0.211000 174.264999
593.875000 156.917862 0.211000 174.350006
594.375000 157.166946 0.211000 174.464996
594.625000 157.406525 0.211000 174.550003
594.875000 157.625351 0.211000 174.664993
595.375000 157.827881 0.234000 174.770004
595.375000 158.031815 0.234000 174.860001
595.500000 158.239029 0.234000 174.970001
595.625000 158.239029 0.234000 175.059998
595.625000 158.451584 0.234000 175.160004
595.875000 158.687378 0.234000 175.264999
596.125000 158.895096 0.234000 175.345001
596.625000 159.103577 0.234000 175.464996
596.875000 159.352463 0.234000 175.550003
597.375000 159.571091 0.234000 175.664993
597.875000 159.774445 0.222000 175.764999
598.000000 159.983917 0.222000 175.854996
598.500000 160.186905 0.222000 175.970001
598.500000 160.186905 0.222000 176.054993
598.500000 160.392731 0.222000 176.164993
599.000000 160.600418 0.222000 176.255005
599.125000 160.809158 0.222000 176.369995
599.750000 161.058395 0.222000 176.464996
600.250000 161.268051 0.222000 176.554993
600.875000 161.477676 0.222000 176.660004
601.625000 161.713257 0.225000 176.774994
601.750000 161.924622 0.225000 176.865005
602.000000 161.924622 0.225000 176.949997
602.750000 162.126526 0.225000 177.065002
602.875000 162.126526 0.225000 177.149994
603.250000 162.342117 0.225000 177.255005
603.875000 162.342117 0.225000 177.369995
604.000000 162.342117 0.225000 177.449997
604.250000 162.342117 0.225000 177.565002
604.375000 162.542358 0.225000 177.649994
604.375000 162.542358 0.207000 177.764999
604.375000 162.542358 0.207000 177.854996
604.375000 162.542358 0.207000 177.964996
604.750000 162.542358 0.207000 178.050003
604.875000 162.542358 0.207000 178.164993
604.875000 162.542358 0.207000 178.250000
605.250000 162.542358 0.207000 178.365005
605.250000 162.542358 0.207000 178.455002
605.250000 162.542358 0.207000 178.565002
605.375000 162.542358 0.207000 178.654999
605.375000 162.542358 0.196000 178.770004
605.375000 162.542358 0.196000 178.854996
605.375000 162.542358 0.196000 178.940002
605.375000 162.542358 0.196000 179.054993
605.375000 162.542358 0.196000 179.139999
605.375000 162.542358 0.196000 179.259995
605.375000 162.542358 0.196000 179.365005
605.375000 162.542358 0.196000 179.455002
605.625000 162.747772 0.196000 179.539993
605.750000 162.955505 0.196000 179.664993
606.000000 163.179611 0.197000 179.750000
606.250000 163.389389 0.197000 179.865005
606.375000 163.594452 0.197000 179.975006
606.500000 163.801392 0.197000 180.070007
606.500000 163.801392 0.197000 180.149994
606.625000 164.228104 0.197000 180.264999
606.875000 164.228104 0.197000 180.350006
607.000000 164.437607 0.197000 180.460007
607.125000 164.667953 0.197000 180.550003
607.250000 164.898621 0.197000 180.664993
607.375000 165.107788 0.251000 180.755005
607.375000 165.330688 0.251000 180.875000
607.500000 165.542007 0.251000 180.955002
607.500000 165.745056 0.251000 181.074997
607.625000 165.745056 0.251000 181.154999
607.625000 165.951553 0.251000 181.270004
607.750000 166.151886 0.251000 181.354996
607.875000 166.352371 0.251000 181.464996
608.000000 166.352371 0.251000 181.550003
608.000000 166.559509 0.251000 181.664993
608.000000 166.789627 0.241000 181.750000
608.000000 166.991653 0.241000 181.865005
608.125000 166.991653 0.241000 181.955002
608.125000 167.193741 0.241000 182.065002
608.250000 167.414795 0.241000 182.154999
608.500000 167.414795 0.241000 182.240005
608.625000 167.616272 0.241000 182.360001
608.625000 167.831024 0.241000 182.464996
608.625000 168.036926 0.241000 182.554993
608.750000 168.036926 0.241000 182.664993
608.875000 168.241959 0.210000 182.755005
608.875000 168.454712 0.210000 182.860001
609.000000 168.454712 0.210000 182.960007
609.000000 168.656021 0.210000 183.039993
609.000000 168.859833 0.210000 183.160004
609.000000 169.064301 0.210000 183.244995
609.125000 169.064301 0.210000 183.365005
609.125000 169.283691 0.210000 183.455002
609.125000 169.489029 0.210000 183.539993
609.250000 169.489029 0.210000 183.654999
609.375000 169.691696 0.214000 183.770004
609.375000 169.691696 0.214000 183.850006
609.375000 169.691696 0.214000 183.960007
609.500000 169.691696 0.214000 184.054993
609.500000 169.893494 0.214000 184.169998
609.500000 169.893494 0.214000 184.255005
609.500000 169.893494 0.214000 184.365005
609.500000 170.101807 0.214000 184.460007
609.625000 170.308838 0.214000 184.544998
609.750000 170.511154 0.214000 184.664993
609.750000 170.718689 0.222000 184.755005
609.875000 170.923294 0.222000 184.865005
610.250000 170.923294 0.222000 184.949997
610.375000 171.130569 0.222000 185.065002
610.500000 171.369171 0.222000 185.149994
610.875000 171.608994 0.222000 185.264999
610.875000 171.809372 0.222000 185.350006
611.000000 172.010025 0.222000 185.464996
611.125000 172.210815 0.222000 185.554993
611.125000 172.441803 0.222000 185.664993
611.500000 172.672424 0.230000 185.755005
611.500000 172.892120 0.230000 185.865005
611.625000 173.098770 0.230000 185.949997
611.750000 173.301453 0.230000 186.065002
611.750000 173.301453 0.230000 186.154999
612.000000 173.503693 0.230000 186.274994
612.125000 173.710953 0.230000 186.365005
612.250000 173.912796 0.230000 186.445007
612.250000 173.912796 0.230000 186.565002
612.375000 174.135284 0.230000 186.649994
612.375000 174.341095 0.221000 186.764999
612.500000 174.541977 0.221000 186.850006
612.875000 174.541977 0.221000 186.964996
613.250000 174.771606 0.221000 187.059998
613.250000 175.007141 0.221000 187.149994
613.875000 175.213684 0.221000 187.264999
613.875000 175.417313 0.221000 187.350006
614.625000 175.624130 0.221000 187.464996
615.125000 175.624130 0.221000 187.550003
615.125000 175.851990 0.221000 187.664993
615.500000 176.089890 0.211000 187.755005
616.625000 176.296097 0.211000 187.869995
617.625000 176.499146 0.211000 187.955002
618.250000 176.700775 0.211000 188.070007
619.250000 176.700775 0.211000 188.160004
619.750000 176.700775 0.211000 188.255005
620.125000 176.903030 0.211000 188.350006
620.250000 176.903030 0.211000 188.455002
620.500000 176.903030 0.211000 188.550003
620.625000 176.903030 0.177000 188.649994
620.875000 176.903030 0.177000 188.755005
620.875000 177.103897 0.177000 188.839996
621.000000 177.103897 0.177000 188.945007
621.000000 177.103897 0.177000 189.065002
621.000000 177.103897 0.177000 189.149994
621.000000 177.103897 0.177000 189.264999
621.000000 177.103897 0.177000 189.360001
621.000000 177.103897 0.177000 189.466003
621.000000 177.103897 0.177000 189.554993
621.000000 177.103897 0.177000 189.669998
621.000000 177.103897 0.193000 189.755005
621.000000 177.103897 0.193000 189.869995
621.000000 177.103897 0.193000 189.960007
621.000000 177.103897 0.193000 190.039993
621.000000 177.103897 0.193000 190.160004
621.000000 177.103897 0.193000 190.264999
621.000000 177.103897 0.193000 190.365005
621.125000 177.103897 0.193000 190.449997
621.125000 177.314331 0.193000 190.565002
621.125000 177.314331 0.193000 190.645004
621.125000 177.519684 0.179000 190.764999
621.125000 177.519684 0.179000 190.854996
621.250000 177.725632 0.179000 190.934998
621.375000 177.926559 0.179000 191.070007
621.375000 177.926559 0.179000 191.154999
621.500000 178.127258 0.179000 191.270004
621.500000 178.127258 0.179000 191.354996
621.500000 178.332718 0.179000 191.464996
621.500000 178.544281 0.179000 191.554993
621.500000 178.544281 0.179000 191.664993
621.625000 178.764267 0.209000 191.750000
621.625000 178.965454 0.209000 191.860001
621.750000 178.965454 0.209000 191.949997
621.875000 179.175491 0.209000 192.059998
621.875000 179.378967 0.209000 192.139999
622.125000 179.600266 0.209000 192.255005
622.125000 179.802856 0.209000 192.365005
622.375000 179.802856 0.209000 192.445007
622.500000 180.223328 0.209000 192.570007
622.500000 180.223328 0.209000 192.654999
622.500000 180.430893 0.197000 192.770004
622.625000 180.656723 0.197000 192.854996
622.625000 180.873428 0.197000 192.970001
622.750000 181.094406 0.197000 193.065002
622.750000 181.094406 0.197000 193.149994
622.875000 181.301178 0.197000 193.264999
622.875000 181.523346 0.197000 193.350006
623.000000 181.523346 0.197000 193.464996
623.000000 181.750046 0.197000 193.554993
623.000000 181.954193 0.197000 193.664993
623.000000 181.954193 0.234000 193.755005
623.125000 182.172760 0.234000 193.835007
623.125000 182.376602 0.234000 193.960007
623.125000 182.376602 0.234000 194.050003
623.500000 182.595230 0.234000 194.169998
623.500000 182.799423 0.234000 194.259995
623.500000 183.005798 0.234000 194.350006
623.500000 183.005798 0.234000 194.464996
623.750000 183.214844 0.234000 194.544998
623.875000 183.418427 0.234000 194.664993
623.875000 183.418427 0.217000 194.750000
623.875000 183.631363 0.217000 194.865005
623.875000 183.836105 0.217000 194.955002
623.875000 184.041687 0.217000 195.065002
623.875000 184.041687 0.217000 195.154999
623.875000 184.262985 0.217000 195.240005
624.000000 184.464981 0.217000 195.360001
624.000000 184.671783 0.217000 195.475006
624.000000 184.872864 0.217000 195.554993
624.125000 184.872864 0.217000 195.639999
624.125000 185.074570 0.211000 195.764999
624.250000 185.283279 0.211000 195.860001
624.250000 185.486084 0.211000 195.945007
624.625000 185.692749 0.211000 196.065002
624.750000 185.692749 0.211000 196.145004
625.000000 185.911392 0.211000 196.259995
625.000000 186.116135 0.211000 196.360001
625.000000 186.116135 0.211000 196.470001
625.000000 186.335938 0.211000 196.559998
625.000000 186.537384 0.211000 196.639999
625.125000 186.537384 0.203000 196.755005
625.250000 186.754013 0.203000 196.875000
625.250000 186.967529 0.203000 196.960007
626.000000 186.967529 0.203000 197.070007
626.125000 186.967529 0.203000 197.154999
626.250000 187.168182 0.203000 197.270004
626.375000 187.168182 0.203000 197.360001
626.500000 187.168182 0.203000 197.464996
626.500000 187.168182 0.203000 197.554993
626.500000 187.168182 0.203000 197.664993
626.625000 187.168182 0.199000 197.755005
626.625000 187.368393 0.199000 197.865005
626.625000 187.368393 0.199000 197.955002
626.625000 187.368393 0.199000 198.070007
626.625000 187.368393 0.199000 198.160004
626.625000 187.368393 0.199000 198.250000
626.750000 187.368393 0.199000 198.365005
626.750000 187.368393 0.199000 198.449997
626.750000 187.368393 0.199000 198.559998
626.875000 187.368393 0.199000 198.645004
627.000000 187.368393 0.176000 198.764999
627.125000 187.368393 0.176000 198.860001
627.125000 187.368393 0.176000 198.945007
627.125000 187.368393 0.176000 199.065002
627.125000 187.368393 0.176000 199.149994
627.125000 187.368393 0.176000 199.270004
627.375000 187.368393 0.176000 199.365005
627.375000 187.368393 0.176000 199.445007
627.375000 187.368393 0.176000 199.565002
627.375000 187.368393 0.156000 199.649994
627.375000 187.368393 0.156000 199.770004
627.375000 187.368393 0.156000 199.854996
627.375000 187.368393 0.156000 199.975006
627.375000 187.368393 0.156000 200.054993
627.375000 187.368393 0.156000 200.164993
627.375000 187.368393 0.156000 200.255005
627.375000 187.368393 0.156000 200.365005
627.375000 187.368393 0.156000 200.449997
627.375000 187.368393 0.156000 200.570007
627.500000 187.368393 0.156000 200.654999
627.625000 187.568802 0.162000 200.774994
627.750000 187.568802 0.162000 200.860001
628.000000 187.568802 0.162000 200.949997
630.000000 187.781525 0.162000 201.065002
630.625000 187.982330 0.162000 201.154999
630.625000 188.186890 0.162000 201.264999
630.750000 188.186890 0.162000 201.350006
630.750000 188.388016 0.162000 201.460007
630.750000 188.614075 0.162000 201.570007
631.125000 188.819427 0.162000 201.664993
631.375000 188.819427 0.217000 201.755005
631.375000 189.025009 0.217000 201.869995
631.625000 189.232300 0.217000 201.960007
631.625000 189.440857 0.217000 202.070007
631.625000 189.694412 0.217000 202.164993
631.750000 189.902878 0.217000 202.250000
631.750000 190.111679 0.217000 202.365005
632.125000 190.111679 0.217000 202.449997
632.125000 190.531662 0.217000 202.565994
632.250000 190.531662 0.217000 202.654999
632.500000 190.732010 0.244000 202.764999
632.500000 190.967148 0.244000 202.850006
632.625000 191.176056 0.244000 202.970001
632.625000 191.176056 0.244000 203.054993
632.625000 191.378677 0.244000 203.169998
632.875000 191.378677 0.244000 203.255005
632.875000 191.585876 0.244000 203.335007
633.250000 191.585876 0.244000 203.449997
633.250000 191.585876 0.244000 203.570007
633.250000 191.585876 0.244000 203.654999
633.250000 191.585876 0.192000 203.744995
633.375000 191.585876 0.192000 203.865005
633.375000 191.585876 0.192000 203.955002
633.875000 191.787140 0.192000 204.070007
633.875000 191.787140 0.192000 204.160004
634.125000 191.787140 0.192000 204.274994
634.250000 191.787140 0.192000 204.360001
634.250000 191.787140 0.192000 204.445007
634.250000 191.787140 0.192000 204.565002
634.250000 191.787140 0.192000 204.654999
634.250000 191.787140 0.203000 204.770004
634.250000 191.787140 0.203000 204.854996
634.250000 191.787140 0.203000 204.970001
634.250000 191.787140 0.203000 205.054993
634.250000 191.787140 0.203000 205.169998
634.250000 191.787140 0.203000 205.255005
634.250000 191.787140 0.203000 205.360001
634.250000 191.787140 0.203000 205.449997
634.250000 191.787140 0.203000 205.570007
634.250000 191.787140 0.203000 205.649994
634.250000 191.787140 0.195000 205.764999
634.250000 191.787140 0.195000 205.850006
634.250000 191.787140 0.195000 205.955002
634.250000 191.991135 0.195000 206.074997
634.500000 191.991135 0.195000 206.154999
634.500000 192.194748 0.195000 206.270004
634.500000 192.194748 0.195000 206.354996
634.625000 192.406784 0.195000 206.464996
634.875000 192.610733 0.195000 206.544998
634.875000 192.824905 0.195000 206.664993
635.125000 192.824905 0.216000 206.755005
635.125000 193.032425 0.216000 206.865005
635.125000 193.236771 0.216000 206.949997
635.250000 193.442657 0.216000 207.070007
635.250000 193.663498 0.216000 207.154999
635.250000 193.870880 0.216000 207.264999
635.250000 193.870880 0.216000 207.350006
635.250000 194.075119 0.216000 207.464996
635.375000 194.278244 0.216000 207.554993
635.375000 194.485657 0.216000 207.669998
635.375000 194.485657 0.216000 207.755005
635.375000 194.691833 0.216000 207.869995
635.375000 194.897507 0.216000 207.964996
635.500000 195.102844 0.216000 208.050003
635.625000 195.102844 0.216000 208.169998
635.750000 195.332306 0.216000 208.259995
635.750000 195.571960 0.216000 208.365005
635.750000 195.780167 0.216000 208.460007
635.750000 195.780167 0.216000 208.539993
635.750000 196.004135 0.216000 208.654999
635.750000 196.241180 0.221000 208.764999
635.750000 196.459732 0.221000 208.850006
635.875000 196.700073 0.221000 208.964996
635.875000 196.901138 0.221000 209.054993
636.125000 197.107300 0.221000 209.164993
636.125000 197.308472 0.221000 209.255005
636.125000 197.514954 0.221000 209.369995
636.125000 197.514954 0.221000 209.455002
636.125000 197.722763 0.221000 209.565002
636.125000 197.923691 0.221000 209.649994
636.125000 197.923691 0.184000 209.764999
636.250000 198.136047 0.184000 209.854996
636.500000 198.136047 0.184000 209.960007
636.500000 198.338577 0.184000 210.054993
636.500000 198.338577 0.184000 210.169998
636.500000 198.540634 0.184000 210.264999
636.500000 198.540634 0.184000 210.354996
636.500000 198.540634 0.184000 210.464996
636.625000 198.540634 0.184000 210.559998
636.750000 198.540634 0.184000 210.669998
636.750000 198.540634 0.212000 210.755005
636.750000 198.540634 0.212000 210.869995
636.750000 198.540634 0.212000 210.964996
636.750000 198.540634 0.212000 211.054993
636.750000 198.540634 0.212000 211.169998
636.750000 198.540634 0.212000 211.255005
636.750000 198.540634 0.212000 211.369995
636.750000 198.540634 0.212000 211.464996
636.750000 198.540634 0.212000 211.550003
636.750000 198.540634 0.212000 211.669998
636.750000 198.740677 0.214000 211.764999
636.750000 198.740677 0.214000 211.850006
636.875000 198.740677 0.214000 211.960007
636.875000 198.740677 0.214000 212.074997
636.875000 198.740677 0.214000 212.154999
636.875000 198.740677 0.214000 212.240005
637.000000 198.943314 0.214000 212.365005
637.000000 198.943314 0.214000 212.449997
637.125000 199.147491 0.214000 212.570007
637.125000 199.359848 0.214000 212.654999
637.125000 199.359848 0.226000 212.764999
637.125000 199.581924 0.226000 212.854996
637.125000 199.784882 0.226000 212.970001
637.250000 199.988571 0.226000 213.054993
637.250000 199.988571 0.226000 213.164993
637.375000 200.204163 0.226000 213.255005
637.500000 200.435120 0.226000 213.339996
637.625000 200.642090 0.226000 213.460007
637.625000 200.844971 0.226000 213.544998
638.000000 201.061096 0.226000 213.664993
638.000000 201.269348 0.218000 213.759995
638.125000 201.269348 0.218000 213.845001
638.125000 201.498428 0.218000 213.964996
638.125000 201.707504 0.218000 214.054993
638.250000 201.915833 0.218000 214.169998
638.250000 202.143463 0.218000 214.250000
638.250000 202.382019 0.218000 214.365005
638.375000 202.621521 0.218000 214.449997
638.500000 202.841583 0.218000 214.565002
638.500000 203.051437 0.218000 214.660004
638.625000 203.256729 0.228000 214.764999
638.625000 203.256729 0.228000 214.854996
638.625000 203.466827 0.228000 214.964996
638.750000 203.674728 0.228000 215.050003
639.000000 203.876419 0.228000 215.164993
639.000000 204.077942 0.228000 215.255005
639.125000 204.077942 0.228000 215.365005
639.375000 204.283569 0.228000 215.455002
639.375000 204.488739 0.228000 215.550003
639.500000 204.488739 0.223000 215.649994
639.875000 204.688828 0.223000 215.740005
639.875000 204.891968 0.223000 215.850006
639.875000 205.096512 0.223000 215.960007
640.000000 205.301102 0.223000 216.074997
640.000000 205.301102 0.223000 216.160004
640.000000 205.527100 0.223000 216.244995
640.250000 205.729752 0.223000 216.365005
640.750000 205.729752 0.223000 216.445007
641.000000 205.947067 0.223000 216.565002
641.375000 206.149048 0.223000 216.660004
641.500000 206.149048 0.221000 216.770004
641.625000 206.351074 0.221000 216.860001
641.625000 206.552322 0.221000 216.955002
641.750000 206.766922 0.221000 217.074997
641.750000 206.766922 0.221000 217.154999
642.250000 206.974106 0.221000 217.240005
642.375000 207.189362 0.221000 217.360001
642.750000 207.189362 0.221000 217.464996
643.000000 207.404755 0.221000 217.550003
643.000000 207.605804 0.221000 217.669998
643.375000 207.808090 0.221000 217.764999
643.625000 207.808090 0.219000 217.854996
643.875000 208.034561 0.219000 217.964996
644.125000 208.239090 0.219000 218.070007
644.125000 208.239090 0.219000 218.154999
644.250000 208.444061 0.219000 218.264999
644.250000 208.649307 0.219000 218.365005
644.250000 208.854980 0.219000 218.445007
644.500000 208.854980 0.219000 218.565002
644.625000 209.068481 0.219000 218.654999
644.750000 209.274399 0.260000 218.759995
644.750000 209.480927 0.260000 218.854996
644.875000 209.480927 0.260000 218.964996
645.000000 209.682846 0.260000 219.050003
645.000000 209.887894 0.260000 219.164993
645.500000 210.121017 0.260000 219.250000
645.500000 210.332458 0.260000 219.369995
645.625000 210.539368 0.260000 219.455002
645.875000 210.746735 0.260000 219.565002
645.875000 210.955063 0.220000 219.660004
645.875000 211.157181 0.220000 219.759995
646.000000 211.157181 0.220000 219.865005
646.000000 211.376709 0.220000 219.960007
646.000000 211.376709 0.220000 220.044998
646.000000 211.577698 0.220000 220.164993
646.125000 211.577698 0.220000 220.250000
646.125000 211.577698 0.220000 220.369995
646.125000 211.788101 0.220000 220.464996
646.125000 211.788101 0.220000 220.550003
646.125000 211.788101 0.220000 220.664993
646.125000 211.788101 0.184000 220.750000
646.125000 211.788101 0.184000 220.865005
646.125000 211.788101 0.184000 220.955002
646.125000 211.788101 0.184000 221.065002
646.125000 211.788101 0.184000 221.149994
646.125000 211.788101 0.184000 221.264999
646.125000 211.788101 0.184000 221.350006
646.125000 211.788101 0.184000 221.464996
646.125000 211.788101 0.184000 221.554993
646.125000 211.788101 0.147000 221.664993
646.125000 211.788101 0.147000 221.759995
646.125000 211.788101 0.147000 221.845001
646.125000 211.788101 0.147000 221.964996
646.125000 211.788101 0.147000 222.050003
646.125000 211.788101 0.147000 222.169998
646.125000 211.788101 0.147000 222.264999
646.125000 211.788101 0.147000 222.354996
646.125000 211.788101 0.147000 222.464996
646.125000 211.991592 0.147000 222.550003
646.125000 211.991592 0.152000 222.664993
646.125000 212.199860 0.152000 222.750000
646.250000 212.428375 0.152000 222.865005
646.250000 212.428375 0.152000 222.949997
646.250000 212.631332 0.152000 223.065002
646.375000 212.836594 0.152000 223.149994
646.375000 213.039413 0.152000 223.264999
646.375000 213.245407 0.152000 223.350006
646.500000 213.468262 0.152000 223.470001
646.500000 213.676178 0.152000 223.565002
646.500000 213.884430 0.152000 223.654999
646.500000 214.091309 0.192000 223.770004
646.500000 214.091309 0.192000 223.854996
646.625000 214.323425 0.192000 223.975006
646.625000 214.323425 0.192000 224.065002
646.750000 214.533463 0.192000 224.154999
646.875000 214.533463 0.192000 224.264999
646.875000 214.533463 0.192000 224.354996
647.000000 214.533463 0.192000 224.464996
647.000000 214.734512 0.192000 224.554993
647.000000 214.734512 0.192000 224.664993
647.000000 214.734512 0.217000 224.750000
647.125000 214.734512 0.217000 224.865005
647.125000 214.734512 0.217000 224.955002
647.250000 214.734512 0.217000 225.065002
647.250000 214.734512 0.217000 225.149994
647.250000 214.734512 0.217000 225.259995
647.375000 214.734512 0.217000 225.354996
647.375000 214.734512 0.217000 225.470001
647.375000 214.734512 0.217000 225.554993
647.375000 214.734512 0.217000 225.664993
647.375000 214.734512 0.210000 225.750000
647.375000 214.734512 0.210000 225.860001
647.375000 214.734512 0.210000 225.960007
647.375000 214.734512 0.210000 226.065002
647.375000 214.734512 0.210000 226.154999
647.500000 214.734512 0.210000 226.264999
647.500000 214.734512 0.210000 226.350006
647.500000 214.734512 0.210000 226.470001
647.625000 214.734512 0.210000 226.550003
647.625000 214.734512 0.210000 226.664993
647.625000 214.734512 0.209000 226.744995
647.625000 214.734512 0.209000 226.869995
647.625000 214.734512 0.209000 226.960007
647.625000 214.734512 0.209000 227.080002
647.625000 214.734512 0.209000 227.160004
647.625000 214.734512 0.209000 227.270004
647.625000 214.734512 0.209000 227.365005
647.750000 214.734512 0.209000 227.479996
647.750000 214.734512 0.209000 227.559998
647.875000 214.734512 0.209000 227.669998
647.875000 214.734512 0.214000 227.755005
648.125000 214.734512 0.214000 227.875000
648.375000 214.944061 0.214000 227.960007
648.500000 215.149719 0.214000 228.074997
648.625000 215.149719 0.214000 228.164993
648.750000 215.355545 0.214000 228.264999
648.875000 215.566071 0.214000 228.360001
649.250000 215.566071 0.214000 228.475006
649.250000 215.789490 0.214000 228.559998
649.250000 215.992020 0.214000 228.669998
649.625000 215.992020 0.215000 228.759995
649.625000 215.992020 0.215000 228.869995
649.625000 215.992020 0.215000 228.960007
649.625000 216.194275 0.215000 229.070007
649.625000 216.194275 0.215000 229.154999
649.625000 216.194275 0.215000 229.264999
649.625000 216.194275 0.215000 229.369995
649.625000 216.194275 0.215000 229.464996
649.625000 216.194275 0.215000 229.570007
649.625000 216.194275 0.215000 229.660004
649.625000 216.194275 0.199000 229.774994
649.625000 216.194275 0.199000 229.869995
649.625000 216.194275 0.199000 229.955002
649.625000 216.194275 0.199000 230.070007
649.625000 216.194275 0.199000 230.160004
649.625000 216.194275 0.199000 230.270004
649.625000 216.194275 0.199000 230.354996
649.625000 216.394302 0.199000 230.464996
649.625000 216.394302 0.199000 230.565002
649.750000 216.394302 0.199000 230.669998
649.750000 216.394302 0.194000 230.755005
649.750000 216.394302 0.194000 230.869995
649.750000 216.394302 0.194000 230.960007
649.750000 216.394302 0.194000 231.074997
649.750000 216.394302 0.194000 231.160004
649.750000 216.394302 0.194000 231.270004
649.750000 216.394302 0.194000 231.354996
649.750000 216.394302 0.194000 231.470001
649.750000 216.394302 0.194000 231.565002
649.750000 216.394302 0.194000 231.675003
649.875000 216.394302 0.204000 231.759995
649.875000 216.394302 0.204000 231.869995
649.875000 216.394302 0.204000 231.955002
649.875000 216.394302 0.204000 232.065002
649.875000 216.394302 0.204000 232.160004
649.875000 216.394302 0.204000 232.259995
649.875000 216.394302 0.204000 232.350006
649.875000 216.394302 0.204000 232.464996
649.875000 216.394302 0.204000 232.554993
649.875000 216.394302 0.204000 232.664993
649.875000 216.394302 0.188000 232.755005
649.875000 216.394302 0.188000 232.865005
649.875000 216.597931 0.188000 232.955002
649.875000 216.597931 0.188000 233.070007
649.875000 216.801437 0.188000 233.154999
649.875000 217.005920 0.188000 233.274994
649.875000 217.005920 0.188000 233.354996
649.875000 217.213226 0.188000 233.464996
650.000000 217.414520 0.188000 233.550003
650.000000 217.414520 0.188000 233.664993
650.000000 217.632462 0.194000 233.755005
650.000000 217.848740 0.194000 233.865005
650.000000 217.848740 0.194000 233.955002
650.000000 218.050751 0.194000 234.070007
650.000000 218.050751 0.194000 234.154999
650.000000 218.050751 0.194000 234.270004
650.000000 218.050751 0.194000 234.354996
650.125000 218.251205 0.194000 234.464996
650.125000 218.251205 0.194000 234.550003
650.125000 218.251205 0.194000 234.664993
650.125000 218.251205 0.213000 234.750000
650.125000 218.251205 0.213000 234.869995
650.125000 218.251205 0.213000 234.960007
650.250000 218.251205 0.213000 235.070007
650.375000 218.251205 0.213000 235.154999
650.375000 218.251205 0.213000 235.259995
650.500000 218.251205 0.213000 235.354996
650.500000 218.251205 0.213000 235.464996
650.500000 218.251205 0.213000 235.550003
650.500000 218.251205 0.213000 235.664993
650.500000 218.251205 0.212000 235.755005
650.500000 218.251205 0.212000 235.865005
650.500000 218.251205 0.212000 235.955002
650.500000 218.251205 0.212000 236.065002
650.500000 218.251205 0.212000 236.149994
650.500000 218.251205 0.212000 236.259995
650.500000 218.251205 0.212000 236.345001
650.500000 218.251205 0.212000 236.460007
650.625000 218.251205 0.212000 236.565002
650.625000 218.251205 0.212000 236.654999
650.625000 218.251205 0.207000 236.770004
650.625000 218.251205 0.207000 236.854996
650.625000 218.251205 0.207000 236.970001
650.625000 218.251205 0.207000 237.054993
650.625000 218.251205 0.207000 237.164993
650.625000 218.251205 0.207000 237.244995
650.625000 218.251205 0.207000 237.365005
650.750000 218.251205 0.207000 237.455002
651.000000 218.454544 0.207000 237.570007
651.000000 218.454544 0.207000 237.654999
651.125000 218.658493 0.216000 237.764999
651.250000 218.901978 0.216000 237.850006
651.250000 219.103912 0.216000 237.964996
651.375000 219.305603 0.216000 238.044998
651.500000 219.511642 0.216000 238.169998
651.875000 219.720718 0.216000 238.255005
652.250000 219.923294 0.216000 238.365005
652.375000 219.923294 0.216000 238.449997
652.500000 220.347504 0.216000 238.565002
652.625000 220.347504 0.216000 238.654999
652.625000 220.751404 0.000000 238.770004
652.625000 220.751404 0.000000 238.854996
652.750000 220.952744 0.000000 238.964996
652.750000 221.155746 0.000000 239.059998
652.750000 221.155746 0.000000 239.149994
652.750000 221.358902 0.000000 239.270004
652.750000 221.358902 0.000000 239.350006
652.875000 221.358902 0.000000 239.464996
652.875000 221.566879 0.000000 239.554993
652.875000 221.566879 0.000000 239.669998
653.000000 221.566879 0.000000 239.755005
653.125000 221.566879 0.000000 239.865005
653.125000 221.566879 0.000000 239.960007
653.125000 221.566879 0.000000 240.054993
653.125000 221.566879 0.000000 240.145004
653.125000 221.566879 0.000000 240.264999
653.125000 221.566879 0.000000 240.350006
653.125000 221.566879 0.000000 240.464996
653.125000 221.566879 0.000000 240.559998
653.250000 221.566879 0.000000 240.649994
653.375000 221.566879 0.000000 240.764999
653.375000 221.566879 0.000000 240.845001
653.375000 221.566879 0.000000 240.970001
653.375000 221.566879 0.000000 241.050003
653.375000 221.566879 0.000000 241.160004
653.375000 221.566879 0.000000 241.250000
653.375000 221.566879 0.000000 241.365005
653.375000 221.566879 0.000000 241.449997
653.375000 221.566879 0.000000 241.565002
653.375000 221.566879 0.000000 241.654999
653.375000 221.566879 0.000000 241.764999
653.375000 221.566879 0.000000 241.850006
653.375000 221.566879 0.000000 241.964996
653.375000 221.566879 0.000000 242.054993
653.375000 221.566879 0.000000 242.160004
653.375000 221.566879 0.000000 242.244995
653.375000 221.769287 0.000000 242.365005
653.375000 221.980209 0.000000 242.449997
653.375000 222.201157 0.000000 242.565002
653.375000 222.422577 0.000000 242.669998
653.500000 222.628708 0.000000 242.764999
653.500000 222.628708 0.000000 242.869995
653.500000 222.841965 0.000000 242.955002
653.500000 223.043045 0.000000 243.074997
653.500000 223.249817 0.000000 243.164993
653.500000 223.249817 0.000000 243.250000
653.500000 223.478226 0.000000 243.369995
653.500000 223.683411 0.000000 243.460007
653.500000 223.885345 0.000000 243.565002
653.625000 223.885345 0.000000 243.649994
653.625000 224.091736 0.000000 243.759995
653.625000 224.292099 0.000000 243.860001
653.625000 224.497345 0.000000 243.949997
653.625000 224.704865 0.000000 244.054993
653.625000 224.934113 0.000000 244.164993
653.625000 225.174561 0.000000 244.250000
653.625000 225.395660 0.000000 244.360001
653.875000 225.597305 0.000000 244.464996
654.000000 225.799332 0.000000 244.554993
654.000000 226.007584 0.000000 244.660004
654.000000 226.214813 0.000000 244.764999
654.000000 226.214813 0.000000 244.875000
654.000000 226.416519 0.000000 244.960007
654.000000 226.416519 0.000000 245.065002
654.125000 226.619934 0.000000 245.149994
654.125000 226.619934 0.000000 245.264999
654.125000 226.619934 0.000000 245.360001
654.250000 226.619934 0.000000 245.460007
654.250000 226.619934 0.000000 245.550003
654.375000 226.820160 0.000000 245.669998
654.375000 226.820160 0.000000 245.755005
654.375000 226.820160 0.000000 245.869995
654.500000 226.820160 0.000000 245.955002
654.625000 226.820160 0.000000 246.070007
654.750000 226.820160 0.000000 246.154999
654.750000 226.820160 0.000000 246.270004
654.750000 226.820160 0.000000 246.354996
654.750000 226.820160 0.000000 246.470001
654.750000 226.820160 0.000000 246.554993
654.750000 226.820160 0.000000 246.664993
654.750000 226.820160 0.000000 246.755005
654.750000 226.820160 0.000000 246.865005
654.750000 226.820160 0.000000 246.955002
654.750000 226.820160 0.000000 247.065002
654.750000 226.820160 0.000000 247.149994
654.750000 226.820160 0.000000 247.264999
654.750000 226.820160 0.000000 247.350006
654.750000 226.820160 0.000000 247.464996
654.750000 226.820160 0.000000 247.550003
654.750000 226.820160 0.000000 247.654999
654.750000 226.820160 0.000000 247.764999
654.750000 226.820160 0.000000 247.850006
654.750000 226.820160 0.000000 247.964996
654.750000 226.820160 0.000000 248.054993
654.750000 226.820160 0.000000 248.169998
654.750000 226.820160 0.000000 248.259995
654.875000 226.820160 0.000000 248.360001
654.875000 226.820160 0.000000 248.460007
654.875000 226.820160 0.000000 248.544998
654.875000 226.820160 0.000000 248.654999
655.000000 227.022003 0.000000 248.764999
655.125000 227.022003 0.000000 248.845001
655.125000 227.227829 0.000000 248.960007
655.125000 227.430008 0.000000 249.065002
655.250000 227.633377 0.000000 249.149994
655.500000 227.845337 0.000000 249.270004
655.750000 228.051575 0.000000 249.360001
655.750000 228.259659 0.000000 249.464996
655.750000 228.468643 0.000000 249.559998
656.125000 228.671036 0.000000 249.669998
656.250000 228.671036 0.000000 249.755005
656.375000 229.075470 0.000000 249.860001
