88.625000 0.000000 0.209000 0.065000
110.750000 0.204983 0.209000 0.175000
122.750000 0.408887 0.217000 0.270000
130.375000 0.408887 0.217000 0.370000
138.000000 0.614531 0.217000 0.480000
143.875000 0.858532 0.217000 0.575000
148.625000 1.065922 0.217000 0.675000
155.500000 1.274946 0.217000 0.765000
160.875000 1.484744 0.217000 0.865000
167.250000 1.734889 0.217000 0.965000
171.375000 1.944883 0.217000 1.070000
175.250000 2.154985 0.217000 1.175000
179.125000 2.355091 0.217000 1.265000
183.125000 2.563347 0.265000 1.370000
186.500000 2.563347 0.265000 1.460000
189.250000 2.771403 0.265000 1.565000
191.125000 3.185999 0.265000 1.675000
193.500000 3.185999 0.265000 1.775000
196.500000 3.394594 0.265000 1.865000
200.625000 3.603805 0.265000 1.975000
205.125000 3.823283 0.265000 2.075000
209.000000 4.042977 0.265000 2.165000
212.125000 4.252316 0.265000 2.275000
216.625000 4.457356 0.240000 2.375000
220.625000 4.699285 0.240000 2.475000
225.250000 4.904387 0.240000 2.560000
228.250000 5.110539 0.240000 2.671000
231.250000 5.317071 0.240000 2.775000
234.750000 5.523766 0.240000 2.865000
240.000000 5.729924 0.240000 2.970000
244.125000 5.729924 0.240000 3.070000
247.500000 5.933756 0.240000 3.170000
251.250000 6.135080 0.240000 3.275000
253.625000 6.367964 0.290000 3.365000
256.250000 6.367964 0.290000 3.470000
259.125000 6.594071 0.290000 3.575000
261.750000 6.819756 0.290000 3.665000
264.125000 6.819756 0.290000 3.765000
268.375000 7.023211 0.290000 3.875000
271.500000 7.227660 0.290000 3.970000
273.250000 7.440613 0.290000 4.075000
276.875000 7.440613 0.290000 4.175000
280.000000 7.661673 0.290000 4.260000
286.375000 7.882958 0.312000 4.365000
289.750000 8.090916 0.312000 4.475000
292.875000 8.090916 0.312000 4.575000
293.750000 8.312749 0.312000 4.670000
296.750000 8.529555 0.312000 4.775000
298.875000 8.762106 0.312000 4.875000
300.125000 8.978150 0.312000 4.965000
300.500000 9.196153 0.312000 5.075000
300.750000 9.404960 0.312000 5.180000
301.625000 9.613841 0.312000 5.265000
302.750000 9.822210 0.279000 5.375000
303.125000 9.822210 0.279000 5.470000
304.375000 10.027417 0.279000 5.565000
304.750000 10.232543 0.279000 5.675000
305.375000 10.436193 0.279000 5.765000
305.875000 10.643497 0.279000 5.860000
306.375000 10.643497 0.279000 5.975000
306.875000 10.867773 0.279000 6.065000
307.125000 11.068955 0.279000 6.180000
307.500000 11.068955 0.279000 6.265000
308.250000 11.279704 0.314000 6.375000
308.875000 11.484032 0.314000 6.460000
308.875000 11.702556 0.314000 6.575000
309.500000 11.702556 0.314000 6.655000
310.000000 11.926594 0.314000 6.770000
310.250000 12.127212 0.314000 6.855000
310.250000 12.127212 0.314000 6.965000
310.375000 12.342245 0.314000 7.075000
310.500000 12.543736 0.314000 7.165000
310.875000 12.747073 0.314000 7.275000
311.375000 12.747073 0.248000 7.360000
311.625000 12.951946 0.248000 7.475000
311.750000 13.186815 0.248000 7.565000
312.000000 13.186815 0.248000 7.675000
312.625000 13.421227 0.248000 7.770000
312.875000 13.626029 0.248000 7.855000
313.250000 13.833685 0.248000 7.975000
313.375000 13.833685 0.248000 8.065000
313.750000 14.037199 0.248000 8.175000
314.250000 14.239015 0.248000 8.260000
314.875000 14.439949 0.226000 8.360000
316.000000 14.647500 0.226000 8.465000
316.125000 14.847995 0.226000 8.565000
317.000000 15.057358 0.226000 8.660000
317.375000 15.276644 0.226000 8.775000
318.250000 15.516222 0.226000 8.870000
320.000000 15.726005 0.226000 8.955000
320.750000 15.935894 0.226000 9.070000
321.875000 16.155729 0.226000 9.180000
322.875000 16.362812 0.226000 9.275000
323.750000 16.362812 0.245000 9.360000
324.375000 16.571520 0.245000 9.475000
325.500000 16.789165 0.245000 9.560000
325.625000 17.021517 0.245000 9.675000
326.750000 17.267548 0.245000 9.760000
327.500000 17.495764 0.245000 9.875000
327.875000 17.704897 0.245000 9.970000
328.375000 17.704897 0.245000 10.060000
328.750000 18.123331 0.245000 10.170000
329.125000 18.123331 0.245000 10.260000
329.500000 18.330124 0.227000 10.370000
329.875000 18.551411 0.227000 10.455000
330.250000 18.784348 0.227000 10.575000
330.625000 18.990738 0.227000 10.660000
330.875000 19.198650 0.227000 10.775000
331.250000 19.447311 0.227000 10.865000
331.875000 19.656788 0.227000 10.970000
333.000000 19.866554 0.227000 11.055000
333.750000 20.076321 0.227000 11.175000
334.875000 20.283455 0.227000 11.265000
335.625000 20.490267 0.245000 11.385000
335.875000 20.490267 0.245000 11.465000
336.750000 20.695648 0.245000 11.575000
337.500000 20.925817 0.245000 11.660000
338.500000 21.128723 0.245000 11.775000
339.125000 21.128723 0.245000 11.865000
339.875000 21.351055 0.245000 11.975000
340.750000 21.556120 0.245000 12.075000
341.500000 21.556120 0.245000 12.160000
342.250000 21.775696 0.245000 12.275000
342.750000 21.980247 0.262000 12.360000
343.125000 21.980247 0.262000 12.475000
344.875000 22.184921 0.262000 12.560000
345.750000 22.418287 0.262000 12.675000
346.500000 22.418287 0.262000 12.760000
347.625000 22.652029 0.262000 12.875000
348.125000 22.855976 0.262000 12.965000
348.750000 22.855976 0.262000 13.075000
349.375000 23.062700 0.262000 13.175000
350.500000 23.285410 0.262000 13.265000
351.500000 23.285410 0.267000 13.375000
351.625000 23.515665 0.267000 13.470000
352.625000 23.716339 0.267000 13.575000
353.250000 23.918230 0.267000 13.670000
353.750000 23.918230 0.267000 13.765000
354.125000 24.128637 0.267000 13.875000
355.375000 24.332939 0.267000 13.965000
356.375000 24.332939 0.267000 14.075000
357.125000 24.561012 0.267000 14.160000
358.000000 24.766754 0.267000 14.275000
358.750000 24.766754 0.239000 14.355000
359.625000 24.972692 0.239000 14.475000
360.000000 25.176270 0.239000 14.565000
360.375000 25.402567 0.239000 14.675000
360.625000 25.618237 0.239000 14.760000
361.375000 25.841726 0.239000 14.875000
362.000000 26.049219 0.239000 14.965000
362.375000 26.258335 0.239000 15.075000
362.750000 26.258335 0.239000 15.165000
363.375000 26.668680 0.239000 15.270000
363.750000 26.668680 0.243000 15.360000
364.250000 27.079306 0.243000 15.480000
365.500000 27.079306 0.243000 15.575000
366.250000 27.285210 0.243000 15.670000
366.875000 27.496887 0.243000 15.755000
367.250000 27.496887 0.243000 15.865000
367.875000 27.705706 0.243000 15.975000
368.375000 27.910763 0.243000 16.070000
368.750000 28.115347 0.243000 16.180000
369.250000 28.115347 0.243000 16.264999
369.750000 28.321871 0.259000 16.375000
370.625000 28.547312 0.259000 16.469999
371.500000 28.547312 0.259000 16.565001
371.500000 28.761543 0.259000 16.650000
372.125000 28.967171 0.259000 16.775000
373.000000 29.172607 0.259000 16.860001
373.125000 29.172607 0.259000 16.975000
373.875000 29.393538 0.259000 17.065001
374.750000 29.599503 0.259000 17.174999
376.000000 29.802803 0.259000 17.275000
376.375000 29.802803 0.270000 17.365000
376.875000 30.027916 0.270000 17.445000
377.375000 30.246597 0.270000 17.565001
378.125000 30.479782 0.270000 17.680000
378.625000 30.685698 0.270000 17.775000
380.000000 30.912146 0.270000 17.860001
380.750000 31.120121 0.270000 17.975000
381.750000 31.329014 0.270000 18.065001
383.500000 31.538456 0.270000 18.174999
384.500000 31.747555 0.270000 18.264999
386.000000 31.953585 0.230000 18.379999
386.750000 32.159653 0.230000 18.475000
387.625000 32.159653 0.230000 18.559999
388.250000 32.367146 0.230000 18.670000
388.875000 32.605576 0.230000 18.760000
389.875000 32.834816 0.230000 18.870001
391.750000 33.074421 0.230000 18.950001
392.625000 33.314182 0.230000 19.070000
393.250000 33.524014 0.230000 19.180000
395.000000 33.731285 0.230000 19.260000
396.125000 33.933659 0.240000 19.375000
397.500000 33.933659 0.240000 19.459999
398.375000 34.342365 0.240000 19.575001
399.250000 34.342365 0.240000 19.660000
400.000000 34.548473 0.240000 19.775000
400.750000 34.774479 0.240000 19.855000
401.375000 35.001408 0.240000 19.975000
402.750000 35.209793 0.240000 20.070000
403.125000 35.448853 0.240000 20.170000
405.000000 35.687248 0.240000 20.275000
406.250000 35.888962 0.258000 20.360001
407.250000 36.093632 0.258000 20.475000
408.625000 36.093632 0.258000 20.559999
409.125000 36.321602 0.258000 20.670000
409.500000 36.528950 0.258000 20.754999
410.375000 36.528950 0.258000 20.875000
410.750000 36.745319 0.258000 20.959999
411.000000 36.951546 0.258000 21.075001
411.875000 36.951546 0.258000 21.165001
412.250000 37.157578 0.258000 21.275000
412.625000 37.357937 0.257000 21.360001
412.875000 37.561836 0.257000 21.469999
413.000000 37.561836 0.257000 21.559999
413.625000 37.765518 0.257000 21.670000
414.000000 37.969891 0.257000 21.770000
414.000000 38.175068 0.257000 21.850000
414.750000 38.175068 0.257000 21.965000
415.000000 38.388191 0.257000 22.059999
415.250000 38.594090 0.257000 22.174999
415.375000 38.594090 0.257000 22.254999
415.750000 38.823227 0.233000 22.370001
415.750000 39.029972 0.233000 22.459999
415.875000 39.241642 0.233000 22.575001
416.125000 39.241642 0.233000 22.665001
416.375000 39.457703 0.233000 22.775000
416.500000 39.680164 0.233000 22.865000
416.625000 39.915146 0.233000 22.945000
416.875000 40.147171 0.233000 23.065001
417.000000 40.363087 0.233000 23.174999
417.125000 40.572029 0.209000 23.264999
417.125000 40.780724 0.209000 23.379999
417.500000 40.780724 0.209000 23.465000
417.625000 41.201054 0.209000 23.575001
417.875000 41.201054 0.209000 23.665001
418.000000 41.605255 0.209000 23.775000
418.000000 41.605255 0.209000 23.860001
418.125000 42.007015 0.209000 23.975000
418.750000 42.007015 0.209000 24.059999
419.250000 42.207294 0.209000 24.145000
419.500000 42.417141 0.197000 24.264999
419.875000 42.624092 0.197000 24.375000
420.125000 42.847298 0.197000 24.465000
420.375000 43.052635 0.197000 24.549999
420.375000 43.259838 0.197000 24.660000
420.500000 43.478069 0.197000 24.775000
420.875000 43.716888 0.197000 24.860001
421.125000 43.946301 0.197000 24.975000
421.375000 43.946301 0.197000 25.055000
421.625000 44.375809 0.197000 25.174999
421.875000 44.375809 0.197000 25.260000
422.625000 44.790218 0.212000 25.379999
423.000000 44.790218 0.212000 25.465000
423.375000 44.996822 0.212000 25.570000
424.000000 45.208069 0.212000 25.660000
424.250000 45.411243 0.212000 25.764999
424.500000 45.616356 0.212000 25.865000
424.625000 45.616356 0.212000 25.959999
424.750000 45.821064 0.212000 26.059999
424.750000 46.028530 0.212000 26.174999
424.750000 46.233662 0.211000 26.254999
424.875000 46.233662 0.211000 26.365000
425.125000 46.453976 0.211000 26.475000
425.500000 46.660900 0.211000 26.565001
425.875000 46.868008 0.211000 26.684999
426.375000 46.868008 0.211000 26.764999
426.875000 47.070606 0.211000 26.875000
427.125000 47.270931 0.211000 26.965000
427.875000 47.471272 0.211000 27.075001
428.000000 47.471272 0.211000 27.165001
428.750000 47.686604 0.206000 27.275000
429.375000 47.908871 0.206000 27.360001
429.625000 48.135578 0.206000 27.475000
430.500000 48.381119 0.206000 27.565001
432.250000 48.588951 0.206000 27.670000
434.125000 48.588951 0.206000 27.754999
435.500000 48.802147 0.206000 27.870001
437.000000 49.013386 0.206000 27.955000
437.625000 49.218422 0.206000 28.080000
439.875000 49.419399 0.206000 28.160000
441.000000 49.419399 0.198000 28.275000
441.625000 49.638023 0.198000 28.360001
442.625000 49.843578 0.198000 28.475000
443.000000 49.843578 0.198000 28.559999
443.625000 50.044147 0.198000 28.670000
444.000000 50.044147 0.198000 28.760000
444.250000 50.044147 0.198000 28.865000
444.375000 50.044147 0.198000 28.980000
444.375000 50.044147 0.198000 29.065001
444.625000 50.245686 0.198000 29.174999
444.875000 50.245686 0.207000 29.264999
444.875000 50.245686 0.207000 29.375000
445.000000 50.245686 0.207000 29.465000
446.500000 50.245686 0.207000 29.575001
449.375000 50.245686 0.207000 29.660000
449.625000 50.447731 0.207000 29.775000
449.750000 50.651047 0.207000 29.860001
450.000000 50.858395 0.207000 29.975000
450.125000 50.858395 0.207000 30.065001
450.125000 51.060925 0.207000 30.170000
450.375000 51.273090 0.210000 30.260000
450.500000 51.509853 0.210000 30.370001
451.000000 51.759228 0.210000 30.459999
451.125000 51.989773 0.210000 30.575001
451.500000 52.190666 0.210000 30.665001
451.750000 52.391788 0.210000 30.775000
451.875000 52.593014 0.210000 30.865000
452.875000 52.794296 0.210000 30.975000
453.000000 52.995628 0.210000 31.059999
453.125000 53.196777 0.210000 31.174999
453.250000 53.404415 0.210000 31.260000
453.250000 53.611420 0.273000 31.375000
453.375000 53.611420 0.273000 31.459999
453.625000 53.816387 0.273000 31.575001
453.750000 54.043026 0.273000 31.670000
454.500000 54.247570 0.273000 31.754999
454.500000 54.454906 0.273000 31.875000
454.750000 54.661053 0.273000 31.965000
455.125000 54.867897 0.273000 32.075001
455.250000 54.867897 0.273000 32.160000
455.250000 55.078804 0.273000 32.275002
455.500000 55.279984 0.249000 32.369999
455.625000 55.279984 0.249000 32.459999
456.125000 55.279984 0.249000 32.575001
456.250000 55.486004 0.249000 32.660000
456.250000 55.486004 0.249000 32.775002
456.250000 55.486004 0.249000 32.865002
456.375000 55.486004 0.249000 32.970001
456.500000 55.486004 0.249000 33.060001
456.500000 55.486004 0.249000 33.174999
456.500000 55.486004 0.197000 33.270000
456.625000 55.486004 0.197000 33.355000
456.625000 55.486004 0.197000 33.474998
456.625000 55.486004 0.197000 33.564999
456.625000 55.486004 0.197000 33.639999
456.625000 55.486004 0.197000 33.770000
456.625000 55.486004 0.197000 33.860001
456.625000 55.686073 0.197000 33.974998
456.625000 55.686073 0.197000 34.060001
456.625000 55.686073 0.197000 34.169998
456.625000 55.686073 0.201000 34.264999
456.625000 55.686073 0.201000 34.369999
456.625000 55.887566 0.201000 34.455002
456.750000 55.887566 0.201000 34.570000
456.750000 56.093365 0.201000 34.660000
456.750000 56.298355 0.201000 34.775002
456.875000 56.298355 0.201000 34.860001
456.875000 56.525505 0.201000 34.970001
457.000000 56.732773 0.201000 35.055000
457.000000 56.732773 0.201000 35.165001
457.125000 56.933350 0.193000 35.255001
457.125000 57.133686 0.193000 35.375000
457.125000 57.338715 0.193000 35.459999
457.375000 57.338715 0.193000 35.575001
457.500000 57.545818 0.193000 35.660000
457.625000 57.746246 0.193000 35.775002
457.625000 57.947090 0.193000 35.875000
457.625000 57.947090 0.193000 35.959999
457.750000 58.153233 0.193000 36.075001
457.750000 58.362434 0.193000 36.160000
457.875000 58.362434 0.193000 36.275002
457.875000 58.566868 0.229000 36.369999
457.875000 58.566868 0.229000 36.474998
457.875000 58.566868 0.229000 36.560001
457.875000 58.566868 0.229000 36.674999
457.875000 58.768070 0.229000 36.770000
457.875000 58.768070 0.229000 36.849998
457.875000 58.768070 0.229000 36.965000
457.875000 58.768070 0.229000 37.080002
457.875000 58.768070 0.229000 37.165001
457.875000 58.768070 0.229000 37.275002
457.875000 58.768070 0.232000 37.365002
457.875000 58.768070 0.232000 37.474998
457.875000 58.768070 0.232000 37.560001
457.875000 58.768070 0.232000 37.674999
457.875000 58.768070 0.232000 37.764999
457.875000 58.768070 0.232000 37.875999
457.875000 58.768070 0.232000 37.959999
457.875000 58.768070 0.232000 38.075001
457.875000 58.768070 0.232000 38.160000
457.875000 58.768070 0.232000 38.275002
457.875000 58.768070 0.237000 38.365002
457.875000 58.768070 0.237000 38.474998
457.875000 58.768070 0.237000 38.560001
458.375000 58.970100 0.237000 38.674999
458.375000 58.970100 0.237000 38.759998
458.375000 59.176044 0.237000 38.875000
458.375000 59.377277 0.237000 38.959999
458.500000 59.377277 0.237000 39.075001
458.500000 59.579247 0.237000 39.180000
458.500000 59.790863 0.196000 39.275002
458.500000 59.790863 0.196000 39.360001
458.625000 59.997211 0.196000 39.480000
458.625000 60.198086 0.196000 39.560001
458.750000 60.398556 0.196000 39.680000
458.750000 60.398556 0.196000 39.764999
458.750000 60.607666 0.196000 39.875000
458.750000 60.811554 0.196000 39.965000
458.875000 60.811554 0.196000 40.075001
458.875000 61.016502 0.196000 40.165001
458.875000 61.221600 0.205000 40.275002
458.875000 61.221600 0.205000 40.365002
458.875000 61.426262 0.205000 40.474998
458.875000 61.659683 0.205000 40.564999
458.875000 61.659683 0.205000 40.674999
458.875000 61.878315 0.205000 40.759998
458.875000 62.082401 0.205000 40.875000
458.875000 62.082401 0.205000 40.959999
458.875000 62.286816 0.205000 41.075001
459.000000 62.491432 0.205000 41.165001
459.125000 62.696091 0.181000 41.279999
459.250000 62.696091 0.181000 41.375000
459.625000 62.908016 0.181000 41.465000
459.750000 63.112324 0.181000 41.575001
459.750000 63.112324 0.181000 41.665001
459.750000 63.316853 0.181000 41.750000
459.875000 63.523106 0.181000 41.865002
460.125000 63.523106 0.181000 41.950001
460.125000 63.738483 0.181000 42.075001
460.250000 63.939976 0.181000 42.160000
460.500000 64.157898 0.190000 42.270000
460.500000 64.157898 0.190000 42.355000
460.500000 64.362061 0.190000 42.474998
460.625000 64.566521 0.190000 42.560001
460.625000 64.780121 0.190000 42.674999
460.625000 64.780121 0.190000 42.764999
460.750000 64.987633 0.190000 42.875000
460.875000 65.206299 0.190000 42.959999
461.125000 65.426384 0.190000 43.075001
461.250000 65.631981 0.190000 43.169998
461.375000 65.859634 0.190000 43.255001
461.625000 66.077705 0.214000 43.375000
461.750000 66.280792 0.214000 43.459999
461.875000 66.280792 0.214000 43.580002
461.875000 66.498306 0.214000 43.665001
462.000000 66.498306 0.214000 43.750000
462.000000 66.698814 0.214000 43.875000
462.000000 66.698814 0.214000 43.959999
462.000000 66.698814 0.214000 44.075001
462.000000 66.698814 0.214000 44.160000
462.000000 66.901855 0.214000 44.275002
462.000000 66.901855 0.220000 44.365002
462.000000 66.901855 0.220000 44.474998
462.000000 66.901855 0.220000 44.570000
462.125000 66.901855 0.220000 44.660000
462.125000 66.901855 0.220000 44.770000
462.125000 66.901855 0.220000 44.860001
462.125000 66.901855 0.220000 44.974998
462.125000 66.901855 0.220000 45.055000
462.125000 66.901855 0.220000 45.175999
462.250000 66.901855 0.210000 45.259998
462.250000 66.901855 0.210000 45.375000
462.250000 66.901855 0.210000 45.459999
462.250000 66.901855 0.210000 45.575001
462.250000 66.901855 0.210000 45.665001
462.250000 66.901855 0.210000 45.775002
462.250000 66.901855 0.210000 45.860001
462.250000 66.901855 0.210000 45.970001
462.250000 66.901855 0.210000 46.060001
462.250000 66.901855 0.210000 46.169998
462.250000 66.901855 0.210000 46.255001
462.250000 66.901855 0.219000 46.369999
462.250000 67.108505 0.219000 46.465000
462.250000 67.322601 0.219000 46.570000
462.250000 67.530022 0.219000 46.660000
462.375000 67.739555 0.219000 46.775002
462.500000 67.739555 0.219000 46.860001
462.500000 67.944717 0.219000 46.974998
462.625000 68.192131 0.219000 47.064999
462.750000 68.431046 0.219000 47.174999
462.875000 68.680145 0.210000 47.264999
462.875000 68.888550 0.210000 47.375000
462.875000 69.094040 0.210000 47.465000
463.000000 69.094040 0.210000 47.575001
463.000000 69.296646 0.210000 47.665001
463.000000 69.522301 0.210000 47.775002
463.125000 69.725914 0.210000 47.860001
463.125000 69.725914 0.210000 47.980000
463.125000 69.943771 0.210000 48.075001
463.125000 70.147888 0.210000 48.160000
463.125000 70.352463 0.218000 48.275002
463.125000 70.352463 0.218000 48.355000
463.250000 70.559082 0.218000 48.474998
463.250000 70.559082 0.218000 48.555000
463.250000 70.762321 0.218000 48.674999
463.250000 70.762321 0.218000 48.759998
463.250000 70.762321 0.218000 48.875000
463.250000 70.762321 0.218000 48.955002
463.250000 70.963753 0.218000 49.075001
463.250000 70.963753 0.218000 49.160000
463.250000 70.963753 0.218000 49.270000
463.250000 70.963753 0.213000 49.355000
463.250000 70.963753 0.213000 49.474998
463.250000 70.963753 0.213000 49.560001
463.250000 70.963753 0.213000 49.674999
463.250000 70.963753 0.213000 49.764999
463.250000 70.963753 0.213000 49.845001
463.250000 70.963753 0.213000 49.965000
463.250000 70.963753 0.213000 50.075001
463.250000 70.963753 0.213000 50.169998
463.250000 70.963753 0.201000 50.250000
463.250000 70.963753 0.201000 50.365002
463.375000 70.963753 0.201000 50.480000
463.375000 71.172379 0.201000 50.564999
463.375000 71.377472 0.201000 50.674999
463.375000 71.377472 0.201000 50.764999
463.375000 71.605797 0.201000 50.875000
463.375000 71.811111 0.201000 50.965000
463.375000 71.811111 0.201000 51.075001
463.375000 72.017319 0.201000 51.160000
463.375000 72.219017 0.180000 51.275002
463.625000 72.219017 0.180000 51.360001
463.625000 72.422363 0.180000 51.474998
463.625000 72.624794 0.180000 51.564999
463.625000 72.829842 0.180000 51.674999
463.625000 72.829842 0.180000 51.759998
463.625000 72.829842 0.180000 51.875000
463.750000 73.031433 0.180000 51.965000
463.750000 73.031433 0.180000 52.049999
463.750000 73.031433 0.180000 52.169998
463.750000 73.031433 0.161000 52.255001
463.750000 73.031433 0.161000 52.369999
463.750000 73.031433 0.161000 52.455002
463.750000 73.031433 0.161000 52.575001
463.750000 73.031433 0.161000 52.660000
463.750000 73.031433 0.161000 52.775002
463.750000 73.031433 0.161000 52.855000
463.750000 73.031433 0.161000 52.974998
463.750000 73.031433 0.161000 53.060001
463.750000 73.031433 0.161000 53.174999
463.750000 73.031433 0.149000 53.259998
463.750000 73.031433 0.149000 53.375000
463.750000 73.031433 0.149000 53.459999
463.750000 73.031433 0.149000 53.570000
463.750000 73.031433 0.149000 53.654999
463.750000 73.031433 0.149000 53.775002
463.750000 73.031433 0.149000 53.860001
463.750000 73.031433 0.149000 53.974998
463.750000 73.031433 0.149000 54.075001
463.750000 73.031433 0.149000 54.165001
463.750000 73.031433 0.154000 54.250000
463.750000 73.031433 0.154000 54.375000
463.750000 73.031433 0.154000 54.455002
463.750000 73.031433 0.154000 54.575001
463.750000 73.031433 0.154000 54.660000
463.750000 73.031433 0.154000 54.775002
463.750000 73.031433 0.154000 54.855000
463.750000 73.031433 0.154000 54.974998
463.750000 73.031433 0.154000 55.060001
463.750000 73.031433 0.154000 55.169998
463.750000 73.031433 0.150000 55.259998
463.750000 73.031433 0.150000 55.375000
463.750000 73.031433 0.150000 55.459999
463.750000 73.031433 0.150000 55.575001
463.750000 73.031433 0.150000 55.669998
463.750000 73.031433 0.150000 55.755001
463.750000 73.031433 0.150000 55.875000
463.750000 73.031433 0.150000 55.965000
463.750000 73.031433 0.150000 56.075001
463.750000 73.031433 0.150000 56.165001
463.750000 73.237274 0.154000 56.275002
463.750000 73.470940 0.154000 56.360001
463.750000 73.677956 0.154000 56.474998
463.875000 73.677956 0.154000 56.560001
463.875000 73.906441 0.154000 56.674999
463.875000 74.140884 0.154000 56.759998
463.875000 74.378502 0.154000 56.869999
463.875000 74.628059 0.154000 56.959999
463.875000 74.858528 0.154000 57.075001
463.875000 75.059296 0.154000 57.160000
463.875000 75.260178 0.154000 57.275002
463.875000 75.460670 0.231000 57.360001
464.000000 75.669441 0.231000 57.474998
464.125000 75.669441 0.231000 57.560001
464.125000 75.881798 0.231000 57.669998
464.125000 76.081993 0.231000 57.770000
464.250000 76.285896 0.231000 57.860001
464.250000 76.492729 0.231000 57.970001
464.375000 76.492729 0.231000 58.064999
464.625000 76.698677 0.221000 58.160000
465.000000 76.904266 0.221000 58.255001
465.000000 77.109962 0.221000 58.365002
465.000000 77.109962 0.221000 58.445000
465.000000 77.323914 0.221000 58.570000
465.125000 77.528976 0.221000 58.660000
465.125000 77.528976 0.221000 58.775002
465.250000 77.761467 0.221000 58.869999
465.250000 77.761467 0.221000 58.959999
465.375000 77.961754 0.221000 59.075001
465.375000 77.961754 0.221000 59.160000
465.375000 77.961754 0.221000 59.275002
465.375000 78.161774 0.247000 59.360001
465.375000 78.161774 0.247000 59.474998
465.500000 78.161774 0.247000 59.564999
465.500000 78.161774 0.247000 59.674999
465.500000 78.161774 0.247000 59.764999
465.500000 78.161774 0.247000 59.875000
465.500000 78.161774 0.247000 59.965000
465.500000 78.161774 0.247000 60.075001
465.500000 78.161774 0.247000 60.160000
465.500000 78.161774 0.247000 60.250000
465.500000 78.161774 0.237000 60.369999
465.500000 78.161774 0.237000 60.474998
465.500000 78.161774 0.237000 60.560001
465.500000 78.161774 0.237000 60.674999
465.500000 78.161774 0.237000 60.764999
465.500000 78.161774 0.237000 60.845001
465.500000 78.364594 0.237000 60.970001
465.625000 78.567810 0.237000 61.075001
465.750000 78.567810 0.237000 61.165001
465.875000 78.794991 0.237000 61.275002
465.875000 78.999359 0.236000 61.360001
465.875000 78.999359 0.236000 61.474998
465.875000 79.207985 0.236000 61.570000
465.875000 79.411926 0.236000 61.654999
465.875000 79.617630 0.236000 61.770000
466.000000 79.617630 0.236000 61.855000
466.000000 79.842308 0.236000 61.974998
466.000000 80.049706 0.236000 62.055000
466.125000 80.049706 0.236000 62.180000
466.125000 80.275887 0.236000 62.264999
466.125000 80.476562 0.222000 62.375000
466.125000 80.476562 0.222000 62.459999
466.125000 80.680832 0.222000 62.575001
466.125000 80.680832 0.222000 62.665001
466.125000 80.884323 0.222000 62.770000
466.250000 80.884323 0.222000 62.865002
466.250000 80.884323 0.222000 62.974998
466.375000 80.884323 0.222000 63.064999
466.375000 81.085403 0.222000 63.174999
466.625000 81.085403 0.203000 63.264999
466.625000 81.085403 0.203000 63.369999
466.625000 81.085403 0.203000 63.459999
466.875000 81.085403 0.203000 63.544998
466.875000 81.085403 0.203000 63.665001
467.000000 81.085403 0.203000 63.750000
467.250000 81.085403 0.203000 63.875000
467.250000 81.085403 0.203000 63.965000
467.250000 81.085403 0.203000 64.074997
467.250000 81.085403 0.203000 64.160004
467.250000 81.085403 0.176000 64.275002
467.250000 81.085403 0.176000 64.364998
467.250000 81.085403 0.176000 64.474998
467.375000 81.085403 0.176000 64.565002
467.375000 81.085403 0.176000 64.665001
467.375000 81.085403 0.176000 64.750000
467.500000 81.085403 0.176000 64.875000
467.500000 81.085403 0.176000 64.970001
467.500000 81.085403 0.176000 65.055000
467.875000 81.306473 0.176000 65.175003
467.875000 81.306473 0.190000 65.260002
467.875000 81.532928 0.190000 65.375000
467.875000 81.737610 0.190000 65.464996
467.875000 81.737610 0.190000 65.544998
468.000000 81.949898 0.190000 65.665001
468.000000 82.153755 0.190000 65.775002
468.125000 82.356003 0.190000 65.864998
468.250000 82.561752 0.190000 65.974998
468.250000 82.561752 0.190000 66.055000
468.250000 82.769844 0.190000 66.175003
468.625000 82.983887 0.188000 66.260002
468.750000 83.221329 0.188000 66.375000
468.875000 83.428856 0.188000 66.464996
468.875000 83.636047 0.188000 66.574997
468.875000 83.873787 0.188000 66.665001
469.000000 84.092606 0.188000 66.775002
469.000000 84.302399 0.188000 66.864998
469.000000 84.511902 0.188000 66.974998
469.250000 84.713928 0.188000 67.065002
469.250000 84.922554 0.188000 67.175003
469.500000 84.922554 0.164000 67.260002
469.750000 85.332359 0.164000 67.379997
469.750000 85.332359 0.164000 67.464996
470.250000 85.538635 0.164000 67.574997
470.375000 85.776291 0.164000 67.675003
471.000000 85.985222 0.164000 67.764999
471.750000 86.204575 0.164000 67.870003
472.250000 86.453239 0.164000 67.964996
474.125000 86.661110 0.164000 68.074997
478.375000 86.868279 0.164000 68.175003
480.500000 87.073097 0.165000 68.260002
483.750000 87.278595 0.165000 68.375000
487.500000 87.278595 0.165000 68.470001
489.750000 87.502495 0.165000 68.559998
491.250000 87.502495 0.165000 68.675003
492.875000 87.502495 0.165000 68.764999
494.250000 87.705330 0.165000 68.845001
494.625000 87.705330 0.165000 68.980003
495.000000 87.705330 0.165000 69.074997
495.375000 87.705330 0.165000 69.160004
495.750000 87.705330 0.184000 69.275002
495.875000 87.905548 0.184000 69.360001
496.125000 87.905548 0.184000 69.474998
496.500000 87.905548 0.184000 69.559998
496.625000 87.905548 0.184000 69.669998
496.750000 87.905548 0.184000 69.760002
496.750000 87.905548 0.184000 69.875000
496.750000 87.905548 0.184000 69.959999
497.125000 87.905548 0.184000 70.074997
497.250000 87.905548 0.184000 70.160004
497.250000 87.905548 0.174000 70.275002
497.250000 87.905548 0.174000 70.360001
497.250000 87.905548 0.174000 70.474998
497.250000 87.905548 0.174000 70.559998
497.250000 87.905548 0.174000 70.675003
497.500000 87.905548 0.174000 70.760002
497.500000 87.905548 0.174000 70.870003
497.500000 87.905548 0.174000 70.955002
497.500000 87.905548 0.174000 71.065002
497.500000 87.905548 0.174000 71.165001
497.625000 87.905548 0.161000 71.260002
498.000000 88.110451 0.161000 71.360001
498.125000 88.110451 0.161000 71.455002
498.250000 88.314507 0.161000 71.555000
498.250000 88.515686 0.161000 71.660004
498.250000 88.515686 0.161000 71.764999
498.500000 88.715858 0.161000 71.860001
498.500000 88.918922 0.161000 71.974998
498.500000 89.126068 0.161000 72.055000
498.500000 89.329750 0.161000 72.175003
498.625000 89.329750 0.171000 72.264999
498.750000 89.536179 0.171000 72.375000
498.750000 89.762505 0.171000 72.464996
498.750000 89.966492 0.171000 72.540001
498.750000 89.966492 0.171000 72.665001
498.750000 90.175308 0.171000 72.775002
498.750000 90.175308 0.171000 72.860001
498.750000 90.175308 0.171000 72.974998
498.875000 90.175308 0.171000 73.059998
498.875000 90.375504 0.171000 73.175003
498.875000 90.375504 0.151000 73.260002
498.875000 90.375504 0.151000 73.375000
498.875000 90.375504 0.151000 73.464996
499.000000 90.375504 0.151000 73.550003
499.000000 90.375504 0.151000 73.665001
499.000000 90.375504 0.151000 73.775002
499.000000 90.375504 0.151000 73.860001
499.000000 90.375504 0.151000 73.970001
499.000000 90.375504 0.151000 74.059998
499.000000 90.375504 0.151000 74.165001
499.000000 90.375504 0.141000 74.260002
499.000000 90.375504 0.141000 74.375000
499.000000 90.375504 0.141000 74.459999
499.125000 90.375504 0.141000 74.540001
499.375000 90.375504 0.141000 74.660004
499.375000 90.375504 0.141000 74.775002
499.375000 90.375504 0.141000 74.860001
499.375000 90.375504 0.141000 74.940002
499.750000 90.375504 0.141000 75.065002
499.750000 90.375504 0.141000 75.144997
499.750000 90.375504 0.142000 75.264999
499.875000 90.598862 0.142000 75.349998
500.000000 90.824097 0.142000 75.464996
500.000000 90.824097 0.142000 75.550003
500.000000 91.030701 0.142000 75.675003
500.000000 91.262375 0.142000 75.760002
500.000000 91.262375 0.142000 75.845001
500.000000 91.467529 0.142000 75.959999
500.000000 91.675163 0.142000 76.074997
500.125000 91.921776 0.142000 76.175003
500.125000 91.921776 0.169000 76.264999
500.125000 92.127747 0.169000 76.375000
500.250000 92.330444 0.169000 76.459999
500.250000 92.536209 0.169000 76.574997
500.250000 92.536209 0.169000 76.660004
500.500000 92.738960 0.169000 76.775002
500.500000 92.738960 0.169000 76.860001
500.625000 92.942116 0.169000 76.985001
500.750000 92.942116 0.169000 77.065002
501.125000 92.942116 0.169000 77.175003
501.125000 93.144463 0.206000 77.260002
501.125000 93.144463 0.206000 77.370003
501.125000 93.144463 0.206000 77.464996
502.000000 93.346123 0.206000 77.565002
502.500000 93.556305 0.206000 77.665001
502.875000 93.556305 0.206000 77.775002
502.875000 93.766693 0.206000 77.860001
503.000000 93.973061 0.206000 77.974998
503.125000 93.973061 0.206000 78.059998
503.250000 94.175850 0.206000 78.175003
503.375000 94.380196 0.189000 78.264999
503.375000 94.608902 0.189000 78.375000
503.375000 94.608902 0.189000 78.464996
503.750000 94.825104 0.189000 78.574997
504.000000 95.034782 0.189000 78.660004
504.000000 95.254112 0.189000 78.775002
504.250000 95.498131 0.189000 78.860001
504.625000 95.725418 0.189000 78.974998
504.625000 95.934166 0.189000 79.065002
505.750000 95.934166 0.189000 79.154999
505.750000 96.352913 0.197000 79.275002
505.875000 96.352913 0.197000 79.360001
506.125000 96.561737 0.197000 79.474998
506.375000 96.800606 0.197000 79.559998
506.500000 97.010002 0.197000 79.665001
506.500000 97.219650 0.197000 79.760002
506.750000 97.439415 0.197000 79.870003
507.000000 97.689171 0.197000 79.959999
507.000000 97.918991 0.197000 80.074997
507.250000 98.128685 0.197000 80.165001
507.375000 98.335083 0.194000 80.275002
507.500000 98.335083 0.194000 80.364998
507.625000 98.546555 0.194000 80.474998
507.625000 98.789391 0.194000 80.565002
508.125000 99.025719 0.194000 80.675003
509.000000 99.263939 0.194000 80.760002
509.125000 99.473183 0.194000 80.875000
510.000000 99.682732 0.194000 80.955002
510.250000 99.892426 0.194000 81.074997
510.375000 100.101990 0.194000 81.160004
510.625000 100.310654 0.192000 81.269997
510.875000 100.310654 0.192000 81.360001
511.125000 100.528923 0.192000 81.445000
511.500000 100.737434 0.192000 81.565002
511.750000 100.946350 0.192000 81.650002
512.375000 101.185272 0.192000 81.764999
513.250000 101.423378 0.192000 81.875000
513.750000 101.660233 0.192000 81.964996
513.875000 101.877144 0.192000 82.074997
514.000000 101.877144 0.192000 82.154999
514.750000 102.114914 0.209000 82.269997
515.250000 102.343826 0.209000 82.360001
515.750000 102.552246 0.209000 82.470001
515.875000 102.759308 0.209000 82.559998
516.000000 102.965248 0.209000 82.675003
516.250000 103.168381 0.209000 82.760002
516.500000 103.373314 0.209000 82.875000
516.625000 103.578423 0.209000 82.964996
516.875000 103.578423 0.209000 83.044998
517.750000 103.782471 0.209000 83.165001
518.125000 104.027878 0.193000 83.260002
518.250000 104.232513 0.193000 83.375000
518.375000 104.232513 0.193000 83.480003
518.500000 104.437241 0.193000 83.565002
519.125000 104.641380 0.193000 83.675003
520.250000 104.641380 0.193000 83.760002
521.875000 104.848846 0.193000 83.879997
523.125000 105.051620 0.193000 83.974998
524.125000 105.257980 0.193000 84.059998
525.125000 105.257980 0.193000 84.169998
526.750000 105.475662 0.203000 84.260002
528.625000 105.682114 0.203000 84.375000
529.375000 105.682114 0.203000 84.459999
530.250000 105.884453 0.203000 84.570000
530.375000 106.087860 0.203000 84.660004
530.625000 106.087860 0.203000 84.769997
531.500000 106.087860 0.203000 84.860001
531.625000 106.291321 0.203000 84.974998
531.625000 106.291321 0.203000 85.055000
531.625000 106.291321 0.203000 85.175003
531.625000 106.493752 0.203000 85.264999
532.375000 106.493752 0.228000 85.375000
532.375000 106.493752 0.228000 85.464996
534.250000 106.695175 0.228000 85.570000
536.250000 106.695175 0.228000 85.665001
536.875000 106.896889 0.228000 85.775002
537.125000 106.896889 0.228000 85.860001
537.125000 107.120399 0.228000 85.974998
537.500000 107.320740 0.228000 86.059998
537.750000 107.320740 0.228000 86.169998
537.750000 107.530632 0.228000 86.260002
538.000000 107.732971 0.248000 86.375000
538.375000 107.732971 0.248000 86.459999
538.500000 107.934608 0.248000 86.544998
539.000000 108.136223 0.248000 86.675003
539.000000 108.338562 0.248000 86.769997
539.500000 108.338562 0.248000 86.849998
539.500000 108.556839 0.248000 86.964996
539.875000 108.763634 0.248000 87.074997
540.375000 108.763634 0.248000 87.169998
540.625000 108.972649 0.248000 87.275002
541.000000 109.175392 0.263000 87.375000
541.000000 109.378716 0.263000 87.459999
541.000000 109.378716 0.263000 87.574997
541.125000 109.597389 0.263000 87.669998
541.125000 109.816170 0.263000 87.764999
541.375000 109.816170 0.263000 87.864998
541.750000 110.022530 0.263000 87.959999
541.875000 110.223717 0.263000 88.055000
542.125000 110.432487 0.263000 88.165001
542.250000 110.639946 0.255000 88.275002
542.500000 110.846329 0.255000 88.360001
542.625000 111.048241 0.255000 88.480003
542.625000 111.048241 0.255000 88.574997
542.625000 111.048241 0.255000 88.669998
542.875000 111.254860 0.255000 88.760002
542.875000 111.254860 0.255000 88.870003
543.000000 111.254860 0.255000 88.964996
543.000000 111.254860 0.255000 89.050003
543.000000 111.455292 0.255000 89.176003
543.000000 111.455292 0.206000 89.264999
543.000000 111.455292 0.206000 89.349998
543.000000 111.455292 0.206000 89.464996
543.000000 111.455292 0.206000 89.550003
543.000000 111.455292 0.206000 89.669998
543.000000 111.455292 0.206000 89.760002
543.000000 111.455292 0.206000 89.875000
543.000000 111.455292 0.206000 89.959999
543.000000 111.455292 0.206000 90.080002
543.000000 111.455292 0.206000 90.165001
543.000000 111.455292 0.212000 90.269997
543.000000 111.455292 0.212000 90.349998
543.000000 111.455292 0.212000 90.464996
543.000000 111.455292 0.212000 90.574997
543.000000 111.455292 0.212000 90.669998
543.000000 111.455292 0.212000 90.754997
543.000000 111.455292 0.212000 90.875000
543.000000 111.455292 0.212000 90.959999
543.000000 111.455292 0.212000 91.044998
543.000000 111.657204 0.212000 91.169998
543.000000 111.657204 0.207000 91.254997
543.000000 111.861610 0.207000 91.370003
543.125000 112.068214 0.207000 91.459999
543.250000 112.295975 0.207000 91.565002
543.250000 112.529060 0.207000 91.654999
543.250000 112.763885 0.207000 91.775002
543.250000 112.763885 0.207000 91.855003
543.250000 113.188553 0.207000 91.974998
543.375000 113.188553 0.207000 92.059998
543.500000 113.397530 0.207000 92.175003
543.500000 113.636971 0.207000 92.264999
543.500000 113.874855 0.288000 92.375000
543.500000 114.077843 0.288000 92.464996
543.500000 114.290337 0.288000 92.550003
543.625000 114.514175 0.288000 92.675003
543.750000 114.720512 0.288000 92.754997
543.875000 114.926094 0.288000 92.870003
544.000000 114.926094 0.288000 92.955002
544.000000 115.133133 0.288000 93.074997
544.000000 115.336250 0.288000 93.160004
544.125000 115.557396 0.288000 93.275002
544.250000 115.557396 0.225000 93.360001
544.250000 115.759727 0.225000 93.474998
544.250000 115.963242 0.225000 93.559998
544.250000 115.963242 0.225000 93.669998
544.250000 115.963242 0.225000 93.760002
544.250000 116.167809 0.225000 93.875000
544.250000 116.167809 0.225000 93.959999
544.375000 116.167809 0.225000 94.074997
544.375000 116.167809 0.225000 94.169998
544.375000 116.167809 0.179000 94.254997
544.375000 116.167809 0.179000 94.375000
544.375000 116.167809 0.179000 94.459999
544.375000 116.167809 0.179000 94.574997
544.375000 116.167809 0.179000 94.665001
544.375000 116.167809 0.179000 94.785004
544.375000 116.167809 0.179000 94.864998
544.375000 116.167809 0.179000 94.974998
544.375000 116.167809 0.179000 95.059998
544.375000 116.167809 0.179000 95.175003
544.375000 116.167809 0.168000 95.260002
544.375000 116.167809 0.168000 95.375000
544.375000 116.167809 0.168000 95.464996
544.375000 116.368790 0.168000 95.574997
544.375000 116.368790 0.168000 95.660004
544.500000 116.571892 0.168000 95.775002
544.500000 116.571892 0.168000 95.855003
544.500000 116.773132 0.168000 95.974998
544.500000 116.976372 0.168000 96.059998
544.500000 117.179314 0.168000 96.175003
544.500000 117.179314 0.196000 96.260002
544.500000 117.382690 0.196000 96.375000
544.500000 117.382690 0.196000 96.459999
544.500000 117.585045 0.196000 96.575996
544.500000 117.585045 0.196000 96.660004
544.500000 117.793007 0.196000 96.775002
544.625000 117.997528 0.196000 96.864998
544.625000 118.204292 0.196000 96.974998
544.625000 118.204292 0.196000 97.059998
544.625000 118.411606 0.196000 97.169998
544.875000 118.620773 0.196000 97.285004
544.875000 118.822769 0.235000 97.375000
545.125000 118.822769 0.235000 97.464996
545.250000 119.029037 0.235000 97.574997
545.250000 119.029037 0.235000 97.660004
545.250000 119.232582 0.235000 97.775002
545.250000 119.232582 0.235000 97.860001
545.250000 119.232582 0.235000 97.974998
545.250000 119.232582 0.235000 98.070000
545.250000 119.433395 0.235000 98.165001
545.250000 119.433395 0.235000 98.279999
545.250000 119.433395 0.234000 98.364998
545.250000 119.433395 0.234000 98.445000
545.250000 119.433395 0.234000 98.570000
545.250000 119.433395 0.234000 98.654999
545.250000 119.433395 0.234000 98.775002
545.250000 119.433395 0.234000 98.860001
545.250000 119.433395 0.234000 98.974998
545.250000 119.433395 0.234000 99.065002
545.250000 119.433395 0.234000 99.175003
545.250000 119.433395 0.196000 99.264999
545.250000 119.433395 0.196000 99.375000
545.250000 119.433395 0.196000 99.470001
545.250000 119.433395 0.196000 99.574997
545.250000 119.433395 0.196000 99.660004
545.250000 119.433395 0.196000 99.775002
545.250000 119.433395 0.196000 99.860001
545.250000 119.433395 0.196000 99.974998
545.250000 119.433395 0.196000 100.059998
545.250000 119.433395 0.196000 100.175003
545.250000 119.433395 0.203000 100.260002
545.250000 119.433395 0.203000 100.375000
545.250000 119.433395 0.203000 100.459999
545.250000 119.646706 0.203000 100.570000
545.250000 119.646706 0.203000 100.654999
545.250000 119.850716 0.203000 100.769997
545.250000 120.051750 0.203000 100.864998
545.250000 120.051750 0.203000 100.974998
545.250000 120.256615 0.203000 101.059998
545.375000 120.256615 0.203000 101.175003
545.375000 120.458832 0.216000 101.254997
545.375000 120.458832 0.216000 101.364998
545.375000 120.660179 0.216000 101.455002
545.375000 120.660179 0.216000 101.570000
545.375000 120.869637 0.216000 101.654999
545.375000 121.083862 0.216000 101.769997
545.375000 121.083862 0.216000 101.879997
545.375000 121.303383 0.216000 101.964996
545.375000 121.303383 0.216000 102.084999
545.375000 121.506371 0.216000 102.165001
545.375000 121.506371 0.197000 102.269997
545.375000 121.506371 0.197000 102.360001
545.375000 121.506371 0.197000 102.474998
545.375000 121.706932 0.197000 102.570000
545.375000 121.706932 0.197000 102.654999
545.375000 121.706932 0.197000 102.775002
545.375000 121.706932 0.197000 102.860001
545.375000 121.706932 0.197000 102.974998
545.375000 121.706932 0.197000 103.070000
545.375000 121.706932 0.197000 103.154999
545.375000 121.706932 0.190000 103.264999
545.375000 121.706932 0.190000 103.375000
545.375000 121.706932 0.190000 103.459999
545.375000 121.706932 0.190000 103.574997
545.375000 121.706932 0.190000 103.660004
545.375000 121.908508 0.190000 103.775002
545.375000 121.908508 0.190000 103.860001
545.375000 122.109322 0.190000 103.964996
545.375000 122.315445 0.190000 104.059998
545.500000 122.519760 0.190000 104.175003
545.625000 122.519760 0.191000 104.260002
545.625000 122.727867 0.191000 104.375000
545.625000 122.961678 0.191000 104.459999
545.750000 123.198364 0.191000 104.574997
545.750000 123.446541 0.191000 104.660004
545.875000 123.655785 0.191000 104.769997
545.875000 123.865387 0.191000 104.870003
546.250000 124.075180 0.191000 104.964996
546.625000 124.285095 0.191000 105.070000
547.000000 124.285095 0.191000 105.160004
547.875000 124.495010 0.180000 105.264999
548.750000 124.732933 0.180000 105.345001
549.250000 124.948029 0.180000 105.464996
550.000000 125.152069 0.180000 105.574997
550.375000 125.357361 0.180000 105.660004
550.750000 125.357361 0.180000 105.775002
550.875000 125.577385 0.180000 105.860001
551.000000 125.778519 0.180000 105.974998
551.000000 125.979958 0.180000 106.074997
551.000000 125.979958 0.180000 106.165001
551.250000 126.182228 0.180000 106.269997
551.750000 126.385147 0.211000 106.355003
552.375000 126.587753 0.211000 106.474998
553.000000 126.587753 0.211000 106.570000
553.000000 126.789085 0.211000 106.650002
553.250000 126.997368 0.211000 106.764999
553.375000 126.997368 0.211000 106.875000
553.750000 127.199165 0.211000 106.970001
554.000000 127.401550 0.211000 107.059998
554.125000 127.611618 0.211000 107.175003
554.125000 127.611618 0.211000 107.254997
554.125000 127.814316 0.230000 107.370003
554.375000 128.039993 0.230000 107.459999
554.875000 128.244141 0.230000 107.574997
554.875000 128.244141 0.230000 107.660004
555.000000 128.455521 0.230000 107.775002
555.125000 128.692062 0.230000 107.864998
555.250000 128.898605 0.230000 107.970001
555.500000 129.101822 0.230000 108.059998
555.625000 129.307907 0.230000 108.169998
555.875000 129.307907 0.230000 108.260002
556.125000 129.525436 0.225000 108.375000
556.125000 129.763565 0.225000 108.464996
556.125000 129.972488 0.225000 108.570000
556.625000 130.181854 0.225000 108.650002
556.750000 130.391479 0.225000 108.775002
557.250000 130.600891 0.225000 108.864998
557.250000 130.850098 0.225000 108.959999
557.250000 131.079117 0.225000 109.074997
557.750000 131.288559 0.225000 109.169998
558.250000 131.288559 0.225000 109.254997
558.500000 131.701096 0.263000 109.375000
558.500000 131.903336 0.263000 109.464996
558.750000 132.105850 0.263000 109.574997
558.875000 132.308380 0.263000 109.665001
559.125000 132.510864 0.263000 109.775002
559.375000 132.510864 0.263000 109.855003
559.625000 132.911667 0.263000 109.970001
559.875000 132.911667 0.263000 110.050003
560.000000 133.113007 0.263000 110.165001
560.625000 133.314041 0.263000 110.275002
560.625000 133.314041 0.277000 110.364998
560.750000 133.514832 0.277000 110.470001
560.875000 133.514832 0.277000 110.555000
561.000000 133.514832 0.277000 110.665001
561.125000 133.716537 0.277000 110.769997
561.375000 133.716537 0.277000 110.855003
561.500000 133.716537 0.277000 110.964996
561.500000 133.716537 0.277000 111.070000
561.500000 133.716537 0.277000 111.175003
561.625000 133.716537 0.277000 111.260002
561.625000 133.716537 0.243000 111.370003
561.875000 133.716537 0.243000 111.464996
561.875000 133.716537 0.243000 111.570000
561.875000 133.716537 0.243000 111.669998
561.875000 133.716537 0.243000 111.785004
561.875000 133.716537 0.243000 111.870003
561.875000 133.716537 0.243000 111.955002
561.875000 133.716537 0.243000 112.065002
561.875000 133.716537 0.243000 112.175003
561.875000 133.716537 0.243000 112.264999
561.875000 133.716537 0.223000 112.370003
561.875000 133.716537 0.223000 112.459999
561.875000 133.716537 0.223000 112.570000
561.875000 133.917328 0.223000 112.654999
562.000000 134.133896 0.223000 112.764999
562.000000 134.133896 0.223000 112.875000
562.000000 134.355774 0.223000 112.959999
562.000000 134.561966 0.223000 113.074997
562.000000 134.764572 0.223000 113.165001
562.000000 134.764572 0.223000 113.275002
562.000000 134.971680 0.234000 113.370003
562.125000 135.176788 0.234000 113.459999
562.375000 135.176788 0.234000 113.574997
562.375000 135.405289 0.234000 113.660004
562.500000 135.605988 0.234000 113.779999
562.750000 135.605988 0.234000 113.864998
562.875000 135.815369 0.234000 113.974998
562.875000 136.019073 0.234000 114.059998
562.875000 136.223267 0.234000 114.175003
562.875000 136.223267 0.234000 114.264999
563.000000 136.428238 0.248000 114.375000
563.125000 136.633560 0.248000 114.459999
563.250000 136.844528 0.248000 114.574997
563.250000 136.844528 0.248000 114.660004
563.375000 137.050674 0.248000 114.775002
563.625000 137.283875 0.248000 114.864998
563.625000 137.283875 0.248000 114.974998
564.125000 137.509903 0.248000 115.059998
564.125000 137.713715 0.248000 115.175003
564.375000 137.713715 0.248000 115.260002
564.500000 137.918243 0.228000 115.370003
564.750000 138.124893 0.228000 115.455002
564.875000 138.124893 0.228000 115.565002
565.000000 138.332031 0.228000 115.650002
565.125000 138.332031 0.228000 115.769997
565.125000 138.332031 0.228000 115.855003
565.125000 138.533386 0.228000 115.970001
565.125000 138.533386 0.228000 116.055000
565.125000 138.533386 0.228000 116.169998
565.125000 138.533386 0.210000 116.264999
565.125000 138.533386 0.210000 116.355003
565.125000 138.533386 0.210000 116.464996
565.125000 138.533386 0.210000 116.574997
565.125000 138.533386 0.210000 116.665001
565.125000 138.533386 0.210000 116.769997
565.125000 138.533386 0.210000 116.860001
565.125000 138.533386 0.210000 116.970001
565.125000 138.533386 0.210000 117.059998
565.125000 138.533386 0.210000 117.175003
565.125000 138.533386 0.193000 117.254997
565.125000 138.533386 0.193000 117.364998
565.125000 138.533386 0.193000 117.459999
565.125000 138.533386 0.193000 117.574997
565.125000 138.533386 0.193000 117.669998
565.125000 138.533386 0.193000 117.754997
565.125000 138.533386 0.193000 117.864998
565.125000 138.533386 0.193000 117.949997
565.125000 138.533386 0.193000 118.074997
565.125000 138.533386 0.193000 118.169998
565.125000 138.533386 0.178000 118.254997
565.125000 138.743393 0.178000 118.375000
565.125000 138.743393 0.178000 118.459999
565.125000 138.970154 0.178000 118.580002
565.125000 139.170334 0.178000 118.665001
565.125000 139.170334 0.178000 118.775002
565.125000 139.388779 0.178000 118.860001
565.125000 139.591827 0.178000 118.970001
565.250000 139.591827 0.178000 119.059998
565.375000 139.796814 0.178000 119.169998
565.375000 139.796814 0.178000 119.260002
565.375000 140.005890 0.221000 119.375000
565.375000 140.005890 0.221000 119.459999
565.375000 140.207932 0.221000 119.574997
565.375000 140.409912 0.221000 119.660004
565.375000 140.409912 0.221000 119.775002
565.375000 140.610336 0.221000 119.860001
565.375000 140.610336 0.221000 119.974998
565.375000 140.610336 0.221000 120.065002
565.375000 140.825134 0.221000 120.175003
565.375000 140.825134 0.221000 120.260002
565.375000 141.026093 0.238000 120.370003
565.375000 141.026093 0.238000 120.455002
565.375000 141.026093 0.238000 120.574997
565.375000 141.026093 0.238000 120.660004
565.375000 141.026093 0.238000 120.769997
565.375000 141.026093 0.238000 120.849998
565.500000 141.226868 0.238000 120.970001
565.500000 141.226868 0.238000 121.059998
565.500000 141.226868 0.238000 121.165001
565.500000 141.226868 0.199000 121.250000
565.500000 141.226868 0.199000 121.375000
565.500000 141.226868 0.199000 121.459999
565.500000 141.226868 0.199000 121.574997
565.500000 141.226868 0.199000 121.660004
565.625000 141.226868 0.199000 121.775002
565.625000 141.226868 0.199000 121.864998
565.625000 141.226868 0.199000 121.974998
565.625000 141.226868 0.199000 122.070000
565.625000 141.226868 0.199000 122.184998
565.625000 141.226868 0.199000 122.269997
565.625000 141.226868 0.223000 122.360001
565.625000 141.226868 0.223000 122.474998
565.625000 141.226868 0.223000 122.559998
565.625000 141.226868 0.223000 122.675003
565.625000 141.430557 0.223000 122.764999
565.750000 141.430557 0.223000 122.875999
565.750000 141.644638 0.223000 122.959999
566.125000 141.845108 0.223000 123.074997
566.125000 141.845108 0.223000 123.160004
566.125000 142.052567 0.208000 123.275002
566.125000 142.271210 0.208000 123.355003
566.125000 142.495636 0.208000 123.464996
566.125000 142.703064 0.208000 123.559998
566.125000 142.911575 0.208000 123.660004
566.125000 143.120651 0.208000 123.775002
566.250000 143.340027 0.208000 123.855003
566.500000 143.559662 0.208000 123.974998
566.875000 143.769424 0.208000 124.059998
566.875000 143.979202 0.208000 124.175003
567.000000 144.187378 0.208000 124.275002
567.375000 144.390457 0.235000 124.364998
567.375000 144.591492 0.235000 124.474998
567.750000 144.591492 0.235000 124.565002
567.875000 144.791779 0.235000 124.669998
568.125000 145.023819 0.235000 124.779999
568.375000 145.023819 0.235000 124.875000
568.500000 145.247772 0.235000 124.959999
568.500000 145.448929 0.235000 125.074997
568.625000 145.448929 0.235000 125.160004
568.875000 145.666153 0.214000 125.275002
569.000000 145.869247 0.214000 125.355003
569.000000 146.072876 0.214000 125.470001
569.125000 146.072876 0.214000 125.555000
569.250000 146.276855 0.214000 125.675003
569.375000 146.480988 0.214000 125.764999
569.500000 146.692719 0.214000 125.875000
569.500000 146.692719 0.214000 125.964996
569.500000 146.898773 0.214000 126.074997
569.625000 147.103546 0.214000 126.160004
569.875000 147.330856 0.214000 126.275002
570.000000 147.565247 0.228000 126.360001
570.125000 147.783554 0.228000 126.474998
570.125000 147.783554 0.228000 126.559998
570.125000 147.992706 0.228000 126.675003
570.375000 148.195221 0.228000 126.760002
570.375000 148.399521 0.228000 126.870003
570.500000 148.600342 0.228000 126.955002
570.500000 148.600342 0.228000 127.070000
570.500000 148.823105 0.228000 127.154999
570.625000 149.028351 0.201000 127.269997
570.625000 149.232162 0.201000 127.360001
570.625000 149.232162 0.201000 127.445000
570.625000 149.452530 0.201000 127.570000
570.750000 149.659744 0.201000 127.650002
570.750000 149.863602 0.201000 127.775002
570.750000 149.863602 0.201000 127.864998
571.000000 150.070282 0.201000 127.980003
571.000000 150.274414 0.201000 128.065002
571.000000 150.476822 0.201000 128.175003
571.375000 150.684967 0.179000 128.274994
571.375000 150.891678 0.179000 128.369995
571.375000 151.116699 0.179000 128.460007
571.625000 151.116699 0.179000 128.574997
571.625000 151.334381 0.179000 128.664993
571.625000 151.334381 0.179000 128.774994
571.625000 151.542633 0.179000 128.865005
571.625000 151.542633 0.179000 128.945007
571.625000 151.542633 0.179000 129.065002
571.750000 151.542633 0.179000 129.145004
571.750000 151.542633 0.202000 129.270004
571.750000 151.542633 0.202000 129.354996
571.750000 151.743271 0.202000 129.475006
571.750000 151.743271 0.202000 129.565002
571.750000 151.743271 0.202000 129.675003
571.750000 151.743271 0.202000 129.759995
571.875000 151.743271 0.202000 129.875000
571.875000 151.743271 0.202000 129.964996
571.875000 151.743271 0.202000 130.074997
571.875000 151.743271 0.202000 130.164993
571.875000 151.743271 0.198000 130.270004
571.875000 151.743271 0.198000 130.354996
571.875000 151.743271 0.198000 130.475006
571.875000 151.743271 0.198000 130.554993
571.875000 151.743271 0.198000 130.679993
571.875000 151.743271 0.198000 130.764999
571.875000 151.743271 0.198000 130.875000
571.875000 151.743271 0.198000 130.964996
571.875000 151.743271 0.198000 131.085007
571.875000 151.743271 0.198000 131.164993
572.125000 151.743271 0.187000 131.285004
572.125000 151.743271 0.187000 131.365005
572.125000 151.743271 0.187000 131.475006
572.125000 151.743271 0.187000 131.554993
572.125000 151.743271 0.187000 131.669998
572.125000 151.946198 0.187000 131.755005
572.125000 151.946198 0.187000 131.869995
572.250000 152.182480 0.187000 131.960007
572.250000 152.397461 0.187000 132.074997
572.250000 152.635437 0.187000 132.160004
572.250000 152.840454 0.208000 132.274994
572.250000 153.057465 0.208000 132.375000
572.250000 153.265045 0.208000 132.464996
572.375000 153.265045 0.208000 132.539993
572.375000 153.495117 0.208000 132.664993
572.375000 153.698776 0.208000 132.744995
572.500000 153.903214 0.208000 132.865005
572.500000 153.903214 0.208000 132.979996
572.500000 154.106171 0.208000 133.065002
572.500000 154.309204 0.208000 133.175003
572.625000 154.309204 0.197000 133.264999
572.625000 154.520126 0.197000 133.375000
572.625000 154.724319 0.197000 133.475006
572.875000 154.929276 0.197000 133.565002
573.000000 154.929276 0.197000 133.675995
573.000000 155.136246 0.197000 133.764999
573.000000 155.336884 0.197000 133.875000
573.125000 155.545914 0.197000 133.964996
573.125000 155.752594 0.197000 134.074997
573.125000 155.968140 0.197000 134.164993
573.250000 156.168457 0.197000 134.270004
573.250000 156.168457 0.225000 134.354996
573.250000 156.375031 0.225000 134.475006
573.250000 156.607025 0.225000 134.565002
573.250000 156.607025 0.225000 134.675003
573.375000 156.822647 0.225000 134.764999
573.375000 156.822647 0.225000 134.875000
573.500000 157.024155 0.225000 134.970001
573.500000 157.024155 0.225000 135.054993
573.500000 157.024155 0.225000 135.175003
573.500000 157.024155 0.203000 135.259995
573.500000 157.230484 0.203000 135.375000
573.500000 157.230484 0.203000 135.464996
573.500000 157.230484 0.203000 135.574997
573.500000 157.230484 0.203000 135.675003
573.625000 157.230484 0.203000 135.770004
573.750000 157.230484 0.203000 135.854996
573.875000 157.230484 0.203000 135.975006
573.875000 157.230484 0.203000 136.059998
573.875000 157.230484 0.203000 136.175003
573.875000 157.230484 0.203000 136.270004
573.875000 157.230484 0.221000 136.375000
573.875000 157.230484 0.221000 136.464996
573.875000 157.230484 0.221000 136.574997
573.875000 157.230484 0.221000 136.675003
574.125000 157.230484 0.221000 136.759995
574.250000 157.431274 0.221000 136.875000
574.250000 157.431274 0.221000 136.960007
574.250000 157.635880 0.221000 137.059998
575.000000 157.846863 0.221000 137.175003
575.000000 158.050323 0.184000 137.270004
575.500000 158.050323 0.184000 137.350006
575.625000 158.265503 0.184000 137.475006
576.000000 158.265503 0.184000 137.559998
576.375000 158.467804 0.184000 137.675003
576.375000 158.467804 0.184000 137.759995
576.375000 158.467804 0.184000 137.869995
576.625000 158.669189 0.184000 137.955002
576.625000 158.669189 0.184000 138.065002
576.750000 158.669189 0.184000 138.175003
577.000000 158.669189 0.192000 138.264999
577.375000 158.669189 0.192000 138.375000
577.625000 158.669189 0.192000 138.460007
577.750000 158.669189 0.192000 138.565002
577.875000 158.669189 0.192000 138.654999
578.000000 158.669189 0.192000 138.764999
578.000000 158.669189 0.192000 138.854996
578.000000 158.669189 0.192000 138.970001
578.000000 158.669189 0.192000 139.059998
578.000000 158.669189 0.192000 139.139999
578.000000 158.669189 0.187000 139.264999
578.000000 158.669189 0.187000 139.375000
578.000000 158.669189 0.187000 139.470001
578.125000 158.669189 0.187000 139.574997
578.125000 158.669189 0.187000 139.664993
578.125000 158.669189 0.187000 139.774994
578.125000 158.669189 0.187000 139.860001
578.125000 158.669189 0.187000 139.975006
578.125000 158.669189 0.187000 140.059998
578.125000 158.669189 0.187000 140.175003
578.125000 158.669189 0.179000 140.255005
578.125000 158.669189 0.179000 140.375000
578.125000 158.669189 0.179000 140.470001
578.125000 158.669189 0.179000 140.554993
578.375000 158.669189 0.179000 140.669998
578.500000 158.869904 0.179000 140.764999
578.500000 159.071381 0.179000 140.875000
578.625000 159.071381 0.179000 140.964996
578.750000 159.276062 0.179000 141.074997
579.000000 159.485840 0.179000 141.160004
579.250000 159.693085 0.187000 141.274994
579.250000 159.693085 0.187000 141.360001
579.375000 159.900833 0.187000 141.475006
579.375000 160.100830 0.187000 141.559998
579.375000 160.100830 0.187000 141.669998
579.375000 160.329407 0.187000 141.759995
579.375000 160.535294 0.187000 141.869995
579.375000 160.535294 0.187000 141.955002
579.375000 160.748749 0.187000 142.065002
579.375000 160.954514 0.187000 142.149994
579.375000 161.190811 0.210000 142.274994
579.500000 161.190811 0.210000 142.365005
579.500000 161.397064 0.210000 142.475006
579.500000 161.600861 0.210000 142.574997
579.625000 161.600861 0.210000 142.660004
579.625000 161.600861 0.210000 142.770004
579.625000 161.600861 0.210000 142.854996
579.625000 161.802765 0.210000 142.975006
579.625000 161.802765 0.210000 143.059998
579.625000 161.802765 0.210000 143.175003
579.625000 161.802765 0.202000 143.259995
579.625000 161.802765 0.202000 143.375000
579.625000 161.802765 0.202000 143.460007
579.625000 161.802765 0.202000 143.574997
579.625000 161.802765 0.202000 143.660004
579.625000 161.802765 0.202000 143.770004
579.625000 161.802765 0.202000 143.865005
579.625000 161.802765 0.202000 143.975006
579.625000 161.802765 0.202000 144.070007
579.625000 161.802765 0.202000 144.149994
579.625000 161.802765 0.200000 144.274994
579.625000 161.802765 0.200000 144.360001
579.625000 161.802765 0.200000 144.475006
579.625000 161.802765 0.200000 144.554993
579.625000 161.802765 0.200000 144.664993
579.625000 161.802765 0.200000 144.750000
579.625000 161.802765 0.200000 144.875000
579.625000 161.802765 0.200000 144.960007
579.625000 161.802765 0.200000 145.070007
579.625000 161.802765 0.194000 145.164993
579.625000 161.802765 0.194000 145.259995
579.625000 161.802765 0.194000 145.360001
579.625000 161.802765 0.194000 145.464996
579.625000 161.802765 0.194000 145.565002
579.625000 161.802765 0.194000 145.675003
579.625000 162.028061 0.194000 145.764999
579.625000 162.231354 0.194000 145.875000
579.625000 162.231354 0.194000 145.964996
579.750000 162.637314 0.194000 146.080002
579.750000 162.637314 0.194000 146.164993
579.750000 162.843536 0.197000 146.274994
579.750000 163.061691 0.197000 146.360001
579.750000 163.262787 0.197000 146.475006
579.750000 163.464737 0.197000 146.559998
579.750000 163.666718 0.197000 146.675003
579.750000 163.866730 0.197000 146.759995
579.750000 164.095795 0.197000 146.875000
579.750000 164.304382 0.197000 146.960007
579.750000 164.513245 0.197000 147.074997
579.750000 164.752350 0.197000 147.160004
579.750000 164.961685 0.197000 147.270004
579.750000 165.170166 0.215000 147.360001
579.750000 165.378403 0.215000 147.475006
579.750000 165.586670 0.215000 147.559998
579.750000 165.795029 0.215000 147.675003
579.750000 166.003967 0.215000 147.770004
579.750000 166.213364 0.215000 147.880005
579.750000 166.213364 0.215000 147.960007
579.750000 166.423019 0.215000 148.074997
579.750000 166.652817 0.215000 148.160004
579.875000 166.862183 0.193000 148.274994
580.000000 167.070496 0.193000 148.360001
580.000000 167.272583 0.193000 148.479996
580.250000 167.272583 0.193000 148.574997
580.250000 167.485794 0.193000 148.660004
580.375000 167.485794 0.193000 148.774994
580.375000 167.485794 0.193000 148.865005
580.375000 167.485794 0.193000 148.975006
580.375000 167.687927 0.193000 149.065002
580.375000 167.687927 0.193000 149.179993
580.375000 167.687927 0.193000 149.274994
580.375000 167.687927 0.217000 149.365005
580.375000 167.687927 0.217000 149.475006
580.375000 167.687927 0.217000 149.565002
580.375000 167.687927 0.217000 149.675003
580.375000 167.687927 0.217000 149.759995
580.375000 167.687927 0.217000 149.850006
580.375000 167.687927 0.217000 149.975006
580.375000 167.687927 0.217000 150.059998
580.375000 167.687927 0.217000 150.179993
580.375000 167.687927 0.194000 150.270004
580.375000 167.687927 0.194000 150.354996
580.375000 167.687927 0.194000 150.475006
580.375000 167.687927 0.194000 150.570007
580.375000 167.687927 0.194000 150.675003
580.375000 167.687927 0.194000 150.764999
580.375000 167.687927 0.194000 150.850006
580.375000 167.687927 0.194000 150.975006
580.375000 167.687927 0.194000 151.065002
580.375000 167.687927 0.194000 151.145004
580.375000 167.687927 0.177000 151.264999
580.375000 167.687927 0.177000 151.350006
580.375000 167.687927 0.177000 151.475006
580.375000 167.687927 0.177000 151.565002
580.375000 167.687927 0.177000 151.639999
580.375000 167.687927 0.177000 151.759995
580.375000 167.687927 0.177000 151.875000
580.375000 167.687927 0.177000 151.960007
580.375000 167.687927 0.177000 152.074997
580.375000 167.687927 0.177000 152.169998
580.375000 167.893326 0.192000 152.250000
580.375000 167.893326 0.192000 152.369995
580.375000 168.119949 0.192000 152.455002
580.625000 168.356949 0.192000 152.574997
580.625000 168.581421 0.192000 152.664993
580.625000 168.784653 0.192000 152.774994
580.750000 168.784653 0.192000 152.860001
580.750000 168.990448 0.192000 152.975006
580.750000 169.203369 0.192000 153.065002
580.750000 169.203369 0.192000 153.175003
580.875000 169.408524 0.170000 153.274994
581.000000 169.408524 0.170000 153.360001
581.000000 169.611069 0.170000 153.475006
581.000000 169.813385 0.170000 153.559998
581.125000 169.813385 0.170000 153.675003
581.125000 170.031494 0.170000 153.764999
581.125000 170.031494 0.170000 153.875000
581.125000 170.252365 0.170000 153.964996
581.125000 170.252365 0.170000 154.044998
581.250000 170.463181 0.170000 154.169998
581.250000 170.463181 0.191000 154.244995
581.250000 170.665314 0.191000 154.360001
581.250000 170.665314 0.191000 154.470001
581.250000 170.665314 0.191000 154.570007
581.250000 170.665314 0.191000 154.660004
581.375000 170.867310 0.191000 154.774994
581.375000 170.867310 0.191000 154.860001
581.375000 170.867310 0.191000 154.979996
581.375000 170.867310 0.191000 155.059998
581.375000 170.867310 0.191000 155.175003
581.375000 170.867310 0.195000 155.270004
581.375000 170.867310 0.195000 155.360001
581.375000 170.867310 0.195000 155.475006
581.375000 170.867310 0.195000 155.565002
581.375000 170.867310 0.195000 155.684998
581.375000 170.867310 0.195000 155.764999
581.375000 170.867310 0.195000 155.875000
581.375000 170.867310 0.195000 155.960007
581.375000 170.867310 0.195000 156.074997
581.375000 170.867310 0.195000 156.160004
581.375000 170.867310 0.192000 156.274994
581.375000 170.867310 0.192000 156.360001
581.375000 170.867310 0.192000 156.475006
581.375000 170.867310 0.192000 156.565002
581.375000 171.068741 0.192000 156.675003
581.375000 171.068741 0.192000 156.764999
581.375000 171.271744 0.192000 156.875000
581.500000 171.482071 0.192000 156.964996
581.625000 171.482071 0.192000 157.074997
581.750000 171.700653 0.192000 157.160004
581.875000 171.901367 0.177000 157.274994
581.875000 171.901367 0.177000 157.360001
582.000000 172.116974 0.177000 157.475006
583.500000 172.354904 0.177000 157.565002
583.875000 172.354904 0.177000 157.675003
584.000000 172.557175 0.177000 157.770004
584.000000 172.557175 0.177000 157.860001
584.125000 172.770309 0.177000 157.975006
584.250000 172.770309 0.177000 158.074997
584.375000 172.971680 0.177000 158.164993
584.375000 172.971680 0.195000 158.276001
584.375000 172.971680 0.195000 158.360001
584.500000 172.971680 0.195000 158.470001
584.500000 172.971680 0.195000 158.550003
584.500000 173.172012 0.195000 158.675003
584.500000 173.172012 0.195000 158.770004
584.625000 173.172012 0.195000 158.854996
584.875000 173.172012 0.195000 158.970001
584.875000 173.172012 0.195000 159.050003
584.875000 173.172012 0.195000 159.175003
585.000000 173.172012 0.176000 159.270004
585.000000 173.172012 0.176000 159.354996
585.000000 173.172012 0.176000 159.475006
585.000000 173.376160 0.176000 159.565002
585.125000 173.577209 0.176000 159.684998
585.250000 173.577209 0.176000 159.764999
585.375000 173.783859 0.176000 159.875000
585.625000 173.783859 0.176000 159.960007
585.625000 174.002579 0.176000 160.074997
585.750000 174.203094 0.176000 160.160004
585.750000 174.419525 0.185000 160.274994
585.875000 174.419525 0.185000 160.369995
585.875000 174.621613 0.185000 160.455002
586.000000 174.822388 0.185000 160.570007
586.125000 174.822388 0.185000 160.654999
586.125000 175.028519 0.185000 160.774994
586.250000 175.234009 0.185000 160.860001
586.250000 175.454239 0.185000 160.975006
586.375000 175.454239 0.185000 161.059998
586.375000 175.660110 0.185000 161.175003
586.375000 175.873413 0.198000 161.259995
586.500000 176.074432 0.198000 161.380005
586.625000 176.074432 0.198000 161.464996
586.625000 176.277969 0.198000 161.580002
586.625000 176.277969 0.198000 161.675003
586.625000 176.277969 0.198000 161.764999
586.625000 176.478775 0.198000 161.875000
586.625000 176.478775 0.198000 161.964996
586.625000 176.478775 0.198000 162.074997
586.750000 176.478775 0.198000 162.160004
586.875000 176.478775 0.185000 162.274994
586.875000 176.478775 0.185000 162.360001
586.875000 176.478775 0.185000 162.475006
586.875000 176.478775 0.185000 162.565002
586.875000 176.478775 0.185000 162.675003
587.000000 176.478775 0.185000 162.764999
587.000000 176.478775 0.185000 162.875000
587.000000 176.478775 0.185000 162.964996
587.000000 176.478775 0.185000 163.050003
587.000000 176.478775 0.185000 163.175003
587.000000 176.478775 0.194000 163.255005
587.000000 176.478775 0.194000 163.375000
587.000000 176.478775 0.194000 163.455002
587.000000 176.478775 0.194000 163.580002
587.000000 176.478775 0.194000 163.664993
587.125000 176.478775 0.194000 163.774994
587.125000 176.478775 0.194000 163.865005
587.125000 176.691513 0.194000 163.979996
587.125000 176.898651 0.194000 164.065002
587.125000 177.101578 0.194000 164.175003
587.250000 177.101578 0.199000 164.259995
587.375000 177.531250 0.199000 164.380005
587.625000 177.531250 0.199000 164.464996
587.750000 177.741089 0.199000 164.574997
587.875000 177.961990 0.199000 164.664993
588.000000 178.163513 0.199000 164.774994
588.000000 178.364059 0.199000 164.860001
588.500000 178.564621 0.199000 164.975006
588.625000 178.773895 0.199000 165.059998
588.750000 178.993225 0.199000 165.169998
589.000000 179.202850 0.201000 165.255005
589.250000 179.411942 0.201000 165.375000
589.500000 179.652710 0.201000 165.485001
589.625000 179.865021 0.201000 165.565002
589.625000 180.084000 0.201000 165.675003
589.625000 180.288467 0.201000 165.770004
589.625000 180.288467 0.201000 165.850006
589.750000 180.518326 0.201000 165.964996
589.750000 180.723099 0.201000 166.050003
589.750000 180.723099 0.201000 166.164993
589.750000 180.949081 0.201000 166.285004
589.750000 181.154770 0.225000 166.365005
589.750000 181.154770 0.225000 166.475006
589.750000 181.356750 0.225000 166.565002
589.750000 181.356750 0.225000 166.675003
589.750000 181.557816 0.225000 166.759995
589.750000 181.557816 0.225000 166.880005
589.750000 181.557816 0.225000 166.964996
589.750000 181.557816 0.225000 167.074997
589.750000 181.557816 0.225000 167.164993
589.750000 181.758621 0.186000 167.274994
589.750000 181.758621 0.186000 167.365005
589.750000 181.758621 0.186000 167.475006
589.750000 181.758621 0.186000 167.565002
589.750000 181.758621 0.186000 167.675003
589.750000 181.758621 0.186000 167.770004
589.750000 181.758621 0.186000 167.880005
589.750000 181.758621 0.186000 167.964996
589.750000 181.758621 0.186000 168.080002
589.750000 181.758621 0.186000 168.175003
589.750000 181.758621 0.180000 168.264999
589.750000 181.758621 0.180000 168.375000
589.750000 181.758621 0.180000 168.460007
589.750000 181.758621 0.180000 168.574997
589.750000 181.758621 0.180000 168.660004
589.750000 181.758621 0.180000 168.774994
589.750000 181.758621 0.180000 168.860001
589.750000 181.758621 0.180000 168.979996
589.750000 181.758621 0.180000 169.059998
589.750000 181.758621 0.180000 169.179993
589.750000 181.758621 0.184000 169.264999
589.750000 181.758621 0.184000 169.375000
589.750000 181.758621 0.184000 169.464996
589.750000 181.758621 0.184000 169.574997
589.750000 181.758621 0.184000 169.664993
589.750000 181.758621 0.184000 169.774994
589.750000 181.758621 0.184000 169.865005
589.750000 181.758621 0.184000 169.979996
589.750000 181.758621 0.184000 170.070007
589.750000 181.758621 0.184000 170.145004
589.750000 181.758621 0.178000 170.270004
589.750000 181.758621 0.178000 170.350006
589.875000 181.758621 0.178000 170.460007
589.875000 181.758621 0.178000 170.574997
589.875000 181.758621 0.178000 170.664993
589.875000 181.758621 0.178000 170.779999
589.875000 181.758621 0.178000 170.865005
589.875000 181.758621 0.178000 170.979996
589.875000 181.758621 0.178000 171.059998
589.875000 181.758621 0.178000 171.175003
589.875000 181.758621 0.177000 171.259995
589.875000 181.964127 0.177000 171.369995
589.875000 181.964127 0.177000 171.460007
589.875000 182.174332 0.177000 171.574997
589.875000 182.376022 0.177000 171.664993
589.875000 182.376022 0.177000 171.779999
589.875000 182.578339 0.177000 171.860001
589.875000 182.800171 0.177000 171.975006
589.875000 182.800171 0.177000 172.070007
589.875000 183.000595 0.177000 172.149994
589.875000 183.204971 0.179000 172.274994
590.000000 183.407898 0.179000 172.360001
590.000000 183.407898 0.179000 172.475006
590.000000 183.616150 0.179000 172.565002
590.000000 183.823441 0.179000 172.679993
590.000000 183.823441 0.179000 172.764999
590.000000 184.038055 0.179000 172.875000
590.000000 184.274429 0.179000 172.964996
590.000000 184.274429 0.179000 173.050003
590.000000 184.480530 0.179000 173.164993
590.000000 184.685822 0.205000 173.279999
590.125000 184.887909 0.205000 173.375000
590.375000 184.887909 0.205000 173.460007
590.375000 185.109573 0.205000 173.574997
590.375000 185.109573 0.205000 173.660004
590.375000 185.109573 0.205000 173.779999
590.625000 185.313187 0.205000 173.875000
590.625000 185.313187 0.205000 173.960007
590.625000 185.313187 0.205000 174.074997
590.625000 185.313187 0.205000 174.169998
590.625000 185.313187 0.206000 174.285004
590.625000 185.313187 0.206000 174.365005
590.875000 185.313187 0.206000 174.449997
590.875000 185.313187 0.206000 174.574997
590.875000 185.313187 0.206000 174.660004
590.875000 185.313187 0.206000 174.779999
590.875000 185.313187 0.206000 174.869995
590.875000 185.313187 0.206000 174.955002
590.875000 185.313187 0.206000 175.070007
591.000000 185.313187 0.206000 175.149994
591.125000 185.313187 0.212000 175.264999
591.125000 185.313187 0.212000 175.380005
591.125000 185.514175 0.212000 175.464996
591.250000 185.514175 0.212000 175.574997
591.250000 185.717377 0.212000 175.660004
591.375000 185.926392 0.212000 175.774994
591.375000 185.926392 0.212000 175.860001
591.625000 186.138428 0.212000 175.979996
591.750000 186.353821 0.212000 176.065002
591.875000 186.560684 0.212000 176.179993
592.125000 186.768066 0.215000 176.270004
592.125000 186.768066 0.215000 176.380005
592.125000 186.990982 0.215000 176.464996
592.125000 187.196014 0.215000 176.580002
592.250000 187.196014 0.215000 176.664993
592.625000 187.399796 0.215000 176.774994
593.000000 187.602692 0.215000 176.865005
593.125000 187.809784 0.215000 176.979996
594.250000 188.020950 0.215000 177.074997
595.375000 188.020950 0.215000 177.154999
597.500000 188.225388 0.217000 177.259995
599.750000 188.426636 0.217000 177.365005
600.875000 188.631546 0.217000 177.464996
602.125000 188.835083 0.217000 177.565002
602.625000 188.835083 0.217000 177.664993
603.000000 189.035843 0.217000 177.770004
603.125000 189.035843 0.217000 177.875000
604.250000 189.035843 0.217000 177.970001
604.500000 189.237457 0.217000 178.085007
604.625000 189.237457 0.217000 178.164993
604.750000 189.237457 0.217000 178.279999
605.125000 189.237457 0.237000 178.369995
605.125000 189.237457 0.237000 178.479996
605.125000 189.237457 0.237000 178.565002
605.250000 189.237457 0.237000 178.669998
605.250000 189.237457 0.237000 178.774994
605.250000 189.237457 0.237000 178.860001
605.375000 189.237457 0.237000 178.979996
605.375000 189.237457 0.237000 179.065002
605.375000 189.237457 0.237000 179.179993
605.375000 189.237457 0.209000 179.274994
605.375000 189.237457 0.209000 179.360001
605.375000 189.237457 0.209000 179.475006
605.375000 189.237457 0.209000 179.565002
605.375000 189.237457 0.209000 179.679993
605.375000 189.237457 0.209000 179.764999
605.375000 189.237457 0.209000 179.880005
605.500000 189.237457 0.209000 179.975006
605.500000 189.237457 0.209000 180.059998
605.500000 189.237457 0.209000 180.175003
605.500000 189.237457 0.198000 180.264999
605.500000 189.237457 0.198000 180.380005
605.500000 189.237457 0.198000 180.460007
605.500000 189.237457 0.198000 180.574997
605.500000 189.455063 0.198000 180.660004
605.625000 189.656967 0.198000 180.774994
605.750000 189.887131 0.198000 180.860001
605.750000 190.088547 0.198000 180.975006
605.750000 190.293991 0.198000 181.059998
606.000000 190.501572 0.198000 181.179993
606.000000 190.710190 0.204000 181.264999
606.125000 190.915771 0.204000 181.380005
606.125000 190.915771 0.204000 181.470001
606.375000 191.123276 0.204000 181.574997
606.625000 191.328873 0.204000 181.664993
606.750000 191.328873 0.204000 181.779999
606.750000 191.328873 0.204000 181.869995
606.750000 191.531418 0.204000 181.955002
606.750000 191.531418 0.204000 182.070007
606.750000 191.531418 0.204000 182.184998
606.750000 191.531418 0.203000 182.264999
606.750000 191.531418 0.203000 182.375000
606.750000 191.531418 0.203000 182.460007
606.750000 191.531418 0.203000 182.574997
606.750000 191.732056 0.203000 182.660004
606.750000 191.732056 0.203000 182.774994
606.750000 191.732056 0.203000 182.865005
606.750000 191.732056 0.203000 182.979996
606.750000 191.732056 0.203000 183.070007
606.750000 191.732056 0.203000 183.149994
606.750000 191.732056 0.203000 183.274994
606.750000 191.732056 0.215000 183.365005
606.750000 191.732056 0.215000 183.475006
606.750000 191.732056 0.215000 183.559998
606.750000 191.732056 0.215000 183.679993
606.750000 191.732056 0.215000 183.770004
606.750000 191.732056 0.215000 183.875000
606.750000 191.732056 0.215000 183.964996
606.875000 191.732056 0.215000 184.050003
606.875000 191.732056 0.215000 184.175003
606.875000 191.732056 0.202000 184.264999
606.875000 191.732056 0.202000 184.380005
606.875000 191.732056 0.202000 184.475006
606.875000 191.952744 0.202000 184.559998
606.875000 191.952744 0.202000 184.675003
606.875000 192.164215 0.202000 184.759995
606.875000 192.366104 0.202000 184.875000
607.125000 192.366104 0.202000 184.955002
607.250000 192.572372 0.202000 185.074997
607.250000 192.772614 0.202000 185.160004
607.250000 192.987930 0.197000 185.274994
607.500000 192.987930 0.197000 185.360001
607.500000 193.188339 0.197000 185.475006
607.500000 193.420563 0.197000 185.565002
607.625000 193.420563 0.197000 185.675003
607.625000 193.647095 0.197000 185.755005
607.625000 193.848907 0.197000 185.875000
607.625000 194.055511 0.197000 185.964996
608.000000 194.259644 0.197000 186.074997
608.250000 194.461868 0.197000 186.164993
608.500000 194.667908 0.218000 186.279999
608.500000 194.667908 0.218000 186.365005
608.500000 194.886612 0.218000 186.475006
608.625000 195.116470 0.218000 186.554993
608.625000 195.318848 0.218000 186.679993
608.750000 195.541565 0.218000 186.764999
608.750000 195.741684 0.218000 186.875000
608.750000 195.951553 0.218000 186.964996
608.875000 196.161438 0.218000 187.059998
608.875000 196.391327 0.218000 187.175003
609.000000 196.600327 0.228000 187.274994
609.000000 196.803650 0.228000 187.354996
609.000000 197.019455 0.228000 187.479996
609.250000 197.019455 0.228000 187.565002
609.250000 197.223404 0.228000 187.675003
609.250000 197.428741 0.228000 187.759995
609.375000 197.633865 0.228000 187.875000
609.500000 197.633865 0.228000 187.955002
609.500000 197.835419 0.228000 188.080002
609.500000 198.051895 0.228000 188.164993
609.500000 198.051895 0.213000 188.274994
609.750000 198.287491 0.213000 188.375000
609.875000 198.491119 0.213000 188.455002
610.000000 198.491119 0.213000 188.574997
610.125000 198.491119 0.213000 188.660004
610.125000 198.693863 0.213000 188.774994
610.125000 198.693863 0.213000 188.865005
610.125000 198.693863 0.213000 188.975006
610.125000 198.693863 0.213000 189.054993
610.375000 198.895798 0.213000 189.175003
610.500000 198.895798 0.184000 189.264999
610.500000 198.895798 0.184000 189.375000
610.500000 198.895798 0.184000 189.460007
610.500000 198.895798 0.184000 189.559998
610.500000 198.895798 0.184000 189.669998
610.500000 198.895798 0.184000 189.764999
610.500000 198.895798 0.184000 189.860001
610.500000 198.895798 0.184000 189.964996
610.500000 198.895798 0.184000 190.050003
610.625000 198.895798 0.184000 190.175003
610.625000 198.895798 0.179000 190.270004
610.625000 198.895798 0.179000 190.360001
610.625000 198.895798 0.179000 190.475006
610.625000 198.895798 0.179000 190.565002
610.625000 198.895798 0.179000 190.675003
610.625000 198.895798 0.179000 190.755005
610.625000 198.895798 0.179000 190.880005
610.625000 198.895798 0.179000 190.990005
610.625000 199.120972 0.179000 191.080002
610.750000 199.329208 0.179000 191.164993
610.750000 199.534576 0.176000 191.274994
610.750000 199.534576 0.176000 191.369995
610.875000 199.743088 0.176000 191.479996
610.875000 199.979187 0.176000 191.570007
610.875000 200.187073 0.176000 191.679993
611.375000 200.387497 0.176000 191.764999
611.375000 200.608841 0.176000 191.875000
611.500000 200.810562 0.176000 191.960007
611.500000 201.011215 0.176000 192.080002
611.500000 201.211502 0.176000 192.164993
611.625000 201.441315 0.176000 192.274994
611.625000 201.672424 0.224000 192.365005
611.750000 201.889450 0.224000 192.475006
611.750000 202.097534 0.224000 192.559998
611.750000 202.306610 0.224000 192.675003
611.750000 202.306610 0.224000 192.759995
611.750000 202.708176 0.224000 192.875000
611.750000 202.908218 0.224000 192.964996
611.750000 203.108536 0.224000 193.080002
611.875000 203.108536 0.224000 193.164993
611.875000 203.533127 0.216000 193.279999
612.000000 203.533127 0.216000 193.375000
612.000000 203.760574 0.216000 193.464996
612.000000 203.979843 0.216000 193.574997
612.000000 204.182373 0.216000 193.660004
612.125000 204.182373 0.216000 193.774994
612.250000 204.413773 0.216000 193.865005
612.250000 204.617050 0.216000 193.975998
612.250000 204.819672 0.216000 194.085007
612.250000 204.819672 0.216000 194.164993
612.250000 205.022461 0.230000 194.279999
612.375000 205.240646 0.230000 194.369995
612.375000 205.240646 0.230000 194.475006
612.375000 205.459167 0.230000 194.559998
612.375000 205.662903 0.230000 194.679993
612.375000 205.866806 0.230000 194.764999
612.375000 205.866806 0.230000 194.880005
612.500000 206.078568 0.230000 194.960007
612.500000 206.278748 0.230000 195.074997
612.625000 206.511688 0.230000 195.160004
612.875000 206.733383 0.230000 195.274994
613.125000 206.938583 0.232000 195.365005
613.125000 207.145950 0.232000 195.475006
613.250000 207.145950 0.232000 195.559998
613.250000 207.574142 0.232000 195.679993
613.250000 207.574142 0.232000 195.764999
613.375000 207.783173 0.232000 195.875000
613.500000 208.001541 0.232000 195.964996
613.625000 208.211731 0.232000 196.065002
613.625000 208.421066 0.232000 196.179993
614.000000 208.630722 0.232000 196.270004
614.125000 208.855682 0.253000 196.375000
614.125000 209.076233 0.253000 196.460007
614.500000 209.289780 0.253000 196.570007
614.500000 209.289780 0.253000 196.645004
614.750000 209.699585 0.253000 196.770004
614.875000 209.699585 0.253000 196.854996
615.000000 209.904785 0.253000 196.975006
615.125000 210.114761 0.253000 197.065002
615.250000 210.315643 0.253000 197.179993
615.250000 210.519897 0.253000 197.264999
615.250000 210.519897 0.230000 197.384995
615.250000 210.750168 0.230000 197.464996
615.500000 210.955917 0.230000 197.554993
615.625000 211.161224 0.230000 197.675003
615.625000 211.161224 0.230000 197.759995
615.750000 211.389435 0.230000 197.880005
615.750000 211.634460 0.230000 197.970001
615.875000 211.634460 0.230000 198.050003
616.000000 212.063721 0.230000 198.169998
616.000000 212.263870 0.197000 198.274994
616.125000 212.263870 0.197000 198.360001
616.125000 212.467941 0.197000 198.479996
616.125000 212.679413 0.197000 198.565002
616.125000 212.882919 0.197000 198.675003
616.250000 212.882919 0.197000 198.764999
616.250000 212.882919 0.197000 198.875000
616.250000 213.089172 0.197000 198.964996
616.250000 213.089172 0.197000 199.080002
616.375000 213.089172 0.197000 199.160004
616.375000 213.089172 0.204000 199.274994
616.500000 213.089172 0.204000 199.360001
616.500000 213.089172 0.204000 199.479996
616.500000 213.089172 0.204000 199.565002
616.500000 213.089172 0.204000 199.679993
616.625000 213.089172 0.204000 199.770004
616.625000 213.089172 0.204000 199.845001
616.625000 213.290863 0.204000 199.964996
616.625000 213.290863 0.204000 200.050003
616.750000 213.290863 0.204000 200.179993
616.750000 213.505524 0.197000 200.264999
616.750000 213.708862 0.197000 200.375000
616.750000 213.708862 0.197000 200.460007
616.750000 213.945435 0.197000 200.574997
616.875000 214.146988 0.197000 200.675003
617.000000 214.146988 0.197000 200.759995
617.000000 214.351318 0.197000 200.884995
617.250000 214.587204 0.197000 200.970001
617.250000 214.587204 0.197000 201.080002
617.375000 214.815704 0.197000 201.164993
617.500000 215.018723 0.197000 201.285004
617.500000 215.226212 0.216000 201.365005
617.625000 215.433182 0.216000 201.475006
617.625000 215.433182 0.216000 201.574997
617.750000 215.653152 0.216000 201.660004
618.125000 215.858063 0.216000 201.779999
618.125000 216.061752 0.216000 201.865005
618.250000 216.061752 0.216000 201.975006
618.375000 216.268326 0.216000 202.065002
618.375000 216.494995 0.216000 202.175003
618.375000 216.494995 0.203000 202.285004
618.375000 216.714523 0.203000 202.365005
618.500000 216.919662 0.203000 202.445007
618.625000 216.919662 0.203000 202.570007
618.625000 217.124664 0.203000 202.645004
618.750000 217.329544 0.203000 202.764999
618.750000 217.534393 0.203000 202.884995
618.875000 217.534393 0.203000 202.975006
618.875000 217.739746 0.203000 203.065002
619.000000 217.939789 0.203000 203.175003
619.000000 217.939789 0.195000 203.259995
619.000000 218.141296 0.195000 203.375000
619.000000 218.343201 0.195000 203.460007
619.125000 218.544098 0.195000 203.565002
619.125000 218.544098 0.195000 203.675003
619.125000 218.744278 0.195000 203.774994
619.125000 218.980652 0.195000 203.860001
619.250000 218.980652 0.195000 203.975006
619.250000 219.208664 0.195000 204.065002
619.250000 219.413635 0.195000 204.160004
619.375000 219.413635 0.209000 204.264999
619.375000 219.615753 0.209000 204.360001
619.375000 219.820267 0.209000 204.455002
619.375000 219.820267 0.209000 204.574997
619.375000 219.820267 0.209000 204.660004
619.375000 220.027374 0.209000 204.744995
619.500000 220.027374 0.209000 204.875000
619.500000 220.027374 0.209000 204.960007
619.500000 220.027374 0.209000 205.074997
619.500000 220.027374 0.209000 205.164993
619.500000 220.027374 0.203000 205.279999
619.500000 220.027374 0.203000 205.365005
619.500000 220.027374 0.203000 205.485001
619.500000 220.027374 0.203000 205.565002
619.500000 220.227554 0.203000 205.645004
619.500000 220.227554 0.203000 205.770004
619.500000 220.227554 0.203000 205.850006
619.500000 220.227554 0.203000 205.975006
619.500000 220.227554 0.203000 206.059998
619.500000 220.227554 0.203000 206.179993
619.500000 220.227554 0.198000 206.264999
619.500000 220.227554 0.198000 206.345001
619.500000 220.227554 0.198000 206.464996
619.500000 220.227554 0.198000 206.550003
619.500000 220.227554 0.198000 206.679993
619.500000 220.227554 0.198000 206.764999
619.500000 220.227554 0.198000 206.880005
619.500000 220.227554 0.198000 206.964996
619.500000 220.227554 0.198000 207.074997
619.500000 220.227554 0.198000 207.169998
619.500000 220.227554 0.197000 207.255005
619.500000 220.227554 0.197000 207.375000
619.500000 220.227554 0.197000 207.464996
619.500000 220.429108 0.197000 207.574997
619.625000 220.634262 0.197000 207.664993
619.625000 220.634262 0.197000 207.774994
619.750000 220.868103 0.197000 207.869995
619.750000 221.112793 0.197000 207.979996
619.750000 221.346771 0.197000 208.070007
619.875000 221.554413 0.197000 208.175003
619.875000 221.763290 0.211000 208.264999
620.000000 221.969009 0.211000 208.375000
620.000000 221.969009 0.211000 208.460007
620.000000 222.175919 0.211000 208.574997
620.125000 222.380524 0.211000 208.660004
620.250000 222.380524 0.211000 208.774994
620.250000 222.380524 0.211000 208.865005
620.250000 222.587784 0.211000 208.970001
620.250000 222.587784 0.211000 209.059998
620.250000 222.587784 0.211000 209.179993
620.250000 222.587784 0.206000 209.264999
620.250000 222.587784 0.206000 209.350006
620.250000 222.587784 0.206000 209.475006
620.250000 222.587784 0.206000 209.559998
620.250000 222.788406 0.206000 209.679993
620.250000 222.788406 0.206000 209.764999
620.250000 222.788406 0.206000 209.880005
620.250000 222.788406 0.206000 209.964996
620.375000 222.989838 0.206000 210.080002
620.375000 222.989838 0.206000 210.164993
620.500000 223.190308 0.208000 210.279999
620.500000 223.190308 0.208000 210.369995
620.625000 223.390869 0.208000 210.479996
620.750000 223.594421 0.208000 210.565002
620.875000 223.795303 0.208000 210.679993
620.875000 223.795303 0.208000 210.764999
621.125000 223.995651 0.208000 210.880005
621.125000 224.204971 0.208000 210.964996
621.500000 224.204971 0.208000 211.080002
621.500000 224.438187 0.208000 211.175003
621.750000 224.639191 0.199000 211.259995
621.750000 224.639191 0.199000 211.369995
621.875000 224.857819 0.199000 211.475006
622.000000 225.081406 0.199000 211.580002
622.125000 225.081406 0.199000 211.664993
622.500000 225.299973 0.199000 211.785004
622.625000 225.501556 0.199000 211.865005
622.625000 225.702164 0.199000 211.985001
622.875000 225.702164 0.199000 212.070007
622.875000 225.903336 0.199000 212.160004
623.000000 226.121902 0.198000 212.279999
623.000000 226.121902 0.198000 212.365005
623.000000 226.346054 0.198000 212.485001
623.000000 226.346054 0.198000 212.570007
623.000000 226.548065 0.198000 212.684998
623.125000 226.548065 0.198000 212.770004
623.375000 226.548065 0.198000 212.875000
623.375000 226.548065 0.198000 212.964996
623.500000 226.749146 0.198000 213.085007
623.500000 226.749146 0.198000 213.164993
623.500000 226.749146 0.199000 213.279999
623.625000 226.749146 0.199000 213.369995
623.625000 226.749146 0.199000 213.485001
623.750000 226.749146 0.199000 213.574997
623.750000 226.749146 0.199000 213.675003
623.750000 226.749146 0.199000 213.759995
623.750000 226.749146 0.199000 213.875000
623.750000 226.749146 0.199000 213.964996
623.750000 226.749146 0.199000 214.080002
623.750000 226.749146 0.199000 214.175003
623.750000 226.749146 0.192000 214.259995
623.750000 226.749146 0.192000 214.375000
623.750000 226.749146 0.192000 214.464996
623.750000 226.749146 0.192000 214.574997
623.750000 226.749146 0.192000 214.669998
623.750000 226.749146 0.192000 214.785004
623.750000 226.749146 0.192000 214.865005
624.000000 226.749146 0.192000 214.945007
624.125000 226.749146 0.192000 215.070007
624.250000 226.749146 0.192000 215.154999
624.375000 226.749146 0.190000 215.270004
624.750000 226.954758 0.190000 215.384995
624.750000 227.159180 0.190000 215.464996
624.750000 227.159180 0.190000 215.580002
624.875000 227.378571 0.190000 215.664993
624.875000 227.581207 0.190000 215.779999
625.000000 227.788269 0.190000 215.875000
625.250000 227.788269 0.190000 215.960007
625.250000 227.991150 0.190000 216.080002
625.250000 228.192719 0.190000 216.164993
625.375000 228.432709 0.194000 216.274994
625.375000 228.668671 0.194000 216.365005
625.375000 228.887177 0.194000 216.479996
625.500000 229.096695 0.194000 216.565002
625.500000 229.306656 0.194000 216.679993
625.500000 229.506805 0.194000 216.774994
625.625000 229.506805 0.194000 216.860001
625.625000 229.927383 0.194000 216.975006
625.750000 229.927383 0.194000 217.059998
625.750000 230.332214 0.194000 217.179993
625.750000 230.534805 0.202000 217.274994
625.750000 230.534805 0.202000 217.365005
625.750000 230.938843 0.202000 217.479996
625.750000 231.140381 0.202000 217.574997
625.875000 231.140381 0.202000 217.669998
626.000000 231.344772 0.202000 217.779999
626.000000 231.549591 0.202000 217.865005
626.125000 231.752228 0.202000 217.975006
626.125000 231.752228 0.202000 218.065002
626.125000 231.752228 0.202000 218.175003
626.250000 231.966064 0.213000 218.259995
626.250000 231.966064 0.213000 218.380005
626.250000 231.966064 0.213000 218.460007
626.375000 231.966064 0.213000 218.574997
626.375000 231.966064 0.213000 218.664993
626.375000 231.966064 0.213000 218.779999
626.375000 231.966064 0.213000 218.865005
626.375000 231.966064 0.213000 218.975006
626.375000 231.966064 0.213000 219.059998
626.375000 232.166565 0.213000 219.175003
626.375000 232.166565 0.199000 219.264999
626.375000 232.166565 0.199000 219.375000
626.375000 232.166565 0.199000 219.464996
626.375000 232.166565 0.199000 219.574997
626.375000 232.166565 0.199000 219.660004
626.375000 232.166565 0.199000 219.770004
626.375000 232.166565 0.199000 219.880005
626.375000 232.166565 0.199000 219.985001
626.375000 232.166565 0.199000 220.080002
626.375000 232.166565 0.199000 220.164993
626.375000 232.367737 0.203000 220.274994
626.375000 232.367737 0.203000 220.354996
626.500000 232.602509 0.203000 220.475006
626.500000 232.602509 0.203000 220.574997
626.500000 232.815323 0.203000 220.660004
626.625000 233.019135 0.203000 220.779999
626.625000 233.224075 0.203000 220.875000
626.625000 233.224075 0.203000 220.964996
626.625000 233.452194 0.203000 221.080002
626.875000 233.452194 0.203000 221.169998
627.000000 233.666794 0.203000 221.255005
627.000000 233.867798 0.203000 221.375000
627.000000 233.867798 0.203000 221.460007
627.125000 234.072159 0.203000 221.580002
627.125000 234.072159 0.203000 221.664993
627.125000 234.292343 0.203000 221.774994
627.250000 234.292343 0.203000 221.869995
627.250000 234.498703 0.203000 221.975006
627.250000 234.498703 0.203000 222.070007
627.250000 234.699646 0.203000 222.184998
627.250000 234.699646 0.197000 222.270004
627.250000 234.699646 0.197000 222.375000
627.250000 234.904724 0.197000 222.460007
627.250000 234.904724 0.197000 222.580002
627.250000 235.128525 0.197000 222.669998
627.250000 235.328568 0.197000 222.779999
627.250000 235.328568 0.197000 222.869995
627.250000 235.533157 0.197000 222.979996
627.375000 235.751038 0.197000 223.070007
627.375000 235.751038 0.197000 223.175003
627.375000 235.966873 0.179000 223.279999
627.375000 236.169891 0.179000 223.369995
627.375000 236.373840 0.179000 223.485001
627.375000 236.373840 0.179000 223.570007
627.375000 236.578384 0.179000 223.679993
627.375000 236.806061 0.179000 223.770004
627.375000 236.806061 0.179000 223.875000
627.375000 237.045990 0.179000 223.970001
627.375000 237.252594 0.179000 224.074997
627.375000 237.466064 0.179000 224.160004
627.375000 237.687515 0.157000 224.279999
627.375000 237.893387 0.157000 224.365005
627.375000 238.101257 0.157000 224.479996
627.500000 238.310913 0.157000 224.570007
627.500000 238.520294 0.157000 224.675003
627.625000 238.520294 0.157000 224.764999
627.625000 238.930222 0.157000 224.880005
627.750000 238.930222 0.157000 224.975006
627.875000 239.170654 0.157000 225.070007
627.875000 239.410568 0.157000 225.175003
627.875000 239.650406 0.204000 225.259995
627.875000 239.869553 0.204000 225.369995
627.875000 240.078659 0.204000 225.455002
627.875000 240.288071 0.204000 225.574997
628.000000 240.488831 0.204000 225.664993
628.000000 240.689133 0.204000 225.774994
628.000000 240.898804 0.204000 225.875000
628.000000 240.898804 0.204000 225.964996
628.125000 241.113388 0.204000 226.074997
628.125000 241.334717 0.204000 226.169998
628.125000 241.536682 0.215000 226.274994
628.375000 241.737671 0.215000 226.365005
628.375000 241.737671 0.215000 226.475006
629.000000 241.948273 0.215000 226.559998
629.250000 242.155472 0.215000 226.675003
629.375000 242.155472 0.215000 226.759995
629.625000 242.361969 0.215000 226.875000
629.625000 242.568466 0.215000 226.964996
629.750000 242.774628 0.215000 227.074997
629.875000 242.774628 0.215000 227.179993
630.375000 242.994965 0.184000 227.264999
630.375000 243.200241 0.184000 227.380005
630.375000 243.200241 0.184000 227.460007
630.375000 243.407196 0.184000 227.574997
630.375000 243.630386 0.184000 227.654999
630.500000 243.630386 0.184000 227.764999
630.500000 243.855286 0.184000 227.880005
630.750000 244.059174 0.184000 227.970001
630.750000 244.263763 0.184000 228.080002
630.750000 244.263763 0.184000 228.169998
630.750000 244.468658 0.197000 228.279999
630.750000 244.671951 0.197000 228.365005
630.750000 244.879242 0.197000 228.475006
630.750000 245.083359 0.197000 228.565002
630.750000 245.285095 0.197000 228.679993
630.750000 245.490311 0.197000 228.764999
630.750000 245.697739 0.197000 228.880005
630.750000 245.697739 0.197000 228.964996
630.750000 245.916306 0.197000 229.074997
630.750000 246.165421 0.197000 229.164993
630.750000 246.395004 0.000000 229.274994
630.750000 246.640350 0.000000 229.384995
630.750000 246.845337 0.000000 229.470001
630.875000 246.845337 0.000000 229.554993
630.875000 247.047333 0.000000 229.669998
631.000000 247.047333 0.000000 229.750000
631.125000 247.047333 0.000000 229.869995
631.125000 247.251617 0.000000 229.979996
631.125000 247.251617 0.000000 230.065002
631.125000 247.251617 0.000000 230.179993
631.125000 247.251617 0.000000 230.264999
631.125000 247.251617 0.000000 230.375000
631.125000 247.251617 0.000000 230.464996
631.125000 247.251617 0.000000 230.574997
631.125000 247.452042 0.000000 230.679993
631.125000 247.452042 0.000000 230.770004
631.125000 247.452042 0.000000 230.854996
631.125000 247.452042 0.000000 230.975006
631.125000 247.452042 0.000000 231.070007
631.125000 247.452042 0.000000 231.160004
631.125000 247.452042 0.000000 231.279999
631.125000 247.452042 0.000000 231.365005
631.125000 247.452042 0.000000 231.479996
631.125000 247.452042 0.000000 231.565002
631.125000 247.452042 0.000000 231.679993
631.125000 247.452042 0.000000 231.774994
631.125000 247.452042 0.000000 231.865005
631.125000 247.452042 0.000000 231.975006
631.125000 247.452042 0.000000 232.059998
631.125000 247.452042 0.000000 232.179993
631.125000 247.452042 0.000000 232.274994
631.125000 247.452042 0.000000 232.365005
631.125000 247.653015 0.000000 232.479996
631.125000 247.653015 0.000000 232.574997
631.125000 247.853943 0.000000 232.664993
631.125000 248.088318 0.000000 232.779999
631.125000 248.294327 0.000000 232.865005
631.125000 248.497482 0.000000 232.975006
631.125000 248.497482 0.000000 233.065002
631.125000 248.713837 0.000000 233.160004
631.125000 248.921783 0.000000 233.250000
631.125000 249.160019 0.000000 233.365005
631.125000 249.368958 0.000000 233.449997
631.125000 249.578278 0.000000 233.580002
631.125000 249.787872 0.000000 233.664993
631.125000 249.997650 0.000000 233.774994
631.125000 250.237503 0.000000 233.865005
631.125000 250.457382 0.000000 233.979996
631.125000 250.666992 0.000000 234.065002
631.125000 250.876221 0.000000 234.179993
631.125000 251.084778 0.000000 234.270004
631.125000 251.287460 0.000000 234.380005
631.125000 251.287460 0.000000 234.470001
631.250000 251.490799 0.000000 234.580002
631.375000 251.693817 0.000000 234.679993
631.375000 251.902786 0.000000 234.770004
631.375000 251.902786 0.000000 234.880005
631.375000 252.130096 0.000000 234.970001
631.375000 252.332870 0.000000 235.080002
631.375000 252.332870 0.000000 235.164993
631.500000 252.543015 0.000000 235.279999
631.500000 252.746307 0.000000 235.365005
631.500000 252.948257 0.000000 235.479996
631.500000 252.948257 0.000000 235.574997
631.750000 253.170013 0.000000 235.654999
631.875000 253.377396 0.000000 235.779999
631.875000 253.577972 0.000000 235.869995
632.125000 253.577972 0.000000 235.955002
632.125000 253.794174 0.000000 236.080002
632.125000 254.004578 0.000000 236.175003
632.125000 254.004578 0.000000 236.255005
632.125000 254.230667 0.000000 236.369995
632.125000 254.434738 0.000000 236.485001
632.125000 254.639542 0.000000 236.574997
632.125000 254.639542 0.000000 236.664993
632.125000 254.846252 0.000000 236.774994
632.125000 255.054260 0.000000 236.860001
632.125000 255.262817 0.000000 236.979996
632.125000 255.505615 0.000000 237.070007
632.125000 255.712463 0.000000 237.175003
632.125000 255.913788 0.000000 237.264999
632.250000 256.122894 0.000000 237.376007
632.250000 256.122894 0.000000 237.460007
632.250000 256.552216 0.000000 237.580002
632.250000 256.552216 0.000000 237.664993
632.250000 256.965302 0.000000 237.779999
632.250000 256.965302 0.000000 237.869995
632.375000 257.165833 0.000000 237.975006
632.375000 257.405762 0.000000 238.065002
632.375000 257.645630 0.000000 238.179993
632.375000 257.845764 0.000000 238.264999
632.375000 258.055298 0.000000 238.375000
632.375000 258.284424 0.000000 238.460007
632.375000 258.513916 0.000000 238.574997
632.375000 258.723602 0.000000 238.660004
632.375000 258.933380 0.000000 238.770004
632.375000 259.143158 0.000000 238.880005
632.375000 259.143158 0.000000 238.964996
632.375000 259.560608 0.000000 239.080002
632.375000 259.560608 0.000000 239.164993
632.375000 259.767944 0.000000 239.279999
632.500000 260.005493 0.000000 239.369995
632.500000 260.244263 0.000000 239.479996
632.500000 260.503815 0.000000 239.574997
632.500000 260.703827 0.000000 239.660004
632.500000 260.904022 0.000000 239.770004
632.500000 261.124390 0.000000 239.884995
632.500000 261.324799 0.000000 239.964996
632.500000 261.525146 0.000000 240.074997
632.625000 261.734833 0.000000 240.169998
632.750000 261.936890 0.000000 240.279999
632.750000 262.138672 0.000000 240.384995
633.000000 262.340668 0.000000 240.470001
633.125000 262.542542 0.000000 240.580002
633.250000 262.744049 0.000000 240.675003
633.250000 262.744049 0.000000 240.759995
633.250000 263.157196 0.000000 240.880005
633.625000 263.157196 0.000000 240.964996
633.875000 263.560455 0.000000 241.080002
634.250000 263.560455 0.000000 241.164993
634.500000 263.964203 0.000000 241.279999
634.750000 263.964203 0.000000 241.369995
634.875000 264.190277 0.000000 241.479996
635.000000 264.190277 0.000000 241.565002
635.125000 264.410126 0.000000 241.679993
635.750000 264.410126 0.000000 241.774994
636.000000 264.410126 0.000000 241.860001
636.125000 264.610901 0.000000 241.975006
636.125000 264.610901 0.000000 242.080002
636.375000 264.610901 0.000000 242.175003
636.500000 264.610901 0.000000 242.259995
636.625000 264.610901 0.000000 242.375000
636.875000 264.610901 0.000000 242.460007
636.875000 264.610901 0.000000 242.570007
637.000000 264.610901 0.000000 242.679993
637.000000 264.610901 0.000000 242.764999
637.000000 264.610901 0.000000 242.875000
637.250000 264.610901 0.000000 242.964996
637.375000 264.610901 0.000000 243.074997
637.500000 264.610901 0.000000 243.164993
637.500000 264.818085 0.000000 243.274994
637.500000 264.818085 0.000000 243.360001
637.625000 265.019684 0.000000 243.479996
637.750000 265.019684 0.000000 243.565002
637.875000 265.225311 0.000000 243.664993
638.125000 265.428436 0.000000 243.770004
638.125000 265.630066 0.000000 243.880005
638.625000 265.630066 0.000000 243.964996
638.875000 265.848969 0.000000 244.070007
638.875000 266.053375 0.000000 244.179993
639.000000 266.053375 0.000000 244.270004
639.125000 266.258514 0.000000 244.375000
639.375000 266.460327 0.000000 244.460007
639.500000 266.460327 0.000000 244.580002
639.500000 266.460327 0.000000 244.664993
639.500000 266.661041 0.000000 244.779999
639.750000 266.661041 0.000000 244.865005
639.750000 266.661041 0.000000 244.979996
640.000000 266.661041 0.000000 245.070007
640.000000 266.661041 0.000000 245.179993
640.000000 266.661041 0.000000 245.274994
640.125000 266.661041 0.000000 245.380005
640.125000 266.661041 0.000000 245.464996
640.125000 266.661041 0.000000 245.580002
640.125000 266.661041 0.000000 245.669998
640.125000 266.865234 0.000000 245.779999
640.125000 266.865234 0.000000 245.865005
640.125000 266.865234 0.000000 245.975006
640.250000 267.068390 0.000000 246.065002
640.500000 267.284790 0.000000 246.175003
640.625000 267.284790 0.000000 246.270004
640.750000 267.491730 0.000000 246.380005
640.875000 267.713135 0.000000 246.470001
641.375000 267.915314 0.000000 246.580002
641.625000 268.121552 0.000000 246.669998
641.875000 268.121552 0.000000 246.779999
641.875000 268.326019 0.000000 246.865005
642.375000 268.326019 0.000000 246.975006
642.375000 268.530792 0.000000 247.080002
642.750000 268.530792 0.000000 247.179993
642.750000 268.736664 0.000000 247.274994
642.875000 268.736664 0.000000 247.375000
643.000000 268.736664 0.000000 247.479996
643.000000 268.736664 0.000000 247.574997
643.125000 268.938385 0.000000 247.675003
643.750000 268.938385 0.000000 247.774994
643.875000 268.938385 0.000000 247.880005
644.000000 268.938385 0.000000 247.970001
644.250000 268.938385 0.000000 248.074997
644.500000 268.938385 0.000000 248.164993
644.625000 268.938385 0.000000 248.264999
644.750000 269.140533 0.000000 248.380005
644.875000 269.140533 0.000000 248.475006
645.000000 269.140533 0.000000 248.574997
645.125000 269.140533 0.000000 248.679993
645.250000 269.140533 0.000000 248.774994
645.375000 269.140533 0.000000 248.880005
645.625000 269.140533 0.000000 248.979996
645.625000 269.140533 0.000000 249.065002
645.750000 269.140533 0.000000 249.169998
645.875000 269.140533 0.000000 249.274994
646.000000 269.140533 0.000000 249.369995
646.000000 269.140533 0.000000 249.470001
646.000000 269.140533 0.000000 249.580002
646.125000 269.140533 0.000000 249.675003
646.250000 269.140533 0.000000 249.774994
646.250000 269.140533 0.000000 249.880005
646.250000 269.140533 0.000000 249.975006
646.250000 269.140533 0.000000 250.080002
646.250000 269.140533 0.000000 250.169998
646.250000 269.140533 0.000000 250.274994
646.250000 269.140533 0.000000 250.375000
646.250000 269.140533 0.000000 250.464996
646.250000 269.140533 0.000000 250.574997
646.250000 269.140533 0.000000 250.684998
646.250000 269.140533 0.000000 250.774994
646.250000 269.140533 0.000000 250.865005
646.375000 269.140533 0.000000 250.979996
646.375000 269.140533 0.000000 251.080002
646.375000 269.140533 0.000000 251.179993
646.500000 269.140533 0.000000 251.270004
646.500000 269.140533 0.000000 251.375000
646.500000 269.140533 0.000000 251.479996
646.625000 269.140533 0.000000 251.565002
646.625000 269.140533 0.000000 251.669998
646.625000 269.140533 0.000000 251.774994
646.625000 269.140533 0.000000 251.875000
646.625000 269.140533 0.000000 251.975006
646.625000 269.140533 0.000000 252.065002
646.625000 269.140533 0.000000 252.175003
646.625000 269.140533 0.000000 252.279999
646.625000 269.140533 0.000000 252.380005
646.625000 269.140533 0.000000 252.464996
646.625000 269.140533 0.000000 252.580002
646.750000 269.140533 0.000000 252.664993
646.750000 269.140533 0.000000 252.779999
646.750000 269.140533 0.000000 252.875000
