71.125000 0.000000 0.090000 0.005000
93.000000 0.000000 0.090000 0.100000
109.500000 0.236907 0.090000 0.200000
119.500000 0.445354 0.090000 0.300000
129.500000 0.651561 0.090000 0.405000
139.750000 0.651561 0.078000 0.500000
148.375000 0.884384 0.078000 0.590000
156.875000 1.091406 0.078000 0.700000
165.750000 1.299920 0.078000 0.795000
172.375000 1.509205 0.078000 0.900000
180.750000 1.718810 0.078000 0.995000
186.125000 1.948511 0.078000 1.105000
191.750000 2.178271 0.078000 1.190000
198.875000 2.388129 0.078000 1.300000
206.250000 2.598016 0.078000 1.400000
213.250000 2.807880 0.079000 1.495000
221.875000 3.017745 0.079000 1.595000
230.375000 3.227597 0.079000 1.700000
240.125000 3.437467 0.079000 1.805000
249.500000 3.437467 0.079000 1.900000
260.125000 3.677313 0.079000 1.995000
273.625000 3.887186 0.079000 2.100000
290.625000 4.097051 0.079000 2.200000
302.750000 4.306917 0.079000 2.300000
314.625000 4.556750 0.079000 2.395000
325.750000 4.766631 0.079000 2.500000
333.875000 4.976547 0.166000 2.595000
344.625000 5.206429 0.166000 2.705000
352.375000 5.416276 0.166000 2.805000
361.375000 5.626135 0.166000 2.900000
370.500000 5.835997 0.166000 3.000000
377.750000 5.835997 0.166000 3.090000
385.625000 6.045877 0.166000 3.200000
395.750000 6.255762 0.166000 3.305000
402.250000 6.465608 0.166000 3.400000
411.625000 6.675467 0.166000 3.495000
420.625000 6.885357 0.185000 3.605000
428.375000 7.095262 0.185000 3.700000
438.000000 7.335141 0.185000 3.795000
444.125000 7.545054 0.185000 3.895000
450.875000 7.754979 0.185000 4.000000
458.000000 7.964888 0.185000 4.105000
464.500000 8.174782 0.185000 4.195000
471.250000 8.384686 0.185000 4.290000
479.500000 8.594572 0.185000 4.395000
485.000000 8.804441 0.185000 4.490000
489.750000 9.014347 0.177000 4.595000
495.375000 9.014347 0.177000 4.690000
499.375000 9.434230 0.177000 4.805000
503.875000 9.434230 0.177000 4.895000
509.125000 9.654143 0.177000 5.000000
513.250000 9.864048 0.177000 5.105000
516.375000 10.073953 0.177000 5.200000
520.500000 10.283853 0.177000 5.300000
523.875000 10.493771 0.177000 5.390000
527.875000 10.723698 0.177000 5.495000
532.250000 10.963612 0.178000 5.590000
536.750000 11.203329 0.178000 5.705000
541.500000 11.412322 0.178000 5.795000
544.625000 11.621181 0.178000 5.900000
548.875000 11.621181 0.178000 5.995000
552.250000 11.860337 0.178000 6.105000
555.250000 12.069883 0.178000 6.195000
559.250000 12.279625 0.178000 6.295000
562.500000 12.499520 0.178000 6.400000
567.500000 12.699549 0.178000 6.500000
571.000000 12.899658 0.149000 6.600000
574.250000 13.099784 0.149000 6.690000
577.250000 13.299888 0.149000 6.795000
581.000000 13.500001 0.149000 6.905000
585.125000 13.700124 0.149000 6.995000
589.375000 13.930177 0.149000 7.105000
592.000000 14.179996 0.149000 7.195000
597.000000 14.389642 0.149000 7.300000
601.625000 14.599382 0.149000 7.400000
604.375000 14.809276 0.149000 7.495000
607.750000 15.019242 0.174000 7.600000
609.500000 15.019242 0.174000 7.690000
613.250000 15.239226 0.174000 7.795000
616.750000 15.449223 0.174000 7.905000
618.875000 15.649245 0.174000 7.995000
622.250000 15.859278 0.174000 8.095000
625.625000 16.059298 0.174000 8.205000
628.750000 16.269333 0.174000 8.295000
632.500000 16.469372 0.174000 8.405000
634.625000 16.669403 0.174000 8.495000
637.000000 16.869432 0.166000 8.595000
641.125000 17.079372 0.166000 8.690000
644.750000 17.318859 0.166000 8.795000
648.375000 17.528412 0.166000 8.905000
650.250000 17.738092 0.166000 9.005000
654.750000 17.947861 0.166000 9.105000
658.125000 18.157684 0.166000 9.195000
660.000000 18.367529 0.166000 9.300000
663.750000 18.577396 0.166000 9.395000
667.000000 18.787256 0.166000 9.500000
671.000000 18.997150 0.149000 9.600000
675.375000 19.207041 0.149000 9.705000
678.500000 19.207041 0.149000 9.790000
682.625000 19.636791 0.149000 9.905000
685.500000 19.636791 0.149000 9.995000
688.375000 19.856670 0.149000 10.105000
692.750000 20.066580 0.149000 10.200000
694.875000 20.276466 0.149000 10.295000
698.125000 20.486351 0.149000 10.395000
702.125000 20.696236 0.149000 10.495000
705.000000 20.906130 0.143000 10.600000
708.250000 21.145979 0.143000 10.700000
711.625000 21.355824 0.143000 10.790000
714.500000 21.565651 0.143000 10.895000
716.375000 21.775459 0.143000 10.995000
718.500000 21.985291 0.143000 11.095000
722.125000 22.195095 0.143000 11.195000
725.875000 22.404915 0.143000 11.305000
727.625000 22.614780 0.143000 11.400000
731.000000 22.824686 0.143000 11.500000
734.750000 22.824686 0.143000 11.600000
737.000000 23.054596 0.143000 11.700000
740.000000 23.274506 0.143000 11.795000
742.875000 23.484430 0.143000 11.905000
746.000000 23.694355 0.143000 11.990000
748.125000 23.904280 0.143000 12.100000
751.250000 24.134150 0.143000 12.200000
753.875000 24.343994 0.143000 12.300000
758.625000 24.553877 0.143000 12.405000
761.125000 24.763762 0.143000 12.505000
764.375000 24.973648 0.150000 12.595000
767.000000 25.183544 0.150000 12.700000
769.250000 25.393469 0.150000 12.795000
772.250000 25.603428 0.150000 12.895000
775.000000 25.813421 0.150000 12.995000
777.375000 26.013426 0.150000 13.100000
779.375000 26.013426 0.150000 13.190000
783.500000 26.223412 0.150000 13.295000
785.500000 26.433369 0.150000 13.395000
788.625000 26.653288 0.150000 13.500000
792.000000 26.863173 0.154000 13.600000
792.750000 27.073057 0.154000 13.700000
794.625000 27.282974 0.154000 13.790000
796.000000 27.492899 0.154000 13.900000
798.250000 27.712816 0.154000 14.000000
801.375000 27.922701 0.154000 14.095000
803.375000 28.132589 0.154000 14.200000
805.875000 28.342522 0.154000 14.300000
809.125000 28.552486 0.154000 14.405000
810.000000 28.762451 0.154000 14.495000
811.250000 28.972416 0.161000 14.600000
813.250000 29.192379 0.161000 14.705000
814.875000 29.402344 0.161000 14.795000
817.250000 29.612309 0.161000 14.905000
819.000000 29.822273 0.161000 15.000000
820.875000 29.822273 0.161000 15.095000
824.250000 30.032238 0.161000 15.195000
825.250000 30.252201 0.161000 15.305000
827.875000 30.462112 0.161000 15.400000
829.500000 30.672001 0.161000 15.505000
831.375000 30.881966 0.148000 15.595000
832.875000 31.131924 0.148000 15.705000
835.125000 31.341888 0.148000 15.805000
836.750000 31.551853 0.148000 15.900000
838.625000 31.761818 0.148000 16.000000
841.375000 31.971783 0.148000 16.090000
843.125000 32.191681 0.148000 16.205000
844.875000 32.401596 0.148000 16.305000
847.875000 32.611561 0.148000 16.395000
849.000000 32.821461 0.148000 16.500000
852.500000 32.821461 0.146000 16.600000
854.500000 33.031403 0.146000 16.695000
856.500000 33.251366 0.146000 16.799999
859.000000 33.461330 0.146000 16.895000
861.000000 33.671295 0.146000 17.000000
863.000000 33.881260 0.146000 17.100000
865.000000 34.091160 0.146000 17.205000
866.375000 34.301044 0.146000 17.299999
867.875000 34.570950 0.146000 17.395000
870.375000 34.790913 0.146000 17.504999
873.625000 35.000877 0.177000 17.605000
876.250000 35.210842 0.177000 17.695000
878.750000 35.210842 0.177000 17.795000
879.875000 35.420807 0.177000 17.895000
882.000000 35.630772 0.177000 17.995001
883.875000 35.830814 0.177000 18.100000
886.750000 36.050800 0.177000 18.205000
888.750000 36.260731 0.177000 18.305000
890.500000 36.470676 0.177000 18.400000
893.625000 36.680641 0.177000 18.500000
897.375000 36.910603 0.172000 18.605000
899.500000 37.170486 0.172000 18.695000
902.250000 37.380100 0.172000 18.799999
905.375000 37.589108 0.172000 18.900000
907.500000 37.797638 0.172000 19.000000
911.000000 38.006325 0.172000 19.094999
913.375000 38.006325 0.172000 19.190001
916.125000 38.215374 0.172000 19.295000
918.375000 38.444805 0.172000 19.395000
921.375000 38.654556 0.161000 19.490000
924.375000 38.864471 0.161000 19.590000
927.250000 39.074478 0.161000 19.700001
930.375000 39.274563 0.161000 19.805000
934.000000 39.474667 0.161000 19.895000
936.750000 39.674809 0.161000 20.000000
940.000000 39.874924 0.161000 20.100000
944.500000 40.075001 0.161000 20.195000
949.125000 40.314899 0.161000 20.305000
955.125000 40.564148 0.161000 20.395000
961.000000 40.773418 0.161000 20.495001
970.625000 40.982975 0.169000 20.594999
981.625000 41.192673 0.169000 20.705000
992.500000 41.402477 0.169000 20.795000
1007.375000 41.602566 0.169000 20.900000
1020.125000 41.802818 0.169000 21.004999
1034.625000 42.003250 0.169000 21.105000
1046.250000 42.203796 0.169000 21.200001
1055.375000 42.404385 0.169000 21.305000
1063.875000 42.604881 0.169000 21.400000
1072.750000 42.805386 0.169000 21.504999
1081.125000 43.005924 0.233000 21.605000
1091.000000 43.206520 0.233000 21.695000
1099.875000 43.412415 0.233000 21.799999
1109.000000 43.412415 0.233000 21.895000
1117.625000 43.619892 0.233000 22.000000
1123.250000 43.827469 0.233000 22.100000
1131.625000 44.040440 0.233000 22.195000
1139.250000 44.040440 0.233000 22.295000
1146.375000 44.240791 0.233000 22.400000
1151.500000 44.446461 0.233000 22.500000
1160.125000 44.649769 0.225000 22.594999
1167.125000 44.649769 0.225000 22.700001
1174.750000 44.860718 0.225000 22.799999
1177.000000 45.070850 0.225000 22.895000
1182.500000 45.274513 0.225000 23.004999
1185.625000 45.274513 0.225000 23.105000
1191.125000 45.478828 0.225000 23.200001
1194.625000 45.681244 0.225000 23.299999
1198.500000 45.681244 0.225000 23.400000
1201.375000 45.886738 0.225000 23.504999
1204.625000 45.886738 0.225000 23.600000
1206.875000 46.087269 0.275000 23.700001
1209.125000 46.087269 0.275000 23.795000
1211.000000 46.087269 0.275000 23.900999
1212.375000 46.087269 0.275000 24.004999
1213.500000 46.087269 0.275000 24.100000
1216.750000 46.087269 0.275000 24.205000
1218.750000 46.289513 0.275000 24.299999
1220.000000 46.289513 0.275000 24.395000
1222.375000 46.289513 0.275000 24.504999
1225.625000 46.289513 0.249000 24.594999
1226.750000 46.289513 0.249000 24.700001
1230.000000 46.289513 0.249000 24.799999
1231.875000 46.289513 0.249000 24.900000
1233.875000 46.289513 0.249000 25.004999
1236.000000 46.289513 0.249000 25.100000
1237.000000 46.289513 0.249000 25.190001
1238.750000 46.492184 0.249000 25.299999
1241.750000 46.697632 0.249000 25.395000
1243.750000 46.697632 0.249000 25.500000
1245.000000 46.905846 0.239000 25.594999
1247.250000 47.108883 0.239000 25.695000
1249.375000 47.309120 0.239000 25.799999
1251.125000 47.309120 0.239000 25.905001
1252.750000 47.512020 0.239000 26.000000
1256.000000 47.716129 0.239000 26.105000
1259.125000 47.716129 0.239000 26.200001
1261.375000 47.921276 0.239000 26.305000
1263.000000 48.126289 0.239000 26.405001
1266.500000 48.331898 0.239000 26.504999
1271.375000 48.535591 0.176000 26.605000
1274.250000 48.535591 0.176000 26.700001
1277.625000 48.739231 0.176000 26.799999
1280.750000 48.946117 0.176000 26.900000
1284.875000 48.946117 0.176000 27.000000
1287.125000 49.161213 0.176000 27.094999
1292.125000 49.362560 0.176000 27.200001
1295.875000 49.564766 0.176000 27.299999
1299.000000 49.564766 0.176000 27.395000
1302.000000 49.767738 0.176000 27.490000
1303.125000 49.986366 0.209000 27.600000
1304.500000 50.190407 0.209000 27.705000
1307.500000 50.190407 0.209000 27.799999
1309.250000 50.395737 0.209000 27.900000
1311.375000 50.615635 0.209000 28.004999
1313.625000 50.822529 0.209000 28.094999
1314.875000 51.026405 0.209000 28.200001
1317.000000 51.233440 0.209000 28.290001
1320.000000 51.441994 0.209000 28.395000
1321.875000 51.651150 0.209000 28.504999
1323.625000 51.860596 0.196000 28.600000
1326.625000 51.860596 0.196000 28.695000
1329.375000 52.070190 0.196000 28.795000
1330.375000 52.280037 0.196000 28.895000
1332.375000 52.500122 0.196000 29.004999
1334.250000 52.720341 0.196000 29.094999
1336.750000 52.920582 0.196000 29.200001
1339.750000 53.120800 0.196000 29.295000
1342.250000 53.320988 0.196000 29.400000
1343.625000 53.521133 0.196000 29.504999
1345.000000 53.731304 0.191000 29.600000
1346.500000 53.931381 0.191000 29.700001
1347.875000 54.141033 0.191000 29.799999
1348.625000 54.380543 0.191000 29.905001
1351.875000 54.620274 0.191000 29.995001
1353.375000 54.829987 0.191000 30.100000
1354.875000 55.039562 0.191000 30.205000
1356.250000 55.249119 0.191000 30.305000
1358.125000 55.458817 0.191000 30.405001
1360.375000 55.458817 0.191000 30.490000
1361.625000 55.668625 0.198000 30.594999
1362.625000 55.908424 0.198000 30.700001
1365.250000 56.118282 0.198000 30.799999
1365.750000 56.328148 0.198000 30.905001
1367.750000 56.538071 0.198000 30.995001
1368.375000 56.777988 0.198000 31.100000
1370.625000 57.017891 0.198000 31.195000
1372.125000 57.227676 0.198000 31.299999
1372.875000 57.437366 0.198000 31.395000
1373.375000 57.647148 0.198000 31.495001
1376.125000 57.856628 0.179000 31.600000
1377.375000 58.058361 0.179000 31.700001
1379.125000 58.058361 0.179000 31.805000
1381.000000 58.268612 0.179000 31.895000
1382.500000 58.471104 0.179000 32.005001
1385.000000 58.673271 0.179000 32.099998
1386.375000 58.673271 0.179000 32.200001
1387.250000 58.895397 0.179000 32.299999
1388.875000 59.116528 0.179000 32.400002
1392.500000 59.321953 0.179000 32.500000
1393.125000 59.321953 0.177000 32.595001
1394.375000 59.527328 0.177000 32.700001
1394.875000 59.732170 0.177000 32.799999
1395.375000 59.936546 0.177000 32.904999
1396.625000 59.936546 0.177000 33.000000
1397.000000 60.140648 0.177000 33.099998
1397.500000 60.344505 0.177000 33.200001
1397.750000 60.344505 0.177000 33.294998
1398.375000 60.548065 0.177000 33.400002
1399.000000 60.796993 0.177000 33.494999
1399.500000 60.796993 0.168000 33.595001
1402.000000 61.008652 0.168000 33.705002
1402.625000 61.215916 0.168000 33.805000
1403.750000 61.419514 0.168000 33.900002
1405.000000 61.626701 0.168000 34.000000
1405.875000 61.830563 0.168000 34.099998
1407.000000 62.037529 0.168000 34.195000
1407.625000 62.246017 0.168000 34.294998
1408.250000 62.455235 0.168000 34.400002
1408.625000 62.455235 0.168000 34.490002
1409.375000 62.664787 0.151000 34.590000
1410.125000 63.084415 0.151000 34.705002
1411.375000 63.084415 0.151000 34.799999
1411.750000 63.304283 0.151000 34.895000
1412.625000 63.514233 0.151000 35.000000
1413.375000 63.724121 0.151000 35.105000
1414.125000 63.933994 0.151000 35.205002
1414.750000 64.143867 0.151000 35.299999
1415.500000 64.353737 0.151000 35.395000
1416.375000 64.593582 0.151000 35.500000
1417.375000 64.803444 0.150000 35.595001
1417.875000 65.023293 0.150000 35.700001
1418.625000 65.233147 0.150000 35.794998
1419.000000 65.443008 0.150000 35.895000
1419.625000 65.652870 0.150000 35.994999
1420.375000 65.862839 0.150000 36.105000
1421.000000 66.062859 0.150000 36.195000
1421.625000 66.262878 0.150000 36.299999
1422.250000 66.462898 0.150000 36.404999
1423.000000 66.672874 0.150000 36.505001
1423.500000 66.672874 0.151000 36.595001
1423.875000 66.892731 0.151000 36.700001
1424.500000 67.122604 0.151000 36.805000
1425.250000 67.332359 0.151000 36.904999
1425.750000 67.542000 0.151000 37.000000
1426.000000 67.751579 0.151000 37.099998
1427.125000 67.961090 0.151000 37.205002
1427.375000 68.210548 0.151000 37.294998
1427.875000 68.430046 0.151000 37.404999
1428.000000 68.639717 0.151000 37.500000
1428.625000 68.849495 0.145000 37.605000
1429.375000 69.059357 0.145000 37.695000
1430.375000 69.269341 0.145000 37.799999
1430.625000 69.269341 0.145000 37.895000
1431.625000 69.699081 0.145000 38.014999
1432.000000 69.699081 0.145000 38.099998
1432.625000 69.908424 0.145000 38.205002
1433.125000 70.127670 0.145000 38.299999
1433.750000 70.337029 0.145000 38.400002
1434.125000 70.596245 0.145000 38.505001
1435.250000 70.805779 0.147000 38.605000
1436.000000 71.015488 0.147000 38.700001
1438.000000 71.225266 0.147000 38.794998
1438.750000 71.435127 0.147000 38.900002
1439.625000 71.645073 0.147000 38.990002
1440.250000 71.854965 0.147000 39.099998
1440.875000 71.854965 0.147000 39.195000
1441.500000 72.084869 0.147000 39.299999
1442.000000 72.304192 0.147000 39.404999
1442.125000 72.512962 0.147000 39.505001
1442.375000 72.721985 0.158000 39.599998
1442.875000 72.931366 0.158000 39.700001
1443.625000 73.140968 0.158000 39.790001
1444.125000 73.350761 0.158000 39.895000
1444.750000 73.580666 0.158000 40.005001
1445.125000 73.790665 0.158000 40.105000
1445.250000 74.000717 0.158000 40.195000
1445.500000 74.230743 0.158000 40.305000
1446.375000 74.440689 0.158000 40.389999
1447.375000 74.650681 0.158000 40.500000
1448.000000 74.650681 0.141000 40.595001
1448.875000 74.880600 0.141000 40.705002
1449.625000 75.100601 0.141000 40.799999
1450.000000 75.310616 0.141000 40.900002
1451.125000 75.510635 0.141000 40.994999
1452.000000 75.710678 0.141000 41.090000
1452.125000 75.910751 0.141000 41.205002
1452.875000 76.110771 0.141000 41.305000
1453.500000 76.320732 0.141000 41.404999
1453.875000 76.530708 0.141000 41.500000
1454.875000 76.780678 0.138000 41.599998
1456.000000 77.010643 0.138000 41.695000
1456.250000 77.220596 0.138000 41.799999
1456.625000 77.430542 0.138000 41.900002
1457.625000 77.640480 0.138000 42.000000
1458.375000 77.850410 0.138000 42.099998
1458.500000 78.060341 0.138000 42.205002
1459.375000 78.260368 0.138000 42.299999
1459.875000 78.260368 0.138000 42.400002
1460.250000 78.470306 0.138000 42.494999
1460.375000 78.670357 0.135000 42.599998
1461.375000 78.900475 0.135000 42.695000
1461.875000 79.110458 0.135000 42.805000
1462.500000 79.310501 0.135000 42.900002
1463.375000 79.520332 0.135000 43.000000
1464.625000 79.730103 0.135000 43.099998
1465.500000 79.959923 0.135000 43.200001
1466.875000 80.179565 0.135000 43.299999
1468.000000 80.388992 0.135000 43.400002
1470.000000 80.598557 0.135000 43.494999
1471.625000 80.827934 0.117000 43.605000
1474.250000 81.037392 0.117000 43.695000
1476.500000 81.246994 0.117000 43.799999
1480.000000 81.246994 0.117000 43.895000
1485.000000 81.496773 0.117000 44.005001
1492.125000 81.706619 0.117000 44.099998
1498.000000 81.916466 0.117000 44.200001
1508.000000 82.126358 0.117000 44.294998
1518.625000 82.356247 0.117000 44.400002
1531.000000 82.586098 0.117000 44.505001
1543.625000 82.796013 0.143000 44.605000
1553.125000 83.005959 0.143000 44.695000
1559.625000 83.215874 0.143000 44.794998
1566.750000 83.425774 0.143000 44.895000
1572.500000 83.635674 0.143000 45.005001
1579.000000 83.845581 0.143000 45.105000
1585.125000 84.055504 0.143000 45.200001
1589.375000 84.055504 0.143000 45.299999
1592.875000 84.295433 0.143000 45.400002
1599.375000 84.505066 0.143000 45.500000
1603.625000 84.713936 0.166000 45.595001
1609.625000 84.927544 0.166000 45.700001
1614.000000 85.131523 0.166000 45.794998
1619.750000 85.131523 0.166000 45.895000
1624.625000 85.356079 0.166000 45.994999
1628.000000 85.562317 0.166000 46.099998
1631.125000 85.562317 0.166000 46.205002
1635.000000 85.775635 0.166000 46.305000
1638.625000 85.987923 0.166000 46.400002
1642.375000 85.987923 0.166000 46.500000
1645.625000 86.207031 0.156000 46.595001
1650.000000 86.412300 0.156000 46.700001
1652.875000 86.412300 0.156000 46.794998
1655.000000 86.634506 0.156000 46.904999
1660.000000 86.865677 0.156000 47.005001
1663.875000 87.067810 0.156000 47.105000
1668.000000 87.067810 0.156000 47.200001
1670.750000 87.270134 0.156000 47.299999
1675.000000 87.472694 0.156000 47.395000
1677.625000 87.472694 0.156000 47.500000
1680.250000 87.676125 0.153000 47.595001
1683.000000 87.888420 0.153000 47.700001
1686.000000 88.125977 0.153000 47.794998
1688.375000 88.333168 0.153000 47.900002
1693.375000 88.536987 0.153000 47.994999
1696.500000 88.536987 0.153000 48.090000
1699.750000 88.763611 0.153000 48.200001
1703.625000 88.971970 0.153000 48.305000
1706.500000 89.180847 0.153000 48.400002
1708.250000 89.390221 0.153000 48.500000
1710.750000 89.599930 0.173000 48.595001
1713.125000 89.839813 0.173000 48.705002
1715.500000 90.069160 0.173000 48.799999
1718.000000 90.277695 0.173000 48.900002
1719.875000 90.486046 0.173000 49.005001
1722.250000 90.694923 0.173000 49.099998
1723.625000 90.914185 0.173000 49.205002
1725.625000 91.123726 0.173000 49.305000
1728.125000 91.333405 0.173000 49.395000
1730.875000 91.333405 0.173000 49.494999
1732.375000 91.543159 0.164000 49.595001
1735.000000 91.762955 0.164000 49.705002
1736.875000 91.982651 0.164000 49.799999
1739.125000 92.192360 0.164000 49.900002
1740.625000 92.402115 0.164000 49.994999
1742.375000 92.611938 0.164000 50.099998
1744.250000 92.851799 0.164000 50.200001
1745.750000 93.061707 0.164000 50.299999
1748.125000 93.271614 0.164000 50.395000
1750.000000 93.481522 0.164000 50.490002
1751.250000 93.691437 0.158000 50.599998
1754.000000 93.901375 0.158000 50.705002
1755.000000 94.111313 0.158000 50.794998
1756.000000 94.321243 0.158000 50.904999
1757.500000 94.531158 0.158000 51.005001
1759.000000 94.531158 0.158000 51.095001
1761.500000 94.950874 0.158000 51.205002
1764.125000 94.950874 0.158000 51.299999
1766.750000 95.170723 0.158000 51.400002
1768.125000 95.380615 0.158000 51.494999
1769.750000 95.590225 0.165000 51.595001
1772.250000 95.790413 0.165000 51.700001
1773.375000 96.024185 0.165000 51.805000
1774.500000 96.224915 0.165000 51.904999
1778.000000 96.224915 0.165000 51.994999
1780.250000 96.425949 0.165000 52.105000
1782.750000 96.639664 0.165000 52.195000
1784.250000 96.845322 0.165000 52.294998
1785.625000 96.845322 0.165000 52.395000
1787.500000 97.050934 0.165000 52.500000
1789.125000 97.257454 0.179000 52.605000
1791.750000 97.464973 0.179000 52.700001
1794.250000 97.667465 0.179000 52.805000
1795.500000 97.667465 0.179000 52.895000
1796.250000 97.869827 0.179000 53.000000
1798.000000 98.076920 0.179000 53.095001
1800.375000 98.284378 0.179000 53.189999
1802.500000 98.284378 0.179000 53.305000
1803.875000 98.489311 0.179000 53.395000
1808.125000 98.693794 0.179000 53.505001
1810.625000 98.898544 0.153000 53.605000
1813.375000 98.898544 0.153000 53.695000
1816.375000 99.102905 0.153000 53.799999
1818.625000 99.305061 0.153000 53.900002
1820.875000 99.512390 0.153000 54.005001
1823.500000 99.512390 0.153000 54.099998
1825.250000 99.732330 0.153000 54.205002
1828.875000 99.936752 0.153000 54.299999
1833.000000 99.936752 0.153000 54.400002
1835.125000 100.140144 0.153000 54.494999
1837.875000 100.342873 0.166000 54.590000
1840.375000 100.342873 0.166000 54.700001
1842.750000 100.548340 0.166000 54.805000
1843.625000 100.766068 0.166000 54.900002
1846.250000 100.970718 0.166000 55.005001
1848.875000 100.970718 0.166000 55.105000
1853.125000 101.176216 0.166000 55.200001
1855.250000 101.382088 0.166000 55.294998
1857.750000 101.588181 0.166000 55.404999
1860.000000 101.588181 0.166000 55.500000
1862.750000 101.794334 0.198000 55.595001
1864.625000 101.995773 0.198000 55.709999
1867.000000 102.197609 0.198000 55.799999
1870.000000 102.197609 0.198000 55.904999
1873.750000 102.403046 0.198000 56.000000
1880.125000 102.605743 0.198000 56.095001
1885.625000 102.808136 0.198000 56.205002
1891.125000 102.808136 0.198000 56.299999
1894.875000 103.010536 0.198000 56.400002
1899.250000 103.213028 0.198000 56.500000
1902.750000 103.213028 0.179000 56.599998
1906.000000 103.431763 0.179000 56.705002
1908.125000 103.650894 0.179000 56.799999
1912.750000 103.854752 0.179000 56.900002
1916.500000 103.854752 0.179000 56.994999
1919.750000 104.056999 0.179000 57.099998
1926.250000 104.291367 0.179000 57.195000
1932.125000 104.496880 0.179000 57.299999
1938.000000 104.699745 0.179000 57.395000
1944.375000 104.906082 0.179000 57.500000
1950.000000 105.114212 0.207000 57.599998
1956.500000 105.323273 0.207000 57.695000
1963.250000 105.532829 0.207000 57.799999
1970.500000 105.532829 0.207000 57.895000
1976.000000 105.772621 0.207000 57.994999
1979.250000 105.982506 0.207000 58.099998
1980.375000 106.192451 0.207000 58.205002
1981.000000 106.392471 0.207000 58.299999
1981.625000 106.592522 0.207000 58.404999
1982.625000 106.792557 0.207000 58.494999
1983.750000 106.992592 0.229000 58.599998
1985.000000 107.192627 0.229000 58.689999
1986.125000 107.392670 0.229000 58.805000
1987.125000 107.592682 0.229000 58.900002
1988.625000 107.802658 0.229000 59.005001
1988.875000 108.012627 0.229000 59.099998
1990.125000 108.222595 0.229000 59.205002
1991.875000 108.422630 0.229000 59.299999
1993.000000 108.642731 0.229000 59.400002
1994.375000 108.842827 0.229000 59.505001
1995.750000 109.052917 0.206000 59.599998
1996.250000 109.252968 0.206000 59.700001
1997.375000 109.453003 0.206000 59.805000
1998.000000 109.662857 0.206000 59.904999
1998.750000 109.872116 0.206000 60.000000
1999.750000 110.080704 0.206000 60.105000
2000.625000 110.308464 0.206000 60.205002
2001.375000 110.516495 0.206000 60.299999
2002.250000 110.725380 0.206000 60.395000
2002.875000 110.934891 0.206000 60.505001
2004.375000 110.934891 0.179000 60.599998
2005.750000 111.144630 0.179000 60.700001
2006.875000 111.364502 0.179000 60.799999
2007.625000 111.594627 0.179000 60.900002
2008.125000 111.794739 0.179000 61.000000
2009.125000 111.994934 0.179000 61.099998
2010.125000 112.195244 0.179000 61.200001
2010.250000 112.395638 0.179000 61.294998
2010.875000 112.596092 0.179000 61.395000
2011.750000 112.796280 0.179000 61.500000
2013.000000 113.005791 0.209000 61.595001
2014.250000 113.214485 0.209000 61.700001
2014.875000 113.422386 0.209000 61.799999
2017.000000 113.639496 0.209000 61.904999
2017.875000 113.857262 0.209000 62.005001
2018.125000 114.065979 0.209000 62.099998
2018.625000 114.275230 0.209000 62.195000
2019.625000 114.484764 0.209000 62.305000
2021.250000 114.694450 0.209000 62.400002
2022.125000 114.904259 0.209000 62.494999
2023.250000 115.114143 0.201000 62.599998
2024.375000 115.324020 0.201000 62.705002
2025.250000 115.324020 0.201000 62.799999
2025.500000 115.533875 0.201000 62.900002
2026.250000 115.763741 0.201000 63.000000
2027.250000 115.973640 0.201000 63.105000
2029.250000 116.183586 0.201000 63.200001
2030.625000 116.393562 0.201000 63.299999
2031.750000 116.593575 0.201000 63.400002
2032.500000 116.793579 0.201000 63.494999
2034.125000 116.993622 0.199000 63.599998
2034.625000 117.203590 0.199000 63.700001
2035.625000 117.413551 0.199000 63.799999
2037.625000 117.643570 0.199000 63.889999
2039.250000 117.853554 0.199000 64.004997
2040.875000 118.063499 0.199000 64.099998
2042.750000 118.273453 0.199000 64.199997
2045.125000 118.483421 0.199000 64.294998
2048.750000 118.693390 0.199000 64.404999
2050.500000 118.903366 0.199000 64.504997
2053.250000 119.113335 0.169000 64.595001
2054.500000 119.323257 0.169000 64.699997
2057.250000 119.323257 0.169000 64.794998
2059.250000 119.532646 0.169000 64.904999
2062.375000 119.761086 0.169000 65.004997
2066.250000 119.969215 0.169000 65.105003
2068.125000 120.177917 0.169000 65.199997
2070.375000 120.387222 0.169000 65.300003
2072.375000 120.596901 0.169000 65.394997
2074.875000 120.806801 0.169000 65.495003
2077.375000 121.006897 0.165000 65.605003
2081.125000 121.237175 0.165000 65.699997
2083.125000 121.467514 0.165000 65.794998
2087.000000 121.667854 0.165000 65.900002
2089.250000 121.878181 0.165000 66.000000
2091.250000 122.078491 0.165000 66.099998
2093.750000 122.278801 0.165000 66.190002
2095.250000 122.478943 0.165000 66.300003
2097.250000 122.688873 0.165000 66.394997
2099.625000 122.898819 0.165000 66.500000
2101.500000 123.108406 0.180000 66.595001
2104.875000 123.317642 0.180000 66.705002
2106.000000 123.317642 0.180000 66.794998
2107.875000 123.537048 0.180000 66.894997
2110.125000 123.746407 0.180000 66.995003
2112.250000 123.955879 0.180000 67.099998
2114.000000 124.165535 0.180000 67.205002
2115.625000 124.375343 0.180000 67.294998
2116.875000 124.585220 0.180000 67.400002
2118.250000 124.795097 0.180000 67.500000
2120.625000 125.024857 0.173000 67.605003
2122.250000 125.234589 0.173000 67.695000
2124.250000 125.444351 0.173000 67.800003
2125.250000 125.654152 0.173000 67.900002
2127.000000 125.864006 0.173000 67.995003
2127.625000 126.073860 0.173000 68.099998
2129.500000 126.283569 0.173000 68.195000
2130.750000 126.493118 0.173000 68.305000
2131.375000 126.702721 0.173000 68.394997
2132.875000 126.702721 0.173000 68.495003
2134.000000 127.122231 0.192000 68.605003
2136.250000 127.122231 0.192000 68.699997
2137.250000 127.352104 0.192000 68.790001
2137.500000 127.591995 0.192000 68.894997
2139.375000 127.821884 0.192000 69.004997
2140.500000 128.031784 0.192000 69.099998
2141.250000 128.241623 0.192000 69.205002
2141.875000 128.451294 0.192000 69.305000
2144.750000 128.661057 0.192000 69.400002
2145.125000 128.880920 0.192000 69.504997
2145.500000 129.090790 0.206000 69.599998
2147.250000 129.300690 0.206000 69.699997
2148.250000 129.510590 0.206000 69.800003
2149.125000 129.720520 0.206000 69.904999
2150.250000 129.720520 0.206000 70.000000
2151.250000 129.950455 0.206000 70.095001
2152.875000 130.160370 0.206000 70.195000
2154.625000 130.370331 0.206000 70.305000
2155.875000 130.580276 0.206000 70.400002
2156.875000 130.790268 0.206000 70.495003
2158.375000 131.010254 0.164000 70.599998
2160.375000 131.240189 0.164000 70.699997
2161.125000 131.480072 0.164000 70.805000
2162.000000 131.690048 0.164000 70.900002
2164.250000 131.890045 0.164000 71.000000
2165.375000 132.090057 0.164000 71.095001
2166.875000 132.300018 0.164000 71.195000
2167.750000 132.509979 0.164000 71.300003
2168.875000 132.719971 0.164000 71.404999
2170.375000 132.719971 0.164000 71.495003
2171.000000 133.119995 0.182000 71.605003
2172.375000 133.119995 0.182000 71.695000
2173.500000 133.329941 0.182000 71.800003
2174.750000 133.539871 0.182000 71.904999
2176.375000 133.749802 0.182000 72.004997
2178.750000 133.959732 0.182000 72.095001
2181.000000 134.199692 0.182000 72.199997
2182.000000 134.399689 0.182000 72.305000
2183.000000 134.629700 0.182000 72.394997
2184.125000 134.839676 0.182000 72.495003
2186.125000 135.049606 0.151000 72.599998
2187.500000 135.259201 0.151000 72.705002
2190.500000 135.468079 0.151000 72.805000
2193.375000 135.676559 0.151000 72.900002
2195.750000 135.885513 0.151000 73.000000
2198.250000 136.094971 0.151000 73.105003
2201.750000 136.304657 0.151000 73.199997
2204.500000 136.514526 0.151000 73.309998
2209.750000 136.514526 0.151000 73.394997
2213.125000 136.914673 0.151000 73.504997
2217.625000 137.114838 0.167000 73.605003
2222.125000 137.114838 0.167000 73.699997
2227.000000 137.314896 0.167000 73.794998
2233.000000 137.534470 0.167000 73.904999
2238.875000 137.753387 0.167000 74.000000
2244.000000 137.961700 0.167000 74.099998
2251.500000 138.169388 0.167000 74.205002
2259.500000 138.376572 0.167000 74.305000
2266.250000 138.603149 0.167000 74.404999
2273.250000 138.810715 0.167000 74.500000
2278.875000 139.019714 0.166000 74.605003
2286.375000 139.229584 0.166000 74.695000
2291.250000 139.439575 0.166000 74.794998
2296.750000 139.640060 0.166000 74.889999
2302.500000 139.850952 0.166000 75.000000
2307.500000 140.052002 0.166000 75.095001
2312.625000 140.263184 0.166000 75.205002
2317.250000 140.464386 0.166000 75.300003
2321.625000 140.665665 0.166000 75.389999
2326.875000 140.866959 0.166000 75.504997
2332.500000 141.068283 0.182000 75.599998
2337.000000 141.269455 0.182000 75.695000
2341.875000 141.470306 0.182000 75.800003
2346.125000 141.671021 0.182000 75.894997
2350.000000 141.871140 0.182000 76.000000
2353.875000 142.080872 0.182000 76.099998
2357.625000 142.290741 0.182000 76.199997
2362.125000 142.500641 0.182000 76.300003
2366.000000 142.500641 0.182000 76.400002
2368.750000 142.710495 0.182000 76.500000
2371.250000 142.929977 0.182000 76.599998
2373.625000 143.139038 0.182000 76.690002
2375.625000 143.346710 0.182000 76.800003
2378.250000 143.548386 0.182000 76.889999
2380.500000 143.750168 0.182000 77.004997
2383.500000 143.750168 0.182000 77.105003
2386.000000 143.955276 0.182000 77.195000
2388.500000 144.157990 0.182000 77.300003
2390.625000 144.157990 0.182000 77.400002
2393.125000 144.383270 0.182000 77.500000
2396.125000 144.586258 0.162000 77.599998
2400.500000 144.789322 0.162000 77.705002
2404.875000 144.789322 0.162000 77.800003
2409.625000 144.993057 0.162000 77.900002
2415.125000 145.197678 0.162000 78.004997
2418.625000 145.402817 0.162000 78.105003
2421.875000 145.402817 0.162000 78.205002
2425.875000 145.606644 0.162000 78.300003
2430.000000 145.833832 0.162000 78.394997
2433.250000 146.039841 0.162000 78.500000
2436.625000 146.242279 0.193000 78.595001
2440.000000 146.447342 0.193000 78.705002
2442.375000 146.663239 0.193000 78.805000
2445.125000 146.869629 0.193000 78.894997
2448.125000 146.869629 0.193000 78.989998
2450.500000 147.285278 0.193000 79.105003
2453.500000 147.285278 0.193000 79.199997
2456.125000 147.494293 0.193000 79.300003
2460.375000 147.713272 0.193000 79.400002
2465.750000 147.922272 0.193000 79.500000
2471.375000 148.131607 0.203000 79.595001
2477.250000 148.370865 0.203000 79.705002
2483.625000 148.609985 0.203000 79.800003
2489.375000 148.818634 0.203000 79.904999
2496.500000 149.026657 0.203000 80.000000
2502.375000 149.234436 0.203000 80.105003
2509.500000 149.442856 0.203000 80.195000
2516.250000 149.651917 0.203000 80.305000
2523.250000 149.861374 0.203000 80.400002
2531.375000 150.070999 0.203000 80.504997
2538.125000 150.070999 0.248000 80.599998
2543.625000 150.300766 0.248000 80.705002
2548.750000 150.510559 0.248000 80.805000
2553.125000 150.719894 0.248000 80.900002
2558.125000 150.929260 0.248000 81.000000
2562.250000 151.138809 0.248000 81.099998
2566.375000 151.348495 0.248000 81.195000
2571.125000 151.578247 0.248000 81.300003
2574.125000 151.788055 0.248000 81.404999
2577.875000 151.997925 0.248000 81.504997
2580.250000 152.207779 0.248000 81.599998
2584.375000 152.417572 0.294000 81.695000
2588.375000 152.627167 0.294000 81.800003
2592.000000 152.836838 0.294000 81.904999
2593.750000 153.046570 0.294000 81.995003
2597.125000 153.256439 0.294000 82.099998
2599.875000 153.466324 0.294000 82.199997
2603.625000 153.676224 0.294000 82.305000
2606.625000 153.676224 0.294000 82.400002
2608.875000 153.896133 0.294000 82.495003
2611.125000 154.106049 0.250000 82.599998
2613.125000 154.315948 0.250000 82.699997
2615.250000 154.525848 0.250000 82.794998
2617.750000 154.735748 0.250000 82.900002
2619.625000 154.945633 0.250000 83.000000
2622.750000 155.185501 0.250000 83.105003
2625.625000 155.395386 0.250000 83.205002
2628.125000 155.605270 0.250000 83.305000
2629.500000 155.815155 0.250000 83.400002
2632.000000 156.025040 0.250000 83.504997
2635.500000 156.234924 0.246000 83.605003
2638.250000 156.444809 0.246000 83.695000
2639.625000 156.654709 0.246000 83.805000
2642.250000 156.864594 0.246000 83.900002
2644.250000 156.864594 0.246000 84.000000
2646.125000 157.074478 0.246000 84.099998
2648.125000 157.324341 0.246000 84.199997
2650.750000 157.534256 0.246000 84.305000
2652.625000 157.734299 0.246000 84.394997
2654.500000 157.964279 0.246000 84.500000
2656.875000 158.184158 0.232000 84.599998
2659.000000 158.394043 0.232000 84.690002
2661.625000 158.633911 0.232000 84.805000
2663.875000 158.843796 0.232000 84.900002
2665.750000 159.053787 0.232000 84.995003
2668.250000 159.253830 0.232000 85.105003
2669.375000 159.453873 0.232000 85.199997
2671.125000 159.453873 0.232000 85.294998
2673.500000 159.663849 0.232000 85.394997
2675.125000 159.893723 0.232000 85.495003
2677.125000 160.103607 0.236000 85.599998
2678.875000 160.313492 0.236000 85.699997
2681.250000 160.523453 0.236000 85.800003
2684.000000 160.723495 0.236000 85.900002
2685.125000 160.933472 0.236000 86.000000
2688.125000 161.143356 0.236000 86.099998
2690.625000 161.383224 0.236000 86.205002
2692.375000 161.593109 0.236000 86.300003
2694.750000 161.802994 0.236000 86.400002
2695.750000 162.012955 0.236000 86.500000
2698.375000 162.222931 0.214000 86.599998
2701.375000 162.432907 0.214000 86.695000
2702.750000 162.642883 0.214000 86.794998
2705.125000 162.852859 0.214000 86.904999
2707.500000 163.062836 0.214000 87.004997
2710.125000 163.272812 0.214000 87.105003
2712.375000 163.272812 0.214000 87.199997
2714.625000 163.482788 0.214000 87.305000
2716.000000 163.712738 0.214000 87.394997
2718.625000 163.922714 0.214000 87.504997
2720.250000 164.122757 0.227000 87.595001
2721.875000 164.322800 0.227000 87.699997
2723.375000 164.522842 0.227000 87.805000
2724.625000 164.732834 0.227000 87.900002
2726.500000 164.942810 0.227000 87.995003
2728.125000 165.152786 0.227000 88.105003
2730.500000 165.392746 0.227000 88.205002
2732.500000 165.602631 0.227000 88.305000
2733.875000 165.812515 0.227000 88.404999
2735.500000 166.022430 0.227000 88.500000
2737.500000 166.232407 0.181000 88.595001
2739.125000 166.442383 0.181000 88.705002
2740.750000 166.652344 0.181000 88.794998
2744.125000 166.862228 0.181000 88.900002
2746.125000 166.862228 0.181000 89.000000
2749.125000 167.072174 0.181000 89.099998
2750.625000 167.312134 0.181000 89.199997
2752.500000 167.522110 0.181000 89.305000
2754.250000 167.732086 0.181000 89.404999
2756.250000 167.932083 0.181000 89.504997
2758.375000 168.132111 0.173000 89.599998
2760.250000 168.372101 0.173000 89.705002
2761.500000 168.582031 0.173000 89.805000
2764.500000 168.791519 0.173000 89.900002
2766.750000 169.000900 0.173000 90.000000
2769.000000 169.210129 0.173000 90.099998
2771.750000 169.419601 0.173000 90.205002
2773.000000 169.629272 0.173000 90.305000
2775.250000 169.839035 0.173000 90.394997
2777.750000 170.048874 0.173000 90.504997
2779.750000 170.048874 0.180000 90.595001
2782.875000 170.468689 0.180000 90.705002
2785.750000 170.468689 0.180000 90.794998
2788.625000 170.688629 0.180000 90.894997
2791.875000 170.898621 0.180000 91.000000
2794.250000 171.098648 0.180000 91.099998
2798.000000 171.298691 0.180000 91.199997
2801.875000 171.508667 0.180000 91.300003
2806.125000 171.718597 0.180000 91.404999
2810.750000 171.928467 0.180000 91.495003
2816.000000 172.138336 0.198000 91.605003
2821.500000 172.348251 0.198000 91.699997
2825.250000 172.588120 0.198000 91.805000
2828.500000 172.797791 0.198000 91.904999
2833.500000 173.007538 0.198000 92.000000
2837.750000 173.217377 0.198000 92.099998
2841.000000 173.427231 0.198000 92.199997
2846.875000 173.636276 0.198000 92.300003
2851.250000 173.842606 0.198000 92.400002
2855.250000 173.842606 0.198000 92.495003
2860.625000 174.046677 0.221000 92.595001
2868.125000 174.274811 0.221000 92.695000
2873.875000 174.480423 0.221000 92.805000
2879.875000 174.480423 0.221000 92.900002
2887.000000 174.685303 0.221000 93.000000
2894.625000 174.888565 0.221000 93.105003
2900.500000 174.888565 0.221000 93.199997
2905.875000 175.104263 0.221000 93.305000
2911.000000 175.331650 0.221000 93.394997
2916.250000 175.331650 0.221000 93.500000
2922.750000 175.549255 0.213000 93.595001
2927.625000 175.757065 0.213000 93.699997
2933.375000 175.757065 0.213000 93.800003
2938.125000 175.961578 0.213000 93.904999
2943.250000 175.961578 0.213000 94.000000
2950.000000 176.162277 0.213000 94.105003
2953.625000 176.162277 0.213000 94.199997
2958.375000 176.162277 0.213000 94.300003
2962.125000 176.162277 0.213000 94.404999
2964.250000 176.162277 0.213000 94.500000
2966.500000 176.162277 0.213000 94.595001
2968.875000 176.162277 0.254000 94.699997
2971.125000 176.162277 0.254000 94.794998
2973.875000 176.162277 0.254000 94.904999
2975.625000 176.362396 0.254000 95.010002
2977.000000 176.362396 0.254000 95.099998
2979.750000 176.362396 0.254000 95.199997
2982.875000 176.362396 0.254000 95.300003
2986.000000 176.362396 0.254000 95.400002
2987.250000 176.362396 0.254000 95.504997
2988.625000 176.362396 0.230000 95.595001
2990.625000 176.362396 0.230000 95.705002
2992.125000 176.362396 0.230000 95.800003
2993.750000 176.362396 0.230000 95.904999
2995.000000 176.362396 0.230000 96.004997
2996.500000 176.362396 0.230000 96.099998
2998.125000 176.362396 0.230000 96.199997
2999.750000 176.362396 0.230000 96.309998
3001.625000 176.362396 0.230000 96.400002
3003.125000 176.362396 0.230000 96.495003
3004.500000 176.571747 0.211000 96.599998
3005.750000 176.779282 0.211000 96.695000
3006.875000 176.987259 0.211000 96.794998
3008.250000 177.192963 0.211000 96.904999
3009.250000 177.396194 0.211000 96.995003
3010.625000 177.602844 0.211000 97.099998
3011.500000 177.602844 0.211000 97.199997
3012.125000 177.811264 0.211000 97.300003
3013.250000 178.040558 0.211000 97.404999
3015.000000 178.250336 0.211000 97.495003
3015.750000 178.470337 0.230000 97.605003
3016.375000 178.670456 0.230000 97.699997
3017.375000 178.870605 0.230000 97.805000
3018.125000 179.070740 0.230000 97.904999
3019.500000 179.270920 0.230000 98.004997
3019.875000 179.471100 0.230000 98.095001
3020.875000 179.671249 0.230000 98.205002
3021.625000 179.871414 0.230000 98.305000
3022.375000 180.071564 0.230000 98.404999
3023.375000 180.271759 0.230000 98.495003
3024.125000 180.471985 0.227000 98.605003
3024.750000 180.672211 0.227000 98.705002
3025.375000 180.879181 0.227000 98.800003
3025.750000 181.096283 0.227000 98.894997
3026.250000 181.303146 0.227000 98.995003
3027.250000 181.303146 0.227000 99.099998
3028.375000 181.507614 0.227000 99.199997
3029.125000 181.723160 0.227000 99.300003
3029.250000 181.929184 0.227000 99.394997
3029.750000 181.929184 0.227000 99.495003
3031.125000 182.142700 0.224000 99.599998
3031.625000 182.346817 0.224000 99.699997
3032.375000 182.346817 0.224000 99.800003
3032.750000 182.551743 0.224000 99.904999
3033.875000 182.551743 0.224000 99.995003
3035.000000 182.753479 0.224000 100.095001
3035.875000 182.753479 0.224000 100.205002
3036.500000 182.753479 0.224000 100.305000
3037.875000 182.753479 0.224000 100.400002
3038.500000 182.753479 0.224000 100.495003
3038.750000 182.753479 0.210000 100.605003
3038.875000 182.954407 0.210000 100.705002
3040.000000 182.954407 0.210000 100.790001
3040.500000 182.954407 0.210000 100.904999
3040.750000 182.954407 0.210000 100.995003
3041.000000 182.954407 0.210000 101.105003
3042.125000 182.954407 0.210000 101.205002
3042.875000 182.954407 0.210000 101.294998
3043.000000 182.954407 0.210000 101.404999
3043.625000 182.954407 0.210000 101.495003
3044.250000 182.954407 0.219000 101.599998
3044.625000 182.954407 0.219000 101.695000
3045.375000 182.954407 0.219000 101.800003
3045.750000 183.156464 0.219000 101.894997
3046.375000 183.362274 0.219000 101.995003
3046.625000 183.362274 0.219000 102.105003
3047.625000 183.589417 0.219000 102.205002
3048.250000 183.793747 0.219000 102.300003
3048.875000 183.793747 0.219000 102.404999
3050.500000 184.000778 0.219000 102.500000
3051.250000 184.201523 0.187000 102.599998
3052.125000 184.402802 0.187000 102.705002
3053.500000 184.402802 0.187000 102.794998
3054.625000 184.620682 0.187000 102.900002
3055.750000 184.824692 0.187000 103.000000
3057.000000 184.824692 0.187000 103.099998
3057.875000 185.029388 0.187000 103.205002
3058.750000 185.256760 0.187000 103.305000
3059.875000 185.465805 0.187000 103.394997
3062.000000 185.670151 0.187000 103.504997
3064.375000 185.871002 0.205000 103.599998
3065.375000 185.871002 0.205000 103.699997
3067.000000 186.074097 0.205000 103.800003
3068.500000 186.308304 0.205000 103.900002
3069.375000 186.510880 0.205000 103.995003
3071.625000 186.749023 0.205000 104.105003
3073.625000 186.949112 0.205000 104.195000
3075.625000 186.949112 0.205000 104.305000
3078.875000 187.156433 0.205000 104.400002
3081.625000 187.368591 0.205000 104.500000
3086.000000 187.572784 0.205000 104.599998
3089.500000 187.572784 0.280000 104.695000
3092.750000 187.807175 0.280000 104.800003
3099.750000 188.009781 0.280000 104.900002
3106.250000 188.009781 0.280000 105.000000
3112.125000 188.211533 0.280000 105.095001
3117.375000 188.413727 0.280000 105.205002
3121.750000 188.616211 0.280000 105.300003
3125.125000 188.616211 0.280000 105.394997
3129.500000 188.833771 0.280000 105.500000
3133.000000 189.036407 0.280000 105.599998
3136.125000 189.036407 0.369000 105.699997
3139.250000 189.254303 0.369000 105.800003
3141.750000 189.481064 0.369000 105.900002
3142.750000 189.681137 0.369000 105.995003
3144.250000 189.681137 0.369000 106.105003
3146.875000 189.893692 0.369000 106.199997
3148.375000 190.100723 0.369000 106.305000
3149.125000 190.304459 0.369000 106.400002
3149.750000 190.550919 0.369000 106.500000
3150.000000 190.769562 0.369000 106.605003
3150.250000 190.978958 0.310000 106.705002
3150.750000 191.198486 0.310000 106.805000
3151.000000 191.407394 0.310000 106.900002
3151.500000 191.615479 0.310000 107.000000
3151.750000 191.822876 0.310000 107.095001
3151.875000 192.029770 0.310000 107.199997
3152.875000 192.236282 0.310000 107.305000
3153.625000 192.236282 0.310000 107.394997
3153.875000 192.453339 0.310000 107.500000
3154.125000 192.661789 0.310000 107.605003
3154.125000 192.871048 0.281000 107.699997
3155.000000 193.080826 0.281000 107.805000
3155.250000 193.280914 0.281000 107.900002
3155.625000 193.481171 0.281000 108.000000
3155.625000 193.681473 0.281000 108.099998
3155.625000 193.881805 0.281000 108.199997
3155.750000 194.082169 0.281000 108.305000
3156.125000 194.282547 0.281000 108.404999
3156.625000 194.482910 0.281000 108.495003
3157.250000 194.683273 0.213000 108.599998
3157.250000 194.892487 0.213000 108.705002
3157.500000 195.097763 0.213000 108.800003
3157.500000 195.300690 0.213000 108.900002
3158.000000 195.504303 0.213000 108.995003
3158.375000 195.504303 0.213000 109.099998
3158.375000 195.715454 0.213000 109.199997
3158.500000 195.917679 0.213000 109.305000
3158.750000 196.120209 0.213000 109.404999
3159.750000 196.120209 0.213000 109.500000
3160.000000 196.338318 0.200000 109.599998
3160.625000 196.541672 0.200000 109.695000
3161.250000 196.541672 0.200000 109.805000
3161.375000 196.752762 0.200000 109.904999
3161.875000 196.956375 0.200000 110.000000
3162.250000 197.159866 0.200000 110.105003
3162.500000 197.159866 0.200000 110.199997
3164.000000 197.364120 0.200000 110.300003
3165.375000 197.569397 0.200000 110.400002
3166.875000 197.774963 0.200000 110.500000
3167.625000 197.774963 0.189000 110.599998
3170.500000 197.981750 0.189000 110.699997
3173.000000 198.187912 0.189000 110.805000
3177.750000 198.187912 0.189000 110.900002
3182.625000 198.417206 0.189000 110.995003
3185.500000 198.619980 0.189000 111.105003
3189.375000 198.826675 0.189000 111.190002
3192.000000 199.030167 0.189000 111.305000
3195.250000 199.231339 0.189000 111.400002
3196.875000 199.434296 0.189000 111.500000
3199.250000 199.434296 0.194000 111.595001
3201.500000 199.638458 0.194000 111.695000
3202.750000 199.842926 0.194000 111.794998
3204.500000 200.057861 0.194000 111.900002
3205.250000 200.257889 0.194000 112.000000
3206.750000 200.257889 0.194000 112.099998
3208.000000 200.463623 0.194000 112.199997
3209.125000 200.699310 0.194000 112.294998
3210.625000 200.699310 0.194000 112.404999
3211.500000 200.904556 0.194000 112.500000
3212.750000 201.125916 0.236000 112.605003
3214.250000 201.341248 0.236000 112.705002
3220.250000 201.550247 0.236000 112.800003
3220.375000 201.750443 0.236000 112.904999
3221.000000 201.750443 0.236000 112.989998
3223.000000 201.965225 0.236000 113.099998
3225.250000 202.182663 0.236000 113.199997
3226.500000 202.391434 0.236000 113.300003
3227.875000 202.640518 0.236000 113.404999
3229.750000 202.869125 0.236000 113.500000
3231.500000 203.077164 0.207000 113.605003
3234.125000 203.284592 0.207000 113.699997
3234.875000 203.491135 0.207000 113.805000
3234.875000 203.696472 0.207000 113.900002
3235.625000 203.696472 0.207000 113.995003
3236.750000 203.902664 0.207000 114.105003
3236.875000 204.128815 0.207000 114.205002
3237.125000 204.331589 0.207000 114.294998
3237.375000 204.331589 0.207000 114.400002
3237.500000 204.538422 0.207000 114.504997
3237.625000 204.766403 0.203000 114.599998
3237.750000 204.766403 0.203000 114.695000
3238.750000 204.970444 0.203000 114.800003
3239.625000 205.188934 0.203000 114.900002
3239.625000 205.391922 0.203000 115.004997
3240.125000 205.391922 0.203000 115.099998
3240.375000 205.602341 0.203000 115.199997
3240.375000 205.803391 0.203000 115.300003
3241.125000 206.009567 0.203000 115.400002
3241.500000 206.213348 0.203000 115.500000
3242.375000 206.415512 0.200000 115.599998
3244.250000 206.621109 0.200000 115.699997
3249.500000 206.827774 0.200000 115.800003
3250.375000 207.035065 0.200000 115.904999
3255.625000 207.035065 0.200000 116.004997
3258.500000 207.263077 0.200000 116.095001
3260.375000 207.471710 0.200000 116.195000
3261.875000 207.680817 0.200000 116.305000
3262.250000 207.890228 0.200000 116.394997
3262.625000 208.119659 0.200000 116.500000
3262.750000 208.338669 0.221000 116.589996
3264.000000 208.547729 0.221000 116.695000
3264.000000 208.757034 0.221000 116.805000
3264.375000 208.966553 0.221000 116.904999
3264.750000 209.176178 0.221000 116.989998
3265.125000 209.385834 0.221000 117.105003
3265.875000 209.595551 0.221000 117.205002
3266.250000 209.804245 0.221000 117.300003
3267.000000 209.804245 0.221000 117.394997
3268.125000 210.006668 0.221000 117.504997
3268.625000 210.214203 0.226000 117.595001
3269.625000 210.419571 0.226000 117.699997
3271.375000 210.631714 0.226000 117.794998
3275.000000 210.835083 0.226000 117.904999
3276.625000 211.040421 0.226000 118.000000
3277.875000 211.040421 0.226000 118.095001
3277.875000 211.271591 0.226000 118.190002
3278.375000 211.496735 0.226000 118.300003
3278.500000 211.703781 0.226000 118.394997
3278.750000 211.919724 0.226000 118.500000
3278.750000 212.145523 0.223000 118.589996
3278.875000 212.359390 0.223000 118.705002
3279.500000 212.359390 0.223000 118.800003
3279.625000 212.564865 0.223000 118.894997
3279.625000 212.765289 0.223000 118.995003
3279.625000 212.971817 0.223000 119.099998
3279.625000 213.172562 0.223000 119.199997
3279.750000 213.172562 0.223000 119.300003
3279.750000 213.373657 0.223000 119.400002
3279.750000 213.373657 0.223000 119.504997
3279.750000 213.575821 0.161000 119.595001
3279.750000 213.575821 0.161000 119.695000
3279.750000 213.575821 0.161000 119.800003
3279.750000 213.575821 0.161000 119.894997
3279.750000 213.575821 0.161000 120.000000
3279.750000 213.575821 0.161000 120.105003
3279.875000 213.776428 0.161000 120.199997
3279.875000 213.776428 0.161000 120.300003
3279.875000 213.776428 0.161000 120.394997
3279.875000 213.776428 0.161000 120.495003
3279.875000 213.776428 0.159000 120.599998
3279.875000 213.776428 0.159000 120.690002
3279.875000 213.776428 0.159000 120.805000
3279.875000 213.776428 0.159000 120.894997
3279.875000 213.776428 0.159000 121.000000
3279.875000 213.776428 0.159000 121.095001
3279.875000 213.776428 0.159000 121.199997
3279.875000 213.776428 0.159000 121.305000
3279.875000 213.776428 0.159000 121.404999
3279.875000 213.776428 0.159000 121.500000
3279.875000 213.776428 0.139000 121.599998
3279.875000 213.776428 0.139000 121.705002
3279.875000 213.776428 0.139000 121.800003
3279.875000 213.995667 0.139000 121.889999
3279.875000 214.216949 0.139000 122.004997
3280.000000 214.216949 0.139000 122.095001
3280.125000 214.419510 0.139000 122.205002
3280.125000 214.622406 0.139000 122.300003
3280.250000 214.622406 0.139000 122.400002
3280.500000 214.827866 0.139000 122.500000
3281.375000 215.061295 0.151000 122.595001
3282.625000 215.061295 0.151000 122.705002
3284.375000 215.266663 0.151000 122.794998
3287.125000 215.492020 0.151000 122.904999
3291.375000 215.492020 0.151000 123.000000
3293.000000 215.694778 0.151000 123.099998
3294.125000 215.898911 0.151000 123.199997
3295.250000 215.898911 0.151000 123.300003
3295.500000 216.126740 0.151000 123.400002
3296.250000 216.357773 0.151000 123.495003
3296.250000 216.357773 0.155000 123.599998
3296.500000 216.570404 0.155000 123.699997
3297.000000 216.790237 0.155000 123.794998
3297.000000 216.995804 0.155000 123.904999
3297.375000 216.995804 0.155000 123.995003
3297.875000 217.200974 0.155000 124.099998
3298.875000 217.406158 0.155000 124.199997
3299.000000 217.606842 0.155000 124.305000
3299.125000 217.606842 0.155000 124.400002
3299.875000 217.819916 0.155000 124.500000
3300.125000 218.023056 0.171000 124.599998
3301.125000 218.224838 0.171000 124.699997
3302.125000 218.470093 0.171000 124.800003
3303.375000 218.678192 0.171000 124.900002
3303.750000 218.887207 0.171000 125.000000
3306.375000 219.096405 0.171000 125.099998
3306.875000 219.305176 0.171000 125.199997
3308.500000 219.513245 0.171000 125.305000
3308.750000 219.717667 0.171000 125.404999
3309.875000 219.717667 0.171000 125.495003
3309.875000 219.939148 0.172000 125.605003
3310.625000 220.143494 0.172000 125.699997
3311.125000 220.362411 0.172000 125.800003
3311.250000 220.569702 0.172000 125.889999
3311.875000 220.777557 0.172000 125.995003
3312.000000 220.980942 0.172000 126.099998
3312.000000 221.186798 0.172000 126.199997
3312.500000 221.393707 0.172000 126.300003
3312.625000 221.601013 0.172000 126.404999
3312.750000 221.601013 0.172000 126.500000
3313.000000 221.829086 0.215000 126.599998
3313.125000 222.037888 0.215000 126.699997
3313.125000 222.246704 0.215000 126.805000
3313.250000 222.456146 0.215000 126.900002
3313.250000 222.685547 0.215000 126.995003
3313.375000 222.894913 0.215000 127.105003
3313.625000 223.124588 0.215000 127.195000
3313.625000 223.327164 0.215000 127.294998
3313.625000 223.529831 0.215000 127.400002
3313.750000 223.529831 0.215000 127.504997
3313.875000 223.749298 0.203000 127.595001
3314.000000 223.951965 0.203000 127.705002
3314.125000 224.158554 0.203000 127.800003
3314.125000 224.158554 0.203000 127.894997
3314.250000 224.363312 0.203000 127.995003
3314.375000 224.567429 0.203000 128.095001
3314.500000 224.771896 0.203000 128.205002
3314.500000 224.771896 0.203000 128.300003
3314.500000 224.976898 0.203000 128.395004
3314.750000 225.178070 0.203000 128.500000
3314.750000 225.382401 0.182000 128.600006
3314.750000 225.598694 0.182000 128.705002
3314.875000 225.801971 0.182000 128.800003
3314.875000 226.008438 0.182000 128.895004
3315.000000 226.216568 0.182000 129.000000
3315.000000 226.216568 0.182000 129.095001
3315.125000 226.425491 0.182000 129.205002
3315.375000 226.654449 0.182000 129.294998
3315.375000 226.864182 0.182000 129.399994
3315.500000 227.073547 0.182000 129.500000
3315.500000 227.312515 0.184000 129.600006
3315.625000 227.529007 0.184000 129.699997
3315.875000 227.737442 0.184000 129.800003
3315.875000 227.942154 0.184000 129.904999
3315.875000 227.942154 0.184000 130.000000
3316.125000 228.148163 0.184000 130.100006
3316.250000 228.370255 0.184000 130.205002
3316.375000 228.370255 0.184000 130.294998
3316.375000 228.577103 0.184000 130.404999
3316.500000 228.784088 0.184000 130.490005
3316.500000 228.984192 0.167000 130.600006
3316.500000 228.984192 0.167000 130.705002
3316.500000 229.185379 0.167000 130.800003
3316.625000 229.387405 0.167000 130.899994
3316.625000 229.387405 0.167000 130.994995
3316.625000 229.612701 0.167000 131.089996
3316.625000 229.817001 0.167000 131.205002
3316.750000 230.022263 0.167000 131.300003
3316.875000 230.022263 0.167000 131.395004
3317.000000 230.227539 0.167000 131.500000
3317.000000 230.432587 0.165000 131.600006
3317.125000 230.637436 0.165000 131.695007
3317.125000 230.637436 0.165000 131.804993
3317.125000 230.842392 0.165000 131.899994
3317.250000 231.053558 0.165000 132.000000
3317.375000 231.259018 0.165000 132.104996
3317.500000 231.465744 0.165000 132.195007
3317.625000 231.667877 0.165000 132.304993
3318.000000 231.872192 0.165000 132.399994
3318.000000 232.077042 0.165000 132.500000
3318.375000 232.077042 0.199000 132.600006
3318.375000 232.296539 0.199000 132.699997
3318.500000 232.504105 0.199000 132.800003
3318.750000 232.706192 0.199000 132.899994
3318.875000 232.911652 0.199000 133.000000
3319.000000 233.168839 0.199000 133.104996
3319.250000 233.377701 0.199000 133.199997
3319.375000 233.587021 0.199000 133.300003
3319.500000 233.806564 0.199000 133.404999
3319.500000 234.015930 0.199000 133.500000
3319.625000 234.224869 0.204000 133.604996
3319.750000 234.434097 0.204000 133.699997
3319.875000 234.434097 0.204000 133.800003
3320.000000 234.663605 0.204000 133.904999
3320.000000 234.873291 0.204000 134.000000
3320.125000 235.082565 0.204000 134.104996
3320.250000 235.291702 0.204000 134.195007
3320.750000 235.541016 0.204000 134.304993
3321.125000 235.750687 0.204000 134.399994
3321.250000 235.960449 0.204000 134.494995
3321.375000 236.170288 0.190000 134.600006
3321.875000 236.379974 0.190000 134.705002
3322.250000 236.589645 0.190000 134.800003
3322.250000 236.799454 0.190000 134.904999
3322.250000 237.009232 0.190000 135.000000
3322.375000 237.219009 0.190000 135.100006
3322.375000 237.428894 0.190000 135.199997
3322.500000 237.428894 0.190000 135.300003
3322.500000 237.668762 0.190000 135.395004
3322.500000 237.878433 0.190000 135.505005
3322.625000 238.087967 0.213000 135.604996
3322.625000 238.297653 0.213000 135.699997
3322.750000 238.537308 0.213000 135.800003
3322.750000 238.746948 0.213000 135.904999
3322.750000 238.965973 0.213000 136.000000
3323.125000 239.174286 0.213000 136.100006
3323.375000 239.392242 0.213000 136.205002
3324.250000 239.600052 0.213000 136.304993
3324.250000 239.807343 0.213000 136.404999
3324.500000 239.807343 0.213000 136.505005
3324.875000 240.014801 0.201000 136.595001
3325.125000 240.217453 0.201000 136.705002
3326.000000 240.420578 0.201000 136.804993
3326.000000 240.420578 0.201000 136.904999
3326.125000 240.650436 0.201000 136.994995
3326.250000 240.856079 0.201000 137.100006
3326.250000 241.061295 0.201000 137.205002
3326.375000 241.061295 0.201000 137.300003
3326.500000 241.268463 0.201000 137.399994
3326.500000 241.479050 0.201000 137.505005
3326.625000 241.679840 0.196000 137.604996
3326.625000 241.886429 0.196000 137.705002
3326.625000 242.098175 0.196000 137.800003
3326.750000 242.303757 0.196000 137.899994
3326.875000 242.510742 0.196000 138.000000
3327.375000 242.718079 0.196000 138.104996
3327.750000 242.718079 0.196000 138.199997
3328.125000 242.944977 0.196000 138.294998
3328.625000 243.151627 0.196000 138.399994
3328.625000 243.354401 0.196000 138.494995
3328.875000 243.564728 0.149000 138.595001
3329.000000 243.775375 0.149000 138.705002
3329.000000 243.976028 0.149000 138.794998
3329.750000 244.193939 0.149000 138.904999
3329.750000 244.397064 0.149000 138.994995
3329.875000 244.600952 0.149000 139.100006
3330.000000 244.600952 0.149000 139.199997
3330.125000 244.805008 0.149000 139.304993
3330.125000 245.036255 0.149000 139.404999
3330.250000 245.237579 0.149000 139.500000
3330.250000 245.237579 0.177000 139.604996
3330.500000 245.444443 0.177000 139.705002
3330.625000 245.650452 0.177000 139.794998
3330.875000 245.650452 0.177000 139.899994
3331.125000 245.874191 0.177000 139.994995
3331.125000 245.874191 0.177000 140.095001
3331.500000 246.077362 0.177000 140.205002
3331.750000 246.077362 0.177000 140.300003
3332.000000 246.077362 0.177000 140.404999
3332.000000 246.077362 0.177000 140.505005
3332.000000 246.281357 0.165000 140.595001
3332.125000 246.281357 0.165000 140.699997
3332.125000 246.281357 0.165000 140.800003
3332.125000 246.281357 0.165000 140.904999
3332.125000 246.281357 0.165000 141.000000
3332.250000 246.281357 0.165000 141.104996
3332.375000 246.281357 0.165000 141.199997
3332.500000 246.281357 0.165000 141.304993
3332.500000 246.281357 0.165000 141.404999
3332.500000 246.281357 0.165000 141.494995
3332.500000 246.281357 0.173000 141.600006
3332.500000 246.281357 0.173000 141.699997
3332.500000 246.281357 0.173000 141.800003
3332.500000 246.281357 0.173000 141.899994
3332.500000 246.281357 0.173000 142.001999
3332.500000 246.281357 0.173000 142.100006
3332.500000 246.281357 0.173000 142.205002
3332.500000 246.281357 0.173000 142.294998
3332.500000 246.281357 0.173000 142.399994
3332.500000 246.281357 0.173000 142.500000
3332.500000 246.281357 0.161000 142.604996
3332.500000 246.281357 0.161000 142.705002
3332.500000 246.281357 0.161000 142.804993
3332.500000 246.281357 0.161000 142.899994
3332.750000 246.281357 0.161000 143.005005
3332.750000 246.281357 0.161000 143.104996
3332.750000 246.281357 0.161000 143.210007
3332.750000 246.488693 0.161000 143.304993
3332.750000 246.693680 0.161000 143.395004
3332.750000 246.693680 0.161000 143.500000
3332.750000 246.911758 0.152000 143.600006
3332.750000 247.120468 0.152000 143.699997
3332.750000 247.322632 0.152000 143.800003
3332.750000 247.322632 0.152000 143.904999
3332.750000 247.524139 0.152000 143.994995
3332.750000 247.726120 0.152000 144.100006
3332.750000 247.726120 0.152000 144.199997
3332.750000 247.928772 0.152000 144.304993
3332.750000 248.132431 0.152000 144.404999
3332.750000 248.336990 0.152000 144.500000
3332.750000 248.336990 0.152000 144.600006
3332.875000 248.557236 0.152000 144.705002
3332.875000 248.785110 0.152000 144.804993
3332.875000 248.985641 0.152000 144.899994
3332.875000 248.985641 0.152000 145.000000
3332.875000 249.189285 0.152000 145.100006
3332.875000 249.390991 0.152000 145.199997
3332.875000 249.591751 0.152000 145.304993
3332.875000 249.796967 0.152000 145.395004
3332.875000 250.034088 0.152000 145.505005
3332.875000 250.250092 0.163000 145.589996
3332.875000 250.453873 0.163000 145.699997
3332.875000 250.659271 0.163000 145.804993
3332.875000 250.866562 0.163000 145.904999
3332.875000 251.075058 0.163000 146.005005
3332.875000 251.284210 0.163000 146.104996
3333.000000 251.284210 0.163000 146.195007
3333.000000 251.503204 0.163000 146.304993
3333.000000 251.732330 0.163000 146.404999
3333.000000 251.941849 0.163000 146.500000
3333.000000 252.151550 0.176000 146.604996
3333.000000 252.360596 0.176000 146.699997
3333.000000 252.598404 0.176000 146.800003
3333.000000 252.598404 0.176000 146.904999
3333.125000 252.807877 0.176000 147.000000
3333.125000 252.807877 0.176000 147.089996
3333.125000 253.011307 0.176000 147.205002
3333.125000 253.011307 0.176000 147.294998
3333.125000 253.011307 0.176000 147.399994
3333.125000 253.011307 0.176000 147.505005
3333.125000 253.011307 0.170000 147.595001
3333.250000 253.212357 0.170000 147.699997
3333.250000 253.212357 0.170000 147.804993
3333.250000 253.212357 0.170000 147.895004
3333.250000 253.212357 0.170000 148.000000
3333.250000 253.212357 0.170000 148.095001
3333.250000 253.212357 0.170000 148.199997
3333.375000 253.212357 0.170000 148.300003
3333.375000 253.212357 0.170000 148.395004
3333.375000 253.212357 0.170000 148.505005
3333.375000 253.212357 0.163000 148.600006
3333.375000 253.212357 0.163000 148.705002
3333.375000 253.413925 0.163000 148.804993
3333.500000 253.413925 0.163000 148.899994
3333.500000 253.631943 0.163000 149.005005
3333.625000 253.631943 0.163000 149.095001
3333.625000 253.832230 0.163000 149.210007
3333.750000 254.032425 0.163000 149.304993
3333.750000 254.235123 0.163000 149.404999
3333.750000 254.235123 0.163000 149.505005
3333.875000 254.462280 0.156000 149.600006
3333.875000 254.675064 0.156000 149.705002
3333.875000 254.880219 0.156000 149.804993
3333.875000 254.880219 0.156000 149.910004
3334.000000 255.080841 0.156000 150.009995
3334.000000 255.310989 0.156000 150.115005
3334.000000 255.514374 0.156000 150.205002
3334.125000 255.715668 0.156000 150.304993
3334.125000 255.920929 0.156000 150.404999
3334.250000 256.128448 0.156000 150.505005
3334.250000 256.337128 0.157000 150.604996
3334.250000 256.546051 0.157000 150.705002
3334.375000 256.754944 0.157000 150.809998
3334.375000 256.754944 0.157000 150.904999
3334.500000 256.993469 0.157000 151.000000
3334.500000 257.202118 0.157000 151.110001
3334.500000 257.411255 0.157000 151.199997
3334.625000 257.620728 0.157000 151.304993
3334.625000 257.880341 0.157000 151.404999
3334.750000 258.100067 0.157000 151.500000
3334.750000 258.319946 0.155000 151.610001
3334.750000 258.529846 0.155000 151.699997
3334.875000 258.739746 0.155000 151.804993
3334.875000 258.939789 0.155000 151.904999
3334.875000 258.939789 0.155000 152.000000
3335.000000 259.159729 0.155000 152.110001
3335.125000 259.399689 0.155000 152.205002
3335.250000 259.609650 0.155000 152.304993
3335.250000 259.819611 0.155000 152.399994
3335.375000 260.029480 0.155000 152.505005
3335.375000 260.253845 0.148000 152.610001
3335.375000 260.459412 0.148000 152.710007
3335.500000 260.664062 0.148000 152.804993
3335.500000 260.664062 0.148000 152.910004
3335.500000 260.864532 0.148000 153.000000
3335.500000 261.067841 0.148000 153.104996
3335.625000 261.270569 0.148000 153.210007
3335.625000 261.270569 0.148000 153.309998
3335.625000 261.473450 0.148000 153.404999
3335.625000 261.676727 0.148000 153.509995
3335.625000 261.879456 0.157000 153.610001
3335.625000 261.879456 0.157000 153.710007
3335.625000 262.087860 0.157000 153.804993
3335.625000 262.087860 0.157000 153.899994
3335.625000 262.289062 0.157000 154.000000
3335.750000 262.289062 0.157000 154.100006
3335.750000 262.289062 0.157000 154.199997
3335.750000 262.289062 0.157000 154.300003
3335.750000 262.289062 0.157000 154.404999
3335.750000 262.289062 0.157000 154.494995
3335.750000 262.491150 0.181000 154.600006
3335.750000 262.491150 0.181000 154.695007
3335.750000 262.491150 0.181000 154.804993
3335.750000 262.491150 0.181000 154.899994
3335.750000 262.491150 0.181000 155.000000
3335.750000 262.491150 0.181000 155.104996
3335.750000 262.491150 0.181000 155.190002
3335.750000 262.491150 0.181000 155.300003
3335.750000 262.491150 0.181000 155.395004
3335.750000 262.491150 0.181000 155.505005
3335.750000 262.491150 0.158000 155.604996
3335.750000 262.491150 0.158000 155.699997
3335.750000 262.491150 0.158000 155.809998
3335.750000 262.710541 0.158000 155.899994
3335.750000 262.710541 0.158000 156.000000
3335.750000 262.914886 0.158000 156.095001
3335.750000 263.117004 0.158000 156.205002
3335.750000 263.317657 0.158000 156.300003
3335.750000 263.317657 0.158000 156.399994
3335.750000 263.536316 0.158000 156.505005
3335.750000 263.739532 0.189000 156.600006
3335.750000 263.945801 0.189000 156.699997
3335.750000 264.154449 0.189000 156.800003
3335.750000 264.358917 0.189000 156.899994
3335.750000 264.564758 0.189000 157.005005
3335.750000 264.564758 0.189000 157.095001
3336.375000 264.770630 0.189000 157.205002
3336.375000 264.996704 0.189000 157.300003
3336.375000 265.204041 0.189000 157.399994
3336.750000 265.408722 0.189000 157.500000
3336.750000 265.640808 0.169000 157.600006
3336.750000 265.847961 0.169000 157.695007
3336.875000 266.053131 0.169000 157.800003
3336.875000 266.255188 0.169000 157.904999
3337.000000 266.460632 0.169000 158.005005
3337.000000 266.666962 0.169000 158.100006
3337.000000 266.873444 0.169000 158.205002
3337.125000 266.873444 0.169000 158.304993
3337.125000 267.110352 0.169000 158.399994
3337.250000 267.318909 0.169000 158.505005
3337.250000 267.528168 0.178000 158.600006
3337.250000 267.767792 0.178000 158.699997
3337.250000 267.997498 0.178000 158.794998
3337.250000 268.206116 0.178000 158.910004
3337.250000 268.413971 0.178000 159.000000
3337.250000 268.622406 0.178000 159.104996
3337.250000 268.831421 0.178000 159.199997
3337.375000 269.040771 0.178000 159.304993
3337.375000 269.249603 0.178000 159.399994
3337.375000 269.249603 0.178000 159.500000
3337.375000 269.473389 0.170000 159.595001
3337.375000 269.676147 0.170000 159.699997
3337.375000 269.901917 0.170000 159.794998
3337.375000 269.901917 0.170000 159.904999
3337.500000 270.103882 0.170000 160.000000
3337.500000 270.103882 0.170000 160.100006
3337.625000 270.103882 0.170000 160.199997
3337.625000 270.103882 0.170000 160.294998
3337.625000 270.304413 0.170000 160.395004
3337.625000 270.304413 0.170000 160.500000
3337.625000 270.304413 0.168000 160.604996
3337.625000 270.304413 0.168000 160.705002
3337.625000 270.304413 0.168000 160.804993
3337.625000 270.304413 0.168000 160.899994
3337.625000 270.304413 0.168000 161.000000
3337.750000 270.304413 0.168000 161.095001
3337.750000 270.304413 0.168000 161.199997
3337.750000 270.506897 0.168000 161.304993
3337.750000 270.506897 0.168000 161.395004
3337.750000 270.711365 0.168000 161.505005
3338.000000 270.914734 0.160000 161.595001
3338.000000 270.914734 0.160000 161.699997
3338.000000 271.117950 0.160000 161.789993
3338.000000 271.319580 0.160000 161.904999
3338.000000 271.522980 0.160000 162.000000
3338.125000 271.522980 0.160000 162.104996
3338.125000 271.743256 0.160000 162.195007
3338.125000 271.988159 0.160000 162.294998
3338.250000 272.198395 0.160000 162.399994
3338.250000 272.403473 0.160000 162.505005
3338.375000 272.612061 0.164000 162.604996
3338.375000 272.820465 0.164000 162.699997
3338.500000 273.029388 0.164000 162.794998
3338.500000 273.238647 0.164000 162.899994
3338.625000 273.447906 0.164000 163.005005
3338.750000 273.447906 0.164000 163.095001
3338.750000 273.652222 0.164000 163.199997
3338.750000 273.855072 0.164000 163.304993
3338.875000 274.059357 0.164000 163.395004
3338.875000 274.059357 0.164000 163.505005
3338.875000 274.059357 0.177000 163.600006
3338.875000 274.268860 0.177000 163.695007
3338.875000 274.268860 0.177000 163.804993
3338.875000 274.268860 0.177000 163.904999
3339.125000 274.268860 0.177000 164.005005
3339.125000 274.268860 0.177000 164.104996
3339.125000 274.268860 0.177000 164.195007
3339.125000 274.268860 0.177000 164.304993
3339.125000 274.268860 0.177000 164.399994
3339.125000 274.268860 0.177000 164.505005
3339.125000 274.268860 0.165000 164.600006
3339.125000 274.268860 0.165000 164.699997
3339.125000 274.268860 0.165000 164.800003
3339.125000 274.268860 0.165000 164.899994
3339.125000 274.468872 0.165000 165.005005
3339.250000 274.468872 0.165000 165.100006
3339.250000 274.468872 0.165000 165.199997
3339.375000 274.468872 0.165000 165.300003
3339.375000 274.468872 0.165000 165.410004
3339.375000 274.468872 0.165000 165.505005
3339.375000 274.468872 0.181000 165.600006
3339.375000 274.468872 0.181000 165.690002
3339.375000 274.468872 0.181000 165.804993
3339.375000 274.468872 0.181000 165.899994
3339.375000 274.468872 0.181000 165.990005
3339.500000 274.468872 0.181000 166.100006
3339.500000 274.468872 0.181000 166.205002
3339.500000 274.468872 0.181000 166.300003
3339.500000 274.468872 0.181000 166.404999
3339.625000 274.468872 0.181000 166.505005
3339.625000 274.468872 0.150000 166.604996
3339.875000 274.682404 0.150000 166.705002
3340.250000 274.682404 0.150000 166.804993
3340.250000 274.883331 0.150000 166.904999
3340.375000 275.088501 0.150000 167.005005
3340.500000 275.088501 0.150000 167.104996
3340.500000 275.294342 0.150000 167.195007
3340.625000 275.495667 0.150000 167.300003
3340.875000 275.698883 0.150000 167.404999
3341.750000 275.698883 0.150000 167.500000
3342.125000 275.903168 0.145000 167.600006
3342.125000 276.107269 0.145000 167.695007
3342.125000 276.107269 0.145000 167.800003
3342.125000 276.309906 0.145000 167.904999
3342.250000 276.511627 0.145000 168.000000
3342.375000 276.712433 0.145000 168.100006
3342.375000 276.712433 0.145000 168.205002
3342.375000 276.934204 0.145000 168.294998
3342.625000 277.139954 0.145000 168.399994
3342.625000 277.139954 0.145000 168.494995
3342.625000 277.351959 0.163000 168.600006
3342.625000 277.593567 0.163000 168.695007
3342.625000 277.593567 0.163000 168.804993
3342.750000 277.815857 0.163000 168.899994
3342.875000 278.024841 0.163000 169.009995
3342.875000 278.227203 0.163000 169.100006
3342.875000 278.227203 0.163000 169.199997
3342.875000 278.430145 0.163000 169.294998
3342.875000 278.633484 0.163000 169.404999
3342.875000 278.837036 0.163000 169.505005
3342.875000 278.837036 0.192000 169.600006
3342.875000 279.040222 0.192000 169.695007
3342.875000 279.266846 0.192000 169.794998
3343.000000 279.472626 0.192000 169.899994
3343.000000 279.675629 0.192000 170.000000
3343.000000 279.882019 0.192000 170.104996
3343.125000 280.090149 0.192000 170.205002
3343.125000 280.299194 0.192000 170.300003
3343.250000 280.299194 0.192000 170.389999
3343.250000 280.508667 0.192000 170.500000
3343.250000 280.718323 0.155000 170.604996
3343.250000 280.948059 0.155000 170.705002
3343.250000 281.157593 0.155000 170.800003
3343.250000 281.367004 0.155000 170.904999
3343.250000 281.576508 0.155000 170.990005
3343.375000 281.786194 0.155000 171.100006
3343.375000 282.025970 0.155000 171.199997
3343.500000 282.245728 0.155000 171.304993
3343.750000 282.455658 0.155000 171.399994
3343.750000 282.665558 0.155000 171.500000
3343.750000 282.875488 0.152000 171.595001
3344.000000 283.085388 0.152000 171.705002
3344.125000 283.085388 0.152000 171.789993
3344.250000 283.505280 0.152000 171.899994
3344.375000 283.505280 0.152000 172.000000
3344.375000 283.715027 0.152000 172.104996
3344.625000 283.953918 0.152000 172.199997
3344.625000 284.162231 0.152000 172.294998
3344.625000 284.410278 0.152000 172.404999
3344.750000 284.619110 0.152000 172.494995
3344.875000 284.862823 0.182000 172.604996
3345.125000 285.067657 0.182000 172.705002
3345.125000 285.067657 0.182000 172.800003
3345.125000 285.273834 0.182000 172.904999
3345.250000 285.479004 0.182000 173.005005
3345.375000 285.679779 0.182000 173.100006
3345.375000 285.679779 0.182000 173.199997
3345.375000 285.886169 0.182000 173.304993
3345.500000 286.106995 0.182000 173.399994
3345.500000 286.312469 0.182000 173.500000
3346.000000 286.312469 0.205000 173.604996
3348.375000 286.513275 0.205000 173.699997
3349.500000 286.752625 0.205000 173.800003
3350.125000 286.955963 0.205000 173.899994
3351.750000 287.156769 0.205000 174.005005
3352.375000 287.361420 0.205000 174.104996
3352.750000 287.568573 0.205000 174.199997
3353.250000 287.777100 0.205000 174.300003
3353.625000 287.777100 0.205000 174.399994
3354.375000 288.016235 0.205000 174.494995
3354.875000 288.225922 0.205000 174.595001
3355.500000 288.435883 0.305000 174.699997
3356.375000 288.636078 0.305000 174.789993
3357.000000 288.836426 0.305000 174.899994
3357.625000 289.036804 0.305000 175.000000
3358.125000 289.237152 0.305000 175.095001
3358.500000 289.447083 0.305000 175.199997
3359.625000 289.655518 0.305000 175.300003
3360.250000 289.877869 0.305000 175.399994
3360.875000 290.078003 0.305000 175.494995
3361.250000 290.078003 0.305000 175.604996
3362.375000 290.295929 0.349000 175.705002
3363.250000 290.515381 0.349000 175.800003
3364.250000 290.718445 0.349000 175.899994
3364.875000 290.718445 0.349000 175.994995
3365.500000 290.944458 0.349000 176.095001
3366.375000 291.148529 0.349000 176.205002
3367.875000 291.148529 0.349000 176.304993
3368.875000 291.353424 0.349000 176.404999
3369.500000 291.574219 0.349000 176.505005
3370.125000 291.774933 0.349000 176.600006
3370.750000 291.774933 0.325000 176.699997
3371.500000 292.008636 0.325000 176.800003
3372.750000 292.209015 0.325000 176.899994
3373.750000 292.437836 0.325000 177.005005
3374.625000 292.662994 0.325000 177.104996
3376.375000 292.871216 0.325000 177.190002
3378.500000 293.080414 0.325000 177.300003
3380.500000 293.288849 0.325000 177.404999
3382.500000 293.491150 0.325000 177.505005
3384.500000 293.491150 0.325000 177.600006
3386.000000 293.698608 0.325000 177.699997
3388.250000 293.902496 0.392000 177.804993
3389.875000 294.107544 0.392000 177.904999
3391.250000 294.309784 0.392000 178.000000
3392.125000 294.309784 0.392000 178.100006
3394.500000 294.511139 0.392000 178.199997
3396.500000 294.711548 0.392000 178.304993
3399.250000 294.711548 0.392000 178.404999
3400.625000 294.940186 0.392000 178.490005
3402.625000 295.174438 0.392000 178.604996
3405.625000 295.174438 0.392000 178.695007
3409.500000 295.378204 0.440000 178.794998
3412.000000 295.581573 0.440000 178.904999
3415.000000 295.581573 0.440000 178.994995
3416.625000 295.799377 0.440000 179.100006
3418.500000 296.032318 0.440000 179.199997
3419.125000 296.032318 0.440000 179.304993
3420.000000 296.245728 0.440000 179.395004
3420.500000 296.454071 0.440000 179.505005
3420.750000 296.656342 0.440000 179.600006
3421.125000 296.656342 0.385000 179.705002
3421.375000 296.859497 0.385000 179.804993
3421.750000 297.071625 0.385000 179.904999
3422.125000 297.071625 0.385000 180.000000
3422.625000 297.299988 0.385000 180.104996
3422.875000 297.513672 0.385000 180.199997
3423.125000 297.714142 0.385000 180.300003
3423.500000 297.917969 0.385000 180.399994
3423.750000 297.917969 0.385000 180.505005
3424.125000 298.125275 0.385000 180.600006
3424.500000 298.329071 0.309000 180.705002
3424.750000 298.535736 0.309000 180.800003
3425.125000 298.743408 0.309000 180.899994
3425.375000 298.951050 0.309000 181.005005
3425.625000 299.158783 0.309000 181.100006
3426.500000 299.367432 0.309000 181.205002
3426.750000 299.576782 0.309000 181.304993
3427.125000 299.816467 0.309000 181.399994
3427.125000 300.026215 0.309000 181.500000
3427.500000 300.236084 0.309000 181.604996
3427.625000 300.446075 0.267000 181.699997
3427.750000 300.646149 0.267000 181.800003
3428.250000 300.846252 0.267000 181.904999
3428.750000 301.046326 0.267000 182.005005
3429.125000 301.246399 0.267000 182.100006
3429.500000 301.446503 0.267000 182.195007
3429.750000 301.656464 0.267000 182.304993
3429.875000 301.866150 0.267000 182.395004
3430.125000 302.075958 0.267000 182.494995
3430.625000 302.285858 0.247000 182.600006
3431.250000 302.495728 0.247000 182.705002
3432.125000 302.495728 0.247000 182.800003
3432.250000 302.724884 0.247000 182.899994
3432.500000 302.933258 0.247000 183.000000
3432.750000 303.141235 0.247000 183.100006
3432.875000 303.349762 0.247000 183.199997
3433.250000 303.598694 0.247000 183.300003
3433.625000 303.808167 0.247000 183.404999
3433.750000 304.017761 0.247000 183.500000
3434.000000 304.227478 0.263000 183.589996
3434.375000 304.437317 0.263000 183.695007
3435.000000 304.647217 0.263000 183.794998
3435.625000 304.857086 0.263000 183.899994
3436.250000 305.066956 0.263000 183.994995
3436.875000 305.276825 0.263000 184.104996
3437.625000 305.486725 0.263000 184.205002
3438.500000 305.486725 0.263000 184.304993
3438.625000 305.716614 0.263000 184.395004
3439.000000 305.926483 0.263000 184.500000
3439.250000 306.136383 0.218000 184.595001
3440.375000 306.346313 0.218000 184.705002
3441.000000 306.556274 0.218000 184.800003
3441.375000 306.796204 0.218000 184.899994
3441.875000 307.006134 0.218000 185.000000
3442.375000 307.216064 0.218000 185.095001
3443.125000 307.425964 0.218000 185.195007
3443.500000 307.635895 0.218000 185.294998
3444.375000 307.845795 0.218000 185.404999
3445.250000 308.055695 0.218000 185.505005
3446.250000 308.265594 0.272000 185.600006
3448.125000 308.475494 0.272000 185.699997
3449.625000 308.475494 0.272000 185.800003
3452.250000 308.685455 0.272000 185.895004
3454.875000 308.895386 0.272000 186.005005
3457.625000 309.105316 0.272000 186.104996
3461.250000 309.325287 0.272000 186.199997
3465.625000 309.535248 0.272000 186.300003
3468.250000 309.735260 0.272000 186.399994
3471.500000 309.945251 0.272000 186.505005
3474.250000 310.155212 0.237000 186.604996
3479.125000 310.405151 0.237000 186.699997
3482.625000 310.615112 0.237000 186.804993
3487.000000 310.835083 0.237000 186.904999
3492.375000 311.045074 0.237000 187.000000
3498.625000 311.255066 0.237000 187.104996
3503.375000 311.465027 0.237000 187.205002
3507.625000 311.674927 0.237000 187.300003
3512.250000 311.674927 0.237000 187.395004
3516.125000 311.894836 0.237000 187.505005
3519.125000 312.114807 0.237000 187.595001
3523.125000 312.324799 0.287000 187.699997
3525.500000 312.534790 0.287000 187.800003
3528.250000 312.744781 0.287000 187.904999
3529.875000 312.944794 0.287000 187.994995
3531.500000 313.184784 0.287000 188.100006
3533.000000 313.404755 0.287000 188.195007
3534.125000 313.604828 0.287000 188.304993
3535.625000 313.814819 0.287000 188.404999
3535.875000 314.024750 0.287000 188.500000
3537.000000 314.234711 0.287000 188.600006
3538.250000 314.444702 0.287000 188.690002
3539.250000 314.654663 0.407000 188.804993
3540.500000 314.864197 0.407000 188.899994
3541.375000 315.073029 0.407000 189.000000
3542.375000 315.073029 0.407000 189.100006
3543.875000 315.281982 0.407000 189.195007
3544.625000 315.501282 0.407000 189.304993
3544.750000 315.710907 0.407000 189.399994
3545.375000 315.920654 0.407000 189.505005
3545.625000 316.130493 0.407000 189.595001
3545.625000 316.340363 0.366000 189.699997
3545.875000 316.550262 0.366000 189.800003
3546.250000 316.760132 0.366000 189.899994
3546.375000 316.979980 0.366000 190.000000
3547.250000 317.189850 0.366000 190.100006
3547.625000 317.409729 0.366000 190.199997
3547.875000 317.639557 0.366000 190.304993
3548.125000 317.849457 0.366000 190.399994
3548.375000 318.059357 0.366000 190.505005
3549.375000 318.269257 0.366000 190.600006
3550.250000 318.479095 0.308000 190.705002
3550.750000 318.479095 0.308000 190.800003
3550.875000 318.708923 0.308000 190.899994
3551.250000 318.918793 0.308000 190.994995
3552.000000 319.128693 0.308000 191.104996
3552.250000 319.338562 0.308000 191.205002
3552.875000 319.548462 0.308000 191.300003
3553.250000 319.778198 0.308000 191.399994
3553.875000 319.987427 0.308000 191.505005
3554.125000 320.216461 0.308000 191.595001
3554.125000 320.435547 0.300000 191.705002
3554.125000 320.645020 0.300000 191.800003
3555.250000 320.854584 0.300000 191.899994
3555.250000 321.063721 0.300000 192.000000
3555.375000 321.063721 0.300000 192.095001
3555.875000 321.272125 0.300000 192.195007
3556.000000 321.489502 0.300000 192.300003
3556.625000 321.697144 0.300000 192.399994
3556.625000 321.925385 0.300000 192.500000
3556.875000 322.127869 0.300000 192.604996
3557.125000 322.127869 0.287000 192.705002
3557.250000 322.331451 0.287000 192.794998
3557.750000 322.534210 0.287000 192.904999
3558.000000 322.737915 0.287000 193.005005
3558.250000 322.737915 0.287000 193.100006
3558.375000 322.939331 0.287000 193.199997
3558.625000 322.939331 0.287000 193.304993
3559.125000 322.939331 0.287000 193.399994
3559.250000 323.139435 0.287000 193.509995
3559.250000 323.139435 0.287000 193.600006
3559.375000 323.139435 0.280000 193.699997
3560.000000 323.139435 0.280000 193.800003
3560.125000 323.139435 0.280000 193.899994
3560.125000 323.139435 0.280000 193.994995
3560.125000 323.139435 0.280000 194.104996
3560.125000 323.139435 0.280000 194.199997
3560.250000 323.139435 0.280000 194.304993
3560.250000 323.139435 0.280000 194.395004
3560.625000 323.139435 0.280000 194.500000
3560.750000 323.139435 0.258000 194.595001
3560.750000 323.139435 0.258000 194.695007
3560.750000 323.139435 0.258000 194.800003
3560.750000 323.139435 0.258000 194.899994
3561.125000 323.139435 0.258000 194.994995
3561.125000 323.139435 0.258000 195.104996
3561.250000 323.139435 0.258000 195.205002
3561.375000 323.139435 0.258000 195.304993
3561.625000 323.139435 0.258000 195.399994
3561.875000 323.139435 0.258000 195.505005
3561.875000 323.139435 0.244000 195.600006
3561.875000 323.139435 0.244000 195.705002
3562.125000 323.139435 0.244000 195.800003
3562.375000 323.139435 0.244000 195.899994
3562.375000 323.139435 0.244000 196.000000
3562.375000 323.139435 0.244000 196.100006
3562.500000 323.139435 0.244000 196.205002
3562.500000 323.139435 0.244000 196.300003
3562.625000 323.139435 0.244000 196.404999
3562.625000 323.139435 0.244000 196.494995
3562.625000 323.345428 0.242000 196.595001
3562.875000 323.573334 0.242000 196.699997
3563.000000 323.805634 0.242000 196.794998
3563.125000 324.007690 0.242000 196.904999
3563.250000 324.213440 0.242000 197.000000
3563.375000 324.421600 0.242000 197.100006
3563.750000 324.630524 0.242000 197.199997
3564.125000 324.839722 0.242000 197.300003
3564.125000 324.839722 0.242000 197.399994
3564.250000 325.079437 0.242000 197.505005
3564.250000 325.288879 0.242000 197.595001
3564.375000 325.515045 0.271000 197.705002
3564.500000 325.717926 0.271000 197.794998
3564.500000 325.924469 0.271000 197.910004
3564.500000 326.129944 0.271000 198.005005
3564.625000 326.129944 0.271000 198.104996
3564.625000 326.345642 0.271000 198.195007
3565.000000 326.545837 0.271000 198.300003
3565.000000 326.750275 0.271000 198.399994
3565.125000 326.750275 0.271000 198.500000
3565.125000 326.954071 0.271000 198.604996
3565.250000 327.158386 0.292000 198.690002
3565.625000 327.158386 0.292000 198.804993
3565.625000 327.370514 0.292000 198.895004
3565.750000 327.575684 0.292000 199.000000
3565.750000 327.575684 0.292000 199.100006
3565.875000 327.795563 0.292000 199.199997
3566.000000 328.015167 0.292000 199.300003
3566.250000 328.015167 0.292000 199.399994
3566.375000 328.220032 0.292000 199.500000
3566.375000 328.441467 0.254000 199.604996
3566.375000 328.642487 0.254000 199.699997
3566.500000 328.642487 0.254000 199.800003
3566.625000 328.845581 0.254000 199.895004
3566.750000 329.049133 0.254000 200.005005
3566.875000 329.251160 0.254000 200.100006
3567.000000 329.251160 0.254000 200.199997
3567.000000 329.458221 0.254000 200.300003
3567.125000 329.663086 0.254000 200.399994
3567.375000 329.663086 0.254000 200.500000
3567.375000 329.866455 0.234000 200.595001
3567.500000 330.069275 0.234000 200.690002
3567.625000 330.273560 0.234000 200.804993
3567.750000 330.273560 0.234000 200.895004
3568.000000 330.480682 0.234000 201.005005
3568.125000 330.689606 0.234000 201.095001
3568.250000 330.689606 0.234000 201.205002
3568.250000 330.907288 0.234000 201.304993
3568.625000 331.126556 0.234000 201.404999
3568.750000 331.126556 0.234000 201.494995
3569.000000 331.338989 0.241000 201.589996
3569.250000 331.544464 0.241000 201.699997
3569.500000 331.747589 0.241000 201.794998
3569.500000 331.953674 0.241000 201.904999
3569.875000 332.161865 0.241000 202.005005
3570.250000 332.365692 0.241000 202.095001
3570.500000 332.572266 0.241000 202.199997
3570.875000 332.780396 0.241000 202.304993
3570.875000 332.780396 0.241000 202.399994
3571.000000 333.009094 0.241000 202.500000
3571.500000 333.218414 0.241000 202.595001
3571.625000 333.427979 0.255000 202.699997
3572.375000 333.677521 0.255000 202.800003
3572.500000 333.887054 0.255000 202.899994
3573.375000 334.096649 0.255000 203.000000
3574.000000 334.336090 0.255000 203.104996
3574.625000 334.544769 0.255000 203.195007
3575.750000 334.752594 0.255000 203.300003
3577.750000 334.959839 0.255000 203.399994
3579.250000 335.166748 0.255000 203.505005
3580.375000 335.166748 0.255000 203.595001
3581.250000 335.383392 0.275000 203.705002
3582.000000 335.600067 0.275000 203.794998
3584.125000 335.807007 0.275000 203.904999
3585.500000 336.014130 0.275000 204.000000
3586.000000 336.251068 0.275000 204.104996
3586.375000 336.469299 0.275000 204.199997
3586.875000 336.698608 0.275000 204.304993
3588.250000 336.905334 0.275000 204.404999
3588.875000 337.112701 0.275000 204.494995
3589.875000 337.112701 0.275000 204.595001
3590.750000 337.322723 0.349000 204.699997
3591.000000 337.551666 0.349000 204.800003
3592.625000 337.755859 0.349000 204.904999
3594.375000 337.755859 0.349000 205.005005
3595.500000 337.959106 0.349000 205.104996
3596.750000 338.168579 0.349000 205.199997
3597.625000 338.168579 0.349000 205.300003
3598.500000 338.391724 0.349000 205.404999
3599.250000 338.614929 0.349000 205.500000
3600.125000 338.614929 0.349000 205.600006
3600.875000 338.838470 0.277000 205.695007
3601.625000 339.048431 0.277000 205.800003
3602.125000 339.252075 0.277000 205.899994
3603.375000 339.252075 0.277000 206.000000
3604.375000 339.456146 0.277000 206.100006
3604.875000 339.660889 0.277000 206.199997
3607.000000 339.861969 0.277000 206.294998
3608.500000 339.861969 0.277000 206.399994
3610.500000 340.066772 0.277000 206.500000
3611.500000 340.269684 0.277000 206.604996
3613.875000 340.471191 0.293000 206.710007
3616.500000 340.673615 0.293000 206.809998
3617.625000 340.913483 0.293000 206.904999
3618.750000 341.116882 0.293000 207.005005
3619.375000 341.116882 0.293000 207.104996
3620.125000 341.318787 0.293000 207.205002
3622.000000 341.532013 0.293000 207.294998
3623.125000 341.532013 0.293000 207.399994
3623.750000 341.737091 0.293000 207.509995
3624.250000 341.942291 0.293000 207.604996
3624.750000 342.147736 0.316000 207.699997
3625.625000 342.353394 0.316000 207.804993
3626.125000 342.353394 0.316000 207.910004
3627.250000 342.554260 0.316000 208.000000
3628.125000 342.776947 0.316000 208.104996
3628.750000 342.985016 0.316000 208.205002
3629.625000 343.189301 0.316000 208.304993
3630.875000 343.396484 0.316000 208.399994
3632.875000 343.605194 0.316000 208.505005
3633.750000 343.814636 0.252000 208.595001
3634.500000 344.021179 0.252000 208.705002
3635.250000 344.021179 0.252000 208.800003
3636.125000 344.237793 0.252000 208.904999
3636.750000 344.452759 0.252000 209.005005
3638.500000 344.452759 0.252000 209.100006
3639.250000 344.452759 0.252000 209.199997
3640.125000 344.668121 0.252000 209.294998
3640.625000 344.668121 0.252000 209.395004
3641.125000 344.668121 0.252000 209.505005
3641.250000 344.668121 0.245000 209.600006
3641.625000 344.668121 0.245000 209.699997
3642.250000 344.668121 0.245000 209.804993
3642.625000 344.668121 0.245000 209.899994
3642.750000 344.668121 0.245000 210.000000
3643.000000 344.668121 0.245000 210.100006
3643.125000 344.668121 0.245000 210.190002
3643.375000 344.869263 0.245000 210.294998
3643.625000 344.869263 0.245000 210.404999
3644.000000 344.869263 0.245000 210.500000
3644.250000 344.869263 0.221000 210.589996
3644.500000 344.869263 0.221000 210.684998
3645.000000 344.869263 0.221000 210.800003
3645.000000 344.869263 0.221000 210.904999
3646.000000 345.071960 0.221000 211.000000
3646.250000 345.273987 0.221000 211.104996
3647.125000 345.273987 0.221000 211.199997
3647.875000 345.478149 0.221000 211.304993
3648.125000 345.680878 0.221000 211.395004
3648.375000 345.680878 0.221000 211.500000
3648.375000 345.900757 0.224000 211.600006
3648.750000 346.112000 0.224000 211.699997
3649.125000 346.112000 0.224000 211.800003
3649.375000 346.326080 0.224000 211.899994
3649.750000 346.559814 0.224000 212.000000
3650.250000 346.559814 0.224000 212.100006
3650.250000 346.764496 0.224000 212.190002
3650.750000 346.991180 0.224000 212.304993
3651.125000 347.195038 0.224000 212.399994
3651.625000 347.195038 0.224000 212.500000
3652.125000 347.399536 0.260000 212.600006
3653.000000 347.604706 0.260000 212.699997
3654.250000 347.809601 0.260000 212.804993
3655.625000 347.809601 0.260000 212.899994
3656.875000 348.016357 0.260000 212.994995
3658.500000 348.218414 0.260000 213.104996
3659.000000 348.457733 0.260000 213.199997
3660.750000 348.659760 0.260000 213.304993
3661.125000 348.865906 0.260000 213.395004
3662.750000 349.073975 0.260000 213.500000
3663.375000 349.283173 0.242000 213.600006
3663.500000 349.283173 0.242000 213.699997
3664.125000 349.492859 0.242000 213.800003
3664.875000 349.731842 0.242000 213.899994
3664.875000 349.940094 0.242000 214.000000
3665.000000 350.147736 0.242000 214.100006
3665.125000 350.354919 0.242000 214.205002
3665.125000 350.561829 0.242000 214.304993
3666.000000 350.809174 0.242000 214.399994
3666.875000 351.017944 0.242000 214.505005
3667.875000 351.227203 0.249000 214.595001
3669.125000 351.436554 0.249000 214.699997
3669.500000 351.645569 0.249000 214.794998
3670.000000 351.854828 0.249000 214.899994
3670.250000 352.064362 0.249000 215.000000
3670.875000 352.064362 0.249000 215.100006
3671.750000 352.273621 0.249000 215.199997
3671.750000 352.512665 0.249000 215.300003
3672.750000 352.722107 0.249000 215.399994
3672.750000 352.931763 0.249000 215.494995
3673.125000 353.141479 0.220000 215.595001
3673.500000 353.381226 0.220000 215.699997
3673.750000 353.590942 0.220000 215.800003
3675.875000 353.800354 0.220000 215.899994
3676.125000 354.009369 0.220000 216.005005
3677.375000 354.217560 0.220000 216.104996
3677.500000 354.425171 0.220000 216.199997
3677.750000 354.632812 0.220000 216.304993
3679.250000 354.841370 0.220000 216.399994
3680.250000 355.050720 0.220000 216.500000
3681.375000 355.050720 0.189000 216.600006
3683.250000 355.260559 0.189000 216.699997
3683.625000 355.480286 0.189000 216.800003
3685.000000 355.699402 0.189000 216.899994
3685.125000 355.908142 0.189000 217.005005
3685.125000 356.116882 0.189000 217.104996
3686.250000 356.326385 0.189000 217.195007
3686.625000 356.556549 0.189000 217.304993
3686.750000 356.786957 0.189000 217.399994
3688.250000 356.987244 0.189000 217.500000
3688.500000 357.187744 0.173000 217.600006
3690.500000 357.395111 0.173000 217.699997
3691.125000 357.597137 0.173000 217.794998
3691.125000 357.597137 0.173000 217.904999
3691.875000 357.797150 0.173000 218.000000
3691.875000 357.797150 0.173000 218.095001
3691.875000 357.997925 0.173000 218.199997
3692.125000 357.997925 0.173000 218.304993
3692.750000 357.997925 0.173000 218.395004
3693.500000 357.997925 0.173000 218.505005
3694.000000 357.997925 0.196000 218.595001
3694.125000 357.997925 0.196000 218.699997
3694.375000 358.198364 0.196000 218.804993
3694.375000 358.198364 0.196000 218.899994
3694.625000 358.198364 0.196000 218.994995
3694.875000 358.198364 0.196000 219.100006
3695.000000 358.198364 0.196000 219.205002
3695.125000 358.198364 0.196000 219.300003
3695.500000 358.198364 0.196000 219.395004
3695.625000 358.198364 0.196000 219.494995
3695.750000 358.198364 0.181000 219.595001
3695.875000 358.198364 0.181000 219.695007
3695.875000 358.198364 0.181000 219.804993
3695.875000 358.198364 0.181000 219.895004
3696.250000 358.198364 0.181000 220.005005
3696.250000 358.401367 0.181000 220.100006
3696.375000 358.602386 0.181000 220.199997
3696.500000 358.809296 0.181000 220.300003
3696.500000 358.809296 0.181000 220.395004
3696.625000 359.013611 0.181000 220.494995
3696.875000 359.215729 0.178000 220.600006
3696.875000 359.431549 0.178000 220.699997
3697.000000 359.639526 0.178000 220.800003
3697.125000 359.848389 0.178000 220.899994
3697.250000 360.057678 0.178000 220.994995
3697.375000 360.267242 0.178000 221.104996
3697.375000 360.476990 0.178000 221.199997
3697.375000 360.726624 0.178000 221.300003
3697.500000 360.936279 0.178000 221.404999
3697.500000 361.155975 0.178000 221.500000
3698.125000 361.365784 0.192000 221.600006
3698.125000 361.571625 0.192000 221.705002
3698.250000 361.571625 0.192000 221.800003
3698.500000 361.777527 0.192000 221.899994
3698.625000 361.980042 0.192000 222.000000
3699.375000 362.184570 0.192000 222.104996
3699.625000 362.391418 0.192000 222.205002
3699.750000 362.391418 0.192000 222.304993
3700.625000 362.597717 0.192000 222.404999
3701.000000 362.802460 0.192000 222.500000
3701.250000 363.006195 0.203000 222.600006
3701.500000 363.006195 0.203000 222.699997
3701.625000 363.208496 0.203000 222.800003
3701.625000 363.418274 0.203000 222.899994
3701.875000 363.619324 0.203000 223.005005
3702.375000 363.619324 0.203000 223.100006
3702.500000 363.826904 0.203000 223.199997
3703.875000 364.033661 0.203000 223.300003
3704.625000 364.033661 0.203000 223.395004
3705.250000 364.255096 0.203000 223.505005
3705.875000 364.455292 0.244000 223.604996
3706.500000 364.657532 0.244000 223.699997
3706.750000 364.860443 0.244000 223.804993
3707.125000 364.860443 0.244000 223.895004
3707.750000 365.067261 0.244000 224.000000
3708.125000 365.272034 0.244000 224.104996
3710.125000 365.272034 0.244000 224.199997
3710.750000 365.472168 0.244000 224.304993
3711.750000 365.672394 0.244000 224.384995
3712.375000 365.872986 0.244000 224.494995
3712.625000 365.872986 0.227000 224.589996
3712.750000 366.073029 0.227000 224.699997
3713.375000 366.279297 0.227000 224.794998
3713.500000 366.486603 0.227000 224.899994
3713.875000 366.692444 0.227000 225.000000
3714.125000 366.692444 0.227000 225.100006
3714.500000 366.893799 0.227000 225.199997
3715.000000 367.125488 0.227000 225.294998
3715.250000 367.330109 0.227000 225.404999
3715.375000 367.533966 0.227000 225.500000
3715.500000 367.743256 0.235000 225.600006
3715.625000 367.944855 0.235000 225.705002
3715.875000 368.147369 0.235000 225.804993
3716.250000 368.350281 0.235000 225.904999
3716.500000 368.553314 0.235000 226.005005
3716.875000 368.756226 0.235000 226.104996
3716.875000 368.958679 0.235000 226.205002
3717.125000 369.160553 0.235000 226.300003
3717.250000 369.361664 0.235000 226.395004
3717.750000 369.562042 0.235000 226.505005
3717.875000 369.771729 0.209000 226.589996
3718.125000 369.978912 0.209000 226.695007
3718.625000 369.978912 0.209000 226.794998
3718.750000 370.186584 0.209000 226.899994
3719.250000 370.415222 0.209000 226.990005
3720.000000 370.624329 0.209000 227.100006
3720.125000 370.863495 0.209000 227.195007
3720.375000 371.102997 0.209000 227.300003
3720.625000 371.312469 0.209000 227.399994
3720.875000 371.522034 0.209000 227.500000
3721.000000 371.724670 0.210000 227.604996
3721.375000 371.927338 0.210000 227.710007
3721.625000 372.129883 0.210000 227.789993
3721.750000 372.331207 0.210000 227.899994
3721.875000 372.533081 0.210000 227.994995
3721.875000 372.734711 0.210000 228.100006
3722.000000 372.944275 0.210000 228.199997
3722.875000 373.151917 0.210000 228.304993
3722.875000 373.360138 0.210000 228.399994
3723.000000 373.569061 0.210000 228.505005
3723.375000 373.569061 0.208000 228.600006
3723.375000 373.791351 0.208000 228.699997
3723.750000 373.997192 0.208000 228.809998
3724.125000 374.204895 0.208000 228.904999
3724.375000 374.411407 0.208000 228.994995
3724.375000 374.627777 0.208000 229.104996
3724.625000 374.828583 0.208000 229.205002
3724.750000 374.828583 0.208000 229.304993
3724.875000 375.034332 0.208000 229.395004
3724.875000 375.234436 0.208000 229.505005
3725.125000 375.440643 0.218000 229.604996
3725.375000 375.440643 0.218000 229.699997
3725.375000 375.646271 0.218000 229.804993
3725.500000 375.851166 0.218000 229.899994
3725.500000 375.851166 0.218000 229.994995
3725.625000 376.055908 0.218000 230.104996
3725.625000 376.261230 0.218000 230.199997
3726.000000 376.467010 0.218000 230.294998
3726.125000 376.467010 0.218000 230.395004
3726.125000 376.680603 0.218000 230.500000
3726.625000 376.894287 0.205000 230.604996
3727.250000 377.100311 0.205000 230.705002
3727.500000 377.100311 0.205000 230.800003
3728.375000 377.315948 0.205000 230.904999
3728.375000 377.562836 0.205000 230.994995
3728.625000 377.766815 0.205000 231.100006
3729.000000 377.969177 0.205000 231.195007
3729.250000 378.175507 0.205000 231.300003
3729.375000 378.383484 0.205000 231.399994
3729.625000 378.587830 0.205000 231.505005
3730.125000 378.587830 0.197000 231.600006
3730.750000 378.808563 0.197000 231.699997
3731.375000 379.060791 0.197000 231.800003
3731.625000 379.266998 0.197000 231.899994
3731.875000 379.468933 0.197000 232.001999
3732.250000 379.673584 0.197000 232.100006
3734.000000 379.879486 0.197000 232.199997
3734.500000 380.085846 0.197000 232.294998
3734.875000 380.292145 0.197000 232.399994
3735.375000 380.292145 0.197000 232.500000
3735.875000 380.523102 0.197000 232.600006
3736.750000 380.723389 0.292000 232.699997
3737.000000 380.941650 0.292000 232.800003
3737.250000 381.145020 0.292000 232.899994
3737.500000 381.145020 0.292000 232.994995
3738.125000 381.348419 0.292000 233.100006
3738.375000 381.549194 0.292000 233.199997
3738.875000 381.750610 0.292000 233.300003
3739.250000 381.750610 0.292000 233.395004
3739.625000 381.952698 0.292000 233.505005
3739.625000 382.155151 0.278000 233.600006
3739.750000 382.357849 0.278000 233.699997
3740.000000 382.357849 0.278000 233.800003
3740.250000 382.560913 0.278000 233.904999
3741.500000 382.787628 0.278000 234.005005
3741.750000 382.787628 0.278000 234.100006
3742.125000 382.998962 0.278000 234.199997
3742.125000 383.244446 0.278000 234.304993
3742.375000 383.460754 0.278000 234.399994
3743.000000 383.664642 0.278000 234.505005
3743.000000 383.871704 0.278000 234.600006
3743.000000 384.076782 0.269000 234.699997
3743.500000 384.076782 0.269000 234.800003
3743.500000 384.299347 0.269000 234.899994
3743.625000 384.499878 0.269000 235.000000
3743.625000 384.499878 0.269000 235.100006
3743.875000 384.499878 0.269000 235.199997
3744.250000 384.700012 0.269000 235.300003
3744.250000 384.700012 0.269000 235.399994
3744.250000 384.700012 0.269000 235.500000
3744.250000 384.700012 0.145000 235.600006
3744.375000 384.700012 0.145000 235.699997
3744.500000 384.700012 0.145000 235.800003
3744.625000 384.700012 0.145000 235.895004
3744.750000 384.900146 0.145000 236.005005
3744.750000 384.900146 0.145000 236.100006
3744.750000 384.900146 0.145000 236.199997
3744.875000 384.900146 0.145000 236.304993
3745.125000 384.900146 0.145000 236.399994
3745.250000 384.900146 0.145000 236.494995
3745.250000 384.900146 0.140000 236.604996
3745.500000 384.900146 0.140000 236.695007
3745.500000 384.900146 0.140000 236.804993
3745.500000 384.900146 0.140000 236.904999
3745.500000 384.900146 0.140000 237.000000
3745.500000 384.900146 0.140000 237.095001
3745.875000 384.900146 0.140000 237.205002
3746.125000 385.100861 0.140000 237.304993
3746.250000 385.303375 0.140000 237.399994
3746.250000 385.303375 0.140000 237.500000
3746.250000 385.504242 0.129000 237.595001
3746.500000 385.731934 0.129000 237.699997
3746.500000 385.933624 0.129000 237.800003
3746.750000 385.933624 0.129000 237.895004
3747.000000 386.136749 0.129000 238.000000
3747.000000 386.338318 0.129000 238.104996
3747.250000 386.540741 0.129000 238.199997
3747.250000 386.540741 0.129000 238.300003
3747.250000 386.744812 0.129000 238.395004
3747.375000 386.949982 0.129000 238.505005
3747.750000 386.949982 0.128000 238.600006
3748.000000 387.151855 0.128000 238.695007
3748.125000 387.351929 0.128000 238.789993
3748.125000 387.351929 0.128000 238.904999
3748.125000 387.351929 0.128000 239.000000
3748.125000 387.564178 0.128000 239.100006
3748.375000 387.564178 0.128000 239.199997
3748.750000 387.564178 0.128000 239.304993
3748.875000 387.564178 0.128000 239.399994
3748.875000 387.564178 0.128000 239.505005
3748.875000 387.564178 0.118000 239.600006
3748.875000 387.564178 0.118000 239.695007
3748.875000 387.564178 0.118000 239.800003
3749.375000 387.564178 0.118000 239.899994
3749.625000 387.564178 0.118000 240.000000
3749.625000 387.764191 0.118000 240.100006
3749.625000 387.764191 0.118000 240.199997
3749.625000 387.764191 0.118000 240.300003
3749.625000 387.764191 0.118000 240.399994
3749.875000 387.764191 0.118000 240.494995
3750.500000 387.764191 0.116000 240.600006
3750.500000 387.764191 0.116000 240.699997
3750.500000 387.764191 0.116000 240.800003
3750.500000 387.764191 0.116000 240.910004
3750.500000 387.764191 0.116000 241.005005
3750.500000 387.764191 0.116000 241.100006
3751.125000 387.764191 0.116000 241.199997
3751.125000 387.764191 0.116000 241.294998
3751.125000 387.986053 0.116000 241.404999
3751.125000 388.187317 0.116000 241.505005
3751.250000 388.187317 0.117000 241.604996
3751.250000 388.404144 0.117000 241.699997
3751.500000 388.609985 0.117000 241.804993
3751.625000 388.812927 0.117000 241.904999
3751.750000 389.078491 0.117000 241.994995
3751.875000 389.286835 0.117000 242.100006
3752.000000 389.495911 0.117000 242.205002
3752.000000 389.705414 0.117000 242.300003
3752.250000 389.915161 0.117000 242.404999
3752.375000 390.125122 0.117000 242.505005
3752.500000 390.331421 0.119000 242.604996
3752.500000 390.331421 0.119000 242.710007
3752.625000 390.538605 0.119000 242.800003
3752.750000 390.743195 0.119000 242.899994
3753.250000 390.743195 0.119000 243.000000
3753.500000 390.743195 0.119000 243.100006
3753.625000 390.950165 0.119000 243.199997
3753.625000 390.950165 0.119000 243.304993
3753.625000 390.950165 0.119000 243.399994
3753.625000 390.950165 0.119000 243.505005
3753.625000 390.950165 0.187000 243.600006
3754.125000 390.950165 0.187000 243.705002
3754.375000 390.950165 0.187000 243.800003
3754.500000 391.154297 0.187000 243.899994
3754.625000 391.154297 0.187000 244.000000
3754.625000 391.378204 0.187000 244.100006
3754.625000 391.378204 0.187000 244.199997
3754.875000 391.583801 0.187000 244.304993
3755.250000 391.786041 0.187000 244.399994
3755.250000 391.988037 0.187000 244.500000
3755.250000 391.988037 0.194000 244.600006
3755.250000 392.190277 0.194000 244.699997
3755.250000 392.393280 0.194000 244.794998
3755.625000 392.393280 0.194000 244.899994
3755.875000 392.620300 0.194000 245.005005
3756.000000 392.848236 0.194000 245.100006
3756.250000 392.848236 0.194000 245.199997
3756.375000 393.053986 0.194000 245.294998
3756.500000 393.275269 0.194000 245.404999
3756.625000 393.482117 0.194000 245.505005
3757.125000 393.482117 0.183000 245.604996
3757.375000 393.696899 0.183000 245.699997
3757.750000 393.914459 0.183000 245.794998
3757.875000 394.114594 0.183000 245.904999
3758.000000 394.316193 0.183000 246.000000
3758.250000 394.521881 0.183000 246.100006
3760.125000 394.521881 0.183000 246.199997
3761.625000 394.723053 0.183000 246.300003
3762.625000 394.933319 0.183000 246.404999
3763.625000 395.140533 0.183000 246.500000
3766.000000 395.140533 0.181000 246.600006
3767.750000 395.346497 0.181000 246.699997
3769.250000 395.551147 0.181000 246.804993
3771.750000 395.755157 0.181000 246.895004
3774.750000 395.755157 0.181000 247.005005
3776.750000 395.959167 0.181000 247.104996
3778.875000 396.178040 0.181000 247.205002
3781.750000 396.178040 0.181000 247.294998
3783.125000 396.404419 0.181000 247.404999
3784.375000 396.616455 0.181000 247.494995
3785.875000 396.616455 0.191000 247.595001
3786.750000 396.821411 0.191000 247.699997
3789.000000 397.049408 0.191000 247.804993
3791.000000 397.256683 0.191000 247.904999
3793.125000 397.459686 0.191000 248.005005
3794.750000 397.459686 0.191000 248.095001
3796.250000 397.704620 0.191000 248.199997
3798.000000 397.938354 0.191000 248.294998
3798.750000 398.175507 0.191000 248.399994
3800.375000 398.384338 0.191000 248.494995
3801.750000 398.593811 0.173000 248.610001
3802.625000 398.813629 0.173000 248.705002
3803.750000 399.023590 0.173000 248.800003
3806.500000 399.223633 0.173000 248.899994
3807.000000 399.423706 0.173000 249.000000
3808.375000 399.623779 0.173000 249.104996
3809.250000 399.833710 0.173000 249.195007
3810.000000 400.043671 0.173000 249.300003
3811.000000 400.243713 0.173000 249.404999
3811.625000 400.243713 0.173000 249.500000
3811.875000 400.453613 0.170000 249.600006
3812.250000 400.671997 0.170000 249.705002
3813.375000 400.877502 0.170000 249.800003
3814.500000 401.081573 0.170000 249.895004
3815.250000 401.287476 0.170000 250.000000
3817.500000 401.492462 0.170000 250.104996
3818.125000 401.492462 0.170000 250.205002
3819.250000 401.693878 0.170000 250.300003
3821.250000 401.911346 0.170000 250.399994
3822.375000 402.115387 0.170000 250.505005
3823.500000 402.115387 0.160000 250.604996
3824.625000 402.318604 0.160000 250.695007
3826.000000 402.520721 0.160000 250.804993
3827.625000 402.520721 0.160000 250.895004
3828.125000 402.520721 0.160000 251.000000
3828.875000 402.722534 0.160000 251.104996
3829.750000 402.722534 0.160000 251.205002
3830.250000 402.722534 0.160000 251.304993
3831.000000 402.722534 0.160000 251.395004
3831.500000 402.722534 0.160000 251.505005
3831.875000 402.722534 0.152000 251.600006
3832.125000 402.922974 0.152000 251.699997
3832.375000 402.922974 0.152000 251.800003
3832.625000 402.922974 0.152000 251.904999
3833.000000 402.922974 0.152000 251.994995
3833.625000 402.922974 0.152000 252.110001
3834.000000 402.922974 0.152000 252.190002
3834.250000 402.922974 0.152000 252.294998
3834.250000 402.922974 0.152000 252.404999
3834.500000 402.922974 0.152000 252.500000
3834.750000 402.922974 0.155000 252.604996
3834.875000 402.922974 0.155000 252.705002
3835.250000 402.922974 0.155000 252.800003
3835.625000 402.922974 0.155000 252.895004
3836.125000 402.922974 0.155000 253.000000
3836.625000 403.133087 0.155000 253.095001
3836.875000 403.370361 0.155000 253.205002
3837.250000 403.573730 0.155000 253.300003
3837.625000 403.780975 0.155000 253.404999
3837.875000 403.780975 0.155000 253.500000
3838.625000 403.984772 0.150000 253.600006
3838.875000 404.211365 0.150000 253.695007
3839.125000 404.419861 0.150000 253.804993
3839.375000 404.629120 0.150000 253.895004
3839.500000 404.838745 0.150000 254.005005
3839.625000 405.048553 0.150000 254.095001
3840.000000 405.258484 0.150000 254.199997
3840.000000 405.488464 0.150000 254.300003
3840.250000 405.698486 0.150000 254.399994
3840.750000 405.898560 0.150000 254.505005
3840.875000 406.098663 0.155000 254.595001
3841.000000 406.300812 0.155000 254.705002
3841.250000 406.502563 0.155000 254.794998
3841.500000 406.712799 0.155000 254.899994
3841.625000 406.913452 0.155000 255.000000
3841.750000 407.114502 0.155000 255.100006
3842.000000 407.342804 0.155000 255.205002
3842.750000 407.550598 0.155000 255.304993
3842.750000 407.751587 0.155000 255.404999
3843.125000 407.751587 0.155000 255.500000
3843.625000 407.961914 0.168000 255.604996
3843.750000 408.166138 0.168000 255.699997
3843.875000 408.378174 0.168000 255.794998
3844.500000 408.378174 0.168000 255.904999
3844.500000 408.603210 0.168000 256.000000
3844.625000 408.804016 0.168000 256.100006
3844.750000 409.005066 0.168000 256.200012
3845.000000 409.005066 0.168000 256.299988
3845.000000 409.208038 0.168000 256.404999
3845.000000 409.414215 0.168000 256.494995
3845.125000 409.621216 0.177000 256.600006
3845.125000 409.621216 0.177000 256.704987
3845.625000 409.827240 0.177000 256.804993
3845.750000 410.031311 0.177000 256.899994
3845.750000 410.234772 0.177000 257.005005
3845.875000 410.234772 0.177000 257.105011
3846.000000 410.438721 0.177000 257.195007
3846.125000 410.651917 0.177000 257.304993
3846.250000 410.651917 0.177000 257.404999
3846.250000 410.864777 0.177000 257.510010
3846.375000 411.077911 0.186000 257.600006
3846.500000 411.283173 0.186000 257.704987
3846.625000 411.283173 0.186000 257.804993
3847.125000 411.486725 0.186000 257.899994
3847.250000 411.688660 0.186000 257.994995
3847.625000 411.888977 0.186000 258.100006
3847.875000 411.888977 0.186000 258.195007
3847.875000 412.110229 0.186000 258.304993
3848.375000 412.317291 0.186000 258.394989
3848.625000 412.317291 0.186000 258.494995
3849.000000 412.532959 0.205000 258.595001
3849.000000 412.741821 0.205000 258.695007
3849.125000 412.741821 0.205000 258.795013
3849.125000 412.949371 0.205000 258.899994
3849.375000 413.156189 0.205000 259.000000
3849.375000 413.363007 0.205000 259.100006
3849.625000 413.363007 0.205000 259.204987
3849.750000 413.569489 0.205000 259.295013
3849.875000 413.789673 0.205000 259.404999
3850.125000 413.789673 0.205000 259.505005
3850.125000 413.994781 0.226000 259.595001
3850.375000 414.206635 0.226000 259.700012
3850.500000 414.206635 0.226000 259.795013
3850.750000 414.420227 0.226000 259.904999
3850.875000 414.637482 0.226000 260.000000
3851.000000 414.841400 0.226000 260.105011
3851.000000 414.841400 0.226000 260.204987
3851.000000 415.046082 0.226000 260.299988
3851.250000 415.251190 0.226000 260.394989
3851.250000 415.456512 0.226000 260.500000
3851.250000 415.456512 0.227000 260.595001
3851.375000 415.661194 0.227000 260.700012
3851.500000 415.861633 0.227000 260.799988
3851.500000 415.861633 0.227000 260.899994
3851.500000 415.861633 0.227000 261.000000
3851.500000 416.063599 0.227000 261.105011
3851.500000 416.063599 0.227000 261.200012
3851.500000 416.063599 0.227000 261.295013
3851.625000 416.063599 0.227000 261.404999
3851.750000 416.063599 0.227000 261.500000
3851.875000 416.264343 0.147000 261.605011
3851.875000 416.264343 0.147000 261.690002
3851.875000 416.264343 0.147000 261.790009
3852.125000 416.264343 0.147000 261.890015
3852.125000 416.264343 0.147000 261.989990
3852.125000 416.264343 0.147000 262.095001
3852.250000 416.264343 0.147000 262.195007
3852.500000 416.264343 0.147000 262.299988
3852.625000 416.475586 0.147000 262.404999
3852.750000 416.680664 0.147000 262.500000
3852.875000 416.885651 0.136000 262.606995
3852.875000 416.885651 0.136000 262.695007
3853.000000 417.104675 0.136000 262.795013
3853.500000 417.304779 0.136000 262.899994
3853.750000 417.509308 0.136000 263.005005
3853.875000 417.746307 0.136000 263.105011
3853.875000 417.965027 0.136000 263.200012
3853.875000 418.174347 0.136000 263.299988
3854.125000 418.383942 0.136000 263.399994
3854.250000 418.593750 0.136000 263.500000
3854.500000 418.801300 0.129000 263.600006
3854.500000 419.005585 0.129000 263.704987
3854.750000 419.005585 0.129000 263.795013
3854.750000 419.219696 0.129000 263.904999
3855.125000 419.219696 0.129000 264.000000
3855.375000 419.219696 0.129000 264.095001
3855.625000 419.420990 0.129000 264.200012
3855.750000 419.420990 0.129000 264.299988
3855.875000 419.420990 0.129000 264.404999
3856.125000 419.420990 0.125000 264.501007
3856.125000 419.420990 0.125000 264.600006
3856.250000 419.621155 0.125000 264.704987
3856.500000 419.621155 0.125000 264.804993
3856.500000 419.621155 0.125000 264.904999
3857.000000 419.621155 0.125000 264.994995
3857.000000 419.621155 0.125000 265.100006
3857.000000 419.621155 0.125000 265.195007
3857.000000 419.621155 0.125000 265.299988
3857.250000 419.621155 0.125000 265.404999
3857.250000 419.621155 0.125000 265.500000
3857.625000 419.621155 0.122000 265.605011
3857.750000 419.621155 0.122000 265.700012
3858.500000 419.621155 0.122000 265.799988
3858.500000 419.621155 0.122000 265.899994
3858.500000 419.621155 0.122000 266.005005
3858.500000 419.621155 0.122000 266.105011
3858.750000 419.621155 0.122000 266.195007
3859.000000 419.621155 0.122000 266.304993
3859.250000 419.621155 0.122000 266.399994
3859.375000 419.621155 0.122000 266.500000
3859.625000 419.621155 0.117000 266.600006
3859.625000 419.621155 0.117000 266.690002
3860.000000 419.621155 0.117000 266.799988
3860.000000 419.621155 0.117000 266.904999
3860.250000 419.621155 0.117000 266.994995
3860.500000 419.841492 0.117000 267.100006
3860.625000 420.047119 0.117000 267.195007
3861.000000 420.250610 0.117000 267.299988
3861.000000 420.250610 0.117000 267.394989
3861.000000 420.477478 0.117000 267.500000
3861.000000 420.682129 0.117000 267.605011
3861.125000 420.889557 0.117000 267.704987
3861.125000 421.098053 0.117000 267.804993
3861.125000 421.306519 0.117000 267.904999
3861.125000 421.514465 0.117000 268.000000
3861.125000 421.722076 0.117000 268.100006
3861.250000 421.970093 0.117000 268.204987
3861.250000 422.178650 0.117000 268.304993
3861.250000 422.387146 0.117000 268.390015
3861.250000 422.595825 0.117000 268.500000
3861.250000 422.801788 0.120000 268.600006
3861.375000 422.801788 0.120000 268.700012
3861.750000 423.025391 0.120000 268.799988
3861.875000 423.232025 0.120000 268.904999
3861.875000 423.232025 0.120000 268.994995
3861.875000 423.232025 0.120000 269.100006
3862.000000 423.441376 0.120000 269.200012
3862.125000 423.441376 0.120000 269.295013
3862.250000 423.441376 0.120000 269.399994
3862.250000 423.441376 0.120000 269.500000
3862.250000 423.441376 0.168000 269.595001
3862.250000 423.441376 0.168000 269.704987
3862.250000 423.441376 0.168000 269.799988
3862.250000 423.441376 0.168000 269.894989
3862.250000 423.441376 0.168000 269.994995
3862.250000 423.641693 0.168000 270.105011
3862.250000 423.641693 0.168000 270.204987
3862.250000 423.641693 0.168000 270.299988
3862.250000 423.641693 0.168000 270.404999
3862.375000 423.641693 0.168000 270.505005
3862.375000 423.641693 0.170000 270.605011
3862.375000 423.846588 0.170000 270.704987
3862.500000 423.846588 0.170000 270.799988
3862.500000 424.050201 0.170000 270.899994
3862.500000 424.050201 0.170000 271.000000
3862.625000 424.268250 0.170000 271.095001
3862.750000 424.473022 0.170000 271.200012
3862.750000 424.673370 0.170000 271.304993
3862.750000 424.673370 0.170000 271.399994
3862.875000 424.874573 0.170000 271.500000
3863.000000 425.076172 0.168000 271.605011
3863.000000 425.076172 0.168000 271.700012
3863.000000 425.279327 0.168000 271.804993
3863.000000 425.483582 0.168000 271.899994
3863.125000 425.688538 0.168000 272.000000
3863.125000 425.889587 0.168000 272.105011
3863.250000 425.889587 0.168000 272.195007
3863.250000 426.102509 0.168000 272.304993
3863.250000 426.308868 0.168000 272.404999
3863.500000 426.510895 0.168000 272.500000
3863.500000 426.715210 0.190000 272.600006
3863.500000 426.920959 0.190000 272.700012
3863.625000 427.137207 0.190000 272.804993
3863.750000 427.345490 0.190000 272.899994
3863.875000 427.545563 0.190000 273.000000
3863.875000 427.545563 0.190000 273.100006
3864.125000 427.748474 0.190000 273.200012
3864.125000 427.951263 0.190000 273.299988
3864.250000 428.158325 0.190000 273.404999
3864.250000 428.158325 0.190000 273.500000
3864.375000 428.364532 0.201000 273.595001
3864.375000 428.586517 0.201000 273.704987
3864.500000 428.792572 0.201000 273.799988
3864.500000 428.792572 0.201000 273.899994
3864.500000 429.021088 0.201000 273.994995
3864.500000 429.237671 0.201000 274.105011
3864.500000 429.475342 0.201000 274.200012
3864.500000 429.680023 0.201000 274.299988
3864.500000 429.887115 0.201000 274.404999
3864.500000 430.095856 0.201000 274.505005
3864.500000 430.305389 0.197000 274.600006
3864.500000 430.515350 0.197000 274.695007
3864.500000 430.715515 0.197000 274.799988
3864.500000 430.915771 0.197000 274.899994
3864.500000 431.116089 0.197000 275.005005
3864.625000 431.316132 0.197000 275.095001
3864.625000 431.525177 0.197000 275.204987
3864.625000 431.525177 0.197000 275.295013
3864.625000 431.742615 0.197000 275.399994
3864.750000 431.963654 0.197000 275.510010
3864.750000 432.171906 0.201000 275.600006
3864.750000 432.373291 0.201000 275.704987
3864.750000 432.573761 0.201000 275.804993
3865.000000 432.781525 0.201000 275.899994
3865.000000 432.781525 0.201000 276.000000
3865.250000 432.991028 0.201000 276.100006
3865.250000 433.216370 0.201000 276.200012
3865.250000 433.425079 0.201000 276.299988
3865.250000 433.634979 0.201000 276.399994
3865.625000 433.841980 0.201000 276.494995
3865.625000 434.066376 0.243000 276.605011
3865.625000 434.269257 0.243000 276.700012
3865.750000 434.269257 0.243000 276.804993
3865.875000 434.473450 0.243000 276.899994
3866.000000 434.473450 0.243000 277.000000
3866.000000 434.675201 0.243000 277.095001
3866.000000 434.675201 0.243000 277.200012
3866.000000 434.675201 0.243000 277.304993
3866.000000 434.675201 0.243000 277.404999
3866.000000 434.675201 0.243000 277.494995
3866.125000 434.675201 0.238000 277.595001
3866.375000 434.877258 0.238000 277.700012
3866.375000 434.877258 0.238000 277.795013
3866.750000 434.877258 0.238000 277.904999
3866.750000 434.877258 0.238000 278.000000
3866.750000 434.877258 0.238000 278.105011
3866.750000 434.877258 0.238000 278.195007
3866.875000 434.877258 0.238000 278.299988
3867.125000 434.877258 0.238000 278.399994
3867.125000 434.877258 0.238000 278.505005
3867.125000 434.877258 0.213000 278.600006
3867.250000 434.877258 0.213000 278.700012
3867.250000 434.877258 0.213000 278.799988
3867.250000 434.877258 0.213000 278.890015
3867.250000 434.877258 0.213000 279.000000
3867.250000 434.877258 0.213000 279.095001
3867.250000 434.877258 0.213000 279.204987
3867.250000 434.877258 0.213000 279.299988
3867.250000 434.877258 0.213000 279.399994
3867.250000 434.877258 0.213000 279.505005
3867.375000 434.877258 0.186000 279.605011
3867.375000 434.877258 0.186000 279.709991
3867.375000 434.877258 0.186000 279.804993
3867.375000 435.077911 0.186000 279.904999
3867.625000 435.282867 0.186000 280.000000
3867.625000 435.282867 0.186000 280.095001
3867.625000 435.485779 0.186000 280.200012
3867.625000 435.687775 0.186000 280.304993
3867.625000 435.687775 0.186000 280.394989
3867.625000 435.914917 0.186000 280.505005
3867.625000 436.150604 0.195000 280.600006
3867.625000 436.352051 0.195000 280.700012
3867.625000 436.557373 0.195000 280.795013
3867.625000 436.760254 0.195000 280.904999
3867.625000 436.967072 0.195000 281.000000
3867.625000 436.967072 0.195000 281.100006
3867.625000 437.205200 0.195000 281.200012
3867.625000 437.414124 0.195000 281.299988
3867.625000 437.623138 0.195000 281.394989
3867.625000 437.832825 0.195000 281.494995
3867.625000 438.082245 0.177000 281.600006
3867.625000 438.291840 0.177000 281.700012
3867.625000 438.501648 0.177000 281.799988
3867.625000 438.711639 0.177000 281.894989
3867.625000 438.911682 0.177000 281.994995
3867.625000 439.112000 0.177000 282.100006
3867.625000 439.312531 0.177000 282.200012
3867.625000 439.513123 0.177000 282.299988
3867.625000 439.713623 0.177000 282.390015
3867.625000 439.913971 0.177000 282.500000
3867.625000 440.114471 0.177000 282.595001
3867.625000 440.315063 0.177000 282.700012
3867.625000 440.515442 0.177000 282.795013
3867.750000 440.725311 0.177000 282.904999
3867.750000 440.934509 0.177000 283.000000
3867.750000 441.143036 0.177000 283.100006
3867.750000 441.350952 0.177000 283.200012
3867.875000 441.558411 0.177000 283.304993
3868.000000 441.764313 0.177000 283.404999
3868.125000 441.764313 0.177000 283.505005
3868.375000 441.971436 0.222000 283.600006
3868.375000 442.172852 0.222000 283.704987
3868.500000 442.415344 0.222000 283.799988
3868.500000 442.618469 0.222000 283.904999
3868.625000 442.820374 0.222000 284.005005
3868.625000 443.026825 0.222000 284.100006
3868.750000 443.235687 0.222000 284.195007
3868.750000 443.235687 0.222000 284.290009
3869.250000 443.445618 0.222000 284.394989
3869.250000 443.681793 0.222000 284.500000
3869.375000 443.886566 0.264000 284.589996
3869.375000 444.093018 0.264000 284.695007
3869.375000 444.299133 0.264000 284.804993
3869.375000 444.499847 0.264000 284.904999
3869.375000 444.708832 0.264000 285.000000
3869.375000 444.912506 0.264000 285.109985
3869.500000 445.118011 0.264000 285.200012
3869.500000 445.118011 0.264000 285.299988
3869.500000 445.324066 0.264000 285.399994
3869.500000 445.550049 0.264000 285.494995
3869.500000 445.757599 0.292000 285.605011
3869.500000 445.965973 0.292000 285.704987
3869.500000 446.166595 0.292000 285.795013
3869.500000 446.367737 0.292000 285.899994
3869.500000 446.367737 0.292000 285.994995
3869.500000 446.569458 0.292000 286.095001
3869.500000 446.569458 0.292000 286.195007
3869.500000 446.569458 0.292000 286.295013
3869.500000 446.770081 0.292000 286.390015
3869.500000 446.770081 0.148000 286.494995
3869.750000 446.770081 0.148000 286.600006
3869.750000 446.770081 0.148000 286.700012
3869.750000 446.770081 0.148000 286.799988
3869.750000 446.770081 0.148000 286.899994
3869.750000 446.770081 0.148000 287.005005
3869.750000 446.970398 0.148000 287.105011
3869.750000 446.970398 0.148000 287.204987
3869.750000 446.970398 0.148000 287.299988
3869.750000 447.198242 0.148000 287.404999
3869.750000 447.198242 0.148000 287.494995
3869.750000 447.403717 0.138000 287.595001
3869.750000 447.604767 0.138000 287.700012
3869.750000 447.811584 0.138000 287.799988
3869.750000 448.015656 0.138000 287.899994
3869.750000 448.272491 0.138000 288.000000
3869.750000 448.481537 0.138000 288.100006
3869.875000 448.691223 0.138000 288.200012
3870.000000 448.901062 0.138000 288.299988
3870.125000 449.111053 0.138000 288.404999
3870.125000 449.311218 0.138000 288.505005
3870.375000 449.519135 0.130000 288.600006
3870.375000 449.723877 0.130000 288.704987
3870.500000 449.723877 0.130000 288.804993
3870.500000 449.938660 0.130000 288.899994
3870.500000 449.938660 0.130000 289.000000
3870.500000 449.938660 0.130000 289.095001
3870.750000 450.140869 0.130000 289.204987
3870.750000 450.140869 0.130000 289.295013
3870.875000 450.140869 0.130000 289.399994
3870.875000 450.140869 0.130000 289.500000
3870.875000 450.140869 0.133000 289.600006
3871.125000 450.341156 0.133000 289.700012
3871.125000 450.341156 0.133000 289.804993
3871.125000 450.341156 0.133000 289.894989
3871.125000 450.341156 0.133000 290.000000
3871.250000 450.341156 0.133000 290.105011
3871.250000 450.341156 0.133000 290.204987
3871.250000 450.341156 0.133000 290.295013
3871.250000 450.341156 0.133000 290.399994
3871.250000 450.341156 0.133000 290.500000
3871.250000 450.341156 0.126000 290.600006
3871.250000 450.341156 0.126000 290.700012
3871.250000 450.341156 0.126000 290.804993
3871.250000 450.341156 0.126000 290.904999
3871.250000 450.341156 0.126000 290.994995
3871.250000 450.341156 0.126000 291.105011
3871.250000 450.341156 0.126000 291.204987
3871.625000 450.341156 0.126000 291.304993
3871.625000 450.341156 0.126000 291.404999
3871.625000 450.341156 0.126000 291.505005
3871.625000 450.341156 0.126000 291.609985
3871.625000 450.341156 0.126000 291.700012
3871.625000 450.341156 0.126000 291.804993
3871.625000 450.341156 0.126000 291.910004
3871.625000 450.341156 0.126000 291.994995
3871.875000 450.546143 0.126000 292.109985
3871.875000 450.757385 0.126000 292.200012
3871.875000 450.960815 0.126000 292.304993
3872.500000 451.168243 0.126000 292.410004
3872.500000 451.372314 0.126000 292.500000
3872.500000 451.578369 0.116000 292.605011
3872.500000 451.578369 0.116000 292.709991
3872.625000 451.812622 0.116000 292.799988
3872.875000 452.012848 0.116000 292.904999
3873.250000 452.012848 0.116000 293.010010
3873.625000 452.214996 0.116000 293.105011
3873.750000 452.214996 0.116000 293.200012
3873.750000 452.214996 0.116000 293.309998
3873.750000 452.214996 0.116000 293.399994
3873.750000 452.214996 0.116000 293.500000
3874.000000 452.415588 0.136000 293.605011
3874.375000 452.415588 0.136000 293.700012
3874.500000 452.415588 0.136000 293.804993
3874.625000 452.415588 0.136000 293.899994
3874.750000 452.415588 0.136000 294.005005
3874.750000 452.415588 0.136000 294.100006
3875.000000 452.415588 0.136000 294.195007
3875.250000 452.415588 0.136000 294.299988
3875.625000 452.415588 0.136000 294.399994
3875.625000 452.415588 0.136000 294.505005
3875.625000 452.415588 0.126000 294.600006
3875.750000 452.415588 0.126000 294.700012
3876.000000 452.415588 0.126000 294.799988
3876.250000 452.415588 0.126000 294.904999
3876.500000 452.415588 0.126000 295.000000
3876.500000 452.415588 0.126000 295.095001
3876.500000 452.415588 0.126000 295.204987
3876.500000 452.415588 0.126000 295.299988
3876.500000 452.619263 0.126000 295.399994
3876.875000 452.619263 0.126000 295.505005
3876.875000 452.825256 0.116000 295.600006
3876.875000 453.029144 0.116000 295.695007
3876.875000 453.236633 0.116000 295.799988
3876.875000 453.470032 0.116000 295.904999
3876.875000 453.676971 0.116000 296.000000
3877.125000 453.885284 0.116000 296.100006
3877.125000 454.094299 0.116000 296.204987
3877.125000 454.303680 0.116000 296.299988
3877.125000 454.513306 0.116000 296.394989
3877.250000 454.723114 0.116000 296.505005
3877.375000 454.723114 0.117000 296.595001
3877.375000 454.947388 0.117000 296.700012
3877.625000 455.148621 0.117000 296.799988
3877.875000 455.350769 0.117000 296.899994
3877.875000 455.350769 0.117000 297.000000
3877.875000 455.350769 0.117000 297.105011
3877.875000 455.555511 0.117000 297.195007
3878.000000 455.555511 0.117000 297.304993
3878.125000 455.555511 0.117000 297.394989
3878.125000 455.555511 0.117000 297.505005
3878.125000 455.555511 0.122000 297.600006
3878.125000 455.555511 0.122000 297.704987
3878.125000 455.555511 0.122000 297.799988
3878.125000 455.555511 0.122000 297.904999
3878.125000 455.555511 0.122000 298.000000
3878.125000 455.555511 0.122000 298.100006
3878.250000 455.756836 0.122000 298.204987
3878.250000 455.756836 0.122000 298.299988
3878.250000 455.756836 0.122000 298.394989
3878.250000 455.756836 0.122000 298.500000
3878.375000 455.756836 0.119000 298.595001
3878.375000 455.756836 0.119000 298.700012
3878.375000 455.756836 0.119000 298.795013
3878.500000 455.756836 0.119000 298.899994
3878.500000 455.756836 0.119000 299.000000
3878.500000 455.756836 0.119000 299.105011
3878.500000 455.756836 0.119000 299.204987
3878.500000 455.756836 0.119000 299.295013
3878.500000 455.967102 0.119000 299.404999
3878.625000 456.171631 0.119000 299.494995
3878.625000 456.171631 0.120000 299.605011
3878.625000 456.385651 0.120000 299.700012
3878.625000 456.599976 0.120000 299.795013
3878.625000 456.599976 0.120000 299.894989
3878.750000 456.824066 0.120000 299.994995
3878.750000 457.048553 0.120000 300.100006
3878.750000 457.048553 0.120000 300.200012
3878.750000 457.250580 0.120000 300.299988
3878.875000 457.456238 0.120000 300.399994
3878.875000 457.676392 0.120000 300.494995
3879.125000 457.877441 0.106000 300.600006
3879.125000 458.079102 0.106000 300.700012
3879.125000 458.079102 0.106000 300.799988
3879.125000 458.283569 0.106000 300.899994
3879.250000 458.283569 0.106000 301.005005
3879.250000 458.494873 0.106000 301.100006
3879.500000 458.494873 0.106000 301.204987
3879.500000 458.494873 0.106000 301.299988
3879.625000 458.494873 0.106000 301.404999
3879.625000 458.494873 0.106000 301.494995
3879.625000 458.696045 0.130000 301.600006
3879.750000 458.696045 0.130000 301.695007
3879.875000 458.696045 0.130000 301.804993
3880.125000 458.696045 0.130000 301.899994
3880.125000 458.696045 0.130000 301.989990
3880.125000 458.696045 0.130000 302.100006
3880.125000 458.696045 0.130000 302.195007
3880.125000 458.696045 0.130000 302.304993
3880.125000 458.696045 0.130000 302.404999
3880.125000 458.696045 0.130000 302.505005
3880.125000 458.696045 0.111000 302.595001
3880.125000 458.696045 0.111000 302.700012
3880.125000 458.696045 0.111000 302.795013
3880.125000 458.696045 0.111000 302.894989
3880.125000 458.696045 0.111000 303.000000
3880.125000 458.696045 0.111000 303.105011
3880.125000 458.696045 0.111000 303.200012
3880.125000 458.696045 0.111000 303.295013
3880.125000 458.696045 0.111000 303.404999
3880.125000 458.696045 0.111000 303.505005
3880.125000 458.696045 0.115000 303.595001
3880.125000 458.696045 0.115000 303.695007
3880.125000 458.696045 0.115000 303.799988
3880.125000 458.696045 0.115000 303.899994
3880.125000 458.696045 0.115000 304.005005
3880.125000 458.696045 0.115000 304.105011
3880.125000 458.911011 0.115000 304.200012
3880.125000 459.121765 0.115000 304.299988
3880.125000 459.327972 0.115000 304.399994
3880.125000 459.536987 0.115000 304.505005
3880.125000 459.741730 0.111000 304.605011
3880.125000 459.948608 0.111000 304.700012
3880.125000 460.156525 0.111000 304.804993
3880.125000 460.364807 0.111000 304.904999
3880.125000 460.364807 0.111000 305.000000
3880.125000 460.583588 0.111000 305.100006
3880.125000 460.792969 0.111000 305.200012
3880.125000 461.002716 0.111000 305.295013
3880.125000 461.212646 0.111000 305.399994
3880.125000 461.412720 0.111000 305.505005
3880.250000 461.622620 0.111000 305.605011
3880.250000 461.830994 0.111000 305.700012
3880.250000 462.032349 0.111000 305.799988
3880.250000 462.032349 0.111000 305.894989
3880.250000 462.235962 0.111000 306.010010
3880.500000 462.235962 0.111000 306.105011
3880.750000 462.235962 0.111000 306.200012
3880.750000 462.235962 0.111000 306.299988
3880.750000 462.436859 0.111000 306.399994
3880.750000 462.436859 0.111000 306.494995
3880.875000 462.436859 0.115000 306.605011
3880.875000 462.436859 0.115000 306.700012
3880.875000 462.436859 0.115000 306.799988
3881.000000 462.436859 0.115000 306.899994
3881.125000 462.436859 0.115000 307.005005
3881.125000 462.436859 0.115000 307.105011
3881.250000 462.436859 0.115000 307.200012
3881.250000 462.436859 0.115000 307.295013
3881.250000 462.436859 0.115000 307.404999
3881.250000 462.436859 0.115000 307.505005
3881.250000 462.436859 0.143000 307.600006
3881.250000 462.436859 0.143000 307.695007
3881.250000 462.436859 0.143000 307.804993
3881.375000 462.638458 0.143000 307.894989
3881.375000 462.638458 0.143000 307.994995
3881.375000 462.638458 0.143000 308.095001
3881.500000 462.847900 0.143000 308.200012
3881.500000 463.060730 0.143000 308.304993
3881.500000 463.261414 0.143000 308.394989
3881.750000 463.467316 0.143000 308.500000
3881.875000 463.670593 0.133000 308.600006
3882.000000 463.877228 0.133000 308.704987
3882.125000 463.877228 0.133000 308.795013
3882.250000 464.085510 0.133000 308.899994
3882.375000 464.334381 0.133000 309.000000
3882.750000 464.543884 0.133000 309.105011
3882.875000 464.753601 0.133000 309.200012
3883.000000 464.963013 0.133000 309.309998
3883.000000 465.201630 0.133000 309.399994
3883.000000 465.409821 0.133000 309.500000
3883.125000 465.618103 0.148000 309.605011
3883.125000 465.847015 0.148000 309.704987
3883.375000 466.056580 0.148000 309.799988
3883.625000 466.266357 0.148000 309.894989
3883.625000 466.475677 0.148000 310.005005
3883.625000 466.684692 0.148000 310.105011
3883.625000 466.684692 0.148000 310.200012
3883.625000 466.923950 0.148000 310.295013
3883.750000 467.133636 0.148000 310.404999
3883.875000 467.343475 0.148000 310.505005
3884.000000 467.553345 0.147000 310.600006
3884.000000 467.763184 0.147000 310.700012
3884.000000 468.002441 0.147000 310.795013
3884.500000 468.211761 0.147000 310.904999
3884.750000 468.421295 0.147000 310.994995
3885.375000 468.630951 0.147000 311.100006
3886.250000 468.840698 0.147000 311.200012
3887.375000 469.050507 0.147000 311.299988
3888.375000 469.260345 0.147000 311.394989
3889.375000 469.470215 0.147000 311.505005
3890.125000 469.470215 0.177000 311.595001
3891.375000 469.700043 0.177000 311.704987
3893.375000 469.909912 0.177000 311.799988
3896.125000 470.119812 0.177000 311.894989
3898.625000 470.329742 0.177000 311.994995
3899.375000 470.589661 0.177000 312.105011
3899.875000 470.809601 0.177000 312.200012
3900.625000 471.019531 0.177000 312.299988
3901.375000 471.229431 0.177000 312.399994
3901.875000 471.439331 0.177000 312.494995
3902.750000 471.649231 0.182000 312.589996
3903.625000 471.859009 0.182000 312.704987
3904.750000 472.068726 0.182000 312.804993
3905.875000 472.068726 0.182000 312.894989
3906.125000 472.278503 0.182000 313.005005
3906.375000 472.518311 0.182000 313.105011
3907.000000 472.728119 0.182000 313.200012
3907.000000 472.937988 0.182000 313.299988
3907.125000 473.147766 0.182000 313.399994
3907.125000 473.417023 0.182000 313.494995
3907.125000 473.626526 0.180000 313.600006
3907.125000 473.836243 0.180000 313.700012
3907.250000 474.045990 0.180000 313.795013
3907.250000 474.255676 0.180000 313.899994
3907.375000 474.465424 0.180000 314.005005
3907.375000 474.465424 0.180000 314.095001
3907.375000 474.675232 0.180000 314.195007
3907.375000 474.885101 0.180000 314.304993
3907.375000 475.115021 0.180000 314.394989
3907.500000 475.325012 0.180000 314.505005
3907.500000 475.525024 0.158000 314.600006
3907.500000 475.725067 0.158000 314.704987
3907.750000 475.934906 0.158000 314.799988
3907.875000 476.144623 0.158000 314.904999
3908.125000 476.354401 0.158000 314.994995
3908.250000 476.574219 0.158000 315.100006
3908.250000 476.804077 0.158000 315.204987
3908.375000 477.014008 0.158000 315.299988
3908.500000 477.223938 0.158000 315.399994
3908.500000 477.433868 0.158000 315.505005
3908.625000 477.643829 0.145000 315.595001
3908.625000 477.853699 0.145000 315.704987
3908.625000 478.063599 0.145000 315.799988
3908.875000 478.063599 0.145000 315.899994
3908.875000 478.483429 0.145000 316.010010
3908.875000 478.483429 0.145000 316.100006
3908.875000 478.713348 0.145000 316.200012
3908.875000 478.923157 0.145000 316.299988
3909.000000 479.132782 0.145000 316.394989
3909.250000 479.342438 0.145000 316.500000
3909.375000 479.552185 0.148000 316.589996
3909.375000 479.761871 0.148000 316.704987
3909.375000 480.000854 0.148000 316.799988
3909.375000 480.209717 0.148000 316.899994
3909.375000 480.428772 0.148000 317.005005
3909.375000 480.638275 0.148000 317.105011
3909.500000 480.848022 0.148000 317.200012
3909.625000 481.057922 0.148000 317.299988
3909.625000 481.057922 0.148000 317.394989
3909.625000 481.297943 0.148000 317.500000
3909.625000 481.498047 0.171000 317.595001
3909.625000 481.698212 0.171000 317.704987
3909.750000 481.908173 0.171000 317.795013
3909.875000 482.117615 0.171000 317.899994
3910.000000 482.327057 0.171000 318.005005
3910.000000 482.536896 0.171000 318.100006
3910.000000 482.737030 0.171000 318.190002
3910.125000 482.937317 0.171000 318.299988
3910.125000 483.167755 0.171000 318.399994
3910.125000 483.408325 0.171000 318.494995
3910.125000 483.608887 0.175000 318.600006
3910.250000 483.809509 0.175000 318.695007
3910.250000 484.010132 0.175000 318.799988
3910.250000 484.210724 0.175000 318.899994
3910.375000 484.411255 0.175000 319.000000
3910.375000 484.611755 0.175000 319.100006
3910.500000 484.812286 0.175000 319.200012
3910.625000 485.012787 0.175000 319.299988
3910.625000 485.213226 0.175000 319.404999
3910.625000 485.423584 0.175000 319.505005
3910.625000 485.623993 0.189000 319.595001
3910.625000 485.824493 0.189000 319.709991
3910.625000 486.025024 0.189000 319.790009
3910.625000 486.225525 0.189000 319.899994
3910.625000 486.425903 0.189000 320.000000
3910.750000 486.635651 0.189000 320.105011
3911.000000 486.844604 0.189000 320.200012
3911.250000 487.052917 0.189000 320.304993
3911.375000 487.260742 0.189000 320.404999
3911.500000 487.260742 0.189000 320.494995
3911.875000 487.467987 0.168000 320.605011
3912.000000 487.690613 0.168000 320.700012
3912.125000 487.892242 0.168000 320.799988
3912.250000 488.095764 0.168000 320.904999
3912.750000 488.301331 0.168000 321.000000
3912.750000 488.508728 0.168000 321.100006
3913.250000 488.747284 0.168000 321.200012
3913.375000 488.956665 0.168000 321.299988
3913.375000 489.156708 0.168000 321.394989
3913.750000 489.357178 0.168000 321.510010
3914.000000 489.567871 0.218000 321.600006
3914.125000 489.768677 0.218000 321.700012
3914.125000 489.979309 0.218000 321.795013
3914.375000 490.189270 0.218000 321.904999
3914.500000 490.398499 0.218000 321.994995
3914.875000 490.607330 0.218000 322.100006
3915.125000 490.816589 0.218000 322.204987
3915.125000 490.816589 0.218000 322.295013
3915.500000 491.046295 0.218000 322.399994
3915.750000 491.266266 0.218000 322.505005
3915.750000 491.466339 0.208000 322.595001
3915.875000 491.666412 0.208000 322.704987
3916.000000 491.876465 0.208000 322.795013
3916.500000 492.106110 0.208000 322.890015
3917.250000 492.335663 0.208000 323.000000
3917.500000 492.545410 0.208000 323.105011
3917.500000 492.755341 0.208000 323.195007
3917.500000 492.965332 0.208000 323.304993
3917.750000 493.165344 0.208000 323.399994
3917.875000 493.375183 0.208000 323.500000
3918.000000 493.595001 0.214000 323.605011
3918.000000 493.804810 0.214000 323.704987
3918.125000 493.804810 0.214000 323.790009
3918.375000 494.224518 0.214000 323.899994
3918.625000 494.434479 0.214000 324.005005
3919.000000 494.434479 0.214000 324.105011
3919.000000 494.664459 0.214000 324.204987
3919.250000 494.884430 0.214000 324.304993
3919.250000 495.094299 0.214000 324.399994
3919.500000 495.343964 0.214000 324.500000
3919.625000 495.563599 0.230000 324.600006
3919.625000 495.793304 0.230000 324.704987
3919.750000 496.003143 0.230000 324.799988
3919.875000 496.212982 0.230000 324.904999
3919.875000 496.422791 0.230000 325.000000
3920.000000 496.422791 0.230000 325.100006
3920.250000 496.632599 0.230000 325.200012
3920.250000 496.862396 0.230000 325.299988
3920.375000 497.072205 0.230000 325.394989
3920.500000 497.282013 0.230000 325.505005
3920.625000 497.491821 0.196000 325.595001
3920.750000 497.731689 0.196000 325.700012
3921.000000 497.951599 0.196000 325.799988
3921.125000 498.161530 0.196000 325.904999
3921.250000 498.371429 0.196000 326.000000
3922.000000 498.581268 0.196000 326.095001
3922.000000 498.791138 0.196000 326.200012
3922.000000 499.001007 0.196000 326.299988
3922.500000 499.210846 0.196000 326.394989
3922.625000 499.420685 0.196000 326.500000
3922.750000 499.420685 0.176000 326.595001
3923.000000 499.630493 0.176000 326.700012
3923.000000 499.870300 0.176000 326.799988
3923.000000 500.080109 0.176000 326.904999
3923.125000 500.289948 0.176000 326.994995
3923.125000 500.529755 0.176000 327.105011
3923.125000 500.769653 0.176000 327.195007
3923.125000 500.979523 0.176000 327.299988
3923.250000 501.189423 0.176000 327.404999
3923.250000 501.399323 0.176000 327.500000
3923.375000 501.609222 0.185000 327.595001
3923.375000 501.818909 0.185000 327.700012
3923.375000 502.027313 0.185000 327.804993
3923.375000 502.027313 0.185000 327.899994
3923.375000 502.249084 0.185000 327.994995
3923.375000 502.475006 0.185000 328.100006
3923.375000 502.679474 0.185000 328.204987
3923.375000 502.679474 0.185000 328.304993
3923.375000 502.893646 0.185000 328.404999
3923.375000 503.105713 0.185000 328.500000
3923.375000 503.105713 0.187000 328.600006
3923.375000 503.332489 0.187000 328.704987
3923.375000 503.560669 0.187000 328.795013
3923.500000 503.765015 0.187000 328.904999
3923.500000 503.765015 0.187000 329.000000
3923.500000 503.968750 0.187000 329.105011
3923.625000 504.172119 0.187000 329.200012
3923.625000 504.172119 0.187000 329.299988
3923.750000 504.382660 0.187000 329.399994
3924.000000 504.608002 0.187000 329.500000
3924.125000 504.810730 0.169000 329.600006
3924.250000 504.810730 0.169000 329.700012
3924.250000 505.013702 0.169000 329.799988
3924.500000 505.225281 0.169000 329.894989
3924.500000 505.225281 0.169000 330.005005
3924.500000 505.430023 0.169000 330.109985
3924.750000 505.636292 0.169000 330.200012
3924.750000 505.838593 0.169000 330.295013
3924.750000 506.063873 0.169000 330.399994
3924.875000 506.267334 0.169000 330.500000
3925.000000 506.470734 0.161000 330.600006
3925.125000 506.671844 0.161000 330.700012
3925.125000 506.875488 0.161000 330.804993
3925.250000 506.875488 0.161000 330.894989
3925.375000 507.081787 0.161000 331.000000
3925.375000 507.289795 0.161000 331.105011
3925.375000 507.528625 0.161000 331.195007
3925.375000 507.738068 0.161000 331.295013
3925.500000 507.977753 0.161000 331.404999
3925.500000 508.217407 0.161000 331.494995
3925.500000 508.425018 0.164000 331.595001
3925.500000 508.631134 0.164000 331.690002
3925.500000 508.837769 0.164000 331.804993
3925.500000 509.045258 0.164000 331.899994
3925.500000 509.253723 0.164000 332.000000
3925.625000 509.462891 0.164000 332.105011
3925.625000 509.462891 0.164000 332.190002
3925.625000 509.692383 0.164000 332.304993
3925.625000 509.912140 0.164000 332.399994
3925.625000 510.122009 0.164000 332.494995
3925.625000 510.331909 0.161000 332.595001
3925.625000 510.561798 0.161000 332.700012
3925.625000 510.811707 0.161000 332.799988
3925.750000 511.021698 0.161000 332.899994
3925.750000 511.231689 0.161000 333.000000
3925.750000 511.441650 0.161000 333.105011
3925.750000 511.651611 0.161000 333.200012
3925.750000 511.861572 0.161000 333.299988
3925.750000 511.861572 0.161000 333.399994
3925.750000 512.101501 0.161000 333.505005
3925.750000 512.311401 0.161000 333.605011
3925.750000 512.521301 0.161000 333.704987
3925.875000 512.731201 0.161000 333.799988
3925.875000 512.941162 0.161000 333.901001
3925.875000 513.151123 0.161000 334.005005
3925.875000 513.361084 0.161000 334.105011
3925.875000 513.591064 0.161000 334.200012
3925.875000 513.801025 0.161000 334.304993
3925.875000 514.010986 0.161000 334.399994
3925.875000 514.220947 0.161000 334.505005
3925.875000 514.430908 0.148000 334.600006
3925.875000 514.640808 0.148000 334.704987
3925.875000 514.850708 0.148000 334.799988
3925.875000 515.060669 0.148000 334.899994
3926.125000 515.060669 0.148000 335.000000
3926.375000 515.300659 0.148000 335.100006
3926.375000 515.520630 0.148000 335.195007
3926.500000 515.730652 0.148000 335.299988
3926.625000 515.930664 0.148000 335.404999
3926.750000 516.130676 0.148000 335.505005
3926.750000 516.340637 0.148000 335.605011
3926.875000 516.550598 0.148000 335.704987
3926.875000 516.780579 0.148000 335.799988
3927.000000 516.990540 0.148000 335.904999
3927.250000 517.200562 0.148000 335.989990
3927.250000 517.410522 0.148000 336.089996
3927.250000 517.620483 0.148000 336.200012
3927.250000 517.830444 0.148000 336.304993
3927.250000 518.040405 0.148000 336.404999
3927.375000 518.250366 0.148000 336.500000
3927.500000 518.460327 0.159000 336.600006
3927.500000 518.670044 0.159000 336.704987
3927.500000 518.670044 0.159000 336.795013
3927.625000 518.878967 0.159000 336.894989
3927.875000 519.087097 0.159000 337.000000
3927.875000 519.294739 0.159000 337.105011
3927.875000 519.502258 0.159000 337.204987
3927.875000 519.710754 0.159000 337.299988
3927.875000 519.920105 0.159000 337.399994
3928.000000 520.140015 0.159000 337.500000
3928.000000 520.380371 0.163000 337.605011
3928.000000 520.601013 0.163000 337.695007
3928.000000 520.801758 0.163000 337.799988
3928.125000 521.002563 0.163000 337.899994
3928.625000 521.203430 0.163000 338.005005
3930.250000 521.404297 0.163000 338.100006
3932.750000 521.615173 0.163000 338.200012
3934.625000 521.815674 0.163000 338.299988
3938.250000 522.015991 0.163000 338.394989
3941.875000 522.216187 0.163000 338.500000
3944.000000 522.426147 0.166000 338.605011
3945.500000 522.635681 0.166000 338.700012
3947.250000 522.844360 0.166000 338.799988
3949.250000 523.053101 0.166000 338.904999
3953.375000 523.262329 0.166000 339.005005
3954.625000 523.262329 0.166000 339.100006
3955.750000 523.501404 0.166000 339.204987
3957.625000 523.710693 0.166000 339.299988
3959.750000 523.920227 0.166000 339.399994
3960.875000 524.159912 0.166000 339.505005
3962.125000 524.379761 0.175000 339.600006
3963.875000 524.589661 0.175000 339.704987
3966.250000 524.799561 0.175000 339.795013
3967.000000 525.009460 0.175000 339.904999
3968.250000 525.219421 0.175000 340.005005
3969.250000 525.429382 0.175000 340.105011
3970.750000 525.639343 0.175000 340.200012
3972.250000 525.849243 0.175000 340.309998
3973.000000 525.849243 0.175000 340.394989
3974.250000 526.079163 0.175000 340.505005
3975.125000 526.299072 0.166000 340.600006
3976.000000 526.508972 0.166000 340.700012
3977.250000 526.718872 0.166000 340.804993
3978.625000 526.968811 0.166000 340.899994
3979.750000 527.178772 0.166000 341.000000
3980.250000 527.388672 0.166000 341.105011
3980.625000 527.598572 0.166000 341.200012
3981.125000 527.808350 0.166000 341.304993
3981.875000 528.018005 0.166000 341.404999
3982.375000 528.227722 0.166000 341.500000
3983.250000 528.437439 0.155000 341.600006
3984.250000 528.640076 0.155000 341.700012
3984.750000 528.640076 0.155000 341.799988
3985.500000 528.859314 0.155000 341.899994
3986.375000 529.077087 0.155000 342.005005
3987.375000 529.277893 0.155000 342.100006
3987.625000 529.277893 0.155000 342.204987
3988.250000 529.483154 0.155000 342.299988
3988.625000 529.687622 0.155000 342.404999
3988.750000 529.892090 0.155000 342.494995
3989.250000 529.892090 0.146000 342.600006
3989.625000 530.097290 0.146000 342.704987
3990.125000 530.341248 0.146000 342.804993
3991.125000 530.549377 0.146000 342.904999
3991.250000 530.549377 0.146000 342.994995
3991.875000 530.955078 0.146000 343.105011
3991.875000 530.955078 0.146000 343.204987
3992.125000 531.163330 0.146000 343.299988
3992.250000 531.382996 0.146000 343.399994
3993.375000 531.583374 0.146000 343.505005
3993.625000 531.784119 0.136000 343.595001
3993.625000 531.995117 0.136000 343.695007
3993.625000 532.196167 0.136000 343.795013
3994.375000 532.397095 0.136000 343.904999
3994.375000 532.607849 0.136000 344.005005
3994.375000 532.808105 0.136000 344.105011
3994.500000 533.008179 0.136000 344.200012
3994.500000 533.217957 0.136000 344.304993
3994.625000 533.427673 0.136000 344.399994
3994.750000 533.677429 0.136000 344.500000
3994.750000 533.887085 0.141000 344.595001
3994.875000 534.097046 0.141000 344.704987
3994.875000 534.298279 0.141000 344.795013
3994.875000 534.498474 0.141000 344.894989
3995.000000 534.698730 0.141000 345.000000
3995.000000 534.899048 0.141000 345.100006
3995.125000 535.099243 0.141000 345.195007
3995.250000 535.299438 0.141000 345.304993
3995.250000 535.499695 0.141000 345.404999
3995.375000 535.701477 0.141000 345.505005
3995.375000 535.701477 0.116000 345.595001
3995.375000 535.905640 0.116000 345.704987
3995.375000 536.109131 0.116000 345.804993
3995.375000 536.109131 0.116000 345.904999
3995.500000 536.109131 0.116000 346.005005
3995.500000 536.309570 0.116000 346.105011
3995.625000 536.309570 0.116000 346.200012
3995.625000 536.309570 0.116000 346.304993
3995.625000 536.309570 0.116000 346.399994
3995.625000 536.309570 0.116000 346.500000
3995.625000 536.309570 0.116000 346.600006
3995.625000 536.309570 0.116000 346.690002
3995.625000 536.309570 0.116000 346.804993
3995.625000 536.309570 0.116000 346.904999
3995.625000 536.309570 0.116000 346.994995
3995.625000 536.309570 0.116000 347.105011
3995.625000 536.309570 0.116000 347.190002
3995.625000 536.309570 0.116000 347.299988
3995.625000 536.309570 0.116000 347.404999
3995.625000 536.309570 0.116000 347.500000
3995.625000 536.509888 0.110000 347.600006
3995.625000 536.509888 0.110000 347.704987
3995.625000 536.729126 0.110000 347.795013
3995.750000 536.931396 0.110000 347.904999
3995.750000 536.931396 0.110000 348.000000
3995.750000 537.135803 0.110000 348.100006
3995.750000 537.351135 0.110000 348.200012
3995.875000 537.551880 0.110000 348.299988
3995.875000 537.551880 0.110000 348.399994
3995.875000 537.757629 0.110000 348.505005
3996.000000 537.968933 0.105000 348.600006
3996.000000 537.968933 0.105000 348.700012
3996.000000 538.187195 0.105000 348.804993
3996.000000 538.406128 0.105000 348.899994
3996.125000 538.406128 0.105000 349.005005
3996.250000 538.632812 0.105000 349.105011
3996.250000 538.845154 0.105000 349.204987
3996.500000 538.845154 0.105000 349.304993
3996.500000 539.057495 0.105000 349.399994
3996.625000 539.271912 0.100000 349.500000
3997.000000 539.473267 0.100000 349.600006
3997.000000 539.473267 0.100000 349.704987
3997.125000 539.674011 0.100000 349.795013
3997.500000 539.881287 0.100000 349.899994
3997.500000 539.881287 0.100000 350.000000
3997.750000 540.081665 0.100000 350.095001
3997.750000 540.283081 0.100000 350.204987
3998.125000 540.485046 0.100000 350.295013
3998.125000 540.485046 0.100000 350.399994
3998.250000 540.694885 0.100000 350.505005
3998.500000 540.897827 0.124000 350.600006
3998.625000 541.101807 0.124000 350.704987
3998.625000 541.101807 0.124000 350.799988
3999.000000 541.306580 0.124000 350.904999
3999.000000 541.506897 0.124000 350.994995
3999.000000 541.710876 0.124000 351.100006
3999.125000 541.918152 0.124000 351.200012
3999.125000 542.122009 0.124000 351.295013
3999.750000 542.338928 0.124000 351.404999
4000.125000 542.547607 0.124000 351.494995
4000.375000 542.756958 0.145000 351.600006
4000.375000 542.966309 0.145000 351.700012
4000.375000 542.966309 0.145000 351.795013
4000.625000 543.185120 0.145000 351.904999
4000.625000 543.413147 0.145000 352.005005
4000.875000 543.620789 0.145000 352.089996
4000.875000 543.828308 0.145000 352.195007
4000.875000 544.076721 0.145000 352.309998
4001.250000 544.316467 0.145000 352.404999
4001.250000 544.516785 0.145000 352.505005
4001.500000 544.717468 0.142000 352.600006
4001.625000 544.928467 0.142000 352.704987
4001.750000 545.129333 0.142000 352.795013
4001.875000 545.329468 0.142000 352.904999
4001.875000 545.539490 0.142000 353.000000
4002.000000 545.739807 0.142000 353.105011
4002.125000 545.940308 0.142000 353.200012
4002.125000 546.140869 0.142000 353.295013
4002.125000 546.341431 0.142000 353.404999
4002.125000 546.542114 0.142000 353.500000
4002.250000 546.742798 0.160000 353.595001
4002.375000 546.943481 0.160000 353.704987
4002.875000 547.144165 0.160000 353.799988
4003.125000 547.344666 0.160000 353.904999
4003.250000 547.554565 0.160000 354.000000
4003.250000 547.554565 0.160000 354.089996
4003.625000 547.972595 0.160000 354.204987
4004.500000 547.972595 0.160000 354.295013
4006.375000 548.180908 0.160000 354.404999
4007.375000 548.408569 0.160000 354.505005
4008.250000 548.616455 0.166000 354.589996
4010.000000 548.824524 0.166000 354.704987
4011.125000 549.032837 0.166000 354.795013
4012.500000 549.261780 0.166000 354.904999
4013.875000 549.481201 0.166000 355.005005
4014.750000 549.691162 0.166000 355.100006
4016.125000 549.901062 0.166000 355.200012
4017.875000 550.110718 0.166000 355.299988
4019.250000 550.316467 0.166000 355.394989
4020.250000 550.521240 0.166000 355.494995
4021.625000 550.521240 0.188000 355.600006
4023.000000 550.726135 0.188000 355.700012
4025.375000 550.930237 0.188000 355.799988
4027.000000 551.140076 0.188000 355.899994
4028.125000 551.344788 0.188000 356.000000
4029.750000 551.547058 0.188000 356.105011
4030.625000 551.753235 0.188000 356.195007
4032.375000 551.961304 0.188000 356.304993
4034.625000 552.170227 0.188000 356.404999
4035.875000 552.379639 0.188000 356.505005
4037.250000 552.589233 0.207000 356.600006
4038.875000 552.589233 0.207000 356.700012
4039.750000 552.818848 0.207000 356.795013
4040.875000 553.028442 0.207000 356.899994
4042.000000 553.238220 0.207000 356.994995
4043.750000 553.448120 0.207000 357.105011
4044.750000 553.658081 0.207000 357.195007
4046.000000 553.867981 0.207000 357.299988
4047.625000 554.077576 0.207000 357.390015
4049.000000 554.287170 0.207000 357.489990
4050.625000 554.536865 0.163000 357.595001
4051.750000 554.756653 0.163000 357.704987
4053.375000 554.966492 0.163000 357.799988
4055.125000 555.176392 0.163000 357.899994
4056.500000 555.386292 0.163000 358.000000
4057.500000 555.386292 0.163000 358.100006
4058.875000 555.616211 0.163000 358.204987
4059.875000 555.826111 0.163000 358.304993
4061.250000 556.036011 0.163000 358.399994
4062.375000 556.245911 0.163000 358.505005
4063.375000 556.455811 0.172000 358.605011
4064.625000 556.665710 0.172000 358.704987
4066.875000 556.875244 0.172000 358.799988
4068.000000 557.094727 0.172000 358.904999
4069.250000 557.304321 0.172000 359.005005
4070.500000 557.514038 0.172000 359.100006
4071.750000 557.723816 0.172000 359.200012
4073.375000 557.933655 0.172000 359.295013
4074.250000 558.143555 0.172000 359.404999
4075.125000 558.353516 0.172000 359.505005
4076.625000 558.563416 0.172000 359.600006
4077.875000 558.773315 0.172000 359.695007
4079.125000 558.983215 0.172000 359.799988
4079.625000 558.983215 0.172000 359.899994
4081.000000 559.223083 0.172000 360.005005
4082.750000 559.432983 0.172000 360.105011
4083.000000 559.642883 0.172000 360.200012
4085.000000 559.852783 0.172000 360.304993
4085.625000 560.062683 0.172000 360.404999
4087.125000 560.272644 0.172000 360.505005
4088.875000 560.512573 0.175000 360.600006
4090.000000 560.752441 0.175000 360.704987
4092.000000 560.962158 0.175000 360.799988
4093.750000 561.171814 0.175000 360.894989
4095.250000 561.381042 0.175000 361.000000
4097.250000 561.381042 0.175000 361.100006
4098.500000 561.590271 0.175000 361.200012
4100.000000 561.809753 0.175000 361.299988
4102.750000 562.019470 0.175000 361.394989
4105.875000 562.229309 0.175000 361.500000
4108.625000 562.439209 0.177000 361.605011
4111.375000 562.649170 0.177000 361.695007
4112.250000 562.889160 0.177000 361.799988
4114.000000 563.109192 0.177000 361.899994
4115.750000 563.319214 0.177000 362.000000
4118.625000 563.519226 0.177000 362.095001
4121.375000 563.729187 0.177000 362.195007
4124.625000 563.939087 0.177000 362.299988
4127.750000 564.148987 0.177000 362.399994
4133.750000 564.358887 0.177000 362.500000
4140.250000 564.568665 0.174000 362.600006
4146.625000 564.778381 0.174000 362.700012
4153.125000 564.778381 0.174000 362.799988
4160.875000 564.988220 0.174000 362.904999
4169.250000 565.228088 0.174000 362.994995
4173.500000 565.438049 0.174000 363.105011
4179.250000 565.648010 0.174000 363.200012
4182.750000 565.888000 0.174000 363.304993
4185.125000 566.107971 0.174000 363.404999
4190.750000 566.317993 0.174000 363.500000
4193.250000 566.527954 0.217000 363.605011
4194.750000 566.737732 0.217000 363.700012
4197.250000 566.947388 0.217000 363.804993
4199.500000 567.157104 0.217000 363.899994
4201.500000 567.366943 0.217000 364.000000
4203.625000 567.576843 0.217000 364.100006
4206.250000 567.576843 0.217000 364.200012
4208.125000 567.816650 0.217000 364.304993
4210.500000 568.026489 0.217000 364.394989
4212.875000 568.236328 0.217000 364.505005
4215.125000 568.446106 0.217000 364.595001
4217.375000 568.655884 0.298000 364.700012
4218.500000 568.895630 0.298000 364.799988
4220.500000 569.115479 0.298000 364.910004
4221.875000 569.325378 0.298000 365.000000
4223.875000 569.535278 0.298000 365.105011
4224.750000 569.745178 0.298000 365.200012
4226.125000 569.955078 0.298000 365.304993
4227.250000 570.164978 0.298000 365.394989
4228.750000 570.374817 0.298000 365.505005
4230.750000 570.374817 0.298000 365.600006
4231.625000 570.614624 0.281000 365.704987
4232.875000 570.834412 0.281000 365.799988
4234.500000 571.044312 0.281000 365.899994
4235.375000 571.254211 0.281000 366.000000
4236.000000 571.524109 0.281000 366.095001
4237.125000 571.734009 0.281000 366.200012
4237.750000 571.943909 0.281000 366.299988
4239.125000 572.153809 0.281000 366.399994
4240.125000 572.363708 0.281000 366.500000
4241.500000 572.573608 0.211000 366.605011
4242.625000 572.783447 0.211000 366.704987
4243.375000 572.783447 0.211000 366.799988
4244.000000 573.003296 0.211000 366.899994
4245.375000 573.213135 0.211000 367.000000
4246.375000 573.422974 0.211000 367.100006
4247.625000 573.632812 0.211000 367.200012
4248.875000 573.842712 0.211000 367.304993
4250.000000 574.092590 0.211000 367.399994
4251.000000 574.302490 0.211000 367.505005
4251.375000 574.512390 0.215000 367.600006
4252.375000 574.722351 0.215000 367.704987
4253.000000 574.932312 0.215000 367.795013
4254.000000 575.142212 0.215000 367.904999
4254.625000 575.352051 0.215000 367.994995
4255.625000 575.561890 0.215000 368.100006
4256.125000 575.771667 0.215000 368.200012
4257.000000 575.771667 0.215000 368.299988
4257.625000 576.011414 0.215000 368.399994
4258.250000 576.221252 0.215000 368.494995
4259.000000 576.431091 0.225000 368.595001
4259.875000 576.640747 0.225000 368.700012
4260.875000 576.890381 0.225000 368.795013
4261.500000 577.100159 0.225000 368.894989
4262.625000 577.320007 0.225000 369.000000
4263.500000 577.529846 0.225000 369.105011
4264.375000 577.739685 0.225000 369.204987
4265.125000 577.949585 0.225000 369.295013
4266.375000 578.159485 0.225000 369.404999
4267.375000 578.369385 0.225000 369.505005
4268.250000 578.579285 0.207000 369.605011
4269.875000 578.579285 0.207000 369.704987
4271.000000 578.809143 0.207000 369.799988
4271.375000 579.018555 0.207000 369.899994
4272.625000 579.228027 0.207000 370.010010
4273.500000 579.437683 0.207000 370.100006
4274.875000 579.647461 0.207000 370.204987
4276.125000 579.917297 0.207000 370.295013
4278.375000 580.127258 0.207000 370.399994
4279.750000 580.337219 0.207000 370.494995
4282.875000 580.547180 0.217000 370.600006
4285.375000 580.747192 0.217000 370.700012
4286.625000 580.957153 0.217000 370.795013
4288.375000 581.167175 0.217000 370.899994
4292.250000 581.367188 0.217000 371.005005
4293.000000 581.567261 0.217000 371.105011
4294.750000 581.567261 0.217000 371.195007
4296.375000 581.797302 0.217000 371.295013
4298.375000 582.007324 0.217000 371.404999
4300.375000 582.227356 0.217000 371.505005
4302.375000 582.427368 0.231000 371.605011
4304.625000 582.637329 0.231000 371.700012
4306.750000 582.847290 0.231000 371.790009
4308.125000 583.067200 0.231000 371.899994
4310.500000 583.286682 0.231000 371.994995
4314.500000 583.495667 0.231000 372.105011
4316.125000 583.704346 0.231000 372.195007
4319.000000 583.912109 0.231000 372.304993
4320.000000 584.116394 0.231000 372.394989
4320.625000 584.320435 0.231000 372.505005
4321.750000 584.320435 0.256000 372.600006
4322.875000 584.533081 0.256000 372.704987
4323.625000 584.764038 0.256000 372.804993
4324.125000 584.970459 0.256000 372.904999
4325.125000 585.173340 0.256000 372.994995
4326.250000 585.373962 0.256000 373.095001
4328.000000 585.578064 0.256000 373.204987
4329.375000 585.784607 0.256000 373.304993
4331.125000 585.784607 0.256000 373.394989
4332.625000 586.009888 0.256000 373.500000
4333.750000 586.216431 0.230000 373.600006
4337.500000 586.450439 0.230000 373.700012
4338.500000 586.656982 0.230000 373.795013
4340.625000 586.858398 0.230000 373.899994
4341.875000 587.058716 0.230000 374.000000
4343.500000 587.058716 0.230000 374.095001
4345.000000 587.282654 0.230000 374.190002
4346.750000 587.528320 0.230000 374.299988
4347.500000 587.736206 0.230000 374.399994
4349.375000 587.964905 0.230000 374.500000
4349.750000 588.174133 0.223000 374.595001
4350.875000 588.383545 0.223000 374.695007
4352.375000 588.593079 0.223000 374.795013
4353.125000 588.802734 0.223000 374.899994
4354.500000 589.012451 0.223000 375.005005
4355.000000 589.222229 0.223000 375.100006
4355.500000 589.432007 0.223000 375.204987
4356.625000 589.641785 0.223000 375.304993
4357.750000 589.641785 0.223000 375.399994
4359.125000 589.851501 0.223000 375.494995
4360.375000 590.071167 0.206000 375.600006
4361.375000 590.280945 0.206000 375.690002
4362.375000 590.490723 0.206000 375.799988
4363.625000 590.700562 0.206000 375.904999
4364.750000 590.910461 0.206000 376.005005
4365.375000 591.120300 0.206000 376.100006
4365.625000 591.350098 0.206000 376.204987
4366.875000 591.559937 0.206000 376.299988
4368.625000 591.779785 0.206000 376.399994
4370.500000 591.989746 0.206000 376.505005
4372.500000 592.199707 0.225000 376.600006
4373.500000 592.409546 0.225000 376.709991
4374.125000 592.619385 0.225000 376.799988
4375.375000 592.829224 0.225000 376.904999
4377.375000 592.829224 0.225000 376.994995
4378.625000 593.069031 0.225000 377.105011
4379.875000 593.278931 0.225000 377.195007
4381.375000 593.488831 0.225000 377.304993
4382.875000 593.698730 0.225000 377.394989
4384.625000 593.908630 0.225000 377.506012
4386.250000 594.118530 0.196000 377.595001
4387.750000 594.358459 0.196000 377.700012
4389.125000 594.588440 0.196000 377.795013
4391.125000 594.798462 0.196000 377.899994
4392.875000 595.008484 0.196000 378.000000
4394.750000 595.218506 0.196000 378.100006
4396.875000 595.428467 0.196000 378.204987
4398.750000 595.638367 0.196000 378.304993
4401.500000 595.848267 0.196000 378.404999
4403.875000 595.848267 0.196000 378.505005
4406.125000 596.088196 0.192000 378.600006
4409.125000 596.298096 0.192000 378.704987
4412.625000 596.507996 0.192000 378.799988
4416.625000 596.757874 0.192000 378.899994
4420.375000 596.967773 0.192000 379.000000
4422.500000 597.177673 0.192000 379.100006
4426.750000 597.387695 0.192000 379.195007
4430.875000 597.597717 0.192000 379.304993
4433.750000 597.807617 0.192000 379.399994
4436.250000 598.017517 0.192000 379.505005
4439.125000 598.227356 0.218000 379.600006
4443.250000 598.227356 0.218000 379.695007
4446.250000 598.457214 0.218000 379.804993
4449.375000 598.687134 0.218000 379.899994
4453.000000 598.897095 0.218000 380.000000
4455.500000 599.106689 0.218000 380.105011
4457.500000 599.314636 0.218000 380.200012
4459.750000 599.536316 0.218000 380.304993
4463.000000 599.738831 0.218000 380.394989
4464.500000 599.738831 0.218000 380.505005
4466.750000 599.969238 0.218000 380.605011
4469.375000 600.200195 0.290000 380.700012
4471.625000 600.200195 0.290000 380.799988
4474.250000 600.428955 0.290000 380.899994
4476.375000 600.649780 0.290000 380.989990
4480.125000 600.649780 0.290000 381.100006
4483.500000 600.878235 0.290000 381.200012
4486.750000 601.122498 0.290000 381.295013
4489.625000 601.324585 0.290000 381.404999
4493.000000 601.530884 0.290000 381.500000
4495.250000 601.734497 0.290000 381.605011
4496.750000 601.734497 0.309000 381.704987
4499.125000 601.961426 0.309000 381.795013
4501.875000 602.170410 0.309000 381.894989
4503.625000 602.380127 0.309000 381.994995
4506.625000 602.580139 0.309000 382.105011
4509.875000 602.780396 0.309000 382.200012
4512.625000 602.980469 0.309000 382.299988
4514.750000 603.190002 0.309000 382.394989
4517.500000 603.399170 0.309000 382.505005
4519.875000 603.608887 0.309000 382.595001
4522.125000 603.829224 0.340000 382.700012
4523.500000 604.037231 0.340000 382.799988
4525.125000 604.238770 0.340000 382.910004
4527.500000 604.238770 0.340000 382.989990
4529.875000 604.446106 0.340000 383.100006
4531.500000 604.646790 0.340000 383.205994
4534.000000 604.855652 0.340000 383.304993
4537.375000 604.855652 0.340000 383.399994
4542.750000 605.062073 0.340000 383.505005
4545.500000 605.282349 0.340000 383.605011
4548.000000 605.488708 0.299000 383.704987
4549.125000 605.488708 0.299000 383.799988
4551.000000 605.689331 0.299000 383.894989
4551.750000 605.890930 0.299000 384.005005
4552.875000 606.093811 0.299000 384.100006
4554.000000 606.093811 0.299000 384.204987
4555.125000 606.297913 0.299000 384.304993
4555.875000 606.502625 0.299000 384.394989
4556.125000 606.707642 0.299000 384.505005
4556.875000 606.707642 0.299000 384.595001
4557.750000 606.936523 0.265000 384.704987
4558.250000 607.156738 0.265000 384.795013
4560.000000 607.362915 0.265000 384.904999
4560.250000 607.565369 0.265000 384.994995
4561.375000 607.770996 0.265000 385.105011
4562.500000 607.978760 0.265000 385.200012
4563.375000 607.978760 0.265000 385.299988
4564.000000 608.217773 0.265000 385.394989
4564.375000 608.427673 0.265000 385.500000
4564.875000 608.627930 0.252000 385.605011
4565.625000 608.828369 0.252000 385.700012
4565.750000 609.028992 0.252000 385.799988
4567.125000 609.229736 0.252000 385.899994
4568.875000 609.430481 0.252000 386.005005
4569.375000 609.630737 0.252000 386.105011
4570.625000 609.840332 0.252000 386.200012
4571.000000 610.049988 0.252000 386.299988
4572.125000 610.257507 0.252000 386.404999
4572.500000 610.483887 0.252000 386.500000
4572.625000 610.691650 0.234000 386.600006
4573.625000 610.691650 0.234000 386.700012
4575.375000 610.914307 0.234000 386.804993
4575.750000 611.116028 0.234000 386.894989
4576.625000 611.363525 0.234000 386.994995
4576.875000 611.565186 0.234000 387.105011
4577.875000 611.770630 0.234000 387.195007
4578.250000 611.978149 0.234000 387.304993
4578.750000 612.186584 0.234000 387.399994
4579.750000 612.395752 0.234000 387.500000
4580.750000 612.605347 0.234000 387.605011
4580.750000 612.605347 0.265000 387.704987
4581.125000 612.825134 0.265000 387.804993
4581.750000 613.044434 0.265000 387.910004
4582.125000 613.253601 0.265000 388.000000
4582.750000 613.462830 0.265000 388.105011
4582.875000 613.672058 0.265000 388.209991
4583.375000 613.881409 0.265000 388.304993
4584.250000 614.110596 0.265000 388.410004
4584.500000 614.330017 0.265000 388.505005
4585.000000 614.539673 0.265000 388.600006
4585.875000 614.759399 0.239000 388.709991
4586.250000 614.969238 0.239000 388.809998
4586.500000 615.179138 0.239000 388.904999
4587.125000 615.389038 0.239000 389.010010
4587.250000 615.389038 0.239000 389.105011
4587.625000 615.638916 0.239000 389.204987
4588.250000 615.848816 0.239000 389.309998
4589.250000 616.058716 0.239000 389.404999
4590.000000 616.268555 0.239000 389.505005
4590.875000 616.508118 0.239000 389.609985
4591.250000 616.727722 0.248000 389.704987
4591.875000 616.957214 0.248000 389.809998
4592.250000 617.166260 0.248000 389.899994
4592.750000 617.375366 0.248000 390.005005
4593.500000 617.584778 0.248000 390.109985
4593.875000 617.584778 0.248000 390.200012
4594.250000 617.794434 0.248000 390.309998
4595.250000 618.024231 0.248000 390.404999
4595.250000 618.234131 0.248000 390.505005
4595.625000 618.444153 0.200000 390.609985
4596.125000 618.644226 0.200000 390.700012
4596.750000 618.844299 0.200000 390.795013
4597.500000 619.054260 0.200000 390.899994
4598.000000 619.264221 0.200000 391.010010
4598.250000 619.464294 0.200000 391.100006
4598.375000 619.694458 0.200000 391.200012
4599.125000 619.924683 0.200000 391.299988
4599.250000 620.124878 0.200000 391.404999
4599.750000 620.325073 0.200000 391.494995
4600.000000 620.525269 0.185000 391.605011
4600.000000 620.725403 0.185000 391.690002
4600.625000 620.925476 0.185000 391.804993
4601.125000 621.125610 0.185000 391.899994
4601.375000 621.325806 0.185000 392.005005
4601.750000 621.526001 0.185000 392.109985
4602.000000 621.736267 0.185000 392.204987
4602.500000 621.936523 0.185000 392.304993
4602.750000 622.136780 0.185000 392.399994
4603.500000 622.337097 0.185000 392.505005
4604.125000 622.537415 0.176000 392.600006
4604.500000 622.737671 0.176000 392.700012
4605.000000 622.937927 0.176000 392.799988
4605.625000 623.138184 0.176000 392.899994
4605.875000 623.338440 0.176000 393.000000
4606.750000 623.538635 0.176000 393.105011
4607.375000 623.738831 0.176000 393.195007
4608.375000 623.939087 0.176000 393.304993
4609.250000 624.139343 0.176000 393.410004
4610.625000 624.349243 0.176000 393.510010
4612.750000 624.558655 0.176000 393.605011
4615.125000 624.768066 0.176000 393.704987
4619.125000 624.977661 0.176000 393.809998
4622.125000 624.977661 0.176000 393.899994
4624.500000 625.197083 0.176000 394.005005
4629.375000 625.426514 0.176000 394.109985
4633.875000 625.645874 0.176000 394.200012
4637.375000 625.853821 0.176000 394.299988
4642.750000 626.092957 0.176000 394.410004
4647.625000 626.092957 0.176000 394.510010
4652.000000 626.314819 0.181000 394.609985
4654.375000 626.544556 0.181000 394.704987
4655.875000 626.544556 0.181000 394.799988
4658.750000 626.749512 0.181000 394.904999
4660.000000 626.954590 0.181000 395.000000
4661.500000 627.159912 0.181000 395.105011
4663.750000 627.159912 0.181000 395.209991
4665.250000 627.366577 0.181000 395.304993
4667.875000 627.575073 0.181000 395.404999
4672.625000 627.803833 0.181000 395.515015
4675.250000 628.014893 0.217000 395.605011
4682.000000 628.220703 0.217000 395.714996
4684.375000 628.438538 0.217000 395.809998
4688.375000 628.647522 0.217000 395.910004
4692.625000 628.856995 0.217000 396.002991
4698.500000 629.066711 0.217000 396.100006
4700.250000 629.066711 0.217000 396.200012
4703.125000 629.286621 0.217000 396.299988
4703.875000 629.516479 0.217000 396.399994
4705.500000 629.726013 0.217000 396.505005
4710.625000 629.935608 0.217000 396.600006
4715.375000 630.145447 0.264000 396.700012
4718.750000 630.385315 0.264000 396.804993
4720.375000 630.594666 0.264000 396.899994
4720.875000 630.803772 0.264000 397.000000
4721.625000 631.013123 0.264000 397.100006
4723.000000 631.222717 0.264000 397.200012
4723.375000 631.432495 0.264000 397.304993
4724.250000 631.642334 0.264000 397.399994
4725.500000 631.852173 0.264000 397.505005
4727.125000 632.061768 0.264000 397.605011
4728.125000 632.061768 0.294000 397.700012
4729.375000 632.290588 0.294000 397.799988
4729.875000 632.508667 0.294000 397.899994
4730.500000 632.716492 0.294000 398.000000
4730.750000 632.924927 0.294000 398.105011
4731.000000 633.133850 0.294000 398.204987
4731.625000 633.342712 0.294000 398.299988
4732.125000 633.571350 0.294000 398.399994
4733.000000 633.780701 0.294000 398.505005
4733.125000 634.010376 0.167000 398.600006
4733.250000 634.220276 0.167000 398.700012
4733.375000 634.429382 0.167000 398.799988
4733.500000 634.637451 0.167000 398.904999
4733.750000 634.844666 0.167000 399.000000
4733.875000 634.844666 0.167000 399.095001
4734.000000 635.071045 0.167000 399.204987
4734.125000 635.288208 0.167000 399.299988
4734.250000 635.496582 0.167000 399.404999
4734.375000 635.705688 0.167000 399.494995
4734.375000 635.915161 0.181000 399.605011
4734.750000 636.144714 0.181000 399.704987
4734.750000 636.374451 0.181000 399.804993
4734.750000 636.584290 0.181000 399.899994
4735.000000 636.794189 0.181000 400.005005
4735.125000 637.004028 0.181000 400.105011
4735.375000 637.213806 0.181000 400.200012
4735.500000 637.423584 0.181000 400.299988
4735.500000 637.633362 0.181000 400.399994
4735.750000 637.843140 0.181000 400.505005
4736.000000 637.843140 0.190000 400.605011
4736.125000 638.072571 0.190000 400.695007
4736.125000 638.279480 0.190000 400.799988
4736.375000 638.484802 0.190000 400.894989
4736.500000 638.484802 0.190000 401.000000
4736.625000 638.691589 0.190000 401.109985
4736.875000 638.691589 0.190000 401.195007
4737.000000 638.691589 0.190000 401.304993
4737.250000 638.691589 0.190000 401.404999
4737.375000 638.891724 0.190000 401.505005
4737.375000 638.891724 0.196000 401.600006
4737.375000 638.891724 0.196000 401.704987
4737.750000 638.891724 0.196000 401.804993
4737.750000 638.891724 0.196000 401.904999
4738.250000 638.891724 0.196000 402.000000
4738.250000 638.891724 0.196000 402.095001
4738.375000 638.891724 0.196000 402.200012
4738.375000 638.891724 0.196000 402.304993
4738.875000 638.891724 0.196000 402.399994
4738.875000 638.891724 0.196000 402.500000
4739.250000 638.891724 0.196000 402.600006
4739.625000 638.891724 0.196000 402.704987
4739.625000 638.891724 0.196000 402.804993
4739.625000 638.891724 0.196000 402.899994
4739.875000 638.891724 0.196000 403.005005
4740.125000 638.891724 0.196000 403.105011
4740.375000 638.891724 0.196000 403.200012
4740.375000 638.891724 0.196000 403.304993
4740.500000 638.891724 0.196000 403.404999
4741.125000 638.891724 0.196000 403.494995
4741.125000 638.891724 0.170000 403.595001
4741.250000 638.891724 0.170000 403.704987
4741.250000 638.891724 0.170000 403.804993
4742.125000 639.094666 0.170000 403.904999
4742.625000 639.094666 0.170000 404.000000
4742.750000 639.314880 0.170000 404.095001
4742.875000 639.517639 0.170000 404.195007
4743.000000 639.517639 0.170000 404.299988
4743.375000 639.724731 0.170000 404.399994
4743.750000 639.932556 0.170000 404.505005
4744.250000 639.932556 0.184000 404.600006
4744.250000 640.136353 0.184000 404.700012
4744.625000 640.136353 0.184000 404.799988
4744.625000 640.136353 0.184000 404.904999
4745.125000 640.136353 0.184000 405.005005
4745.375000 640.339294 0.184000 405.100006
4745.875000 640.339294 0.184000 405.200012
4746.375000 640.339294 0.184000 405.304993
4746.500000 640.339294 0.184000 405.399994
4746.500000 640.339294 0.184000 405.505005
4746.750000 640.339294 0.169000 405.605011
4747.000000 640.339294 0.169000 405.700012
4747.250000 640.339294 0.169000 405.799988
4747.250000 640.339294 0.169000 405.899994
4747.375000 640.339294 0.169000 406.000000
4747.500000 640.339294 0.169000 406.105011
4747.500000 640.339294 0.169000 406.200012
4747.500000 640.339294 0.169000 406.299988
4747.750000 640.339294 0.169000 406.399994
4747.750000 640.339294 0.169000 406.500000
4747.875000 640.339294 0.165000 406.595001
4747.875000 640.339294 0.165000 406.695007
4748.000000 640.339294 0.165000 406.799988
4748.125000 640.339294 0.165000 406.899994
4748.125000 640.339294 0.165000 407.000000
4748.375000 640.339294 0.165000 407.095001
4748.375000 640.543030 0.165000 407.200012
4748.500000 640.746033 0.165000 407.299988
4748.500000 640.946289 0.165000 407.404999
4748.625000 640.946289 0.165000 407.505005
4748.875000 641.175903 0.165000 407.600006
4749.125000 641.381592 0.165000 407.700012
4749.250000 641.589478 0.165000 407.799988
4749.625000 641.798401 0.165000 407.899994
4749.625000 642.027771 0.165000 407.994995
4750.000000 642.237427 0.165000 408.095001
4750.500000 642.457153 0.165000 408.200012
4750.875000 642.666809 0.165000 408.304993
4751.500000 642.876526 0.165000 408.404999
4751.875000 643.086365 0.165000 408.500000
4752.000000 643.296265 0.173000 408.595001
4752.125000 643.506042 0.173000 408.704987
4752.250000 643.715698 0.173000 408.804993
4752.250000 643.925415 0.173000 408.904999
4752.375000 643.925415 0.173000 409.005005
4752.625000 644.165222 0.173000 409.100006
4752.875000 644.375122 0.173000 409.200012
4753.000000 644.584961 0.173000 409.299988
4753.125000 644.824585 0.173000 409.399994
4753.375000 645.034302 0.173000 409.505005
4753.375000 645.254150 0.207000 409.600006
4753.750000 645.463989 0.207000 409.704987
4753.750000 645.673218 0.207000 409.799988
4753.875000 645.881653 0.207000 409.899994
4754.000000 646.089539 0.207000 409.994995
4754.000000 646.297852 0.207000 410.105011
4754.000000 646.506958 0.207000 410.200012
4754.250000 646.716553 0.207000 410.304993
4754.250000 646.716553 0.207000 410.399994
4754.500000 646.946411 0.207000 410.505005
4754.625000 647.156555 0.218000 410.600006
4754.750000 647.356873 0.218000 410.704987
4754.875000 647.557190 0.218000 410.804993
4754.875000 647.766724 0.218000 410.904999
4755.000000 647.975159 0.218000 411.005005
4755.000000 648.182678 0.218000 411.100006
4755.125000 648.409851 0.218000 411.200012
4755.125000 648.618164 0.218000 411.309998
4755.125000 648.846680 0.218000 411.394989
4755.125000 649.060669 0.218000 411.505005
4755.250000 649.263000 0.218000 411.605011
4755.250000 649.263000 0.276000 411.704987
4755.250000 649.496277 0.276000 411.809998
4755.250000 649.702332 0.276000 411.904999
4755.250000 649.918762 0.276000 412.000000
4755.375000 650.122070 0.276000 412.095001
4755.375000 650.328430 0.276000 412.204987
4755.375000 650.536499 0.276000 412.299988
4755.750000 650.745422 0.276000 412.394989
4755.750000 650.954834 0.276000 412.505005
4755.750000 651.164551 0.276000 412.595001
4755.750000 651.374329 0.250000 412.700012
4755.750000 651.584167 0.250000 412.799988
4755.750000 651.794067 0.250000 412.904999
4755.750000 651.794067 0.250000 413.000000
4755.875000 652.023987 0.250000 413.100006
4756.000000 652.233887 0.250000 413.200012
4756.000000 652.443787 0.250000 413.304993
4756.125000 652.653748 0.250000 413.394989
4756.125000 652.883667 0.250000 413.500000
4756.125000 653.143494 0.250000 413.605011
4756.250000 653.353394 0.239000 413.704987
4756.500000 653.563293 0.239000 413.799988
4756.625000 653.773254 0.239000 413.904999
4756.625000 653.983215 0.239000 414.000000
4756.625000 654.193054 0.239000 414.105011
4756.750000 654.402893 0.239000 414.209991
4756.750000 654.402893 0.239000 414.304993
4756.875000 654.632751 0.239000 414.399994
4756.875000 654.842651 0.239000 414.500000
4756.875000 655.052673 0.228000 414.605011
4757.000000 655.252686 0.228000 414.700012
4757.000000 655.452698 0.228000 414.799988
4757.125000 655.652710 0.228000 414.899994
4757.250000 655.852722 0.228000 415.005005
4757.250000 656.052734 0.228000 415.100006
4757.375000 656.302734 0.228000 415.200012
4757.375000 656.512695 0.228000 415.304993
4757.500000 656.722717 0.228000 415.399994
4757.500000 656.932678 0.228000 415.494995
4757.500000 657.142639 0.193000 415.605011
4757.625000 657.352539 0.193000 415.704987
4757.625000 657.562561 0.193000 415.799988
4757.750000 657.762573 0.193000 415.904999
4757.750000 657.962585 0.193000 416.005005
4757.875000 657.962585 0.193000 416.089996
4758.000000 658.382507 0.193000 416.200012
4758.000000 658.382507 0.193000 416.299988
4758.125000 658.602478 0.193000 416.404999
4758.125000 658.802490 0.193000 416.500000
4758.125000 659.012512 0.182000 416.600006
4758.250000 659.222534 0.182000 416.700012
4758.250000 659.432556 0.182000 416.795013
4758.250000 659.632568 0.182000 416.890015
4758.375000 659.832581 0.182000 417.010010
4758.375000 660.042542 0.182000 417.100006
4758.500000 660.252319 0.182000 417.200012
4758.500000 660.462158 0.182000 417.299988
4758.625000 660.711975 0.182000 417.399994
4758.750000 660.921936 0.182000 417.505005
4758.750000 661.131836 0.204000 417.600006
4759.000000 661.351807 0.204000 417.704987
4759.000000 661.561768 0.204000 417.799988
4759.000000 661.761780 0.204000 417.899994
4759.250000 661.971619 0.204000 418.000000
4759.250000 662.181335 0.204000 418.100006
4759.375000 662.390991 0.204000 418.204987
4759.500000 662.390991 0.204000 418.295013
4759.500000 662.600708 0.204000 418.394989
4759.625000 662.820496 0.204000 418.505005
4759.750000 663.030396 0.164000 418.600006
4759.875000 663.240295 0.164000 418.700012
4759.875000 663.450195 0.164000 418.795013
4759.875000 663.690063 0.164000 418.904999
4760.000000 663.929932 0.164000 419.000000
4760.000000 664.139832 0.164000 419.100006
4760.125000 664.349731 0.164000 419.200012
4760.125000 664.559631 0.164000 419.299988
4760.125000 664.769287 0.164000 419.399994
4760.250000 664.978882 0.164000 419.500000
4760.250000 664.978882 0.155000 419.595001
4760.375000 665.198608 0.155000 419.704987
4760.375000 665.418213 0.155000 419.804993
4760.375000 665.627380 0.155000 419.899994
4760.625000 665.836670 0.155000 420.000000
4760.625000 666.046082 0.155000 420.100006
4760.750000 666.255432 0.155000 420.195007
4760.875000 666.464905 0.155000 420.304993
4761.000000 666.704529 0.155000 420.404999
4761.125000 666.914368 0.155000 420.505005
4761.125000 667.124268 0.164000 420.600006
4761.625000 667.334229 0.164000 420.700012
4762.000000 667.534241 0.164000 420.799988
4762.000000 667.744202 0.164000 420.894989
4762.000000 667.954102 0.164000 421.000000
4762.000000 668.164001 0.164000 421.105011
4762.000000 668.373962 0.164000 421.204987
4762.000000 668.583923 0.164000 421.309998
4762.000000 668.583923 0.164000 421.390015
4762.000000 668.793884 0.164000 421.500000
4762.125000 669.043762 0.210000 421.595001
4762.125000 669.253723 0.210000 421.704987
4762.500000 669.463684 0.210000 421.795013
4762.625000 669.683655 0.210000 421.904999
4762.750000 669.903320 0.210000 422.005005
4763.000000 670.132629 0.210000 422.100006
4763.875000 670.341797 0.210000 422.200012
4763.875000 670.550964 0.210000 422.304993
4764.000000 670.760498 0.210000 422.399994
4764.125000 670.760498 0.210000 422.494995
4764.500000 670.990417 0.237000 422.600006
4765.625000 671.220520 0.237000 422.709991
4765.875000 671.420776 0.237000 422.799988
4767.375000 671.621094 0.237000 422.904999
4768.000000 671.831116 0.237000 422.994995
4768.250000 672.040405 0.237000 423.105011
4768.500000 672.249084 0.237000 423.195007
4768.875000 672.487000 0.237000 423.304993
4769.125000 672.694214 0.237000 423.404999
4770.000000 672.897583 0.237000 423.505005
4770.375000 673.101074 0.206000 423.595001
4770.500000 673.304016 0.206000 423.704987
4770.750000 673.304016 0.206000 423.795013
4770.750000 673.531006 0.206000 423.899994
4770.750000 673.739319 0.206000 424.005005
4770.875000 673.943359 0.206000 424.100006
4770.875000 674.189270 0.206000 424.200012
4771.000000 674.397217 0.206000 424.299988
4771.375000 674.605347 0.206000 424.404999
4771.375000 674.810425 0.206000 424.494995
4771.375000 675.015015 0.182000 424.605011
4771.625000 675.221863 0.182000 424.704987
4771.875000 675.221863 0.182000 424.804993
4772.250000 675.445435 0.182000 424.904999
4772.500000 675.656799 0.182000 425.000000
4772.625000 675.861694 0.182000 425.105011
4773.000000 676.107117 0.182000 425.204987
4773.125000 676.313538 0.182000 425.304993
4773.125000 676.529968 0.182000 425.394989
4773.250000 676.747803 0.182000 425.510010
4773.625000 676.956726 0.192000 425.600006
4774.000000 677.166138 0.192000 425.700012
4774.625000 677.375793 0.192000 425.800995
4774.750000 677.585510 0.192000 425.904999
4775.000000 677.585510 0.192000 426.000000
4775.250000 677.815308 0.192000 426.100006
4775.750000 678.025208 0.192000 426.204987
4775.875000 678.235107 0.192000 426.295013
4776.000000 678.445007 0.192000 426.399994
4776.375000 678.655029 0.192000 426.500000
4777.250000 678.885071 0.211000 426.605011
4777.875000 679.115173 0.211000 426.695007
4778.250000 679.315308 0.211000 426.804993
4778.625000 679.515503 0.211000 426.904999
4779.125000 679.715637 0.211000 427.000000
4779.250000 679.925598 0.211000 427.109985
4779.375000 680.135498 0.211000 427.190002
4779.625000 680.345459 0.211000 427.304993
4780.750000 680.555359 0.211000 427.399994
4780.875000 680.765259 0.211000 427.500000
4781.000000 680.969055 0.197000 427.600006
4781.000000 680.969055 0.197000 427.700012
4782.000000 681.172485 0.197000 427.799988
4782.000000 681.373169 0.197000 427.910004
4782.000000 681.373169 0.197000 428.005005
4782.375000 681.373169 0.197000 428.105011
4782.625000 681.573547 0.197000 428.204987
4782.750000 681.573547 0.197000 428.304993
4782.875000 681.573547 0.197000 428.404999
4783.125000 681.573547 0.197000 428.500000
4783.500000 681.573547 0.183000 428.605011
4783.625000 681.573547 0.183000 428.700012
4783.750000 681.573547 0.183000 428.795013
4784.375000 681.773560 0.183000 428.904999
4784.875000 681.773560 0.183000 429.005005
4785.125000 681.773560 0.183000 429.105011
4785.125000 681.773560 0.183000 429.200012
4785.375000 681.773560 0.183000 429.304993
4785.500000 681.773560 0.183000 429.399994
4785.875000 681.773560 0.183000 429.500000
4786.000000 681.773560 0.174000 429.600006
4786.500000 681.773560 0.174000 429.704987
4786.875000 681.976990 0.174000 429.795013
4787.125000 682.178528 0.174000 429.904999
4787.250000 682.178528 0.174000 429.994995
4787.625000 682.410889 0.174000 430.105011
4788.250000 682.616821 0.174000 430.204987
4788.625000 682.820068 0.174000 430.309998
4788.875000 683.026550 0.174000 430.399994
4789.000000 683.234802 0.174000 430.505005
4789.375000 683.443726 0.164000 430.605011
4789.750000 683.683105 0.164000 430.700012
4790.250000 683.892944 0.164000 430.799988
4790.375000 684.092957 0.164000 430.894989
4790.875000 684.293091 0.164000 431.000000
4791.625000 684.493225 0.164000 431.105011
4792.250000 684.693359 0.164000 431.200012
4792.625000 684.893494 0.164000 431.304993
4793.125000 685.123718 0.164000 431.404999
4793.500000 685.323975 0.164000 431.500000
4794.375000 685.524231 0.190000 431.605011
4794.875000 685.729553 0.190000 431.704987
4796.000000 685.729553 0.190000 431.799988
4796.625000 685.952637 0.190000 431.899994
4797.500000 686.157227 0.190000 432.000000
4798.125000 686.359802 0.190000 432.105011
4798.375000 686.359802 0.190000 432.200012
4798.375000 686.595642 0.190000 432.295013
4799.000000 686.799500 0.190000 432.404999
4799.000000 687.003235 0.190000 432.494995
4799.375000 687.003235 0.151000 432.605011
4799.375000 687.207031 0.151000 432.695007
4799.375000 687.418030 0.151000 432.804993
4799.500000 687.623779 0.151000 432.904999
4799.750000 687.826721 0.151000 433.005005
4799.750000 687.826721 0.151000 433.109985
4799.875000 688.026978 0.151000 433.200012
4799.875000 688.227356 0.151000 433.304993
4800.250000 688.431274 0.151000 433.394989
4800.250000 688.431274 0.151000 433.505005
4800.250000 688.633484 0.183000 433.605011
4800.500000 688.835510 0.183000 433.704987
4800.875000 688.835510 0.183000 433.804993
4800.875000 689.052002 0.183000 433.899994
4801.000000 689.052002 0.183000 434.000000
4801.375000 689.052002 0.183000 434.100006
4801.625000 689.052002 0.183000 434.204987
4801.750000 689.255920 0.183000 434.304993
4802.000000 689.255920 0.183000 434.399994
4802.250000 689.255920 0.183000 434.505005
4802.750000 689.255920 0.161000 434.600006
4802.875000 689.255920 0.161000 434.700012
4803.125000 689.255920 0.161000 434.804993
4803.250000 689.255920 0.161000 434.904999
4804.000000 689.255920 0.161000 434.994995
4804.000000 689.255920 0.161000 435.105011
4804.250000 689.255920 0.161000 435.204987
4804.250000 689.255920 0.161000 435.299988
4804.500000 689.255920 0.161000 435.394989
4805.000000 689.255920 0.161000 435.505005
4805.125000 689.456543 0.134000 435.600006
4805.125000 689.456543 0.134000 435.709991
4805.125000 689.456543 0.134000 435.804993
4805.750000 689.659729 0.134000 435.904999
4806.000000 689.897034 0.134000 435.994995
4806.125000 690.100403 0.134000 436.105011
4806.375000 690.307190 0.134000 436.200012
4806.625000 690.509705 0.134000 436.304993
4806.750000 690.509705 0.134000 436.404999
4806.750000 690.743652 0.134000 436.500000
4806.875000 690.950012 0.129000 436.605011
4806.875000 691.158020 0.129000 436.700012
4807.000000 691.366882 0.129000 436.795013
4807.125000 691.596008 0.129000 436.904999
4807.250000 691.815369 0.129000 437.000000
4807.250000 692.024902 0.129000 437.105011
4807.375000 692.234619 0.129000 437.200012
4807.375000 692.444458 0.129000 437.299988
4807.500000 692.654358 0.129000 437.394989
4807.750000 692.864319 0.129000 437.505005
4807.750000 693.074280 0.115000 437.600006
4807.750000 693.274353 0.115000 437.705994
4807.875000 693.474365 0.115000 437.799988
4808.000000 693.684143 0.115000 437.904999
4808.375000 693.893738 0.115000 438.005005
4808.375000 694.103455 0.115000 438.109985
4808.375000 694.103455 0.115000 438.204987
4808.375000 694.343262 0.115000 438.299988
4808.375000 694.553162 0.115000 438.399994
4808.500000 694.763123 0.115000 438.505005
4808.625000 694.963135 0.134000 438.595001
4808.750000 695.203064 0.134000 438.700012
4808.750000 695.412964 0.134000 438.804993
4809.000000 695.622803 0.134000 438.904999
4809.125000 695.832581 0.134000 439.000000
4809.375000 696.042175 0.134000 439.100006
4809.625000 696.251831 0.134000 439.204987
4809.875000 696.461609 0.134000 439.304993
4810.000000 696.671448 0.134000 439.404999
4810.000000 696.881348 0.134000 439.505005
4810.125000 696.881348 0.131000 439.600006
4810.125000 697.111206 0.131000 439.704987
4810.375000 697.341125 0.131000 439.804993
4810.625000 697.551086 0.131000 439.899994
4810.625000 697.761047 0.131000 439.994995
4811.000000 698.010986 0.131000 440.100006
4811.000000 698.220886 0.131000 440.200012
4811.250000 698.430847 0.131000 440.304993
4811.500000 698.640808 0.131000 440.404999
4811.625000 698.850769 0.131000 440.500000
4811.750000 699.060730 0.127000 440.600006
4811.750000 699.270691 0.127000 440.704987
4812.250000 699.270691 0.127000 440.795013
4812.375000 699.490662 0.127000 440.904999
4812.500000 699.700623 0.127000 441.005005
4812.875000 699.920593 0.127000 441.105011
4813.625000 700.130127 0.127000 441.195007
4814.250000 700.339417 0.127000 441.304993
4814.875000 700.548645 0.127000 441.399994
4815.375000 700.758057 0.127000 441.500000
4815.625000 700.987610 0.128000 441.605011
4815.875000 701.207397 0.128000 441.704987
4816.625000 701.417236 0.128000 441.799988
4816.875000 701.626953 0.128000 441.899994
4817.250000 701.835999 0.128000 442.005005
4817.875000 702.044617 0.128000 442.100006
4818.750000 702.252563 0.128000 442.200012
4819.125000 702.459717 0.128000 442.299988
4819.875000 702.666382 0.128000 442.404999
4820.375000 702.872864 0.128000 442.505005
4820.375000 702.872864 0.153000 442.595001
4820.375000 703.084106 0.153000 442.700012
4820.625000 703.286987 0.153000 442.804993
4821.000000 703.487732 0.153000 442.904999
4821.250000 703.487732 0.153000 443.005005
4821.750000 703.487732 0.153000 443.100006
4822.375000 703.694275 0.153000 443.204987
4822.875000 703.694275 0.153000 443.304993
4823.375000 703.694275 0.153000 443.399994
4823.500000 703.694275 0.153000 443.505005
4823.625000 703.694275 0.162000 443.600006
4824.125000 703.694275 0.162000 443.695007
4824.750000 703.694275 0.162000 443.809998
4824.875000 703.694275 0.162000 443.904999
4824.875000 703.894592 0.162000 443.994995
4825.250000 703.894592 0.162000 444.105011
4825.625000 703.894592 0.162000 444.204987
4825.750000 703.894592 0.162000 444.304993
4826.000000 703.894592 0.162000 444.399994
4826.250000 703.894592 0.162000 444.505005
4826.375000 703.894592 0.155000 444.600006
4826.625000 703.894592 0.155000 444.700012
4827.000000 703.894592 0.155000 444.804993
4827.125000 703.894592 0.155000 444.899994
4827.250000 703.894592 0.155000 445.010010
4827.625000 703.894592 0.155000 445.100006
4828.125000 703.894592 0.155000 445.204987
4828.625000 703.894592 0.155000 445.304993
4828.625000 703.894592 0.155000 445.399994
4828.625000 703.894592 0.155000 445.505005
4828.750000 704.108643 0.134000 445.595001
4829.125000 704.310120 0.134000 445.704987
4829.375000 704.310120 0.134000 445.799988
4829.500000 704.510437 0.134000 445.899994
4830.000000 704.717346 0.134000 446.000000
4830.125000 704.919006 0.134000 446.105011
4830.625000 704.919006 0.134000 446.190002
4831.125000 705.123779 0.134000 446.295013
4831.125000 705.351379 0.134000 446.404999
4831.250000 705.553772 0.134000 446.505005
4831.625000 705.755127 0.137000 446.600006
4831.750000 705.960754 0.137000 446.704987
4832.875000 706.168701 0.137000 446.804993
4833.250000 706.377441 0.137000 446.899994
4833.375000 706.377441 0.137000 447.000000
4833.375000 706.585754 0.137000 447.100006
4834.000000 706.803284 0.137000 447.200012
4834.250000 707.021301 0.137000 447.299988
4834.875000 707.230164 0.137000 447.410004
4835.250000 707.439514 0.137000 447.505005
4835.625000 707.649170 0.135000 447.600006
4835.750000 707.858948 0.135000 447.700012
4835.875000 708.078735 0.135000 447.804993
4836.000000 708.318542 0.135000 447.899994
4836.125000 708.528320 0.135000 448.005005
4836.250000 708.738037 0.135000 448.105011
4836.375000 708.947815 0.135000 448.200012
4836.500000 709.157654 0.135000 448.304993
4836.625000 709.367554 0.135000 448.404999
4836.750000 709.367554 0.135000 448.500000
4836.875000 709.597412 0.133000 448.600006
4837.000000 709.817200 0.133000 448.704987
4837.125000 710.026978 0.133000 448.804993
4837.375000 710.236816 0.133000 448.904999
4837.375000 710.446594 0.133000 449.000000
4837.500000 710.686462 0.133000 449.105011
4837.625000 710.936279 0.133000 449.204987
4837.750000 711.146057 0.133000 449.304993
4837.750000 711.355835 0.133000 449.394989
4838.000000 711.565613 0.133000 449.510010
4838.250000 711.565613 0.136000 449.595001
4838.250000 711.805420 0.136000 449.700012
4838.375000 712.025146 0.136000 449.795013
4838.750000 712.234863 0.136000 449.904999
4838.875000 712.444641 0.136000 450.000000
4838.875000 712.694458 0.136000 450.100006
4839.000000 712.904297 0.136000 450.200012
4839.250000 713.114197 0.136000 450.309998
4839.375000 713.324158 0.136000 450.399994
4839.375000 713.534058 0.136000 450.505005
4839.625000 713.743896 0.139000 450.605011
4839.875000 713.953735 0.139000 450.700012
4839.875000 714.163574 0.139000 450.804993
4840.000000 714.373474 0.139000 450.904999
4840.000000 714.373474 0.139000 451.005005
4840.250000 714.583374 0.139000 451.105011
4840.250000 714.793274 0.139000 451.204987
4840.500000 715.013184 0.139000 451.299988
4840.500000 715.223083 0.139000 451.404999
4840.625000 715.433044 0.139000 451.494995
4840.875000 715.672974 0.116000 451.605011
4841.125000 715.886536 0.116000 451.709991
4841.250000 716.093262 0.116000 451.790009
4841.375000 716.093262 0.116000 451.894989
4841.500000 716.308777 0.116000 452.000000
4841.500000 716.308777 0.116000 452.105011
4841.500000 716.308777 0.116000 452.204987
4841.625000 716.308777 0.116000 452.304993
4841.625000 716.308777 0.116000 452.394989
4841.625000 716.308777 0.130000 452.505005
4841.750000 716.308777 0.130000 452.600006
4842.125000 716.308777 0.130000 452.704987
4842.250000 716.308777 0.130000 452.799988
4842.375000 716.509216 0.130000 452.904999
4842.375000 716.509216 0.130000 453.005005
4842.375000 716.509216 0.130000 453.100006
4842.500000 716.733032 0.130000 453.195007
4842.625000 716.941101 0.130000 453.299988
4842.625000 717.145691 0.130000 453.399994
4842.625000 717.353088 0.130000 453.505005
4842.625000 717.556763 0.108000 453.605011
4843.000000 717.762878 0.108000 453.700012
4843.250000 717.969299 0.108000 453.804993
4843.750000 718.175354 0.108000 453.904999
4843.750000 718.175354 0.108000 454.000000
4843.750000 718.381897 0.108000 454.100006
4843.750000 718.599609 0.108000 454.204987
4844.125000 718.828186 0.108000 454.304993
4844.125000 719.037415 0.108000 454.399994
4844.375000 719.276855 0.108000 454.505005
4844.500000 719.506470 0.134000 454.609985
4844.500000 719.725647 0.134000 454.704987
4844.500000 719.934204 0.134000 454.799988
4844.750000 720.142090 0.134000 454.894989
4844.750000 720.349548 0.134000 455.005005
4845.000000 720.557556 0.134000 455.105011
4845.125000 720.557556 0.134000 455.200012
4845.375000 720.765503 0.134000 455.304993
4845.750000 720.993408 0.134000 455.394989
4845.875000 721.201904 0.134000 455.500000
4846.500000 721.410217 0.148000 455.600006
4846.875000 721.618225 0.148000 455.704987
4846.875000 721.826233 0.148000 455.804993
4847.250000 722.034363 0.148000 455.904999
4847.375000 722.282776 0.148000 456.000000
4847.750000 722.492310 0.148000 456.105011
4848.000000 722.692322 0.148000 456.204987
4848.250000 722.892517 0.148000 456.299988
4848.375000 723.113159 0.148000 456.404999
4848.375000 723.314026 0.148000 456.505005
4848.625000 723.515015 0.188000 456.600006
4848.750000 723.716125 0.188000 456.700012
4848.750000 723.917297 0.188000 456.804993
4848.750000 724.118530 0.188000 456.899994
4848.750000 724.319763 0.188000 457.005005
4848.750000 724.520935 0.188000 457.105011
4848.750000 724.721985 0.188000 457.200012
4848.750000 724.922607 0.188000 457.299988
4848.750000 725.132446 0.188000 457.399994
4848.750000 725.341431 0.188000 457.505005
4848.750000 725.549744 0.175000 457.605011
4848.750000 725.549744 0.175000 457.695007
4848.750000 725.779968 0.175000 457.804993
4848.875000 725.981445 0.175000 457.910004
4848.875000 726.208191 0.175000 458.000000
4849.125000 726.411255 0.175000 458.105011
4849.125000 726.411255 0.175000 458.204987
4849.125000 726.618286 0.175000 458.304993
4849.125000 726.822876 0.175000 458.404999
4849.125000 726.822876 0.175000 458.500000
4849.125000 727.048950 0.179000 458.609985
4849.125000 727.282410 0.179000 458.704987
4849.125000 727.282410 0.179000 458.799988
4849.250000 727.492188 0.179000 458.904999
4849.250000 727.718506 0.179000 459.000000
4849.250000 727.718506 0.179000 459.100006
4849.250000 727.923279 0.179000 459.200012
4849.250000 728.124207 0.179000 459.304993
4849.500000 728.354797 0.179000 459.399994
4849.500000 728.558838 0.179000 459.505005
4849.500000 728.761169 0.164000 459.605011
4849.625000 728.969727 0.164000 459.704987
4849.875000 728.969727 0.164000 459.799988
4850.000000 729.179932 0.164000 459.904999
4850.125000 729.380493 0.164000 459.994995
4851.125000 729.584595 0.164000 460.109985
4851.125000 729.584595 0.164000 460.204987
4851.750000 729.805908 0.164000 460.315002
4851.875000 730.034180 0.164000 460.410004
4851.875000 730.034180 0.164000 460.510010
4852.125000 730.248169 0.164000 460.609985
4852.250000 730.466064 0.260000 460.704987
4852.875000 730.668091 0.260000 460.815002
4853.750000 730.668091 0.260000 460.910004
4854.250000 730.868103 0.260000 461.015015
4856.125000 731.074890 0.260000 461.105011
4858.250000 731.074890 0.260000 461.200012
4859.750000 731.289185 0.260000 461.309998
4861.125000 731.497314 0.260000 461.410004
4861.875000 731.699036 0.260000 461.505005
4862.500000 731.699036 0.258000 461.609985
4863.250000 731.901428 0.258000 461.709991
4863.625000 732.104980 0.258000 461.804993
4863.750000 732.309265 0.258000 461.910004
4864.500000 732.309265 0.258000 462.005005
4864.500000 732.534912 0.258000 462.109985
4864.875000 732.735962 0.258000 462.204987
4865.000000 732.735962 0.258000 462.309998
4865.250000 732.942139 0.258000 462.399994
4865.375000 733.146484 0.258000 462.505005
4865.375000 733.351318 0.180000 462.614990
4865.500000 733.351318 0.180000 462.704987
4865.500000 733.572632 0.180000 462.809998
4865.500000 733.780029 0.180000 462.910004
4865.625000 733.780029 0.180000 463.005005
4865.875000 733.981384 0.180000 463.105011
4866.125000 734.183838 0.180000 463.209991
4866.250000 734.387390 0.180000 463.309998
4866.375000 734.387390 0.180000 463.410004
4866.375000 734.591919 0.180000 463.500000
4866.375000 734.804504 0.165000 463.605011
4866.625000 734.804504 0.165000 463.709991
4866.625000 735.032532 0.165000 463.809998
4867.750000 735.242981 0.165000 463.910004
4868.000000 735.444092 0.165000 464.010010
4868.000000 735.444092 0.165000 464.100006
4868.125000 735.649963 0.165000 464.204987
4868.250000 735.861633 0.165000 464.309998
4868.250000 736.064636 0.165000 464.410004
4868.250000 736.064636 0.165000 464.505005
4868.250000 736.267151 0.151000 464.609985
4868.625000 736.469788 0.151000 464.709991
4869.000000 736.469788 0.151000 464.809998
4869.000000 736.680359 0.151000 464.910004
4869.250000 736.885681 0.151000 465.003998
4869.250000 737.087280 0.151000 465.100006
4869.375000 737.292603 0.151000 465.204987
4869.500000 737.495239 0.151000 465.304993
4869.500000 737.701782 0.151000 465.399994
4869.500000 737.910461 0.151000 465.505005
4869.750000 738.119934 0.141000 465.600006
4870.250000 738.328552 0.141000 465.700012
4870.375000 738.328552 0.141000 465.799988
4870.375000 738.534546 0.141000 465.904999
4870.500000 738.770935 0.141000 466.000000
4870.625000 738.974060 0.141000 466.109985
4870.625000 738.974060 0.141000 466.200012
4870.625000 739.188660 0.141000 466.309998
4870.625000 739.395508 0.141000 466.404999
4871.000000 739.395508 0.141000 466.505005
4871.000000 739.595764 0.150000 466.605011
4871.000000 739.804077 0.150000 466.709991
4871.125000 739.804077 0.150000 466.795013
4871.125000 740.011169 0.150000 466.894989
4871.125000 740.246338 0.150000 467.000000
4871.125000 740.451477 0.150000 467.105011
4871.250000 740.451477 0.150000 467.200012
4871.250000 740.656494 0.150000 467.304993
4871.250000 740.861328 0.150000 467.399994
4871.375000 740.861328 0.150000 467.505005
4871.500000 741.073303 0.126000 467.600006
4871.500000 741.277954 0.126000 467.709991
4871.875000 741.277954 0.126000 467.804993
4872.000000 741.497131 0.126000 467.899994
4872.125000 741.708984 0.126000 467.994995
4872.500000 741.708984 0.126000 468.100006
4872.625000 741.913391 0.126000 468.204987
4872.625000 742.117615 0.126000 468.304993
4873.250000 742.321716 0.126000 468.399994
4873.500000 742.321716 0.126000 468.505005
4873.500000 742.526062 0.127000 468.600006
4873.750000 742.732483 0.127000 468.700012
4873.750000 742.933167 0.127000 468.799988
4874.000000 742.933167 0.127000 468.904999
4874.375000 743.134949 0.127000 469.005005
4874.625000 743.337463 0.127000 469.105011
4874.750000 743.540588 0.127000 469.204987
4874.750000 743.540588 0.127000 469.304993
4874.875000 743.744141 0.127000 469.399994
4874.875000 743.948303 0.127000 469.510010
4874.875000 744.149536 0.134000 469.600006
4875.000000 744.149536 0.134000 469.704987
4875.125000 744.382812 0.134000 469.804993
4875.125000 744.582886 0.134000 469.904999
4875.375000 744.788269 0.134000 469.994995
4875.500000 745.005676 0.134000 470.105011
4875.625000 745.274475 0.134000 470.204987
4875.625000 745.484192 0.134000 470.299988
4875.750000 745.684326 0.134000 470.404999
4875.875000 745.884460 0.134000 470.500000
4875.875000 746.084778 0.138000 470.600006
4875.875000 746.285461 0.138000 470.704987
4876.000000 746.486450 0.138000 470.799988
4876.125000 746.687561 0.138000 470.894989
4876.125000 746.888733 0.138000 471.000000
4876.250000 747.089966 0.138000 471.105011
4876.250000 747.291199 0.138000 471.204987
4876.375000 747.498169 0.138000 471.304993
4876.375000 747.698486 0.138000 471.404999
4876.500000 747.698486 0.138000 471.500000
4876.500000 747.900452 0.139000 471.600006
4876.625000 748.154480 0.139000 471.704987
4876.625000 748.154480 0.139000 471.799988
4876.625000 748.355835 0.139000 471.904999
4876.625000 748.609436 0.139000 472.005005
4876.625000 748.609436 0.139000 472.105011
4876.750000 748.823975 0.139000 472.204987
4876.875000 749.038513 0.139000 472.299988
4877.000000 749.245056 0.139000 472.399994
4877.000000 749.245056 0.139000 472.500000
4877.250000 749.451477 0.154000 472.600006
4877.250000 749.652100 0.154000 472.704987
4877.375000 749.855774 0.154000 472.804993
4877.375000 750.062866 0.154000 472.899994
4877.375000 750.266907 0.154000 473.005005
4877.375000 750.474243 0.154000 473.100006
4877.375000 750.683167 0.154000 473.200012
4877.375000 750.683167 0.154000 473.290009
4877.375000 751.093567 0.154000 473.410004
4877.375000 751.301025 0.154000 473.505005
4877.500000 751.301025 0.174000 473.605011
4877.625000 751.501099 0.174000 473.704987
4878.000000 751.719482 0.174000 473.795013
4878.250000 751.922424 0.174000 473.910004
4878.375000 752.127686 0.174000 473.994995
4878.500000 752.333374 0.174000 474.105011
4878.750000 752.536865 0.174000 474.200012
4878.750000 752.737305 0.174000 474.304993
4878.750000 752.937500 0.174000 474.399994
4878.750000 752.937500 0.174000 474.500000
4878.875000 753.144531 0.191000 474.605011
4878.875000 753.347534 0.191000 474.700012
4878.875000 753.347534 0.191000 474.799988
4878.875000 753.567810 0.191000 474.904999
4878.875000 753.567810 0.191000 475.005005
4878.875000 753.567810 0.191000 475.105011
4878.875000 753.776917 0.191000 475.200012
4878.875000 753.776917 0.191000 475.299988
4878.875000 753.776917 0.191000 475.399994
4878.875000 753.776917 0.191000 475.500000
4878.875000 753.776917 0.200000 475.605011
4878.875000 753.776917 0.200000 475.700012
4878.875000 753.776917 0.200000 475.799988
4878.875000 753.776917 0.200000 475.910004
4878.875000 753.776917 0.200000 476.005005
4878.875000 753.776917 0.200000 476.100006
4878.875000 753.776917 0.200000 476.204987
4878.875000 753.776917 0.200000 476.304993
4878.875000 753.776917 0.200000 476.399994
4878.875000 753.776917 0.200000 476.505005
4878.875000 753.976990 0.175000 476.605011
4878.875000 753.976990 0.175000 476.700012
4878.875000 753.976990 0.175000 476.804993
4878.875000 753.976990 0.175000 476.904999
4878.875000 753.976990 0.175000 476.994995
4878.875000 753.976990 0.175000 477.105011
4878.875000 754.190125 0.175000 477.204987
4878.875000 754.391602 0.175000 477.299988
4878.875000 754.391602 0.175000 477.390015
4878.875000 754.601379 0.175000 477.505005
4878.875000 754.815552 0.168000 477.609985
4878.875000 755.017212 0.168000 477.704987
4879.500000 755.017212 0.168000 477.809998
4879.500000 755.219849 0.168000 477.904999
4879.625000 755.421631 0.168000 478.000000
4879.625000 755.421631 0.168000 478.105011
4879.750000 755.623108 0.168000 478.204987
4879.750000 755.847595 0.168000 478.299988
4879.750000 756.053711 0.168000 478.399994
4879.750000 756.053711 0.168000 478.500000
4879.750000 756.256653 0.183000 478.600006
4879.750000 756.458130 0.183000 478.704987
4879.750000 756.658508 0.183000 478.804993
4879.750000 756.863525 0.183000 478.899994
4879.750000 757.071106 0.183000 479.005005
4879.750000 757.320068 0.183000 479.105011
4879.750000 757.529419 0.183000 479.200012
4879.875000 757.738403 0.183000 479.295013
4879.875000 757.956848 0.183000 479.410004
4879.875000 758.164978 0.183000 479.505005
4880.000000 758.373657 0.186000 479.605011
4880.000000 758.578430 0.186000 479.704987
4880.000000 758.578430 0.186000 479.804993
4880.000000 758.782288 0.186000 479.910004
4880.125000 758.988220 0.186000 480.005005
4880.125000 758.988220 0.186000 480.105011
4880.125000 758.988220 0.186000 480.204987
4880.125000 759.197693 0.186000 480.315002
4880.125000 759.197693 0.186000 480.399994
4880.125000 759.197693 0.186000 480.510010
4880.125000 759.197693 0.193000 480.609985
4880.125000 759.197693 0.193000 480.709991
4880.125000 759.197693 0.193000 480.804993
4880.125000 759.197693 0.193000 480.910004
4880.125000 759.197693 0.193000 481.005005
4880.125000 759.197693 0.193000 481.114990
4880.125000 759.397766 0.193000 481.214996
4880.125000 759.397766 0.193000 481.304993
4880.125000 759.397766 0.193000 481.404999
4880.125000 759.397766 0.193000 481.510010
4880.125000 759.397766 0.170000 481.609985
4880.125000 759.397766 0.170000 481.709991
4880.125000 759.397766 0.170000 481.809998
4880.125000 759.397766 0.170000 481.910004
4880.125000 759.397766 0.170000 482.010010
4880.125000 759.397766 0.170000 482.114990
4880.125000 759.397766 0.170000 482.204987
4880.125000 759.397766 0.170000 482.309998
4880.125000 759.397766 0.170000 482.404999
4880.125000 759.397766 0.170000 482.505005
4880.125000 759.397766 0.180000 482.609985
4880.125000 759.605408 0.180000 482.704987
4880.125000 759.811340 0.180000 482.809998
4880.125000 759.811340 0.180000 482.910004
4880.125000 760.018066 0.180000 483.010010
4880.125000 760.224548 0.180000 483.109985
4880.125000 760.224548 0.180000 483.204987
4880.125000 760.442139 0.180000 483.315002
4880.125000 760.646851 0.180000 483.404999
4880.125000 760.852356 0.180000 483.510010
4880.125000 760.852356 0.161000 483.609985
4880.125000 761.065796 0.161000 483.709991
4880.125000 761.277039 0.161000 483.809998
4880.250000 761.485413 0.161000 483.915009
4880.250000 761.690796 0.161000 484.015015
4880.250000 761.894104 0.161000 484.114990
4880.250000 762.101196 0.161000 484.209991
4880.375000 762.101196 0.161000 484.304993
4880.375000 762.330322 0.161000 484.410004
4880.375000 762.539185 0.161000 484.510010
4880.375000 762.741333 0.174000 484.609985
4880.375000 762.944336 0.174000 484.704987
4880.375000 763.145996 0.174000 484.804993
4880.375000 763.145996 0.174000 484.910004
4880.375000 763.346985 0.174000 485.010010
4880.375000 763.346985 0.174000 485.109985
4880.375000 763.346985 0.174000 485.200012
4880.375000 763.346985 0.174000 485.304993
4880.375000 763.346985 0.174000 485.399994
4880.500000 763.547729 0.174000 485.500000
4880.500000 763.547729 0.214000 485.605011
4880.500000 763.547729 0.214000 485.695007
4880.500000 763.547729 0.214000 485.795013
4880.625000 763.547729 0.214000 485.899994
4880.750000 763.547729 0.214000 486.000000
4880.750000 763.547729 0.214000 486.105011
4880.750000 763.547729 0.214000 486.200012
4880.750000 763.547729 0.214000 486.309998
4880.750000 763.547729 0.214000 486.399994
4880.750000 763.547729 0.214000 486.505005
4880.750000 763.547729 0.187000 486.595001
4880.750000 763.547729 0.187000 486.700012
4880.750000 763.547729 0.187000 486.804993
4880.750000 763.547729 0.187000 486.899994
4880.750000 763.547729 0.187000 487.005005
4880.750000 763.547729 0.187000 487.109985
4880.750000 763.753174 0.187000 487.200012
4880.750000 763.960876 0.187000 487.309998
4880.750000 763.960876 0.187000 487.404999
4880.750000 764.164429 0.187000 487.494995
4880.875000 764.373535 0.171000 487.605011
4881.000000 764.577881 0.171000 487.704987
4881.000000 764.577881 0.171000 487.804993
4881.000000 764.782349 0.171000 487.904999
4881.000000 764.987854 0.171000 488.000000
4881.000000 765.214050 0.171000 488.105011
4881.000000 765.446655 0.171000 488.204987
4881.000000 765.653137 0.171000 488.299988
4881.125000 765.861572 0.171000 488.404999
4881.125000 766.071167 0.171000 488.505005
4881.250000 766.271301 0.182000 488.600006
4881.250000 766.471802 0.182000 488.704987
4881.250000 766.672424 0.182000 488.804993
4881.250000 766.873047 0.182000 488.910004
4881.250000 767.073669 0.182000 489.005005
4881.250000 767.274292 0.182000 489.105011
4881.250000 767.474915 0.182000 489.204987
4881.250000 767.675537 0.182000 489.304993
4881.250000 767.876160 0.182000 489.394989
4881.250000 768.076782 0.182000 489.510010
4881.250000 768.277161 0.164000 489.609985
4881.250000 768.487000 0.164000 489.700012
4881.250000 768.696960 0.164000 489.804993
4881.250000 768.696960 0.164000 489.904999
4881.250000 768.926697 0.164000 490.000000
4881.250000 769.136475 0.164000 490.109985
4881.375000 769.346375 0.164000 490.204987
4881.375000 769.556396 0.164000 490.309998
4881.375000 769.756470 0.164000 490.404999
4881.375000 769.966064 0.164000 490.510010
4881.375000 770.174438 0.187000 490.600006
4881.500000 770.382263 0.187000 490.704987
4881.750000 770.583130 0.187000 490.804993
4881.750000 770.583130 0.187000 490.910004
4881.750000 770.790466 0.187000 490.994995
4881.750000 771.001709 0.187000 491.100006
4881.750000 771.204346 0.187000 491.204987
4881.875000 771.204346 0.187000 491.299988
4881.875000 771.429443 0.187000 491.404999
4882.000000 771.633057 0.187000 491.500000
4882.125000 771.633057 0.202000 491.605011
4882.125000 771.845337 0.202000 491.700012
4882.125000 772.050354 0.202000 491.804993
4882.250000 772.253784 0.202000 491.899994
4882.500000 772.253784 0.202000 492.010010
4882.750000 772.456787 0.202000 492.105011
4882.875000 772.660156 0.202000 492.204987
4883.125000 772.660156 0.202000 492.299988
4883.250000 772.863586 0.202000 492.404999
4883.500000 773.066956 0.202000 492.505005
4883.625000 773.270325 0.203000 492.605011
4883.875000 773.270325 0.203000 492.704987
4883.875000 773.496460 0.203000 492.799988
4883.875000 773.700989 0.203000 492.904999
4883.875000 773.901184 0.203000 493.005005
4883.875000 774.104980 0.203000 493.109985
4883.875000 774.104980 0.203000 493.200012
4883.875000 774.341003 0.203000 493.309998
4883.875000 774.555298 0.203000 493.399994
4883.875000 774.762695 0.203000 493.500000
4883.875000 774.991394 0.158000 493.605011
4883.875000 775.220825 0.158000 493.704987
4883.875000 775.430664 0.158000 493.799988
4884.000000 775.640625 0.158000 493.899994
4884.000000 775.840637 0.158000 494.000000
4884.000000 776.040710 0.158000 494.105011
4884.000000 776.250732 0.158000 494.204987
4884.000000 776.450745 0.158000 494.304993
4884.125000 776.650757 0.158000 494.404999
4884.125000 776.850769 0.158000 494.505005
4884.250000 777.050842 0.160000 494.609985
4884.500000 777.250977 0.160000 494.704987
4884.625000 777.451111 0.160000 494.804993
4884.750000 777.651306 0.160000 494.904999
4884.750000 777.851501 0.160000 495.005005
4884.875000 778.051514 0.160000 495.105011
4884.875000 778.261475 0.160000 495.204987
4884.875000 778.461487 0.160000 495.304993
4884.875000 778.671265 0.160000 495.404999
4885.125000 778.880859 0.160000 495.505005
4885.125000 778.880859 0.155000 495.600006
4885.125000 779.110535 0.155000 495.704987
4885.125000 779.330017 0.155000 495.804993
4885.375000 779.539429 0.155000 495.899994
4885.625000 779.778992 0.155000 496.005005
4885.750000 780.028748 0.155000 496.100006
4885.875000 780.238647 0.155000 496.204987
4885.875000 780.448547 0.155000 496.299988
4886.125000 780.658508 0.155000 496.410004
4886.500000 780.868469 0.155000 496.500000
4886.500000 781.078369 0.152000 496.605011
4886.625000 781.287903 0.152000 496.704987
4886.625000 781.287903 0.152000 496.799988
4886.625000 781.497375 0.152000 496.910004
4886.750000 781.736694 0.152000 497.005005
4886.750000 781.945801 0.152000 497.095001
4886.875000 782.155029 0.152000 497.200012
4887.125000 782.384521 0.152000 497.304993
4887.250000 782.604309 0.152000 497.404999
4887.375000 782.814148 0.152000 497.505005
4887.500000 783.023987 0.182000 497.600006
4887.750000 783.233337 0.182000 497.709991
4887.750000 783.442200 0.182000 497.804993
4887.750000 783.650879 0.182000 497.904999
4888.250000 783.859619 0.182000 498.000000
4888.250000 784.068787 0.182000 498.105011
4888.750000 784.068787 0.182000 498.200012
4888.875000 784.487976 0.182000 498.309998
4888.875000 784.487976 0.182000 498.399994
4889.250000 784.707825 0.182000 498.505005
4889.375000 784.917786 0.165000 498.609985
4889.500000 785.137756 0.165000 498.700012
4889.500000 785.347717 0.165000 498.795013
4889.625000 785.577698 0.165000 498.904999
4890.000000 785.797668 0.165000 499.000000
4890.125000 786.027649 0.165000 499.105011
4890.375000 786.237549 0.165000 499.195007
4890.625000 786.447449 0.165000 499.304993
4891.000000 786.657349 0.165000 499.404999
4891.500000 786.867310 0.165000 499.505005
4892.000000 787.077209 0.168000 499.609985
4892.375000 787.077209 0.168000 499.704987
4892.500000 787.287109 0.168000 499.795013
4893.375000 787.497070 0.168000 499.910004
4893.625000 787.717041 0.168000 500.005005
4893.750000 787.927002 0.168000 500.100006
4894.375000 788.136902 0.168000 500.204987
4894.375000 788.346802 0.168000 500.304993
4894.625000 788.556702 0.168000 500.410004
4894.875000 788.766663 0.168000 500.505005
4895.125000 789.006592 0.209000 500.605011
4895.625000 789.216431 0.209000 500.709991
4895.750000 789.418701 0.209000 500.804993
4896.250000 789.619873 0.209000 500.910004
4896.625000 789.619873 0.209000 501.010010
4896.750000 789.827759 0.209000 501.105011
4897.625000 790.071411 0.209000 501.204987
4897.750000 790.071411 0.209000 501.299988
4897.750000 790.289124 0.209000 501.394989
4897.875000 790.492004 0.209000 501.505005
4898.000000 790.695496 0.225000 501.605011
4898.500000 790.695496 0.225000 501.709991
4898.625000 790.899902 0.225000 501.804993
4898.625000 791.105469 0.225000 501.904999
4899.250000 791.311523 0.225000 502.005005
4899.375000 791.311523 0.225000 502.105011
4899.750000 791.517395 0.225000 502.204987
4900.250000 791.723083 0.225000 502.299988
4900.500000 791.723083 0.225000 502.404999
4900.875000 791.957886 0.225000 502.505005
4901.000000 792.161377 0.199000 502.605011
4901.250000 792.364685 0.199000 502.704987
4901.250000 792.364685 0.199000 502.809998
4901.625000 792.567993 0.199000 502.904999
4901.750000 792.771240 0.199000 503.000000
4901.875000 792.974365 0.199000 503.109985
4902.375000 792.974365 0.199000 503.200012
4902.750000 793.177490 0.199000 503.304993
4903.250000 793.383789 0.199000 503.399994
4903.375000 793.383789 0.199000 503.505005
4903.375000 793.613464 0.231000 503.600006
4903.625000 793.853699 0.231000 503.704987
4903.875000 794.058228 0.231000 503.799988
4904.250000 794.260559 0.231000 503.899994
4907.750000 794.466614 0.231000 504.000000
4909.250000 794.674622 0.231000 504.095001
4910.375000 794.883606 0.231000 504.204987
4910.875000 795.093079 0.231000 504.309998
4911.500000 795.302795 0.231000 504.410004
4912.375000 795.302795 0.231000 504.505005
4913.125000 795.542664 0.184000 504.609985
4914.375000 795.762268 0.184000 504.704987
4914.875000 795.962524 0.184000 504.804993
4915.875000 796.179260 0.184000 504.904999
4916.750000 796.380615 0.184000 505.005005
4917.375000 796.380615 0.184000 505.100006
4919.250000 796.582031 0.184000 505.204987
4920.625000 796.810486 0.184000 505.304993
4922.125000 796.810486 0.184000 505.399994
4923.500000 797.029907 0.184000 505.505005
4924.500000 797.264099 0.183000 505.605011
4925.750000 797.468262 0.183000 505.704987
4926.875000 797.468262 0.183000 505.799988
4927.125000 797.672119 0.183000 505.910004
4928.500000 797.917419 0.183000 505.994995
4930.000000 798.123657 0.183000 506.100006
4931.125000 798.326172 0.183000 506.200012
4933.500000 798.531433 0.183000 506.309998
4934.250000 798.738831 0.183000 506.399994
4935.000000 798.947754 0.183000 506.505005
4935.375000 798.947754 0.201000 506.605011
4936.500000 799.156799 0.201000 506.704987
4937.375000 799.386169 0.201000 506.809998
4938.125000 799.595276 0.201000 506.899994
4938.625000 799.803833 0.201000 507.010010
4939.250000 800.011902 0.201000 507.114990
4940.750000 800.219666 0.201000 507.209991
4940.875000 800.427979 0.201000 507.304993
4942.000000 800.696777 0.201000 507.404999
4942.875000 800.906311 0.201000 507.505005
4943.000000 801.116089 0.178000 507.605011
4943.250000 801.325989 0.178000 507.704987
4943.625000 801.535950 0.178000 507.804993
4944.500000 801.745850 0.178000 507.910004
4945.375000 801.745850 0.178000 508.000000
4946.250000 801.955750 0.178000 508.105011
4946.500000 802.185669 0.178000 508.200012
4947.250000 802.435608 0.178000 508.304993
4947.500000 802.645630 0.178000 508.415009
4948.000000 802.855591 0.178000 508.505005
4948.500000 803.065552 0.159000 508.605011
4948.750000 803.275330 0.159000 508.709991
4948.875000 803.494385 0.159000 508.804993
4949.375000 803.702698 0.159000 508.904999
4949.750000 803.910339 0.159000 509.005005
4950.000000 804.117676 0.159000 509.105011
4950.875000 804.325806 0.159000 509.209991
4951.125000 804.325806 0.159000 509.299988
4951.125000 804.544861 0.159000 509.410004
4951.375000 804.754395 0.159000 509.505005
4951.375000 804.954834 0.168000 509.609985
4951.625000 805.155762 0.168000 509.704987
4951.750000 805.374146 0.168000 509.809998
4952.000000 805.574951 0.168000 509.904999
4952.000000 805.574951 0.168000 510.010010
4952.125000 805.780396 0.168000 510.105011
4952.250000 805.985352 0.168000 510.204987
4952.375000 805.985352 0.168000 510.304993
4952.375000 806.205566 0.168000 510.404999
4952.625000 806.425903 0.168000 510.505005
4952.875000 806.633850 0.142000 510.600006
4953.500000 806.837036 0.142000 510.709991
4954.625000 806.837036 0.142000 510.804993
4955.625000 807.052368 0.142000 510.904999
4956.250000 807.254578 0.142000 511.015015
4956.500000 807.459290 0.142000 511.100006
4956.500000 807.714111 0.142000 511.204987
4956.750000 807.920288 0.142000 511.309998
4956.750000 808.136414 0.142000 511.399994
4958.500000 808.342834 0.142000 511.500000
4958.625000 808.547791 0.142000 511.605011
4960.000000 808.747925 0.142000 511.700012
4960.125000 808.747925 0.142000 511.804993
4960.125000 808.951233 0.142000 511.904999
4960.625000 808.951233 0.142000 512.005005
4961.125000 809.151855 0.142000 512.099976
4961.125000 809.151855 0.142000 512.200012
4961.375000 809.151855 0.142000 512.309998
4961.375000 809.151855 0.142000 512.405029
4962.375000 809.357117 0.142000 512.505005
4962.375000 809.357117 0.148000 512.604980
4962.375000 809.357117 0.148000 512.710022
4962.375000 809.357117 0.148000 512.804993
4962.375000 809.357117 0.148000 512.909973
4962.375000 809.357117 0.148000 513.005005
4962.375000 809.357117 0.148000 513.094971
4962.375000 809.357117 0.148000 513.200012
4962.375000 809.357117 0.148000 513.304993
4962.375000 809.357117 0.148000 513.405029
4962.375000 809.357117 0.148000 513.505005
4962.375000 809.357117 0.127000 513.594971
4962.750000 809.357117 0.127000 513.705017
4962.875000 809.357117 0.127000 513.815002
4962.875000 809.357117 0.127000 513.905029
4962.875000 809.357117 0.127000 514.000000
4962.875000 809.357117 0.127000 514.109985
4962.875000 809.357117 0.127000 514.205017
4962.875000 809.357117 0.127000 514.304993
4962.875000 809.357117 0.127000 514.405029
4962.875000 809.357117 0.127000 514.510010
4962.875000 809.558411 0.121000 514.599976
4963.250000 809.766357 0.121000 514.710022
4963.250000 809.766357 0.121000 514.799988
4963.375000 809.984070 0.121000 514.905029
4963.500000 810.184570 0.121000 514.994995
4963.500000 810.389832 0.121000 515.094971
4963.500000 810.597473 0.121000 515.200012
4963.500000 810.846558 0.121000 515.309998
4963.500000 811.096252 0.121000 515.405029
4963.500000 811.301758 0.121000 515.510010
4963.500000 811.506104 0.140000 515.599976
4963.500000 811.707336 0.140000 515.710022
4963.625000 811.707336 0.140000 515.804993
4963.625000 811.914795 0.140000 515.909973
4963.750000 812.127563 0.140000 516.005005
4963.750000 812.333923 0.140000 516.104980
4963.875000 812.542175 0.140000 516.200012
4964.000000 812.780884 0.140000 516.304993
4964.000000 813.000183 0.140000 516.405029
4964.125000 813.209900 0.140000 516.500000
4964.250000 813.419739 0.129000 516.599976
4964.500000 813.629639 0.129000 516.705017
4964.625000 813.839600 0.129000 516.809998
4964.625000 814.039612 0.129000 516.900024
4964.625000 814.239685 0.129000 517.005005
4964.625000 814.439758 0.129000 517.104980
4964.750000 814.639832 0.129000 517.205017
4964.750000 814.839966 0.129000 517.304993
4965.000000 815.040100 0.129000 517.405029
4965.000000 815.240234 0.129000 517.500000
4965.000000 815.450012 0.145000 517.604980
4965.000000 815.659424 0.145000 517.705017
4965.000000 815.659424 0.145000 517.799988
4965.375000 815.888977 0.145000 517.905029
4965.375000 816.108765 0.145000 518.005005
4965.500000 816.318665 0.145000 518.104980
4965.625000 816.528442 0.145000 518.205017
4965.625000 816.738037 0.145000 518.299988
4965.625000 816.977722 0.145000 518.400024
4965.625000 817.207520 0.145000 518.500000
4965.625000 817.427368 0.141000 518.604980
4965.625000 817.636780 0.141000 518.700012
4965.625000 817.845825 0.141000 518.794983
4965.625000 818.054810 0.141000 518.905029
4965.625000 818.263123 0.141000 519.005005
4965.625000 818.263123 0.141000 519.104980
4965.625000 818.470764 0.141000 519.205017
4965.750000 818.697693 0.141000 519.315002
4966.000000 818.924377 0.141000 519.400024
4966.000000 819.130737 0.141000 519.505005
4966.125000 819.360229 0.151000 519.604980
4966.125000 819.565552 0.151000 519.710022
4966.125000 819.774475 0.151000 519.804993
4966.375000 819.977722 0.151000 519.905029
4966.375000 820.184082 0.151000 520.010010
4967.625000 820.392639 0.151000 520.104980
4967.750000 820.392639 0.151000 520.200012
4967.750000 820.812378 0.151000 520.309998
4967.875000 820.812378 0.151000 520.400024
4968.000000 821.018433 0.151000 520.510010
4968.000000 821.240845 0.152000 520.604980
4968.000000 821.481689 0.152000 520.705017
4968.000000 821.686340 0.152000 520.804993
4968.125000 821.893127 0.152000 520.900024
4968.125000 822.097229 0.152000 521.005005
4968.125000 822.097229 0.152000 521.104980
4968.375000 822.324585 0.152000 521.210022
4968.375000 822.552979 0.152000 521.309998
4968.375000 822.761536 0.152000 521.400024
4968.500000 823.002319 0.152000 521.505005
4968.500000 823.209351 0.128000 521.599976
4968.625000 823.410278 0.128000 521.705017
4968.750000 823.410278 0.128000 521.799988
4968.750000 823.812073 0.128000 521.909973
4969.500000 823.812073 0.128000 522.005005
4970.125000 824.027100 0.128000 522.104980
4970.375000 824.234985 0.128000 522.200012
4970.625000 824.444214 0.128000 522.299988
4970.750000 824.692566 0.128000 522.405029
4971.000000 824.903015 0.128000 522.505005
4971.250000 825.107788 0.169000 522.599976
4971.250000 825.314758 0.169000 522.705017
4971.625000 825.314758 0.169000 522.804993
4971.750000 825.518616 0.169000 522.905029
4972.000000 825.730286 0.169000 523.000000
4972.250000 825.730286 0.169000 523.090027
4972.625000 825.930481 0.169000 523.200012
4973.250000 826.157898 0.169000 523.304993
4973.375000 826.362427 0.169000 523.405029
4973.375000 826.362427 0.169000 523.505005
4973.500000 826.595886 0.207000 523.609985
4974.000000 826.800232 0.207000 523.710022
4974.375000 826.800232 0.207000 523.804993
4974.375000 827.026550 0.207000 523.914978
4974.375000 827.231079 0.207000 524.015015
4974.875000 827.231079 0.207000 524.109985
4975.125000 827.435669 0.207000 524.215027
4975.250000 827.640259 0.207000 524.304993
4975.375000 827.640259 0.207000 524.409973
4975.500000 827.844666 0.207000 524.500000
4975.750000 828.049744 0.217000 524.609985
4975.875000 828.249756 0.217000 524.715027
4976.375000 828.249756 0.217000 524.815002
4976.500000 828.452393 0.217000 524.909973
4976.750000 828.656494 0.217000 525.015015
4977.375000 828.861267 0.217000 525.109985
4977.750000 828.861267 0.217000 525.215027
4977.875000 829.066406 0.217000 525.309998
4978.125000 829.294556 0.217000 525.409973
4978.125000 829.294556 0.217000 525.505005
4978.250000 829.501892 0.187000 525.604980
4978.500000 829.739014 0.187000 525.715027
4978.625000 829.942078 0.187000 525.804993
4978.625000 830.143677 0.187000 525.909973
4978.625000 830.349182 0.187000 526.010010
4978.750000 830.556824 0.187000 526.114990
4978.875000 830.765564 0.187000 526.205017
4979.000000 830.974915 0.187000 526.309998
4979.125000 831.184509 0.187000 526.405029
4979.250000 831.394226 0.187000 526.515015
4979.375000 831.394226 0.215000 526.609985
4979.500000 831.634033 0.215000 526.710022
4979.750000 831.853333 0.215000 526.809998
4979.750000 832.062500 0.215000 526.905029
4979.875000 832.311890 0.215000 527.020020
4979.875000 832.531555 0.215000 527.114990
4980.000000 832.751282 0.215000 527.215027
4980.875000 832.961060 0.215000 527.309998
4981.125000 833.170959 0.215000 527.409973
4981.125000 833.380920 0.215000 527.510010
4981.250000 833.590881 0.160000 527.609985
4981.625000 833.800842 0.160000 527.715027
4981.750000 833.800842 0.160000 527.809998
4981.750000 834.030762 0.160000 527.909973
4982.250000 834.240723 0.160000 528.010010
4982.375000 834.450684 0.160000 528.104980
4982.375000 834.660645 0.160000 528.210022
4982.625000 834.870544 0.160000 528.315002
4983.000000 835.110413 0.160000 528.409973
4983.125000 835.320312 0.160000 528.510010
4983.250000 835.530273 0.146000 528.614990
4983.875000 835.740295 0.146000 528.715027
4984.125000 835.950134 0.146000 528.804993
4984.250000 836.159973 0.146000 528.909973
4984.750000 836.369812 0.146000 529.010010
4984.875000 836.579712 0.146000 529.109985
4984.875000 836.579712 0.146000 529.205017
4985.375000 836.819031 0.146000 529.309998
4985.500000 837.027649 0.146000 529.414978
4985.625000 837.235535 0.146000 529.510010
4986.500000 837.442871 0.154000 529.614990
4986.875000 837.643066 0.154000 529.710022
4987.125000 837.851868 0.154000 529.809998
4987.250000 838.060669 0.154000 529.909973
4987.375000 838.292480 0.154000 530.015015
4987.750000 838.493469 0.154000 530.109985
4988.250000 838.493469 0.154000 530.210022
4988.625000 838.700989 0.154000 530.294983
4988.875000 838.921936 0.154000 530.405029
4989.000000 839.124756 0.154000 530.500000
4989.375000 839.124756 0.145000 530.604980
4989.500000 839.335510 0.145000 530.710022
4989.625000 839.570557 0.145000 530.804993
4989.875000 839.570557 0.145000 530.905029
4990.000000 839.783875 0.145000 531.005005
4990.125000 840.027527 0.145000 531.104980
4990.125000 840.027527 0.145000 531.205017
4990.375000 840.247131 0.145000 531.304993
4990.500000 840.456055 0.145000 531.405029
4990.750000 840.690063 0.145000 531.510010
4990.875000 840.903564 0.170000 531.604980
4991.000000 841.112061 0.170000 531.700012
4991.250000 841.112061 0.170000 531.804993
4991.750000 841.333923 0.170000 531.900024
4992.125000 841.333923 0.170000 532.000000
4992.125000 841.550049 0.170000 532.099976
4992.375000 841.550049 0.170000 532.195007
4992.375000 841.550049 0.170000 532.304993
4992.750000 841.753662 0.170000 532.405029
4993.250000 841.753662 0.170000 532.500000
4993.875000 841.753662 0.181000 532.604980
4994.375000 841.753662 0.181000 532.705017
4994.750000 841.753662 0.181000 532.794983
4994.750000 841.753662 0.181000 532.900024
4994.750000 841.753662 0.181000 533.015015
4994.750000 841.753662 0.181000 533.109985
4994.750000 841.753662 0.181000 533.195007
4994.875000 841.753662 0.181000 533.304993
4994.875000 841.954102 0.181000 533.409973
4995.000000 841.954102 0.181000 533.500000
4995.375000 841.954102 0.169000 533.604980
4995.375000 842.156311 0.169000 533.700012
4995.375000 842.360474 0.169000 533.799988
4995.500000 842.360474 0.169000 533.909973
4995.750000 842.570007 0.169000 534.000000
4996.125000 842.771484 0.169000 534.104980
4996.625000 842.975220 0.169000 534.200012
4996.875000 842.975220 0.169000 534.309998
4997.375000 843.182556 0.169000 534.400024
4997.750000 843.384705 0.169000 534.505005
4997.750000 843.590820 0.188000 534.599976
4997.750000 843.794617 0.188000 534.705017
4997.875000 843.794617 0.188000 534.799988
4998.375000 843.997681 0.188000 534.909973
4998.625000 844.234741 0.188000 535.005005
4998.875000 844.234741 0.188000 535.109985
4999.375000 844.448181 0.188000 535.205017
4999.500000 844.692200 0.188000 535.299988
4999.750000 844.897827 0.188000 535.414978
5000.000000 844.897827 0.188000 535.505005
5002.500000 845.098145 0.202000 535.609985
5004.125000 845.321228 0.202000 535.705017
5005.250000 845.528625 0.202000 535.809998
5006.250000 845.528625 0.202000 535.905029
5006.625000 845.735962 0.202000 536.005005
5006.750000 845.950012 0.202000 536.104980
5007.250000 846.150757 0.202000 536.205017
5007.750000 846.150757 0.202000 536.309998
5008.000000 846.356873 0.202000 536.409973
5008.500000 846.593079 0.202000 536.505005
5009.125000 846.593079 0.158000 536.609985
5009.875000 846.821533 0.158000 536.695007
5010.000000 847.045166 0.158000 536.804993
5010.625000 847.248901 0.158000 536.900024
5011.750000 847.451355 0.158000 537.005005
5012.500000 847.652527 0.158000 537.109985
5014.000000 847.652527 0.158000 537.200012
5015.625000 847.867126 0.158000 537.309998
5018.250000 848.093323 0.158000 537.405029
5020.625000 848.300537 0.158000 537.510010
5021.125000 848.508850 0.157000 537.599976
5023.250000 848.728394 0.157000 537.705017
5025.000000 848.948242 0.157000 537.804993
5026.500000 849.157654 0.157000 537.914978
5029.000000 849.367371 0.157000 538.005005
5030.125000 849.567749 0.157000 538.099976
5031.250000 849.768555 0.157000 538.200012
5032.000000 849.969604 0.157000 538.309998
5032.250000 850.170776 0.157000 538.409973
5033.125000 850.372009 0.157000 538.505005
5033.750000 850.573303 0.174000 538.604980
5034.125000 850.794678 0.174000 538.705017
5035.250000 850.995361 0.174000 538.799988
5036.500000 851.205017 0.174000 538.905029
5037.250000 851.413208 0.174000 539.000000
5037.875000 851.413208 0.174000 539.109985
5038.125000 851.634705 0.174000 539.210022
5038.250000 851.840515 0.174000 539.304993
5038.375000 852.046997 0.174000 539.414978
5038.500000 852.046997 0.174000 539.510010
5038.625000 852.250854 0.181000 539.604980
5038.875000 852.461670 0.181000 539.705017
5039.125000 852.665466 0.181000 539.804993
5039.750000 852.665466 0.181000 539.895020
5039.875000 852.892822 0.181000 540.010010
5040.000000 853.100647 0.181000 540.099976
5040.375000 853.100647 0.181000 540.205017
5040.875000 853.303955 0.181000 540.304993
5041.375000 853.524902 0.181000 540.405029
5041.875000 853.726013 0.181000 540.505005
5042.375000 853.969788 0.138000 540.604980
5042.875000 854.176575 0.138000 540.705017
5043.250000 854.384766 0.138000 540.804993
5044.250000 854.593872 0.138000 540.909973
5045.125000 854.803284 0.138000 541.005005
5046.250000 855.012268 0.138000 541.109985
5046.625000 855.220520 0.138000 541.195007
5047.750000 855.427917 0.138000 541.304993
5048.000000 855.635010 0.138000 541.400024
5049.375000 855.842957 0.138000 541.510010
5049.625000 855.842957 0.134000 541.604980
5049.875000 856.051636 0.134000 541.705017
5050.375000 856.280701 0.134000 541.804993
5050.750000 856.490173 0.134000 541.905029
5051.250000 856.699219 0.134000 542.005005
5051.375000 856.907776 0.134000 542.104980
5051.750000 857.116333 0.134000 542.200012
5051.875000 857.353577 0.134000 542.304993
5052.250000 857.589355 0.134000 542.405029
5052.875000 857.791260 0.134000 542.510010
5053.000000 857.996216 0.125000 542.609985
5054.625000 858.203308 0.125000 542.710022
5055.500000 858.203308 0.125000 542.804993
5058.000000 858.414673 0.125000 542.900024
5058.750000 858.629028 0.125000 543.010010
5059.375000 858.835266 0.125000 543.104980
5059.625000 859.042297 0.125000 543.205017
5060.250000 859.249756 0.125000 543.304993
5060.625000 859.496460 0.125000 543.405029
5062.500000 859.699463 0.125000 543.505005
5062.500000 859.900757 0.143000 543.604980
5063.625000 859.900757 0.143000 543.700012
5063.750000 860.121765 0.143000 543.804993
5063.875000 860.322632 0.143000 543.905029
5064.375000 860.524902 0.143000 544.005005
5064.375000 860.730835 0.143000 544.104980
5064.375000 860.730835 0.143000 544.210022
5065.000000 860.934631 0.143000 544.309998
5065.000000 861.154236 0.143000 544.405029
5065.625000 861.154236 0.143000 544.505005
5065.625000 861.367126 0.139000 544.599976
5065.750000 861.573975 0.139000 544.710022
5065.750000 861.573975 0.139000 544.804993
5065.750000 861.775269 0.139000 544.905029
5066.000000 861.775269 0.139000 545.000000
5066.375000 861.775269 0.139000 545.099976
5066.375000 861.975708 0.139000 545.210022
5066.750000 861.975708 0.139000 545.299988
5066.750000 861.975708 0.139000 545.409973
5066.875000 861.975708 0.139000 545.500000
5067.000000 861.975708 0.133000 545.604980
5067.000000 861.975708 0.133000 545.710022
5067.000000 861.975708 0.133000 545.799988
5067.000000 861.975708 0.133000 545.900024
5067.000000 861.975708 0.133000 546.010010
5067.250000 861.975708 0.133000 546.104980
5067.375000 861.975708 0.133000 546.205017
5067.375000 861.975708 0.133000 546.309998
5067.375000 861.975708 0.133000 546.409973
5067.375000 861.975708 0.133000 546.510010
5067.375000 861.975708 0.126000 546.604980
5067.500000 862.176636 0.126000 546.705017
5067.500000 862.176636 0.126000 546.804993
5067.750000 862.382446 0.126000 546.909973
5067.875000 862.585205 0.126000 547.005005
5068.000000 862.585205 0.126000 547.109985
5068.625000 862.797974 0.126000 547.205017
5068.750000 863.000305 0.126000 547.304993
5069.250000 863.207153 0.126000 547.405029
5069.750000 863.207153 0.126000 547.500000
5069.750000 863.429016 0.126000 547.609985
5070.625000 863.646240 0.126000 547.705017
5071.125000 863.850403 0.126000 547.794983
5071.125000 864.097107 0.126000 547.905029
5071.500000 864.305847 0.126000 548.000000
5071.750000 864.515015 0.126000 548.109985
5071.875000 864.734497 0.126000 548.205017
5072.125000 864.944214 0.126000 548.299988
5072.125000 865.153992 0.126000 548.409973
5072.500000 865.363892 0.126000 548.500000
5072.625000 865.573730 0.125000 548.604980
5072.875000 865.783569 0.125000 548.710022
5073.375000 865.783569 0.125000 548.804993
5073.750000 865.993469 0.125000 548.905029
5073.875000 866.223328 0.125000 549.010010
5074.250000 866.433167 0.125000 549.109985
5074.875000 866.643005 0.125000 549.205017
5075.000000 866.849609 0.125000 549.304993
5075.125000 867.074402 0.125000 549.400024
5075.375000 867.277832 0.125000 549.505005
5075.625000 867.277832 0.125000 549.604980
5076.125000 867.494202 0.125000 549.695007
5076.375000 867.720642 0.125000 549.794983
5077.000000 867.720642 0.125000 549.900024
5077.000000 867.921082 0.125000 550.010010
5078.125000 868.121216 0.125000 550.109985
5079.125000 868.337036 0.125000 550.210022
5080.250000 868.337036 0.125000 550.299988
5081.375000 868.537781 0.125000 550.405029
5081.500000 868.777405 0.125000 550.510010
5081.875000 868.983459 0.122000 550.609985
5082.375000 868.983459 0.122000 550.705017
5082.750000 869.189636 0.122000 550.804993
5082.875000 869.395996 0.122000 550.905029
5083.500000 869.395996 0.122000 551.015015
5083.875000 869.609924 0.122000 551.099976
5084.000000 869.838806 0.122000 551.210022
5085.250000 869.838806 0.122000 551.304993
5086.000000 870.052856 0.122000 551.395020
5086.875000 870.279480 0.122000 551.505005
5087.500000 870.279480 0.122000 551.609985
5088.000000 870.484924 0.122000 551.715027
5088.250000 870.704468 0.122000 551.809998
5088.500000 870.704468 0.122000 551.900024
5088.625000 870.910767 0.122000 552.000000
5089.000000 871.117737 0.122000 552.094971
5089.000000 871.318726 0.122000 552.205017
5089.125000 871.318726 0.122000 552.304993
5089.250000 871.539429 0.122000 552.405029
5089.375000 871.760315 0.122000 552.505005
5089.625000 871.760315 0.149000 552.604980
5089.750000 871.979248 0.149000 552.705017
5089.875000 872.192993 0.149000 552.804993
5089.875000 872.398926 0.149000 552.905029
5090.000000 872.398926 0.149000 553.005005
5090.125000 872.603210 0.149000 553.109985
5090.375000 872.804688 0.149000 553.210022
5090.500000 872.804688 0.149000 553.304993
5090.500000 873.010376 0.149000 553.395020
5090.500000 873.215576 0.149000 553.500000
5090.750000 873.418823 0.119000 553.609985
5091.000000 873.418823 0.119000 553.710022
5091.000000 873.621826 0.119000 553.809998
5091.125000 873.825623 0.119000 553.905029
5091.250000 873.825623 0.119000 554.000000
5091.250000 874.032043 0.119000 554.090027
5091.250000 874.233093 0.119000 554.200012
5091.375000 874.435120 0.119000 554.309998
5091.375000 874.435120 0.119000 554.395020
5091.375000 874.637695 0.119000 554.505005
5091.375000 874.840698 0.122000 554.599976
5091.500000 875.044556 0.122000 554.710022
5091.625000 875.044556 0.122000 554.794983
5091.625000 875.282104 0.122000 554.905029
5091.750000 875.503540 0.122000 555.005005
5091.750000 875.706665 0.122000 555.109985
5091.750000 875.908081 0.122000 555.195007
5091.875000 876.113586 0.122000 555.299988
5091.875000 876.321228 0.122000 555.405029
5092.125000 876.530090 0.122000 555.500000
5092.125000 876.739624 0.120000 555.604980
5092.250000 876.739624 0.120000 555.705017
5092.500000 876.989441 0.120000 555.799988
5092.500000 877.199280 0.120000 555.909973
5092.625000 877.408936 0.120000 556.005005
5092.625000 877.617981 0.120000 556.104980
5092.625000 877.827026 0.120000 556.200012
5092.750000 878.056396 0.120000 556.309998
5092.750000 878.276123 0.120000 556.409973
5092.875000 878.477112 0.120000 556.500000
5092.875000 878.686462 0.127000 556.604980
5092.875000 878.889038 0.127000 556.695007
5093.000000 879.091553 0.127000 556.804993
5093.000000 879.301270 0.127000 556.909973
5093.125000 879.510376 0.127000 557.000000
5093.125000 879.710938 0.127000 557.104980
5093.125000 879.911377 0.127000 557.200012
5093.250000 880.121094 0.127000 557.304993
5093.375000 880.328125 0.127000 557.400024
5093.500000 880.328125 0.127000 557.505005
5093.625000 880.563293 0.131000 557.614990
5093.625000 880.763794 0.131000 557.705017
5093.625000 880.968262 0.131000 557.809998
5093.750000 881.183411 0.131000 557.905029
5094.000000 881.396545 0.131000 558.005005
5094.000000 881.603821 0.131000 558.109985
5094.125000 881.812805 0.131000 558.200012
5094.125000 882.022583 0.131000 558.304993
5094.750000 882.230164 0.131000 558.405029
5095.000000 882.230164 0.131000 558.500000
5095.250000 882.448242 0.149000 558.604980
5095.250000 882.651245 0.149000 558.710022
5095.375000 882.890381 0.149000 558.794983
5095.500000 883.093323 0.149000 558.905029
5095.625000 883.093323 0.149000 559.010010
5095.875000 883.299622 0.149000 559.099976
5096.125000 883.504944 0.149000 559.210022
5096.125000 883.504944 0.149000 559.299988
5096.125000 883.716858 0.149000 559.405029
5096.125000 883.921082 0.149000 559.500000
5096.250000 884.125366 0.143000 559.609985
5096.375000 884.125366 0.143000 559.705017
5096.375000 884.329407 0.143000 559.804993
5096.625000 884.530945 0.143000 559.890015
5096.750000 884.755493 0.143000 560.000000
5096.750000 884.960083 0.143000 560.109985
5096.875000 885.162476 0.143000 560.205017
5096.875000 885.368652 0.143000 560.304993
5097.000000 885.576538 0.143000 560.409973
5097.875000 885.576538 0.143000 560.505005
5098.000000 885.810242 0.142000 560.599976
5098.625000 886.029663 0.142000 560.705017
5099.125000 886.247314 0.142000 560.799988
5099.125000 886.450378 0.142000 560.905029
5099.250000 886.450378 0.142000 561.000000
5100.000000 886.684143 0.142000 561.109985
5100.000000 886.885376 0.142000 561.210022
5100.125000 886.885376 0.142000 561.294983
5100.125000 887.086853 0.142000 561.400024
5100.750000 887.303955 0.142000 561.515015
5101.000000 887.506775 0.235000 561.609985
5101.250000 887.506775 0.235000 561.710022
5101.625000 887.711426 0.235000 561.804993
5101.625000 887.913513 0.235000 561.905029
5101.875000 887.913513 0.235000 562.010010
5101.875000 888.136658 0.235000 562.109985
5102.250000 888.343689 0.235000 562.210022
5102.375000 888.343689 0.235000 562.299988
5102.375000 888.564087 0.235000 562.400024
5102.375000 888.776245 0.235000 562.510010
5102.625000 888.776245 0.169000 562.599976
5102.625000 888.995178 0.169000 562.710022
5102.625000 889.243958 0.169000 562.804993
5102.625000 889.243958 0.169000 562.905029
5102.875000 889.451050 0.169000 563.010010
5102.875000 889.666931 0.169000 563.104980
5102.875000 889.666931 0.169000 563.195007
5103.000000 889.869324 0.169000 563.294983
5103.000000 890.073181 0.169000 563.395020
5103.000000 890.277771 0.169000 563.500000
5103.125000 890.277771 0.153000 563.604980
5103.250000 890.482788 0.153000 563.700012
5103.250000 890.688538 0.153000 563.799988
5103.375000 890.890564 0.153000 563.900024
5103.375000 891.125549 0.153000 564.015015
5103.375000 891.329651 0.153000 564.099976
5103.500000 891.536743 0.153000 564.205017
5103.500000 891.745361 0.153000 564.304993
5103.500000 891.954712 0.153000 564.405029
5103.625000 891.954712 0.153000 564.500000
5103.625000 892.174438 0.166000 564.599976
5103.750000 892.414368 0.166000 564.700012
5103.750000 892.624023 0.166000 564.809998
5104.000000 892.833435 0.166000 564.905029
5104.000000 893.083008 0.166000 565.005005
5104.000000 893.292786 0.166000 565.109985
5104.250000 893.502563 0.166000 565.205017
5104.500000 893.712463 0.166000 565.304993
5104.500000 893.922424 0.166000 565.409973
5104.750000 894.132385 0.166000 565.510010
5104.875000 894.342346 0.156000 565.599976
5104.875000 894.552307 0.156000 565.705017
5105.250000 894.752319 0.156000 565.815002
5105.250000 894.752319 0.156000 565.900024
5105.375000 895.172363 0.156000 566.010010
5105.625000 895.375488 0.156000 566.109985
5105.750000 895.375488 0.156000 566.205017
5105.750000 895.781189 0.156000 566.309998
5105.875000 895.983826 0.156000 566.409973
5106.125000 896.185974 0.156000 566.510010
5106.125000 896.387268 0.152000 566.609985
5106.375000 896.387268 0.152000 566.700012
5106.625000 896.605408 0.152000 566.804993
5106.625000 896.813416 0.152000 566.905029
5106.625000 897.022095 0.152000 567.000000
5106.625000 897.229065 0.152000 567.109985
5106.625000 897.431519 0.152000 567.195007
5106.625000 897.661926 0.152000 567.309998
5107.000000 897.862061 0.152000 567.409973
5107.000000 897.862061 0.152000 567.505005
5107.125000 898.068787 0.142000 567.604980
5107.125000 898.272949 0.142000 567.700012
5107.250000 898.272949 0.142000 567.804993
5107.500000 898.492188 0.142000 567.905029
5107.500000 898.719666 0.142000 568.000000
5107.500000 898.924683 0.142000 568.109985
5107.500000 898.924683 0.142000 568.210022
5107.625000 899.129822 0.142000 568.309998
5107.750000 899.333923 0.142000 568.414978
5107.750000 899.536133 0.142000 568.500000
5107.875000 899.740967 0.135000 568.604980
5107.875000 899.943481 0.135000 568.710022
5108.250000 900.149658 0.135000 568.809998
5108.375000 900.357727 0.135000 568.909973
5108.500000 900.357727 0.135000 569.010010
5109.000000 900.586731 0.135000 569.104980
5109.125000 900.795898 0.135000 569.210022
5109.250000 901.004578 0.135000 569.309998
5109.625000 901.213379 0.135000 569.405029
5109.750000 901.422607 0.135000 569.500000
5109.875000 901.672058 0.148000 569.609985
5109.875000 901.891724 0.148000 569.700012
5110.125000 902.101501 0.148000 569.809998
5110.125000 902.311218 0.148000 569.900024
5110.500000 902.520386 0.148000 570.000000
5110.625000 902.728943 0.148000 570.109985
5111.000000 902.937744 0.148000 570.210022
5111.125000 902.937744 0.148000 570.299988
5111.375000 903.177063 0.148000 570.405029
5111.375000 903.386902 0.148000 570.510010
5111.625000 903.586975 0.140000 570.609985
5112.625000 903.787231 0.140000 570.710022
5112.625000 903.987244 0.140000 570.804993
5112.750000 904.196716 0.140000 570.900024
5113.250000 904.405762 0.140000 571.005005
5113.375000 904.614380 0.140000 571.104980
5113.875000 904.822571 0.140000 571.200012
5114.000000 905.040283 0.140000 571.304993
5114.375000 905.285950 0.140000 571.405029
5114.625000 905.494507 0.140000 571.505005
5114.750000 905.494507 0.161000 571.604980
5114.875000 905.725342 0.161000 571.705017
5115.000000 905.930176 0.161000 571.804993
5115.125000 906.202332 0.161000 571.909973
5115.250000 906.406616 0.161000 572.005005
5115.250000 906.614136 0.161000 572.109985
5115.375000 906.823303 0.161000 572.200012
5115.375000 907.033325 0.161000 572.309998
5115.375000 907.033325 0.161000 572.395020
5115.500000 907.434448 0.161000 572.505005
5115.500000 907.634949 0.136000 572.609985
5115.500000 907.634949 0.136000 572.700012
5115.625000 907.835266 0.136000 572.799988
5115.625000 908.235657 0.136000 572.905029
5115.625000 908.435669 0.136000 573.010010
5115.875000 908.635803 0.136000 573.109985
5116.000000 908.836060 0.136000 573.205017
5116.125000 909.036316 0.136000 573.309998
5116.125000 909.236633 0.136000 573.409973
5116.125000 909.436768 0.136000 573.510010
5116.250000 909.645935 0.130000 573.609985
5116.250000 909.645935 0.130000 573.705017
5116.375000 909.860535 0.130000 573.804993
5116.750000 910.064148 0.130000 573.909973
5116.750000 910.269714 0.130000 574.005005
5116.750000 910.269714 0.130000 574.104980
5117.000000 910.475891 0.130000 574.205017
5117.000000 910.679565 0.130000 574.304993
5117.000000 910.882812 0.130000 574.400024
5117.125000 910.882812 0.130000 574.500000
5117.125000 911.109436 0.146000 574.609985
5117.125000 911.321716 0.146000 574.705017
5117.250000 911.526611 0.146000 574.809998
5117.375000 911.526611 0.146000 574.909973
5117.375000 911.730774 0.146000 575.000000
5117.375000 911.958435 0.146000 575.109985
5117.375000 912.166870 0.146000 575.205017
5117.375000 912.371277 0.146000 575.299988
5117.375000 912.371277 0.146000 575.405029
5117.375000 912.579834 0.146000 575.505005
5117.375000 912.797668 0.130000 575.604980
5117.375000 913.000671 0.130000 575.710022
5117.500000 913.000671 0.130000 575.809998
5117.625000 913.202087 0.130000 575.900024
5117.625000 913.408264 0.130000 576.010010
5117.625000 913.610840 0.130000 576.104980
5117.625000 913.610840 0.130000 576.205017
5117.750000 913.817627 0.130000 576.299988
5117.750000 914.022156 0.130000 576.405029
5117.750000 914.022156 0.130000 576.505005
5117.875000 914.225342 0.143000 576.604980
5118.000000 914.464966 0.143000 576.705017
5118.000000 914.464966 0.143000 576.815002
5118.000000 914.677307 0.143000 576.909973
5118.000000 914.899597 0.143000 577.000000
5118.000000 914.899597 0.143000 577.109985
5118.000000 915.110168 0.143000 577.210022
5118.000000 915.337524 0.143000 577.299988
5118.000000 915.337524 0.143000 577.400024
5118.000000 915.542725 0.143000 577.510010
5118.000000 915.748291 0.158000 577.609985
5118.000000 915.953796 0.158000 577.710022
5118.000000 915.953796 0.158000 577.799988
5118.000000 916.155334 0.158000 577.905029
5118.125000 916.360046 0.158000 578.000000
5118.125000 916.562927 0.158000 578.109985
5118.125000 916.764709 0.158000 578.210022
5118.250000 916.970703 0.158000 578.294983
5118.375000 917.178650 0.158000 578.400024
5118.500000 917.387695 0.158000 578.510010
5118.500000 917.636902 0.134000 578.604980
5118.625000 917.846375 0.134000 578.705017
5118.875000 918.056152 0.134000 578.804993
5118.875000 918.266113 0.134000 578.909973
5118.875000 918.466187 0.134000 579.000000
5119.000000 918.666321 0.134000 579.099976
5119.125000 918.866394 0.134000 579.200012
5119.375000 919.076355 0.134000 579.304993
5119.375000 919.286194 0.134000 579.405029
5119.500000 919.286194 0.134000 579.505005
5119.625000 919.495972 0.135000 579.604980
5119.625000 919.735657 0.135000 579.705017
5119.875000 919.945007 0.135000 579.794983
5119.875000 920.154480 0.135000 579.905029
5120.000000 920.394165 0.135000 580.010010
5120.125000 920.643921 0.135000 580.109985
5120.500000 920.853760 0.135000 580.205017
5120.625000 921.063599 0.135000 580.309998
5120.750000 921.273499 0.135000 580.409973
5120.875000 921.483398 0.135000 580.510010
5121.000000 921.483398 0.131000 580.590027
5121.000000 921.693298 0.131000 580.710022
5121.250000 921.903259 0.131000 580.809998
5121.375000 922.123230 0.131000 580.905029
5121.375000 922.333191 0.131000 581.005005
5121.500000 922.543152 0.131000 581.099976
5121.625000 922.743164 0.131000 581.210022
5121.875000 922.953186 0.131000 581.315002
5122.250000 923.163086 0.131000 581.405029
5122.375000 923.402527 0.131000 581.505005
5122.625000 923.622070 0.136000 581.599976
5122.625000 923.831848 0.136000 581.705017
5123.125000 924.041687 0.136000 581.799988
5123.375000 924.251465 0.136000 581.909973
5123.625000 924.461121 0.136000 582.005005
5124.000000 924.670593 0.136000 582.099976
5124.500000 924.880188 0.136000 582.205017
5124.875000 924.880188 0.136000 582.299988
5125.000000 925.109924 0.136000 582.409973
5125.250000 925.329712 0.136000 582.500000
5125.625000 925.539490 0.139000 582.609985
5125.875000 925.749329 0.139000 582.715027
5126.250000 925.959167 0.139000 582.804993
5126.625000 926.169006 0.139000 582.900024
5126.625000 926.408936 0.139000 583.005005
5126.875000 926.638855 0.139000 583.104980
5127.250000 926.848694 0.139000 583.210022
5127.375000 927.058533 0.139000 583.304993
5127.625000 927.268372 0.139000 583.405029
5128.250000 927.478210 0.139000 583.505005
5129.000000 927.688110 0.147000 583.609985
5129.375000 927.688110 0.147000 583.710022
5129.750000 927.927612 0.147000 583.799988
5129.875000 928.137085 0.147000 583.895020
5130.500000 928.366699 0.147000 584.000000
5130.875000 928.586426 0.147000 584.104980
5131.375000 928.796204 0.147000 584.200012
5132.125000 929.006104 0.147000 584.304993
5132.250000 929.216003 0.147000 584.409973
5132.875000 929.425842 0.147000 584.505005
5133.375000 929.635681 0.154000 584.609985
5133.500000 929.845520 0.154000 584.710022
5133.875000 930.055298 0.154000 584.804993
5134.000000 930.265137 0.154000 584.905029
5134.875000 930.474976 0.154000 585.005005
5136.000000 930.684814 0.154000 585.109985
5136.125000 930.684814 0.154000 585.210022
5137.375000 930.914673 0.154000 585.309998
5137.625000 931.124512 0.154000 585.400024
5137.875000 931.334351 0.154000 585.505005
5138.500000 931.544189 0.147000 585.609985
5138.625000 931.754150 0.147000 585.710022
5139.500000 931.964111 0.147000 585.799988
5139.750000 932.174072 0.147000 585.895020
5140.375000 932.414001 0.147000 586.010010
5141.000000 932.623962 0.147000 586.104980
5141.125000 932.833923 0.147000 586.200012
5141.375000 933.043884 0.147000 586.309998
5141.375000 933.253845 0.147000 586.405029
5141.500000 933.463806 0.147000 586.510010
5141.625000 933.463806 0.157000 586.594971
5141.875000 933.873779 0.157000 586.705017
5142.125000 934.073792 0.157000 586.804993
5142.625000 934.273804 0.157000 586.909973
5142.625000 934.473816 0.157000 587.010010
5142.750000 934.473816 0.157000 587.094971
5143.125000 934.683777 0.157000 587.205017
5143.500000 934.913696 0.157000 587.309998
5143.875000 935.123657 0.157000 587.405029
5143.875000 935.343628 0.157000 587.510010
5144.375000 935.553528 0.165000 587.609985
5145.250000 935.793396 0.165000 587.705017
5145.500000 936.003296 0.165000 587.799988
5145.625000 936.223145 0.165000 587.900024
5146.250000 936.432983 0.165000 588.005005
5146.625000 936.642944 0.165000 588.104980
5146.875000 936.852905 0.165000 588.205017
5147.250000 937.062866 0.165000 588.309998
5147.500000 937.272827 0.165000 588.405029
5147.625000 937.482727 0.165000 588.510010
5148.375000 937.482727 0.170000 588.599976
5148.375000 937.692688 0.170000 588.710022
5148.500000 937.902649 0.170000 588.809998
5149.000000 938.122620 0.170000 588.909973
5149.125000 938.332581 0.170000 589.010010
5150.625000 938.542542 0.170000 589.099976
5150.750000 938.752441 0.170000 589.205017
5151.125000 938.982361 0.170000 589.304993
5151.250000 939.202393 0.170000 589.405029
5151.250000 939.402405 0.170000 589.500000
5151.750000 939.612366 0.194000 589.609985
5152.125000 939.822327 0.194000 589.710022
5152.500000 940.032288 0.194000 589.804993
5152.500000 940.242249 0.194000 589.905029
5152.750000 940.452209 0.194000 590.005005
5152.875000 940.662170 0.194000 590.104980
5152.875000 940.872131 0.194000 590.205017
5153.000000 940.872131 0.194000 590.304993
5153.125000 941.082092 0.194000 590.400024
5153.125000 941.302063 0.194000 590.505005
5153.250000 941.522034 0.193000 590.609985
5153.250000 941.731995 0.193000 590.700012
5153.750000 941.981934 0.193000 590.804993
5153.750000 942.191895 0.193000 590.905029
5153.875000 942.401855 0.193000 591.005005
5154.375000 942.621887 0.193000 591.104980
5154.500000 942.821899 0.193000 591.205017
5154.750000 943.031860 0.193000 591.304993
5155.000000 943.241821 0.193000 591.405029
5155.000000 943.451782 0.193000 591.510010
5155.500000 943.451782 0.186000 591.594971
5155.500000 943.661743 0.186000 591.700012
5156.000000 943.871704 0.186000 591.799988
5156.125000 944.081665 0.186000 591.900024
5156.500000 944.291626 0.186000 592.000000
5157.125000 944.501587 0.186000 592.099976
5158.000000 944.721558 0.186000 592.205017
5158.375000 944.931519 0.186000 592.309998
5158.500000 945.141479 0.186000 592.405029
5159.250000 945.351440 0.186000 592.515015
5159.750000 945.561401 0.187000 592.604980
5160.000000 945.791382 0.187000 592.700012
5160.625000 945.991394 0.187000 592.809998
5160.750000 946.201416 0.187000 592.909973
5161.250000 946.401428 0.187000 593.010010
5161.625000 946.611389 0.187000 593.099976
5161.625000 946.821350 0.187000 593.200012
5162.250000 947.021362 0.187000 593.294983
5162.500000 947.231323 0.187000 593.400024
5163.125000 947.441284 0.187000 593.510010
5163.500000 947.651245 0.179000 593.599976
5163.500000 947.851257 0.179000 593.705017
5163.750000 948.051270 0.179000 593.809998
5163.750000 948.251282 0.179000 593.905029
5163.750000 948.461243 0.179000 594.000000
5164.125000 948.671204 0.179000 594.104980
5164.125000 948.881165 0.179000 594.210022
5164.125000 948.881165 0.179000 594.309998
5165.125000 949.291504 0.179000 594.414978
5165.625000 949.291504 0.179000 594.494995
5166.000000 949.494446 0.177000 594.599976
5166.375000 949.717407 0.177000 594.710022
5166.500000 949.930054 0.177000 594.804993
5166.625000 950.132446 0.177000 594.905029
5166.625000 950.343018 0.177000 595.000000
5167.000000 950.562195 0.177000 595.106018
5167.500000 950.821899 0.177000 595.210022
5167.750000 951.023926 0.177000 595.289978
5168.000000 951.228577 0.177000 595.395020
5168.625000 951.437561 0.177000 595.500000
5168.750000 951.637695 0.185000 595.599976
5169.125000 951.846497 0.185000 595.705017
5169.750000 952.054932 0.185000 595.809998
5170.125000 952.263733 0.185000 595.900024
5170.250000 952.472961 0.185000 596.000000
5170.500000 952.682495 0.185000 596.114990
5170.500000 952.682495 0.185000 596.200012
5170.500000 952.892090 0.185000 596.309998
5171.250000 953.131714 0.185000 596.405029
5171.625000 953.341492 0.185000 596.500000
5171.750000 953.551331 0.159000 596.599976
5172.000000 953.761169 0.159000 596.700012
5172.000000 953.971069 0.159000 596.799988
5172.250000 954.180969 0.159000 596.905029
5172.625000 954.400879 0.159000 597.000000
5172.875000 954.640808 0.159000 597.104980
5172.875000 954.850708 0.159000 597.210022
5173.000000 955.060547 0.159000 597.309998
5173.250000 955.270386 0.159000 597.409973
5173.250000 955.480286 0.159000 597.510010
5173.375000 955.480286 0.163000 597.604980
5173.375000 955.720154 0.163000 597.705017
5173.500000 955.930054 0.163000 597.804993
5173.625000 956.139954 0.163000 597.900024
5173.625000 956.349854 0.163000 598.005005
5174.000000 956.559753 0.163000 598.099976
5174.000000 956.769653 0.163000 598.195007
5174.125000 957.009521 0.163000 598.304993
5174.250000 957.219421 0.163000 598.400024
5174.250000 957.429321 0.163000 598.510010
5174.375000 957.639221 0.156000 598.594971
5174.375000 957.848999 0.156000 598.700012
5174.375000 958.058105 0.156000 598.804993
5174.625000 958.266479 0.156000 598.900024
5174.625000 958.474182 0.156000 599.005005
5174.750000 958.681396 0.156000 599.109985
5174.875000 958.681396 0.156000 599.210022
5174.875000 958.888916 0.156000 599.294983
5175.000000 959.097473 0.156000 599.409973
5175.250000 959.306763 0.156000 599.510010
5175.500000 959.526550 0.142000 599.599976
5175.625000 959.736633 0.142000 599.695007
5175.875000 959.936890 0.142000 599.794983
5176.000000 960.139099 0.142000 599.900024
5176.000000 960.342163 0.142000 600.015015
5176.000000 960.545227 0.142000 600.114990
5176.000000 960.746521 0.142000 600.200012
5176.125000 960.949036 0.142000 600.304993
5176.125000 961.157654 0.142000 600.405029
5176.250000 961.359436 0.142000 600.500000
5176.250000 961.561462 0.146000 600.604980
5176.250000 961.763000 0.146000 600.700012
5176.250000 961.763000 0.146000 600.794983
5176.375000 961.967712 0.146000 600.905029
5176.375000 962.194153 0.146000 601.005005
5176.375000 962.408508 0.146000 601.099976
5176.375000 962.625854 0.146000 601.200012
5176.500000 962.834778 0.146000 601.309998
5176.500000 963.044495 0.146000 601.400024
5176.500000 963.274536 0.146000 601.500000
5176.500000 963.494446 0.141000 601.594971
5176.500000 963.704346 0.141000 601.700012
5176.625000 963.914490 0.141000 601.804993
5176.625000 964.114563 0.141000 601.905029
5176.625000 964.324402 0.141000 601.994995
5176.625000 964.534302 0.141000 602.094971
5176.875000 964.744263 0.141000 602.210022
5176.875000 964.744263 0.141000 602.299988
5176.875000 965.164001 0.141000 602.409973
5177.000000 965.164001 0.141000 602.510010
5177.000000 965.383728 0.145000 602.604980
5177.125000 965.603577 0.145000 602.710022
5177.125000 965.813538 0.145000 602.794983
5177.250000 966.023560 0.145000 602.900024
5177.375000 966.223633 0.145000 603.000000
5177.375000 966.433716 0.145000 603.104980
5177.375000 966.633789 0.145000 603.200012
5177.500000 966.833862 0.145000 603.304993
5177.750000 967.042969 0.145000 603.400024
5177.750000 967.248474 0.145000 603.505005
5177.750000 967.468079 0.161000 603.604980
5177.875000 967.668640 0.161000 603.710022
5178.125000 967.668640 0.161000 603.799988
5178.250000 967.874268 0.161000 603.909973
5178.500000 968.078186 0.161000 604.005005
5178.500000 968.280823 0.161000 604.109985
5178.500000 968.280823 0.161000 604.195007
5178.625000 968.487732 0.161000 604.299988
5178.750000 968.693909 0.161000 604.400024
5178.750000 968.893921 0.161000 604.510010
5178.750000 968.893921 0.134000 604.590027
5178.875000 969.102478 0.134000 604.700012
5178.875000 969.319397 0.134000 604.804993
5178.875000 969.319397 0.134000 604.905029
5178.875000 969.544739 0.134000 605.000000
5179.125000 969.748962 0.134000 605.094971
5179.250000 969.748962 0.134000 605.195007
5179.250000 969.984863 0.134000 605.309998
5179.250000 970.239990 0.134000 605.405029
5179.500000 970.445374 0.134000 605.505005
5179.625000 970.445374 0.135000 605.604980
5179.750000 970.668213 0.135000 605.710022
5179.875000 970.871460 0.135000 605.809998
5180.000000 971.078552 0.135000 605.914978
5180.125000 971.287048 0.135000 606.000000
5180.250000 971.496338 0.135000 606.099976
5180.625000 971.705872 0.135000 606.210022
5180.750000 971.945312 0.135000 606.309998
5181.000000 972.154724 0.135000 606.409973
5181.125000 972.364319 0.135000 606.505005
5181.125000 972.573425 0.139000 606.599976
5181.250000 972.782654 0.139000 606.710022
5181.625000 972.992004 0.139000 606.794983
5181.875000 973.201721 0.139000 606.905029
5182.000000 973.411316 0.139000 607.010010
5182.125000 973.411316 0.139000 607.104980
5182.125000 973.640930 0.139000 607.205017
5182.500000 973.850891 0.139000 607.315002
5182.500000 974.061035 0.139000 607.405029
5182.750000 974.261230 0.139000 607.510010
5182.875000 974.461365 0.156000 607.609985
5182.875000 974.668701 0.156000 607.705017
5183.125000 974.869141 0.156000 607.804993
5183.125000 975.075745 0.156000 607.905029
5183.125000 975.276123 0.156000 608.015015
5183.250000 975.276123 0.156000 608.099976
5183.250000 975.476990 0.156000 608.200012
5183.250000 975.691284 0.156000 608.304993
5183.250000 975.691284 0.156000 608.400024
5183.375000 975.892334 0.156000 608.515015
5183.500000 976.094543 0.152000 608.609985
5183.625000 976.297607 0.152000 608.710022
5183.750000 976.297607 0.152000 608.809998
5183.875000 976.523926 0.152000 608.905029
5183.875000 976.736267 0.152000 608.994995
5183.875000 976.736267 0.152000 609.099976
5184.000000 976.942444 0.152000 609.210022
5184.125000 977.148193 0.152000 609.294983
5184.125000 977.356628 0.152000 609.409973
5184.250000 977.586304 0.152000 609.505005
5184.500000 977.792603 0.151000 609.609985
5184.500000 978.001404 0.151000 609.705017
5184.500000 978.201477 0.151000 609.799988
5184.625000 978.411987 0.151000 609.905029
5184.750000 978.612244 0.151000 610.005005
5184.875000 978.812561 0.151000 610.104980
5184.875000 979.012817 0.151000 610.200012
5185.000000 979.222717 0.151000 610.304993
5185.125000 979.432617 0.151000 610.409973
5185.250000 979.642517 0.151000 610.505005
5185.375000 979.852478 0.179000 610.604980
5185.500000 980.052795 0.179000 610.710022
5185.750000 980.252991 0.179000 610.804993
5186.250000 980.252991 0.179000 610.895020
5186.375000 980.653564 0.179000 611.005005
5186.500000 980.854187 0.179000 611.104980
5186.750000 980.854187 0.179000 611.195007
5186.750000 981.255676 0.179000 611.304993
5187.000000 981.255676 0.179000 611.395020
5187.625000 981.657227 0.179000 611.510010
5187.875000 981.657227 0.195000 611.594971
5188.750000 981.858032 0.195000 611.695007
5189.500000 982.058594 0.195000 611.799988
5189.500000 982.268311 0.195000 611.905029
5189.750000 982.506592 0.195000 612.005005
5189.750000 982.714417 0.195000 612.104980
5190.250000 982.922852 0.195000 612.195007
5190.625000 983.131897 0.195000 612.309998
5190.625000 983.341370 0.195000 612.409973
5191.125000 983.551147 0.195000 612.500000
5191.250000 983.761108 0.196000 612.599976
5191.250000 983.991150 0.196000 612.695007
5191.750000 984.201233 0.196000 612.809998
5191.875000 984.411316 0.196000 612.905029
5192.125000 984.611389 0.196000 613.005005
5192.125000 984.811401 0.196000 613.099976
5192.250000 985.021362 0.196000 613.210022
5192.500000 985.231018 0.196000 613.309998
5192.875000 985.440552 0.196000 613.409973
5193.125000 985.650269 0.196000 613.510010
5193.250000 985.860107 0.182000 613.609985
5193.500000 985.860107 0.182000 613.705017
5193.750000 986.099976 0.182000 613.804993
5193.750000 986.309875 0.182000 613.900024
5193.875000 986.519775 0.182000 614.010010
5194.000000 986.729736 0.182000 614.104980
5194.000000 987.009705 0.182000 614.205017
5194.250000 987.209717 0.182000 614.299988
5194.500000 987.419678 0.182000 614.409973
5194.750000 987.629639 0.182000 614.505005
5195.000000 987.839600 0.189000 614.604980
5195.125000 988.039612 0.189000 614.705017
5195.375000 988.239624 0.189000 614.799988
5195.375000 988.439636 0.189000 614.905029
5195.625000 988.649597 0.189000 615.010010
5196.125000 988.649597 0.189000 615.099976
5196.250000 988.889526 0.189000 615.210022
5196.375000 989.099426 0.189000 615.309998
5196.625000 989.309326 0.189000 615.400024
5196.875000 989.519226 0.189000 615.505005
5197.000000 989.729004 0.181000 615.604980
5197.000000 989.938843 0.181000 615.705017
5197.625000 990.178711 0.181000 615.799988
5198.125000 990.388611 0.181000 615.905029
5198.375000 990.598572 0.181000 616.010010
5198.375000 990.808533 0.181000 616.109985
5198.500000 991.018494 0.181000 616.205017
5198.625000 991.218506 0.181000 616.309998
5199.250000 991.418518 0.181000 616.395020
5199.375000 991.628479 0.181000 616.505005
5199.500000 991.838379 0.196000 616.604980
5199.500000 992.048218 0.196000 616.710022
5199.750000 992.257996 0.196000 616.815002
5199.875000 992.257996 0.196000 616.895020
5200.125000 992.467407 0.196000 617.000000
5200.625000 992.676147 0.196000 617.104980
5200.750000 992.884216 0.196000 617.210022
5201.125000 993.092651 0.196000 617.304993
5201.250000 993.301697 0.196000 617.405029
5201.375000 993.511169 0.196000 617.510010
5201.500000 993.720886 0.172000 617.609985
5201.500000 993.970764 0.172000 617.710022
5201.625000 994.170837 0.172000 617.809998
5201.625000 994.380981 0.172000 617.905029
5201.625000 994.581116 0.172000 617.994995
5201.750000 994.790894 0.172000 618.099976
5201.750000 994.999756 0.172000 618.205017
5201.875000 995.207825 0.172000 618.304993
5202.000000 995.415344 0.172000 618.409973
5202.375000 995.623230 0.172000 618.510010
5202.625000 995.831421 0.161000 618.609985
5202.875000 996.039551 0.161000 618.710022
5203.125000 996.039551 0.161000 618.809998
5203.625000 996.288147 0.161000 618.905029
5203.625000 996.497192 0.161000 619.015015
5203.875000 996.706604 0.161000 619.104980
5204.125000 996.936340 0.161000 619.215027
5205.375000 997.156006 0.161000 619.299988
5206.500000 997.365540 0.161000 619.405029
5207.625000 997.575317 0.161000 619.505005
5208.625000 997.784851 0.161000 619.609985
5210.000000 997.993958 0.256000 619.705017
5210.875000 997.993958 0.256000 619.789978
5212.375000 998.413147 0.256000 619.905029
5213.125000 998.622803 0.256000 620.015015
5214.875000 998.622803 0.256000 620.094971
5215.875000 998.831970 0.256000 620.200012
5217.000000 999.041199 0.256000 620.304993
5218.125000 999.270813 0.256000 620.409973
5219.375000 999.479431 0.256000 620.500000
5220.875000 999.682617 0.256000 620.599976
5222.000000 999.885986 0.273000 620.700012
5222.750000 1000.126892 0.273000 620.804993
5223.750000 1000.330078 0.273000 620.905029
5224.125000 1000.530762 0.273000 621.005005
5224.750000 1000.735718 0.273000 621.104980
5225.250000 1000.942871 0.273000 621.210022
5225.750000 1000.942871 0.273000 621.309998
5226.625000 1001.190796 0.273000 621.400024
5227.250000 1001.406982 0.273000 621.510010
5227.875000 1001.617004 0.273000 621.609985
5228.625000 1001.617004 0.271000 621.705017
5229.000000 1001.831421 0.271000 621.804993
5229.125000 1001.831421 0.271000 621.905029
5229.500000 1002.032104 0.271000 622.005005
5230.250000 1002.032104 0.271000 622.104980
5230.875000 1002.032104 0.271000 622.200012
5231.125000 1002.032104 0.271000 622.315002
5231.625000 1002.032104 0.271000 622.400024
5232.000000 1002.032104 0.271000 622.505005
5232.000000 1002.032104 0.271000 622.604980
5232.125000 1002.232727 0.250000 622.705017
5232.375000 1002.232727 0.250000 622.809998
5232.500000 1002.232727 0.250000 622.905029
5232.750000 1002.232727 0.250000 623.010010
5232.875000 1002.232727 0.250000 623.099976
5233.125000 1002.232727 0.250000 623.200012
5233.250000 1002.232727 0.250000 623.309998
5233.375000 1002.232727 0.250000 623.405029
5233.500000 1002.232727 0.250000 623.505005
5233.500000 1002.232727 0.250000 623.599976
5233.625000 1002.232727 0.290000 623.700012
5233.750000 1002.232727 0.290000 623.799988
5234.000000 1002.232727 0.290000 623.914978
5234.250000 1002.232727 0.290000 624.000000
5234.500000 1002.232727 0.290000 624.109985
5234.625000 1002.232727 0.290000 624.205017
5234.750000 1002.434204 0.290000 624.309998
5234.750000 1002.434204 0.290000 624.400024
5234.875000 1002.643738 0.290000 624.494995
5235.000000 1002.850098 0.290000 624.599976
5235.000000 1002.850098 0.237000 624.700012
5235.125000 1003.056213 0.237000 624.804993
5235.625000 1003.273438 0.237000 624.905029
5235.750000 1003.480164 0.237000 625.005005
5235.875000 1003.480164 0.237000 625.099976
5235.875000 1003.711060 0.237000 625.210022
5236.000000 1003.918884 0.237000 625.309998
5236.375000 1004.122559 0.237000 625.405029
5236.500000 1004.329102 0.237000 625.505005
5236.625000 1004.559998 0.246000 625.611023
5237.125000 1004.768311 0.246000 625.705017
5237.125000 1004.978333 0.246000 625.804993
5237.250000 1004.978333 0.246000 625.900024
5237.625000 1005.179016 0.246000 626.010010
5238.000000 1005.179016 0.246000 626.109985
5238.375000 1005.380127 0.246000 626.200012
5238.500000 1005.380127 0.246000 626.309998
5238.625000 1005.380127 0.246000 626.405029
5238.625000 1005.380127 0.246000 626.515015
5238.625000 1005.580566 0.236000 626.604980
5238.750000 1005.580566 0.236000 626.715027
5238.875000 1005.580566 0.236000 626.809998
5239.125000 1005.580566 0.236000 626.909973
5239.500000 1005.580566 0.236000 627.010010
5239.750000 1005.580566 0.236000 627.109985
5239.875000 1005.580566 0.236000 627.200012
5240.000000 1005.580566 0.236000 627.309998
5240.000000 1005.580566 0.236000 627.405029
5240.125000 1005.580566 0.236000 627.505005
5240.125000 1005.580566 0.271000 627.599976
5240.250000 1005.580566 0.271000 627.700012
5240.750000 1005.783813 0.271000 627.815002
5241.000000 1005.987793 0.271000 627.905029
5241.375000 1005.987793 0.271000 628.000000
5243.250000 1006.205078 0.271000 628.099976
5244.250000 1006.414429 0.271000 628.200012
5244.875000 1006.414429 0.271000 628.309998
5246.500000 1006.619202 0.271000 628.409973
5247.125000 1006.824646 0.271000 628.510010
5248.750000 1007.059326 0.226000 628.604980
5250.250000 1007.267578 0.226000 628.700012
5251.375000 1007.470703 0.226000 628.809998
5252.875000 1007.676636 0.226000 628.909973
5254.250000 1007.884033 0.226000 629.005005
5256.125000 1008.092651 0.226000 629.109985
5256.750000 1008.302002 0.226000 629.210022
5258.000000 1008.302002 0.226000 629.304993
5259.125000 1008.511719 0.226000 629.405029
5259.625000 1008.721558 0.226000 629.505005
5260.375000 1008.951477 0.250000 629.604980
5260.625000 1009.151489 0.250000 629.700012
5260.625000 1009.351624 0.250000 629.804993
5260.875000 1009.551636 0.250000 629.909973
5261.125000 1009.761597 0.250000 630.005005
5261.875000 1009.961609 0.250000 630.104980
5262.250000 1010.161682 0.250000 630.200012
5262.250000 1010.361755 0.250000 630.309998
5263.125000 1010.561768 0.250000 630.400024
5263.250000 1010.771851 0.250000 630.510010
5263.750000 1010.971924 0.249000 630.599976
5264.000000 1011.211975 0.249000 630.705017
5264.125000 1011.414490 0.249000 630.804993
5264.375000 1011.616333 0.249000 630.905029
5265.000000 1011.817444 0.249000 631.005005
5265.875000 1011.817444 0.249000 631.099976
5266.000000 1012.045288 0.249000 631.205017
5266.125000 1012.245789 0.249000 631.294983
5266.500000 1012.245789 0.249000 631.405029
5267.000000 1012.453064 0.249000 631.510010
5267.250000 1012.654602 0.223000 631.609985
5267.250000 1012.857239 0.223000 631.710022
5267.625000 1012.857239 0.223000 631.809998
5267.875000 1013.059021 0.223000 631.890015
5268.250000 1013.274292 0.223000 632.005005
5268.250000 1013.274292 0.223000 632.109985
5269.000000 1013.497986 0.223000 632.200012
5269.500000 1013.700195 0.223000 632.309998
5269.875000 1013.902710 0.223000 632.405029
5270.375000 1013.902710 0.223000 632.505005
5270.625000 1014.105408 0.216000 632.609985
5270.750000 1014.308899 0.216000 632.710022
5271.000000 1014.513306 0.216000 632.804993
5271.250000 1014.513306 0.216000 632.909973
5271.500000 1014.742432 0.216000 633.005005
5271.625000 1014.950928 0.216000 633.099976
5271.875000 1015.150940 0.216000 633.205017
5272.000000 1015.360474 0.216000 633.309998
5272.125000 1015.565369 0.216000 633.409973
5272.250000 1015.772583 0.216000 633.515015
5272.250000 1015.772583 0.213000 633.604980
5272.500000 1016.010803 0.213000 633.705017
5273.000000 1016.219971 0.213000 633.809998
5273.000000 1016.429504 0.213000 633.905029
5273.125000 1016.669189 0.213000 634.010010
5273.250000 1016.889038 0.213000 634.109985
5273.250000 1017.098877 0.213000 634.205017
5273.500000 1017.308777 0.213000 634.304993
5273.500000 1017.518738 0.213000 634.400024
5273.625000 1017.728699 0.213000 634.505005
5273.875000 1017.938660 0.200000 634.609985
5273.875000 1018.138672 0.200000 634.710022
5274.250000 1018.338684 0.200000 634.809998
5274.375000 1018.548645 0.200000 634.909973
5274.500000 1018.758545 0.200000 635.010010
5274.625000 1018.758545 0.200000 635.099976
5274.625000 1018.968445 0.200000 635.210022
5275.375000 1019.198303 0.200000 635.304993
5275.500000 1019.408203 0.200000 635.405029
5275.875000 1019.618103 0.200000 635.500000
5276.000000 1019.847900 0.193000 635.604980
5276.000000 1020.057739 0.193000 635.705017
5276.125000 1020.286804 0.193000 635.804993
5276.500000 1020.494934 0.193000 635.900024
5276.875000 1020.702393 0.193000 636.000000
5277.250000 1020.929199 0.193000 636.114990
5277.375000 1021.136780 0.193000 636.205017
5277.750000 1021.344910 0.193000 636.315002
5278.000000 1021.553711 0.193000 636.409973
5278.375000 1021.553711 0.193000 636.500000
5278.625000 1021.783020 0.193000 636.609985
5279.500000 1021.992615 0.193000 636.695007
5279.875000 1022.201843 0.193000 636.804993
5280.250000 1022.410767 0.193000 636.909973
5280.250000 1022.619446 0.193000 637.000000
5280.750000 1022.857666 0.193000 637.109985
5280.875000 1023.066589 0.193000 637.210022
5281.625000 1023.276428 0.193000 637.304993
5282.625000 1023.476868 0.193000 637.405029
5284.125000 1023.677612 0.193000 637.500000
5285.125000 1023.878540 0.209000 637.609985
5285.500000 1024.079590 0.209000 637.705017
5285.750000 1024.280762 0.209000 637.804993
5286.375000 1024.481812 0.209000 637.900024
5286.500000 1024.702637 0.209000 638.005005
5286.625000 1024.923218 0.209000 638.114990
5286.625000 1025.123779 0.209000 638.205017
5286.625000 1025.324341 0.209000 638.299988
5287.375000 1025.525024 0.209000 638.409973
5287.875000 1025.725830 0.209000 638.494995
5288.125000 1025.926758 0.189000 638.599976
5288.250000 1026.127686 0.189000 638.705017
5288.375000 1026.328369 0.189000 638.804993
5289.000000 1026.528564 0.189000 638.914978
5289.750000 1026.738159 0.189000 639.005005
5290.000000 1026.947754 0.189000 639.109985
5291.250000 1027.157593 0.189000 639.210022
5291.750000 1027.157593 0.189000 639.304993
5292.250000 1027.375977 0.189000 639.409973
5293.750000 1027.577026 0.189000 639.500000
5294.000000 1027.781982 0.186000 639.604980
5294.750000 1027.984009 0.186000 639.700012
5295.000000 1028.184570 0.186000 639.809998
5295.125000 1028.184570 0.186000 639.895020
5295.625000 1028.592896 0.186000 640.015015
5295.875000 1028.592896 0.186000 640.094971
5296.625000 1028.816528 0.186000 640.210022
5296.625000 1029.024414 0.186000 640.315002
5296.750000 1029.233887 0.186000 640.409973
5297.000000 1029.441284 0.186000 640.505005
5297.000000 1029.648926 0.186000 640.604980
5297.625000 1029.849609 0.263000 640.710022
5298.625000 1030.051025 0.263000 640.804993
5298.750000 1030.051025 0.263000 640.909973
5299.125000 1030.259399 0.263000 641.005005
5299.500000 1030.472412 0.263000 641.109985
5300.625000 1030.676758 0.263000 641.215027
5301.750000 1030.676758 0.263000 641.304993
5302.250000 1030.880615 0.263000 641.405029
5302.375000 1031.084229 0.263000 641.510010
5302.750000 1031.084229 0.263000 641.604980
5303.125000 1031.287842 0.266000 641.705017
5304.125000 1031.491333 0.266000 641.804993
5304.875000 1031.694092 0.266000 641.905029
5305.250000 1031.902344 0.266000 642.005005
5305.625000 1032.107300 0.266000 642.104980
5306.125000 1032.309692 0.266000 642.210022
5306.250000 1032.309692 0.266000 642.309998
5306.875000 1032.515747 0.266000 642.405029
5307.000000 1032.723755 0.266000 642.500000
5307.500000 1032.932739 0.244000 642.609985
5307.625000 1033.142334 0.244000 642.710022
5307.625000 1033.352173 0.244000 642.815002
5307.875000 1033.562134 0.244000 642.900024
5308.125000 1033.782227 0.244000 643.005005
5308.125000 1033.982300 0.244000 643.094971
5308.625000 1034.182373 0.244000 643.205017
5308.750000 1034.402466 0.244000 643.309998
5308.750000 1034.602539 0.244000 643.400024
5308.875000 1034.802490 0.244000 643.500000
5309.000000 1035.002441 0.227000 643.599976
5309.375000 1035.202515 0.227000 643.700012
5309.375000 1035.422363 0.227000 643.804993
5309.375000 1035.631470 0.227000 643.909973
5309.500000 1035.840210 0.227000 644.005005
5309.500000 1036.049194 0.227000 644.109985
5309.625000 1036.258667 0.227000 644.200012
5309.750000 1036.468384 0.227000 644.304993
5309.750000 1036.678101 0.227000 644.414978
5309.875000 1036.887939 0.227000 644.510010
5309.875000 1037.097778 0.221000 644.609985
5310.250000 1037.097778 0.221000 644.705017
5310.250000 1037.337524 0.221000 644.804993
5310.375000 1037.547363 0.221000 644.905029
5310.625000 1037.757202 0.221000 645.010010
5310.625000 1037.967041 0.221000 645.109985
5310.875000 1038.176880 0.221000 645.210022
5310.875000 1038.386719 0.221000 645.299988
5310.875000 1038.606567 0.221000 645.405029
5311.250000 1038.816406 0.221000 645.510010
5311.250000 1039.036255 0.229000 645.604980
5311.375000 1039.246094 0.229000 645.705017
5311.500000 1039.455566 0.229000 645.804993
5311.500000 1039.664307 0.229000 645.909973
5311.625000 1039.872437 0.229000 646.005005
5311.750000 1040.080078 0.229000 646.104980
5311.875000 1040.080078 0.229000 646.205017
5312.000000 1040.308228 0.229000 646.315002
5312.000000 1040.537354 0.229000 646.395020
5312.125000 1040.746948 0.229000 646.500000
5312.125000 1040.956909 0.218000 646.594971
5312.500000 1041.157104 0.218000 646.705017
5312.625000 1041.357422 0.218000 646.815002
5312.750000 1041.557861 0.218000 646.909973
5312.875000 1041.758301 0.218000 647.005005
5312.875000 1041.958740 0.218000 647.094971
5313.000000 1042.159180 0.218000 647.210022
5313.125000 1042.359619 0.218000 647.294983
5313.500000 1042.559814 0.218000 647.409973
5313.750000 1042.760010 0.218000 647.510010
5313.750000 1042.960327 0.206000 647.609985
5314.000000 1043.160645 0.206000 647.710022
5314.250000 1043.360840 0.206000 647.815002
5314.250000 1043.561157 0.206000 647.909973
5314.500000 1043.761475 0.206000 648.005005
5314.875000 1043.981812 0.206000 648.109985
5315.000000 1044.201904 0.206000 648.210022
5315.250000 1044.421387 0.206000 648.294983
5315.875000 1044.630615 0.206000 648.405029
5315.875000 1044.839111 0.206000 648.510010
5316.000000 1045.046875 0.257000 648.609985
5316.000000 1045.254395 0.257000 648.700012
5316.250000 1045.462646 0.257000 648.809998
5316.250000 1045.671631 0.257000 648.909973
5316.375000 1045.881470 0.257000 649.015015
5316.750000 1045.881470 0.257000 649.104980
5317.375000 1046.121338 0.257000 649.190002
5317.625000 1046.323486 0.257000 649.294983
5318.875000 1046.525024 0.257000 649.405029
5319.250000 1046.735840 0.257000 649.500000
5319.625000 1046.944336 0.257000 649.599976
5320.250000 1047.153320 0.299000 649.710022
5321.000000 1047.363403 0.299000 649.794983
5321.125000 1047.573120 0.299000 649.895020
5321.375000 1047.783081 0.299000 650.005005
5322.750000 1048.013184 0.299000 650.094971
5324.250000 1048.233276 0.299000 650.205017
5325.625000 1048.433472 0.299000 650.299988
5326.875000 1048.633545 0.299000 650.409973
5327.750000 1048.833618 0.299000 650.510010
5328.750000 1049.033691 0.299000 650.604980
5329.500000 1049.233765 0.350000 650.700012
5330.375000 1049.433838 0.350000 650.799988
5331.375000 1049.633911 0.350000 650.895020
5331.500000 1049.834229 0.350000 650.994995
5333.250000 1050.044189 0.350000 651.109985
5333.750000 1050.246338 0.350000 651.205017
5334.375000 1050.246338 0.350000 651.294983
5334.875000 1050.447998 0.350000 651.400024
5335.250000 1050.659912 0.350000 651.505005
5335.750000 1050.885254 0.350000 651.604980
5336.000000 1050.885254 0.294000 651.705017
5336.375000 1051.107300 0.294000 651.809998
5337.000000 1051.328613 0.294000 651.895020
5337.125000 1051.328613 0.294000 652.005005
5337.875000 1051.534546 0.294000 652.090027
5338.750000 1051.740845 0.294000 652.205017
5338.875000 1051.944580 0.294000 652.309998
5339.125000 1052.151245 0.294000 652.395020
5339.250000 1052.360229 0.294000 652.505005
5339.750000 1052.360229 0.294000 652.594971
5340.250000 1052.565308 0.309000 652.700012
5340.500000 1052.982422 0.309000 652.809998
5341.000000 1052.982422 0.309000 652.895020
5341.125000 1053.202637 0.309000 653.010010
5341.375000 1053.423096 0.309000 653.109985
5342.125000 1053.623169 0.309000 653.210022
5342.750000 1053.835205 0.309000 653.302002
5343.750000 1054.045288 0.309000 653.400024
5345.125000 1054.248413 0.309000 653.500000
5346.500000 1054.453613 0.309000 653.599976
5348.250000 1054.655762 0.289000 653.700012
5348.750000 1054.655762 0.289000 653.809998
5348.875000 1054.872559 0.289000 653.909973
5349.000000 1055.079590 0.289000 654.000000
5349.000000 1055.279541 0.289000 654.109985
5349.250000 1055.479736 0.289000 654.215027
5349.375000 1055.684814 0.289000 654.304993
5349.500000 1055.892334 0.289000 654.395020
5350.000000 1056.101074 0.289000 654.494995
5350.125000 1056.310547 0.289000 654.599976
5350.125000 1056.310547 0.272000 654.690002
5350.375000 1056.520386 0.272000 654.794983
5350.500000 1056.730225 0.272000 654.900024
5350.750000 1056.949585 0.272000 655.010010
5351.125000 1057.198730 0.272000 655.099976
5351.375000 1057.438477 0.272000 655.215027
5351.875000 1057.638550 0.272000 655.294983
5352.125000 1057.838867 0.272000 655.414978
5352.375000 1058.039307 0.272000 655.510010
5352.375000 1058.279907 0.272000 655.614990
5352.500000 1058.490479 0.250000 655.700012
5352.750000 1058.691162 0.250000 655.804993
5353.125000 1058.891724 0.250000 655.909973
5353.500000 1059.092285 0.250000 655.994995
5354.125000 1059.302979 0.250000 656.104980
5354.375000 1059.523682 0.250000 656.215027
5354.375000 1059.724365 0.250000 656.304993
5354.750000 1059.925049 0.250000 656.400024
5354.750000 1060.125732 0.250000 656.505005
5354.875000 1060.326416 0.206000 656.599976
5355.375000 1060.532593 0.206000 656.705017
5355.500000 1060.532593 0.206000 656.809998
5355.750000 1060.760010 0.206000 656.900024
5355.875000 1060.964844 0.206000 657.005005
5356.125000 1060.964844 0.206000 657.104980
5356.125000 1060.964844 0.206000 657.205017
5356.125000 1061.165894 0.206000 657.304993
5356.125000 1061.165894 0.206000 657.400024
5356.250000 1061.165894 0.206000 657.500000
5356.250000 1061.165894 0.196000 657.604980
5356.750000 1061.165894 0.196000 657.695007
5356.750000 1061.165894 0.196000 657.799988
5356.875000 1061.165894 0.196000 657.909973
5356.875000 1061.165894 0.196000 657.994995
