67.500000 0.000000 0.094000 0.015000
88.375000 0.000000 0.094000 0.125000
106.625000 0.204918 0.094000 0.215000
119.375000 0.409274 0.094000 0.330000
130.500000 0.632428 0.094000 0.420000
141.750000 0.835334 0.094000 0.530000
151.125000 1.041728 0.094000 0.620000
159.375000 1.249864 0.090000 0.720000
167.625000 1.458910 0.090000 0.825000
173.875000 1.668385 0.090000 0.925000
181.250000 1.878066 0.090000 1.025000
188.250000 2.087843 0.090000 1.130000
194.750000 2.087843 0.090000 1.225000
203.750000 2.297647 0.090000 1.325000
212.125000 2.517462 0.090000 1.430000
220.000000 2.727309 0.090000 1.525000
229.500000 2.937183 0.090000 1.625000
237.250000 3.157039 0.169000 1.720000
248.625000 3.366910 0.169000 1.835000
261.000000 3.576807 0.169000 1.935000
271.375000 3.816659 0.169000 2.030000
285.125000 4.026529 0.169000 2.130000
300.000000 4.236419 0.169000 2.225000
312.625000 4.446280 0.169000 2.330000
326.000000 4.656124 0.169000 2.430000
335.375000 4.865969 0.169000 2.525000
345.625000 5.075826 0.169000 2.630000
354.375000 5.285670 0.181000 2.725000
362.875000 5.285670 0.181000 2.825000
370.250000 5.495532 0.181000 2.930000
377.125000 5.705415 0.181000 3.025000
384.375000 5.925285 0.181000 3.125000
391.875000 6.135150 0.181000 3.230000
400.375000 6.345034 0.181000 3.320000
407.875000 6.554918 0.181000 3.425000
413.500000 6.784801 0.181000 3.525000
422.375000 6.994705 0.181000 3.630000
427.500000 7.204610 0.193000 3.725000
434.875000 7.414497 0.193000 3.825000
441.500000 7.624137 0.193000 3.925000
447.500000 7.833136 0.193000 4.030000
453.750000 8.041947 0.193000 4.130000
460.500000 8.250878 0.193000 4.225000
466.125000 8.460187 0.193000 4.325000
472.875000 8.669840 0.193000 4.425000
478.750000 8.879692 0.193000 4.525000
485.375000 8.879692 0.193000 4.625000
490.250000 9.099689 0.198000 4.730000
493.625000 9.299763 0.198000 4.825000
497.375000 9.529530 0.198000 4.920000
501.250000 9.738474 0.198000 5.020000
504.500000 9.946596 0.198000 5.125000
508.875000 10.154014 0.198000 5.225000
512.250000 10.361253 0.198000 5.320000
516.250000 10.569336 0.198000 5.430000
518.750000 10.788165 0.198000 5.530000
523.375000 10.997574 0.198000 5.615000
526.375000 11.207308 0.165000 5.720000
529.375000 11.417230 0.165000 5.825000
532.375000 11.617233 0.165000 5.930000
537.500000 11.817308 0.165000 6.025000
539.625000 12.017427 0.165000 6.125000
543.500000 12.217539 0.165000 6.225000
547.500000 12.417665 0.165000 6.325000
552.125000 12.617816 0.165000 6.420000
555.750000 12.817967 0.165000 6.520000
557.750000 13.018094 0.165000 6.625000
561.000000 13.218213 0.180000 6.725000
564.875000 13.438373 0.180000 6.830000
568.625000 13.638516 0.180000 6.920000
572.750000 13.838647 0.180000 7.030000
576.250000 14.038778 0.180000 7.125000
580.125000 14.238899 0.180000 7.225000
584.125000 14.438997 0.180000 7.325000
587.000000 14.639108 0.180000 7.420000
589.750000 14.839205 0.180000 7.530000
593.250000 15.039290 0.180000 7.625000
595.250000 15.239390 0.174000 7.725000
600.000000 15.439473 0.174000 7.825000
602.625000 15.639578 0.174000 7.925000
607.000000 15.839705 0.174000 8.020000
610.875000 16.039843 0.174000 8.130000
613.875000 16.239891 0.174000 8.220000
617.250000 16.449799 0.174000 8.330000
621.625000 16.659660 0.174000 8.430000
623.875000 16.869595 0.174000 8.525000
628.500000 16.869595 0.174000 8.625000
631.625000 17.079332 0.176000 8.730000
636.250000 17.308943 0.176000 8.825000
640.125000 17.518711 0.176000 8.925000
642.375000 17.728561 0.176000 9.030000
645.875000 17.938459 0.176000 9.125000
649.125000 18.168390 0.176000 9.230000
651.500000 18.378326 0.176000 9.325000
656.000000 18.588247 0.176000 9.425000
658.500000 18.798170 0.176000 9.525000
663.250000 19.008099 0.176000 9.625000
666.375000 19.218033 0.167000 9.720000
667.875000 19.427881 0.167000 9.825000
670.375000 19.637531 0.167000 9.925000
673.375000 19.847281 0.167000 10.020000
675.625000 20.057106 0.167000 10.130000
680.625000 20.266989 0.167000 10.230000
683.125000 20.266989 0.167000 10.325000
686.375000 20.476934 0.167000 10.420000
689.375000 20.686916 0.167000 10.525000
691.250000 20.896933 0.167000 10.630000
693.375000 21.106951 0.160000 10.725000
695.250000 21.306955 0.160000 10.815000
697.500000 21.516607 0.160000 10.925000
701.000000 21.725567 0.160000 11.025000
703.500000 21.954317 0.160000 11.130000
705.375000 22.173172 0.160000 11.225000
708.375000 22.382095 0.160000 11.330000
711.125000 22.591452 0.160000 11.425000
712.875000 22.801100 0.160000 11.525000
715.750000 23.010956 0.160000 11.620000
717.375000 23.210978 0.154000 11.725000
720.625000 23.411055 0.154000 11.825000
722.750000 23.611177 0.154000 11.930000
723.375000 23.811298 0.154000 12.020000
726.500000 24.011450 0.154000 12.125000
728.750000 24.211586 0.154000 12.220000
729.375000 24.426857 0.154000 12.330000
733.250000 24.633392 0.154000 12.425000
734.875000 24.633392 0.154000 12.530000
736.875000 24.840202 0.154000 12.625000
739.000000 25.044584 0.143000 12.730000
739.625000 25.251953 0.143000 12.825000
741.500000 25.251953 0.143000 12.920000
743.375000 25.473583 0.143000 13.025000
745.625000 25.679779 0.143000 13.130000
747.500000 25.679779 0.143000 13.225000
750.750000 25.885765 0.143000 13.325000
755.000000 26.088493 0.143000 13.425000
757.125000 26.290298 0.143000 13.520000
759.125000 26.290298 0.143000 13.630000
761.250000 26.496296 0.148000 13.730000
764.625000 26.696375 0.148000 13.825000
768.125000 26.696375 0.148000 13.925000
770.875000 26.900955 0.148000 14.025000
773.125000 27.102055 0.148000 14.135000
775.500000 27.305262 0.148000 14.225000
777.000000 27.305262 0.148000 14.325000
779.375000 27.509642 0.148000 14.425000
781.625000 27.745077 0.148000 14.525000
783.250000 27.745077 0.148000 14.620000
786.500000 27.950544 0.170000 14.730000
790.000000 28.151266 0.170000 14.825000
792.750000 28.383137 0.170000 14.930000
794.750000 28.591518 0.170000 15.025000
797.625000 28.796000 0.170000 15.125000
800.500000 29.003307 0.170000 15.225000
802.500000 29.212065 0.170000 15.330000
805.125000 29.421526 0.170000 15.425000
808.250000 29.631039 0.170000 15.525000
811.250000 29.840626 0.170000 15.620000
813.125000 30.049379 0.130000 15.725000
815.750000 30.049379 0.130000 15.830000
817.750000 30.268133 0.130000 15.925000
819.250000 30.484278 0.130000 16.025000
822.750000 30.484278 0.130000 16.129999
823.750000 30.685993 0.130000 16.225000
825.875000 30.685993 0.130000 16.330000
828.625000 30.685993 0.130000 16.420000
830.500000 30.685993 0.130000 16.530001
833.125000 30.685993 0.130000 16.625000
835.250000 30.887005 0.158000 16.730000
835.875000 30.887005 0.158000 16.830000
837.625000 30.887005 0.158000 16.924999
839.125000 30.887005 0.158000 17.025000
841.375000 30.887005 0.158000 17.129999
842.750000 30.887005 0.158000 17.225000
844.875000 30.887005 0.158000 17.330000
846.250000 30.887005 0.158000 17.424999
847.750000 30.887005 0.158000 17.525000
848.000000 30.887005 0.158000 17.620001
848.875000 30.887005 0.149000 17.719999
850.500000 30.887005 0.149000 17.825001
851.875000 30.887005 0.149000 17.934999
853.750000 30.887005 0.149000 18.025000
855.250000 31.088879 0.149000 18.129999
857.125000 31.088879 0.149000 18.230000
860.000000 31.290537 0.149000 18.330000
860.875000 31.494835 0.149000 18.424999
861.750000 31.709976 0.149000 18.530001
864.125000 31.917812 0.149000 18.625000
865.750000 32.120995 0.144000 18.730000
867.750000 32.327297 0.144000 18.830000
869.125000 32.327297 0.144000 18.920000
870.500000 32.565090 0.144000 19.035000
871.750000 32.773518 0.144000 19.125000
872.875000 32.982349 0.144000 19.230000
874.125000 33.191658 0.144000 19.320000
875.500000 33.401283 0.144000 19.424999
877.375000 33.621063 0.144000 19.530001
878.875000 33.830921 0.144000 19.620001
880.125000 34.040760 0.157000 19.725000
881.375000 34.250645 0.157000 19.820000
882.125000 34.460575 0.157000 19.924999
884.375000 34.670544 0.157000 20.030001
886.000000 34.880497 0.157000 20.125000
887.625000 35.090446 0.157000 20.225000
889.250000 35.300365 0.157000 20.330000
890.250000 35.510033 0.157000 20.424999
892.500000 35.510033 0.157000 20.525000
893.250000 35.719547 0.157000 20.625000
894.000000 35.929161 0.168000 20.725000
895.250000 36.138885 0.168000 20.825001
896.125000 36.348206 0.168000 20.920000
897.625000 36.556774 0.168000 21.030001
899.625000 36.764702 0.168000 21.120001
901.250000 37.011814 0.168000 21.219999
903.250000 37.230114 0.168000 21.325001
904.625000 37.439297 0.168000 21.424999
905.250000 37.648811 0.168000 21.525000
907.000000 37.858688 0.168000 21.620001
908.625000 38.058826 0.165000 21.725000
912.125000 38.259079 0.165000 21.820000
915.000000 38.459377 0.165000 21.924999
917.375000 38.659698 0.165000 22.020000
919.000000 38.860050 0.165000 22.125000
921.750000 39.070457 0.165000 22.230000
923.875000 39.270847 0.165000 22.320000
927.000000 39.471180 0.165000 22.420000
929.375000 39.671520 0.165000 22.525000
933.125000 39.871841 0.165000 22.629999
935.625000 40.072186 0.160000 22.730000
939.625000 40.278130 0.160000 22.830000
945.250000 40.278130 0.160000 22.924999
950.000000 40.484642 0.160000 23.030001
955.250000 40.690075 0.160000 23.129999
960.375000 40.892574 0.160000 23.225000
965.750000 41.098526 0.160000 23.330000
973.000000 41.098526 0.160000 23.430000
980.625000 41.303600 0.160000 23.520000
987.625000 41.508606 0.160000 23.615000
996.625000 41.712593 0.190000 23.725000
1005.000000 41.712593 0.190000 23.825001
1014.375000 41.915176 0.190000 23.924999
1025.250000 42.116535 0.190000 24.030001
1031.500000 42.116535 0.190000 24.125000
1043.250000 42.316673 0.190000 24.225000
1053.375000 42.523453 0.190000 24.330000
1062.000000 42.724247 0.190000 24.424999
1070.000000 42.724247 0.190000 24.525000
1077.375000 42.926838 0.190000 24.625000
1083.500000 43.153591 0.210000 24.715000
1088.625000 43.358517 0.210000 24.825001
1091.625000 43.358517 0.210000 24.930000
1094.875000 43.564651 0.210000 25.025000
1098.125000 43.770401 0.210000 25.125000
1099.625000 43.770401 0.210000 25.225000
1102.750000 43.977135 0.210000 25.330000
1106.000000 44.184383 0.210000 25.424999
1110.125000 44.412109 0.210000 25.525000
1117.750000 44.613239 0.210000 25.625000
1123.125000 44.838978 0.210000 25.725000
1130.750000 45.044949 0.210000 25.820000
1139.250000 45.248352 0.210000 25.930000
1145.250000 45.248352 0.210000 26.020000
1150.250000 45.462139 0.210000 26.125000
1155.375000 45.462139 0.210000 26.230000
1157.750000 45.664089 0.210000 26.325001
1162.750000 45.664089 0.210000 26.430000
1165.625000 45.664089 0.210000 26.520000
1170.250000 45.664089 0.210000 26.625000
1173.375000 45.664089 0.213000 26.730000
1176.125000 45.664089 0.213000 26.825001
1179.375000 45.864182 0.213000 26.930000
1182.500000 45.864182 0.213000 27.025000
1185.250000 45.864182 0.213000 27.129999
1187.500000 45.864182 0.213000 27.225000
1190.250000 45.864182 0.213000 27.330000
1192.500000 45.864182 0.213000 27.430000
1194.375000 45.864182 0.213000 27.530001
1197.000000 45.864182 0.213000 27.625000
1199.125000 45.864182 0.215000 27.725000
1201.000000 45.864182 0.215000 27.825001
1202.500000 45.864182 0.215000 27.924999
1205.625000 45.864182 0.215000 28.025000
1207.250000 45.864182 0.215000 28.135000
1209.000000 45.864182 0.215000 28.225000
1210.875000 45.864182 0.215000 28.330000
1212.750000 45.864182 0.215000 28.430000
1214.375000 45.864182 0.215000 28.525000
1215.875000 45.864182 0.215000 28.620001
1216.625000 45.864182 0.202000 28.725000
1219.000000 45.864182 0.202000 28.830000
1221.125000 45.864182 0.202000 28.924999
1222.625000 45.864182 0.202000 29.030001
1223.875000 45.864182 0.202000 29.125000
1225.375000 45.864182 0.202000 29.230000
1227.750000 45.864182 0.202000 29.325001
1230.625000 45.864182 0.202000 29.430000
1232.500000 46.089237 0.202000 29.520000
1234.750000 46.089237 0.202000 29.629999
1235.875000 46.294434 0.183000 29.730000
1238.000000 46.499847 0.183000 29.820000
1240.500000 46.499847 0.183000 29.920000
1242.750000 46.706539 0.183000 30.035000
1244.875000 46.932117 0.183000 30.120001
1248.375000 46.932117 0.183000 30.219999
1250.375000 47.144627 0.183000 30.330000
1252.000000 47.347408 0.183000 30.420000
1254.250000 47.555046 0.183000 30.525000
1257.500000 47.760216 0.183000 30.629999
1260.250000 47.962147 0.207000 30.719999
1263.750000 48.163822 0.207000 30.830000
1265.750000 48.367844 0.207000 30.924999
1269.375000 48.574665 0.207000 31.035000
1271.500000 48.783421 0.207000 31.125000
1273.875000 48.993267 0.207000 31.230000
1276.125000 49.193790 0.207000 31.330000
1277.500000 49.193790 0.207000 31.424999
1279.875000 49.414135 0.207000 31.525000
1280.625000 49.620491 0.207000 31.629999
1281.750000 49.834572 0.207000 31.725000
1283.000000 50.038723 0.231000 31.820000
1284.250000 50.247414 0.231000 31.930000
1285.250000 50.247414 0.231000 32.020000
1286.375000 50.471939 0.231000 32.119999
1288.000000 50.685215 0.231000 32.215000
1289.625000 50.886623 0.231000 32.330002
1291.000000 51.110573 0.231000 32.424999
1291.500000 51.316242 0.231000 32.529999
1292.875000 51.531940 0.231000 32.615002
1294.000000 51.748005 0.208000 32.724998
1294.625000 51.955513 0.208000 32.820000
1296.000000 52.163208 0.208000 32.919998
1297.750000 52.371372 0.208000 33.025002
1299.250000 52.580261 0.208000 33.125000
1302.750000 52.789608 0.208000 33.230000
1304.000000 52.789608 0.208000 33.325001
1305.125000 52.999138 0.208000 33.430000
1306.250000 53.228775 0.208000 33.529999
1306.750000 53.438545 0.208000 33.625000
1309.125000 53.648350 0.190000 33.730000
1309.625000 53.858185 0.190000 33.830002
1310.875000 54.068073 0.190000 33.924999
1313.000000 54.307980 0.190000 34.029999
1315.375000 54.527748 0.190000 34.125000
1318.000000 54.737495 0.190000 34.224998
1319.000000 54.947296 0.190000 34.314999
1320.000000 55.157162 0.190000 34.430000
1320.625000 55.367096 0.190000 34.520000
1321.875000 55.577026 0.190000 34.619999
1323.750000 55.786961 0.192000 34.730000
1325.250000 55.996193 0.192000 34.830002
1325.875000 55.996193 0.192000 34.924999
1326.750000 56.220737 0.192000 35.025002
1327.750000 56.424965 0.192000 35.125000
1328.000000 56.632477 0.192000 35.224998
1330.375000 56.632477 0.192000 35.325001
1331.625000 56.840698 0.192000 35.430000
1332.750000 57.045990 0.192000 35.525002
1335.250000 57.251041 0.192000 35.630001
1337.000000 57.251041 0.181000 35.720001
1338.375000 57.456272 0.181000 35.825001
1342.125000 57.661800 0.181000 35.930000
1343.125000 57.867706 0.181000 36.020000
1344.875000 57.867706 0.181000 36.125000
1346.125000 58.072781 0.181000 36.224998
1347.125000 58.279148 0.181000 36.330002
1349.625000 58.479813 0.181000 36.419998
1350.750000 58.684834 0.181000 36.529999
1352.125000 58.684834 0.181000 36.634998
1352.750000 58.888210 0.182000 36.720001
1353.500000 59.091000 0.182000 36.820000
1354.375000 59.091000 0.182000 36.924999
1355.125000 59.294338 0.182000 37.025002
1356.750000 59.498882 0.182000 37.125000
1357.375000 59.701534 0.182000 37.224998
1358.250000 59.907284 0.182000 37.325001
1359.375000 60.115372 0.182000 37.419998
1361.500000 60.319660 0.182000 37.525002
1361.750000 60.526794 0.182000 37.625000
1362.500000 60.526794 0.186000 37.724998
1363.000000 60.765202 0.186000 37.830002
1364.375000 60.974495 0.186000 37.924999
1365.250000 61.184071 0.186000 38.029999
1365.375000 61.393677 0.186000 38.125000
1366.750000 61.602779 0.186000 38.220001
1367.625000 61.811508 0.186000 38.325001
1368.000000 62.040485 0.186000 38.424999
1369.000000 62.249710 0.186000 38.525002
1369.250000 62.459064 0.186000 38.625000
1369.250000 62.668423 0.165000 38.720001
1370.625000 62.878040 0.165000 38.820000
1371.000000 63.087852 0.165000 38.924999
1372.250000 63.297745 0.165000 39.020000
1373.625000 63.507717 0.165000 39.125000
1374.375000 63.707748 0.165000 39.220001
1375.500000 63.707748 0.165000 39.314999
1375.750000 63.917698 0.165000 39.419998
1376.375000 64.147057 0.165000 39.525002
1376.750000 64.355835 0.165000 39.615002
1377.875000 64.564827 0.198000 39.720001
1378.250000 64.773598 0.198000 39.830002
1378.875000 65.021164 0.198000 39.924999
1379.125000 65.228561 0.198000 40.025002
1379.750000 65.435669 0.198000 40.119999
1380.250000 65.672127 0.198000 40.230000
1380.625000 65.879066 0.198000 40.325001
1380.875000 66.086952 0.198000 40.424999
1381.750000 66.296021 0.198000 40.525002
1382.250000 66.505753 0.198000 40.630001
1382.500000 66.505753 0.157000 40.724998
1383.000000 66.741982 0.157000 40.825001
1383.625000 66.946747 0.157000 40.930000
1384.125000 67.153526 0.157000 41.025002
1384.250000 67.382057 0.157000 41.130001
1384.750000 67.621910 0.157000 41.230000
1385.750000 67.832260 0.157000 41.325001
1386.500000 68.032623 0.157000 41.424999
1386.750000 68.250122 0.157000 41.529999
1387.250000 68.457390 0.157000 41.630001
1388.000000 68.457390 0.143000 41.730000
1388.000000 68.675720 0.143000 41.814999
1388.000000 68.877487 0.143000 41.930000
1388.625000 69.081436 0.143000 42.029999
1389.125000 69.303017 0.143000 42.125000
1389.375000 69.508987 0.143000 42.220001
1390.125000 69.716713 0.143000 42.330002
1391.000000 69.925819 0.143000 42.435001
1391.875000 70.135704 0.143000 42.525002
1392.125000 70.335991 0.143000 42.630001
1392.375000 70.536308 0.155000 42.730000
1393.125000 70.742043 0.155000 42.814999
1393.625000 70.948723 0.155000 42.924999
1394.500000 70.948723 0.155000 43.014999
1395.250000 71.155594 0.155000 43.130001
1395.500000 71.360039 0.155000 43.230000
1396.250000 71.567154 0.155000 43.325001
1396.375000 71.567154 0.155000 43.430000
1397.375000 71.772308 0.155000 43.520000
1397.500000 71.977287 0.155000 43.625000
1398.125000 72.182404 0.159000 43.730000
1398.750000 72.182404 0.159000 43.825001
1399.375000 72.388023 0.159000 43.935001
1400.125000 72.626747 0.159000 44.029999
1400.625000 72.835739 0.159000 44.130001
1401.375000 73.035767 0.159000 44.230000
1402.250000 73.240692 0.159000 44.325001
1402.750000 73.240692 0.159000 44.424999
1404.125000 73.468010 0.159000 44.525002
1405.500000 73.676765 0.159000 44.625000
1406.375000 73.886063 0.147000 44.730000
1407.125000 74.095657 0.147000 44.830002
1407.500000 74.305374 0.147000 44.930000
1408.500000 74.515099 0.147000 45.029999
1408.750000 74.754852 0.147000 45.125000
1410.500000 74.964752 0.147000 45.230000
1411.250000 75.174606 0.147000 45.325001
1411.625000 75.384468 0.147000 45.424999
1412.375000 75.594368 0.147000 45.525002
1413.250000 75.804268 0.147000 45.619999
1414.500000 76.014168 0.135000 45.724998
1415.500000 76.223930 0.135000 45.830002
1416.250000 76.432999 0.135000 45.924999
1417.250000 76.641167 0.135000 46.029999
1418.125000 76.641167 0.135000 46.130001
1419.250000 76.849289 0.135000 46.224998
1420.375000 77.068108 0.135000 46.330002
1421.125000 77.277527 0.135000 46.430000
1422.125000 77.487335 0.135000 46.529999
1423.250000 77.687408 0.135000 46.630001
1423.750000 77.887619 0.129000 46.724998
1425.625000 78.087936 0.129000 46.830002
1426.500000 78.288307 0.129000 46.919998
1427.500000 78.518761 0.129000 47.025002
1428.500000 78.739143 0.129000 47.130001
1429.750000 78.939438 0.129000 47.230000
1432.750000 79.159607 0.129000 47.330002
1433.500000 79.359619 0.129000 47.424999
1434.625000 79.559723 0.129000 47.525002
1436.500000 79.759933 0.129000 47.630001
1438.000000 79.980217 0.116000 47.724998
1439.500000 80.180412 0.116000 47.825001
1440.875000 80.380547 0.116000 47.930000
1441.875000 80.580811 0.116000 48.020000
1442.875000 80.781143 0.116000 48.125000
1444.750000 80.981522 0.116000 48.224998
1446.500000 81.181923 0.116000 48.330002
1448.250000 81.382309 0.116000 48.424999
1451.250000 81.582710 0.116000 48.525002
1454.625000 81.782898 0.116000 48.625000
1457.500000 81.982964 0.132000 48.724998
1461.750000 82.183151 0.132000 48.825001
1465.875000 82.383545 0.132000 48.924999
1472.250000 82.584068 0.132000 49.020000
1479.375000 82.784676 0.132000 49.130001
1486.750000 82.985298 0.132000 49.224998
1498.250000 83.185936 0.132000 49.314999
1509.875000 83.386581 0.132000 49.430000
1518.875000 83.587250 0.132000 49.525002
1528.750000 83.787964 0.132000 49.619999
1535.750000 83.988701 0.169000 49.724998
1544.125000 84.189346 0.169000 49.825001
1550.000000 84.389786 0.169000 49.924999
1555.000000 84.590256 0.169000 50.029999
1560.250000 84.790771 0.169000 50.130001
1568.500000 84.991325 0.169000 50.224998
1573.375000 85.191872 0.169000 50.325001
1579.375000 85.392197 0.169000 50.430000
1583.625000 85.597496 0.169000 50.525002
1589.375000 85.803810 0.169000 50.619999
1594.375000 85.803810 0.167000 50.730000
1598.000000 86.026192 0.167000 50.830002
1602.875000 86.227455 0.167000 50.924999
1607.500000 86.429207 0.167000 51.025002
1609.875000 86.429207 0.167000 51.125000
1613.250000 86.636536 0.167000 51.230000
1618.125000 86.836624 0.167000 51.325001
1621.375000 86.836624 0.167000 51.424999
1625.125000 87.038048 0.167000 51.525002
1629.000000 87.240517 0.167000 51.625000
1632.250000 87.443420 0.165000 51.730000
1636.625000 87.443420 0.165000 51.814999
1640.375000 87.646484 0.165000 51.930000
1643.250000 87.849648 0.165000 52.025002
1647.125000 88.053581 0.165000 52.119999
1650.375000 88.053581 0.165000 52.230000
1653.375000 88.267639 0.165000 52.320000
1657.500000 88.477074 0.165000 52.424999
1660.875000 88.687439 0.165000 52.525002
1665.000000 88.888298 0.165000 52.619999
1667.500000 89.093628 0.179000 52.720001
1671.500000 89.321068 0.179000 52.834999
1674.125000 89.529854 0.179000 52.919998
1677.625000 89.739212 0.179000 53.029999
1681.500000 89.948860 0.179000 53.125000
1684.125000 90.158615 0.179000 53.230000
1687.250000 90.158615 0.179000 53.325001
1690.750000 90.388405 0.179000 53.419998
1692.500000 90.618263 0.179000 53.525002
1695.750000 90.848206 0.179000 53.630001
1698.250000 91.078178 0.157000 53.724998
1700.125000 91.288162 0.157000 53.830002
1702.875000 91.518166 0.157000 53.930000
1705.500000 91.728149 0.157000 54.014999
1707.250000 91.938042 0.157000 54.130001
1710.000000 92.147926 0.157000 54.224998
1712.750000 92.357590 0.157000 54.330002
1714.500000 92.357590 0.157000 54.415001
1716.875000 92.567169 0.157000 54.529999
1718.875000 92.796860 0.157000 54.619999
1720.500000 93.006660 0.160000 54.720001
1722.500000 93.236496 0.160000 54.830002
1724.875000 93.476349 0.160000 54.919998
1726.750000 93.686256 0.160000 55.025002
1727.625000 93.896210 0.160000 55.125000
1729.500000 94.116119 0.160000 55.235001
1730.875000 94.325989 0.160000 55.330002
1733.375000 94.535881 0.160000 55.419998
1734.875000 94.745819 0.160000 55.525002
1736.750000 94.955772 0.160000 55.630001
1739.750000 94.955772 0.190000 55.720001
1742.125000 95.165688 0.190000 55.830002
1743.125000 95.385597 0.190000 55.935001
1744.875000 95.595512 0.190000 56.025002
1746.250000 95.805405 0.190000 56.119999
1748.500000 96.015320 0.190000 56.224998
1749.875000 96.245209 0.190000 56.325001
1752.250000 96.465111 0.190000 56.424999
1754.625000 96.695007 0.190000 56.520000
1757.250000 96.904915 0.190000 56.625000
1759.125000 97.114822 0.173000 56.730000
1761.375000 97.324730 0.173000 56.820000
1762.250000 97.534615 0.173000 56.924999
1764.750000 97.534615 0.173000 57.020000
1766.750000 97.764526 0.173000 57.125000
1769.500000 97.974503 0.173000 57.220001
1771.000000 98.204491 0.173000 57.320000
1774.125000 98.414459 0.173000 57.430000
1776.625000 98.624435 0.173000 57.525002
1779.000000 98.854424 0.173000 57.615002
1781.250000 99.064400 0.198000 57.724998
1783.125000 99.274338 0.198000 57.820000
1785.375000 99.484276 0.198000 57.930000
1788.000000 99.694183 0.198000 58.025002
1790.500000 99.914040 0.198000 58.130001
1794.500000 100.123940 0.198000 58.220001
1798.125000 100.333862 0.198000 58.325001
1801.500000 100.543785 0.198000 58.424999
1805.875000 100.753334 0.198000 58.529999
1809.500000 100.753334 0.198000 58.625000
1816.750000 100.962433 0.178000 58.730000
1820.875000 101.181076 0.178000 58.830002
1825.125000 101.389389 0.178000 58.924999
1830.500000 101.598053 0.178000 59.025002
1836.125000 101.807205 0.178000 59.130001
1838.500000 102.016785 0.178000 59.220001
1843.375000 102.246544 0.178000 59.330002
1846.750000 102.455826 0.178000 59.430000
1852.125000 102.664139 0.178000 59.525002
1859.375000 102.871544 0.178000 59.625000
1866.875000 103.078285 0.190000 59.720001
1874.500000 103.285522 0.190000 59.830002
1881.250000 103.492973 0.190000 59.924999
1889.375000 103.700920 0.190000 60.029999
1893.875000 103.909668 0.190000 60.119999
1900.250000 103.909668 0.190000 60.220001
1906.500000 104.328606 0.190000 60.330002
1912.625000 104.328606 0.190000 60.430000
1918.125000 104.548431 0.190000 60.525002
1926.250000 104.758369 0.190000 60.625000
1931.000000 104.968346 0.201000 60.720001
1936.125000 105.188354 0.201000 60.820000
1941.625000 105.398209 0.201000 60.924999
1945.375000 105.627670 0.201000 61.029999
1948.500000 105.837326 0.201000 61.125000
1953.125000 106.047134 0.201000 61.224998
1956.250000 106.257065 0.201000 61.330002
1960.000000 106.466850 0.201000 61.424999
1962.250000 106.673203 0.201000 61.520000
1964.125000 106.878868 0.201000 61.625000
1965.625000 106.878868 0.204000 61.724998
1968.125000 107.084801 0.204000 61.830002
1969.875000 107.290764 0.204000 61.924999
1972.250000 107.512390 0.204000 62.029999
1973.875000 107.512390 0.204000 62.119999
1976.625000 107.714844 0.204000 62.224998
1978.750000 107.922470 0.204000 62.325001
1979.625000 107.922470 0.204000 62.419998
1981.250000 108.129883 0.204000 62.525002
1982.750000 108.332100 0.204000 62.630001
1983.875000 108.535416 0.199000 62.720001
1984.875000 108.535416 0.199000 62.825001
1987.125000 108.739662 0.199000 62.924999
1989.125000 108.944557 0.199000 63.020000
1990.375000 109.163368 0.199000 63.130001
1991.750000 109.163368 0.199000 63.224998
1992.875000 109.364929 0.199000 63.320000
1994.000000 109.586304 0.199000 63.424999
1995.875000 109.586304 0.199000 63.525002
1998.000000 109.806236 0.199000 63.619999
1999.750000 110.035233 0.181000 63.724998
2000.375000 110.035233 0.181000 63.830002
2001.000000 110.250702 0.181000 63.924999
2001.750000 110.452156 0.181000 64.014999
2002.375000 110.654320 0.181000 64.120003
2003.750000 110.654320 0.181000 64.224998
2004.500000 110.857468 0.181000 64.320000
2004.750000 111.084549 0.181000 64.419998
2006.250000 111.285477 0.181000 64.525002
2008.250000 111.285477 0.181000 64.620003
2009.375000 111.489738 0.180000 64.720001
2010.375000 111.696892 0.180000 64.830002
2010.875000 111.900528 0.180000 64.930000
2012.250000 112.107269 0.180000 65.019997
2012.875000 112.315605 0.180000 65.120003
2013.000000 112.524773 0.180000 65.224998
2014.250000 112.764290 0.180000 65.320000
2015.375000 112.974037 0.180000 65.430000
2016.375000 113.183868 0.180000 65.525002
2017.000000 113.393761 0.180000 65.625000
2017.500000 113.603561 0.177000 65.724998
2018.750000 113.813393 0.177000 65.820000
2019.500000 114.023293 0.177000 65.930000
2020.500000 114.233253 0.177000 66.029999
2021.875000 114.443253 0.177000 66.129997
2023.375000 114.643272 0.177000 66.230003
2024.375000 114.643272 0.177000 66.330002
2025.250000 114.863129 0.177000 66.425003
2025.625000 115.072952 0.177000 66.525002
2027.000000 115.282845 0.177000 66.629997
2028.000000 115.492828 0.193000 66.730003
2028.750000 115.692886 0.193000 66.824997
2030.125000 115.892914 0.193000 66.925003
2031.250000 116.101746 0.193000 67.029999
2031.750000 116.334366 0.193000 67.125000
2032.500000 116.537544 0.193000 67.224998
2034.125000 116.537544 0.193000 67.324997
2035.375000 116.752167 0.193000 67.425003
2036.625000 116.975220 0.193000 67.525002
2037.250000 117.180939 0.193000 67.629997
2038.375000 117.180939 0.167000 67.730003
2039.375000 117.386765 0.167000 67.824997
2040.000000 117.592606 0.167000 67.930000
2041.125000 117.793648 0.167000 68.025002
2042.125000 117.793648 0.167000 68.125000
2043.875000 117.997437 0.167000 68.230003
2045.125000 118.219788 0.167000 68.324997
2046.875000 118.420120 0.167000 68.430000
2049.250000 118.420120 0.167000 68.525002
2052.375000 118.625099 0.167000 68.625000
2055.125000 118.829559 0.173000 68.730003
2057.000000 119.034225 0.173000 68.824997
2059.250000 119.034225 0.173000 68.919998
2062.375000 119.238411 0.173000 69.019997
2064.750000 119.442467 0.173000 69.129997
2066.000000 119.646614 0.173000 69.230003
2068.000000 119.646614 0.173000 69.330002
2070.375000 119.864799 0.173000 69.425003
2072.000000 120.070137 0.173000 69.525002
2073.875000 120.272865 0.173000 69.620003
2076.500000 120.479080 0.207000 69.714996
2079.500000 120.697044 0.207000 69.830002
2081.875000 120.906013 0.207000 69.925003
2084.750000 121.115425 0.207000 70.029999
2087.250000 121.325073 0.207000 70.129997
2091.625000 121.544861 0.207000 70.224998
2094.125000 121.754700 0.207000 70.320000
2096.625000 121.964523 0.207000 70.425003
2099.750000 122.174332 0.207000 70.519997
2101.875000 122.384140 0.207000 70.620003
2104.500000 122.593948 0.220000 70.724998
2107.625000 122.803711 0.220000 70.830002
2109.250000 122.803711 0.220000 70.930000
2113.500000 123.033310 0.220000 71.025002
2114.625000 123.243050 0.220000 71.125000
2115.875000 123.482887 0.220000 71.235001
2117.625000 123.722733 0.220000 71.334999
2119.875000 123.932693 0.220000 71.430000
2121.625000 124.142632 0.220000 71.529999
2123.750000 124.352631 0.220000 71.625000
2125.375000 124.562622 0.192000 71.720001
2127.125000 124.772591 0.192000 71.824997
2128.250000 124.772591 0.192000 71.915001
2130.125000 124.992462 0.192000 72.025002
2132.500000 125.242340 0.192000 72.120003
2133.875000 125.452271 0.192000 72.220001
2135.375000 125.682159 0.192000 72.330002
2136.875000 125.921982 0.192000 72.425003
2138.500000 126.131836 0.192000 72.525002
2139.625000 126.341698 0.192000 72.625000
2140.750000 126.551559 0.164000 72.724998
2141.250000 126.761414 0.164000 72.824997
2142.500000 126.970932 0.164000 72.925003
2143.500000 127.180359 0.164000 73.025002
2144.000000 127.389664 0.164000 73.125000
2145.375000 127.598366 0.164000 73.230003
2146.500000 127.598366 0.164000 73.324997
2147.125000 127.827209 0.164000 73.430000
2148.250000 128.036606 0.164000 73.525002
2149.000000 128.245956 0.164000 73.625000
2149.250000 128.454895 0.160000 73.724998
2150.125000 128.664032 0.160000 73.830002
2150.875000 128.903381 0.160000 73.930000
2152.000000 129.112976 0.160000 74.019997
2152.625000 129.322617 0.160000 74.125000
2152.875000 129.532257 0.160000 74.230003
2153.625000 129.751923 0.160000 74.330002
2153.875000 129.961670 0.160000 74.419998
2154.750000 130.171509 0.160000 74.529999
2155.375000 130.171509 0.160000 74.620003
2155.750000 130.381378 0.165000 74.720001
2156.875000 130.591278 0.165000 74.820000
2158.000000 130.821152 0.165000 74.925003
2158.750000 131.031036 0.165000 75.025002
2159.125000 131.240906 0.165000 75.120003
2160.125000 131.490707 0.165000 75.224998
2161.750000 131.700592 0.165000 75.330002
2162.750000 131.910400 0.165000 75.419998
2163.625000 132.119522 0.165000 75.525002
2164.500000 132.323029 0.165000 75.625000
2165.500000 132.524094 0.156000 75.730003
2167.375000 132.524094 0.156000 75.824997
2168.000000 132.731735 0.156000 75.925003
2169.625000 132.938263 0.156000 76.025002
2171.000000 133.145645 0.156000 76.125000
2171.875000 133.349289 0.156000 76.224998
2172.625000 133.556076 0.156000 76.324997
2173.250000 133.784271 0.156000 76.425003
2173.750000 133.993362 0.156000 76.529999
2175.500000 134.202789 0.156000 76.625000
2176.875000 134.422318 0.162000 76.720001
2178.500000 134.631821 0.162000 76.824997
2180.000000 134.841202 0.162000 76.925003
2180.750000 135.050140 0.162000 77.025002
2183.250000 135.050140 0.162000 77.114998
2184.625000 135.268417 0.162000 77.224998
2186.125000 135.684158 0.162000 77.334999
2187.500000 135.684158 0.162000 77.425003
2188.875000 135.902603 0.162000 77.525002
2191.375000 136.111725 0.162000 77.625000
2194.125000 136.321198 0.161000 77.720001
2197.000000 136.530930 0.161000 77.820000
2202.625000 136.740799 0.161000 77.925003
2205.125000 136.970734 0.161000 78.029999
2209.000000 137.180695 0.161000 78.129997
2212.875000 137.390671 0.161000 78.230003
2217.000000 137.600616 0.161000 78.324997
2223.000000 137.810532 0.161000 78.430000
2228.375000 138.020447 0.161000 78.529999
2232.625000 138.230331 0.161000 78.620003
2238.250000 138.440247 0.163000 78.720001
2245.250000 138.650177 0.163000 78.824997
2251.500000 138.860123 0.163000 78.925003
2258.750000 139.070099 0.163000 79.029999
2264.500000 139.070099 0.163000 79.129997
2271.000000 139.310028 0.163000 79.224998
2277.125000 139.549911 0.163000 79.330002
2284.625000 139.759872 0.163000 79.425003
2290.750000 139.979843 0.163000 79.525002
2295.875000 140.189819 0.163000 79.625000
2301.500000 140.399765 0.197000 79.730003
2306.625000 140.609573 0.197000 79.824997
2311.875000 140.811172 0.197000 79.925003
2316.375000 141.011673 0.197000 80.025002
2320.000000 141.011673 0.197000 80.125000
2325.750000 141.219391 0.197000 80.224998
2328.875000 141.438873 0.197000 80.320000
2331.875000 141.438873 0.197000 80.425003
2334.750000 141.667191 0.197000 80.529999
2338.625000 141.872101 0.197000 80.625000
2341.625000 142.077789 0.167000 80.730003
2345.500000 142.077789 0.167000 80.830002
2348.750000 142.285080 0.167000 80.925003
2351.750000 142.486282 0.167000 81.035004
2354.125000 142.486282 0.167000 81.125000
2357.875000 142.695786 0.167000 81.224998
2360.000000 142.913452 0.167000 81.330002
2362.125000 143.116852 0.167000 81.430000
2365.500000 143.116852 0.167000 81.525002
2367.625000 143.321304 0.167000 81.620003
2369.875000 143.526321 0.159000 81.724998
2371.875000 143.727203 0.159000 81.824997
2373.875000 143.727203 0.159000 81.925003
2375.625000 143.949860 0.159000 82.019997
2377.625000 144.157654 0.159000 82.125000
2379.000000 144.381332 0.159000 82.220001
2381.375000 144.598389 0.159000 82.324997
2382.750000 144.807037 0.159000 82.419998
2384.750000 145.016174 0.159000 82.529999
2386.750000 145.216782 0.159000 82.620003
2388.125000 145.418304 0.190000 82.724998
2389.250000 145.418304 0.190000 82.830002
2390.500000 145.629761 0.190000 82.930000
2391.500000 145.847321 0.190000 83.025002
2392.000000 146.052933 0.190000 83.129997
2393.125000 146.052933 0.190000 83.224998
2394.125000 146.256927 0.190000 83.330002
2394.625000 146.460464 0.190000 83.430000
2396.500000 146.664124 0.190000 83.525002
2397.125000 146.664124 0.190000 83.625000
2398.875000 146.868546 0.188000 83.724998
2401.000000 147.074615 0.188000 83.824997
2403.000000 147.281708 0.188000 83.919998
2407.250000 147.281708 0.188000 84.025002
2412.375000 147.490829 0.188000 84.125000
2416.625000 147.720505 0.188000 84.220001
2422.250000 147.956223 0.188000 84.330002
2426.250000 148.214798 0.188000 84.419998
2430.375000 148.434753 0.188000 84.529999
2433.750000 148.642685 0.188000 84.625000
2436.750000 148.642685 0.185000 84.714996
2439.500000 148.851425 0.185000 84.824997
2443.250000 149.071106 0.185000 84.925003
2445.875000 149.276947 0.185000 85.019997
2449.375000 149.488373 0.185000 85.125000
2452.625000 149.723587 0.185000 85.220001
2455.125000 149.931610 0.185000 85.330002
2458.125000 150.140671 0.185000 85.425003
2460.750000 150.349228 0.185000 85.529999
2464.500000 150.551483 0.185000 85.625000
2469.500000 150.758698 0.211000 85.724998
2475.125000 150.758698 0.211000 85.830002
2480.000000 150.975449 0.211000 85.919998
2486.250000 151.181198 0.211000 86.025002
2491.375000 151.386993 0.211000 86.129997
2495.125000 151.386993 0.211000 86.230003
2500.125000 151.588303 0.211000 86.330002
2506.875000 151.801788 0.211000 86.425003
2510.625000 151.801788 0.211000 86.525002
2518.000000 152.028152 0.211000 86.629997
2522.750000 152.247589 0.211000 86.720001
2528.375000 152.247589 0.238000 86.830002
2533.375000 152.470200 0.238000 86.919998
2538.625000 152.673904 0.238000 87.019997
2543.750000 152.878906 0.238000 87.120003
2549.625000 152.878906 0.238000 87.224998
2553.125000 153.083237 0.238000 87.330002
2557.750000 153.294434 0.238000 87.425003
2562.625000 153.497528 0.238000 87.529999
2568.000000 153.497528 0.238000 87.625000
2572.125000 153.722595 0.238000 87.724998
2577.375000 153.924988 0.291000 87.830002
2582.000000 153.924988 0.291000 87.930000
2586.125000 154.127457 0.291000 88.029999
2589.000000 154.330185 0.291000 88.125000
2592.750000 154.536346 0.291000 88.235001
2596.000000 154.536346 0.291000 88.324997
2598.875000 154.747406 0.291000 88.430000
2601.625000 154.949173 0.291000 88.525002
2605.375000 155.150101 0.291000 88.629997
2608.500000 155.385010 0.291000 88.730003
2611.750000 155.592819 0.300000 88.824997
2614.000000 155.801666 0.300000 88.930000
2616.375000 156.011078 0.300000 89.019997
2619.125000 156.220779 0.300000 89.120003
2621.625000 156.430603 0.300000 89.220001
2623.750000 156.640518 0.300000 89.324997
2626.375000 156.850433 0.300000 89.430000
2628.875000 157.060379 0.300000 89.529999
2631.875000 157.260376 0.300000 89.625000
2634.375000 157.470291 0.300000 89.724998
2638.375000 157.680283 0.317000 89.830002
2640.750000 157.880295 0.317000 89.930000
2643.125000 158.080338 0.317000 90.029999
2644.875000 158.280350 0.317000 90.129997
2646.750000 158.280350 0.317000 90.224998
2648.875000 158.520294 0.317000 90.324997
2650.375000 158.730286 0.317000 90.430000
2652.125000 158.930298 0.317000 90.529999
2653.625000 159.130310 0.317000 90.625000
2655.625000 159.330322 0.317000 90.724998
2657.625000 159.530319 0.267000 90.824997
2659.500000 159.740250 0.267000 90.925003
2660.750000 159.970123 0.267000 91.025002
2663.250000 160.189926 0.267000 91.129997
2664.625000 160.399429 0.267000 91.230003
2665.625000 160.609039 0.267000 91.330002
2667.625000 160.818817 0.267000 91.425003
2669.250000 161.028702 0.267000 91.525002
2670.375000 161.238617 0.267000 91.620003
2672.125000 161.448517 0.267000 91.730003
2673.750000 161.658417 0.265000 91.830002
2675.625000 161.868317 0.265000 91.930000
2677.500000 162.078217 0.265000 92.029999
2679.500000 162.078217 0.265000 92.129997
2681.500000 162.288040 0.265000 92.235001
2683.125000 162.527771 0.265000 92.324997
2684.750000 162.737549 0.265000 92.430000
2686.625000 162.947327 0.265000 92.529999
2687.750000 163.157104 0.265000 92.620003
2689.750000 163.366913 0.265000 92.730003
2692.375000 163.616837 0.260000 92.830002
2693.375000 163.826767 0.260000 92.930000
2695.500000 164.036682 0.260000 93.029999
2696.875000 164.246567 0.260000 93.129997
2698.750000 164.456329 0.260000 93.224998
2701.250000 164.666245 0.260000 93.330002
2703.250000 164.666245 0.260000 93.425003
2705.250000 164.876129 0.260000 93.525002
2707.875000 165.115952 0.260000 93.625000
2709.625000 165.325806 0.260000 93.720001
2711.375000 165.565689 0.241000 93.824997
2713.000000 165.775406 0.241000 93.930000
2715.000000 165.994843 0.241000 94.025002
2716.750000 166.214417 0.241000 94.125000
2718.375000 166.434128 0.241000 94.224998
2719.875000 166.643906 0.241000 94.324997
2721.250000 166.853683 0.241000 94.430000
2722.500000 166.853683 0.241000 94.519997
2723.750000 167.083450 0.241000 94.629997
2725.125000 167.303268 0.241000 94.730003
2726.375000 167.513123 0.225000 94.820000
2727.500000 167.762939 0.225000 94.930000
2729.250000 167.982864 0.225000 95.025002
2730.875000 168.212784 0.225000 95.125000
2733.125000 168.422684 0.225000 95.224998
2733.875000 168.632568 0.225000 95.320000
2735.375000 168.842453 0.225000 95.434998
2736.125000 169.052338 0.225000 95.529999
2738.000000 169.262222 0.225000 95.625000
2738.500000 169.472122 0.207000 95.730003
2739.375000 169.472122 0.207000 95.824997
2740.625000 169.702026 0.207000 95.925003
2741.750000 169.911942 0.207000 96.035004
2742.750000 170.121872 0.207000 96.129997
2743.375000 170.331497 0.207000 96.235001
2744.000000 170.540512 0.207000 96.324997
2745.500000 170.779037 0.207000 96.430000
2745.875000 170.779037 0.207000 96.529999
2747.000000 170.991394 0.207000 96.629997
2748.000000 171.220230 0.166000 96.724998
2749.375000 171.424362 0.166000 96.830002
2749.625000 171.424362 0.166000 96.930000
2750.000000 171.628952 0.166000 97.029999
2750.250000 171.834412 0.166000 97.120003
2751.625000 171.834412 0.166000 97.230003
2752.375000 172.039932 0.166000 97.324997
2755.875000 172.266983 0.166000 97.430000
2758.250000 172.470230 0.166000 97.525002
2761.125000 172.470230 0.166000 97.625000
2763.625000 172.674133 0.165000 97.730003
2767.625000 172.878571 0.165000 97.830002
2770.625000 173.083649 0.165000 97.930000
2772.875000 173.083649 0.165000 98.025002
2775.500000 173.289047 0.165000 98.125000
2777.750000 173.494629 0.165000 98.220001
2779.500000 173.494629 0.165000 98.324997
2782.375000 173.700333 0.165000 98.430000
2784.875000 173.906448 0.165000 98.529999
2787.875000 174.145096 0.165000 98.629997
2790.875000 174.352768 0.182000 98.724998
2793.875000 174.556107 0.182000 98.820000
2794.875000 174.763458 0.182000 98.930000
2797.875000 174.763458 0.182000 99.029999
2800.000000 174.971603 0.182000 99.129997
2802.875000 175.173935 0.182000 99.230003
2805.000000 175.383667 0.182000 99.324997
2808.125000 175.383667 0.182000 99.425003
2810.875000 175.589310 0.182000 99.529999
2814.750000 175.808548 0.182000 99.629997
2818.000000 176.012253 0.182000 99.720001
2821.375000 176.012253 0.233000 99.824997
2826.625000 176.216217 0.233000 99.930000
2831.875000 176.432327 0.233000 100.029999
2837.500000 176.636490 0.233000 100.120003
2842.625000 176.843582 0.233000 100.230003
2849.125000 177.047287 0.233000 100.324997
2857.125000 177.254135 0.233000 100.430000
2864.250000 177.462585 0.233000 100.525002
2870.875000 177.671844 0.233000 100.629997
2876.625000 177.671844 0.233000 100.724998
2882.375000 177.891495 0.241000 100.830002
2888.375000 178.121262 0.241000 100.919998
2892.375000 178.331039 0.241000 101.029999
2896.375000 178.540878 0.241000 101.129997
2900.375000 178.750504 0.241000 101.235001
2904.875000 178.990158 0.241000 101.330002
2909.000000 179.199966 0.241000 101.430000
2913.625000 179.409836 0.241000 101.529999
2918.375000 179.619766 0.241000 101.625000
2923.375000 179.829742 0.241000 101.724998
2926.125000 180.039719 0.289000 101.820000
2928.125000 180.249634 0.289000 101.925003
2932.000000 180.459503 0.289000 102.025002
2935.375000 180.669357 0.289000 102.129997
2938.000000 180.669357 0.289000 102.230003
2941.125000 180.889252 0.289000 102.320000
2944.875000 181.109070 0.289000 102.419998
2948.250000 181.318771 0.289000 102.525002
2951.375000 181.528549 0.289000 102.620003
2952.750000 181.738419 0.289000 102.724998
2954.250000 181.948303 0.313000 102.830002
2956.000000 182.188126 0.313000 102.930000
2957.750000 182.397980 0.313000 103.029999
2960.125000 182.627899 0.313000 103.129997
2963.625000 182.837830 0.313000 103.224998
2966.000000 183.047775 0.313000 103.330002
2967.875000 183.247787 0.313000 103.425003
2969.875000 183.447800 0.313000 103.529999
2973.250000 183.647812 0.313000 103.629997
2975.875000 183.847824 0.313000 103.720001
2977.625000 184.057770 0.292000 103.824997
2979.125000 184.267746 0.292000 103.930000
2982.625000 184.467758 0.292000 104.029999
2984.625000 184.667770 0.292000 104.129997
2987.875000 184.667770 0.292000 104.224998
2991.000000 184.897781 0.292000 104.324997
2993.125000 185.097794 0.292000 104.430000
2995.750000 185.297806 0.292000 104.525002
2998.000000 185.497818 0.292000 104.625000
3000.875000 185.697830 0.292000 104.724998
3003.500000 185.907837 0.284000 104.830002
3006.625000 186.117844 0.284000 104.925003
3008.250000 186.327423 0.284000 105.019997
3012.625000 186.536163 0.284000 105.125000
3016.500000 186.774170 0.284000 105.220001
3021.625000 186.982697 0.284000 105.324997
3026.375000 187.191803 0.284000 105.430000
3029.000000 187.401306 0.284000 105.535004
3032.000000 187.611115 0.284000 105.629997
3035.750000 187.811142 0.284000 105.730003
3040.000000 188.011292 0.337000 105.824997
3044.875000 188.211517 0.337000 105.930000
3048.750000 188.411758 0.337000 106.025002
3053.750000 188.621994 0.337000 106.129997
3057.125000 188.822189 0.337000 106.224998
3061.625000 189.022354 0.337000 106.324997
3066.375000 189.222366 0.337000 106.419998
3070.000000 189.432068 0.337000 106.529999
3074.625000 189.641861 0.337000 106.625000
3078.875000 189.851791 0.337000 106.724998
3081.000000 189.851791 0.380000 106.824997
3086.000000 190.061783 0.380000 106.930000
3090.500000 190.291702 0.380000 107.025002
3094.125000 190.501541 0.380000 107.120003
3097.875000 190.711411 0.380000 107.224998
3101.125000 190.921341 0.380000 107.324997
3104.625000 191.131317 0.380000 107.425003
3107.625000 191.371307 0.380000 107.519997
3111.375000 191.581284 0.380000 107.620003
3116.125000 191.801270 0.380000 107.724998
3119.125000 192.011261 0.350000 107.830002
3124.500000 192.220886 0.350000 107.925003
3130.750000 192.430038 0.350000 108.029999
3135.625000 192.639084 0.350000 108.129997
3139.000000 192.848373 0.350000 108.235001
3143.500000 192.848373 0.350000 108.324997
3148.250000 193.057877 0.350000 108.425003
3153.250000 193.277527 0.350000 108.525002
3158.750000 193.507263 0.350000 108.620003
3163.875000 193.717072 0.350000 108.735001
3171.000000 193.926910 0.352000 108.830002
3177.250000 194.136703 0.352000 108.925003
3184.875000 194.376434 0.352000 109.029999
3190.500000 194.586258 0.352000 109.129997
3195.750000 194.796127 0.352000 109.235001
3203.625000 195.006027 0.352000 109.324997
3209.375000 195.215958 0.352000 109.430000
3215.125000 195.425858 0.352000 109.535004
3221.125000 195.635635 0.352000 109.625000
3223.625000 195.635635 0.352000 109.720001
3227.375000 195.855423 0.352000 109.820000
3229.625000 196.104858 0.408000 109.930000
3231.000000 196.313828 0.408000 110.019997
3232.375000 196.522934 0.408000 110.125000
3233.750000 196.752029 0.408000 110.224998
3235.125000 196.981400 0.408000 110.320000
3237.000000 197.191071 0.408000 110.425003
3237.750000 197.400635 0.408000 110.529999
3240.000000 197.609818 0.408000 110.629997
3240.500000 197.818893 0.408000 110.724998
3241.500000 198.027786 0.408000 110.824997
3242.250000 198.236801 0.398000 110.930000
3243.375000 198.446152 0.398000 111.029999
3244.125000 198.446152 0.398000 111.125000
3245.125000 198.655685 0.398000 111.230003
3245.750000 198.875320 0.398000 111.334999
3247.250000 199.095093 0.398000 111.425003
3248.000000 199.304977 0.398000 111.519997
3248.625000 199.514938 0.398000 111.614998
3249.000000 199.724930 0.314000 111.720001
3250.000000 199.924927 0.314000 111.824997
3250.875000 200.164963 0.314000 111.930000
3251.375000 200.364975 0.314000 112.029999
3251.875000 200.584976 0.314000 112.129997
3252.875000 200.784973 0.314000 112.230003
3253.125000 200.994934 0.314000 112.330002
3253.625000 201.204895 0.314000 112.430000
3254.625000 201.414856 0.314000 112.525002
3255.250000 201.624817 0.314000 112.629997
3256.125000 201.824814 0.314000 112.730003
3256.750000 202.024826 0.288000 112.824997
3257.125000 202.224823 0.288000 112.934998
3258.750000 202.434769 0.288000 113.029999
3259.250000 202.434769 0.288000 113.120003
3260.250000 202.654694 0.288000 113.230003
3261.000000 202.874634 0.288000 113.320000
3261.250000 203.084579 0.288000 113.419998
3262.625000 203.284592 0.288000 113.525002
3263.625000 203.484604 0.288000 113.625000
3264.250000 203.694565 0.288000 113.720001
3265.250000 203.934494 0.290000 113.824997
3265.875000 204.184494 0.290000 113.919998
3267.500000 204.394547 0.290000 114.025002
3268.125000 204.604599 0.290000 114.129997
3268.375000 204.804657 0.290000 114.224998
3268.875000 205.004684 0.290000 114.330002
3269.500000 205.204697 0.290000 114.419998
3270.625000 205.414673 0.290000 114.529999
3272.375000 205.624603 0.290000 114.629997
3272.875000 205.834534 0.219000 114.730003
3274.125000 205.834534 0.219000 114.820000
3275.125000 206.044464 0.219000 114.919998
3276.500000 206.254410 0.219000 115.029999
3277.000000 206.474396 0.219000 115.135002
3278.750000 206.684372 0.219000 115.224998
3280.250000 206.894333 0.219000 115.324997
3281.125000 207.104294 0.219000 115.430000
3283.125000 207.314224 0.219000 115.529999
3284.250000 207.524109 0.219000 115.614998
3285.500000 207.763992 0.235000 115.730003
3287.125000 207.973923 0.235000 115.830002
3288.750000 208.183899 0.235000 115.930000
3290.000000 208.383911 0.235000 116.019997
3291.000000 208.583923 0.235000 116.125000
3292.250000 208.783936 0.235000 116.224998
3294.375000 208.983948 0.235000 116.330002
3295.500000 209.183960 0.235000 116.425003
3298.250000 209.384003 0.235000 116.529999
3299.625000 209.593704 0.235000 116.625000
3301.375000 209.802933 0.179000 116.730003
3302.875000 210.012283 0.179000 116.820000
3304.375000 210.221268 0.179000 116.930000
3307.625000 210.429443 0.179000 117.025002
3309.000000 210.429443 0.179000 117.125000
3310.250000 210.637482 0.179000 117.220001
3312.625000 210.846161 0.179000 117.330002
3314.750000 211.075180 0.179000 117.425003
3316.500000 211.284729 0.179000 117.529999
3317.250000 211.494553 0.179000 117.625000
3318.625000 211.703964 0.219000 117.730003
3321.625000 211.912445 0.219000 117.830002
3323.125000 212.139771 0.219000 117.930000
3325.375000 212.356445 0.219000 118.029999
3327.375000 212.563553 0.219000 118.125000
3329.000000 212.771652 0.219000 118.224998
3331.000000 212.980179 0.219000 118.324997
3333.375000 213.188995 0.219000 118.430000
3337.250000 213.398331 0.219000 118.525002
3340.750000 213.608047 0.219000 118.629997
3345.500000 213.608047 0.219000 118.724998
3349.750000 214.018021 0.240000 118.830002
3354.125000 214.018021 0.240000 118.930000
3359.375000 214.237488 0.240000 119.029999
3363.375000 214.456757 0.240000 119.125000
3369.250000 214.696243 0.240000 119.224998
3375.750000 214.935898 0.240000 119.330002
3384.125000 215.145660 0.240000 119.430000
3389.500000 215.355484 0.240000 119.529999
3397.000000 215.565353 0.240000 119.625000
3401.750000 215.775253 0.240000 119.724998
3411.625000 215.984940 0.264000 119.830002
3416.875000 216.194641 0.264000 119.930000
3424.000000 216.404480 0.264000 120.029999
3433.500000 216.404480 0.264000 120.125000
3442.625000 216.624405 0.264000 120.230003
3451.000000 216.854355 0.264000 120.330002
3459.375000 217.054382 0.264000 120.425003
3472.500000 217.254410 0.264000 120.529999
3483.125000 217.454437 0.264000 120.625000
3492.375000 217.654449 0.264000 120.720001
3499.875000 217.864410 0.338000 120.824997
3505.500000 218.073929 0.338000 120.925003
3512.750000 218.292542 0.338000 121.029999
3518.625000 218.511002 0.338000 121.129997
3522.375000 218.749893 0.338000 121.220001
3525.125000 218.959320 0.338000 121.320000
3529.625000 219.168945 0.338000 121.430000
3531.625000 219.378708 0.338000 121.519997
3533.875000 219.588593 0.338000 121.629997
3536.625000 219.798462 0.338000 121.724998
3541.125000 220.007690 0.324000 121.830002
3544.625000 220.007690 0.324000 121.925003
3546.500000 220.216599 0.324000 122.029999
3549.875000 220.435806 0.324000 122.129997
3554.875000 220.645279 0.324000 122.230003
3559.375000 220.854904 0.324000 122.330002
3563.125000 221.064468 0.324000 122.419998
3566.875000 221.303757 0.324000 122.529999
3571.625000 221.532120 0.324000 122.625000
3576.625000 221.739670 0.324000 122.720001
3580.625000 221.946533 0.360000 122.820000
3587.625000 222.152939 0.360000 122.930000
3594.125000 222.361816 0.360000 123.029999
3597.875000 222.361816 0.360000 123.129997
3601.125000 222.577286 0.360000 123.224998
3604.000000 222.798218 0.360000 123.330002
3606.500000 223.001282 0.360000 123.430000
3609.375000 223.001282 0.360000 123.529999
3613.625000 223.201904 0.360000 123.620003
3616.250000 223.402405 0.360000 123.724998
3618.375000 223.603653 0.337000 123.824997
3621.125000 223.603653 0.337000 123.930000
3625.000000 223.808273 0.337000 124.029999
3626.875000 223.808273 0.337000 124.125000
3627.625000 224.009033 0.337000 124.224998
3629.875000 224.009033 0.337000 124.330002
3630.750000 224.009033 0.337000 124.425003
3632.000000 224.009033 0.337000 124.525002
3633.250000 224.209167 0.337000 124.629997
3634.125000 224.209167 0.186000 124.720001
3634.875000 224.209167 0.186000 124.820000
3636.125000 224.209167 0.186000 124.930000
3636.500000 224.209167 0.186000 125.029999
3636.875000 224.209167 0.186000 125.129997
3637.250000 224.209167 0.186000 125.230003
3637.500000 224.209167 0.186000 125.320000
3638.000000 224.209167 0.186000 125.430000
3638.250000 224.209167 0.186000 125.529999
3638.875000 224.209167 0.186000 125.629997
3639.500000 224.209167 0.159000 125.730003
3640.125000 224.209167 0.159000 125.820000
3640.250000 224.209167 0.159000 125.930000
3641.375000 224.209167 0.159000 126.025002
3642.375000 224.209167 0.159000 126.125000
3642.875000 224.209167 0.159000 126.235001
3643.125000 224.412231 0.159000 126.330002
3643.875000 224.412231 0.159000 126.419998
3644.625000 224.617737 0.159000 126.529999
3645.250000 224.830139 0.159000 126.625000
3646.250000 225.037094 0.162000 126.720001
3647.500000 225.268875 0.162000 126.830002
3648.750000 225.494217 0.162000 126.925003
3650.625000 225.701767 0.162000 127.029999
3651.750000 225.910538 0.162000 127.120003
3654.125000 226.120087 0.162000 127.230003
3654.875000 226.320114 0.162000 127.324997
3656.500000 226.520447 0.162000 127.430000
3658.750000 226.721024 0.162000 127.529999
3660.375000 226.921753 0.162000 127.620003
3661.125000 227.121994 0.162000 127.730003
3662.000000 227.325455 0.287000 127.824997
3662.875000 227.526215 0.287000 127.934998
3664.250000 227.526215 0.287000 128.020004
3665.625000 227.727829 0.287000 128.125000
3666.875000 227.727829 0.287000 128.225006
3667.750000 227.727829 0.287000 128.324997
3668.500000 227.937592 0.287000 128.429993
3669.500000 227.937592 0.287000 128.524994
3670.625000 227.937592 0.287000 128.630005
3671.000000 227.937592 0.287000 128.725006
3672.125000 227.937592 0.303000 128.824997
3673.125000 227.937592 0.303000 128.925003
3674.750000 227.937592 0.303000 129.029999
3675.625000 227.937592 0.303000 129.119995
3676.125000 227.937592 0.303000 129.225006
3677.375000 227.937592 0.303000 129.324997
3678.500000 227.937592 0.303000 129.425003
3679.250000 227.937592 0.303000 129.520004
3680.250000 227.937592 0.303000 129.630005
3680.500000 227.937592 0.303000 129.725006
3681.250000 227.937592 0.249000 129.824997
3682.375000 228.150101 0.249000 129.919998
3682.875000 228.150101 0.249000 130.029999
3683.750000 228.363098 0.249000 130.125000
3685.000000 228.563583 0.249000 130.229996
3685.625000 228.563583 0.249000 130.324997
3686.375000 228.763901 0.249000 130.425003
3687.625000 228.968918 0.249000 130.529999
3691.500000 229.172485 0.249000 130.630005
3692.875000 229.172485 0.249000 130.729996
3694.375000 229.399124 0.270000 130.820007
3696.250000 229.610947 0.270000 130.929993
3697.875000 229.610947 0.270000 131.020004
3699.000000 229.815353 0.270000 131.130005
3702.750000 230.019974 0.270000 131.235001
3704.750000 230.224915 0.270000 131.330002
3706.375000 230.224915 0.270000 131.425003
3707.875000 230.429947 0.270000 131.524994
3709.250000 230.635437 0.270000 131.630005
3710.625000 230.845963 0.270000 131.725006
3712.375000 231.061523 0.307000 131.820007
3714.000000 231.264908 0.307000 131.919998
3718.000000 231.471527 0.307000 132.029999
3720.500000 231.679825 0.307000 132.125000
3722.625000 231.888779 0.307000 132.225006
3723.500000 232.097992 0.307000 132.330002
3725.375000 232.307419 0.307000 132.425003
3727.375000 232.307419 0.307000 132.524994
3730.750000 232.514236 0.307000 132.625000
3732.000000 232.739258 0.307000 132.725006
3735.875000 232.961563 0.297000 132.824997
3737.625000 233.169647 0.297000 132.925003
3738.875000 233.375443 0.297000 133.029999
3739.000000 233.375443 0.297000 133.130005
3740.000000 233.587814 0.297000 133.229996
3743.625000 233.789658 0.297000 133.324997
3744.625000 233.995575 0.297000 133.414993
3748.000000 234.203598 0.297000 133.524994
3754.000000 234.412659 0.297000 133.630005
3755.500000 234.642197 0.297000 133.729996
3756.125000 234.882004 0.327000 133.820007
3757.250000 235.091919 0.327000 133.929993
3758.125000 235.301880 0.327000 134.029999
3758.500000 235.501907 0.327000 134.130005
3760.000000 235.701950 0.327000 134.225006
3760.625000 235.902039 0.327000 134.330002
3762.000000 236.102112 0.327000 134.425003
3763.000000 236.302185 0.327000 134.524994
3763.500000 236.502274 0.327000 134.619995
3764.500000 236.702316 0.327000 134.729996
3765.625000 236.912292 0.284000 134.830002
3766.250000 237.122116 0.284000 134.929993
3767.250000 237.331787 0.284000 135.029999
3767.750000 237.541107 0.284000 135.130005
3768.875000 237.541107 0.284000 135.229996
3769.750000 237.750504 0.284000 135.320007
3770.875000 237.980225 0.284000 135.425003
3771.250000 238.190186 0.284000 135.529999
3772.625000 238.390289 0.284000 135.625000
3774.375000 238.590546 0.284000 135.714996
3775.250000 238.790863 0.290000 135.824997
3776.000000 238.990906 0.290000 135.929993
3777.125000 239.190948 0.290000 136.029999
3778.500000 239.391129 0.290000 136.125000
3780.875000 239.591339 0.290000 136.225006
3782.375000 239.791550 0.290000 136.330002
3785.000000 239.991653 0.290000 136.429993
3786.625000 240.229874 0.290000 136.529999
3788.125000 240.449066 0.290000 136.619995
3789.375000 240.660522 0.227000 136.729996
3791.000000 240.660522 0.227000 136.824997
3791.875000 240.887436 0.227000 136.925003
3793.875000 241.091415 0.227000 137.024994
3795.125000 241.301804 0.227000 137.130005
3796.750000 241.511551 0.227000 137.235001
3798.000000 241.716064 0.227000 137.324997
3798.875000 241.932632 0.227000 137.429993
3799.750000 242.140488 0.227000 137.524994
3802.125000 242.348984 0.227000 137.625000
3803.000000 242.557236 0.211000 137.725006
3804.250000 242.764664 0.211000 137.830002
3805.875000 242.764664 0.211000 137.929993
3807.000000 243.002533 0.211000 138.020004
3807.375000 243.221420 0.211000 138.130005
3808.500000 243.430801 0.211000 138.225006
3809.000000 243.670090 0.211000 138.330002
3810.375000 243.879623 0.211000 138.425003
3811.125000 244.089310 0.211000 138.529999
3811.750000 244.298767 0.211000 138.630005
3812.750000 244.507797 0.212000 138.729996
3814.500000 244.715591 0.212000 138.830002
3816.625000 244.923492 0.212000 138.925003
3818.375000 245.131912 0.212000 139.024994
3820.750000 245.131912 0.212000 139.119995
3822.750000 245.549316 0.212000 139.229996
3823.875000 245.549316 0.212000 139.324997
3825.625000 245.758545 0.212000 139.429993
3827.125000 245.977844 0.212000 139.529999
3830.375000 246.186539 0.212000 139.625000
3831.250000 246.394608 0.212000 139.735001
3833.750000 246.602264 0.233000 139.830002
3835.875000 246.807465 0.233000 139.925003
3838.250000 247.033875 0.233000 140.035004
3840.125000 247.241959 0.233000 140.125000
3842.250000 247.241959 0.233000 140.229996
3843.500000 247.447662 0.233000 140.330002
3845.875000 247.670761 0.233000 140.425003
3847.875000 247.876694 0.233000 140.529999
3850.625000 247.876694 0.233000 140.630005
3853.000000 248.089676 0.233000 140.729996
3855.375000 248.294418 0.285000 140.830002
3858.000000 248.294418 0.285000 140.925003
3861.875000 248.516388 0.285000 141.029999
3863.625000 248.717834 0.285000 141.119995
3865.625000 248.918457 0.285000 141.225006
3867.375000 249.128098 0.285000 141.330002
3869.500000 249.332657 0.285000 141.429993
3871.000000 249.538803 0.285000 141.524994
3873.250000 249.744919 0.285000 141.625000
3876.875000 249.945816 0.285000 141.725006
3880.625000 250.153976 0.280000 141.824997
3883.250000 250.153976 0.280000 141.929993
3885.250000 250.360672 0.280000 142.020004
3886.750000 250.566696 0.280000 142.130005
3888.000000 250.769409 0.280000 142.225006
3888.625000 250.975632 0.280000 142.320007
3889.750000 251.183624 0.280000 142.429993
3890.375000 251.391968 0.280000 142.529999
3891.000000 251.629608 0.280000 142.630005
3892.125000 251.857529 0.280000 142.725006
3892.250000 252.066360 0.272000 142.820007
3892.375000 252.275665 0.272000 142.925003
3892.625000 252.485260 0.272000 143.029999
3892.750000 252.695023 0.272000 143.130005
3892.875000 252.695023 0.272000 143.220001
3893.000000 252.914841 0.272000 143.330002
3893.250000 253.144745 0.272000 143.429993
3893.500000 253.364655 0.272000 143.529999
3894.125000 253.594528 0.272000 143.625000
3894.250000 253.814407 0.272000 143.729996
3894.375000 254.024307 0.272000 143.815002
3894.625000 254.234222 0.272000 143.929993
3895.000000 254.444183 0.272000 144.024994
3895.375000 254.654129 0.272000 144.130005
3896.250000 254.874069 0.272000 144.229996
3896.750000 255.084015 0.272000 144.324997
3896.875000 255.294006 0.272000 144.425003
3897.125000 255.494019 0.272000 144.529999
3897.500000 255.703979 0.272000 144.625000
3897.750000 255.703979 0.234000 144.725006
3898.000000 255.913940 0.234000 144.830002
3898.125000 256.123871 0.234000 144.925003
3898.875000 256.343811 0.234000 145.020004
3899.625000 256.553772 0.234000 145.125000
3899.875000 256.763702 0.234000 145.229996
3900.250000 256.973633 0.234000 145.320007
3900.625000 257.203552 0.234000 145.425003
3901.000000 257.443512 0.234000 145.524994
3901.750000 257.643524 0.234000 145.625000
3902.500000 257.843536 0.234000 145.729996
3902.500000 258.053528 0.254000 145.824997
3902.875000 258.263458 0.254000 145.929993
3903.375000 258.473419 0.254000 146.029999
3903.875000 258.683380 0.254000 146.125000
3904.250000 258.893372 0.254000 146.235001
3904.250000 258.893372 0.254000 146.320007
3904.375000 259.113312 0.254000 146.425003
3904.625000 259.353271 0.254000 146.524994
3905.625000 259.553284 0.254000 146.619995
3906.500000 259.783325 0.239000 146.729996
3906.500000 259.993317 0.239000 146.824997
3906.625000 260.233307 0.239000 146.929993
3907.000000 260.443298 0.239000 147.024994
3907.500000 260.643311 0.239000 147.125000
3908.125000 260.843353 0.239000 147.229996
3908.250000 261.043396 0.239000 147.330002
3908.625000 261.253387 0.239000 147.429993
3909.375000 261.473328 0.239000 147.529999
3909.875000 261.683228 0.239000 147.619995
3910.500000 261.893158 0.240000 147.720001
3911.625000 262.103149 0.240000 147.830002
3912.250000 262.103149 0.240000 147.925003
3914.250000 262.323120 0.240000 148.029999
3915.750000 262.533020 0.240000 148.125000
3918.375000 262.762512 0.240000 148.225006
3919.750000 262.972046 0.240000 148.324997
3922.000000 263.221710 0.240000 148.425003
3924.000000 263.431549 0.240000 148.529999
3925.250000 263.641357 0.240000 148.619995
3927.125000 263.851196 0.240000 148.729996
3927.750000 264.061005 0.247000 148.830002
3929.125000 264.270691 0.247000 148.929993
3930.625000 264.480408 0.247000 149.024994
3932.500000 264.690186 0.247000 149.125000
3933.375000 264.690186 0.247000 149.220001
3935.500000 265.105225 0.247000 149.335007
3937.375000 265.105225 0.247000 149.425003
3938.875000 265.310760 0.247000 149.529999
3943.000000 265.542725 0.247000 149.625000
3946.375000 265.542725 0.247000 149.725006
3950.375000 265.743622 0.281000 149.824997
3952.750000 265.950134 0.281000 149.925003
3956.000000 266.171295 0.281000 150.029999
3958.625000 266.171295 0.281000 150.134995
3963.875000 266.384705 0.281000 150.225006
3966.625000 266.603912 0.281000 150.324997
3970.125000 266.812622 0.281000 150.419998
3974.000000 267.017578 0.281000 150.529999
3976.000000 267.219635 0.281000 150.625000
3980.125000 267.219635 0.244000 150.725006
3984.250000 267.424438 0.244000 150.820007
3987.625000 267.630432 0.244000 150.925003
3989.750000 267.876129 0.244000 151.029999
3991.625000 268.082520 0.244000 151.130005
3992.875000 268.309753 0.244000 151.229996
3994.750000 268.538086 0.244000 151.330002
3995.625000 268.747192 0.244000 151.414993
3996.375000 268.966705 0.244000 151.529999
3997.125000 269.176544 0.244000 151.630005
3997.375000 269.386536 0.244000 151.729996
3997.500000 269.586548 0.266000 151.830002
3997.750000 269.796539 0.266000 151.925003
3998.375000 269.796539 0.266000 152.024994
3998.375000 270.006500 0.266000 152.130005
3998.500000 270.216461 0.266000 152.229996
3998.750000 270.446411 0.266000 152.324997
3999.000000 270.656372 0.266000 152.419998
3999.375000 270.856384 0.266000 152.529999
3999.375000 271.056396 0.266000 152.625000
3999.375000 271.266388 0.212000 152.725006
3999.750000 271.476379 0.212000 152.824997
3999.750000 271.706421 0.212000 152.929993
3999.875000 271.906494 0.212000 153.020004
4000.125000 272.106537 0.212000 153.130005
4000.250000 272.306549 0.212000 153.220001
4000.375000 272.546539 0.212000 153.320007
4000.375000 272.756531 0.212000 153.429993
4000.625000 272.966492 0.212000 153.529999
4000.625000 273.176483 0.212000 153.619995
4000.875000 273.376526 0.215000 153.720001
4001.250000 273.576538 0.215000 153.820007
4001.375000 273.786530 0.215000 153.929993
4001.500000 273.996368 0.215000 154.029999
4001.500000 274.205872 0.215000 154.130005
4001.750000 274.205872 0.215000 154.229996
4001.875000 274.435425 0.215000 154.330002
4001.875000 274.645142 0.215000 154.425003
4002.125000 274.854919 0.215000 154.535004
4002.125000 275.064789 0.215000 154.625000
4002.125000 275.274689 0.199000 154.729996
4002.375000 275.484589 0.199000 154.820007
4002.375000 275.704498 0.199000 154.929993
4002.500000 275.924438 0.199000 155.024994
4002.500000 276.134399 0.199000 155.130005
4002.500000 276.344330 0.199000 155.220001
4002.625000 276.554260 0.199000 155.330002
4002.625000 276.764191 0.199000 155.425003
4002.750000 276.974152 0.199000 155.529999
4002.750000 277.183899 0.199000 155.619995
4002.750000 277.183899 0.176000 155.720001
4003.000000 277.423431 0.176000 155.830002
4003.125000 277.653137 0.176000 155.929993
4003.250000 277.862946 0.176000 156.024994
4003.375000 278.072815 0.176000 156.119995
4003.375000 278.292725 0.176000 156.229996
4003.500000 278.522644 0.176000 156.335007
4003.500000 278.732513 0.176000 156.425003
4003.625000 278.942383 0.176000 156.529999
4003.625000 279.152283 0.176000 156.630005
4003.625000 279.362183 0.158000 156.725006
4003.750000 279.572021 0.158000 156.824997
4003.750000 279.781860 0.158000 156.929993
4004.125000 279.991699 0.158000 157.029999
4005.125000 280.201508 0.158000 157.130005
4006.250000 280.201508 0.158000 157.225006
4007.000000 280.441284 0.158000 157.330002
4007.000000 280.651093 0.158000 157.419998
4007.750000 280.860870 0.158000 157.520004
4009.250000 281.070648 0.158000 157.619995
4009.500000 281.280457 0.167000 157.720001
4009.750000 281.490295 0.167000 157.824997
4010.500000 281.700165 0.167000 157.925003
4011.375000 281.920074 0.167000 158.029999
4011.625000 282.139984 0.167000 158.119995
4012.250000 282.359863 0.167000 158.229996
4012.375000 282.569733 0.167000 158.324997
4012.500000 282.779633 0.167000 158.429993
4012.625000 282.989502 0.167000 158.524994
4012.750000 282.989502 0.167000 158.625000
4012.750000 283.199341 0.216000 158.729996
4012.875000 283.439026 0.216000 158.815002
4012.875000 283.648682 0.216000 158.929993
4012.875000 283.858063 0.216000 159.029999
4013.000000 284.067535 0.216000 159.125000
4013.000000 284.317108 0.216000 159.229996
4013.125000 284.526855 0.216000 159.330002
4013.125000 284.736664 0.216000 159.429993
4013.125000 284.956207 0.216000 159.529999
4013.250000 284.956207 0.216000 159.615005
4013.250000 285.174164 0.216000 159.729996
4013.250000 285.379517 0.239000 159.824997
4013.500000 285.591248 0.239000 159.919998
4013.625000 285.591248 0.239000 160.024994
4013.750000 285.793488 0.239000 160.130005
4013.750000 285.793488 0.239000 160.229996
4013.750000 285.793488 0.239000 160.330002
4013.750000 285.793488 0.239000 160.419998
4013.750000 285.996429 0.239000 160.524994
4013.875000 285.996429 0.239000 160.625000
4014.000000 285.996429 0.178000 160.729996
4014.125000 285.996429 0.178000 160.830002
4014.250000 285.996429 0.178000 160.925003
4014.375000 285.996429 0.178000 161.035004
4014.375000 285.996429 0.178000 161.119995
4014.375000 285.996429 0.178000 161.229996
4014.375000 285.996429 0.178000 161.320007
4014.500000 285.996429 0.178000 161.429993
4014.500000 285.996429 0.178000 161.529999
4014.500000 285.996429 0.178000 161.630005
4014.500000 285.996429 0.213000 161.720001
4014.625000 285.996429 0.213000 161.824997
4014.750000 286.199982 0.213000 161.934998
4014.750000 286.406097 0.213000 162.024994
4015.000000 286.406097 0.213000 162.125000
4015.125000 286.632141 0.213000 162.225006
4015.125000 286.834808 0.213000 162.324997
4015.375000 287.035522 0.213000 162.429993
4015.500000 287.239746 0.213000 162.524994
4015.625000 287.496002 0.213000 162.630005
4015.875000 287.704498 0.171000 162.735001
4015.875000 287.913544 0.171000 162.820007
4015.875000 288.122894 0.171000 162.929993
4016.000000 288.332520 0.171000 163.035004
4016.000000 288.542328 0.171000 163.139999
4016.625000 288.542328 0.171000 163.229996
4016.625000 288.752228 0.171000 163.335007
4016.625000 288.982147 0.171000 163.434998
4016.875000 289.192047 0.171000 163.539993
4016.875000 289.401886 0.171000 163.634995
4017.125000 289.611786 0.177000 163.729996
4017.250000 289.821686 0.177000 163.824997
4017.250000 290.031647 0.177000 163.929993
4017.375000 290.271515 0.177000 164.035004
4017.375000 290.491119 0.177000 164.134995
4017.500000 290.710754 0.177000 164.235001
4017.625000 290.920532 0.177000 164.330002
4017.625000 291.130371 0.177000 164.429993
4017.750000 291.340240 0.177000 164.535004
4017.750000 291.340240 0.177000 164.625000
4017.750000 291.550171 0.188000 164.735001
4017.875000 291.790100 0.188000 164.835007
4017.875000 292.000061 0.188000 164.934998
4018.000000 292.210052 0.188000 165.035004
4018.000000 292.410065 0.188000 165.130005
4018.000000 292.620056 0.188000 165.235001
4018.125000 292.830017 0.188000 165.330002
4018.250000 293.039978 0.188000 165.429993
4018.375000 293.259918 0.188000 165.535004
4018.500000 293.469818 0.188000 165.630005
4018.500000 293.679718 0.174000 165.735001
4018.625000 293.889496 0.174000 165.830002
4018.625000 294.109131 0.174000 165.934998
4018.875000 294.318817 0.174000 166.029999
4019.000000 294.528412 0.174000 166.125000
4019.125000 294.737885 0.174000 166.235001
4019.125000 294.947449 0.174000 166.330002
4019.125000 295.157104 0.174000 166.434998
4019.250000 295.157104 0.174000 166.529999
4019.250000 295.376862 0.174000 166.630005
4019.250000 295.586700 0.186000 166.725006
4019.750000 295.796570 0.186000 166.830002
4019.875000 296.006470 0.186000 166.925003
4020.000000 296.216339 0.186000 167.029999
4020.125000 296.456146 0.186000 167.125000
4020.375000 296.686005 0.186000 167.220001
4020.500000 296.895813 0.186000 167.330002
4020.500000 297.105621 0.186000 167.425003
4020.625000 297.315460 0.186000 167.524994
4020.625000 297.525299 0.186000 167.630005
4020.750000 297.735199 0.187000 167.725006
4021.000000 297.735199 0.187000 167.824997
4021.125000 297.945099 0.187000 167.919998
4021.500000 298.154999 0.187000 168.029999
4021.500000 298.384888 0.187000 168.130005
4021.625000 298.594757 0.187000 168.229996
4021.750000 298.804657 0.187000 168.330002
4021.875000 299.014557 0.187000 168.425003
4022.000000 299.244446 0.187000 168.529999
4022.125000 299.454346 0.187000 168.625000
4022.250000 299.674225 0.217000 168.725006
4022.375000 299.884125 0.217000 168.830002
4022.375000 300.094055 0.217000 168.925003
4022.375000 300.303955 0.217000 169.024994
4022.500000 300.513855 0.217000 169.125000
4022.500000 300.723755 0.217000 169.220001
4022.500000 300.933655 0.217000 169.330002
4022.625000 301.143555 0.217000 169.429993
4023.000000 301.143555 0.217000 169.524994
4023.000000 301.373444 0.217000 169.630005
4023.125000 301.583374 0.186000 169.720001
4023.375000 301.793304 0.186000 169.835007
4023.500000 302.003235 0.186000 169.929993
4023.750000 302.213165 0.186000 170.024994
4023.750000 302.453064 0.186000 170.130005
4023.750000 302.672974 0.186000 170.225006
4023.875000 302.882874 0.186000 170.320007
4024.000000 303.092804 0.186000 170.429993
4024.250000 303.302734 0.186000 170.520004
4024.500000 303.512604 0.186000 170.619995
4024.625000 303.722504 0.173000 170.720001
4025.000000 303.932404 0.173000 170.830002
4025.125000 303.932404 0.173000 170.925003
4025.250000 304.152283 0.173000 171.035004
4025.500000 304.382080 0.173000 171.130005
4025.625000 304.591888 0.173000 171.229996
4025.750000 304.801727 0.173000 171.320007
4026.000000 305.031616 0.173000 171.429993
4026.250000 305.261536 0.173000 171.524994
4026.375000 305.471436 0.173000 171.625000
4026.625000 305.681366 0.195000 171.729996
4026.750000 305.891296 0.195000 171.824997
4026.750000 306.101288 0.195000 171.925003
4027.125000 306.301300 0.195000 172.029999
4027.375000 306.511261 0.195000 172.134995
4027.375000 306.721191 0.195000 172.229996
4027.750000 306.931122 0.195000 172.330002
4027.875000 306.931122 0.195000 172.425003
4028.250000 307.161102 0.195000 172.529999
4028.750000 307.371094 0.195000 172.619995
4028.875000 307.581085 0.182000 172.725006
4029.125000 307.791077 0.182000 172.830002
4029.375000 308.001038 0.182000 172.929993
4029.750000 308.210938 0.182000 173.029999
4029.875000 308.420868 0.182000 173.130005
4029.875000 308.680817 0.182000 173.229996
4030.500000 308.890747 0.182000 173.324997
4030.875000 309.100677 0.182000 173.429993
4031.125000 309.310577 0.182000 173.520004
4031.250000 309.520477 0.182000 173.630005
4031.750000 309.730347 0.182000 173.725006
4032.000000 309.730347 0.182000 173.824997
4032.250000 309.960266 0.182000 173.919998
4032.750000 310.180237 0.182000 174.024994
4032.750000 310.390198 0.182000 174.130005
4033.375000 310.600098 0.182000 174.229996
4034.000000 310.809662 0.182000 174.330002
4034.250000 311.019257 0.182000 174.425003
4034.750000 311.248962 0.182000 174.529999
4035.000000 311.458740 0.182000 174.619995
4035.125000 311.698517 0.190000 174.729996
4035.375000 311.908386 0.190000 174.830002
4036.000000 312.118225 0.190000 174.925003
4036.375000 312.328033 0.190000 175.029999
4037.125000 312.537872 0.190000 175.130005
4037.375000 312.537872 0.190000 175.225006
4037.875000 312.757660 0.190000 175.330002
4038.375000 312.977448 0.190000 175.425003
4039.000000 313.187256 0.190000 175.524994
4039.125000 313.417114 0.190000 175.625000
4039.625000 313.677063 0.200000 175.725006
4040.625000 313.887024 0.200000 175.830002
4041.000000 314.096954 0.200000 175.929993
4042.125000 314.306885 0.200000 176.024994
4043.000000 314.516846 0.200000 176.125000
4043.375000 314.516846 0.200000 176.220001
4043.500000 314.726746 0.200000 176.324997
4045.250000 314.936615 0.200000 176.429993
4045.375000 315.176483 0.200000 176.524994
4045.750000 315.386414 0.200000 176.630005
4046.375000 315.596375 0.187000 176.725006
4047.750000 315.806305 0.187000 176.830002
4049.125000 316.016205 0.187000 176.925003
4049.875000 316.246033 0.187000 177.024994
4050.375000 316.465881 0.187000 177.130005
4051.000000 316.675720 0.187000 177.220001
4051.625000 316.885651 0.187000 177.330002
4052.625000 317.095581 0.187000 177.425003
4052.875000 317.305511 0.187000 177.524994
4053.250000 317.515442 0.187000 177.625000
4054.250000 317.725372 0.179000 177.729996
4055.125000 317.725372 0.179000 177.824997
4055.250000 317.955261 0.179000 177.929993
4055.750000 318.165039 0.179000 178.024994
4056.250000 318.374786 0.179000 178.119995
4057.000000 318.584564 0.179000 178.220001
4057.875000 318.834259 0.179000 178.330002
4058.125000 319.073425 0.179000 178.419998
4059.000000 319.282562 0.179000 178.524994
4059.375000 319.492035 0.179000 178.619995
4059.500000 319.701752 0.195000 178.725006
4059.875000 319.902222 0.195000 178.830002
4061.125000 320.111542 0.195000 178.929993
4062.000000 320.320496 0.195000 179.024994
4062.125000 320.528778 0.195000 179.130005
4062.500000 320.528778 0.195000 179.229996
4062.875000 320.746185 0.195000 179.324997
4063.625000 320.953796 0.195000 179.425003
4064.000000 321.162201 0.195000 179.529999
4064.000000 321.371155 0.195000 179.625000
4064.375000 321.580444 0.213000 179.725006
4064.875000 321.789978 0.213000 179.824997
4065.625000 322.009735 0.213000 179.929993
4066.375000 322.279663 0.213000 180.029999
4067.250000 322.489624 0.213000 180.130005
4067.750000 322.699554 0.213000 180.225006
4067.875000 322.699554 0.213000 180.320007
4068.375000 323.119354 0.213000 180.429993
4069.625000 323.119354 0.213000 180.529999
4070.250000 323.328003 0.213000 180.625000
4070.500000 323.549713 0.196000 180.725006
4071.375000 323.749847 0.196000 180.830002
4071.750000 323.973816 0.196000 180.929993
4071.875000 324.179443 0.196000 181.024994
4072.375000 324.381866 0.196000 181.125000
4073.250000 324.587830 0.196000 181.225006
4073.750000 324.795776 0.196000 181.335007
4073.875000 325.004761 0.196000 181.425003
4074.250000 325.214355 0.196000 181.529999
4074.625000 325.424011 0.196000 181.630005
4075.000000 325.424011 0.196000 181.725006
4075.125000 325.633545 0.228000 181.824997
4075.875000 325.854462 0.228000 181.925003
4076.000000 326.055176 0.228000 182.020004
4076.250000 326.055176 0.228000 182.130005
4076.625000 326.255188 0.228000 182.225006
4077.125000 326.255188 0.228000 182.324997
4077.375000 326.456146 0.228000 182.425003
4077.625000 326.456146 0.228000 182.529999
4077.750000 326.659363 0.228000 182.625000
4078.000000 326.659363 0.228000 182.740005
4078.500000 326.866119 0.222000 182.830002
4078.625000 327.106323 0.222000 182.929993
4078.875000 327.307922 0.222000 183.024994
4079.000000 327.307922 0.222000 183.130005
4079.500000 327.512512 0.222000 183.225006
4079.625000 327.715118 0.222000 183.330002
4079.750000 327.920227 0.222000 183.425003
4080.250000 327.920227 0.222000 183.524994
4080.375000 328.152954 0.222000 183.630005
4080.500000 328.371399 0.200000 183.729996
4080.625000 328.576080 0.200000 183.835007
4081.000000 328.576080 0.200000 183.925003
4081.500000 328.781494 0.200000 184.029999
4081.750000 328.987518 0.200000 184.119995
4081.750000 329.191406 0.200000 184.229996
4081.875000 329.191406 0.200000 184.335007
4082.000000 329.416779 0.200000 184.425003
4082.000000 329.623383 0.200000 184.529999
4082.375000 329.854065 0.200000 184.625000
4082.375000 330.059540 0.200000 184.729996
4082.625000 330.059540 0.200000 184.830002
4082.875000 330.263824 0.200000 184.925003
4083.250000 330.467743 0.200000 185.035004
4083.375000 330.467743 0.200000 185.125000
4083.750000 330.467743 0.200000 185.225006
4084.000000 330.467743 0.200000 185.324997
4084.750000 330.671692 0.200000 185.429993
4084.750000 330.671692 0.200000 185.520004
4084.750000 330.671692 0.200000 185.625000
4085.250000 330.671692 0.214000 185.725006
4085.375000 330.671692 0.214000 185.830002
4085.375000 330.671692 0.214000 185.929993
4085.375000 330.671692 0.214000 186.029999
4085.750000 330.671692 0.214000 186.115005
4085.750000 330.671692 0.214000 186.229996
4085.875000 330.671692 0.214000 186.324997
4085.875000 330.671692 0.214000 186.425003
4086.000000 330.671692 0.214000 186.529999
4086.000000 330.671692 0.214000 186.625000
4086.000000 330.671692 0.203000 186.720001
4086.125000 330.671692 0.203000 186.824997
4086.250000 330.872345 0.203000 186.925003
4086.250000 330.872345 0.203000 187.029999
4086.500000 331.092102 0.203000 187.125000
4086.750000 331.092102 0.203000 187.229996
4087.000000 331.296509 0.203000 187.335007
4087.125000 331.539673 0.203000 187.429993
4087.250000 331.539673 0.203000 187.529999
4087.250000 331.741608 0.203000 187.625000
4087.375000 331.975250 0.204000 187.720001
4087.625000 331.975250 0.204000 187.824997
4087.750000 332.202850 0.204000 187.934998
4087.750000 332.423462 0.204000 188.029999
4088.000000 332.629181 0.204000 188.130005
4088.750000 332.629181 0.204000 188.225006
4089.500000 332.832886 0.204000 188.324997
4090.125000 333.035980 0.204000 188.434998
4090.500000 333.242737 0.204000 188.524994
4090.750000 333.242737 0.204000 188.625000
4090.875000 333.447632 0.189000 188.729996
4091.250000 333.652740 0.189000 188.824997
4091.500000 333.856689 0.189000 188.934998
4091.625000 333.856689 0.189000 189.029999
4091.875000 334.059814 0.189000 189.125000
4092.875000 334.263397 0.189000 189.225006
4093.750000 334.263397 0.189000 189.330002
4094.125000 334.467407 0.189000 189.429993
4094.375000 334.694244 0.189000 189.529999
4095.375000 334.898346 0.189000 189.625000
4096.000000 334.898346 0.211000 189.725006
4096.125000 335.102234 0.211000 189.830002
4096.750000 335.314941 0.211000 189.925003
4097.250000 335.522369 0.211000 190.029999
4097.500000 335.522369 0.211000 190.125000
4097.875000 335.750458 0.211000 190.229996
4098.500000 335.951111 0.211000 190.330002
4098.750000 336.156250 0.211000 190.429993
4099.000000 336.363861 0.211000 190.524994
4099.750000 336.572754 0.211000 190.625000
4100.375000 336.812286 0.211000 190.729996
4100.750000 337.032196 0.268000 190.830002
4101.250000 337.242188 0.268000 190.925003
4101.500000 337.452148 0.268000 191.024994
4102.000000 337.652161 0.268000 191.130005
4102.250000 337.852264 0.268000 191.225006
4103.000000 338.052368 0.268000 191.330002
4103.250000 338.252502 0.268000 191.425003
4103.375000 338.462677 0.268000 191.529999
4103.500000 338.662811 0.268000 191.625000
4104.625000 338.872772 0.268000 191.729996
4104.875000 339.082672 0.278000 191.830002
4105.000000 339.292267 0.278000 191.929993
4105.250000 339.292267 0.278000 192.020004
4106.125000 339.520905 0.278000 192.130005
4106.500000 339.749695 0.278000 192.225006
4106.750000 339.958984 0.278000 192.330002
4106.875000 340.168549 0.278000 192.425003
4107.750000 340.417908 0.278000 192.520004
4108.500000 340.656799 0.278000 192.630005
4108.875000 340.865753 0.278000 192.729996
4109.375000 341.074982 0.271000 192.824997
4109.875000 341.284546 0.271000 192.925003
4110.250000 341.284546 0.271000 193.024994
4110.500000 341.494354 0.271000 193.125000
4111.000000 341.724243 0.271000 193.235001
4111.750000 341.934174 0.271000 193.324997
4112.250000 342.144104 0.271000 193.429993
4112.625000 342.353973 0.271000 193.535004
4113.125000 342.563782 0.271000 193.619995
4113.375000 342.773438 0.241000 193.725006
4114.125000 343.013153 0.241000 193.820007
4114.625000 343.223022 0.241000 193.929993
4115.000000 343.432983 0.241000 194.020004
4115.500000 343.633026 0.241000 194.125000
4116.125000 343.833099 0.241000 194.220001
4116.625000 344.053192 0.241000 194.330002
4117.000000 344.262482 0.241000 194.425003
4117.250000 344.466187 0.241000 194.529999
4117.625000 344.466187 0.241000 194.625000
4118.250000 344.693024 0.198000 194.729996
4118.750000 344.897644 0.198000 194.824997
4119.250000 345.104034 0.198000 194.929993
4119.375000 345.312134 0.198000 195.024994
4119.875000 345.516052 0.198000 195.130005
4120.500000 345.516052 0.198000 195.229996
4121.125000 345.737122 0.198000 195.320007
4121.500000 345.942963 0.198000 195.425003
4122.125000 346.150787 0.198000 195.524994
4123.250000 346.359528 0.198000 195.625000
4124.125000 346.568756 0.204000 195.729996
4124.250000 346.788239 0.204000 195.820007
4124.750000 346.997925 0.204000 195.919998
4125.125000 347.207733 0.204000 196.020004
4125.625000 347.457550 0.204000 196.130005
4126.250000 347.667419 0.204000 196.229996
4126.750000 347.877258 0.204000 196.324997
4127.875000 348.087189 0.204000 196.425003
4129.000000 348.087189 0.204000 196.524994
4129.500000 348.297150 0.204000 196.625000
4130.500000 348.527100 0.199000 196.725006
4132.375000 348.737061 0.199000 196.830002
4134.625000 348.947021 0.199000 196.929993
4135.625000 349.156982 0.199000 197.024994
4137.875000 349.366943 0.199000 197.125000
4140.250000 349.576904 0.199000 197.229996
4142.000000 349.816833 0.199000 197.330002
4143.625000 350.026733 0.199000 197.425003
4145.375000 350.236664 0.199000 197.535004
4146.875000 350.446594 0.199000 197.630005
4148.625000 350.656494 0.212000 197.725006
4150.750000 350.866394 0.212000 197.830002
4153.500000 351.076172 0.212000 197.929993
4155.750000 351.285950 0.212000 198.029999
4157.875000 351.285950 0.212000 198.125000
4160.000000 351.495758 0.212000 198.225006
4162.000000 351.715576 0.212000 198.330002
4164.000000 351.925446 0.212000 198.429993
4165.250000 352.145325 0.212000 198.529999
4166.250000 352.355194 0.212000 198.630005
4167.125000 352.575104 0.239000 198.720001
4168.250000 352.785004 0.239000 198.830002
4169.125000 352.994904 0.239000 198.929993
4170.250000 353.204803 0.239000 199.024994
4170.750000 353.414703 0.239000 199.130005
4171.125000 353.624542 0.239000 199.229996
4172.000000 353.834351 0.239000 199.324997
4172.500000 354.054199 0.239000 199.429993
4172.875000 354.264069 0.239000 199.524994
4172.875000 354.473907 0.239000 199.625000
4173.125000 354.473907 0.236000 199.720001
4173.625000 354.683716 0.236000 199.824997
4174.375000 354.893555 0.236000 199.925003
4174.625000 355.103394 0.236000 200.029999
4175.000000 355.323273 0.236000 200.125000
4175.250000 355.533203 0.236000 200.220001
4175.500000 355.743134 0.236000 200.330002
4176.000000 355.953064 0.236000 200.434998
4176.125000 356.162933 0.236000 200.529999
4176.500000 356.372742 0.236000 200.625000
4176.750000 356.602539 0.198000 200.729996
4176.875000 356.822418 0.198000 200.815002
4177.000000 357.052338 0.198000 200.929993
4177.375000 357.262268 0.198000 201.024994
4178.250000 357.472168 0.198000 201.119995
4178.625000 357.682037 0.198000 201.229996
4178.750000 357.891907 0.198000 201.330002
4179.000000 357.891907 0.198000 201.425003
4179.250000 358.101776 0.198000 201.529999
4179.750000 358.321686 0.198000 201.625000
4180.250000 358.531586 0.198000 201.725006
4180.750000 358.741455 0.198000 201.824997
4181.125000 358.951324 0.198000 201.925003
4181.625000 359.161194 0.198000 202.024994
4181.875000 359.401062 0.198000 202.119995
4182.375000 359.610962 0.198000 202.225006
4183.250000 359.820892 0.198000 202.324997
4183.500000 360.030853 0.198000 202.425003
4183.625000 360.240845 0.198000 202.524994
4184.875000 360.450806 0.198000 202.625000
4185.375000 360.660400 0.203000 202.729996
4185.750000 360.869293 0.203000 202.824997
4186.500000 361.078217 0.203000 202.929993
4187.750000 361.078217 0.203000 203.024994
4188.125000 361.287506 0.203000 203.130005
4188.875000 361.496857 0.203000 203.220001
4189.125000 361.706360 0.203000 203.324997
4189.500000 361.926086 0.203000 203.429993
4190.625000 362.135986 0.203000 203.524994
4191.125000 362.345856 0.203000 203.630005
4192.500000 362.595062 0.198000 203.729996
4193.125000 362.804169 0.198000 203.830002
4193.750000 363.014862 0.198000 203.929993
4194.875000 363.222839 0.198000 204.024994
4195.625000 363.222839 0.198000 204.125000
4196.000000 363.436768 0.198000 204.225006
4197.000000 363.639771 0.198000 204.320007
4197.625000 363.639771 0.198000 204.419998
4198.625000 363.867767 0.198000 204.524994
4199.375000 364.094940 0.198000 204.619995
4200.000000 364.094940 0.215000 204.729996
4200.500000 364.322449 0.215000 204.820007
4200.625000 364.529083 0.215000 204.925003
4200.625000 364.731262 0.215000 205.029999
4201.250000 364.731262 0.215000 205.130005
4201.875000 364.934357 0.215000 205.229996
4202.000000 365.136566 0.215000 205.324997
4203.375000 365.136566 0.215000 205.425003
4204.625000 365.351837 0.215000 205.524994
4206.125000 365.557556 0.215000 205.630005
4207.625000 365.763214 0.215000 205.725006
4210.125000 365.763214 0.234000 205.820007
4212.750000 365.970215 0.234000 205.929993
4214.625000 366.185638 0.234000 206.029999
4218.000000 366.185638 0.234000 206.130005
4221.125000 366.394531 0.234000 206.229996
4224.000000 366.596771 0.234000 206.330002
4227.500000 366.799683 0.234000 206.425003
4230.500000 366.799683 0.234000 206.529999
4234.750000 367.003662 0.234000 206.619995
4237.500000 367.204315 0.234000 206.729996
4239.125000 367.417694 0.262000 206.820007
4243.875000 367.625275 0.262000 206.934998
4247.750000 367.829224 0.262000 207.024994
4251.125000 368.036194 0.262000 207.130005
4255.375000 368.244720 0.262000 207.229996
4260.125000 368.244720 0.262000 207.320007
4264.375000 368.454071 0.262000 207.419998
4267.750000 368.663788 0.262000 207.529999
4272.125000 368.873657 0.262000 207.630005
4278.625000 369.083649 0.262000 207.725006
4282.500000 369.283661 0.316000 207.830002
4286.875000 369.493683 0.316000 207.929993
4291.500000 369.693695 0.316000 208.020004
4293.250000 369.933716 0.316000 208.130005
4295.875000 370.173706 0.316000 208.220001
4297.375000 370.413696 0.316000 208.330002
4300.125000 370.613739 0.316000 208.419998
4301.750000 370.813782 0.316000 208.529999
4303.750000 371.013824 0.316000 208.630005
4304.250000 371.223663 0.316000 208.720001
4305.625000 371.433502 0.361000 208.824997
4306.875000 371.433502 0.361000 208.914993
4308.000000 371.853149 0.361000 209.029999
4309.125000 371.853149 0.361000 209.130005
4310.250000 372.062927 0.361000 209.225006
4311.625000 372.272736 0.361000 209.324997
4312.875000 372.482574 0.361000 209.425003
4313.375000 372.692444 0.361000 209.529999
4314.250000 372.902283 0.361000 209.625000
4315.125000 373.112091 0.361000 209.725006
4315.500000 373.361877 0.314000 209.824997
4315.500000 373.571777 0.314000 209.929993
4315.500000 373.781677 0.314000 210.029999
4316.250000 373.991455 0.314000 210.119995
4316.250000 374.201019 0.314000 210.229996
4316.750000 374.410461 0.314000 210.324997
4317.125000 374.619751 0.314000 210.425003
4318.000000 374.829285 0.314000 210.524994
4318.250000 375.039062 0.314000 210.630005
4318.375000 375.039062 0.192000 210.720001
4318.750000 375.449005 0.192000 210.830002
4319.750000 375.649017 0.192000 210.929993
4320.500000 375.649017 0.192000 211.020004
4320.875000 375.878510 0.192000 211.125000
4321.250000 376.087708 0.192000 211.229996
4321.875000 376.296967 0.192000 211.324997
4322.375000 376.546173 0.192000 211.425003
4322.875000 376.785675 0.192000 211.524994
4324.000000 376.995514 0.192000 211.625000
4324.500000 377.205475 0.180000 211.725006
4324.625000 377.415222 0.180000 211.830002
4325.000000 377.624878 0.180000 211.925003
4325.875000 377.834625 0.180000 212.024994
4326.625000 377.834625 0.180000 212.125000
4327.250000 378.044495 0.180000 212.225006
4327.875000 378.254395 0.180000 212.324997
4328.625000 378.464294 0.180000 212.434998
4329.125000 378.684265 0.180000 212.524994
4329.250000 378.894226 0.180000 212.625000
4330.000000 379.104187 0.183000 212.725006
4330.625000 379.334198 0.183000 212.830002
4331.125000 379.564240 0.183000 212.925003
4331.250000 379.784088 0.183000 213.020004
4331.750000 379.993652 0.183000 213.119995
4332.750000 380.203308 0.183000 213.229996
4333.250000 380.413055 0.183000 213.330002
4334.000000 380.622894 0.183000 213.425003
4334.875000 380.832703 0.183000 213.524994
4335.875000 380.832703 0.183000 213.625000
4337.000000 381.042572 0.184000 213.725006
4338.000000 381.292358 0.184000 213.820007
4338.875000 381.532196 0.184000 213.925003
4339.875000 381.772034 0.184000 214.024994
4341.125000 381.981873 0.184000 214.130005
4343.000000 382.191742 0.184000 214.225006
4344.125000 382.401581 0.184000 214.330002
4344.625000 382.611450 0.184000 214.429993
4345.250000 382.821350 0.184000 214.524994
4346.500000 383.031219 0.184000 214.625000
4347.875000 383.241089 0.219000 214.729996
4348.500000 383.241089 0.219000 214.824997
4349.125000 383.480957 0.219000 214.925003
4351.250000 383.690857 0.219000 215.029999
4351.875000 383.900574 0.219000 215.119995
4352.500000 384.129974 0.219000 215.220001
4353.000000 384.338959 0.219000 215.324997
4353.750000 384.547913 0.219000 215.429993
4355.375000 384.756439 0.219000 215.529999
4355.750000 384.964630 0.219000 215.630005
4356.500000 385.172882 0.219000 215.725006
4357.625000 385.381805 0.241000 215.830002
4358.000000 385.591278 0.241000 215.925003
4358.750000 385.801086 0.241000 216.029999
4359.000000 386.001160 0.241000 216.130005
4360.000000 386.201355 0.241000 216.229996
4360.625000 386.401642 0.241000 216.330002
4361.000000 386.601990 0.241000 216.429993
4361.375000 386.802338 0.241000 216.520004
4362.500000 387.002625 0.241000 216.619995
4363.250000 387.202911 0.241000 216.720001
4363.875000 387.402924 0.323000 216.835007
4364.125000 387.612213 0.323000 216.929993
4364.375000 387.820740 0.323000 217.024994
4365.250000 388.028687 0.323000 217.130005
4366.250000 388.028687 0.323000 217.225006
4366.625000 388.255920 0.323000 217.330002
4367.375000 388.463074 0.323000 217.429993
4367.875000 388.670471 0.323000 217.529999
4368.375000 388.879242 0.323000 217.630005
4368.750000 389.089142 0.323000 217.725006
4369.250000 389.289642 0.326000 217.830002
4369.625000 389.490479 0.326000 217.925003
4369.750000 389.691345 0.326000 218.029999
4370.250000 389.891449 0.326000 218.125000
4370.375000 390.120392 0.326000 218.229996
4370.625000 390.348328 0.326000 218.330002
4370.875000 390.555786 0.326000 218.425003
4370.875000 390.762238 0.326000 218.529999
4371.125000 390.963898 0.326000 218.625000
4371.125000 391.163971 0.326000 218.720001
4371.250000 391.163971 0.342000 218.824997
4371.875000 391.372284 0.342000 218.929993
4372.250000 391.586151 0.342000 219.035004
4373.750000 391.792084 0.342000 219.134995
4380.875000 391.994568 0.342000 219.229996
4385.875000 392.195038 0.342000 219.335007
4391.125000 392.399628 0.342000 219.434998
4394.500000 392.606781 0.342000 219.535004
4397.500000 392.815338 0.342000 219.634995
4400.500000 392.815338 0.342000 219.729996
4403.250000 393.054535 0.338000 219.835007
4405.500000 393.264282 0.338000 219.929993
4407.125000 393.474213 0.338000 220.035004
4409.750000 393.674286 0.338000 220.130005
4411.500000 393.874451 0.338000 220.235001
4412.750000 394.074585 0.338000 220.335007
4413.375000 394.274719 0.338000 220.429993
4413.625000 394.474884 0.338000 220.529999
4413.875000 394.715027 0.338000 220.634995
4414.125000 394.925140 0.338000 220.729996
4414.125000 395.145294 0.325000 220.839996
4414.375000 395.345459 0.325000 220.934998
4414.750000 395.555664 0.325000 221.029999
4415.000000 395.755859 0.325000 221.130005
4415.625000 395.956055 0.325000 221.235001
4415.750000 396.156189 0.325000 221.335007
4415.875000 396.376373 0.325000 221.434998
4416.000000 396.576538 0.325000 221.535004
4416.250000 396.776672 0.325000 221.630005
4416.625000 396.986633 0.325000 221.735001
4417.000000 397.196442 0.288000 221.830002
4417.125000 397.406403 0.288000 221.934998
4417.750000 397.616119 0.288000 222.029999
4418.000000 397.616119 0.288000 222.130005
4418.250000 397.845398 0.288000 222.229996
4418.250000 398.064911 0.288000 222.324997
4418.375000 398.274689 0.288000 222.429993
4418.625000 398.484528 0.288000 222.529999
4419.250000 398.694397 0.288000 222.634995
4419.375000 398.904327 0.288000 222.729996
4419.375000 399.114258 0.266000 222.824997
4420.250000 399.317902 0.266000 222.929993
4420.375000 399.524719 0.266000 223.029999
4420.500000 399.524719 0.266000 223.130005
4420.875000 399.727417 0.266000 223.225006
4421.000000 399.727417 0.266000 223.335007
4421.125000 399.727417 0.266000 223.425003
4421.250000 399.928833 0.266000 223.529999
4421.625000 399.928833 0.266000 223.625000
4421.875000 399.928833 0.266000 223.729996
4421.875000 399.928833 0.279000 223.824997
4422.000000 399.928833 0.279000 223.929993
4422.125000 399.928833 0.279000 224.024994
4422.125000 399.928833 0.279000 224.134995
4422.125000 399.928833 0.279000 224.225006
4422.125000 399.928833 0.279000 224.330002
4422.125000 399.928833 0.279000 224.425003
4422.125000 399.928833 0.279000 224.524994
4422.250000 400.128906 0.279000 224.625000
4422.250000 400.128906 0.225000 224.729996
4422.250000 400.128906 0.225000 224.835007
4422.250000 400.128906 0.225000 224.929993
4422.250000 400.128906 0.225000 225.024994
4422.250000 400.128906 0.225000 225.130005
4422.250000 400.128906 0.225000 225.229996
4422.250000 400.128906 0.225000 225.330002
4422.250000 400.128906 0.225000 225.429993
4422.250000 400.128906 0.225000 225.524994
4422.250000 400.128906 0.225000 225.625000
4422.250000 400.128906 0.225000 225.729996
4422.250000 400.345245 0.223000 225.830002
4422.250000 400.557770 0.223000 225.919998
4422.250000 400.766083 0.223000 226.029999
4422.250000 400.766083 0.223000 226.125000
4422.250000 400.991913 0.223000 226.225006
4422.375000 401.206421 0.223000 226.320007
4422.500000 401.414368 0.223000 226.425003
4422.500000 401.623810 0.223000 226.529999
4422.500000 401.823975 0.223000 226.630005
4422.625000 402.024475 0.214000 226.725006
4422.750000 402.245117 0.214000 226.830002
4422.875000 402.445770 0.214000 226.925003
4423.250000 402.646362 0.214000 227.020004
4423.250000 402.856659 0.214000 227.130005
4423.250000 403.107178 0.214000 227.225006
4423.375000 403.307678 0.214000 227.324997
4423.500000 403.507812 0.214000 227.419998
4423.625000 403.727631 0.214000 227.529999
4423.625000 403.927643 0.214000 227.630005
4423.750000 404.127838 0.214000 227.720001
4424.000000 404.328125 0.225000 227.824997
4424.000000 404.528412 0.225000 227.929001
4424.125000 404.728607 0.225000 228.029999
4424.125000 404.928833 0.225000 228.125000
4424.125000 405.129089 0.225000 228.229996
4424.250000 405.329346 0.225000 228.330002
4424.250000 405.529633 0.225000 228.429993
4424.250000 405.729919 0.225000 228.524994
4424.375000 405.939880 0.225000 228.625000
4424.375000 406.149231 0.225000 228.729996
4424.500000 406.358002 0.253000 228.824997
4424.500000 406.566010 0.253000 228.929993
4425.125000 406.566010 0.253000 229.024994
4426.000000 406.802673 0.253000 229.130005
4426.250000 407.008270 0.253000 229.220001
4426.500000 407.211639 0.253000 229.330002
4427.500000 407.416595 0.253000 229.429993
4428.375000 407.416595 0.253000 229.529999
4428.750000 407.619873 0.253000 229.630005
4429.500000 407.851593 0.253000 229.725006
4430.750000 407.851593 0.286000 229.824997
4434.250000 408.069824 0.286000 229.925003
4437.875000 408.281097 0.286000 230.024994
4438.875000 408.485138 0.286000 230.119995
4439.750000 408.485138 0.286000 230.229996
4441.000000 408.689728 0.286000 230.320007
4443.750000 408.894775 0.286000 230.429993
4444.375000 409.095642 0.286000 230.520004
4446.250000 409.095642 0.286000 230.619995
4447.000000 409.299591 0.286000 230.729996
4447.750000 409.501556 0.283000 230.820007
4449.000000 409.702545 0.283000 230.925003
4450.250000 409.907806 0.283000 231.029999
4451.500000 410.115265 0.283000 231.119995
4453.000000 410.343231 0.283000 231.229996
4454.750000 410.581299 0.283000 231.324997
4456.625000 410.789337 0.283000 231.429993
4459.375000 410.997162 0.283000 231.535004
4461.250000 411.204895 0.283000 231.625000
4463.500000 411.413422 0.283000 231.729996
4467.625000 411.622620 0.264000 231.824997
4471.375000 411.622620 0.264000 231.919998
4473.500000 411.832214 0.264000 232.029999
4473.875000 412.042023 0.264000 232.130005
4474.875000 412.271820 0.264000 232.229996
4475.125000 412.481720 0.264000 232.330002
4475.125000 412.691559 0.264000 232.425003
4475.250000 412.930908 0.264000 232.529999
4475.750000 413.149963 0.264000 232.630005
4476.250000 413.369202 0.264000 232.729996
4476.375000 413.578247 0.259000 232.835007
4477.000000 413.787201 0.259000 232.919998
4477.250000 413.996521 0.259000 233.024994
4477.875000 414.206116 0.259000 233.130005
4479.000000 414.206116 0.259000 233.220001
4480.375000 414.415863 0.259000 233.324997
4482.750000 414.645050 0.259000 233.425003
4486.375000 414.863953 0.259000 233.524994
4492.000000 415.073181 0.259000 233.630005
4497.000000 415.282684 0.259000 233.725006
4500.750000 415.492096 0.247000 233.824997
4503.000000 415.731506 0.247000 233.925003
4503.750000 415.961121 0.247000 234.029999
4504.250000 416.170868 0.247000 234.130005
4505.500000 416.380676 0.247000 234.229996
4506.375000 416.590454 0.247000 234.324997
4507.500000 416.800293 0.247000 234.419998
4507.500000 416.800293 0.247000 234.520004
4507.875000 417.030121 0.247000 234.625000
4508.250000 417.259857 0.247000 234.729996
4508.250000 417.469666 0.263000 234.830002
4508.625000 417.679504 0.263000 234.925003
4509.000000 417.929352 0.263000 235.024994
4509.375000 418.139038 0.263000 235.130005
4510.375000 418.358490 0.263000 235.229996
4517.125000 418.568085 0.263000 235.330002
4520.625000 418.777740 0.263000 235.429993
4524.875000 418.987335 0.263000 235.529999
4528.750000 419.196747 0.263000 235.630005
4530.625000 419.406311 0.263000 235.729996
4531.875000 419.406311 0.229000 235.820007
4532.500000 419.625977 0.229000 235.934998
4533.375000 419.865570 0.229000 236.020004
4533.875000 420.074615 0.229000 236.119995
4534.625000 420.313049 0.229000 236.229996
4534.625000 420.522064 0.229000 236.330002
4535.625000 420.751129 0.229000 236.429993
4536.125000 420.960632 0.229000 236.529999
4537.375000 421.170349 0.229000 236.625000
4538.250000 421.379822 0.229000 236.729996
4539.625000 421.588287 0.264000 236.830002
4541.000000 421.796509 0.264000 236.925003
4543.875000 421.796509 0.264000 237.024994
4546.125000 422.005280 0.264000 237.119995
4550.125000 422.214508 0.264000 237.225006
4552.000000 422.424133 0.264000 237.324997
4553.375000 422.633972 0.264000 237.429993
4553.625000 422.843597 0.264000 237.524994
4554.625000 423.053192 0.264000 237.625000
4554.750000 423.282867 0.264000 237.720001
4554.750000 423.522430 0.247000 237.824997
4555.125000 423.732147 0.247000 237.929993
4555.750000 423.941864 0.247000 238.029999
4555.875000 424.151642 0.247000 238.130005
4556.125000 424.361267 0.247000 238.229996
4556.125000 424.570862 0.247000 238.330002
4556.750000 424.780548 0.247000 238.425003
4557.125000 424.780548 0.247000 238.520004
4557.500000 424.990326 0.247000 238.625000
4559.625000 425.200195 0.209000 238.725006
4562.125000 425.419800 0.209000 238.830002
4562.500000 425.629181 0.209000 238.929993
4563.375000 425.847656 0.209000 239.020004
4563.750000 426.055573 0.209000 239.130005
4564.250000 426.303650 0.209000 239.229996
4564.375000 426.512482 0.209000 239.330002
4564.500000 426.721649 0.209000 239.425003
4564.625000 426.927917 0.209000 239.529999
4564.625000 427.134125 0.209000 239.619995
4565.375000 427.341583 0.209000 239.729996
4566.000000 427.341583 0.261000 239.830002
4566.125000 427.544586 0.261000 239.925003
4567.000000 427.747009 0.261000 240.024994
4567.250000 427.947540 0.261000 240.130005
4567.250000 427.947540 0.261000 240.225006
4567.250000 428.183807 0.261000 240.330002
4567.500000 428.183807 0.261000 240.425003
4567.750000 428.394653 0.261000 240.529999
4568.625000 428.633148 0.261000 240.625000
4568.875000 428.633148 0.239000 240.729996
4569.125000 428.837372 0.239000 240.830002
4569.125000 429.044769 0.239000 240.925003
4569.125000 429.044769 0.239000 241.029999
4569.125000 429.245483 0.239000 241.125000
4569.125000 429.245483 0.239000 241.229996
4569.125000 429.245483 0.239000 241.330002
4569.125000 429.245483 0.239000 241.414993
4569.250000 429.446716 0.239000 241.524994
4569.250000 429.446716 0.239000 241.625000
4569.250000 429.446716 0.169000 241.725006
4569.250000 429.446716 0.169000 241.824997
4569.250000 429.446716 0.169000 241.929993
4569.250000 429.446716 0.169000 242.014999
4569.250000 429.446716 0.169000 242.125000
4569.250000 429.446716 0.169000 242.229996
4569.250000 429.446716 0.169000 242.330002
4569.250000 429.446716 0.169000 242.419998
4569.500000 429.446716 0.169000 242.524994
4569.500000 429.446716 0.169000 242.630005
4569.500000 429.446716 0.164000 242.729996
4569.500000 429.446716 0.164000 242.830002
4569.500000 429.446716 0.164000 242.929993
4569.500000 429.446716 0.164000 243.024994
4569.500000 429.446716 0.164000 243.119995
4569.500000 429.446716 0.164000 243.225006
4569.500000 429.446716 0.164000 243.330002
4569.625000 429.664795 0.164000 243.425003
4569.625000 429.884735 0.164000 243.529999
4569.625000 429.884735 0.164000 243.625000
4569.750000 430.088776 0.157000 243.720001
4569.750000 430.289276 0.157000 243.824997
4570.125000 430.492401 0.157000 243.934998
4570.250000 430.492401 0.157000 244.035004
4570.375000 430.696106 0.157000 244.119995
4570.375000 430.916046 0.157000 244.225006
4570.375000 430.916046 0.157000 244.330002
4570.375000 431.144287 0.157000 244.419998
4570.500000 431.350098 0.157000 244.520004
4570.500000 431.556000 0.157000 244.625000
4570.500000 431.556000 0.160000 244.725006
4570.500000 431.762268 0.160000 244.830002
4570.875000 432.004120 0.160000 244.919998
4571.000000 432.004120 0.160000 245.026001
4571.000000 432.206055 0.160000 245.119995
4571.250000 432.441864 0.160000 245.220001
4571.625000 432.645447 0.160000 245.330002
4571.625000 432.645447 0.160000 245.425003
4571.625000 432.849396 0.160000 245.524994
4571.625000 433.053619 0.160000 245.630005
4572.000000 433.258423 0.216000 245.729996
4572.000000 433.258423 0.216000 245.824997
4572.000000 433.463470 0.216000 245.925003
4572.000000 433.665985 0.216000 246.024994
4572.000000 433.873016 0.216000 246.130005
4572.000000 434.076843 0.216000 246.229996
4572.000000 434.278534 0.216000 246.330002
4572.000000 434.484131 0.216000 246.434998
4572.000000 434.484131 0.216000 246.524994
4572.000000 434.701691 0.216000 246.630005
4572.000000 434.929962 0.209000 246.725006
4572.000000 435.138977 0.209000 246.835007
4572.000000 435.348206 0.209000 246.929993
4572.000000 435.596619 0.209000 247.029999
4572.000000 435.834595 0.209000 247.130005
4572.000000 436.042572 0.209000 247.225006
4572.125000 436.245270 0.209000 247.324997
4572.250000 436.245270 0.209000 247.425003
4572.375000 436.464844 0.209000 247.529999
4572.500000 436.694672 0.209000 247.630005
4572.500000 436.897552 0.205000 247.725006
4572.500000 436.897552 0.205000 247.830002
4572.500000 437.099182 0.205000 247.925003
4572.625000 437.302124 0.205000 248.024994
4572.625000 437.302124 0.205000 248.125000
4572.625000 437.506439 0.205000 248.229996
4572.625000 437.711731 0.205000 248.330002
4572.750000 437.917603 0.205000 248.425003
4572.750000 437.917603 0.205000 248.520004
4572.750000 438.123688 0.205000 248.630005
4572.875000 438.331451 0.208000 248.725006
4573.000000 438.544769 0.208000 248.820007
4573.000000 438.544769 0.208000 248.925003
4573.000000 438.747742 0.208000 249.024994
4573.000000 438.948883 0.208000 249.125000
4573.000000 438.948883 0.208000 249.225006
4573.125000 438.948883 0.208000 249.324997
4573.125000 439.152618 0.208000 249.425003
4573.125000 439.152618 0.208000 249.524994
4573.250000 439.152618 0.208000 249.639999
4573.250000 439.152618 0.170000 249.740005
4573.250000 439.152618 0.170000 249.830002
4573.250000 439.152618 0.170000 249.934998
4573.250000 439.152618 0.170000 250.039993
4573.250000 439.152618 0.170000 250.134995
4573.250000 439.152618 0.170000 250.235001
4573.250000 439.152618 0.170000 250.330002
4573.250000 439.152618 0.170000 250.440002
4573.250000 439.152618 0.170000 250.539993
4573.250000 439.352631 0.170000 250.630005
4573.250000 439.352631 0.156000 250.729996
4573.250000 439.352631 0.156000 250.835007
4573.250000 439.352631 0.156000 250.934998
4573.250000 439.557770 0.156000 251.029999
4573.375000 439.761078 0.156000 251.130005
4573.375000 439.761078 0.156000 251.229996
4573.375000 439.964996 0.156000 251.335007
4573.500000 440.189026 0.156000 251.429993
4573.625000 440.189026 0.156000 251.529999
4573.625000 440.399933 0.156000 251.630005
4573.625000 440.627563 0.155000 251.735001
4573.625000 440.833160 0.155000 251.835007
4573.625000 440.833160 0.155000 251.934998
4573.750000 441.039001 0.155000 252.024994
4573.750000 441.244202 0.155000 252.145004
4573.750000 441.445984 0.155000 252.235001
4573.875000 441.445984 0.155000 252.330002
4573.875000 441.682617 0.155000 252.425003
4574.000000 441.889709 0.155000 252.535004
4574.000000 441.889709 0.155000 252.630005
4574.125000 442.113007 0.167000 252.735001
4574.125000 442.315643 0.167000 252.835007
4574.750000 442.315643 0.167000 252.934998
4574.875000 442.518768 0.167000 253.029999
4574.875000 442.722382 0.167000 253.125000
4574.875000 442.925598 0.167000 253.225006
4574.875000 442.925598 0.167000 253.324997
4574.875000 443.128174 0.167000 253.425003
4575.000000 443.331482 0.167000 253.529999
4575.125000 443.535858 0.167000 253.625000
4575.125000 443.535858 0.192000 253.725006
4575.125000 443.740814 0.192000 253.824997
4575.250000 443.945557 0.192000 253.929993
4575.375000 443.945557 0.192000 254.024994
4575.375000 444.150146 0.192000 254.130005
4575.375000 444.355011 0.192000 254.229996
4575.500000 444.559631 0.192000 254.330002
4575.625000 444.763885 0.192000 254.434998
4575.625000 444.763885 0.192000 254.524994
4575.750000 444.967804 0.192000 254.625000
4575.750000 445.171753 0.172000 254.725006
4575.750000 445.171753 0.172000 254.824997
4575.875000 445.386749 0.172000 254.919998
4576.125000 445.386749 0.172000 255.020004
4576.125000 445.591644 0.172000 255.130005
4576.250000 445.591644 0.172000 255.225006
4576.500000 445.591644 0.172000 255.320007
4576.500000 445.792358 0.172000 255.429993
4576.625000 445.792358 0.172000 255.524994
4576.750000 445.792358 0.172000 255.630005
4576.750000 445.792358 0.182000 255.725006
4577.125000 445.792358 0.182000 255.820007
4577.125000 445.792358 0.182000 255.925003
4577.125000 445.792358 0.182000 256.015015
4577.125000 445.792358 0.182000 256.135010
4577.125000 445.792358 0.182000 256.230011
4577.125000 445.792358 0.182000 256.329987
4577.125000 445.792358 0.182000 256.429993
4577.125000 445.792358 0.182000 256.529999
4577.125000 445.792358 0.182000 256.630005
4577.125000 445.792358 0.185000 256.725006
4577.125000 445.792358 0.185000 256.834991
4577.125000 445.792358 0.185000 256.924988
4577.125000 445.997131 0.185000 257.019989
4577.125000 445.997131 0.185000 257.125000
4577.250000 446.199127 0.185000 257.230011
4577.250000 446.403137 0.185000 257.325012
4577.250000 446.403137 0.185000 257.424988
4577.250000 446.612396 0.185000 257.529999
4577.250000 446.830750 0.185000 257.619995
4577.375000 447.035248 0.172000 257.730011
4577.375000 447.035248 0.172000 257.829987
4577.375000 447.235474 0.172000 257.929993
4577.375000 447.477234 0.172000 258.029999
4577.500000 447.477234 0.172000 258.135010
4577.500000 447.687531 0.172000 258.225006
4577.625000 447.913086 0.172000 258.325012
4577.625000 447.913086 0.172000 258.420013
4577.750000 448.138824 0.172000 258.524994
4577.750000 448.342133 0.172000 258.630005
4577.750000 448.546112 0.160000 258.730011
4577.875000 448.546112 0.160000 258.829987
4577.875000 448.750854 0.160000 258.924988
4577.875000 448.958557 0.160000 259.024994
4578.000000 449.161499 0.160000 259.130005
4578.000000 449.363373 0.160000 259.230011
4578.000000 449.564484 0.160000 259.325012
4578.125000 449.564484 0.160000 259.420013
4578.125000 449.769897 0.160000 259.529999
4578.125000 450.007355 0.160000 259.619995
4578.250000 450.246185 0.165000 259.725006
4578.250000 450.475464 0.165000 259.820007
4578.375000 450.684723 0.165000 259.924988
4578.375000 450.894165 0.165000 260.029999
4578.375000 451.103760 0.165000 260.130005
4578.500000 451.313416 0.165000 260.225006
4578.500000 451.523193 0.165000 260.325012
4578.625000 451.733032 0.165000 260.429993
4578.625000 451.942932 0.165000 260.529999
4578.625000 452.152832 0.165000 260.625000
4578.750000 452.152832 0.174000 260.725006
4578.750000 452.362732 0.174000 260.825012
4578.875000 452.602600 0.174000 260.924988
4579.125000 452.812500 0.174000 261.019989
4579.125000 453.072113 0.174000 261.125000
4579.375000 453.272980 0.174000 261.230011
4579.750000 453.481567 0.174000 261.329987
4579.750000 453.481567 0.174000 261.420013
4579.875000 453.690765 0.174000 261.529999
4579.875000 453.892303 0.174000 261.625000
4579.875000 454.098053 0.168000 261.720001
4580.000000 454.098053 0.168000 261.820007
4580.000000 454.298553 0.168000 261.924988
4580.500000 454.298553 0.168000 262.024994
4581.000000 454.504333 0.168000 262.125000
4581.375000 454.504333 0.168000 262.220001
4581.375000 454.504333 0.168000 262.325012
4581.500000 454.504333 0.168000 262.429993
4581.500000 454.504333 0.168000 262.529999
4581.500000 454.709290 0.168000 262.619995
4581.625000 454.709290 0.176000 262.730011
4581.875000 454.709290 0.176000 262.829987
4581.875000 454.709290 0.176000 262.929993
4581.875000 454.709290 0.176000 263.024994
4581.875000 454.709290 0.176000 263.119995
4581.875000 454.709290 0.176000 263.230011
4581.875000 454.709290 0.176000 263.329987
4581.875000 454.709290 0.176000 263.429993
4581.875000 454.709290 0.176000 263.524994
4582.000000 454.709290 0.176000 263.619995
4582.000000 454.709290 0.167000 263.730011
4582.000000 454.709290 0.167000 263.829987
4582.000000 454.709290 0.167000 263.920013
4582.000000 454.709290 0.167000 264.024994
4582.000000 454.709290 0.167000 264.125000
4582.000000 454.709290 0.167000 264.230011
4582.000000 454.709290 0.167000 264.325012
4582.000000 454.709290 0.167000 264.424988
4582.000000 454.913361 0.167000 264.519989
4582.000000 455.119232 0.167000 264.625000
4582.125000 455.119232 0.165000 264.720001
4582.125000 455.336029 0.165000 264.820007
4582.125000 455.536987 0.165000 264.929993
4582.250000 455.740326 0.165000 265.024994
4582.250000 455.740326 0.165000 265.130005
4582.250000 455.944946 0.165000 265.230011
4582.375000 456.163940 0.165000 265.329987
4582.375000 456.370453 0.165000 265.429993
4582.375000 456.578979 0.165000 265.524994
4582.500000 456.783478 0.165000 265.630005
4582.500000 456.990692 0.162000 265.730011
4582.500000 456.990692 0.162000 265.829987
4582.500000 457.199280 0.162000 265.924988
4582.500000 457.408508 0.162000 266.029999
4582.500000 457.628082 0.162000 266.125000
4582.500000 457.837830 0.162000 266.230011
4582.500000 458.047699 0.162000 266.325012
4582.500000 458.257568 0.162000 266.429993
4582.500000 458.467438 0.162000 266.524994
4582.500000 458.697296 0.162000 266.630005
4582.500000 458.907166 0.159000 266.730011
4582.500000 459.127045 0.159000 266.829987
4582.500000 459.336914 0.159000 266.924988
4582.500000 459.546783 0.159000 267.029999
4582.500000 459.746796 0.159000 267.130005
4582.500000 459.956665 0.159000 267.225006
4582.500000 460.166534 0.159000 267.329987
4582.500000 460.376465 0.159000 267.429993
4582.500000 460.586151 0.159000 267.529999
4582.500000 460.586151 0.159000 267.625000
4582.500000 460.825256 0.176000 267.720001
4582.500000 461.033661 0.176000 267.829987
4582.625000 461.241150 0.176000 267.924988
4582.625000 461.477539 0.176000 268.029999
4582.625000 461.693970 0.176000 268.130005
4582.625000 461.910309 0.176000 268.225006
4582.625000 462.118317 0.176000 268.325012
4582.750000 462.323792 0.176000 268.434998
4582.750000 462.323792 0.176000 268.529999
4582.750000 462.528381 0.176000 268.625000
4582.750000 462.731537 0.180000 268.725006
4582.750000 462.933228 0.180000 268.829987
4582.750000 462.933228 0.180000 268.924988
4582.750000 463.134247 0.180000 269.024994
4582.750000 463.334320 0.180000 269.119995
4582.750000 463.334320 0.180000 269.230011
4582.875000 463.542450 0.180000 269.329987
4582.875000 463.745056 0.180000 269.424988
4582.875000 463.949158 0.180000 269.524994
4582.875000 463.949158 0.180000 269.625000
4582.875000 464.161560 0.177000 269.730011
4582.875000 464.381836 0.177000 269.815002
4583.000000 464.587036 0.177000 269.929993
4583.000000 464.587036 0.177000 270.024994
4583.000000 464.792267 0.177000 270.130005
4583.000000 464.997375 0.177000 270.230011
4583.000000 464.997375 0.177000 270.325012
4583.250000 465.202454 0.177000 270.429993
4583.250000 465.407440 0.177000 270.529999
4583.375000 465.612152 0.177000 270.625000
4583.500000 465.612152 0.164000 270.720001
4583.500000 465.816406 0.164000 270.829987
4583.500000 466.035339 0.164000 270.929993
4583.500000 466.239410 0.164000 271.029999
4583.625000 466.239410 0.164000 271.125000
4583.625000 466.459259 0.164000 271.225006
4583.625000 466.693207 0.164000 271.329987
4583.625000 466.901337 0.164000 271.429993
4583.625000 467.104279 0.164000 271.529999
4583.625000 467.309753 0.164000 271.625000
4583.625000 467.513397 0.179000 271.730011
4583.750000 467.722015 0.179000 271.829987
4583.875000 467.722015 0.179000 271.924988
4583.875000 467.945740 0.179000 272.029999
4583.875000 468.165955 0.179000 272.130005
4584.000000 468.366241 0.179000 272.234985
4584.125000 468.366241 0.179000 272.325012
4584.250000 468.569794 0.179000 272.429993
4584.250000 468.780548 0.179000 272.529999
4584.250000 468.984039 0.179000 272.630005
4584.250000 468.984039 0.195000 272.730011
4584.375000 469.187866 0.195000 272.829987
4584.375000 469.422638 0.195000 272.929993
4584.375000 469.422638 0.195000 273.024994
4584.500000 469.626923 0.195000 273.130005
4584.625000 469.876556 0.195000 273.230011
4584.750000 469.876556 0.195000 273.320007
4584.875000 470.102783 0.195000 273.424988
4585.000000 470.308228 0.195000 273.524994
4585.000000 470.544708 0.195000 273.619995
4585.250000 470.749207 0.188000 273.730011
4585.250000 470.956390 0.188000 273.829987
4585.375000 471.164917 0.188000 273.929993
4585.500000 471.374084 0.188000 274.024994
4585.750000 471.583649 0.188000 274.125000
4585.875000 471.793396 0.188000 274.230011
4586.000000 471.793396 0.188000 274.320007
4586.125000 472.212677 0.188000 274.429993
4586.375000 472.422424 0.188000 274.535004
4586.375000 472.422424 0.188000 274.630005
4586.500000 472.652313 0.176000 274.725006
4586.750000 472.862213 0.176000 274.829987
4587.000000 473.072052 0.176000 274.929993
4587.500000 473.281891 0.176000 275.029999
4587.500000 473.491791 0.176000 275.130005
4588.250000 473.701569 0.176000 275.225006
4588.500000 473.911346 0.176000 275.329987
4588.875000 474.121246 0.176000 275.424988
4589.250000 474.331146 0.176000 275.535004
4589.625000 474.571045 0.176000 275.630005
4589.750000 474.777679 0.166000 275.725006
4590.000000 474.978363 0.166000 275.829987
4590.125000 474.978363 0.166000 275.929993
4590.250000 475.187225 0.166000 276.035004
4590.250000 475.423523 0.166000 276.130005
4590.375000 475.423523 0.166000 276.225006
4590.500000 475.629456 0.166000 276.325012
4590.500000 475.849152 0.166000 276.429993
4590.625000 476.052032 0.166000 276.524994
4590.625000 476.052032 0.166000 276.625000
4591.000000 476.255096 0.169000 276.725006
4591.125000 476.458496 0.169000 276.825012
4592.000000 476.662567 0.169000 276.929993
4592.375000 476.662567 0.169000 277.024994
4592.875000 476.864441 0.169000 277.130005
4593.125000 477.065063 0.169000 277.230011
4593.500000 477.272125 0.169000 277.329987
4593.625000 477.272125 0.169000 277.429993
4593.750000 477.478851 0.169000 277.524994
4594.000000 477.686218 0.169000 277.625000
4594.250000 477.686218 0.186000 277.725006
4594.375000 477.901825 0.186000 277.829987
4594.625000 478.102997 0.186000 277.924988
4595.000000 478.304047 0.186000 278.024994
4595.125000 478.304047 0.186000 278.130005
4595.875000 478.506104 0.186000 278.225006
4595.875000 478.708862 0.186000 278.325012
4596.000000 478.708862 0.186000 278.415009
4596.000000 478.911896 0.186000 278.529999
4596.000000 479.115723 0.186000 278.630005
4596.250000 479.320282 0.176000 278.720001
4596.500000 479.320282 0.176000 278.825012
4596.500000 479.539642 0.176000 278.924988
4596.500000 479.757111 0.176000 279.024994
4596.625000 479.958221 0.176000 279.125000
4596.750000 479.958221 0.176000 279.225006
4596.750000 480.165558 0.176000 279.334991
4596.875000 480.371735 0.176000 279.429993
4596.875000 480.371735 0.176000 279.529999
4596.875000 480.584076 0.176000 279.630005
4596.875000 480.802795 0.186000 279.720001
4597.000000 480.802795 0.186000 279.829987
4597.000000 481.021149 0.186000 279.924988
4597.125000 481.225128 0.186000 280.019989
4597.125000 481.225128 0.186000 280.125000
4597.250000 481.430664 0.186000 280.230011
4597.250000 481.653381 0.186000 280.320007
4597.250000 481.855042 0.186000 280.429993
4597.375000 481.855042 0.186000 280.529999
4597.375000 482.064850 0.186000 280.625000
4597.375000 482.267670 0.176000 280.730011
4597.375000 482.267670 0.176000 280.820007
4597.500000 482.471161 0.176000 280.915009
4597.500000 482.675385 0.176000 281.029999
4597.500000 482.879211 0.176000 281.130005
4597.625000 483.088013 0.176000 281.230011
4597.625000 483.293121 0.176000 281.334991
4597.625000 483.495880 0.176000 281.429993
4597.625000 483.495880 0.176000 281.524994
4597.625000 483.702240 0.176000 281.625000
4597.625000 483.920380 0.175000 281.730011
4597.625000 484.129517 0.175000 281.825012
4597.625000 484.339050 0.175000 281.924988
4597.625000 484.548828 0.175000 282.024994
4597.625000 484.758728 0.175000 282.125000
4597.750000 484.968658 0.175000 282.230011
4597.750000 485.208557 0.175000 282.325012
4597.750000 485.418488 0.175000 282.424988
4597.750000 485.618591 0.175000 282.524994
4597.750000 485.818604 0.175000 282.619995
4597.875000 486.028595 0.173000 282.725006
4597.875000 486.258606 0.173000 282.829987
4597.875000 486.458618 0.173000 282.924988
4598.000000 486.658630 0.173000 283.019989
4598.000000 486.868622 0.173000 283.130005
4598.125000 487.068634 0.173000 283.230011
4598.125000 487.278473 0.173000 283.325012
4598.125000 487.487610 0.173000 283.424988
4598.375000 487.696167 0.173000 283.529999
4598.375000 487.696167 0.173000 283.625000
4598.625000 487.905029 0.161000 283.730011
4598.625000 488.143677 0.161000 283.834991
4598.625000 488.350708 0.161000 283.924988
4598.750000 488.557648 0.161000 284.029999
4598.750000 488.759949 0.161000 284.130005
4598.750000 488.759949 0.161000 284.230011
4598.750000 488.978607 0.161000 284.325012
4598.750000 489.186096 0.161000 284.424988
4598.750000 489.392273 0.161000 284.524994
4598.750000 489.392273 0.161000 284.630005
4598.875000 489.597961 0.202000 284.734985
4599.000000 489.811798 0.202000 284.825012
4599.000000 490.018005 0.202000 284.929993
4599.000000 490.018005 0.202000 285.029999
4599.125000 490.234741 0.202000 285.130005
4599.500000 490.442749 0.202000 285.230011
4599.500000 490.645355 0.202000 285.320007
4599.750000 490.888733 0.202000 285.429993
4600.250000 491.103638 0.202000 285.529999
4600.375000 491.337708 0.202000 285.630005
4600.375000 491.537933 0.202000 285.730011
4600.750000 491.746582 0.267000 285.834991
4601.125000 491.746582 0.267000 285.929993
4601.250000 491.955292 0.267000 286.029999
4601.375000 492.164551 0.267000 286.130005
4601.500000 492.368744 0.267000 286.214996
4601.875000 492.576233 0.267000 286.325012
4602.000000 492.785187 0.267000 286.424988
4602.125000 492.990112 0.267000 286.524994
4602.250000 493.197083 0.267000 286.619995
4602.250000 493.397583 0.267000 286.720001
4602.250000 493.397583 0.316000 286.829987
4602.625000 493.601746 0.316000 286.929993
4602.625000 493.805573 0.316000 287.024994
4602.750000 493.805573 0.316000 287.130005
4602.875000 493.805573 0.316000 287.234985
4602.875000 494.005859 0.316000 287.329987
4603.000000 494.005859 0.316000 287.429993
4603.125000 494.005859 0.316000 287.529999
4603.375000 494.005859 0.316000 287.630005
4603.500000 494.005859 0.316000 287.725006
4603.750000 494.005859 0.361000 287.825012
4603.750000 494.206573 0.361000 287.929993
4604.125000 494.206573 0.361000 288.029999
4604.250000 494.206573 0.361000 288.125000
4604.500000 494.206573 0.361000 288.230011
4604.625000 494.206573 0.361000 288.329987
4605.125000 494.206573 0.361000 288.429993
4605.250000 494.206573 0.361000 288.524994
4605.500000 494.206573 0.361000 288.630005
4605.625000 494.206573 0.361000 288.725006
4605.750000 494.206573 0.287000 288.820007
4605.750000 494.206573 0.287000 288.924988
4606.125000 494.206573 0.287000 289.029999
4606.125000 494.415253 0.287000 289.125000
4606.250000 494.415253 0.287000 289.225006
4606.750000 494.619202 0.287000 289.325012
4607.000000 494.850525 0.287000 289.429993
4607.625000 495.052979 0.287000 289.529999
4607.750000 495.254791 0.287000 289.619995
4608.500000 495.461121 0.287000 289.730011
4609.125000 495.669800 0.292000 289.825012
4609.500000 495.669800 0.292000 289.924988
4609.750000 495.879700 0.292000 290.024994
4610.250000 496.079895 0.292000 290.125000
4610.750000 496.319519 0.292000 290.225006
4611.875000 496.528259 0.292000 290.320007
4612.625000 496.736023 0.292000 290.429993
4613.250000 496.973206 0.292000 290.529999
4613.500000 497.181671 0.292000 290.625000
4614.000000 497.390747 0.292000 290.730011
4614.875000 497.600189 0.316000 290.820007
4615.250000 497.809937 0.316000 290.929993
4615.750000 498.019897 0.316000 291.029999
4615.875000 498.219971 0.316000 291.135010
4616.125000 498.420105 0.316000 291.225006
4616.500000 498.620239 0.316000 291.334991
4616.750000 498.820404 0.316000 291.429993
4616.750000 499.020599 0.316000 291.524994
4617.500000 499.220856 0.316000 291.625000
4618.000000 499.421204 0.316000 291.725006
4618.375000 499.621552 0.296000 291.825012
4618.625000 499.821869 0.296000 291.934998
4618.625000 500.022125 0.296000 292.029999
4618.750000 500.222382 0.296000 292.130005
4618.875000 500.432648 0.296000 292.230011
4619.250000 500.632904 0.296000 292.329987
4619.500000 500.833130 0.296000 292.424988
4619.500000 501.033325 0.296000 292.529999
4619.625000 501.233398 0.296000 292.630005
4619.875000 501.433441 0.296000 292.720001
4620.250000 501.633545 0.267000 292.825012
4620.500000 501.833710 0.267000 292.924988
4620.625000 502.033783 0.267000 293.029999
4621.000000 502.243744 0.267000 293.125000
4621.250000 502.443756 0.267000 293.225006
4621.250000 502.643829 0.267000 293.329987
4621.500000 502.843933 0.267000 293.429993
4621.625000 503.044067 0.267000 293.524994
4621.750000 503.244202 0.267000 293.625000
4622.125000 503.444275 0.267000 293.730011
4622.125000 503.644348 0.280000 293.825012
4622.250000 503.844421 0.280000 293.929993
4622.250000 504.054077 0.280000 294.024994
4622.250000 504.263367 0.280000 294.130005
4622.750000 504.263367 0.280000 294.225006
4623.000000 504.492920 0.280000 294.329987
4623.375000 504.712830 0.280000 294.429993
4623.500000 504.922516 0.280000 294.529999
4623.625000 505.131439 0.280000 294.619995
4623.750000 505.339508 0.280000 294.730011
4624.000000 505.576660 0.254000 294.834991
4624.250000 505.804901 0.254000 294.929993
4624.625000 506.013885 0.254000 295.024994
4624.625000 506.223022 0.254000 295.125000
4625.000000 506.432404 0.254000 295.225006
4625.125000 506.642059 0.254000 295.325012
4625.250000 506.851807 0.254000 295.424988
4625.250000 507.061584 0.254000 295.529999
4625.875000 507.061584 0.254000 295.630005
4626.125000 507.291321 0.216000 295.730011
4626.250000 507.501099 0.216000 295.829987
4626.500000 507.710785 0.216000 295.920013
4626.875000 507.949585 0.216000 296.024994
4626.875000 508.157623 0.216000 296.130005
4627.000000 508.364929 0.216000 296.225006
4627.250000 508.591797 0.216000 296.320007
4627.375000 508.799957 0.216000 296.429993
4627.500000 509.008942 0.216000 296.524994
4627.750000 509.008942 0.216000 296.609985
4627.750000 509.428223 0.216000 296.730011
4628.250000 509.638214 0.215000 296.825012
4628.250000 509.838257 0.215000 296.929993
4628.375000 510.038330 0.215000 297.029999
4628.500000 510.238373 0.215000 297.125000
4628.875000 510.438385 0.215000 297.225006
4628.875000 510.648376 0.215000 297.329987
4628.875000 510.648376 0.215000 297.424988
4629.250000 510.868347 0.215000 297.524994
4629.375000 511.078339 0.215000 297.619995
4629.625000 511.278351 0.206000 297.725006
4629.750000 511.488373 0.206000 297.829987
4630.250000 511.698334 0.206000 297.924988
4630.500000 511.907898 0.206000 298.029999
4630.500000 512.117493 0.206000 298.125000
4630.875000 512.327209 0.206000 298.220001
4632.000000 512.536865 0.206000 298.329987
4633.500000 512.785889 0.206000 298.424988
4634.125000 512.994629 0.206000 298.524994
4635.500000 513.203247 0.206000 298.630005
4636.875000 513.411438 0.206000 298.725006
4637.500000 513.619141 0.273000 298.825012
4638.000000 513.823425 0.273000 298.929993
4640.125000 513.823425 0.273000 299.024994
4641.375000 514.025085 0.273000 299.125000
4641.625000 514.025085 0.273000 299.225006
4642.000000 514.228455 0.273000 299.334991
4642.500000 514.228455 0.273000 299.429993
4643.375000 514.228455 0.273000 299.524994
4644.000000 514.228455 0.273000 299.630005
4644.375000 514.432007 0.273000 299.730011
4644.875000 514.432007 0.338000 299.829987
4645.000000 514.432007 0.338000 299.920013
4645.250000 514.432007 0.338000 300.019989
4645.625000 514.432007 0.338000 300.119995
4646.250000 514.432007 0.338000 300.230011
4646.500000 514.432007 0.338000 300.320007
4647.125000 514.432007 0.338000 300.424988
4647.250000 514.432007 0.338000 300.519989
4647.500000 514.432007 0.338000 300.630005
4647.625000 514.432007 0.338000 300.725006
4648.000000 514.432007 0.289000 300.829987
4648.250000 514.432007 0.289000 300.929993
4648.500000 514.432007 0.289000 301.024994
4648.750000 514.635559 0.289000 301.125000
4648.875000 514.635559 0.289000 301.230011
4649.875000 514.871826 0.289000 301.329987
4650.250000 515.072937 0.289000 301.429993
4660.750000 515.072937 0.289000 301.529999
4684.750000 515.285706 0.289000 301.630005
4686.250000 515.285706 0.289000 301.730011
4686.875000 515.494080 0.258000 301.829987
4687.000000 515.494080 0.258000 301.920013
4687.625000 515.494080 0.258000 302.029999
4687.625000 515.494080 0.258000 302.125000
4688.000000 515.494080 0.258000 302.225006
4688.625000 515.494080 0.258000 302.329987
4689.000000 515.494080 0.258000 302.424988
4689.250000 515.494080 0.258000 302.529999
4689.250000 515.494080 0.258000 302.625000
4689.375000 515.494080 0.176000 302.730011
4690.125000 515.494080 0.176000 302.825012
4690.375000 515.494080 0.176000 302.936005
4690.625000 515.494080 0.176000 303.024994
4690.750000 515.494080 0.176000 303.130005
4691.250000 515.494080 0.176000 303.230011
4691.500000 515.494080 0.176000 303.329987
4691.500000 515.494080 0.176000 303.424988
4691.625000 515.494080 0.176000 303.535004
4691.750000 515.494080 0.176000 303.625000
4691.750000 515.494080 0.170000 303.725006
4691.875000 515.494080 0.170000 303.829987
4692.125000 515.494080 0.170000 303.929993
4692.375000 515.494080 0.170000 304.029999
4692.625000 515.494080 0.170000 304.135010
4692.625000 515.494080 0.170000 304.230011
4692.625000 515.494080 0.170000 304.329987
4692.750000 515.494080 0.170000 304.429993
4692.875000 515.494080 0.170000 304.535004
4693.125000 515.494080 0.170000 304.614990
4693.500000 515.494080 0.174000 304.725006
4693.625000 515.494080 0.174000 304.829987
4693.750000 515.494080 0.174000 304.924988
4694.375000 515.494080 0.174000 305.024994
4694.500000 515.494080 0.174000 305.119995
4694.750000 515.494080 0.174000 305.230011
4695.000000 515.494080 0.174000 305.325012
4695.375000 515.494080 0.174000 305.429993
4695.375000 515.494080 0.174000 305.529999
4695.750000 515.494080 0.174000 305.630005
4695.875000 515.494080 0.184000 305.730011
4695.875000 515.494080 0.184000 305.829987
4696.000000 515.494080 0.184000 305.924988
4696.500000 515.494080 0.184000 306.019989
4696.500000 515.494080 0.184000 306.125000
4696.625000 515.494080 0.184000 306.225006
4696.875000 515.494080 0.184000 306.329987
4697.000000 515.494080 0.184000 306.424988
4697.000000 515.494080 0.184000 306.535004
4697.250000 515.494080 0.184000 306.630005
4697.500000 515.494080 0.165000 306.720001
4698.125000 515.494080 0.165000 306.825012
4698.250000 515.494080 0.165000 306.929993
4698.250000 515.494080 0.165000 307.024994
4698.500000 515.494080 0.165000 307.130005
4699.375000 515.494080 0.165000 307.230011
4699.625000 515.494080 0.165000 307.329987
4699.625000 515.494080 0.165000 307.429993
4699.875000 515.494080 0.165000 307.529999
4700.625000 515.494080 0.165000 307.625000
4700.875000 515.494080 0.164000 307.730011
4700.875000 515.494080 0.164000 307.829987
4701.000000 515.494080 0.164000 307.934998
4701.875000 515.494080 0.164000 308.024994
4702.000000 515.494080 0.164000 308.130005
4702.000000 515.494080 0.164000 308.225006
4702.250000 515.494080 0.164000 308.325012
4703.000000 515.494080 0.164000 308.429993
4703.250000 515.494080 0.164000 308.524994
4703.375000 515.494080 0.164000 308.630005
4703.625000 515.494080 0.169000 308.730011
4704.250000 515.494080 0.169000 308.825012
4704.250000 515.494080 0.169000 308.929993
4704.250000 515.494080 0.169000 309.024994
4704.375000 515.494080 0.169000 309.135010
4705.000000 515.494080 0.169000 309.230011
4705.250000 515.494080 0.169000 309.329987
4705.250000 515.494080 0.169000 309.429993
4705.625000 515.494080 0.169000 309.529999
4706.000000 515.494080 0.169000 309.625000
4706.000000 515.494080 0.160000 309.734985
4706.250000 515.494080 0.160000 309.829987
4706.500000 515.494080 0.160000 309.924988
4706.500000 515.494080 0.160000 310.019989
4706.875000 515.494080 0.160000 310.125000
4707.000000 515.494080 0.160000 310.230011
4707.375000 515.494080 0.160000 310.329987
4707.500000 515.494080 0.160000 310.420013
4707.875000 515.494080 0.160000 310.524994
4708.125000 515.494080 0.160000 310.630005
4708.500000 515.494080 0.166000 310.730011
4708.750000 515.494080 0.166000 310.825012
4708.875000 515.494080 0.166000 310.929993
4709.000000 515.494080 0.166000 311.029999
4709.500000 515.494080 0.166000 311.125000
4709.875000 515.494080 0.166000 311.230011
4709.875000 515.494080 0.166000 311.325012
4709.875000 515.494080 0.166000 311.424988
4710.250000 515.494080 0.166000 311.529999
4710.250000 515.494080 0.166000 311.625000
4710.750000 515.494080 0.185000 311.730011
4710.875000 515.494080 0.185000 311.829987
4711.500000 515.494080 0.185000 311.929993
4712.000000 515.494080 0.185000 312.029999
4712.125000 515.494080 0.185000 312.130005
4712.125000 515.494080 0.185000 312.230011
4712.625000 515.494080 0.185000 312.325012
4713.125000 515.494080 0.185000 312.429993
4713.125000 515.494080 0.185000 312.529999
4713.125000 515.494080 0.185000 312.635010
4713.250000 515.494080 0.163000 312.725006
4713.625000 515.494080 0.163000 312.820007
4713.875000 515.494080 0.163000 312.924988
4714.125000 515.494080 0.163000 313.029999
4714.375000 515.494080 0.163000 313.130005
4714.500000 515.494080 0.163000 313.225006
4714.500000 515.494080 0.163000 313.329987
4714.500000 515.494080 0.163000 313.424988
4714.500000 515.494080 0.163000 313.529999
4714.875000 515.494080 0.163000 313.625000
4714.875000 515.494080 0.164000 313.734985
4714.875000 515.494080 0.164000 313.820007
4714.875000 515.494080 0.164000 313.929993
4714.875000 515.494080 0.164000 314.024994
4714.875000 515.494080 0.164000 314.125000
4715.000000 515.494080 0.164000 314.234985
4715.000000 515.494080 0.164000 314.334991
4715.000000 515.494080 0.164000 314.424988
4715.125000 515.494080 0.164000 314.524994
4715.125000 515.494080 0.164000 314.625000
4715.125000 515.494080 0.163000 314.725006
4715.625000 515.494080 0.163000 314.820007
4715.625000 515.494080 0.163000 314.929993
4715.625000 515.494080 0.163000 315.024994
4715.750000 515.494080 0.163000 315.130005
4715.875000 515.494080 0.163000 315.225006
4716.000000 515.494080 0.163000 315.329987
4716.125000 515.494080 0.163000 315.424988
4716.375000 515.494080 0.163000 315.529999
4716.500000 515.494080 0.163000 315.625000
4716.500000 515.494080 0.164000 315.725006
4716.500000 515.494080 0.164000 315.829987
4716.750000 515.494080 0.164000 315.929993
4716.875000 515.494080 0.164000 316.024994
4716.875000 515.494080 0.164000 316.130005
4717.250000 515.494080 0.164000 316.225006
4717.250000 515.494080 0.164000 316.325012
4717.250000 515.494080 0.164000 316.424988
4717.250000 515.494080 0.164000 316.524994
4717.500000 515.494080 0.164000 316.630005
4717.500000 515.494080 0.157000 316.725006
4717.875000 515.494080 0.157000 316.829987
4718.000000 515.494080 0.157000 316.924988
4718.000000 515.494080 0.157000 317.029999
4718.125000 515.494080 0.157000 317.130005
4718.125000 515.494080 0.157000 317.230011
4718.250000 515.494080 0.157000 317.329987
4718.375000 515.494080 0.157000 317.434998
4718.750000 515.494080 0.157000 317.529999
4719.000000 515.494080 0.157000 317.630005
4719.000000 515.494080 0.182000 317.725006
4719.000000 515.494080 0.182000 317.834991
4719.000000 515.494080 0.182000 317.924988
4719.250000 515.494080 0.182000 318.035004
4719.500000 515.494080 0.182000 318.125000
4719.750000 515.494080 0.182000 318.220001
4719.750000 515.494080 0.182000 318.329987
4719.750000 515.494080 0.182000 318.429993
4719.875000 515.494080 0.182000 318.519989
4719.875000 515.494080 0.182000 318.619995
4720.000000 515.494080 0.154000 318.734985
4720.125000 515.494080 0.154000 318.829987
4720.250000 515.494080 0.154000 318.924988
4720.375000 515.494080 0.154000 319.024994
4720.500000 515.494080 0.154000 319.125000
4720.500000 515.494080 0.154000 319.234985
4720.500000 515.494080 0.154000 319.329987
4721.125000 515.494080 0.154000 319.424988
4721.375000 515.494080 0.154000 319.524994
4721.375000 515.494080 0.154000 319.625000
4721.625000 515.494080 0.148000 319.730011
4721.625000 515.494080 0.148000 319.829987
4721.625000 515.494080 0.148000 319.924988
4721.750000 515.494080 0.148000 320.019989
4722.250000 515.494080 0.148000 320.130005
4722.625000 515.494080 0.148000 320.225006
4722.625000 515.494080 0.148000 320.334991
4722.625000 515.494080 0.148000 320.424988
4722.750000 515.494080 0.148000 320.519989
4723.125000 515.494080 0.148000 320.614990
4723.500000 515.494080 0.161000 320.734985
4724.000000 515.494080 0.161000 320.825012
4724.000000 515.494080 0.161000 320.924988
4724.250000 515.494080 0.161000 321.029999
4724.250000 515.494080 0.161000 321.119995
4724.250000 515.494080 0.161000 321.220001
4724.375000 515.494080 0.161000 321.325012
4725.000000 515.494080 0.161000 321.429993
4725.125000 515.494080 0.161000 321.524994
4725.125000 515.494080 0.161000 321.625000
4725.125000 515.494080 0.154000 321.725006
4725.125000 515.494080 0.154000 321.820007
4725.125000 515.494080 0.154000 321.929993
4725.625000 515.494080 0.154000 322.040009
4725.875000 515.494080 0.154000 322.135010
4726.000000 515.494080 0.154000 322.234985
4726.000000 515.494080 0.154000 322.334991
4726.000000 515.494080 0.154000 322.429993
4726.000000 515.494080 0.154000 322.540009
4726.250000 515.494080 0.154000 322.635010
4726.375000 515.494080 0.144000 322.730011
4726.750000 515.494080 0.144000 322.829987
4726.750000 515.494080 0.144000 322.929993
4726.875000 515.494080 0.144000 323.035004
4726.875000 515.494080 0.144000 323.135010
4726.875000 515.494080 0.144000 323.234985
4727.250000 515.494080 0.144000 323.334991
4727.750000 515.494080 0.144000 323.429993
4727.750000 515.494080 0.144000 323.529999
4727.750000 515.494080 0.144000 323.630005
4727.750000 515.494080 0.149000 323.725006
4727.750000 515.494080 0.149000 323.834991
4727.750000 515.494080 0.149000 323.929993
4728.625000 515.494080 0.149000 324.029999
4728.625000 515.494080 0.149000 324.135010
4728.625000 515.494080 0.149000 324.234985
4728.625000 515.494080 0.149000 324.334991
4728.625000 515.494080 0.149000 324.429993
4728.875000 515.494080 0.149000 324.529999
4729.125000 515.494080 0.149000 324.630005
4729.375000 515.494080 0.145000 324.734985
4729.500000 515.494080 0.145000 324.834991
4729.500000 515.494080 0.145000 324.934998
4729.500000 515.494080 0.145000 325.040009
4729.625000 515.494080 0.145000 325.135010
4730.000000 515.494080 0.145000 325.230011
4730.250000 515.494080 0.145000 325.334991
4730.250000 515.494080 0.145000 325.434998
4730.375000 515.494080 0.145000 325.535004
4730.375000 515.494080 0.145000 325.625000
4730.500000 515.494080 0.149000 325.734985
4730.750000 515.494080 0.149000 325.834991
4731.250000 515.494080 0.149000 325.934998
4731.250000 515.494080 0.149000 326.029999
4731.250000 515.494080 0.149000 326.130005
4731.250000 515.494080 0.149000 326.234985
4731.250000 515.494080 0.149000 326.334991
4731.375000 515.494080 0.149000 326.434998
4732.000000 515.494080 0.149000 326.535004
4732.125000 515.494080 0.149000 326.625000
4732.125000 515.494080 0.146000 326.734985
4732.125000 515.494080 0.146000 326.834991
4732.125000 515.494080 0.146000 326.929993
4732.250000 515.494080 0.146000 327.040009
4732.750000 515.494080 0.146000 327.130005
4733.000000 515.494080 0.146000 327.239990
4733.000000 515.494080 0.146000 327.334991
4733.000000 515.494080 0.146000 327.434998
4733.000000 515.494080 0.146000 327.529999
4733.125000 515.494080 0.146000 327.635010
4733.375000 515.494080 0.149000 327.730011
4733.500000 515.494080 0.149000 327.829987
4733.625000 515.494080 0.149000 327.934998
4733.625000 515.494080 0.149000 328.029999
4733.625000 515.494080 0.149000 328.135010
4733.625000 515.494080 0.149000 328.234985
4733.875000 515.494080 0.149000 328.329987
4734.250000 515.494080 0.149000 328.429993
4734.375000 515.494080 0.149000 328.535004
4734.500000 515.494080 0.149000 328.635010
4734.500000 515.494080 0.147000 328.734985
4734.500000 515.494080 0.147000 328.834991
4734.750000 515.494080 0.147000 328.929993
4734.750000 515.494080 0.147000 329.029999
4735.250000 515.494080 0.147000 329.135010
4735.250000 515.494080 0.147000 329.225006
4735.375000 515.494080 0.147000 329.334991
4735.375000 515.494080 0.147000 329.429993
4735.625000 515.494080 0.147000 329.524994
4736.000000 515.494080 0.147000 329.625000
4736.000000 515.494080 0.146000 329.725006
4736.000000 515.494080 0.146000 329.820007
4736.000000 515.494080 0.146000 329.920013
4736.000000 515.494080 0.146000 330.029999
4736.125000 515.494080 0.146000 330.125000
4736.750000 515.494080 0.146000 330.230011
4736.875000 515.494080 0.146000 330.329987
4737.000000 515.494080 0.146000 330.424988
4737.000000 515.494080 0.146000 330.529999
4737.125000 515.494080 0.146000 330.625000
4737.125000 515.494080 0.148000 330.734985
4737.500000 515.494080 0.148000 330.829987
4737.750000 515.494080 0.148000 330.924988
4737.875000 515.494080 0.148000 331.029999
4737.875000 515.494080 0.148000 331.125000
4737.875000 515.494080 0.148000 331.225006
4737.875000 515.494080 0.148000 331.329987
4737.875000 515.494080 0.148000 331.429993
4738.250000 515.494080 0.148000 331.529999
4738.625000 515.494080 0.148000 331.625000
4738.750000 515.494080 0.144000 331.730011
4738.750000 515.494080 0.144000 331.820007
4738.875000 515.494080 0.144000 331.924988
4739.250000 515.494080 0.144000 332.029999
4739.375000 515.494080 0.144000 332.130005
4739.625000 515.494080 0.144000 332.230011
4740.000000 515.494080 0.144000 332.329987
4740.125000 515.494080 0.144000 332.429993
4740.125000 515.494080 0.144000 332.529999
4740.250000 515.494080 0.144000 332.619995
4740.500000 515.494080 0.153000 332.730011
4741.250000 515.494080 0.153000 332.829987
4741.250000 515.494080 0.153000 332.934998
4741.250000 515.494080 0.153000 333.024994
4741.250000 515.494080 0.153000 333.130005
4741.375000 515.494080 0.153000 333.230011
4741.375000 515.494080 0.153000 333.334991
4741.875000 515.494080 0.153000 333.424988
4742.375000 515.494080 0.153000 333.535004
4742.375000 515.494080 0.153000 333.625000
4742.375000 515.494080 0.156000 333.725006
4742.750000 515.494080 0.156000 333.829987
4742.750000 515.494080 0.156000 333.924988
4743.125000 515.494080 0.156000 334.024994
4743.375000 515.494080 0.156000 334.125000
4743.750000 515.494080 0.156000 334.230011
4743.875000 515.494080 0.156000 334.325012
4744.000000 515.494080 0.156000 334.429993
4744.250000 515.494080 0.156000 334.529999
4744.625000 515.494080 0.156000 334.625000
4744.875000 515.494080 0.148000 334.725006
4745.125000 515.494080 0.148000 334.825012
4745.250000 515.494080 0.148000 334.924988
4745.625000 515.494080 0.148000 335.029999
4745.625000 515.494080 0.148000 335.125000
4745.750000 515.494080 0.148000 335.225006
4745.875000 515.494080 0.148000 335.334991
4746.125000 515.494080 0.148000 335.429993
4746.250000 515.494080 0.148000 335.529999
4746.250000 515.494080 0.148000 335.630005
4746.375000 515.494080 0.148000 335.730011
4746.875000 515.494080 0.148000 335.825012
4746.875000 515.494080 0.148000 335.920013
4747.000000 515.494080 0.148000 336.029999
4747.000000 515.494080 0.148000 336.130005
4747.125000 515.494080 0.148000 336.230011
4747.125000 515.494080 0.148000 336.329987
4747.125000 515.494080 0.148000 336.420013
4747.125000 515.494080 0.148000 336.529999
4747.125000 515.494080 0.148000 336.625000
4747.125000 515.494080 0.145000 336.725006
4747.125000 515.494080 0.145000 336.825012
4747.125000 515.494080 0.145000 336.929993
4747.125000 515.494080 0.145000 337.029999
4747.125000 515.494080 0.145000 337.130005
4747.375000 515.494080 0.145000 337.230011
4747.375000 515.494080 0.145000 337.325012
4747.375000 515.494080 0.145000 337.429993
4747.625000 515.494080 0.145000 337.519989
4747.875000 515.494080 0.145000 337.630005
4747.875000 515.494080 0.162000 337.725006
4748.000000 515.494080 0.162000 337.829987
4748.125000 515.494080 0.162000 337.920013
4748.125000 515.494080 0.162000 338.019989
4748.125000 515.494080 0.162000 338.125000
4748.125000 515.494080 0.162000 338.220001
4748.250000 515.494080 0.162000 338.329987
4748.250000 515.494080 0.162000 338.429993
4748.250000 515.494080 0.162000 338.524994
4748.375000 515.494080 0.162000 338.630005
4748.500000 515.494080 0.153000 338.725006
4748.500000 515.494080 0.153000 338.829987
4748.500000 515.494080 0.153000 338.929993
4748.500000 515.494080 0.153000 339.029999
4748.500000 515.494080 0.153000 339.130005
4748.500000 515.494080 0.153000 339.220001
4748.500000 515.494080 0.153000 339.325012
4748.500000 515.494080 0.153000 339.429993
4748.500000 515.494080 0.153000 339.524994
4748.500000 515.494080 0.153000 339.630005
4748.500000 515.494080 0.146000 339.725006
4748.500000 515.494080 0.146000 339.825012
4748.500000 515.494080 0.146000 339.924988
4748.500000 515.494080 0.146000 340.029999
4748.500000 515.494080 0.146000 340.119995
4748.500000 515.494080 0.146000 340.234985
4748.625000 515.494080 0.146000 340.329987
4748.625000 515.494080 0.146000 340.420013
4748.625000 515.494080 0.146000 340.524994
4748.750000 515.494080 0.146000 340.619995
4748.875000 515.494080 0.139000 340.730011
4748.875000 515.494080 0.139000 340.815002
4748.875000 515.494080 0.139000 340.929993
4748.875000 515.494080 0.139000 341.019989
4748.875000 515.494080 0.139000 341.125000
4748.875000 515.494080 0.139000 341.230011
4748.875000 515.494080 0.139000 341.334991
4748.875000 515.494080 0.139000 341.434998
4748.875000 515.494080 0.139000 341.529999
4748.875000 515.494080 0.139000 341.625000
4748.875000 515.494080 0.134000 341.730011
4748.875000 515.494080 0.134000 341.829987
4748.875000 515.494080 0.134000 341.924988
4748.875000 515.494080 0.134000 342.024994
4748.875000 515.494080 0.134000 342.125000
4748.875000 515.494080 0.134000 342.230011
4748.875000 515.494080 0.134000 342.329987
4748.875000 515.494080 0.134000 342.424988
4749.000000 515.494080 0.134000 342.529999
4749.000000 515.494080 0.134000 342.630005
4749.000000 515.494080 0.139000 342.730011
4749.250000 515.494080 0.139000 342.829987
4749.250000 515.494080 0.139000 342.929993
4749.375000 515.494080 0.139000 343.035004
4749.375000 515.494080 0.139000 343.125000
4749.500000 515.494080 0.139000 343.230011
4749.500000 515.494080 0.139000 343.325012
4749.500000 515.494080 0.139000 343.424988
4749.750000 515.494080 0.139000 343.529999
4749.750000 515.494080 0.139000 343.625000
4749.750000 515.494080 0.133000 343.725006
4749.750000 515.494080 0.133000 343.825012
4750.250000 515.494080 0.133000 343.924988
4750.250000 515.494080 0.133000 344.029999
4750.250000 515.494080 0.133000 344.130005
4750.250000 515.494080 0.133000 344.220001
4750.375000 515.494080 0.133000 344.315002
4750.500000 515.494080 0.133000 344.415009
4750.500000 515.494080 0.133000 344.524994
4750.500000 515.494080 0.133000 344.625000
4750.500000 515.494080 0.207000 344.725006
4750.625000 515.494080 0.207000 344.829987
4750.625000 515.494080 0.207000 344.929993
4750.625000 515.494080 0.207000 345.024994
4750.625000 515.494080 0.207000 345.125000
4750.625000 515.494080 0.207000 345.230011
4750.750000 515.494080 0.207000 345.320007
4750.750000 515.494080 0.207000 345.434998
4750.750000 515.494080 0.207000 345.524994
4750.875000 515.494080 0.207000 345.625000
4750.875000 515.494080 0.202000 345.734985
4750.875000 515.494080 0.202000 345.820007
4751.000000 515.494080 0.202000 345.924988
4751.000000 515.494080 0.202000 346.029999
4751.000000 515.494080 0.202000 346.135010
4751.000000 515.494080 0.202000 346.230011
4751.000000 515.494080 0.202000 346.329987
4751.000000 515.494080 0.202000 346.429993
4751.000000 515.494080 0.202000 346.524994
4751.000000 515.494080 0.202000 346.635010
4751.000000 515.494080 0.222000 346.720001
4751.000000 515.494080 0.222000 346.829987
4751.000000 515.494080 0.222000 346.934998
4751.000000 515.494080 0.222000 347.024994
4751.125000 515.494080 0.222000 347.130005
4751.125000 515.494080 0.222000 347.230011
4751.125000 515.494080 0.222000 347.325012
4751.125000 515.494080 0.222000 347.429993
4751.125000 515.494080 0.222000 347.529999
4751.125000 515.494080 0.222000 347.625000
4751.125000 515.494080 0.199000 347.730011
4751.125000 515.494080 0.199000 347.829987
4751.125000 515.494080 0.199000 347.924988
4751.125000 515.494080 0.199000 348.019989
4751.125000 515.494080 0.199000 348.125000
4751.250000 515.494080 0.199000 348.230011
4751.250000 515.494080 0.199000 348.329987
4751.250000 515.494080 0.199000 348.434998
4751.500000 515.494080 0.199000 348.529999
4751.750000 515.494080 0.199000 348.625000
4751.875000 515.494080 0.199000 348.730011
4752.000000 515.494080 0.199000 348.820007
4752.000000 515.494080 0.199000 348.929993
4752.125000 515.494080 0.199000 349.029999
4752.125000 515.494080 0.199000 349.130005
4752.125000 515.494080 0.199000 349.225006
4752.125000 515.494080 0.199000 349.325012
4752.375000 515.494080 0.199000 349.434998
4752.375000 515.494080 0.199000 349.529999
4752.375000 515.494080 0.199000 349.619995
4752.375000 515.494080 0.215000 349.730011
4752.375000 515.494080 0.215000 349.820007
4752.500000 515.494080 0.215000 349.924988
4752.500000 515.494080 0.215000 350.019989
4752.750000 515.494080 0.215000 350.130005
4752.875000 515.494080 0.215000 350.230011
4752.875000 515.494080 0.215000 350.329987
4752.875000 515.494080 0.215000 350.424988
4753.000000 515.494080 0.215000 350.519989
4753.125000 515.494080 0.215000 350.630005
4753.125000 515.494080 0.209000 350.725006
4753.125000 515.494080 0.209000 350.825012
4753.250000 515.494080 0.209000 350.924988
4753.375000 515.494080 0.209000 351.029999
4753.375000 515.494080 0.209000 351.119995
4753.375000 515.494080 0.209000 351.225006
4753.375000 515.494080 0.209000 351.325012
4753.500000 515.494080 0.209000 351.424988
4753.500000 515.494080 0.209000 351.529999
4753.500000 515.494080 0.209000 351.625000
4753.625000 515.494080 0.213000 351.730011
4753.750000 515.494080 0.213000 351.829987
4753.750000 515.494080 0.213000 351.924988
4753.750000 515.494080 0.213000 352.029999
4753.875000 515.494080 0.213000 352.125000
4753.875000 515.494080 0.213000 352.225006
4754.000000 515.494080 0.213000 352.325012
4754.000000 515.494080 0.213000 352.429993
4754.000000 515.494080 0.213000 352.524994
4754.125000 515.494080 0.213000 352.625000
4754.250000 515.494080 0.207000 352.720001
4754.375000 515.494080 0.207000 352.829987
4754.375000 515.494080 0.207000 352.929993
4754.625000 515.494080 0.207000 353.019989
4754.625000 515.494080 0.207000 353.125000
4754.625000 515.494080 0.207000 353.225006
4754.750000 515.494080 0.207000 353.325012
4755.000000 515.494080 0.207000 353.429993
4755.000000 515.494080 0.207000 353.519989
4755.000000 515.494080 0.207000 353.625000
4755.250000 515.494080 0.203000 353.725006
4755.250000 515.494080 0.203000 353.825012
4755.375000 515.494080 0.203000 353.929993
4755.500000 515.494080 0.203000 354.024994
4755.500000 515.494080 0.203000 354.125000
4755.750000 515.494080 0.203000 354.234985
4755.750000 515.494080 0.203000 354.325012
4755.750000 515.494080 0.203000 354.429993
4755.750000 515.494080 0.203000 354.535004
4755.750000 515.494080 0.203000 354.625000
4755.750000 515.494080 0.212000 354.730011
4756.000000 515.494080 0.212000 354.829987
4756.125000 515.494080 0.212000 354.920013
4756.125000 515.494080 0.212000 355.029999
4756.250000 515.494080 0.212000 355.130005
4756.250000 515.494080 0.212000 355.230011
4756.250000 515.494080 0.212000 355.325012
4756.250000 515.494080 0.212000 355.429993
4756.250000 515.494080 0.212000 355.529999
4756.250000 515.494080 0.212000 355.630005
4756.250000 515.494080 0.203000 355.725006
4756.250000 515.494080 0.203000 355.825012
4756.250000 515.494080 0.203000 355.929993
4756.250000 515.494080 0.203000 356.029999
4756.250000 515.494080 0.203000 356.119995
4756.250000 515.494080 0.203000 356.225006
4756.250000 515.494080 0.203000 356.329987
4756.250000 515.494080 0.203000 356.420013
4756.375000 515.494080 0.203000 356.519989
4756.375000 515.494080 0.203000 356.625000
4756.375000 515.494080 0.198000 356.725006
4756.375000 515.494080 0.198000 356.825012
4756.375000 515.494080 0.198000 356.924988
4756.375000 515.494080 0.198000 357.019989
4756.375000 515.494080 0.198000 357.125000
4756.375000 515.494080 0.198000 357.230011
4756.375000 515.494080 0.198000 357.329987
4756.500000 515.494080 0.198000 357.424988
4756.625000 515.494080 0.198000 357.524994
4756.750000 515.494080 0.198000 357.630005
4756.750000 515.494080 0.214000 357.720001
4757.000000 515.494080 0.214000 357.825012
4757.000000 515.494080 0.214000 357.924988
4757.000000 515.494080 0.214000 358.029999
4757.000000 515.494080 0.214000 358.119995
4757.125000 515.494080 0.214000 358.230011
4757.250000 515.494080 0.214000 358.325012
4757.375000 515.494080 0.214000 358.424988
4757.625000 515.494080 0.214000 358.529999
4757.750000 515.494080 0.214000 358.625000
4757.750000 515.494080 0.212000 358.730011
4758.000000 515.494080 0.212000 358.829987
4758.250000 515.494080 0.212000 358.929993
4758.250000 515.494080 0.212000 359.024994
4758.500000 515.494080 0.212000 359.130005
4758.875000 515.494080 0.212000 359.230011
4758.875000 515.494080 0.212000 359.329987
4758.875000 515.494080 0.212000 359.429993
4759.125000 515.494080 0.212000 359.524994
4759.250000 515.494080 0.212000 359.625000
4759.375000 515.494080 0.208000 359.720001
4759.375000 515.494080 0.208000 359.825012
4759.500000 515.494080 0.208000 359.920013
4759.500000 515.494080 0.208000 360.029999
4759.625000 515.494080 0.208000 360.125000
4759.625000 515.494080 0.208000 360.225006
4759.625000 515.494080 0.208000 360.320007
4759.625000 515.494080 0.208000 360.424988
4759.625000 515.494080 0.208000 360.529999
4760.000000 515.494080 0.208000 360.625000
4760.000000 515.494080 0.209000 360.725006
4760.375000 515.494080 0.209000 360.834991
4760.375000 515.494080 0.209000 360.929993
4760.625000 515.494080 0.209000 361.024994
4760.625000 515.494080 0.209000 361.130005
4760.750000 515.494080 0.209000 361.230011
4761.000000 515.494080 0.209000 361.329987
4761.125000 515.494080 0.209000 361.429993
4761.125000 515.494080 0.209000 361.524994
4761.125000 515.494080 0.209000 361.630005
4761.125000 515.494080 0.209000 361.725006
4761.125000 515.494080 0.209000 361.829987
4761.250000 515.494080 0.209000 361.924988
4761.250000 515.494080 0.209000 362.024994
4761.375000 515.494080 0.209000 362.130005
4761.625000 515.494080 0.209000 362.220001
4761.625000 515.494080 0.209000 362.329987
4761.625000 515.494080 0.209000 362.424988
4761.625000 515.494080 0.209000 362.529999
4761.625000 515.494080 0.209000 362.619995
4761.625000 515.494080 0.218000 362.734985
4761.750000 515.494080 0.218000 362.829987
4761.750000 515.494080 0.218000 362.929993
4761.750000 515.494080 0.218000 363.024994
4761.750000 515.494080 0.218000 363.119995
4761.750000 515.494080 0.218000 363.230011
4761.750000 515.494080 0.218000 363.325012
4761.875000 515.494080 0.218000 363.429993
4761.875000 515.494080 0.218000 363.529999
4761.875000 515.494080 0.218000 363.619995
4761.875000 515.494080 0.208000 363.730011
4762.000000 515.494080 0.208000 363.825012
4762.000000 515.494080 0.208000 363.929993
4762.000000 515.494080 0.208000 364.024994
4762.000000 515.494080 0.208000 364.130005
4762.000000 515.494080 0.208000 364.225006
4762.000000 515.494080 0.208000 364.329987
4762.000000 515.494080 0.208000 364.424988
4762.000000 515.494080 0.208000 364.524994
4762.000000 515.494080 0.208000 364.625000
4762.000000 515.494080 0.250000 364.730011
4762.000000 515.494080 0.250000 364.829987
4762.000000 515.494080 0.250000 364.929993
4762.000000 515.494080 0.250000 365.029999
4762.000000 515.494080 0.250000 365.119995
4762.000000 515.494080 0.250000 365.225006
4762.125000 515.494080 0.250000 365.325012
4762.125000 515.494080 0.250000 365.424988
4762.125000 515.494080 0.250000 365.524994
4762.125000 515.494080 0.250000 365.625000
4762.125000 515.494080 0.210000 365.730011
4762.250000 515.494080 0.210000 365.825012
4762.250000 515.494080 0.210000 365.934998
4762.250000 515.494080 0.210000 366.024994
4762.250000 515.494080 0.210000 366.125000
4762.375000 515.494080 0.210000 366.230011
4762.375000 515.494080 0.210000 366.329987
4762.625000 515.494080 0.210000 366.429993
4762.750000 515.494080 0.210000 366.524994
4762.750000 515.494080 0.210000 366.625000
4762.750000 515.494080 0.224000 366.730011
4762.750000 515.494080 0.224000 366.829987
4762.875000 515.494080 0.224000 366.929993
4763.125000 515.494080 0.224000 367.019989
4763.375000 515.494080 0.224000 367.130005
4763.500000 515.494080 0.224000 367.225006
4763.500000 515.494080 0.224000 367.320007
4763.750000 515.494080 0.224000 367.424988
4763.750000 515.494080 0.224000 367.524994
4763.875000 515.494080 0.224000 367.619995
4764.000000 515.494080 0.213000 367.720001
4764.125000 515.494080 0.213000 367.825012
4764.125000 515.494080 0.213000 367.924988
4764.125000 515.494080 0.213000 368.024994
4764.125000 515.494080 0.213000 368.130005
4764.250000 515.494080 0.213000 368.230011
4764.250000 515.494080 0.213000 368.325012
4764.250000 515.494080 0.213000 368.424988
4764.250000 515.494080 0.213000 368.519989
4764.250000 515.494080 0.213000 368.630005
4773.500000 515.494080 0.213000 368.725006
4773.500000 515.494080 0.213000 368.820007
4773.875000 515.494080 0.213000 368.929993
4774.125000 515.494080 0.213000 369.024994
4774.125000 515.494080 0.213000 369.130005
