72.000000 0.000000 0.070000 0.020000
90.875000 0.000000 0.070000 0.125000
104.750000 0.204843 0.070000 0.215000
118.375000 0.408779 0.091000 0.325000
131.625000 0.612605 0.091000 0.420000
142.125000 0.814791 0.091000 0.520000
151.375000 1.020729 0.091000 0.620000
158.500000 1.228607 0.091000 0.725000
166.875000 1.437461 0.091000 0.825000
174.000000 1.646784 0.091000 0.920000
181.375000 1.856351 0.091000 1.020000
188.250000 2.066067 0.091000 1.125000
196.875000 2.275867 0.091000 1.225000
204.625000 2.485700 0.088000 1.325000
213.250000 2.485700 0.088000 1.425000
221.625000 2.695544 0.088000 1.525000
230.500000 2.915405 0.088000 1.625000
239.750000 3.125268 0.088000 1.725000
249.750000 3.335148 0.088000 1.820000
261.000000 3.545053 0.088000 1.925000
273.250000 3.754974 0.088000 2.025000
285.125000 3.994865 0.088000 2.130000
300.625000 4.204779 0.088000 2.225000
313.750000 4.414703 0.162000 2.325000
326.000000 4.624628 0.162000 2.425000
335.750000 4.844538 0.162000 2.525000
346.500000 5.054460 0.162000 2.615000
354.875000 5.264351 0.162000 2.725000
366.500000 5.474250 0.162000 2.825000
373.125000 5.474250 0.162000 2.920000
381.375000 5.694179 0.162000 3.020000
389.750000 5.904115 0.162000 3.120000
397.375000 6.124057 0.162000 3.220000
406.250000 6.343995 0.183000 3.325000
413.125000 6.553923 0.183000 3.420000
419.625000 6.793364 0.183000 3.525000
426.375000 7.041720 0.183000 3.625000
434.750000 7.249604 0.183000 3.720000
441.250000 7.457262 0.183000 3.825000
447.125000 7.665071 0.183000 3.920000
454.375000 7.873579 0.183000 4.025000
461.000000 7.873579 0.183000 4.120000
468.000000 8.092790 0.183000 4.220000
474.750000 8.302536 0.176000 4.325000
481.250000 8.512616 0.176000 4.420000
488.625000 8.712905 0.176000 4.520000
498.125000 8.913313 0.176000 4.625000
502.000000 9.113807 0.176000 4.725000
506.750000 9.314305 0.176000 4.825000
511.750000 9.524789 0.176000 4.920000
514.500000 9.725242 0.176000 5.020000
517.875000 9.925681 0.176000 5.125000
522.000000 10.126095 0.176000 5.220000
525.000000 10.326542 0.181000 5.320000
529.875000 10.527027 0.181000 5.420000
533.500000 10.727268 0.181000 5.520000
537.000000 10.927364 0.181000 5.620000
541.250000 11.127517 0.181000 5.725000
544.750000 11.337467 0.181000 5.820000
547.000000 11.537472 0.181000 5.925000
550.375000 11.737495 0.181000 6.025000
553.625000 11.947489 0.181000 6.125000
557.500000 12.147612 0.181000 6.210000
560.375000 12.347801 0.160000 6.310000
562.750000 12.557768 0.160000 6.425000
567.125000 12.787412 0.160000 6.525000
570.625000 12.997073 0.160000 6.625000
573.625000 13.206909 0.160000 6.720000
577.250000 13.416814 0.160000 6.820000
580.375000 13.626550 0.160000 6.925000
583.500000 13.836373 0.160000 7.025000
586.625000 14.046315 0.160000 7.125000
590.250000 14.256306 0.160000 7.220000
594.375000 14.456348 0.158000 7.320000
598.500000 14.656426 0.158000 7.425000
600.375000 14.856507 0.158000 7.520000
603.750000 15.056560 0.158000 7.625000
608.250000 15.266550 0.158000 7.725000
610.250000 15.476538 0.158000 7.825000
615.000000 15.676551 0.158000 7.925000
617.125000 15.676551 0.158000 8.025000
619.000000 15.886549 0.158000 8.125000
622.250000 16.096552 0.158000 8.225000
624.250000 16.306580 0.181000 8.320000
628.875000 16.506580 0.181000 8.425000
632.500000 16.706585 0.181000 8.530000
634.125000 16.906614 0.181000 8.625000
637.750000 17.116640 0.181000 8.725000
641.125000 17.316648 0.181000 8.825000
643.500000 17.526630 0.181000 8.930000
646.750000 17.736616 0.181000 9.020000
649.500000 17.986546 0.181000 9.125000
653.125000 18.196436 0.181000 9.225000
655.500000 18.406336 0.164000 9.315000
658.250000 18.616240 0.164000 9.425000
661.250000 18.826141 0.164000 9.525000
664.000000 19.036064 0.164000 9.620000
667.375000 19.245979 0.164000 9.725000
670.000000 19.455910 0.164000 9.820000
672.875000 19.455910 0.164000 9.915000
675.500000 19.665876 0.164000 10.020000
677.250000 19.875835 0.164000 10.120000
680.750000 20.085800 0.164000 10.215000
685.125000 20.295759 0.159000 10.325000
687.000000 20.505699 0.159000 10.435000
690.250000 20.735670 0.159000 10.525000
693.875000 20.945639 0.159000 10.625000
697.000000 21.155638 0.159000 10.730000
699.625000 21.365625 0.159000 10.820000
701.125000 21.605627 0.159000 10.925000
705.625000 21.805639 0.159000 11.025000
708.750000 22.005651 0.159000 11.120000
712.000000 22.205664 0.159000 11.220000
715.375000 22.405680 0.161000 11.325000
718.500000 22.615690 0.161000 11.420000
722.125000 22.835287 0.161000 11.525000
725.125000 23.044273 0.161000 11.620000
727.625000 23.253218 0.161000 11.720000
731.000000 23.253218 0.161000 11.815000
736.000000 23.462540 0.161000 11.920000
739.000000 23.702084 0.161000 12.015000
741.375000 23.931808 0.161000 12.125000
744.000000 24.141674 0.161000 12.225000
746.750000 24.351635 0.153000 12.325000
749.250000 24.571644 0.153000 12.430000
751.875000 24.811646 0.153000 12.520000
755.125000 25.031626 0.153000 12.625000
757.750000 25.241587 0.153000 12.725000
759.625000 25.451546 0.153000 12.830000
762.750000 25.661509 0.153000 12.930000
765.000000 25.871483 0.153000 13.025000
767.250000 25.871483 0.153000 13.120000
769.750000 26.091452 0.153000 13.225000
771.750000 26.311413 0.148000 13.315000
774.250000 26.521191 0.148000 13.410000
777.250000 26.750895 0.148000 13.510000
779.000000 26.960669 0.148000 13.620000
780.875000 27.190414 0.148000 13.720000
783.875000 27.400209 0.148000 13.820000
785.625000 27.610016 0.148000 13.920000
787.250000 27.819860 0.148000 14.015000
789.375000 28.029728 0.148000 14.115000
791.250000 28.239578 0.148000 14.210000
793.375000 28.449453 0.192000 14.320000
795.625000 28.449453 0.192000 14.410000
797.500000 28.669359 0.192000 14.520000
799.250000 28.879272 0.192000 14.615000
801.250000 29.089190 0.192000 14.720000
803.375000 29.309132 0.192000 14.825000
806.000000 29.519112 0.192000 14.915000
806.875000 29.739080 0.192000 15.015000
808.125000 29.949028 0.192000 15.120000
810.500000 30.177275 0.192000 15.210000
813.250000 30.380213 0.151000 15.320000
814.125000 30.583241 0.151000 15.415000
815.875000 30.583241 0.151000 15.520000
817.500000 30.790194 0.151000 15.620000
819.875000 31.014238 0.151000 15.715000
820.875000 31.014238 0.151000 15.810000
824.000000 31.228462 0.151000 15.920000
826.250000 31.434362 0.151000 16.014999
828.750000 31.640018 0.151000 16.110001
831.000000 31.640018 0.151000 16.215000
833.500000 31.861645 0.167000 16.315001
835.500000 32.094131 0.167000 16.415001
837.625000 32.294746 0.167000 16.514999
840.250000 32.495075 0.167000 16.615000
843.500000 32.699978 0.167000 16.715000
847.000000 32.907421 0.167000 16.820000
849.125000 33.116188 0.167000 16.910000
852.625000 33.325546 0.167000 17.025000
855.000000 33.534988 0.167000 17.120001
859.250000 33.744354 0.167000 17.219999
862.375000 33.744354 0.176000 17.305000
865.375000 33.953926 0.176000 17.420000
867.625000 34.163143 0.176000 17.514999
871.750000 34.372097 0.176000 17.620001
874.750000 34.581249 0.176000 17.719999
878.375000 34.790718 0.176000 17.820000
880.500000 35.000359 0.176000 17.920000
884.750000 35.210121 0.176000 18.014999
887.500000 35.439934 0.176000 18.120001
889.750000 35.669830 0.176000 18.219999
893.625000 35.879787 0.185000 18.315001
896.000000 36.089775 0.185000 18.415001
899.625000 36.299664 0.185000 18.520000
901.250000 36.509411 0.185000 18.615000
904.250000 36.719074 0.185000 18.719999
906.750000 36.928730 0.185000 18.820000
908.500000 37.138054 0.185000 18.920000
910.625000 37.138054 0.185000 19.010000
912.500000 37.347023 0.185000 19.120001
914.250000 37.566109 0.185000 19.215000
919.375000 37.775265 0.181000 19.309999
922.125000 37.984394 0.181000 19.420000
926.875000 38.193813 0.181000 19.520000
928.875000 38.413502 0.181000 19.610001
932.500000 38.623264 0.181000 19.715000
934.625000 38.862991 0.181000 19.820000
935.875000 39.071991 0.181000 19.920000
937.625000 39.275917 0.181000 20.014999
943.000000 39.275917 0.181000 20.115000
946.500000 39.479984 0.181000 20.215000
948.625000 39.687199 0.206000 20.320000
950.000000 39.893684 0.206000 20.410000
951.375000 40.098824 0.206000 20.520000
952.375000 40.098824 0.206000 20.620001
960.500000 40.303741 0.206000 20.719999
962.625000 40.508392 0.206000 20.825001
971.250000 40.508392 0.206000 20.910000
972.125000 40.720062 0.206000 21.014999
979.750000 40.938538 0.206000 21.110001
980.875000 41.141624 0.206000 21.219999
982.500000 41.141624 0.195000 21.309999
983.375000 41.344719 0.195000 21.415001
1069.375000 41.547241 0.195000 21.514999
1092.625000 41.747326 0.195000 21.620001
1105.375000 41.747326 0.195000 21.719999
1115.875000 41.961769 0.195000 21.815001
1126.375000 42.165607 0.195000 21.920000
1137.375000 42.367596 0.195000 22.014999
1144.000000 42.573448 0.195000 22.120001
1152.000000 42.801197 0.195000 22.215000
1158.375000 43.040051 0.195000 22.315001
1165.375000 43.249557 0.285000 22.410000
1173.750000 43.459255 0.285000 22.514999
1178.625000 43.669033 0.285000 22.610001
1183.375000 43.878906 0.285000 22.719999
1187.875000 44.088821 0.285000 22.820000
1192.375000 44.298763 0.285000 22.920000
1196.875000 44.298763 0.285000 23.014999
1201.125000 44.538628 0.285000 23.120001
1202.875000 44.748520 0.285000 23.219999
1206.250000 44.958469 0.285000 23.309999
1210.750000 45.198498 0.267000 23.420000
1215.875000 45.418510 0.267000 23.510000
1221.125000 45.628490 0.267000 23.615000
1224.500000 45.838474 0.267000 23.719999
1229.125000 46.048454 0.267000 23.815001
1235.625000 46.258427 0.267000 23.920000
1240.750000 46.468388 0.267000 24.014999
1244.000000 46.678341 0.267000 24.115000
1248.875000 46.888264 0.267000 24.215000
1252.625000 47.098129 0.267000 24.320000
1256.625000 47.098129 0.241000 24.420000
1260.625000 47.307995 0.241000 24.514999
1263.875000 47.517864 0.241000 24.620001
1267.750000 47.727737 0.241000 24.719999
1270.125000 47.937679 0.241000 24.820000
1270.875000 48.147640 0.241000 24.910000
1272.250000 48.377575 0.241000 25.014999
1273.000000 48.587193 0.241000 25.110001
1274.875000 48.796818 0.241000 25.205000
1275.750000 49.006573 0.224000 25.309999
1277.000000 49.216415 0.224000 25.410000
1278.875000 49.426296 0.224000 25.510000
1280.875000 49.636204 0.224000 25.620001
1282.375000 49.856102 0.224000 25.719999
1283.750000 50.066055 0.224000 25.820000
1285.500000 50.275993 0.224000 25.920000
1287.375000 50.485920 0.224000 26.020000
1288.000000 50.695793 0.224000 26.120001
1289.500000 50.695793 0.224000 26.209999
1290.625000 50.905590 0.227000 26.309999
1292.125000 51.115314 0.227000 26.424999
1293.500000 51.345062 0.227000 26.514999
1295.875000 51.554192 0.227000 26.620001
1297.500000 51.762295 0.227000 26.719999
1299.500000 51.969654 0.227000 26.815001
1300.500000 52.196308 0.227000 26.915001
1301.625000 52.403244 0.227000 27.014999
1302.500000 52.610767 0.227000 27.120001
1304.000000 52.819412 0.227000 27.219999
1306.125000 53.028923 0.227000 27.320000
1308.625000 53.238899 0.221000 27.420000
1310.750000 53.448795 0.221000 27.520000
1313.875000 53.658669 0.221000 27.620001
1315.000000 53.858879 0.221000 27.719999
1316.750000 54.059357 0.221000 27.815001
1318.875000 54.260025 0.221000 27.920000
1319.625000 54.460808 0.221000 28.010000
1322.000000 54.661671 0.221000 28.120001
1324.125000 54.862587 0.221000 28.219999
1326.000000 55.063507 0.183000 28.320000
1328.750000 55.270672 0.183000 28.415001
1329.750000 55.270672 0.183000 28.520000
1331.125000 55.479080 0.183000 28.615000
1332.000000 55.684841 0.183000 28.709999
1332.875000 55.886982 0.183000 28.815001
1334.375000 55.886982 0.183000 28.915001
1336.750000 56.092072 0.183000 29.014999
1337.500000 56.318066 0.183000 29.110001
1339.000000 56.521210 0.183000 29.215000
1339.250000 56.521210 0.189000 29.320000
1340.375000 56.732056 0.189000 29.415001
1341.375000 56.935562 0.189000 29.520000
1341.875000 56.935562 0.189000 29.610001
1343.125000 57.139915 0.189000 29.719999
1343.750000 57.344971 0.189000 29.809999
1345.250000 57.552814 0.189000 29.920000
1346.000000 57.762276 0.189000 30.014999
1346.000000 57.967377 0.189000 30.115000
1346.375000 58.175106 0.189000 30.215000
1346.875000 58.384201 0.181000 30.309999
1347.875000 58.593887 0.181000 30.420000
1348.250000 58.803398 0.181000 30.504999
1349.000000 59.012695 0.181000 30.620001
1349.875000 59.222092 0.181000 30.709999
1350.375000 59.431664 0.181000 30.815001
1350.875000 59.641171 0.181000 30.915001
1351.625000 59.850658 0.181000 31.014999
1352.875000 60.060318 0.181000 31.120001
1353.625000 60.060318 0.181000 31.219999
1354.250000 60.290108 0.181000 31.320000
1354.625000 60.500015 0.181000 31.420000
1354.875000 60.709995 0.181000 31.520000
1355.625000 60.910030 0.181000 31.625000
1356.625000 61.110107 0.181000 31.715000
1356.625000 61.310181 0.181000 31.825001
1357.750000 61.510201 0.181000 31.915001
1358.000000 61.710220 0.181000 32.020000
1358.500000 61.920197 0.181000 32.119999
1359.125000 62.130169 0.181000 32.220001
1359.875000 62.360203 0.161000 32.320000
1360.500000 62.580109 0.161000 32.424999
1361.125000 62.789719 0.161000 32.500000
1361.625000 62.999424 0.161000 32.615002
1361.750000 63.209213 0.161000 32.715000
1362.750000 63.419037 0.161000 32.814999
1363.125000 63.628895 0.161000 32.915001
1363.625000 63.838814 0.161000 33.014999
1364.250000 64.048737 0.161000 33.115002
1365.000000 64.048737 0.161000 33.215000
1365.625000 64.258667 0.173000 33.314999
1366.125000 64.488640 0.173000 33.415001
1366.500000 64.688675 0.173000 33.525002
1367.125000 64.888710 0.173000 33.615002
1367.375000 65.098679 0.173000 33.720001
1367.750000 65.308670 0.173000 33.810001
1368.000000 65.518669 0.173000 33.915001
1368.625000 65.728653 0.173000 34.020000
1369.250000 65.978600 0.173000 34.115002
1370.125000 66.198647 0.173000 34.209999
1370.750000 66.398720 0.152000 34.320000
1371.500000 66.608780 0.152000 34.415001
1372.375000 66.818703 0.152000 34.509998
1373.250000 67.028542 0.152000 34.615002
1373.625000 67.238342 0.152000 34.720001
1374.375000 67.448158 0.152000 34.820000
1375.000000 67.658035 0.152000 34.919998
1375.625000 67.658035 0.152000 35.020000
1376.375000 67.887985 0.152000 35.119999
1377.000000 68.097969 0.152000 35.215000
1377.250000 68.307953 0.155000 35.320000
1378.250000 68.517937 0.155000 35.404999
1378.750000 68.727928 0.155000 35.520000
1379.250000 68.937805 0.155000 35.615002
1379.625000 69.157501 0.155000 35.724998
1380.125000 69.366882 0.155000 35.814999
1380.375000 69.576164 0.155000 35.919998
1381.250000 69.785736 0.155000 36.014999
1381.750000 69.995529 0.155000 36.115002
1382.375000 70.205360 0.155000 36.215000
1382.750000 70.414856 0.151000 36.314999
1383.375000 70.624176 0.151000 36.424999
1383.875000 70.624176 0.151000 36.505001
1384.500000 71.043472 0.151000 36.615002
1384.750000 71.043472 0.151000 36.715000
1386.000000 71.253265 0.151000 36.814999
1386.125000 71.473083 0.151000 36.919998
1387.125000 71.682915 0.151000 37.014999
1387.875000 71.892693 0.151000 37.119999
1388.500000 72.102455 0.151000 37.209999
1389.375000 72.312218 0.149000 37.320000
1389.750000 72.522003 0.149000 37.415001
1390.250000 72.731819 0.149000 37.520000
1390.875000 72.941673 0.149000 37.619999
1391.000000 73.161484 0.149000 37.715000
1392.000000 73.371269 0.149000 37.810001
1392.750000 73.581078 0.149000 37.919998
1393.500000 73.790909 0.149000 38.014999
1395.375000 74.000748 0.149000 38.119999
1395.875000 74.210579 0.149000 38.220001
1396.500000 74.420387 0.151000 38.314999
1397.375000 74.629890 0.151000 38.415001
1398.375000 74.838371 0.151000 38.520000
1399.625000 75.046440 0.151000 38.625000
1400.875000 75.255089 0.151000 38.724998
1401.750000 75.255089 0.151000 38.814999
1402.750000 75.474312 0.151000 38.915001
1404.375000 75.683952 0.151000 39.025002
1404.875000 75.893837 0.151000 39.119999
1406.625000 76.093849 0.151000 39.220001
1407.000000 76.293922 0.125000 39.310001
1409.375000 76.504066 0.125000 39.424999
1410.500000 76.704208 0.125000 39.509998
1411.750000 76.914375 0.125000 39.615002
1412.875000 77.114525 0.125000 39.720001
1414.750000 77.314636 0.125000 39.820000
1416.125000 77.514763 0.125000 39.915001
1417.875000 77.714890 0.125000 40.014999
1420.500000 77.915054 0.125000 40.115002
1423.500000 78.155212 0.125000 40.220001
1426.500000 78.365303 0.139000 40.320000
1430.625000 78.575325 0.139000 40.419998
1434.125000 78.785393 0.139000 40.514999
1438.375000 78.985458 0.139000 40.615002
1443.750000 79.185654 0.139000 40.720001
1447.000000 79.385826 0.139000 40.814999
1453.500000 79.605972 0.139000 40.919998
1460.125000 79.806068 0.139000 41.014999
1466.750000 80.006142 0.139000 41.119999
1475.375000 80.206200 0.139000 41.215000
1484.125000 80.406265 0.156000 41.320000
1495.375000 80.606262 0.156000 41.415001
1505.125000 80.815498 0.156000 41.514999
1513.000000 81.024078 0.156000 41.625000
1521.750000 81.232979 0.156000 41.715000
1528.750000 81.232979 0.156000 41.814999
1535.375000 81.442299 0.156000 41.915001
1542.000000 81.661804 0.156000 42.009998
1546.500000 81.871460 0.156000 42.119999
1553.000000 82.081184 0.156000 42.209999
1557.500000 82.300903 0.168000 42.305000
1562.000000 82.508369 0.168000 42.410000
1567.750000 82.726944 0.168000 42.514999
1572.250000 82.932411 0.168000 42.619999
1575.375000 82.932411 0.168000 42.715000
1579.000000 83.146461 0.168000 42.820000
1582.000000 83.353287 0.168000 42.915001
1587.625000 83.558403 0.168000 43.020000
1590.375000 83.558403 0.168000 43.115002
1592.625000 83.763611 0.168000 43.220001
1595.875000 83.970154 0.169000 43.314999
1599.750000 83.970154 0.169000 43.419998
1602.250000 84.178116 0.169000 43.520000
1606.875000 84.399582 0.169000 43.619999
1609.000000 84.399582 0.169000 43.715000
1612.500000 84.619705 0.169000 43.805000
1614.500000 84.833122 0.169000 43.919998
1617.125000 85.033836 0.169000 44.020000
1619.500000 85.033836 0.169000 44.125000
1622.500000 85.235664 0.169000 44.215000
1625.125000 85.438057 0.160000 44.320000
1628.500000 85.438057 0.160000 44.415001
1631.125000 85.655823 0.160000 44.514999
1634.125000 85.873909 0.160000 44.619999
1636.750000 86.077202 0.160000 44.715000
1639.375000 86.077202 0.160000 44.825001
1641.000000 86.280273 0.160000 44.919998
1643.125000 86.516556 0.160000 45.014999
1645.500000 86.723114 0.160000 45.119999
1648.250000 86.926651 0.160000 45.220001
1650.750000 87.133492 0.157000 45.310001
1653.000000 87.342033 0.157000 45.415001
1656.625000 87.551437 0.157000 45.514999
1659.625000 87.761284 0.157000 45.625000
1662.000000 87.961327 0.157000 45.720001
1664.000000 87.961327 0.157000 45.805000
1666.375000 88.361572 0.157000 45.915001
1668.875000 88.561714 0.157000 46.020000
1670.750000 88.761871 0.157000 46.115002
1672.375000 88.962074 0.157000 46.220001
1675.000000 89.162300 0.171000 46.320000
1677.250000 89.362419 0.171000 46.415001
1678.500000 89.572227 0.171000 46.520000
1679.875000 89.572227 0.171000 46.610001
1682.125000 89.782082 0.171000 46.715000
1684.250000 89.992050 0.171000 46.820000
1686.500000 90.212051 0.171000 46.919998
1687.875000 90.412086 0.171000 47.020000
1689.375000 90.612122 0.171000 47.115002
1692.250000 90.822113 0.171000 47.215000
1694.000000 91.022141 0.165000 47.320000
1695.875000 91.222183 0.165000 47.415001
1697.875000 91.422241 0.165000 47.525002
1699.875000 91.622337 0.165000 47.625000
1701.250000 91.822441 0.165000 47.709999
1703.125000 92.022499 0.165000 47.810001
1705.000000 92.272346 0.165000 47.919998
1706.375000 92.492043 0.165000 48.014999
1708.125000 92.701286 0.165000 48.119999
1710.125000 92.910202 0.165000 48.220001
1711.625000 93.119408 0.155000 48.320000
1713.625000 93.328972 0.155000 48.424999
1715.375000 93.538734 0.155000 48.514999
1718.000000 93.748589 0.155000 48.619999
1719.500000 93.958542 0.155000 48.720001
1720.750000 94.158569 0.155000 48.825001
1722.125000 94.358635 0.155000 48.919998
1725.125000 94.558693 0.155000 49.014999
1726.375000 94.558693 0.155000 49.110001
1727.750000 94.968781 0.155000 49.220001
1729.875000 94.968781 0.199000 49.314999
1732.500000 95.168808 0.199000 49.410000
1733.625000 95.568909 0.199000 49.520000
1734.750000 95.768974 0.199000 49.619999
1737.500000 95.969017 0.199000 49.720001
1740.125000 96.169060 0.199000 49.820000
1742.375000 96.369102 0.199000 49.919998
1744.500000 96.569160 0.199000 50.020000
1746.625000 96.569160 0.199000 50.115002
1748.375000 96.769241 0.199000 50.220001
1749.125000 96.979065 0.164000 50.314999
1751.125000 97.208504 0.164000 50.419998
1753.000000 97.417717 0.164000 50.520000
1755.125000 97.626694 0.164000 50.615002
1756.750000 97.865524 0.164000 50.720001
1761.625000 98.074638 0.164000 50.814999
1762.875000 98.283867 0.164000 50.919998
1764.500000 98.502594 0.164000 51.014999
1764.875000 98.711235 0.164000 51.110001
1767.750000 98.919891 0.164000 51.209999
1770.375000 99.128716 0.186000 51.314999
1772.125000 99.338020 0.186000 51.415001
1776.125000 99.547684 0.186000 51.514999
1778.875000 99.757576 0.186000 51.619999
1780.500000 99.757576 0.186000 51.709999
1783.875000 99.977631 0.186000 51.814999
1786.250000 100.187798 0.186000 51.919998
1789.750000 100.398010 0.186000 52.020000
1793.625000 100.598221 0.186000 52.110001
1796.625000 100.798439 0.186000 52.220001
1801.250000 100.998627 0.156000 52.314999
1807.000000 101.198814 0.156000 52.415001
1810.375000 101.398949 0.156000 52.520000
1813.375000 101.599083 0.156000 52.615002
1817.250000 101.799271 0.156000 52.720001
1823.750000 101.999489 0.156000 52.820000
1829.250000 102.199669 0.156000 52.919998
1836.875000 102.409828 0.156000 53.020000
1842.625000 102.610001 0.156000 53.125000
1851.125000 102.810181 0.156000 53.220001
1858.000000 103.010368 0.177000 53.320000
1863.750000 103.210548 0.177000 53.419998
1868.500000 103.410721 0.177000 53.509998
1874.500000 103.620903 0.177000 53.619999
1881.250000 103.821121 0.177000 53.715000
1887.875000 104.021370 0.177000 53.820000
1894.000000 104.221634 0.177000 53.915001
1899.500000 104.421898 0.177000 54.014999
1904.625000 104.622154 0.177000 54.115002
1912.500000 104.822411 0.177000 54.220001
1917.000000 105.022667 0.203000 54.314999
1921.250000 105.222916 0.203000 54.404999
1924.250000 105.423073 0.203000 54.514999
1927.000000 105.633003 0.203000 54.615002
1929.500000 105.842644 0.203000 54.715000
1933.000000 106.102280 0.203000 54.814999
1934.125000 106.311874 0.203000 54.915001
1937.375000 106.521217 0.203000 55.014999
1940.375000 106.730728 0.203000 55.115002
1941.750000 106.940399 0.203000 55.220001
1943.500000 107.150177 0.234000 55.320000
1944.750000 107.360023 0.234000 55.419998
1946.500000 107.360023 0.234000 55.520000
1950.000000 107.589874 0.234000 55.615002
1951.125000 107.799469 0.234000 55.715000
1952.875000 108.008896 0.234000 55.810001
1954.000000 108.258415 0.234000 55.919998
1955.625000 108.478195 0.234000 56.014999
1956.000000 108.688087 0.234000 56.119999
1957.625000 108.897980 0.234000 56.215000
1959.500000 109.107910 0.216000 56.314999
1961.000000 109.317856 0.216000 56.415001
1961.375000 109.527695 0.216000 56.509998
1966.000000 109.737503 0.216000 56.615002
1967.625000 109.947304 0.216000 56.720001
1969.125000 109.947304 0.216000 56.814999
1970.000000 110.156853 0.216000 56.915001
1971.250000 110.366074 0.216000 57.014999
1972.750000 110.595451 0.216000 57.115002
1974.375000 110.805084 0.216000 57.220001
1975.250000 111.014885 0.206000 57.314999
1976.750000 111.254761 0.206000 57.430000
1977.875000 111.474625 0.206000 57.514999
1979.125000 111.684486 0.206000 57.619999
1981.125000 111.894371 0.206000 57.715000
1983.375000 112.104301 0.206000 57.814999
1984.250000 112.314278 0.206000 57.915001
1986.250000 112.514290 0.206000 58.009998
1987.000000 112.724274 0.206000 58.119999
1988.125000 112.934204 0.206000 58.220001
1988.875000 113.144112 0.205000 58.325001
1990.250000 113.144112 0.205000 58.415001
1991.000000 113.374023 0.205000 58.520000
1993.125000 113.593941 0.205000 58.615002
1994.625000 113.803864 0.205000 58.715000
1995.625000 114.013786 0.205000 58.810001
1996.000000 114.223724 0.205000 58.915001
1997.125000 114.433708 0.205000 59.020000
1998.375000 114.633728 0.205000 59.119999
1999.625000 114.873718 0.205000 59.224998
2001.625000 115.083710 0.209000 59.314999
2002.000000 115.293663 0.209000 59.419998
2003.250000 115.503609 0.209000 59.520000
2005.875000 115.713524 0.209000 59.610001
2006.500000 115.923416 0.209000 59.715000
2007.750000 116.133331 0.209000 59.820000
2008.000000 116.343246 0.209000 59.915001
2009.875000 116.553169 0.209000 60.020000
2010.875000 116.553169 0.209000 60.110001
2013.125000 116.773155 0.209000 60.220001
2015.250000 116.983147 0.189000 60.320000
2017.625000 117.193138 0.189000 60.415001
2020.500000 117.403137 0.189000 60.509998
2023.000000 117.613083 0.189000 60.619999
2025.500000 117.822914 0.189000 60.715000
2029.500000 118.052185 0.189000 60.820000
2033.250000 118.260979 0.189000 60.919998
2034.375000 118.469963 0.189000 61.020000
2036.875000 118.679260 0.189000 61.125000
2039.125000 118.888786 0.189000 61.220001
2041.250000 119.098480 0.188000 61.320000
2044.500000 119.308281 0.188000 61.410000
2046.625000 119.518150 0.188000 61.525002
2049.875000 119.728081 0.188000 61.615002
2052.125000 119.728081 0.188000 61.709999
2055.000000 119.938019 0.188000 61.814999
2056.875000 120.147964 0.188000 61.910000
2061.625000 120.357933 0.188000 62.020000
2064.750000 120.557945 0.188000 62.115002
2068.375000 120.767982 0.188000 62.215000
2070.500000 120.977951 0.195000 62.320000
2072.875000 121.177956 0.195000 62.415001
2075.125000 121.387955 0.195000 62.520000
2077.750000 121.597923 0.195000 62.615002
2080.250000 121.807770 0.195000 62.720001
2082.750000 122.017624 0.195000 62.814999
2084.500000 122.257202 0.195000 62.919998
2087.500000 122.466652 0.195000 63.014999
2089.625000 122.676125 0.195000 63.119999
2091.375000 122.905685 0.195000 63.220001
2094.125000 123.115402 0.238000 63.314999
2095.375000 123.325180 0.238000 63.419998
2096.500000 123.535034 0.238000 63.514999
2099.500000 123.744919 0.238000 63.630001
2101.250000 123.744919 0.238000 63.720001
2102.750000 123.964828 0.238000 63.820000
2104.625000 124.174789 0.238000 63.919998
2105.625000 124.384750 0.238000 64.010002
2106.375000 124.624619 0.238000 64.120003
2107.500000 124.883301 0.238000 64.220001
2108.250000 125.091469 0.210000 64.315002
2109.875000 125.300148 0.210000 64.415001
2110.375000 125.509392 0.210000 64.519997
2111.625000 125.718948 0.210000 64.614998
2112.000000 125.928680 0.210000 64.720001
2112.625000 125.928680 0.210000 64.815002
2113.125000 126.138535 0.210000 64.915001
2114.375000 126.368500 0.210000 65.014999
2114.750000 126.568512 0.210000 65.110001
2115.375000 126.768532 0.210000 65.214996
2115.625000 126.978508 0.199000 65.315002
2116.000000 127.188461 0.199000 65.419998
2116.750000 127.398392 0.199000 65.525002
2117.875000 127.608360 0.199000 65.614998
2119.625000 127.818321 0.199000 65.720001
2120.500000 128.058304 0.199000 65.820000
2120.750000 128.268250 0.199000 65.919998
2121.250000 128.478210 0.199000 66.019997
2122.125000 128.688156 0.199000 66.114998
2122.625000 128.898117 0.199000 66.214996
2123.250000 129.108078 0.186000 66.309998
2124.375000 129.318054 0.186000 66.419998
2124.750000 129.518082 0.186000 66.514999
2125.125000 129.718094 0.186000 66.614998
2125.875000 129.928085 0.186000 66.714996
2127.000000 130.137955 0.186000 66.820000
2127.125000 130.347641 0.186000 66.925003
2127.375000 130.347641 0.186000 67.014999
2127.625000 130.567398 0.186000 67.120003
2129.000000 130.787262 0.186000 67.220001
2130.250000 130.997162 0.181000 67.315002
2131.000000 131.207062 0.181000 67.419998
2131.625000 131.446991 0.181000 67.514999
2132.750000 131.656921 0.181000 67.620003
2134.250000 131.876801 0.181000 67.720001
2135.875000 132.086548 0.181000 67.815002
2136.375000 132.296295 0.181000 67.919998
2137.500000 132.506058 0.181000 68.014999
2139.750000 132.715851 0.181000 68.120003
2140.875000 132.925674 0.181000 68.214996
2141.625000 132.925674 0.156000 68.315002
2143.000000 133.135513 0.156000 68.415001
2144.000000 133.365387 0.156000 68.510002
2145.625000 133.575302 0.156000 68.614998
2147.375000 133.785263 0.156000 68.720001
2148.500000 133.995224 0.156000 68.809998
2150.250000 134.205124 0.156000 68.915001
2151.500000 134.414932 0.156000 69.025002
2153.000000 134.624756 0.156000 69.114998
2155.750000 134.854584 0.156000 69.214996
2157.250000 135.064453 0.154000 69.320000
2160.250000 135.272263 0.154000 69.419998
2162.250000 135.473969 0.154000 69.519997
2165.125000 135.674316 0.154000 69.620003
2168.125000 135.674316 0.154000 69.714996
2170.875000 135.878601 0.154000 69.820000
2174.250000 136.085175 0.154000 69.915001
2177.625000 136.085175 0.154000 70.014999
2180.125000 136.289810 0.154000 70.120003
2182.750000 136.494064 0.154000 70.220001
2186.125000 136.699051 0.144000 70.315002
2188.625000 136.699051 0.144000 70.419998
2191.875000 136.904678 0.144000 70.519997
2193.875000 137.110580 0.144000 70.614998
2196.875000 137.310806 0.144000 70.709999
2201.375000 137.512756 0.144000 70.815002
2205.375000 137.714249 0.144000 70.919998
2214.500000 137.915268 0.144000 71.025002
2221.875000 137.915268 0.144000 71.125000
2230.625000 138.140549 0.144000 71.209999
2239.250000 138.348602 0.176000 71.324997
2247.000000 138.557495 0.176000 71.419998
2252.250000 138.766647 0.176000 71.514999
2259.500000 138.976318 0.176000 71.614998
2265.500000 139.196289 0.176000 71.720001
2272.125000 139.396683 0.176000 71.820000
2278.875000 139.597427 0.176000 71.919998
2283.500000 139.818481 0.176000 72.019997
2289.000000 140.019485 0.176000 72.120003
2294.000000 140.220123 0.176000 72.220001
2299.000000 140.420670 0.222000 72.320000
2304.125000 140.621338 0.222000 72.419998
2309.375000 140.821930 0.222000 72.519997
2315.125000 141.031647 0.222000 72.620003
2320.125000 141.240189 0.222000 72.709999
2325.625000 141.448120 0.222000 72.820000
2329.750000 141.656082 0.222000 72.915001
2333.125000 141.862991 0.222000 73.019997
2337.500000 142.069077 0.222000 73.120003
2343.000000 142.275375 0.222000 73.220001
2348.250000 142.275375 0.185000 73.315002
2354.500000 142.482986 0.185000 73.415001
2360.125000 142.701523 0.185000 73.519997
2365.375000 142.910736 0.185000 73.614998
2370.125000 143.120300 0.185000 73.714996
2374.250000 143.330063 0.185000 73.815002
2378.250000 143.539932 0.185000 73.910004
2382.375000 143.749100 0.185000 74.019997
2386.250000 143.987076 0.185000 74.120003
2390.000000 144.195557 0.185000 74.214996
2393.125000 144.404587 0.197000 74.320000
2396.625000 144.613892 0.197000 74.419998
2399.625000 144.822784 0.197000 74.519997
2403.625000 145.031723 0.197000 74.614998
2407.375000 145.240860 0.197000 74.709999
2411.875000 145.450150 0.197000 74.824997
2416.750000 145.659790 0.197000 74.919998
2423.375000 145.869339 0.197000 75.019997
2430.750000 146.074814 0.197000 75.125000
2436.375000 146.074814 0.197000 75.224998
2442.125000 146.288025 0.201000 75.315002
2447.750000 146.492233 0.201000 75.415001
2454.000000 146.693802 0.201000 75.514999
2462.375000 146.900497 0.201000 75.620003
2468.750000 147.107788 0.201000 75.714996
2475.500000 147.310303 0.201000 75.816002
2481.125000 147.310303 0.201000 75.910004
2488.000000 147.534378 0.201000 76.014999
2492.500000 147.749435 0.201000 76.120003
2498.625000 147.954865 0.201000 76.220001
2503.875000 148.161575 0.201000 76.320000
2511.250000 148.409119 0.246000 76.419998
2518.250000 148.627823 0.246000 76.510002
2524.000000 148.837097 0.246000 76.620003
2528.250000 149.046722 0.246000 76.720001
2534.625000 149.256546 0.246000 76.820000
2539.500000 149.466385 0.246000 76.919998
2544.000000 149.676224 0.246000 77.019997
2547.250000 149.886063 0.246000 77.114998
2552.750000 150.095917 0.246000 77.220001
2556.375000 150.305847 0.246000 77.320000
2561.375000 150.305847 0.271000 77.419998
2563.875000 150.545746 0.271000 77.514999
2569.125000 150.785080 0.271000 77.620003
2571.375000 151.004486 0.271000 77.720001
2576.750000 151.214096 0.271000 77.824997
2579.625000 151.433853 0.271000 77.925003
2582.875000 151.643768 0.271000 78.014999
2585.750000 151.863724 0.271000 78.120003
2587.375000 152.063736 0.271000 78.214996
2590.250000 152.263763 0.271000 78.309998
2593.750000 152.463791 0.249000 78.410004
2595.500000 152.663803 0.249000 78.519997
2600.000000 152.863846 0.249000 78.614998
2603.125000 153.073822 0.249000 78.714996
2605.500000 153.283783 0.249000 78.824997
2608.000000 153.283783 0.249000 78.904999
2611.000000 153.693771 0.249000 79.014999
2613.250000 153.893829 0.249000 79.114998
2616.250000 153.893829 0.249000 79.209999
2618.125000 154.103775 0.249000 79.320000
2621.000000 154.313721 0.265000 79.419998
2623.875000 154.533722 0.265000 79.519997
2626.250000 154.743713 0.265000 79.625000
2628.750000 154.953690 0.265000 79.720001
2631.500000 155.163513 0.265000 79.820000
2633.125000 155.373199 0.265000 79.915001
2635.125000 155.622910 0.265000 80.010002
2637.000000 155.832748 0.265000 80.114998
2638.750000 156.062576 0.265000 80.224998
2640.875000 156.272491 0.231000 80.324997
2643.000000 156.482422 0.231000 80.425003
2645.500000 156.692017 0.231000 80.514999
2647.875000 156.692017 0.231000 80.614998
2650.250000 156.901581 0.231000 80.720001
2652.500000 157.111267 0.231000 80.820000
2655.125000 157.351059 0.231000 80.910004
2657.375000 157.560913 0.231000 81.014999
2659.500000 157.770874 0.231000 81.114998
2661.250000 157.990814 0.231000 81.224998
2663.125000 158.240738 0.231000 81.315002
2665.500000 158.450684 0.226000 81.419998
2667.500000 158.660629 0.226000 81.504997
2670.500000 158.870575 0.226000 81.625000
2672.875000 159.080536 0.226000 81.720001
2674.625000 159.290497 0.226000 81.824997
2677.625000 159.500458 0.226000 81.919998
2679.500000 159.500458 0.226000 82.019997
2681.125000 159.710419 0.226000 82.120003
2684.000000 159.920380 0.226000 82.209999
2685.250000 160.130371 0.202000 82.309998
2687.875000 160.330399 0.202000 82.419998
2689.625000 160.540268 0.202000 82.519997
2692.625000 160.750000 0.202000 82.620003
2695.375000 160.959778 0.202000 82.720001
2696.750000 161.169601 0.202000 82.815002
2698.375000 161.379456 0.202000 82.915001
2699.750000 161.589355 0.202000 83.019997
2701.250000 161.839264 0.202000 83.120003
2702.750000 162.059158 0.202000 83.220001
2704.000000 162.269073 0.224000 83.315002
2706.500000 162.478958 0.224000 83.419998
2708.000000 162.688828 0.224000 83.519997
2709.375000 162.898666 0.224000 83.620003
2711.500000 162.898666 0.224000 83.720001
2713.625000 163.108490 0.224000 83.815002
2714.500000 163.328293 0.224000 83.919998
2716.500000 163.538147 0.224000 84.019997
2718.000000 163.747986 0.224000 84.120003
2719.750000 163.957809 0.224000 84.220001
2720.750000 164.167648 0.180000 84.320000
2721.875000 164.407471 0.180000 84.419998
2724.250000 164.627304 0.180000 84.514999
2726.500000 164.857193 0.180000 84.620003
2728.000000 165.067123 0.180000 84.720001
2729.875000 165.277039 0.180000 84.815002
2730.875000 165.486954 0.180000 84.919998
2732.250000 165.486954 0.180000 85.010002
2734.625000 165.696838 0.180000 85.120003
2735.875000 165.926666 0.180000 85.214996
2737.250000 166.136505 0.176000 85.315002
2739.250000 166.346344 0.176000 85.415001
2741.625000 166.556183 0.176000 85.519997
2743.500000 166.766083 0.176000 85.614998
2745.125000 166.985992 0.176000 85.720001
2745.875000 167.205826 0.176000 85.815002
2746.625000 167.415665 0.176000 85.915001
2748.125000 167.625504 0.176000 86.010002
2750.750000 167.845276 0.176000 86.114998
2752.875000 168.055115 0.176000 86.220001
2755.000000 168.264954 0.177000 86.320000
2757.000000 168.474792 0.177000 86.415001
2759.625000 168.684631 0.177000 86.519997
2761.375000 168.684631 0.177000 86.614998
2764.250000 168.894470 0.177000 86.714996
2767.000000 169.114304 0.177000 86.815002
2770.625000 169.324142 0.177000 86.919998
2774.500000 169.533981 0.177000 87.019997
2777.875000 169.743820 0.177000 87.114998
2781.125000 169.953659 0.177000 87.220001
2785.125000 170.163498 0.185000 87.315002
2790.500000 170.413300 0.185000 87.419998
2795.125000 170.622894 0.185000 87.519997
2800.375000 170.832443 0.185000 87.625000
2803.875000 171.042007 0.185000 87.714996
2808.625000 171.251236 0.185000 87.820000
2812.000000 171.460602 0.185000 87.915001
2815.125000 171.670227 0.185000 88.019997
2819.625000 171.880005 0.185000 88.125000
2825.625000 172.089890 0.185000 88.220001
2829.875000 172.299759 0.181000 88.324997
2836.875000 172.299759 0.181000 88.415001
2845.000000 172.511642 0.181000 88.525002
2851.750000 172.714050 0.181000 88.614998
2856.250000 172.714050 0.181000 88.724998
2861.125000 172.925171 0.181000 88.820000
2864.375000 172.925171 0.181000 88.915001
2868.500000 172.925171 0.181000 89.025002
2872.375000 173.127319 0.181000 89.120003
2875.375000 173.127319 0.181000 89.220001
2879.250000 173.127319 0.211000 89.320000
2882.625000 173.127319 0.211000 89.425003
2885.875000 173.127319 0.211000 89.519997
2889.250000 173.127319 0.211000 89.614998
2892.750000 173.127319 0.211000 89.720001
2895.250000 173.127319 0.211000 89.815002
2897.750000 173.127319 0.211000 89.919998
2899.625000 173.127319 0.211000 90.014999
2902.625000 173.127319 0.211000 90.125000
2904.250000 173.127319 0.211000 90.220001
2906.125000 173.127319 0.196000 90.309998
2907.750000 173.127319 0.196000 90.419998
2909.625000 173.127319 0.196000 90.519997
2911.375000 173.127319 0.196000 90.614998
2912.250000 173.127319 0.196000 90.720001
2913.750000 173.127319 0.196000 90.815002
2915.375000 173.127319 0.196000 90.919998
2916.625000 173.127319 0.196000 91.019997
2918.375000 173.127319 0.196000 91.120003
2919.250000 173.127319 0.196000 91.214996
2920.125000 173.127319 0.179000 91.320999
2920.875000 173.127319 0.179000 91.415001
2921.750000 173.127319 0.179000 91.519997
2923.000000 173.329697 0.179000 91.620003
2925.000000 173.533325 0.179000 91.714996
2925.750000 173.533325 0.179000 91.820000
2926.875000 173.754379 0.179000 91.919998
2927.750000 173.964798 0.179000 92.010002
2928.375000 174.169403 0.179000 92.120003
2929.750000 174.169403 0.179000 92.220001
2930.875000 174.370560 0.174000 92.320000
2932.625000 174.575302 0.174000 92.419998
2933.125000 174.783035 0.174000 92.514999
2933.625000 174.997025 0.174000 92.620003
2934.250000 175.224121 0.174000 92.714996
2934.875000 175.432953 0.174000 92.820000
2935.750000 175.642334 0.174000 92.915001
2936.625000 175.851730 0.174000 93.014999
2938.125000 176.061310 0.174000 93.120003
2939.250000 176.270981 0.174000 93.214996
2939.875000 176.480621 0.178000 93.320000
2940.625000 176.480621 0.178000 93.415001
2941.000000 176.699677 0.178000 93.510002
2941.625000 176.903183 0.178000 93.620003
2943.625000 176.903183 0.178000 93.720001
2944.000000 177.105515 0.178000 93.815002
2945.125000 177.105515 0.178000 93.919998
2946.125000 177.105515 0.178000 94.019997
2946.250000 177.305786 0.178000 94.114998
2946.875000 177.305786 0.178000 94.214996
2947.875000 177.305786 0.197000 94.320000
2948.500000 177.305786 0.197000 94.415001
2949.500000 177.305786 0.197000 94.519997
2950.250000 177.305786 0.197000 94.620003
2951.000000 177.305786 0.197000 94.720001
2951.750000 177.305786 0.197000 94.815002
2952.000000 177.305786 0.197000 94.919998
2952.875000 177.305786 0.197000 95.019997
2953.125000 177.305786 0.197000 95.114998
2954.000000 177.305786 0.197000 95.221001
2955.000000 177.305786 0.194000 95.320000
2955.625000 177.305786 0.194000 95.425003
2955.875000 177.305786 0.194000 95.514999
2956.750000 177.305786 0.194000 95.614998
2957.750000 177.305786 0.194000 95.714996
2958.625000 177.305786 0.194000 95.815002
2959.375000 177.305786 0.194000 95.919998
2959.625000 177.508484 0.194000 96.010002
2960.250000 177.508484 0.194000 96.120003
2961.125000 177.724503 0.194000 96.209999
2961.625000 177.925842 0.187000 96.309998
2962.875000 177.925842 0.187000 96.410004
2963.375000 178.131012 0.187000 96.519997
2964.250000 178.360046 0.187000 96.614998
2964.875000 178.561035 0.187000 96.724998
2965.375000 178.561035 0.187000 96.815002
2966.250000 178.764038 0.187000 96.910004
2967.500000 178.968292 0.187000 97.014999
2967.625000 178.968292 0.187000 97.110001
2968.375000 179.173218 0.187000 97.214996
2968.875000 179.378479 0.213000 97.320000
2970.000000 179.584732 0.213000 97.419998
2971.000000 179.791763 0.213000 97.514999
2972.000000 179.791763 0.213000 97.614998
2972.625000 180.018143 0.213000 97.714996
2973.500000 180.226242 0.213000 97.815002
2973.875000 180.427109 0.213000 97.919998
2974.875000 180.627502 0.213000 98.019997
2975.750000 180.831573 0.213000 98.120003
2978.000000 180.831573 0.213000 98.220001
2980.250000 181.038376 0.231000 98.309998
2983.375000 181.244385 0.231000 98.419998
2986.000000 181.450012 0.231000 98.525002
2989.875000 181.450012 0.231000 98.620003
2992.500000 181.653824 0.231000 98.714996
2999.250000 181.855789 0.231000 98.815002
3007.500000 182.057419 0.231000 98.915001
3012.625000 182.057419 0.231000 99.025002
3017.375000 182.259689 0.231000 99.114998
3020.875000 182.462265 0.231000 99.209999
3023.500000 182.462265 0.231000 99.315002
3027.625000 182.664780 0.333000 99.419998
3030.500000 182.867325 0.333000 99.519997
3035.125000 183.070068 0.333000 99.620003
3038.500000 183.070068 0.333000 99.720001
3042.000000 183.280609 0.333000 99.824997
3044.250000 183.485931 0.333000 99.919998
3046.375000 183.688049 0.333000 100.014999
3047.875000 183.894211 0.333000 100.114998
3049.375000 184.117004 0.333000 100.220001
3050.500000 184.323746 0.333000 100.320000
3051.250000 184.532135 0.303000 100.410004
3051.875000 184.739471 0.303000 100.519997
3052.625000 184.739471 0.303000 100.614998
3052.875000 184.942688 0.303000 100.714996
3054.000000 185.170319 0.303000 100.820000
3054.625000 185.376129 0.303000 100.925003
3055.125000 185.376129 0.303000 101.014999
3055.625000 185.606140 0.303000 101.120003
3056.750000 185.825729 0.303000 101.220001
3057.125000 186.030014 0.303000 101.324997
3057.500000 186.030014 0.258000 101.419998
3058.125000 186.234818 0.258000 101.519997
3058.500000 186.446564 0.258000 101.620003
3058.875000 186.646912 0.258000 101.714996
3059.750000 186.852264 0.258000 101.820000
3059.875000 187.055405 0.258000 101.919998
3060.000000 187.055405 0.258000 102.019997
3060.125000 187.272049 0.258000 102.120003
3060.125000 187.480667 0.258000 102.224998
3060.125000 187.690170 0.215000 102.320000
3060.250000 187.900131 0.215000 102.419998
3060.750000 188.100311 0.215000 102.519997
3061.125000 188.300598 0.215000 102.614998
3061.125000 188.520599 0.215000 102.714996
3061.250000 188.730469 0.215000 102.815002
3061.875000 188.970535 0.215000 102.925003
3062.250000 189.210602 0.215000 103.019997
3062.250000 189.420364 0.215000 103.110001
3063.250000 189.630173 0.215000 103.214996
3063.250000 189.840073 0.189000 103.320000
3064.125000 190.045639 0.189000 103.419998
3064.875000 190.045639 0.189000 103.519997
3065.500000 190.260010 0.189000 103.620003
3066.125000 190.489380 0.189000 103.720001
3067.000000 190.696671 0.189000 103.820000
3067.875000 190.696671 0.189000 103.910004
3069.625000 190.897507 0.189000 104.014999
3070.625000 191.110672 0.189000 104.120003
3073.625000 191.110672 0.189000 104.224998
3076.375000 191.330765 0.164000 104.315002
3078.625000 191.536331 0.164000 104.415001
3080.375000 191.743683 0.164000 104.519997
3082.875000 191.743683 0.164000 104.610001
3085.875000 191.944656 0.164000 104.714996
3089.500000 192.153793 0.164000 104.815002
3091.500000 192.153793 0.164000 104.919998
3094.000000 192.357101 0.164000 105.019997
3096.875000 192.575989 0.164000 105.120003
3098.125000 192.779938 0.164000 105.220001
3099.000000 192.779938 0.183000 105.320000
3099.375000 192.984268 0.183000 105.415001
3100.875000 193.188187 0.183000 105.514999
3102.000000 193.392975 0.183000 105.625000
3102.375000 193.392975 0.183000 105.714996
3103.375000 193.598053 0.183000 105.815002
3104.875000 193.803192 0.183000 105.919998
3106.375000 194.008179 0.183000 106.019997
3107.875000 194.008179 0.183000 106.120003
3109.125000 194.215378 0.183000 106.214996
3111.250000 194.435928 0.162000 106.324997
3112.000000 194.641602 0.162000 106.425003
3112.500000 194.843109 0.162000 106.514999
3114.125000 195.047714 0.162000 106.614998
3114.875000 195.254181 0.162000 106.720001
3115.625000 195.462036 0.162000 106.824997
3116.375000 195.671112 0.162000 106.915001
3117.375000 195.871964 0.162000 107.025002
3118.625000 196.080734 0.162000 107.114998
3120.000000 196.080734 0.162000 107.209999
3121.375000 196.289719 0.206000 107.320000
3124.250000 196.538223 0.206000 107.419998
3125.750000 196.746902 0.206000 107.519997
3129.125000 196.955719 0.206000 107.625000
3130.500000 197.164932 0.206000 107.720001
3131.000000 197.414322 0.206000 107.815002
3132.000000 197.643921 0.206000 107.925003
3133.625000 197.853455 0.206000 108.010002
3136.375000 198.062088 0.206000 108.110001
3139.000000 198.269821 0.206000 108.224998
3139.125000 198.269821 0.182000 108.315002
3140.000000 198.497177 0.182000 108.419998
3140.250000 198.705307 0.182000 108.519997
3140.250000 198.914108 0.182000 108.620003
3141.250000 199.123047 0.182000 108.720001
3142.250000 199.331848 0.182000 108.820000
3143.125000 199.540665 0.182000 108.925003
3144.250000 199.749603 0.182000 109.019997
3144.375000 199.968674 0.182000 109.120003
3144.750000 200.207901 0.182000 109.214996
3144.750000 200.426971 0.197000 109.324997
3145.250000 200.636185 0.197000 109.419998
3145.625000 200.845627 0.197000 109.525002
3146.625000 201.055252 0.197000 109.625000
3149.125000 201.264984 0.197000 109.724998
3151.375000 201.264984 0.197000 109.809998
3155.500000 201.474579 0.197000 109.919998
3156.875000 201.693192 0.197000 110.019997
3161.625000 201.919586 0.197000 110.120003
3164.250000 202.128464 0.197000 110.220001
3166.500000 202.340820 0.209000 110.315002
3167.625000 202.543732 0.209000 110.419998
3168.375000 202.543732 0.209000 110.510002
3168.875000 202.751541 0.209000 110.610001
3168.875000 202.959274 0.209000 110.709999
3169.000000 203.168213 0.209000 110.820000
3169.250000 203.382080 0.209000 110.919998
3169.625000 203.618179 0.209000 111.025002
3169.875000 203.825989 0.209000 111.125000
3169.875000 204.034698 0.209000 111.214996
3170.625000 204.243973 0.194000 111.320000
3171.250000 204.453583 0.194000 111.419998
3173.000000 204.663330 0.194000 111.525002
3173.625000 204.872818 0.194000 111.614998
3174.000000 204.872818 0.194000 111.714996
3174.625000 205.081360 0.194000 111.815002
3178.125000 205.318481 0.194000 111.919998
3180.250000 205.536102 0.194000 112.019997
3182.375000 205.742935 0.194000 112.114998
3183.750000 205.971054 0.194000 112.214996
3184.000000 206.174942 0.186000 112.315002
3184.500000 206.382309 0.186000 112.415001
3184.625000 206.382309 0.186000 112.514999
3185.000000 206.587341 0.186000 112.620003
3185.375000 206.788330 0.186000 112.720001
3185.500000 206.997757 0.186000 112.824997
3185.625000 207.221146 0.186000 112.919998
3185.625000 207.448257 0.186000 113.025002
3185.750000 207.656296 0.186000 113.120003
3186.625000 207.861862 0.186000 113.214996
3187.750000 208.066620 0.198000 113.320000
3188.500000 208.268860 0.198000 113.419998
3189.875000 208.268860 0.198000 113.525002
3191.000000 208.484711 0.198000 113.620003
3195.625000 208.690674 0.198000 113.724998
3197.750000 208.893005 0.198000 113.820000
3198.625000 209.098022 0.198000 113.919998
3199.375000 209.334274 0.198000 114.014999
3199.625000 209.560913 0.198000 114.114998
3199.750000 209.761948 0.198000 114.220001
3200.125000 209.969696 0.179000 114.315002
3200.125000 209.969696 0.179000 114.425003
3200.375000 210.186218 0.179000 114.519997
3200.375000 210.394241 0.179000 114.625000
3200.375000 210.640015 0.179000 114.720001
3201.250000 210.843414 0.179000 114.820000
3201.375000 211.049072 0.179000 114.925003
3202.375000 211.256210 0.179000 115.019997
3203.500000 211.464355 0.179000 115.120003
3204.250000 211.673340 0.179000 115.224998
3204.875000 211.882812 0.170000 115.320000
3206.125000 212.092499 0.170000 115.419998
3207.500000 212.302109 0.170000 115.525002
3208.125000 212.302109 0.170000 115.620003
3211.375000 212.521210 0.170000 115.720001
3212.875000 212.729706 0.170000 115.820000
3214.000000 212.938232 0.170000 115.915001
3214.375000 213.167053 0.170000 116.019997
3214.875000 213.406128 0.170000 116.125000
3215.250000 213.613419 0.170000 116.224998
3215.375000 213.814713 0.177000 116.320000
3216.125000 214.019409 0.177000 116.425003
3216.250000 214.227493 0.177000 116.514999
3216.875000 214.435532 0.177000 116.620003
3217.250000 214.435532 0.177000 116.720001
3217.875000 214.653870 0.177000 116.820000
3217.875000 214.869446 0.177000 116.915001
3218.000000 215.072815 0.177000 117.019997
3218.000000 215.072815 0.177000 117.114998
3218.375000 215.285690 0.177000 117.214996
3218.625000 215.491013 0.178000 117.315002
3219.000000 215.491013 0.178000 117.419998
3219.375000 215.705475 0.178000 117.519997
3219.500000 215.919556 0.178000 117.620003
3219.750000 215.919556 0.178000 117.714996
3219.875000 216.140549 0.178000 117.824997
3219.875000 216.355453 0.178000 117.915001
3220.000000 216.557083 0.178000 118.019997
3220.125000 216.557083 0.178000 118.120003
3220.250000 216.759445 0.178000 118.220001
3220.250000 216.962097 0.170000 118.315002
3220.250000 216.962097 0.170000 118.415001
3220.375000 217.172562 0.170000 118.525002
3220.375000 217.399139 0.170000 118.620003
3220.500000 217.604324 0.170000 118.720001
3220.625000 217.604324 0.170000 118.824997
3220.750000 217.825928 0.170000 118.910004
3220.750000 218.033447 0.170000 119.019997
3220.875000 218.251755 0.170000 119.114998
3220.875000 218.456223 0.170000 119.224998
3221.000000 218.663116 0.154000 119.324997
3221.000000 218.881454 0.154000 119.419998
3221.000000 219.090698 0.154000 119.519997
3221.375000 219.300369 0.154000 119.620003
3221.500000 219.510101 0.154000 119.714996
3221.500000 219.510101 0.154000 119.815002
3221.875000 219.719391 0.154000 119.915001
3221.875000 219.948532 0.154000 120.014999
3222.000000 220.157135 0.154000 120.120003
3222.000000 220.365646 0.154000 120.214996
3222.000000 220.584656 0.152000 120.315002
3222.125000 220.794113 0.152000 120.425003
3222.125000 221.003403 0.152000 120.525002
3222.250000 221.271561 0.152000 120.625000
3222.250000 221.479324 0.152000 120.714996
3222.250000 221.686844 0.152000 120.809998
3222.375000 221.894608 0.152000 120.919998
3222.375000 222.102753 0.152000 121.025002
3222.500000 222.102753 0.152000 121.120003
3222.750000 222.311218 0.152000 121.224998
3222.750000 222.529633 0.131000 121.320000
3222.750000 222.731659 0.131000 121.419998
3222.875000 222.935379 0.131000 121.510002
3223.000000 223.141846 0.131000 121.614998
3223.000000 223.347931 0.131000 121.720001
3223.125000 223.347931 0.131000 121.820000
3223.125000 223.549622 0.131000 121.919998
3223.125000 223.764282 0.131000 122.014999
3223.250000 223.970078 0.131000 122.120003
3223.250000 223.970078 0.131000 122.220001
3223.375000 224.175125 0.150000 122.315002
3223.375000 224.377197 0.150000 122.419998
3223.750000 224.583054 0.150000 122.519997
3223.875000 224.790634 0.150000 122.620003
3224.375000 224.790634 0.150000 122.720001
3224.500000 225.004517 0.150000 122.815002
3224.875000 225.221008 0.150000 122.919998
3225.125000 225.421387 0.150000 123.019997
3225.375000 225.421387 0.150000 123.125000
3225.750000 225.634338 0.150000 123.214996
3226.000000 225.839417 0.171000 123.315002
3226.375000 226.044678 0.171000 123.419998
3226.625000 226.044678 0.171000 123.525002
3227.000000 226.250015 0.171000 123.625000
3227.000000 226.456696 0.171000 123.720001
3227.375000 226.665222 0.171000 123.824997
3227.375000 226.665222 0.171000 123.915001
3227.625000 226.893570 0.171000 124.025002
3227.750000 227.103821 0.171000 124.114998
3227.750000 227.308594 0.171000 124.220001
3227.750000 227.515839 0.172000 124.315002
3228.125000 227.744293 0.172000 124.425003
3228.125000 227.963440 0.172000 124.519997
3228.250000 228.172836 0.172000 124.620003
3228.250000 228.382019 0.172000 124.714996
3228.250000 228.591034 0.172000 124.820000
3228.750000 228.800186 0.172000 124.919998
3229.125000 229.009415 0.172000 125.014999
3229.500000 229.218918 0.172000 125.125000
3229.625000 229.428650 0.172000 125.214996
3229.625000 229.428650 0.176000 125.315002
3229.750000 229.638504 0.176000 125.419998
3229.750000 229.878128 0.176000 125.519997
3229.875000 230.087479 0.176000 125.614998
3229.875000 230.337006 0.176000 125.720001
3229.875000 230.556747 0.176000 125.824997
3230.125000 230.766541 0.176000 125.919998
3230.125000 230.976349 0.176000 126.014999
3230.250000 231.196136 0.176000 126.120003
3230.250000 231.405701 0.176000 126.224998
3230.250000 231.614777 0.179000 126.320000
3230.375000 231.823959 0.179000 126.415001
3230.375000 231.823959 0.179000 126.510002
3230.500000 232.043411 0.179000 126.614998
3230.500000 232.263062 0.179000 126.720001
3230.500000 232.472565 0.179000 126.820000
3231.000000 232.681519 0.179000 126.919998
3231.500000 232.890320 0.179000 127.010002
3231.625000 233.128662 0.179000 127.120003
3232.625000 233.357224 0.179000 127.214996
3232.750000 233.566177 0.171000 127.320000
3232.875000 233.775513 0.171000 127.415001
3233.000000 233.984955 0.171000 127.519997
3233.875000 234.194077 0.171000 127.620003
3233.875000 234.403397 0.171000 127.720001
3233.875000 234.612930 0.171000 127.820000
3234.000000 234.612930 0.171000 127.915001
3234.000000 234.852478 0.171000 128.020004
3234.125000 235.061676 0.171000 128.125000
3234.125000 235.270782 0.171000 128.214996
3234.125000 235.480179 0.168000 128.315002
3234.250000 235.709747 0.168000 128.419998
3234.375000 235.959274 0.168000 128.509995
3234.500000 236.168365 0.168000 128.619995
3235.250000 236.377563 0.168000 128.720001
3235.500000 236.587036 0.168000 128.820007
3235.875000 236.796707 0.168000 128.919998
3235.875000 237.006516 0.168000 129.020004
3236.250000 237.006516 0.168000 129.115005
3236.375000 237.226349 0.168000 129.220001
3236.375000 237.436157 0.150000 129.324997
3237.125000 237.666000 0.150000 129.414993
3237.125000 237.875916 0.150000 129.524994
3237.250000 238.085831 0.150000 129.619995
3237.375000 238.325714 0.150000 129.720001
3237.375000 238.535385 0.150000 129.820007
3237.500000 238.745132 0.150000 129.925003
3237.625000 238.954956 0.150000 130.020004
3237.750000 239.164795 0.150000 130.119995
3237.875000 239.374573 0.150000 130.220001
3238.000000 239.583939 0.165000 130.324997
3238.375000 239.788101 0.165000 130.419998
3238.500000 239.788101 0.165000 130.520004
3238.500000 239.997482 0.165000 130.625000
3239.000000 240.198456 0.165000 130.720001
3239.000000 240.198456 0.165000 130.815002
3239.000000 240.198456 0.165000 130.919998
3239.125000 240.400314 0.165000 131.020004
3239.125000 240.400314 0.165000 131.125000
3239.125000 240.400314 0.165000 131.220001
3239.125000 240.400314 0.184000 131.320007
3239.125000 240.400314 0.184000 131.414993
3239.125000 240.400314 0.184000 131.514999
3239.125000 240.400314 0.184000 131.621002
3239.125000 240.400314 0.184000 131.714996
3239.125000 240.400314 0.184000 131.815002
3239.125000 240.600403 0.184000 131.925003
3239.125000 240.600403 0.184000 132.024994
3239.125000 240.600403 0.184000 132.125000
3239.125000 240.600403 0.184000 132.220001
3239.125000 240.600403 0.148000 132.320007
3239.125000 240.600403 0.148000 132.425003
3239.125000 240.600403 0.148000 132.509995
3239.125000 240.600403 0.148000 132.619995
3239.125000 240.600403 0.148000 132.720001
3239.125000 240.600403 0.148000 132.820007
3239.125000 240.600403 0.148000 132.925003
3239.125000 240.600403 0.148000 133.020004
3239.250000 240.600403 0.148000 133.119995
3239.375000 240.600403 0.148000 133.214996
3239.375000 240.600403 0.139000 133.315002
3239.375000 240.803024 0.139000 133.425003
3239.500000 241.022263 0.139000 133.520004
3239.500000 241.022263 0.139000 133.619995
3239.625000 241.231232 0.139000 133.720001
3239.625000 241.461288 0.139000 133.815002
3239.750000 241.461288 0.139000 133.914993
3239.750000 241.669342 0.139000 134.024994
3239.750000 241.891830 0.139000 134.119995
3239.875000 242.092651 0.139000 134.220001
3239.875000 242.092651 0.151000 134.315002
3239.875000 242.316696 0.151000 134.419998
3240.000000 242.517227 0.151000 134.524994
3240.000000 242.517227 0.151000 134.625000
3240.125000 242.746002 0.151000 134.720001
3240.125000 242.952744 0.151000 134.820007
3240.125000 242.952744 0.151000 134.919998
3240.250000 243.159409 0.151000 135.014999
3240.250000 243.359482 0.151000 135.119995
3240.250000 243.560974 0.151000 135.225006
3240.375000 243.560974 0.133000 135.320007
3240.500000 243.769150 0.133000 135.419998
3240.500000 243.970016 0.133000 135.514999
3240.500000 243.970016 0.133000 135.619995
3240.500000 243.970016 0.133000 135.725006
3240.500000 244.170273 0.133000 135.820007
3240.625000 244.170273 0.133000 135.919998
3240.625000 244.170273 0.133000 136.014999
3240.625000 244.170273 0.133000 136.119995
3240.625000 244.170273 0.133000 136.225006
3240.625000 244.170273 0.133000 136.315002
3240.625000 244.370834 0.133000 136.419998
3240.625000 244.370834 0.133000 136.520004
3240.625000 244.370834 0.133000 136.625000
3240.625000 244.370834 0.133000 136.720001
3240.625000 244.370834 0.133000 136.820007
3240.625000 244.370834 0.133000 136.919998
3240.625000 244.370834 0.133000 137.024994
3240.625000 244.370834 0.133000 137.119995
3240.625000 244.370834 0.133000 137.214996
3240.625000 244.370834 0.126000 137.315002
3240.625000 244.370834 0.126000 137.414993
3240.625000 244.370834 0.126000 137.520004
3240.625000 244.370834 0.126000 137.619995
3240.625000 244.370834 0.126000 137.720001
3240.625000 244.370834 0.126000 137.820007
3240.625000 244.370834 0.126000 137.919998
3240.625000 244.370834 0.126000 138.014999
3240.625000 244.370834 0.126000 138.125000
3240.625000 244.370834 0.126000 138.214996
3240.625000 244.573120 0.122000 138.320007
3240.625000 244.775238 0.122000 138.419998
3240.625000 244.775238 0.122000 138.520004
3240.625000 244.976883 0.122000 138.619995
3240.625000 245.200333 0.122000 138.714996
3240.625000 245.200333 0.122000 138.820007
3240.750000 245.419235 0.122000 138.925003
3240.750000 245.654953 0.122000 139.014999
3240.750000 245.654953 0.122000 139.119995
3240.750000 245.876404 0.122000 139.220001
3240.750000 246.106186 0.153000 139.324997
3240.750000 246.311752 0.153000 139.425003
3240.750000 246.519806 0.153000 139.524994
3240.750000 246.519806 0.153000 139.619995
3240.750000 246.736282 0.153000 139.720001
3240.750000 246.951355 0.153000 139.815002
3240.750000 247.154816 0.153000 139.919998
3240.750000 247.154816 0.153000 140.020004
3240.750000 247.357162 0.153000 140.115005
3240.750000 247.560928 0.153000 140.214996
3240.750000 247.560928 0.134000 140.320007
3240.750000 247.794937 0.134000 140.419998
3240.750000 247.999161 0.134000 140.524994
3241.000000 247.999161 0.134000 140.610001
3241.000000 248.203552 0.134000 140.720001
3241.000000 248.422470 0.134000 140.815002
3241.000000 248.626282 0.134000 140.919998
3241.125000 248.626282 0.134000 141.020004
3241.125000 248.845490 0.134000 141.115005
3241.125000 249.050278 0.134000 141.220001
3241.250000 249.255341 0.166000 141.315002
3241.250000 249.255341 0.166000 141.414993
3241.250000 249.490952 0.166000 141.520004
3241.375000 249.697601 0.166000 141.625000
3241.375000 249.897736 0.166000 141.725006
3241.375000 249.897736 0.166000 141.815002
3241.500000 250.106522 0.166000 141.919998
3241.750000 250.315948 0.166000 142.024994
3241.750000 250.520844 0.166000 142.110001
3241.875000 250.728287 0.166000 142.220001
3241.875000 250.936981 0.156000 142.320007
3242.750000 251.166214 0.156000 142.419998
3243.625000 251.395782 0.156000 142.524994
3244.250000 251.615570 0.156000 142.619995
3245.000000 251.825531 0.156000 142.725006
3245.250000 252.025558 0.156000 142.820007
3245.375000 252.225571 0.156000 142.919998
3245.875000 252.435349 0.156000 143.020004
3245.875000 252.644806 0.156000 143.119995
3246.250000 252.644806 0.156000 143.214996
3246.750000 253.059601 0.156000 143.324997
3247.000000 253.059601 0.255000 143.419998
3247.625000 253.271896 0.255000 143.520004
3248.250000 253.474823 0.255000 143.625000
3249.500000 253.678635 0.255000 143.720001
3249.750000 253.907562 0.255000 143.824997
3249.750000 254.115311 0.255000 143.919998
3249.875000 254.115311 0.255000 144.024994
3249.875000 254.324844 0.255000 144.125000
3250.000000 254.531387 0.255000 144.229996
3250.000000 254.531387 0.255000 144.324997
3250.000000 254.747925 0.260000 144.425003
3250.125000 254.747925 0.260000 144.524994
3250.125000 254.747925 0.260000 144.619995
3250.125000 254.949341 0.260000 144.729996
3250.125000 254.949341 0.260000 144.830002
3250.125000 254.949341 0.260000 144.929993
3250.125000 254.949341 0.260000 145.020004
3250.125000 254.949341 0.260000 145.134995
3250.125000 254.949341 0.260000 145.220001
3250.125000 254.949341 0.260000 145.320007
3250.125000 254.949341 0.237000 145.425003
3250.125000 254.949341 0.237000 145.520004
3250.125000 254.949341 0.237000 145.630005
3250.125000 254.949341 0.237000 145.725006
3250.125000 254.949341 0.237000 145.824997
3250.125000 254.949341 0.237000 145.929993
3250.125000 254.949341 0.237000 146.029999
3250.125000 254.949341 0.237000 146.125000
3250.250000 254.949341 0.237000 146.225006
3250.250000 254.949341 0.215000 146.324997
3250.250000 254.949341 0.215000 146.419998
3250.250000 254.949341 0.215000 146.520996
3250.250000 254.949341 0.215000 146.619995
3250.250000 254.949341 0.215000 146.714996
3250.250000 255.149994 0.215000 146.824997
3250.250000 255.357010 0.215000 146.919998
3250.250000 255.357010 0.215000 147.020004
3250.375000 255.569214 0.215000 147.119995
3250.375000 255.774475 0.215000 147.225006
3252.125000 255.977280 0.218000 147.320007
3252.750000 255.977280 0.218000 147.425003
3253.000000 256.181671 0.218000 147.524994
3253.375000 256.387604 0.218000 147.619995
3253.500000 256.387604 0.218000 147.705002
3253.750000 256.602966 0.218000 147.815002
3254.125000 256.805542 0.218000 147.919998
3254.500000 257.009979 0.218000 148.024994
3255.625000 257.009979 0.218000 148.125000
3255.875000 257.215576 0.218000 148.214996
3256.250000 257.418701 0.218000 148.320007
3256.750000 257.621918 0.248000 148.414993
3257.250000 257.825073 0.248000 148.520004
3257.625000 257.825073 0.248000 148.619995
3257.875000 258.037720 0.248000 148.714996
3258.375000 258.037720 0.248000 148.815002
3258.875000 258.037720 0.248000 148.925003
3259.125000 258.239471 0.248000 149.020004
3259.500000 258.239471 0.248000 149.125000
3260.000000 258.239471 0.248000 149.225006
3260.500000 258.239471 0.248000 149.315002
3261.250000 258.239471 0.307000 149.419998
3261.500000 258.239471 0.307000 149.520004
3262.250000 258.239471 0.307000 149.619995
3262.750000 258.239471 0.307000 149.725006
3263.125000 258.440125 0.307000 149.820007
3263.500000 258.440125 0.307000 149.919998
3264.125000 258.440125 0.307000 150.014999
3264.250000 258.440125 0.307000 150.115005
3264.375000 258.440125 0.307000 150.214996
3264.625000 258.440125 0.307000 150.320007
3265.000000 258.440125 0.274000 150.419998
3265.500000 258.440125 0.274000 150.524994
3265.625000 258.440125 0.274000 150.619995
3265.875000 258.440125 0.274000 150.714996
3266.500000 258.644348 0.274000 150.824997
3266.500000 258.644348 0.274000 150.914993
3266.750000 258.872864 0.274000 151.020004
3267.000000 259.073334 0.274000 151.119995
3267.750000 259.279785 0.274000 151.225006
3268.125000 259.279785 0.274000 151.304993
3268.375000 259.690674 0.268000 151.425003
3268.750000 259.690674 0.268000 151.509995
3269.375000 259.899384 0.268000 151.619995
3270.625000 260.118927 0.268000 151.725006
3272.000000 260.338898 0.268000 151.820007
3274.125000 260.539093 0.268000 151.919998
3277.500000 260.739197 0.268000 152.024994
3280.000000 260.949310 0.268000 152.119995
3285.875000 261.149445 0.268000 152.225006
3290.000000 261.359375 0.268000 152.320007
3293.250000 261.599121 0.275000 152.414993
3296.375000 261.818970 0.275000 152.520004
3299.500000 262.028870 0.275000 152.619995
3301.875000 262.238770 0.275000 152.720001
3305.750000 262.448700 0.275000 152.815002
3307.750000 262.658630 0.275000 152.919998
3312.625000 262.868561 0.275000 153.024994
3314.500000 263.078430 0.275000 153.119995
3316.750000 263.078430 0.275000 153.214996
3318.125000 263.288269 0.275000 153.320007
3321.250000 263.498169 0.304000 153.410004
3324.375000 263.708130 0.304000 153.514999
3327.500000 263.918152 0.304000 153.610001
3329.250000 264.118195 0.304000 153.720001
3331.875000 264.328217 0.304000 153.820007
3334.625000 264.528229 0.304000 153.914993
3336.125000 264.728241 0.304000 154.020004
3338.000000 264.938202 0.304000 154.115005
3340.375000 265.148193 0.304000 154.214996
3343.375000 265.358185 0.304000 154.324997
3345.750000 265.558258 0.277000 154.414993
3347.500000 265.758270 0.277000 154.520004
3349.000000 265.958282 0.277000 154.615005
3351.125000 266.198242 0.277000 154.725006
3353.250000 266.408234 0.277000 154.824997
3355.375000 266.618225 0.277000 154.925003
3356.750000 266.818298 0.277000 155.009995
3359.250000 267.048370 0.277000 155.125000
3360.750000 267.248413 0.277000 155.220001
3363.000000 267.448456 0.277000 155.320007
3364.250000 267.648468 0.298000 155.414993
3366.500000 267.858307 0.298000 155.524994
3368.500000 268.067413 0.298000 155.619995
3371.000000 268.067413 0.298000 155.710007
3373.500000 268.484192 0.298000 155.820007
3375.500000 268.484192 0.298000 155.914993
3377.250000 268.702667 0.298000 156.020004
3380.750000 268.921509 0.298000 156.125000
3384.500000 269.130859 0.298000 156.214996
3388.625000 269.340515 0.298000 156.320007
3393.125000 269.550323 0.283000 156.425003
3397.375000 269.800232 0.283000 156.520004
3401.625000 270.010223 0.283000 156.619995
3405.125000 270.220276 0.283000 156.720001
3408.500000 270.420349 0.283000 156.815002
3411.375000 270.620422 0.283000 156.914993
3415.000000 270.820465 0.283000 157.020004
3420.000000 271.030334 0.283000 157.110001
3423.500000 271.240234 0.283000 157.210007
3428.250000 271.450073 0.283000 157.320007
3432.625000 271.659912 0.304000 157.419998
3437.125000 271.869843 0.304000 157.520004
3442.750000 272.079742 0.304000 157.619995
3444.375000 272.079742 0.304000 157.720001
3449.125000 272.319458 0.304000 157.824997
3451.125000 272.529266 0.304000 157.919998
3454.125000 272.739136 0.304000 158.020004
3457.125000 272.949036 0.304000 158.119995
3460.625000 273.158936 0.304000 158.220001
3463.375000 273.398804 0.304000 158.320007
3466.500000 273.618561 0.329000 158.425003
3468.250000 273.828278 0.329000 158.520004
3473.750000 274.037750 0.329000 158.619995
3483.125000 274.247192 0.329000 158.720001
3490.125000 274.456909 0.329000 158.820007
3496.375000 274.666595 0.329000 158.925003
3498.750000 274.876007 0.329000 159.024994
3501.875000 274.876007 0.329000 159.119995
3508.875000 275.085358 0.329000 159.220001
3515.875000 275.324280 0.329000 159.320007
3522.375000 275.533234 0.371000 159.425003
3526.000000 275.742188 0.371000 159.524994
3529.750000 275.951477 0.371000 159.619995
3531.625000 276.200897 0.371000 159.714996
3535.500000 276.410309 0.371000 159.830002
3537.750000 276.619812 0.371000 159.914993
3540.125000 276.829468 0.371000 160.024994
3542.750000 277.039246 0.371000 160.119995
3546.125000 277.249023 0.371000 160.220001
3549.000000 277.458771 0.371000 160.315002
3551.125000 277.458771 0.347000 160.414993
3552.000000 277.688599 0.347000 160.520004
3553.625000 277.918457 0.347000 160.619995
3554.500000 278.128357 0.347000 160.714996
3555.250000 278.338287 0.347000 160.820007
3555.875000 278.548187 0.347000 160.914993
3555.875000 278.766937 0.347000 161.024994
3557.125000 278.968750 0.347000 161.119995
3557.750000 279.171295 0.347000 161.220001
3558.000000 279.171295 0.347000 161.320007
3558.500000 279.171295 0.354000 161.410004
3558.500000 279.373993 0.354000 161.520004
3559.625000 279.373993 0.354000 161.619995
3559.625000 279.373993 0.354000 161.720001
3560.125000 279.373993 0.354000 161.820007
3560.625000 279.574493 0.354000 161.919998
3561.250000 279.574493 0.354000 162.020004
3561.500000 279.574493 0.354000 162.119995
3561.625000 279.777588 0.354000 162.220001
3562.125000 279.978912 0.354000 162.320007
3562.875000 279.978912 0.306000 162.414993
3563.375000 280.180725 0.306000 162.520004
3563.750000 280.382721 0.306000 162.619995
3564.375000 280.592316 0.306000 162.725006
3565.500000 280.796448 0.306000 162.815002
3566.125000 281.013092 0.306000 162.914993
3566.750000 281.231293 0.306000 163.020004
3567.000000 281.440247 0.306000 163.115005
3567.875000 281.647064 0.306000 163.220001
3568.625000 281.848114 0.306000 163.315002
3569.125000 282.049805 0.252000 163.419998
3569.500000 282.049805 0.252000 163.514999
3570.125000 282.272064 0.252000 163.615005
3570.750000 282.488373 0.252000 163.725006
3571.250000 282.488373 0.252000 163.824997
3571.500000 282.702423 0.252000 163.919998
3573.000000 282.931244 0.252000 164.020004
3573.625000 282.931244 0.252000 164.115005
3574.250000 283.136292 0.252000 164.214996
3575.250000 283.355774 0.252000 164.320007
3576.375000 283.558197 0.239000 164.425003
3577.000000 283.558197 0.239000 164.514999
3577.375000 283.759674 0.239000 164.615005
3578.125000 283.961212 0.239000 164.720001
3580.125000 284.162781 0.239000 164.820007
3580.750000 284.162781 0.239000 164.919998
3581.625000 284.365082 0.239000 165.024994
3582.750000 284.576385 0.239000 165.125000
3583.500000 284.576385 0.239000 165.214996
3584.000000 284.788544 0.224000 165.320007
3585.250000 284.994568 0.224000 165.419998
3586.125000 285.210754 0.224000 165.514999
3587.000000 285.411041 0.224000 165.625000
3588.625000 285.611237 0.224000 165.720001
3589.625000 285.816040 0.224000 165.820007
3590.125000 286.023071 0.224000 165.919998
3591.000000 286.231415 0.224000 166.020004
3592.000000 286.440460 0.224000 166.125000
3592.875000 286.440460 0.224000 166.225006
3593.500000 286.679596 0.222000 166.315002
3595.250000 286.889069 0.222000 166.414993
3595.875000 287.097992 0.222000 166.514999
3596.375000 287.322266 0.222000 166.615005
3597.250000 287.525116 0.222000 166.714996
3598.250000 287.525116 0.222000 166.820007
3598.875000 287.751923 0.222000 166.910004
3599.125000 287.957581 0.222000 167.020004
3599.375000 288.162109 0.222000 167.115005
3600.875000 288.162109 0.222000 167.214996
3601.375000 288.366943 0.235000 167.320007
3602.750000 288.572418 0.235000 167.419998
3604.125000 288.778564 0.235000 167.514999
3604.875000 288.778564 0.235000 167.615005
3606.125000 288.984100 0.235000 167.714996
3607.375000 289.195618 0.235000 167.820007
3608.375000 289.403961 0.235000 167.919998
3608.875000 289.403961 0.235000 168.009995
3610.250000 289.636414 0.235000 168.125000
3611.375000 289.857849 0.235000 168.220001
3612.500000 290.063080 0.235000 168.320007
3614.125000 290.270203 0.245000 168.419998
3615.250000 290.478516 0.245000 168.520004
3616.625000 290.737305 0.245000 168.615005
3617.500000 290.956726 0.245000 168.720001
3619.000000 291.166412 0.245000 168.820007
3620.625000 291.376190 0.245000 168.910004
3621.500000 291.585999 0.245000 169.024994
3622.500000 291.795868 0.245000 169.125000
3623.625000 291.795868 0.245000 169.220001
3625.500000 292.005768 0.245000 169.320007
3626.125000 292.245758 0.219000 169.425003
3627.500000 292.445770 0.219000 169.514999
3628.750000 292.645782 0.219000 169.615005
3630.250000 292.845795 0.219000 169.720001
3632.500000 293.045807 0.219000 169.815002
3634.625000 293.255798 0.219000 169.919998
3636.125000 293.465759 0.219000 170.020004
3638.875000 293.705719 0.219000 170.125000
3640.750000 293.925690 0.219000 170.205002
3643.500000 294.135681 0.177000 170.315002
3645.125000 294.355652 0.177000 170.425003
3647.125000 294.565643 0.177000 170.520004
3649.625000 294.775635 0.177000 170.619995
3651.875000 294.975677 0.177000 170.720001
3656.000000 295.175690 0.177000 170.824997
3659.250000 295.375702 0.177000 170.919998
3664.125000 295.575745 0.177000 171.024994
3669.125000 295.775757 0.177000 171.119995
3671.625000 295.985718 0.177000 171.220001
3675.750000 296.195679 0.191000 171.320007
3679.125000 296.195679 0.191000 171.419998
3683.125000 296.405640 0.191000 171.520004
3686.625000 296.635468 0.191000 171.625000
3689.625000 296.845276 0.191000 171.714996
3694.000000 297.055115 0.191000 171.820007
3697.250000 297.264984 0.191000 171.919998
3702.500000 297.474915 0.191000 172.020004
3707.875000 297.714722 0.191000 172.125000
3714.500000 297.923828 0.191000 172.225006
3721.125000 298.132080 0.222000 172.320007
3727.375000 298.339569 0.222000 172.414993
3734.375000 298.546417 0.222000 172.514999
3741.000000 298.752869 0.222000 172.615005
3750.000000 298.959656 0.222000 172.720001
3760.000000 299.167847 0.222000 172.824997
3770.875000 299.377167 0.222000 172.919998
3782.625000 299.377167 0.222000 173.014999
3792.375000 299.607208 0.222000 173.119995
3803.000000 299.807709 0.222000 173.225006
3810.500000 300.008484 0.222000 173.315002
3818.375000 300.219421 0.318000 173.414993
3825.625000 300.430450 0.318000 173.524994
3835.125000 300.631500 0.318000 173.615005
3839.500000 300.832520 0.318000 173.720001
3844.750000 301.033417 0.318000 173.820007
3849.875000 301.233673 0.318000 173.925003
3857.250000 301.433716 0.318000 174.020004
3861.875000 301.633820 0.318000 174.115005
3867.750000 301.834167 0.318000 174.229996
3872.125000 302.044922 0.318000 174.320007
3879.500000 302.245575 0.355000 174.419998
3884.375000 302.446259 0.355000 174.524994
3889.750000 302.671173 0.355000 174.625000
3892.875000 302.871857 0.355000 174.710007
3898.875000 302.871857 0.355000 174.820007
3902.125000 303.073486 0.355000 174.925003
3904.375000 303.303040 0.355000 175.014999
3907.375000 303.508789 0.355000 175.125000
3914.375000 303.508789 0.355000 175.220001
3918.375000 303.713867 0.355000 175.320007
3921.000000 303.918518 0.330000 175.414993
3923.875000 303.918518 0.330000 175.520004
3927.750000 304.131073 0.330000 175.615005
3931.500000 304.366486 0.330000 175.720001
3936.500000 304.366486 0.330000 175.820007
3938.000000 304.571198 0.330000 175.910004
3941.125000 304.775909 0.330000 176.020004
3943.875000 304.988373 0.330000 176.125000
3946.500000 304.988373 0.330000 176.220001
3947.750000 305.206116 0.330000 176.315002
3949.250000 305.430878 0.310000 176.419998
3951.125000 305.631683 0.310000 176.520004
3953.125000 305.631683 0.310000 176.615005
3953.750000 305.843689 0.310000 176.725006
3955.125000 305.843689 0.310000 176.820007
3955.750000 306.046417 0.310000 176.919998
3957.875000 306.046417 0.310000 177.024994
3958.500000 306.046417 0.310000 177.104996
3958.750000 306.046417 0.310000 177.225006
3960.375000 306.248108 0.310000 177.320007
3961.625000 306.248108 0.267000 177.410004
3962.125000 306.248108 0.267000 177.520004
3963.250000 306.248108 0.267000 177.619995
3963.625000 306.248108 0.267000 177.705002
3964.375000 306.248108 0.267000 177.815002
3965.000000 306.248108 0.267000 177.925003
3965.125000 306.248108 0.267000 178.020004
3965.375000 306.248108 0.267000 178.115005
3965.375000 306.248108 0.267000 178.220001
3965.875000 306.248108 0.267000 178.324997
3967.125000 306.248108 0.243000 178.425003
3967.500000 306.248108 0.243000 178.524994
3968.000000 306.248108 0.243000 178.625000
3968.875000 306.248108 0.243000 178.720001
3969.125000 306.248108 0.243000 178.820007
3969.500000 306.248108 0.243000 178.919998
3970.000000 306.248108 0.243000 179.020004
3970.250000 306.248108 0.243000 179.119995
3971.125000 306.248108 0.243000 179.220001
3971.250000 306.248108 0.243000 179.320007
3972.000000 306.248108 0.234000 179.419998
3972.125000 306.248108 0.234000 179.524994
3972.500000 306.248108 0.234000 179.619995
3972.875000 306.455170 0.234000 179.720001
3973.250000 306.663605 0.234000 179.820007
3973.750000 306.870880 0.234000 179.919998
3975.125000 307.078735 0.234000 180.020004
3975.375000 307.078735 0.234000 180.115005
3975.875000 307.301361 0.234000 180.214996
3976.000000 307.507751 0.234000 180.320007
3976.375000 307.715759 0.249000 180.425003
3977.750000 307.924561 0.249000 180.514999
3978.250000 308.173706 0.249000 180.619995
3978.750000 308.383331 0.249000 180.714996
3979.125000 308.613129 0.249000 180.815002
3979.750000 308.822571 0.249000 180.919998
3981.125000 309.030884 0.249000 181.014999
3982.000000 309.238800 0.249000 181.115005
3983.250000 309.446777 0.249000 181.225006
3984.750000 309.655487 0.249000 181.320007
3986.750000 309.864716 0.248000 181.425003
3987.875000 309.864716 0.248000 181.520004
3991.750000 310.074249 0.248000 181.625000
3993.500000 310.283905 0.248000 181.720001
3996.375000 310.503693 0.248000 181.824997
3998.625000 310.713501 0.248000 181.910004
4001.500000 310.942902 0.248000 182.020004
4002.875000 311.182312 0.248000 182.125000
4005.250000 311.391968 0.248000 182.225006
4006.500000 311.601654 0.248000 182.320007
4008.875000 311.821411 0.311000 182.419998
4009.875000 312.031189 0.311000 182.524994
4011.375000 312.235046 0.311000 182.619995
4012.750000 312.439453 0.311000 182.729996
4015.125000 312.439453 0.311000 182.820007
4016.500000 312.644318 0.311000 182.919998
4017.375000 312.847321 0.311000 183.020004
4017.875000 313.053436 0.311000 183.125000
4019.250000 313.053436 0.311000 183.225006
4019.625000 313.258179 0.311000 183.324997
4019.875000 313.470398 0.277000 183.410004
4021.625000 313.470398 0.277000 183.520004
4022.125000 313.698273 0.277000 183.625000
4022.625000 313.924927 0.277000 183.714996
4023.500000 314.133270 0.277000 183.820007
4023.625000 314.337463 0.277000 183.919998
4025.000000 314.538818 0.277000 184.020004
4025.000000 314.538818 0.277000 184.119995
4026.375000 314.773407 0.277000 184.220001
4026.750000 314.980225 0.277000 184.324997
4026.750000 315.188293 0.249000 184.419998
4026.875000 315.397247 0.249000 184.514999
4027.125000 315.606628 0.249000 184.615005
4028.250000 315.846222 0.249000 184.714996
4028.750000 316.065979 0.249000 184.820007
4028.875000 316.285675 0.249000 184.919998
4030.375000 316.495453 0.249000 185.020004
4031.250000 316.705292 0.249000 185.115005
4031.375000 316.915161 0.249000 185.225006
4032.250000 316.915161 0.249000 185.315002
4033.250000 317.154694 0.231000 185.419998
4033.375000 317.364258 0.231000 185.514999
4034.500000 317.573944 0.231000 185.619995
4035.000000 317.783722 0.231000 185.714996
4037.000000 317.993561 0.231000 185.815002
4037.625000 318.203430 0.231000 185.919998
4037.625000 318.453247 0.231000 186.020004
4038.250000 318.663055 0.231000 186.115005
4038.375000 318.872803 0.231000 186.220001
4038.875000 319.078461 0.198000 186.315002
4038.875000 319.281769 0.198000 186.414993
4039.125000 319.281769 0.198000 186.520004
4039.250000 319.502808 0.198000 186.619995
4039.500000 319.502808 0.198000 186.714996
4040.500000 319.703583 0.198000 186.824997
4040.500000 319.703583 0.198000 186.919998
4041.375000 319.703583 0.198000 187.020004
4041.875000 319.703583 0.198000 187.125000
4041.875000 319.703583 0.198000 187.220001
4042.000000 319.703583 0.190000 187.320007
4042.125000 319.904205 0.190000 187.419998
4042.250000 319.904205 0.190000 187.520004
4042.500000 319.904205 0.190000 187.625000
4042.625000 319.904205 0.190000 187.720001
4043.000000 319.904205 0.190000 187.815002
4043.000000 319.904205 0.190000 187.919998
4043.000000 319.904205 0.190000 188.014999
4043.000000 319.904205 0.190000 188.119995
4043.000000 319.904205 0.190000 188.214996
4043.125000 319.904205 0.180000 188.320007
4043.500000 319.904205 0.180000 188.425003
4043.750000 319.904205 0.180000 188.514999
4043.750000 319.904205 0.180000 188.619995
4043.750000 319.904205 0.180000 188.720001
4044.375000 319.904205 0.180000 188.815002
4044.375000 319.904205 0.180000 188.914993
4044.500000 319.904205 0.180000 189.014999
4044.500000 319.904205 0.180000 189.125000
4044.500000 319.904205 0.180000 189.214996
4044.875000 319.904205 0.166000 189.324997
4045.125000 320.104706 0.166000 189.419998
4045.250000 320.309326 0.166000 189.524994
4045.375000 320.309326 0.166000 189.625000
4045.500000 320.510559 0.166000 189.720001
4045.500000 320.725128 0.166000 189.820007
4045.875000 320.725128 0.166000 189.914993
4046.625000 320.941742 0.166000 190.020004
4046.625000 321.151367 0.166000 190.119995
4046.625000 321.353882 0.166000 190.214996
4046.875000 321.353882 0.174000 190.324997
4047.250000 321.557800 0.174000 190.414993
4047.625000 321.767059 0.174000 190.520004
4048.125000 321.972076 0.174000 190.615005
4048.250000 322.179779 0.174000 190.720001
4048.375000 322.383820 0.174000 190.824997
4048.375000 322.590820 0.174000 190.919998
4048.625000 322.799255 0.174000 191.024994
4048.875000 322.799255 0.174000 191.115005
4049.125000 323.037689 0.174000 191.220001
4049.250000 323.245911 0.165000 191.320007
4049.625000 323.453705 0.165000 191.419998
4049.875000 323.661133 0.165000 191.524994
4050.000000 323.868256 0.165000 191.619995
4050.125000 324.075226 0.165000 191.720001
4050.375000 324.311707 0.165000 191.820007
4050.625000 324.518707 0.165000 191.919998
4051.250000 324.725769 0.165000 192.014999
4051.625000 324.932953 0.165000 192.119995
4052.250000 325.138000 0.165000 192.214996
4053.000000 325.343781 0.216000 192.315002
4053.750000 325.547638 0.216000 192.425003
4054.500000 325.547638 0.216000 192.524994
4055.875000 325.751801 0.216000 192.615005
4056.875000 325.960541 0.216000 192.720001
4057.375000 326.167755 0.216000 192.820007
4058.875000 326.167755 0.216000 192.919998
4059.125000 326.371185 0.216000 193.020004
4059.750000 326.582031 0.216000 193.125000
4061.000000 326.582031 0.216000 193.214996
4061.500000 326.809265 0.216000 193.320007
4062.625000 327.014740 0.316000 193.419998
4063.500000 327.220184 0.316000 193.520004
4064.250000 327.220184 0.316000 193.619995
4064.375000 327.432770 0.316000 193.714996
4065.625000 327.637238 0.316000 193.820007
4065.750000 327.841278 0.316000 193.919998
4066.750000 327.841278 0.316000 194.020004
4067.125000 328.044220 0.316000 194.119995
4067.750000 328.248535 0.316000 194.214996
4068.125000 328.448914 0.316000 194.320007
4068.250000 328.448914 0.313000 194.419998
4068.250000 328.651550 0.313000 194.514999
4068.250000 328.651550 0.313000 194.615005
4068.375000 328.651550 0.313000 194.725006
4068.500000 328.863770 0.313000 194.815002
4068.500000 328.863770 0.313000 194.914993
4068.625000 328.863770 0.313000 195.020004
4068.625000 328.863770 0.313000 195.119995
4068.750000 328.863770 0.313000 195.220001
4068.875000 328.863770 0.313000 195.324997
4069.125000 328.863770 0.280000 195.425003
4069.500000 328.863770 0.280000 195.520004
4069.500000 328.863770 0.280000 195.625000
4069.500000 328.863770 0.280000 195.720001
4070.125000 328.863770 0.280000 195.820007
4070.625000 328.863770 0.280000 195.919998
4071.125000 329.063965 0.280000 196.020004
4071.375000 329.063965 0.280000 196.119995
4071.375000 329.063965 0.280000 196.214996
4071.500000 329.269318 0.280000 196.320007
4072.000000 329.471649 0.263000 196.419998
4073.000000 329.471649 0.263000 196.524994
4073.250000 329.699982 0.263000 196.619995
4073.375000 329.904175 0.263000 196.720001
4073.875000 329.904175 0.263000 196.820007
4074.375000 330.121307 0.263000 196.919998
4074.500000 330.322174 0.263000 197.009995
4074.875000 330.322174 0.263000 197.115005
4075.500000 330.522736 0.263000 197.220001
4075.750000 330.725739 0.263000 197.324997
4076.250000 330.931763 0.280000 197.414993
4076.750000 330.931763 0.280000 197.524994
4076.875000 331.140930 0.280000 197.619995
4077.375000 331.345459 0.280000 197.720001
4078.375000 331.549255 0.280000 197.820007
4078.625000 331.549255 0.280000 197.919998
4079.875000 331.750244 0.280000 198.024994
4080.125000 331.956024 0.280000 198.115005
4081.125000 331.956024 0.280000 198.214996
4081.625000 332.167755 0.280000 198.315002
4082.750000 332.388336 0.228000 198.425003
4083.125000 332.590088 0.228000 198.514999
4083.875000 332.590088 0.228000 198.619995
4084.375000 332.794312 0.228000 198.714996
4084.875000 332.999573 0.228000 198.824997
4084.875000 332.999573 0.228000 198.910004
4085.625000 333.205109 0.228000 199.024994
4086.125000 333.410645 0.228000 199.119995
4087.000000 333.617493 0.228000 199.225006
4087.250000 333.823517 0.228000 199.320007
4087.250000 333.823517 0.271000 199.419998
4087.875000 334.043701 0.271000 199.520004
4088.125000 334.247040 0.271000 199.625000
4088.250000 334.469421 0.271000 199.714996
4089.500000 334.670349 0.271000 199.820007
4090.000000 334.670349 0.271000 199.914993
4090.750000 334.908203 0.271000 200.020004
4090.750000 335.113617 0.271000 200.119995
4091.625000 335.113617 0.271000 200.225006
4091.750000 335.320618 0.271000 200.315002
4092.125000 335.529205 0.266000 200.425003
4092.250000 335.529205 0.266000 200.524994
4093.125000 335.746277 0.266000 200.619995
4093.375000 335.948975 0.266000 200.725006
4093.750000 336.152039 0.266000 200.820007
4093.875000 336.152039 0.266000 200.914993
4093.875000 336.355469 0.266000 201.020004
4093.875000 336.558411 0.266000 201.115005
4094.250000 336.766754 0.266000 201.220001
4094.375000 336.971558 0.266000 201.320007
4095.500000 337.174042 0.257000 201.419998
4095.875000 337.174042 0.257000 201.514999
4096.125000 337.588318 0.257000 201.625000
4096.750000 337.588318 0.257000 201.714996
4096.875000 337.817261 0.257000 201.815002
4096.875000 338.026764 0.257000 201.919998
4097.375000 338.236481 0.257000 202.020004
4097.375000 338.446320 0.257000 202.119995
4097.500000 338.686188 0.257000 202.214996
4097.625000 338.916107 0.257000 202.320007
4097.875000 339.126068 0.243000 202.419998
4098.000000 339.335846 0.243000 202.520004
4098.000000 339.545410 0.243000 202.619995
4098.250000 339.754791 0.243000 202.720001
4098.375000 339.964355 0.243000 202.820007
4098.500000 339.964355 0.243000 202.914993
4098.750000 340.384094 0.243000 203.024994
4099.000000 340.584106 0.243000 203.125000
4099.250000 340.784149 0.243000 203.229996
4099.375000 340.784149 0.243000 203.320007
4099.500000 340.984192 0.235000 203.419998
4099.750000 341.204254 0.235000 203.520004
4100.000000 341.414124 0.235000 203.619995
4100.375000 341.624023 0.235000 203.714996
4100.875000 341.833984 0.235000 203.820007
4101.125000 342.043945 0.235000 203.919998
4101.750000 342.283569 0.235000 204.014999
4101.875000 342.513275 0.235000 204.110001
4102.125000 342.723114 0.235000 204.225006
4102.375000 342.932983 0.235000 204.320007
4102.750000 343.142914 0.240000 204.419998
4103.875000 343.352905 0.240000 204.520004
4104.625000 343.552948 0.240000 204.619995
4104.750000 343.753021 0.240000 204.720001
4105.250000 343.953064 0.240000 204.820007
4106.500000 344.153076 0.240000 204.925003
4107.750000 344.362854 0.240000 205.024994
4107.875000 344.572418 0.240000 205.125000
4108.125000 344.572418 0.240000 205.214996
4109.375000 344.782074 0.210000 205.320007
4110.250000 345.011871 0.210000 205.425003
4110.750000 345.221649 0.210000 205.514999
4111.000000 345.430695 0.210000 205.619995
4111.250000 345.638763 0.210000 205.725006
4112.375000 345.843903 0.210000 205.820007
4112.750000 346.048798 0.210000 205.919998
4113.250000 346.048798 0.210000 206.020004
4113.375000 346.253235 0.210000 206.115005
4113.625000 346.455231 0.210000 206.214996
4114.000000 346.656830 0.233000 206.324997
4114.250000 346.656830 0.233000 206.425003
4114.375000 346.859100 0.233000 206.520004
4114.500000 347.060303 0.233000 206.615005
4114.750000 347.260895 0.233000 206.720001
4114.750000 347.260895 0.233000 206.815002
4122.125000 347.466980 0.233000 206.919998
4122.375000 347.466980 0.233000 207.014999
4122.375000 347.669556 0.233000 207.119995
4122.625000 347.669556 0.233000 207.220001
4123.000000 347.669556 0.200000 207.320007
4123.125000 347.669556 0.200000 207.425003
4123.500000 347.669556 0.200000 207.524994
4123.625000 347.669556 0.200000 207.619995
4124.000000 347.871674 0.200000 207.714996
4124.250000 347.871674 0.200000 207.815002
4124.500000 347.871674 0.200000 207.919998
4124.500000 347.871674 0.200000 208.020004
4124.500000 347.871674 0.200000 208.115005
4125.250000 347.871674 0.200000 208.220001
4125.250000 347.871674 0.207000 208.320007
4125.500000 347.871674 0.207000 208.419998
4125.500000 347.871674 0.207000 208.520004
4125.750000 347.871674 0.207000 208.615005
4125.875000 347.871674 0.207000 208.720001
4126.000000 347.871674 0.207000 208.815002
4126.000000 347.871674 0.207000 208.919998
4126.000000 347.871674 0.207000 209.014999
4126.125000 347.871674 0.207000 209.125000
4126.125000 347.871674 0.207000 209.225006
4126.125000 347.871674 0.190000 209.324997
4126.250000 347.871674 0.190000 209.419998
4126.500000 347.871674 0.190000 209.520004
4126.500000 347.871674 0.190000 209.619995
4126.500000 347.871674 0.190000 209.714996
4126.500000 347.871674 0.190000 209.820007
4126.625000 347.871674 0.190000 209.914993
4126.625000 347.871674 0.190000 210.020004
4126.875000 347.871674 0.190000 210.119995
4126.875000 347.871674 0.190000 210.214996
4126.875000 347.871674 0.199000 210.315002
4126.875000 347.871674 0.199000 210.419998
4127.000000 347.871674 0.199000 210.520004
4127.000000 347.871674 0.199000 210.619995
4127.250000 347.871674 0.199000 210.720001
4127.500000 347.871674 0.199000 210.815002
4127.625000 347.871674 0.199000 210.919998
4127.625000 347.871674 0.199000 211.024994
4127.750000 347.871674 0.199000 211.119995
4128.000000 347.871674 0.199000 211.220001
4128.000000 347.871674 0.202000 211.320007
4128.000000 347.871674 0.202000 211.425003
4128.000000 347.871674 0.202000 211.520004
4128.375000 347.871674 0.202000 211.619995
4128.500000 347.871674 0.202000 211.720001
4128.625000 347.871674 0.202000 211.824997
4128.625000 347.871674 0.202000 211.925003
4128.625000 347.871674 0.202000 212.020004
4128.625000 347.871674 0.202000 212.119995
4129.000000 347.871674 0.202000 212.220001
4129.000000 347.871674 0.191000 212.315002
4129.000000 347.871674 0.191000 212.425003
4129.000000 347.871674 0.191000 212.524994
4129.250000 347.871674 0.191000 212.630005
4129.250000 347.871674 0.191000 212.725006
4129.250000 347.871674 0.191000 212.820007
4129.250000 347.871674 0.191000 212.919998
4129.250000 347.871674 0.191000 213.024994
4129.500000 347.871674 0.191000 213.125000
4129.625000 347.871674 0.191000 213.225006
4129.750000 347.871674 0.196000 213.330002
4129.875000 347.871674 0.196000 213.419998
4130.000000 347.871674 0.196000 213.529999
4130.000000 347.871674 0.196000 213.630005
4130.000000 347.871674 0.196000 213.725006
4130.375000 347.871674 0.196000 213.820007
4130.375000 347.871674 0.196000 213.925003
4130.750000 347.871674 0.196000 214.029999
4130.750000 347.871674 0.196000 214.130005
4130.875000 347.871674 0.196000 214.220001
4130.875000 347.871674 0.187000 214.320007
4131.625000 347.871674 0.187000 214.429993
4131.625000 347.871674 0.187000 214.529999
4131.625000 347.871674 0.187000 214.625000
4131.625000 347.871674 0.187000 214.725006
4131.750000 347.871674 0.187000 214.830002
4132.250000 347.871674 0.187000 214.929993
4132.250000 347.871674 0.187000 215.020004
4132.250000 347.871674 0.187000 215.125000
4132.250000 347.871674 0.187000 215.225006
4132.250000 347.871674 0.190000 215.330002
4132.750000 347.871674 0.190000 215.425003
4132.750000 347.871674 0.190000 215.524994
4132.875000 347.871674 0.190000 215.630005
4132.875000 347.871674 0.190000 215.729996
4132.875000 347.871674 0.190000 215.824997
4132.875000 347.871674 0.190000 215.925003
4133.375000 347.871674 0.190000 216.024994
4133.500000 347.871674 0.190000 216.130005
4133.500000 347.871674 0.190000 216.225006
4133.875000 347.871674 0.184000 216.324997
4133.875000 347.871674 0.184000 216.419998
4133.875000 347.871674 0.184000 216.524994
4133.875000 347.871674 0.184000 216.619995
4133.875000 347.871674 0.184000 216.729996
4134.250000 347.871674 0.184000 216.830002
4134.250000 347.871674 0.184000 216.925003
4134.250000 347.871674 0.184000 217.024994
4134.250000 347.871674 0.184000 217.125000
4134.375000 347.871674 0.184000 217.225006
4134.750000 347.871674 0.198000 217.324997
4134.875000 347.871674 0.198000 217.425003
4135.000000 347.871674 0.198000 217.529999
4135.000000 347.871674 0.198000 217.619995
4135.000000 347.871674 0.198000 217.729996
4135.500000 347.871674 0.198000 217.820007
4135.500000 347.871674 0.198000 217.929993
4135.625000 347.871674 0.198000 218.029999
4135.625000 347.871674 0.198000 218.119995
4135.750000 347.871674 0.198000 218.225006
4135.750000 347.871674 0.199000 218.320007
4136.125000 347.871674 0.199000 218.429993
4136.500000 347.871674 0.199000 218.524994
4136.625000 347.871674 0.199000 218.630005
4136.625000 347.871674 0.199000 218.725006
4136.875000 347.871674 0.199000 218.824997
4137.125000 347.871674 0.199000 218.919998
4137.250000 347.871674 0.199000 219.029999
4137.250000 347.871674 0.199000 219.125000
4137.250000 347.871674 0.199000 219.225006
4137.375000 347.871674 0.202000 219.324997
4137.375000 347.871674 0.202000 219.425003
4137.375000 347.871674 0.202000 219.524994
4137.375000 347.871674 0.202000 219.630005
4137.375000 347.871674 0.202000 219.725006
4137.500000 347.871674 0.202000 219.830002
4137.500000 347.871674 0.202000 219.925003
4137.625000 347.871674 0.202000 220.024994
4137.625000 347.871674 0.202000 220.119995
4137.750000 347.871674 0.202000 220.225006
4137.875000 347.871674 0.193000 220.324997
4137.875000 347.871674 0.193000 220.419998
4137.875000 347.871674 0.193000 220.524994
4137.875000 347.871674 0.193000 220.625000
4137.875000 347.871674 0.193000 220.725006
4137.875000 347.871674 0.193000 220.830002
4137.875000 347.871674 0.193000 220.925003
4137.875000 347.871674 0.193000 221.020004
4137.875000 347.871674 0.193000 221.125000
4137.875000 347.871674 0.193000 221.225006
4137.875000 347.871674 0.241000 221.330002
4137.875000 347.871674 0.241000 221.429993
4137.875000 347.871674 0.241000 221.524994
4138.000000 347.871674 0.241000 221.630005
4138.000000 347.871674 0.241000 221.725006
4138.000000 347.871674 0.241000 221.815002
4138.000000 347.871674 0.241000 221.925003
4138.000000 347.871674 0.241000 222.014999
4138.000000 347.871674 0.241000 222.125000
4138.125000 347.871674 0.241000 222.220001
4138.125000 347.871674 0.189000 222.320007
4138.125000 347.871674 0.189000 222.425003
4138.125000 347.871674 0.189000 222.524994
4138.125000 347.871674 0.189000 222.619995
4138.125000 347.871674 0.189000 222.720001
4138.125000 347.871674 0.189000 222.820007
4138.125000 347.871674 0.189000 222.919998
4138.125000 347.871674 0.189000 223.020004
4138.125000 347.871674 0.189000 223.115005
4138.125000 347.871674 0.189000 223.220001
4138.125000 347.871674 0.183000 223.315002
4138.125000 347.871674 0.183000 223.419998
4138.125000 347.871674 0.183000 223.520004
4138.125000 347.871674 0.183000 223.625000
4138.125000 347.871674 0.183000 223.720001
4138.125000 347.871674 0.183000 223.815002
4138.125000 347.871674 0.183000 223.925003
4138.125000 347.871674 0.183000 224.024994
4138.125000 347.871674 0.183000 224.119995
4138.125000 347.871674 0.183000 224.225006
4138.125000 347.871674 0.183000 224.320007
4138.250000 347.871674 0.183000 224.419998
4138.250000 347.871674 0.183000 224.514999
4138.250000 347.871674 0.183000 224.619995
4138.250000 347.871674 0.183000 224.720001
4138.250000 347.871674 0.183000 224.824997
4138.250000 347.871674 0.183000 224.919998
4138.250000 347.871674 0.183000 225.014999
4138.250000 347.871674 0.183000 225.119995
4138.250000 347.871674 0.183000 225.220001
4138.250000 347.871674 0.188000 225.324997
4138.250000 347.871674 0.188000 225.410004
4138.250000 347.871674 0.188000 225.520004
4138.250000 347.871674 0.188000 225.619995
4138.250000 347.871674 0.188000 225.725006
4138.250000 347.871674 0.188000 225.820007
4138.250000 347.871674 0.188000 225.925003
4138.250000 347.871674 0.188000 226.020004
4138.250000 347.871674 0.188000 226.119995
4138.250000 347.871674 0.188000 226.220001
4138.250000 347.871674 0.213000 226.320007
4138.250000 347.871674 0.213000 226.425003
4138.250000 347.871674 0.213000 226.520004
4138.375000 347.871674 0.213000 226.619995
4138.375000 347.871674 0.213000 226.720001
4138.375000 347.871674 0.213000 226.815002
4138.375000 347.871674 0.213000 226.925003
4138.375000 347.871674 0.213000 227.020004
4138.375000 347.871674 0.213000 227.119995
4138.375000 347.871674 0.213000 227.225006
4138.375000 347.871674 0.195000 227.315002
4138.375000 347.871674 0.195000 227.419998
4138.375000 347.871674 0.195000 227.520004
4138.375000 347.871674 0.195000 227.625000
4138.375000 347.871674 0.195000 227.720001
4138.375000 347.871674 0.195000 227.820007
4138.375000 347.871674 0.195000 227.914993
4138.375000 347.871674 0.195000 228.014999
4138.375000 347.871674 0.195000 228.119995
4138.375000 347.871674 0.195000 228.214996
4138.375000 347.871674 0.184000 228.315002
4138.375000 347.871674 0.184000 228.414993
4138.375000 347.871674 0.184000 228.520004
4138.375000 347.871674 0.184000 228.615005
4138.375000 347.871674 0.184000 228.720001
4138.375000 347.871674 0.184000 228.820007
4138.375000 347.871674 0.184000 228.914993
4138.375000 347.871674 0.184000 229.020004
4138.375000 347.871674 0.184000 229.110001
4138.375000 347.871674 0.184000 229.210007
4138.375000 347.871674 0.187000 229.320007
4138.375000 347.871674 0.187000 229.419998
4138.375000 347.871674 0.187000 229.520004
4138.375000 347.871674 0.187000 229.619995
4138.375000 347.871674 0.187000 229.729996
4138.375000 347.871674 0.187000 229.830002
4138.375000 347.871674 0.187000 229.919998
4138.500000 347.871674 0.187000 230.024994
4138.500000 347.871674 0.187000 230.125000
4138.500000 347.871674 0.187000 230.214996
4138.500000 347.871674 0.199000 230.320007
4138.625000 347.871674 0.199000 230.414993
4138.875000 347.871674 0.199000 230.514999
4139.000000 347.871674 0.199000 230.625000
4139.000000 347.871674 0.199000 230.720001
4139.000000 347.871674 0.199000 230.815002
4139.000000 347.871674 0.199000 230.925003
4139.000000 347.871674 0.199000 231.020004
4139.000000 347.871674 0.199000 231.119995
4139.000000 347.871674 0.199000 231.214996
4139.000000 347.871674 0.196000 231.315002
4139.000000 347.871674 0.196000 231.414993
4139.000000 347.871674 0.196000 231.524994
4139.000000 347.871674 0.196000 231.610001
4139.000000 347.871674 0.196000 231.720001
4139.000000 347.871674 0.196000 231.820007
4139.000000 347.871674 0.196000 231.919998
4139.000000 347.871674 0.196000 232.020004
4139.000000 347.871674 0.196000 232.119995
4139.000000 347.871674 0.196000 232.220001
4139.000000 347.871674 0.187000 232.315002
4139.000000 347.871674 0.187000 232.425003
4139.000000 347.871674 0.187000 232.520004
4139.000000 347.871674 0.187000 232.619995
4139.000000 347.871674 0.187000 232.714996
4139.000000 347.871674 0.187000 232.820007
4139.000000 347.871674 0.187000 232.919998
4139.000000 347.871674 0.187000 233.024994
4139.000000 347.871674 0.187000 233.125000
4139.000000 347.871674 0.187000 233.220001
4139.000000 347.871674 0.192000 233.315002
4139.000000 347.871674 0.192000 233.414993
4139.000000 347.871674 0.192000 233.520004
4139.000000 347.871674 0.192000 233.615005
4139.000000 347.871674 0.192000 233.720001
4139.000000 347.871674 0.192000 233.820007
4139.000000 347.871674 0.192000 233.914993
4139.000000 347.871674 0.192000 234.024994
4139.000000 347.871674 0.192000 234.115005
4139.125000 347.871674 0.192000 234.225006
4139.375000 347.871674 0.183000 234.315002
4139.500000 347.871674 0.183000 234.419998
4139.500000 347.871674 0.183000 234.524994
4139.625000 347.871674 0.183000 234.625000
4139.875000 347.871674 0.183000 234.720001
4140.000000 347.871674 0.183000 234.820007
4140.000000 347.871674 0.183000 234.919998
4140.125000 347.871674 0.183000 235.024994
4140.375000 347.871674 0.183000 235.119995
4140.500000 347.871674 0.183000 235.220001
4140.500000 347.871674 0.191000 235.320007
4140.500000 347.871674 0.191000 235.419998
4140.750000 347.871674 0.191000 235.520004
4140.750000 347.871674 0.191000 235.615005
4140.750000 347.871674 0.191000 235.714996
4140.875000 347.871674 0.191000 235.824997
4140.875000 347.871674 0.191000 235.914993
4140.875000 347.871674 0.191000 236.024994
4140.875000 347.871674 0.191000 236.119995
4140.875000 347.871674 0.191000 236.220001
4140.875000 347.871674 0.198000 236.309998
4140.875000 347.871674 0.198000 236.419998
4140.875000 347.871674 0.198000 236.524994
4140.875000 347.871674 0.198000 236.615005
4140.875000 347.871674 0.198000 236.720001
4141.000000 347.871674 0.198000 236.820007
4141.000000 347.871674 0.198000 236.925003
4141.000000 347.871674 0.198000 237.020004
4141.000000 347.871674 0.198000 237.115005
4141.000000 347.871674 0.198000 237.220001
4141.125000 347.871674 0.190000 237.315002
4141.250000 347.871674 0.190000 237.414993
4141.250000 347.871674 0.190000 237.520004
4141.250000 347.871674 0.190000 237.615005
4141.250000 347.871674 0.190000 237.720001
4141.750000 347.871674 0.190000 237.824997
4141.750000 347.871674 0.190000 237.919998
4141.750000 347.871674 0.190000 238.024994
4141.750000 347.871674 0.190000 238.119995
4142.250000 347.871674 0.190000 238.214996
4142.250000 347.871674 0.189000 238.320007
4142.250000 347.871674 0.189000 238.419998
4142.250000 347.871674 0.189000 238.520004
4142.250000 347.871674 0.189000 238.625000
4142.375000 347.871674 0.189000 238.725006
4142.750000 347.871674 0.189000 238.820007
4142.750000 347.871674 0.189000 238.919998
4142.750000 347.871674 0.189000 239.020004
4142.750000 347.871674 0.189000 239.119995
4142.750000 347.871674 0.189000 239.220001
4142.750000 347.871674 0.186000 239.320007
4142.750000 347.871674 0.186000 239.414993
4142.750000 347.871674 0.186000 239.520004
4142.750000 347.871674 0.186000 239.619995
4142.750000 347.871674 0.186000 239.725006
4142.750000 347.871674 0.186000 239.820007
4142.750000 347.871674 0.186000 239.925003
4142.750000 347.871674 0.186000 240.014999
4142.750000 347.871674 0.186000 240.125000
4142.750000 347.871674 0.186000 240.225006
4142.750000 347.871674 0.193000 240.315002
4142.750000 347.871674 0.193000 240.419998
4142.750000 347.871674 0.193000 240.514999
4142.750000 347.871674 0.193000 240.625000
4142.750000 347.871674 0.193000 240.720001
4142.750000 347.871674 0.193000 240.820007
4142.750000 347.871674 0.193000 240.919998
4142.750000 347.871674 0.193000 241.009995
4142.750000 347.871674 0.193000 241.119995
4142.750000 347.871674 0.193000 241.220001
4142.750000 347.871674 0.181000 241.330002
4142.750000 347.871674 0.181000 241.419998
4142.750000 347.871674 0.181000 241.514999
4142.750000 347.871674 0.181000 241.610001
4142.750000 347.871674 0.181000 241.720001
4142.750000 347.871674 0.181000 241.815002
4142.750000 347.871674 0.181000 241.914993
4142.750000 347.871674 0.181000 242.020004
4142.750000 347.871674 0.181000 242.125000
4142.750000 347.871674 0.181000 242.220001
4142.750000 347.871674 0.178000 242.320007
4142.750000 347.871674 0.178000 242.419998
4142.750000 347.871674 0.178000 242.524994
4142.750000 347.871674 0.178000 242.615005
4142.750000 347.871674 0.178000 242.725006
4142.750000 347.871674 0.178000 242.820007
4142.750000 347.871674 0.178000 242.919998
4142.750000 347.871674 0.178000 243.024994
4142.750000 347.871674 0.178000 243.119995
4142.750000 347.871674 0.178000 243.225006
4142.750000 347.871674 0.193000 243.320007
4142.750000 347.871674 0.193000 243.425003
4142.750000 347.871674 0.193000 243.520004
4142.750000 347.871674 0.193000 243.619995
4142.750000 347.871674 0.193000 243.720001
4142.750000 347.871674 0.193000 243.815002
4142.750000 347.871674 0.193000 243.925003
4142.750000 347.871674 0.193000 244.020004
4142.750000 347.871674 0.193000 244.125000
4142.750000 347.871674 0.193000 244.220001
4142.750000 347.871674 0.188000 244.315002
4142.875000 347.871674 0.188000 244.425003
4142.875000 347.871674 0.188000 244.520004
4142.875000 347.871674 0.188000 244.615005
4142.875000 347.871674 0.188000 244.720001
4143.000000 347.871674 0.188000 244.815002
4143.000000 347.871674 0.188000 244.919998
4143.125000 347.871674 0.188000 245.020004
4143.125000 347.871674 0.188000 245.125000
4143.125000 347.871674 0.188000 245.220001
4143.250000 347.871674 0.187000 245.324997
4143.250000 347.871674 0.187000 245.419998
4143.250000 347.871674 0.187000 245.524994
4143.250000 347.871674 0.187000 245.625000
4143.250000 347.871674 0.187000 245.714996
4143.250000 347.871674 0.187000 245.815002
4143.250000 347.871674 0.187000 245.925003
4143.250000 347.871674 0.187000 246.020004
4143.250000 347.871674 0.187000 246.119995
4143.250000 347.871674 0.187000 246.220001
4143.250000 347.871674 0.203000 246.315002
4143.250000 347.871674 0.203000 246.425003
4143.250000 347.871674 0.203000 246.520004
4143.250000 347.871674 0.203000 246.619995
4143.250000 347.871674 0.203000 246.725006
4143.250000 347.871674 0.203000 246.824997
4143.250000 347.871674 0.203000 246.925003
4143.250000 347.871674 0.203000 247.020004
4143.250000 347.871674 0.203000 247.125000
4143.250000 347.871674 0.203000 247.225006
4143.250000 347.871674 0.194000 247.315002
4143.250000 347.871674 0.194000 247.414993
4143.250000 347.871674 0.194000 247.514999
4143.250000 347.871674 0.194000 247.619995
4143.250000 347.871674 0.194000 247.725006
4143.250000 347.871674 0.194000 247.830002
4143.250000 347.871674 0.194000 247.919998
4143.250000 347.871674 0.194000 248.024994
4143.250000 347.871674 0.194000 248.125000
4143.250000 347.871674 0.194000 248.225006
4143.250000 347.871674 0.186000 248.320007
4143.250000 347.871674 0.186000 248.425003
4143.250000 347.871674 0.186000 248.520004
4143.250000 347.871674 0.186000 248.619995
4143.250000 347.871674 0.186000 248.720001
4143.250000 347.871674 0.186000 248.815002
4143.250000 347.871674 0.186000 248.925003
4143.250000 347.871674 0.186000 249.024994
4143.250000 347.871674 0.186000 249.119995
4143.250000 347.871674 0.186000 249.225006
4143.250000 347.871674 0.193000 249.320007
4143.250000 347.871674 0.193000 249.425003
4143.250000 347.871674 0.193000 249.520004
4143.250000 347.871674 0.193000 249.619995
4143.250000 347.871674 0.193000 249.725006
4143.250000 347.871674 0.193000 249.824997
4143.250000 347.871674 0.193000 249.919998
4143.250000 347.871674 0.193000 250.020004
4143.250000 347.871674 0.193000 250.119995
4143.250000 347.871674 0.193000 250.220001
4143.250000 347.871674 0.196000 250.317001
4143.250000 347.871674 0.196000 250.419998
4143.250000 347.871674 0.196000 250.520004
4143.250000 347.871674 0.196000 250.615005
4143.250000 347.871674 0.196000 250.725006
4143.250000 347.871674 0.196000 250.824997
4143.250000 347.871674 0.196000 250.910004
4143.250000 347.871674 0.196000 251.020004
4143.250000 347.871674 0.196000 251.125000
4143.250000 347.871674 0.196000 251.220001
4143.250000 347.871674 0.188000 251.320007
4143.250000 347.871674 0.188000 251.419998
4143.250000 347.871674 0.188000 251.514999
4143.250000 347.871674 0.188000 251.619995
4143.375000 347.871674 0.188000 251.725006
4143.375000 347.871674 0.188000 251.820007
4143.375000 347.871674 0.188000 251.925003
4143.375000 347.871674 0.188000 252.020004
4143.375000 347.871674 0.188000 252.119995
4143.375000 347.871674 0.188000 252.220001
4143.375000 347.871674 0.188000 252.324997
4143.375000 347.871674 0.188000 252.419998
4143.375000 347.871674 0.188000 252.514999
4143.375000 347.871674 0.188000 252.619995
4143.375000 347.871674 0.188000 252.714996
4143.375000 347.871674 0.188000 252.820007
4143.375000 347.871674 0.188000 252.914993
4143.500000 347.871674 0.188000 253.014999
4143.750000 347.871674 0.188000 253.119995
4144.125000 347.871674 0.188000 253.220001
4144.500000 347.871674 0.202000 253.315002
4144.750000 347.871674 0.202000 253.425003
4144.875000 347.871674 0.202000 253.514999
4145.125000 347.871674 0.202000 253.615005
4145.125000 347.871674 0.202000 253.725006
4145.250000 347.871674 0.202000 253.820007
4145.250000 347.871674 0.202000 253.925003
4145.500000 347.871674 0.202000 254.020004
4145.500000 347.871674 0.202000 254.125000
4145.500000 347.871674 0.202000 254.220001
4145.500000 347.871674 0.197000 254.304993
4145.500000 347.871674 0.197000 254.419998
4145.625000 347.871674 0.197000 254.524994
4145.625000 347.871674 0.197000 254.615005
4145.625000 347.871674 0.197000 254.720001
4145.750000 347.871674 0.197000 254.820007
4145.750000 347.871674 0.197000 254.914993
4145.750000 347.871674 0.197000 255.020004
4145.750000 347.871674 0.197000 255.119995
4145.750000 347.871674 0.197000 255.220001
4145.750000 347.871674 0.185000 255.320007
4145.875000 347.871674 0.185000 255.425003
4146.000000 347.871674 0.185000 255.520004
4146.125000 347.871674 0.185000 255.619995
4146.125000 347.871674 0.185000 255.725006
4146.125000 347.871674 0.185000 255.824997
4146.125000 347.871674 0.185000 255.925003
4146.125000 347.871674 0.185000 256.019989
4146.125000 347.871674 0.185000 256.114990
4146.125000 347.871674 0.185000 256.225006
4146.125000 347.871674 0.190000 256.320007
4146.125000 347.871674 0.190000 256.424988
4146.250000 347.871674 0.190000 256.524994
4146.375000 347.871674 0.190000 256.619995
4146.375000 347.871674 0.190000 256.714996
4146.375000 347.871674 0.190000 256.820007
4146.625000 347.871674 0.190000 256.915009
4146.625000 347.871674 0.190000 257.024994
4146.625000 347.871674 0.190000 257.119995
4146.875000 347.871674 0.190000 257.225006
4146.875000 347.871674 0.184000 257.320007
4146.875000 347.871674 0.184000 257.420013
4146.875000 347.871674 0.184000 257.519989
4146.875000 347.871674 0.184000 257.619995
4146.875000 347.871674 0.184000 257.720001
4146.875000 347.871674 0.184000 257.815002
4146.875000 347.871674 0.184000 257.920013
4146.875000 347.871674 0.184000 258.019989
4146.875000 347.871674 0.184000 258.114990
4146.875000 347.871674 0.184000 258.214996
4146.875000 347.871674 0.182000 258.329987
4146.875000 347.871674 0.182000 258.415009
4146.875000 347.871674 0.182000 258.519989
4146.875000 347.871674 0.182000 258.619995
4146.875000 347.871674 0.182000 258.725006
4146.875000 347.871674 0.182000 258.815002
4146.875000 347.871674 0.182000 258.924988
4146.875000 347.871674 0.182000 259.019989
4146.875000 347.871674 0.182000 259.119995
4146.875000 347.871674 0.182000 259.225006
4146.875000 347.871674 0.182000 259.320007
4146.875000 347.871674 0.182000 259.424988
4146.875000 347.871674 0.182000 259.519989
4146.875000 347.871674 0.182000 259.619995
4146.875000 347.871674 0.182000 259.720001
4146.875000 347.871674 0.182000 259.820007
4146.875000 347.871674 0.182000 259.924988
4146.875000 347.871674 0.182000 260.019989
4146.875000 347.871674 0.182000 260.125000
4147.125000 347.871674 0.182000 260.220001
4147.125000 347.871674 0.182000 260.320007
