73.375000 0.000000 0.000000 0.060000
94.625000 0.204638 0.000000 0.170000
110.500000 0.204638 0.000000 0.260000
125.875000 0.408330 0.000000 0.370000
137.125000 0.650511 0.000000 0.470000
145.625000 0.853897 0.000000 0.555000
156.000000 1.060626 0.000000 0.670000
163.125000 1.269013 0.000000 0.760000
170.875000 1.478223 0.000000 0.875000
179.375000 1.717756 0.000000 0.965000
187.875000 1.927476 0.000000 1.060000
195.000000 2.137212 0.000000 1.170000
202.500000 2.347024 0.000000 1.260000
209.625000 2.556874 0.000000 1.370000
216.500000 2.556874 0.000000 1.455000
225.000000 2.976553 0.000000 1.570000
234.250000 3.186411 0.000000 1.675000
243.500000 3.186411 0.000000 1.760000
254.000000 3.396269 0.000000 1.865000
264.625000 3.616118 0.000000 1.955000
278.625000 3.846012 0.000000 2.065000
290.250000 4.095930 0.000000 2.150000
304.875000 4.315880 0.000000 2.260000
320.500000 4.535823 0.000000 2.370000
331.250000 4.745716 0.000000 2.455000
343.125000 4.955392 0.000000 2.570000
353.500000 4.955392 0.000000 2.655000
361.375000 5.165123 0.000000 2.765000
372.125000 5.404805 0.000000 2.850000
380.375000 5.654268 0.000000 2.965000
391.375000 5.903731 0.000000 3.055000
403.375000 6.110186 0.000000 3.170000
412.250000 6.316096 0.000000 3.255000
420.375000 6.522659 0.000000 3.370000
431.125000 6.522659 0.000000 3.455000
440.875000 6.735683 0.000000 3.570000
449.000000 6.735683 0.000000 3.660000
457.750000 6.941965 0.000000 3.770000
466.375000 7.146308 0.000000 3.860000
476.375000 7.146308 0.000000 3.965000
483.625000 7.348618 0.000000 4.050000
488.125000 7.552417 0.000000 4.170000
496.750000 7.783812 0.000000 4.260000
503.125000 7.783812 0.000000 4.340000
509.500000 8.004580 0.000000 4.455000
514.750000 8.229556 0.000000 4.570000
519.000000 8.466896 0.000000 4.655000
525.625000 8.705434 0.000000 4.765000
532.250000 8.944514 0.000000 4.870000
537.750000 9.183946 0.000000 4.970000
543.250000 9.393663 0.000000 5.065000
547.500000 9.603469 0.000000 5.170000
551.375000 9.813294 0.000000 5.265000
555.750000 9.813294 0.000000 5.350000
558.875000 10.023095 0.000000 5.470000
562.250000 10.262878 0.000000 5.560000
566.125000 10.502664 0.000000 5.670000
569.750000 10.752443 0.000000 5.770000
574.750000 10.972259 0.000000 5.865000
577.375000 11.182067 0.000000 5.970000
580.500000 11.391866 0.000000 6.055000
584.375000 11.601703 0.000000 6.165000
587.625000 11.601703 0.000000 6.255000
589.875000 11.821527 0.000000 6.370000
594.625000 12.061337 0.000000 6.455000
597.750000 12.301139 0.000000 6.570000
601.250000 12.550926 0.000000 6.655000
603.250000 12.780712 0.000000 6.770000
607.625000 12.990590 0.000000 6.855000
610.625000 13.200500 0.000000 6.975000
612.875000 13.200500 0.000000 7.060000
616.250000 13.630340 0.000000 7.175000
620.625000 13.630340 0.000000 7.260000
624.500000 13.840287 0.000000 7.365000
627.500000 14.050207 0.000000 7.455000
629.750000 14.290081 0.000000 7.570000
633.750000 14.499992 0.000000 7.665000
636.875000 14.749846 0.000000 7.755000
639.000000 14.979681 0.000000 7.870000
641.750000 15.189572 0.000000 7.980000
645.750000 15.399467 0.000000 8.065000
648.000000 15.609363 0.000000 8.165000
651.250000 15.609363 0.000000 8.250000
653.500000 15.819228 0.000000 8.360000
656.875000 16.029127 0.000000 8.470000
659.500000 16.259027 0.000000 8.555000
661.500000 16.498909 0.000000 8.670000
663.625000 16.708826 0.000000 8.765000
666.625000 16.928734 0.000000 8.870000
668.125000 17.168613 0.000000 8.965000
670.875000 17.378498 0.000000 9.075000
672.625000 17.588352 0.000000 9.160000
676.125000 17.798197 0.000000 9.270000
679.000000 17.798197 0.000000 9.355000
680.875000 18.217939 0.000000 9.470000
683.875000 18.217939 0.000000 9.555000
686.375000 18.427841 0.000000 9.670000
688.125000 18.657728 0.000000 9.755000
691.125000 18.867647 0.000000 9.865000
692.625000 19.077572 0.000000 9.945000
695.750000 19.287468 0.000000 10.070000
698.875000 19.497387 0.000000 10.155000
700.125000 19.707304 0.000000 10.270000
703.500000 19.957228 0.000000 10.360000
705.000000 20.167130 0.000000 10.470000
707.875000 20.377026 0.000000 10.560000
710.375000 20.586922 0.000000 10.670000
712.375000 20.586922 0.000000 10.750000
715.500000 21.006702 0.000000 10.870000
717.750000 21.006702 0.000000 10.950000
719.875000 21.216623 0.000000 11.070000
722.375000 21.456594 0.000000 11.155000
724.125000 21.686543 0.000000 11.270000
726.375000 21.896507 0.000000 11.360000
728.750000 22.106445 0.000000 11.470000
730.500000 22.346327 0.000000 11.555000
733.125000 22.556223 0.000000 11.665000
735.375000 22.766159 0.000000 11.745000
736.875000 22.976095 0.000000 11.860000
739.375000 23.186031 0.000000 11.970000
741.375000 23.395967 0.000000 12.060000
742.625000 23.605921 0.000000 12.170000
745.000000 23.605921 0.000000 12.255000
747.500000 23.815918 0.000000 12.365000
749.000000 24.015934 0.000000 12.455000
751.250000 24.215937 0.000000 12.560000
753.250000 24.445910 0.000000 12.650000
755.375000 24.695881 0.000000 12.765000
757.625000 24.945852 0.000000 12.855000
759.500000 25.155840 0.000000 12.970000
761.125000 25.365816 0.000000 13.060000
762.625000 25.575792 0.000000 13.170000
763.875000 25.785748 0.000000 13.260000
766.375000 25.995663 0.000000 13.370000
768.500000 25.995663 0.000000 13.460000
769.875000 26.215620 0.000000 13.565000
771.375000 26.445593 0.000000 13.650000
773.000000 26.685528 0.000000 13.770000
774.125000 26.895504 0.000000 13.860000
775.500000 27.105448 0.000000 13.970000
777.125000 27.345360 0.000000 14.055000
778.250000 27.555256 0.000000 14.170000
780.250000 27.765152 0.000000 14.255000
782.000000 27.975039 0.000000 14.370000
784.000000 28.184912 0.000000 14.455000
785.000000 28.394791 0.000000 14.565000
786.000000 28.394791 0.000000 14.650000
787.625000 28.814503 0.000000 14.770000
789.125000 28.814503 0.000000 14.855000
789.750000 29.024359 0.000000 14.965000
791.500000 29.254238 0.000000 15.055000
794.375000 29.494074 0.000000 15.170000
796.750000 29.743902 0.000000 15.255000
798.500000 29.953793 0.000000 15.370000
800.375000 30.163668 0.000000 15.460000
801.500000 30.373524 0.000000 15.570000
802.875000 30.583399 0.000000 15.655000
804.000000 30.793327 0.000000 15.765000
805.875000 30.793327 0.000000 15.855000
807.250000 31.003263 0.000000 15.965000
809.625000 31.213200 0.000000 16.059999
811.000000 31.423136 0.000000 16.170000
812.875000 31.653065 0.000000 16.254999
814.375000 31.882944 0.000000 16.360001
815.125000 32.112808 0.000000 16.465000
816.875000 32.342651 0.000000 16.555000
819.000000 32.552505 0.000000 16.670000
820.875000 32.762360 0.000000 16.754999
822.875000 32.972267 0.000000 16.870001
823.750000 33.182201 0.000000 16.959999
825.375000 33.392094 0.000000 17.070000
827.125000 33.392094 0.000000 17.150000
829.625000 33.811802 0.000000 17.270000
831.000000 33.811802 0.000000 17.355000
832.000000 34.021656 0.000000 17.475000
834.500000 34.261513 0.000000 17.559999
837.875000 34.501350 0.000000 17.670000
839.500000 34.731194 0.000000 17.750000
841.750000 34.951042 0.000000 17.865000
843.000000 35.160896 0.000000 17.950001
844.250000 35.370750 0.000000 18.065001
846.750000 35.370750 0.000000 18.150000
848.875000 35.790607 0.000000 18.260000
851.250000 36.000542 0.000000 18.365000
853.250000 36.000542 0.000000 18.450001
856.125000 36.210476 0.000000 18.565001
858.250000 36.440159 0.000000 18.655001
859.875000 36.649757 0.000000 18.770000
861.875000 36.859505 0.000000 18.855000
863.250000 37.089298 0.000000 18.969999
866.000000 37.339104 0.000000 19.055000
867.750000 37.549007 0.000000 19.165001
870.000000 37.758907 0.000000 19.250000
872.875000 37.968899 0.000000 19.365999
875.500000 37.968899 0.000000 19.450001
877.625000 38.408855 0.000000 19.570000
880.375000 38.408855 0.000000 19.655001
882.875000 38.618809 0.000000 19.764999
886.500000 38.838779 0.000000 19.855000
889.375000 39.038792 0.000000 19.969999
893.000000 39.248802 0.000000 20.055000
896.500000 39.478741 0.000000 20.170000
901.125000 39.688721 0.000000 20.254999
905.125000 39.898705 0.000000 20.370001
909.750000 40.148663 0.000000 20.459999
915.750000 40.358608 0.000000 20.570000
920.625000 40.568516 0.000000 20.655001
927.625000 40.778431 0.000000 20.775000
934.875000 40.988377 0.000000 20.860001
940.500000 41.198322 0.000000 20.969999
949.750000 41.198322 0.000000 21.055000
958.875000 41.408264 0.000000 21.170000
971.000000 41.648197 0.000000 21.254999
982.000000 41.868134 0.000000 21.360001
990.375000 42.098068 0.000000 21.469999
997.750000 42.348000 0.000000 21.559999
1005.000000 42.557919 0.000000 21.665001
1012.750000 42.767780 0.000000 21.754999
1021.000000 42.977665 0.000000 21.870001
1026.375000 43.187607 0.000000 21.959999
1034.250000 43.397549 0.000000 22.070000
1039.125000 43.397549 0.000000 22.155001
1044.125000 43.607491 0.000000 22.270000
1050.750000 43.847427 0.000000 22.355000
1056.750000 44.087360 0.000000 22.465000
1062.625000 44.347290 0.000000 22.559999
1068.875000 44.557285 0.000000 22.670000
1076.875000 44.767265 0.000000 22.760000
1083.875000 44.977207 0.000000 22.860001
1090.250000 45.187149 0.000000 22.959999
1095.000000 45.397091 0.000000 23.070000
1102.750000 45.397091 0.000000 23.160000
1110.625000 45.607033 0.000000 23.264999
1115.500000 45.856964 0.000000 23.360001
1121.250000 46.066879 0.000000 23.445000
1126.125000 46.276821 0.000000 23.570000
1130.250000 46.486763 0.000000 23.655001
1134.375000 46.696705 0.000000 23.770000
1137.750000 46.946651 0.000000 23.860001
1142.125000 47.156593 0.000000 23.969999
1144.750000 47.366535 0.000000 24.059999
1147.625000 47.576477 0.000000 24.174999
1149.625000 47.786419 0.000000 24.260000
1152.125000 47.996361 0.000000 24.370001
1154.500000 47.996361 0.000000 24.455000
1157.500000 48.206303 0.000000 24.570000
1159.500000 48.446259 0.000000 24.674999
1162.375000 48.656281 0.000000 24.760000
1165.375000 48.906223 0.000000 24.865000
1167.125000 49.146145 0.000000 24.959999
1169.250000 49.356033 0.000000 25.070000
1170.250000 49.565895 0.000000 25.160000
1171.875000 49.775757 0.000000 25.270000
1175.250000 49.985619 0.000000 25.360001
1176.250000 50.195522 0.000000 25.469999
1178.875000 50.195522 0.000000 25.555000
1182.000000 50.405464 0.000000 25.665001
1183.375000 50.615463 0.000000 25.764999
1186.250000 50.835411 0.000000 25.855000
1186.750000 51.065380 0.000000 25.959999
1188.000000 51.265404 0.000000 26.070000
1190.250000 51.475380 0.000000 26.155001
1190.750000 51.685322 0.000000 26.270000
1193.250000 51.945251 0.000000 26.360001
1196.125000 52.155193 0.000000 26.469999
1197.750000 52.355202 0.000000 26.549999
1199.875000 52.565193 0.000000 26.670000
1201.375000 52.775135 0.000000 26.754999
1203.000000 52.985077 0.000000 26.870001
1203.875000 52.985077 0.000000 26.955000
1204.500000 53.195019 0.000000 27.065001
1206.250000 53.404961 0.000000 27.155001
1207.375000 53.614902 0.000000 27.270000
1208.750000 53.844841 0.000000 27.355000
1210.000000 54.074780 0.000000 27.469999
1211.125000 54.284721 0.000000 27.555000
1212.375000 54.494663 0.000000 27.670000
1213.500000 54.744602 0.000000 27.764999
1214.125000 54.954540 0.000000 27.850000
1215.000000 55.164387 0.000000 27.959999
1215.875000 55.374168 0.000000 28.059999
1216.125000 55.374168 0.000000 28.150000
1217.125000 55.793808 0.000000 28.264999
1217.750000 55.793808 0.000000 28.350000
1218.375000 56.003590 0.000000 28.459999
1219.875000 56.213371 0.000000 28.570000
1220.625000 56.443134 0.000000 28.650000
1222.125000 56.692940 0.000000 28.770000
1223.625000 56.942776 0.000000 28.860001
1224.875000 56.942776 0.000000 28.940001
1225.750000 57.382629 0.000000 29.059999
1226.625000 57.592571 0.000000 29.170000
1228.000000 57.592571 0.000000 29.260000
1229.000000 57.802471 0.000000 29.370001
1229.875000 58.052402 0.000000 29.465000
1230.750000 58.262344 0.000000 29.570000
1231.125000 58.472244 0.000000 29.660000
1232.000000 58.692101 0.000000 29.770000
1233.375000 58.931942 0.000000 29.855000
1233.875000 59.141838 0.000000 29.959999
1234.375000 59.351700 0.000000 30.055000
1235.625000 59.561562 0.000000 30.170000
1235.625000 59.771423 0.000000 30.260000
1236.375000 59.981312 0.000000 30.365000
1237.000000 59.981312 0.000000 30.455000
1237.625000 60.401196 0.000000 30.570000
1237.875000 60.401196 0.000000 30.655001
1238.125000 60.611137 0.000000 30.770000
1238.875000 60.841076 0.000000 30.855000
1239.375000 61.081009 0.000000 30.969999
1240.000000 61.290951 0.000000 31.059999
1240.375000 61.500893 0.000000 31.165001
1241.000000 61.730831 0.000000 31.254999
1241.875000 61.940773 0.000000 31.370001
1242.000000 62.150715 0.000000 31.455000
1242.625000 62.360657 0.000000 31.570000
1243.625000 62.570599 0.000000 31.655001
1244.375000 62.780540 0.000000 31.770000
1245.000000 62.780540 0.000000 31.855000
1245.500000 62.990482 0.000000 31.965000
1246.125000 63.200424 0.000000 32.055000
1246.375000 63.410366 0.000000 32.165001
1246.875000 63.630306 0.000000 32.250000
1247.625000 63.870239 0.000000 32.369999
1248.375000 64.080078 0.000000 32.455002
1249.000000 64.289948 0.000000 32.570000
1249.125000 64.529884 0.000000 32.654999
1249.750000 64.749825 0.000000 32.764999
1250.125000 64.959770 0.000000 32.869999
1250.750000 65.169716 0.000000 32.955002
1251.125000 65.379662 0.000000 33.070000
1251.250000 65.379662 0.000000 33.154999
1251.875000 65.799553 0.000000 33.270000
1252.625000 65.799553 0.000000 33.355000
1253.125000 66.009499 0.000000 33.470001
1253.500000 66.239433 0.000000 33.555000
1254.250000 66.469231 0.000000 33.669998
1254.250000 66.679108 0.000000 33.755001
1254.625000 66.899048 0.000000 33.865002
1255.375000 67.128983 0.000000 33.955002
1255.875000 67.338928 0.000000 34.070000
1256.375000 67.548874 0.000000 34.154999
1256.750000 67.758820 0.000000 34.270000
1257.250000 67.968765 0.000000 34.355000
1257.375000 68.178711 0.000000 34.470001
1258.250000 68.178711 0.000000 34.560001
1258.875000 68.398651 0.000000 34.669998
1259.750000 68.638588 0.000000 34.755001
1260.250000 68.868523 0.000000 34.869999
1260.625000 69.078468 0.000000 34.955002
1261.250000 69.288414 0.000000 35.070000
1261.625000 69.528351 0.000000 35.154999
1262.250000 69.738297 0.000000 35.270000
1262.625000 69.948242 0.000000 35.365002
1263.000000 70.158081 0.000000 35.450001
1263.750000 70.367310 0.000000 35.570000
1264.375000 70.576126 0.000000 35.660000
1265.000000 70.785110 0.000000 35.770000
1265.250000 70.785110 0.000000 35.860001
1265.875000 70.994530 0.000000 35.970001
1266.250000 71.234276 0.000000 36.055000
1267.500000 71.484238 0.000000 36.169998
1267.625000 71.684319 0.000000 36.259998
1268.750000 71.894455 0.000000 36.369999
1269.125000 72.134636 0.000000 36.465000
1269.625000 72.334801 0.000000 36.549999
1270.000000 72.534981 0.000000 36.660000
1271.250000 72.735077 0.000000 36.770000
1272.250000 72.935188 0.000000 36.865002
1272.375000 73.135277 0.000000 36.950001
1272.750000 73.335396 0.000000 37.070000
1273.500000 73.535553 0.000000 37.154999
1273.750000 73.735733 0.000000 37.270000
1274.250000 73.935852 0.000000 37.365002
1274.875000 74.135986 0.000000 37.450001
1275.750000 74.336166 0.000000 37.570000
1276.000000 74.536377 0.000000 37.654999
1276.000000 74.756592 0.000000 37.775002
1276.250000 74.956818 0.000000 37.855000
1276.750000 75.157005 0.000000 37.965000
1277.000000 75.357086 0.000000 38.049999
1277.250000 75.557259 0.000000 38.165001
1277.375000 75.757408 0.000000 38.250000
1278.000000 75.967407 0.000000 38.360001
1278.375000 76.177399 0.000000 38.465000
1278.625000 76.177399 0.000000 38.549999
1279.375000 76.587402 0.000000 38.665001
1279.625000 76.587402 0.000000 38.750000
1280.500000 76.787483 0.000000 38.860001
1281.125000 77.197624 0.000000 38.970001
1282.250000 77.197624 0.000000 39.060001
1283.000000 77.597672 0.000000 39.169998
1284.625000 77.597672 0.000000 39.270000
1286.500000 77.837173 0.000000 39.355000
1288.625000 78.065872 0.000000 39.470001
1290.875000 78.274010 0.000000 39.555000
1295.000000 78.481743 0.000000 39.669998
1298.750000 78.719864 0.000000 39.755001
1306.000000 78.947556 0.000000 39.869999
1313.625000 79.154800 0.000000 39.959999
1322.500000 79.361931 0.000000 40.075001
1336.875000 79.569267 0.000000 40.165001
1349.750000 79.569267 0.000000 40.255001
1360.000000 79.776878 0.000000 40.369999
1371.125000 80.014404 0.000000 40.459999
1385.375000 80.261871 0.000000 40.564999
1399.375000 80.489395 0.000000 40.650002
1418.875000 80.707130 0.000000 40.764999
1430.000000 80.915474 0.000000 40.849998
1447.500000 81.124352 0.000000 40.970001
1457.625000 81.333321 0.000000 41.055000
1467.500000 81.542435 0.000000 41.169998
1475.375000 81.542435 0.000000 41.255001
1481.125000 81.751961 0.000000 41.365002
1488.000000 81.961655 0.000000 41.455002
1493.250000 82.171509 0.000000 41.564999
1497.375000 82.401520 0.000000 41.650002
1500.625000 82.641251 0.000000 41.775002
1504.875000 82.850990 0.000000 41.869999
1507.875000 83.080811 0.000000 41.950001
1511.750000 83.290680 0.000000 42.070000
1514.875000 83.500587 0.000000 42.154999
1517.875000 83.710564 0.000000 42.270000
1522.250000 83.910591 0.000000 42.349998
1525.250000 84.120506 0.000000 42.470001
1527.625000 84.329918 0.000000 42.564999
1531.625000 84.329918 0.000000 42.650002
1534.000000 84.537621 0.000000 42.770000
1536.625000 84.738251 0.000000 42.860001
1538.375000 84.738251 0.000000 42.970001
1540.125000 84.953697 0.000000 43.070000
1542.500000 84.953697 0.000000 43.160000
1544.000000 84.953697 0.000000 43.270000
1545.750000 84.953697 0.000000 43.355000
1548.125000 85.153786 0.000000 43.465000
1550.375000 85.153786 0.000000 43.560001
1553.625000 85.153786 0.000000 43.669998
1555.000000 85.153786 0.000000 43.764999
1556.750000 85.153786 0.000000 43.849998
1558.500000 85.153786 0.000000 43.970001
1560.250000 85.153786 0.000000 44.055000
1562.000000 85.153786 0.000000 44.169998
1563.625000 85.153786 0.000000 44.255001
1564.625000 85.153786 0.000000 44.369999
1566.000000 85.153786 0.000000 44.455002
1567.125000 85.153786 0.000000 44.570000
1567.500000 85.153786 0.000000 44.650002
1568.250000 85.153786 0.000000 44.779999
1569.625000 85.153786 0.000000 44.869999
1570.875000 85.153786 0.000000 44.955002
1571.000000 85.153786 0.000000 45.064999
1571.875000 85.153786 0.000000 45.154999
1573.125000 85.355263 0.000000 45.264999
1573.750000 85.355263 0.000000 45.360001
1574.750000 85.557838 0.000000 45.470001
1575.625000 85.775002 0.000000 45.560001
1576.500000 85.775002 0.000000 45.669998
1577.375000 85.997955 0.000000 45.759998
1577.875000 86.201485 0.000000 45.865002
1579.125000 86.406334 0.000000 45.959999
1579.875000 86.406334 0.000000 46.070000
1580.875000 86.611221 0.000000 46.154999
1581.500000 86.814308 0.000000 46.259998
1581.875000 86.814308 0.000000 46.345001
1582.375000 87.017891 0.000000 46.470001
1583.375000 87.222191 0.000000 46.555000
1583.625000 87.434143 0.000000 46.665001
1584.500000 87.434143 0.000000 46.755001
1586.375000 87.639946 0.000000 46.865002
1587.250000 87.840393 0.000000 46.955002
1588.250000 87.840393 0.000000 47.075001
1589.625000 87.840393 0.000000 47.160000
1590.250000 88.041672 0.000000 47.270000
1590.750000 88.041672 0.000000 47.369999
1591.125000 88.041672 0.000000 47.459999
1591.750000 88.041672 0.000000 47.570000
1593.125000 88.041672 0.000000 47.660000
1594.125000 88.041672 0.000000 47.770000
1595.000000 88.041672 0.000000 47.849998
1596.000000 88.041672 0.000000 47.970001
1596.875000 88.041672 0.000000 48.064999
1597.375000 88.041672 0.000000 48.160000
1597.750000 88.041672 0.000000 48.271000
1598.250000 88.041672 0.000000 48.360001
1598.750000 88.041672 0.000000 48.470001
1599.500000 88.041672 0.000000 48.555000
1600.125000 88.241997 0.000000 48.665001
1600.625000 88.241997 0.000000 48.750000
1601.125000 88.443634 0.000000 48.869999
1601.500000 88.443634 0.000000 48.955002
1602.500000 88.667320 0.000000 49.064999
1603.125000 88.891487 0.000000 49.150002
1604.000000 89.100494 0.000000 49.264999
1608.375000 89.305283 0.000000 49.369999
1609.750000 89.512695 0.000000 49.459999
1611.500000 89.721375 0.000000 49.570000
1612.875000 89.721375 0.000000 49.654999
1614.500000 89.930153 0.000000 49.764999
1616.125000 90.163589 0.000000 49.855000
1618.000000 90.375023 0.000000 49.965000
1620.250000 90.582008 0.000000 50.049999
1621.375000 90.582008 0.000000 50.160000
1622.875000 90.783104 0.000000 50.270000
1624.000000 90.989670 0.000000 50.355000
1625.750000 91.195816 0.000000 50.470001
1627.750000 91.195816 0.000000 50.560001
1631.000000 91.401947 0.000000 50.669998
1633.000000 91.607964 0.000000 50.770000
1635.375000 91.813583 0.000000 50.860001
1637.250000 92.014923 0.000000 50.970001
1640.750000 92.014923 0.000000 51.055000
1643.750000 92.423622 0.000000 51.169998
1645.250000 92.423622 0.000000 51.255001
1648.375000 92.629723 0.000000 51.365002
1649.500000 92.857094 0.000000 51.455002
1651.250000 93.106155 0.000000 51.564999
1654.250000 93.356049 0.000000 51.660000
1655.750000 93.565102 0.000000 51.770000
1658.375000 93.774483 0.000000 51.855000
1659.500000 93.984497 0.000000 51.965000
1660.375000 93.984497 0.000000 52.049999
1662.000000 94.385689 0.000000 52.160000
1663.875000 94.586571 0.000000 52.270000
1665.000000 94.787476 0.000000 52.355000
1665.625000 94.988419 0.000000 52.465000
1667.000000 95.189384 0.000000 52.555000
1668.000000 95.390137 0.000000 52.669998
1670.000000 95.390137 0.000000 52.755001
1673.250000 95.803238 0.000000 52.869999
1674.125000 95.803238 0.000000 52.959999
1674.875000 96.008972 0.000000 53.064999
1675.500000 96.227356 0.000000 53.154999
1675.875000 96.227356 0.000000 53.259998
1676.250000 96.429977 0.000000 53.369999
1677.250000 96.429977 0.000000 53.455002
1677.250000 96.645592 0.000000 53.560001
1677.500000 96.645592 0.000000 53.669998
1678.125000 96.645592 0.000000 53.770000
1678.375000 96.850342 0.000000 53.855000
1678.500000 96.850342 0.000000 53.970001
1678.500000 96.850342 0.000000 54.055000
1678.625000 97.050476 0.000000 54.165001
1678.750000 97.050476 0.000000 54.255001
1679.000000 97.050476 0.000000 54.365002
1679.750000 97.251579 0.000000 54.455002
1680.500000 97.251579 0.000000 54.570000
1681.125000 97.455208 0.000000 54.654999
1681.250000 97.656830 0.000000 54.770000
1681.500000 97.656830 0.000000 54.855000
1681.500000 97.865265 0.000000 54.959999
1682.000000 98.067703 0.000000 55.060001
1682.125000 98.067703 0.000000 55.154999
1683.625000 98.270477 0.000000 55.270000
1685.375000 98.497719 0.000000 55.355000
1686.625000 98.497719 0.000000 55.465000
1687.375000 98.704819 0.000000 55.570000
1688.125000 98.905807 0.000000 55.654999
1688.625000 99.107971 0.000000 55.764999
1689.125000 99.107971 0.000000 55.860001
1690.125000 99.311325 0.000000 55.974998
1693.250000 99.515945 0.000000 56.060001
1695.125000 99.716042 0.000000 56.169998
1697.000000 99.716042 0.000000 56.255001
1697.500000 99.918861 0.000000 56.369999
1697.625000 100.149338 0.000000 56.455002
1697.625000 100.371262 0.000000 56.564999
1698.000000 100.577881 0.000000 56.660000
1698.250000 100.796387 0.000000 56.764999
1700.000000 101.035973 0.000000 56.860001
1700.750000 101.236069 0.000000 56.965000
1702.625000 101.436386 0.000000 57.060001
1703.750000 101.636772 0.000000 57.160000
1704.000000 101.837219 0.000000 57.255001
1704.125000 102.037735 0.000000 57.365002
1704.625000 102.238289 0.000000 57.450001
1705.000000 102.438873 0.000000 57.570000
1707.500000 102.639420 0.000000 57.660000
1707.750000 102.839546 0.000000 57.770000
1710.250000 103.049057 0.000000 57.860001
1710.625000 103.257957 0.000000 57.970001
1711.375000 103.466324 0.000000 58.060001
1713.125000 103.674194 0.000000 58.174999
1714.500000 103.674194 0.000000 58.259998
1715.000000 103.891502 0.000000 58.369999
1716.750000 104.128242 0.000000 58.455002
1717.000000 104.366074 0.000000 58.570000
1718.375000 104.575577 0.000000 58.665001
1719.500000 104.805901 0.000000 58.750000
1720.375000 105.036751 0.000000 58.865002
1720.750000 105.237679 0.000000 58.965000
1721.625000 105.438522 0.000000 59.049999
1722.000000 105.639496 0.000000 59.169998
1722.500000 105.840576 0.000000 59.250000
1723.000000 106.051613 0.000000 59.369999
1723.625000 106.252342 0.000000 59.455002
1723.875000 106.453133 0.000000 59.560001
1724.000000 106.653633 0.000000 59.665001
1724.000000 106.863327 0.000000 59.764999
1724.125000 107.072250 0.000000 59.869999
1724.875000 107.072250 0.000000 59.959999
1725.125000 107.488091 0.000000 60.070000
1725.375000 107.488091 0.000000 60.154999
1726.500000 107.695114 0.000000 60.264999
1727.250000 107.901833 0.000000 60.369999
1727.375000 108.139130 0.000000 60.459999
1728.375000 108.367744 0.000000 60.570000
1730.750000 108.596985 0.000000 60.650002
1733.000000 108.816582 0.000000 60.759998
1738.500000 109.026382 0.000000 60.865002
1741.500000 109.236282 0.000000 60.959999
1743.625000 109.446198 0.000000 61.070000
1746.375000 109.446198 0.000000 61.154999
1750.250000 109.865524 0.000000 61.264999
1754.125000 110.069893 0.000000 61.369999
1757.000000 110.069893 0.000000 61.459999
1761.875000 110.271935 0.000000 61.570000
1767.125000 110.473274 0.000000 61.654999
1772.500000 110.679703 0.000000 61.764999
1776.750000 110.679703 0.000000 61.855000
1780.500000 110.884499 0.000000 61.965000
1784.125000 110.884499 0.000000 62.070000
1786.500000 111.087502 0.000000 62.180000
1790.250000 111.087502 0.000000 62.270000
1791.875000 111.087502 0.000000 62.355000
1795.000000 111.289314 0.000000 62.470001
1798.875000 111.289314 0.000000 62.555000
1801.125000 111.289314 0.000000 62.669998
1803.125000 111.490021 0.000000 62.759998
1805.625000 111.490021 0.000000 62.869999
1807.375000 111.490021 0.000000 62.965000
1808.000000 111.490021 0.000000 63.055000
1811.125000 111.490021 0.000000 63.174999
1813.000000 111.490021 0.000000 63.259998
1814.125000 111.490021 0.000000 63.369999
1814.500000 111.490021 0.000000 63.459999
1815.375000 111.490021 0.000000 63.570000
1816.250000 111.490021 0.000000 63.650002
1816.500000 111.490021 0.000000 63.770000
1816.875000 111.490021 0.000000 63.860001
1817.750000 111.490021 0.000000 63.970001
1818.875000 111.490021 0.000000 64.050003
1820.250000 111.490021 0.000000 64.169998
1820.750000 111.490021 0.000000 64.260002
1822.000000 111.490021 0.000000 64.370003
1822.875000 111.490021 0.000000 64.455002
1823.375000 111.490021 0.000000 64.570000
1823.750000 111.490021 0.000000 64.654999
1824.375000 111.490021 0.000000 64.769997
1824.875000 111.490021 0.000000 64.849998
1825.625000 111.490021 0.000000 64.970001
1826.250000 111.490021 0.000000 65.055000
1827.250000 111.490021 0.000000 65.169998
1827.750000 111.490021 0.000000 65.264999
1828.000000 111.490021 0.000000 65.364998
1828.625000 111.490021 0.000000 65.459999
1828.625000 111.490021 0.000000 65.570000
1829.750000 111.490021 0.000000 65.660004
1830.000000 111.490021 0.000000 65.775002
1831.375000 111.695770 0.000000 65.860001
1833.250000 111.901459 0.000000 65.970001
1834.250000 111.901459 0.000000 66.050003
1835.750000 112.317726 0.000000 66.169998
1837.750000 112.317726 0.000000 66.254997
1841.125000 112.523132 0.000000 66.370003
1843.125000 112.761330 0.000000 66.459999
1846.375000 113.001221 0.000000 66.565002
1847.500000 113.201485 0.000000 66.654999
1850.625000 113.411308 0.000000 66.769997
1852.625000 113.660065 0.000000 66.860001
1854.500000 113.868042 0.000000 66.970001
1855.500000 114.075264 0.000000 67.055000
1856.625000 114.282043 0.000000 67.169998
1856.750000 114.489624 0.000000 67.260002
1857.125000 114.698624 0.000000 67.370003
1858.000000 114.698624 0.000000 67.449997
1858.500000 114.908455 0.000000 67.565002
1859.250000 115.138710 0.000000 67.650002
1859.875000 115.339119 0.000000 67.764999
1861.500000 115.549675 0.000000 67.855003
1864.125000 115.780357 0.000000 67.964996
1865.000000 115.980995 0.000000 68.050003
1866.000000 116.181725 0.000000 68.165001
1867.625000 116.382507 0.000000 68.254997
1869.250000 116.603447 0.000000 68.375000
1870.375000 116.804314 0.000000 68.459999
1871.875000 117.005211 0.000000 68.570000
1873.125000 117.246307 0.000000 68.654999
1875.250000 117.457207 0.000000 68.769997
1877.750000 117.657997 0.000000 68.864998
1879.875000 117.858818 0.000000 68.970001
1883.000000 118.059692 0.000000 69.059998
1886.125000 118.260239 0.000000 69.165001
1890.250000 118.460434 0.000000 69.250000
1894.625000 118.660843 0.000000 69.370003
1897.375000 118.861382 0.000000 69.459999
1901.750000 119.062134 0.000000 69.570000
1904.625000 119.263023 0.000000 69.660004
1907.875000 119.464005 0.000000 69.764999
1913.125000 119.664963 0.000000 69.875000
1916.000000 119.872475 0.000000 69.959999
1919.250000 119.872475 0.000000 70.055000
1921.125000 120.080292 0.000000 70.169998
1923.250000 120.292450 0.000000 70.260002
1924.375000 120.499138 0.000000 70.364998
1925.500000 120.499138 0.000000 70.445000
1928.000000 120.701500 0.000000 70.570000
1929.250000 120.903534 0.000000 70.665001
1930.375000 121.106186 0.000000 70.769997
1930.750000 121.106186 0.000000 70.849998
1931.875000 121.309502 0.000000 70.959999
1933.500000 121.535835 0.000000 71.070000
1935.250000 121.739746 0.000000 71.154999
1938.125000 121.739746 0.000000 71.264999
1939.250000 121.940872 0.000000 71.370003
1939.375000 122.146507 0.000000 71.455002
1939.500000 122.349831 0.000000 71.570000
1940.250000 122.580811 0.000000 71.650002
1940.375000 122.796829 0.000000 71.764999
1940.750000 123.004898 0.000000 71.855003
1941.250000 123.213898 0.000000 71.970001
1942.000000 123.423340 0.000000 72.055000
1942.875000 123.632957 0.000000 72.165001
1944.875000 123.842682 0.000000 72.269997
1945.625000 123.842682 0.000000 72.355003
1947.500000 124.052490 0.000000 72.470001
1948.625000 124.292351 0.000000 72.580002
1949.625000 124.512314 0.000000 72.665001
1950.500000 124.752312 0.000000 72.764999
1952.250000 124.982300 0.000000 72.855003
1954.125000 125.192284 0.000000 72.970001
1956.875000 125.402252 0.000000 73.055000
1957.750000 125.612221 0.000000 73.169998
1960.500000 125.822182 0.000000 73.260002
1961.625000 126.032127 0.000000 73.370003
1962.125000 126.032127 0.000000 73.455002
1963.000000 126.449692 0.000000 73.570000
1965.125000 126.449692 0.000000 73.660004
1965.500000 126.650246 0.000000 73.769997
1967.125000 126.859467 0.000000 73.849998
1968.125000 127.091660 0.000000 73.970001
1968.625000 127.297340 0.000000 74.055000
1968.750000 127.504539 0.000000 74.165001
1969.875000 127.722290 0.000000 74.264999
1970.250000 127.950836 0.000000 74.370003
1972.500000 128.159607 0.000000 74.459999
1973.375000 128.368179 0.000000 74.570000
1975.875000 128.576904 0.000000 74.660004
1976.250000 128.786179 0.000000 74.769997
1978.000000 128.786179 0.000000 74.855003
1978.250000 129.005875 0.000000 74.970001
1979.250000 129.255859 0.000000 75.065002
1980.750000 129.455994 0.000000 75.169998
1983.000000 129.666138 0.000000 75.260002
1983.875000 129.906372 0.000000 75.360001
1984.625000 130.146423 0.000000 75.459999
1985.125000 130.365097 0.000000 75.570000
1985.125000 130.570404 0.000000 75.660004
1985.125000 130.570404 0.000000 75.764999
1985.375000 130.781967 0.000000 75.849998
1985.625000 130.986862 0.000000 75.959999
1985.875000 131.190506 0.000000 76.070000
1986.375000 131.390610 0.000000 76.190002
1986.625000 131.390610 0.000000 76.275002
1986.875000 131.621277 0.000000 76.360001
1987.125000 131.621277 0.000000 76.470001
1987.125000 131.846695 0.000000 76.555000
1987.500000 132.051132 0.000000 76.665001
1987.875000 132.051132 0.000000 76.750000
1989.000000 132.255615 0.000000 76.864998
1989.750000 132.460541 0.000000 76.945000
1990.250000 132.681168 0.000000 77.065002
1990.500000 132.681168 0.000000 77.154999
1990.750000 132.888229 0.000000 77.269997
1990.875000 133.088287 0.000000 77.355003
1991.750000 133.288467 0.000000 77.464996
1991.750000 133.527603 0.000000 77.550003
1992.875000 133.742874 0.000000 77.665001
1993.000000 133.950302 0.000000 77.760002
1993.875000 134.158798 0.000000 77.870003
1994.125000 134.367554 0.000000 77.959999
1994.500000 134.576920 0.000000 78.074997
1995.750000 134.576920 0.000000 78.160004
1995.875000 134.796539 0.000000 78.269997
1996.375000 135.045853 0.000000 78.360001
1997.875000 135.255585 0.000000 78.470001
1998.125000 135.455582 0.000000 78.559998
1999.500000 135.685333 0.000000 78.665001
2000.500000 135.927765 0.000000 78.760002
2002.625000 136.134476 0.000000 78.870003
2003.875000 136.134476 0.000000 78.959999
2005.000000 136.352158 0.000000 79.065002
2006.250000 136.352158 0.000000 79.150002
2007.750000 136.554565 0.000000 79.264999
2009.250000 136.554565 0.000000 79.375000
2010.750000 136.554565 0.000000 79.455002
2012.000000 136.554565 0.000000 79.565002
2013.500000 136.755859 0.000000 79.650002
2014.625000 136.755859 0.000000 79.760002
2015.750000 136.755859 0.000000 79.845001
2016.250000 136.755859 0.000000 79.959999
2016.500000 136.755859 0.000000 80.070000
2017.125000 136.755859 0.000000 80.154999
2018.125000 136.755859 0.000000 80.264999
2019.000000 136.755859 0.000000 80.355003
2020.125000 136.755859 0.000000 80.470001
2020.625000 136.755859 0.000000 80.559998
2020.750000 136.755859 0.000000 80.669998
2020.875000 136.755859 0.000000 80.760002
2021.625000 136.755859 0.000000 80.864998
2021.625000 136.755859 0.000000 80.955002
2021.750000 136.755859 0.000000 81.074997
2022.625000 136.755859 0.000000 81.169998
2023.625000 136.755859 0.000000 81.250000
2025.500000 136.959259 0.000000 81.370003
2027.000000 137.189117 0.000000 81.464996
2030.625000 137.189117 0.000000 81.555000
2033.750000 137.390701 0.000000 81.669998
2038.125000 137.591003 0.000000 81.764999
2042.250000 137.791656 0.000000 81.855003
2048.375000 137.791656 0.000000 81.964996
2053.375000 137.997894 0.000000 82.055000
2055.875000 138.202698 0.000000 82.165001
2057.375000 138.202698 0.000000 82.260002
2058.625000 138.408798 0.000000 82.370003
2059.625000 138.616165 0.000000 82.455002
2060.875000 138.817276 0.000000 82.570000
2061.750000 138.817276 0.000000 82.654999
2062.000000 139.019577 0.000000 82.769997
2063.500000 139.222885 0.000000 82.860001
2065.875000 139.426910 0.000000 82.970001
2066.875000 139.426910 0.000000 83.055000
2067.375000 139.628906 0.000000 83.169998
2067.625000 139.835541 0.000000 83.254997
2067.875000 140.039581 0.000000 83.370003
2068.500000 140.271027 0.000000 83.449997
2069.750000 140.487213 0.000000 83.559998
2071.125000 140.695618 0.000000 83.669998
2072.875000 140.905045 0.000000 83.760002
2074.875000 141.115005 0.000000 83.875000
2076.375000 141.315216 0.000000 83.959999
2078.500000 141.515213 0.000000 84.070000
2081.625000 141.515213 0.000000 84.154999
2085.750000 141.925049 0.000000 84.264999
2088.375000 141.925049 0.000000 84.355003
2092.500000 142.134964 0.000000 84.464996
2096.625000 142.342865 0.000000 84.550003
2097.625000 142.551697 0.000000 84.665001
2101.000000 142.753662 0.000000 84.750000
2102.750000 142.957382 0.000000 84.864998
2104.750000 143.158539 0.000000 84.955002
2107.000000 143.158539 0.000000 85.065002
2108.750000 143.369095 0.000000 85.154999
2111.625000 143.593307 0.000000 85.260002
2113.000000 143.593307 0.000000 85.370003
2114.375000 143.825500 0.000000 85.464996
2116.000000 144.028259 0.000000 85.550003
2117.250000 144.231400 0.000000 85.669998
2118.125000 144.231400 0.000000 85.760002
2119.625000 144.457458 0.000000 85.864998
2119.875000 144.661133 0.000000 85.955002
2121.000000 144.661133 0.000000 86.070000
2121.750000 144.873962 0.000000 86.150002
2122.625000 145.080582 0.000000 86.269997
2124.375000 145.298553 0.000000 86.355003
2126.375000 145.498566 0.000000 86.470001
2129.250000 145.702972 0.000000 86.559998
2130.250000 145.910080 0.000000 86.665001
2130.875000 146.118607 0.000000 86.760002
2131.375000 146.327682 0.000000 86.864998
2131.625000 146.327682 0.000000 86.949997
2132.375000 146.746048 0.000000 87.070000
2133.000000 146.746048 0.000000 87.160004
2133.625000 146.955338 0.000000 87.269997
2134.625000 147.194794 0.000000 87.360001
2134.750000 147.434387 0.000000 87.470001
2136.375000 147.674118 0.000000 87.555000
2136.750000 147.884003 0.000000 87.665001
2137.750000 148.093948 0.000000 87.764999
2138.250000 148.303909 0.000000 87.860001
2138.750000 148.513855 0.000000 87.970001
2141.750000 148.513855 0.000000 88.050003
2143.500000 148.933670 0.000000 88.169998
2147.125000 148.933670 0.000000 88.254997
2148.000000 149.143524 0.000000 88.360001
2149.250000 149.373398 0.000000 88.449997
2149.500000 149.613327 0.000000 88.570000
2149.875000 149.823273 0.000000 88.665001
2151.125000 150.062927 0.000000 88.750000
2153.375000 150.281647 0.000000 88.870003
2153.750000 150.489807 0.000000 88.959999
2155.625000 150.698380 0.000000 89.065002
2156.375000 150.907257 0.000000 89.160004
2156.875000 151.116287 0.000000 89.269997
2157.625000 151.116287 0.000000 89.349998
2158.250000 151.534195 0.000000 89.470001
2158.750000 151.534195 0.000000 89.559998
2162.125000 151.742935 0.000000 89.669998
2162.500000 151.981491 0.000000 89.760002
2165.000000 152.220734 0.000000 89.875000
2165.875000 152.429977 0.000000 89.970001
2166.375000 152.658691 0.000000 90.074997
2166.625000 152.867142 0.000000 90.154999
2168.125000 153.075241 0.000000 90.269997
2169.000000 153.283051 0.000000 90.355003
2171.000000 153.490631 0.000000 90.470001
2171.750000 153.490631 0.000000 90.555000
2173.250000 153.908310 0.000000 90.665001
2173.750000 154.108521 0.000000 90.769997
2174.500000 154.108521 0.000000 90.855003
2174.875000 154.508820 0.000000 90.964996
2175.500000 154.508820 0.000000 91.050003
2176.125000 154.709351 0.000000 91.160004
2176.750000 155.121170 0.000000 91.269997
2177.125000 155.121170 0.000000 91.360001
2177.500000 155.522552 0.000000 91.470001
2177.625000 155.522552 0.000000 91.555000
2178.375000 155.732529 0.000000 91.665001
2178.375000 155.962540 0.000000 91.760002
2178.375000 156.163010 0.000000 91.864998
2178.500000 156.363739 0.000000 91.955002
2178.750000 156.594498 0.000000 92.065002
2178.875000 156.835297 0.000000 92.169998
2179.875000 157.066162 0.000000 92.260002
2180.500000 157.266983 0.000000 92.370003
2180.750000 157.467896 0.000000 92.464996
2180.875000 157.668869 0.000000 92.559998
2181.500000 157.869904 0.000000 92.669998
2181.500000 158.070755 0.000000 92.754997
2182.125000 158.270996 0.000000 92.870003
2182.625000 158.480545 0.000000 92.959999
2183.125000 158.689468 0.000000 93.070000
2184.375000 158.897812 0.000000 93.160004
2189.000000 159.105682 0.000000 93.264999
2198.000000 159.105682 0.000000 93.349998
2203.750000 159.313156 0.000000 93.464996
2212.000000 159.541107 0.000000 93.544998
2222.750000 159.746460 0.000000 93.660004
2235.750000 159.950333 0.000000 93.769997
2250.250000 159.950333 0.000000 93.855003
2260.875000 160.152298 0.000000 93.970001
2270.250000 160.358276 0.000000 94.050003
2278.125000 160.563690 0.000000 94.169998
2286.750000 160.563690 0.000000 94.254997
2293.125000 160.769302 0.000000 94.370003
2299.250000 160.989670 0.000000 94.459999
2306.500000 160.989670 0.000000 94.574997
2312.250000 161.224472 0.000000 94.669998
2317.000000 161.429642 0.000000 94.754997
2323.125000 161.429642 0.000000 94.870003
2327.125000 161.650803 0.000000 94.955002
2333.000000 161.851852 0.000000 95.070000
2337.875000 161.851852 0.000000 95.150002
2342.750000 162.054123 0.000000 95.269997
2346.625000 162.256744 0.000000 95.360001
2351.125000 162.459702 0.000000 95.470001
2355.375000 162.663040 0.000000 95.565002
2360.750000 162.663040 0.000000 95.669998
2364.625000 162.867416 0.000000 95.760002
2369.000000 163.067780 0.000000 95.870003
2374.125000 163.271866 0.000000 95.959999
2378.250000 163.479263 0.000000 96.070000
2382.875000 163.683395 0.000000 96.160004
2387.125000 163.890625 0.000000 96.275002
2392.500000 163.890625 0.000000 96.355003
2398.375000 164.308960 0.000000 96.470001
2403.500000 164.308960 0.000000 96.555000
2407.875000 164.518860 0.000000 96.669998
2413.500000 164.748993 0.000000 96.760002
2418.375000 164.949142 0.000000 96.870003
2423.750000 165.159378 0.000000 96.959999
2431.250000 165.389664 0.000000 97.070000
2438.625000 165.599213 0.000000 97.165001
2443.000000 165.812698 0.000000 97.250000
2448.500000 165.812698 0.000000 97.360001
2453.875000 166.018051 0.000000 97.470001
2458.875000 166.018051 0.000000 97.559998
2463.000000 166.219757 0.000000 97.665001
2466.500000 166.219757 0.000000 97.760002
2470.875000 166.219757 0.000000 97.849998
2474.125000 166.219757 0.000000 97.970001
2477.000000 166.422882 0.000000 98.059998
2479.375000 166.422882 0.000000 98.165001
2482.625000 166.422882 0.000000 98.250000
2485.375000 166.422882 0.000000 98.370003
2487.250000 166.422882 0.000000 98.455002
2488.500000 166.422882 0.000000 98.570000
2490.250000 166.422882 0.000000 98.654999
2492.500000 166.422882 0.000000 98.769997
2494.875000 166.422882 0.000000 98.855003
2497.625000 166.422882 0.000000 98.974998
2499.750000 166.422882 0.000000 99.070000
2501.750000 166.422882 0.000000 99.154999
2502.750000 166.422882 0.000000 99.264999
2504.000000 166.643692 0.000000 99.355003
2505.625000 166.643692 0.000000 99.470001
2507.625000 166.874481 0.000000 99.555000
2510.750000 167.087234 0.000000 99.669998
2514.625000 167.314697 0.000000 99.750000
2518.000000 167.549255 0.000000 99.875000
2521.000000 167.757385 0.000000 99.959999
2523.875000 167.966446 0.000000 100.070000
2526.750000 167.966446 0.000000 100.154999
2533.125000 168.384247 0.000000 100.269997
2536.250000 168.384247 0.000000 100.360001
2541.125000 168.593231 0.000000 100.470001
2544.125000 168.822922 0.000000 100.555000
2548.375000 169.053009 0.000000 100.669998
2550.125000 169.253204 0.000000 100.754997
2554.625000 169.463501 0.000000 100.860001
2558.750000 169.703918 0.000000 100.949997
2560.000000 169.924377 0.000000 101.065002
2561.000000 170.124847 0.000000 101.150002
2562.125000 170.325348 0.000000 101.264999
2562.500000 170.525879 0.000000 101.345001
2562.625000 170.726410 0.000000 101.459999
2563.250000 170.926926 0.000000 101.574997
2563.875000 171.137466 0.000000 101.665001
2564.000000 171.338013 0.000000 101.769997
2564.750000 171.538559 0.000000 101.855003
2565.000000 171.749146 0.000000 101.970001
2565.000000 171.949646 0.000000 102.050003
2565.125000 172.155777 0.000000 102.169998
2565.500000 172.155777 0.000000 102.254997
2565.500000 172.361237 0.000000 102.370003
2567.250000 172.568665 0.000000 102.459999
2568.000000 172.568665 0.000000 102.570000
2568.500000 172.568665 0.000000 102.654999
2568.500000 172.771088 0.000000 102.760002
2568.500000 172.771088 0.000000 102.870003
2568.750000 172.771088 0.000000 102.955002
2568.750000 172.771088 0.000000 103.070000
2568.750000 172.771088 0.000000 103.154999
2569.000000 172.771088 0.000000 103.269997
2569.000000 172.771088 0.000000 103.360001
2569.125000 172.771088 0.000000 103.459999
2569.125000 172.971329 0.000000 103.570000
2569.125000 172.971329 0.000000 103.660004
2569.125000 172.971329 0.000000 103.769997
2569.125000 172.971329 0.000000 103.855003
2569.125000 172.971329 0.000000 103.970001
2569.125000 172.971329 0.000000 104.055000
2569.125000 172.971329 0.000000 104.165001
2569.250000 172.971329 0.000000 104.254997
2569.250000 172.971329 0.000000 104.370003
2569.250000 172.971329 0.000000 104.464996
2569.250000 172.971329 0.000000 104.550003
2569.250000 172.971329 0.000000 104.669998
2569.250000 172.971329 0.000000 104.754997
2569.250000 172.971329 0.000000 104.864998
2569.250000 172.971329 0.000000 104.949997
2569.250000 172.971329 0.000000 105.070000
2569.250000 172.971329 0.000000 105.154999
2569.250000 172.971329 0.000000 105.269997
2569.250000 173.172592 0.000000 105.355003
2569.250000 173.172592 0.000000 105.470001
2569.250000 173.378891 0.000000 105.559998
2569.250000 173.586945 0.000000 105.669998
2569.250000 173.801163 0.000000 105.754997
2569.250000 174.008438 0.000000 105.870003
2569.250000 174.008438 0.000000 105.964996
2569.250000 174.225494 0.000000 106.050003
2569.250000 174.431671 0.000000 106.169998
2569.250000 174.632767 0.000000 106.254997
2569.250000 174.632767 0.000000 106.364998
2569.250000 174.853882 0.000000 106.455002
2569.250000 175.059006 0.000000 106.570000
2569.250000 175.264252 0.000000 106.654999
2569.250000 175.264252 0.000000 106.754997
2569.250000 175.466370 0.000000 106.870003
2569.250000 175.673050 0.000000 106.959999
2569.250000 175.877274 0.000000 107.070000
2569.250000 176.118225 0.000000 107.160004
2569.375000 176.333694 0.000000 107.269997
2569.375000 176.540787 0.000000 107.355003
2569.500000 176.749176 0.000000 107.470001
2570.250000 176.749176 0.000000 107.559998
2571.250000 177.168259 0.000000 107.669998
2573.625000 177.168259 0.000000 107.760002
2574.500000 177.568466 0.000000 107.870003
2576.125000 177.568466 0.000000 107.959999
2576.375000 177.768524 0.000000 108.070000
2576.875000 178.000046 0.000000 108.154999
2578.375000 178.208847 0.000000 108.269997
2579.250000 178.415436 0.000000 108.355003
2580.375000 178.415436 0.000000 108.464996
2581.625000 178.641556 0.000000 108.555000
2582.500000 178.862564 0.000000 108.669998
2583.125000 178.862564 0.000000 108.760002
2584.625000 179.066940 0.000000 108.870003
2585.000000 179.293457 0.000000 108.955002
2586.125000 179.293457 0.000000 109.070000
2587.750000 179.528412 0.000000 109.160004
2589.375000 179.735123 0.000000 109.264999
2592.125000 179.735123 0.000000 109.355003
2594.125000 179.935715 0.000000 109.464996
2597.500000 180.137222 0.000000 109.555000
2601.375000 180.339355 0.000000 109.669998
2604.125000 180.339355 0.000000 109.754997
2607.500000 180.542099 0.000000 109.870003
2610.500000 180.745209 0.000000 109.959999
2614.500000 180.949448 0.000000 110.070000
2618.375000 180.949448 0.000000 110.154999
2620.375000 181.151596 0.000000 110.269997
2622.375000 181.358597 0.000000 110.355003
2624.250000 181.572647 0.000000 110.470001
2627.625000 181.824615 0.000000 110.559998
2629.250000 182.029602 0.000000 110.669998
2631.500000 182.230469 0.000000 110.760002
2634.000000 182.230469 0.000000 110.870003
2635.625000 182.463882 0.000000 110.959999
2638.625000 182.668076 0.000000 111.070000
2639.875000 182.875473 0.000000 111.165001
2641.500000 182.875473 0.000000 111.250000
2643.625000 183.089005 0.000000 111.364998
2645.375000 183.294449 0.000000 111.449997
2647.125000 183.294449 0.000000 111.565002
2648.625000 183.522552 0.000000 111.650002
2650.875000 183.730148 0.000000 111.769997
2652.875000 183.937943 0.000000 111.855003
2655.375000 184.138092 0.000000 111.974998
2657.250000 184.138092 0.000000 112.059998
2658.125000 184.342255 0.000000 112.169998
2659.875000 184.573380 0.000000 112.260002
2662.625000 184.799271 0.000000 112.370003
2663.625000 185.037247 0.000000 112.449997
2664.875000 185.256348 0.000000 112.565002
2667.500000 185.465881 0.000000 112.654999
2668.625000 185.675674 0.000000 112.769997
2669.750000 185.885544 0.000000 112.855003
2670.500000 186.095383 0.000000 112.964996
2671.750000 186.095383 0.000000 113.050003
2672.875000 186.515137 0.000000 113.169998
2674.375000 186.515137 0.000000 113.264999
2675.875000 186.745041 0.000000 113.355003
2677.125000 186.984955 0.000000 113.464996
2678.000000 187.234818 0.000000 113.550003
2678.625000 187.454758 0.000000 113.669998
2679.750000 187.664581 0.000000 113.760002
2681.000000 187.874420 0.000000 113.870003
2681.750000 188.084305 0.000000 113.955002
2683.000000 188.294144 0.000000 114.070000
2684.000000 188.294144 0.000000 114.160004
2685.375000 188.513931 0.000000 114.269997
2686.500000 188.723679 0.000000 114.360001
2688.250000 188.932922 0.000000 114.470001
2689.875000 189.143555 0.000000 114.559998
2691.000000 189.351105 0.000000 114.669998
2692.250000 189.351105 0.000000 114.760002
2693.625000 189.566666 0.000000 114.870003
2695.000000 189.566666 0.000000 114.955002
2696.625000 189.566666 0.000000 115.065002
2697.250000 189.766998 0.000000 115.154999
2698.250000 189.766998 0.000000 115.269997
2699.000000 189.766998 0.000000 115.356003
2700.125000 189.766998 0.000000 115.470001
2700.500000 189.766998 0.000000 115.559998
2701.375000 189.766998 0.000000 115.669998
2703.000000 189.766998 0.000000 115.760002
2704.125000 189.766998 0.000000 115.870003
2704.750000 189.766998 0.000000 115.959999
2705.125000 189.766998 0.000000 116.070000
2705.750000 189.766998 0.000000 116.154999
2706.250000 189.766998 0.000000 116.269997
2707.125000 189.766998 0.000000 116.355003
2707.875000 189.766998 0.000000 116.470001
2708.500000 189.766998 0.000000 116.559998
2708.750000 189.766998 0.000000 116.669998
2709.375000 189.766998 0.000000 116.754997
2710.125000 189.766998 0.000000 116.870003
2710.625000 189.766998 0.000000 116.970001
2711.250000 189.766998 0.000000 117.065002
2712.375000 189.766998 0.000000 117.169998
2712.875000 189.993240 0.000000 117.254997
2713.250000 189.993240 0.000000 117.364998
2713.625000 190.194733 0.000000 117.470001
2714.000000 190.426102 0.000000 117.559998
2714.625000 190.426102 0.000000 117.669998
2715.125000 190.651733 0.000000 117.760002
2715.750000 190.864182 0.000000 117.870003
2716.875000 190.864182 0.000000 117.964996
2717.750000 191.070633 0.000000 118.070000
2718.375000 191.271088 0.000000 118.154999
2718.500000 191.473587 0.000000 118.269997
2719.000000 191.473587 0.000000 118.364998
2719.625000 191.684998 0.000000 118.455002
2720.125000 191.889648 0.000000 118.570000
2720.375000 192.095230 0.000000 118.660004
2721.250000 192.095230 0.000000 118.769997
2721.875000 192.308624 0.000000 118.855003
2722.625000 192.525757 0.000000 118.959999
2722.750000 192.764267 0.000000 119.055000
2723.375000 192.969620 0.000000 119.169998
2724.000000 193.176895 0.000000 119.260002
2724.375000 193.384949 0.000000 119.370003
2724.875000 193.592911 0.000000 119.459999
2725.125000 193.800491 0.000000 119.570000
2725.750000 194.007645 0.000000 119.665001
2726.000000 194.007645 0.000000 119.750000
2726.125000 194.214386 0.000000 119.870003
2726.625000 194.450195 0.000000 119.955002
2727.125000 194.674332 0.000000 120.070000
2727.375000 194.883652 0.000000 120.154999
2727.750000 195.084183 0.000000 120.269997
2727.875000 195.084183 0.000000 120.355003
2728.375000 195.306717 0.000000 120.464996
2729.500000 195.306717 0.000000 120.550003
2729.625000 195.520523 0.000000 120.669998
2730.500000 195.721664 0.000000 120.760002
2732.125000 195.924179 0.000000 120.870003
2739.125000 196.127228 0.000000 120.964996
2746.125000 196.127228 0.000000 121.070000
2750.625000 196.330597 0.000000 121.160004
2754.625000 196.534225 0.000000 121.269997
2757.625000 196.534225 0.000000 121.355003
2761.000000 196.738449 0.000000 121.470001
2764.625000 196.943634 0.000000 121.550003
2767.250000 197.164749 0.000000 121.669998
2768.875000 197.372559 0.000000 121.754997
2773.125000 197.581787 0.000000 121.870003
2775.125000 197.581787 0.000000 121.959999
2776.750000 197.786545 0.000000 122.065002
2777.750000 198.023590 0.000000 122.154999
2779.000000 198.232361 0.000000 122.275002
2779.125000 198.441742 0.000000 122.364998
2779.250000 198.651199 0.000000 122.455002
2779.250000 198.860779 0.000000 122.570000
2781.500000 199.110458 0.000000 122.654999
2782.000000 199.320282 0.000000 122.764999
2782.500000 199.530121 0.000000 122.860001
2783.000000 199.739838 0.000000 122.970001
2784.125000 199.949249 0.000000 123.059998
2784.625000 200.158157 0.000000 123.169998
2787.500000 200.158157 0.000000 123.254997
2788.250000 200.575607 0.000000 123.370003
2790.000000 200.575607 0.000000 123.455002
2791.000000 200.784790 0.000000 123.570000
2791.625000 201.024231 0.000000 123.660004
2792.625000 201.263397 0.000000 123.769997
2794.375000 201.492767 0.000000 123.849998
2795.250000 201.732498 0.000000 123.970001
2796.125000 201.942490 0.000000 124.059998
2797.875000 202.142609 0.000000 124.169998
2798.500000 202.342789 0.000000 124.269997
2799.000000 202.543015 0.000000 124.355003
2799.750000 202.743271 0.000000 124.470001
2800.250000 202.943329 0.000000 124.559998
2801.250000 203.153183 0.000000 124.675003
2801.375000 203.153183 0.000000 124.760002
2801.750000 203.573135 0.000000 124.870003
2801.875000 203.573135 0.000000 124.955002
2801.875000 203.783127 0.000000 125.070000
2802.125000 204.013260 0.000000 125.154999
2802.500000 204.253601 0.000000 125.275002
2803.250000 204.454025 0.000000 125.360001
2803.625000 204.664520 0.000000 125.470001
2803.750000 204.895050 0.000000 125.550003
2804.625000 205.115295 0.000000 125.669998
2805.625000 205.315552 0.000000 125.760002
2806.250000 205.515594 0.000000 125.875000
2807.250000 205.716324 0.000000 125.970001
2809.500000 205.923615 0.000000 126.065002
2817.125000 206.129547 0.000000 126.175003
2824.625000 206.334259 0.000000 126.260002
2829.875000 206.537125 0.000000 126.370003
2836.000000 206.537125 0.000000 126.459999
2839.375000 206.742294 0.000000 126.565002
2841.750000 206.964462 0.000000 126.660004
2843.750000 206.964462 0.000000 126.769997
2848.875000 207.179321 0.000000 126.855003
2852.875000 207.395126 0.000000 126.959999
2856.000000 207.395126 0.000000 127.044998
2858.750000 207.598663 0.000000 127.160004
2860.000000 207.811005 0.000000 127.264999
2861.625000 207.811005 0.000000 127.360001
2862.375000 208.024002 0.000000 127.470001
2862.875000 208.229446 0.000000 127.559998
2863.375000 208.435410 0.000000 127.669998
2863.875000 208.435410 0.000000 127.750000
2864.625000 208.671661 0.000000 127.870003
2864.750000 208.871735 0.000000 127.959999
2864.875000 208.871735 0.000000 128.070007
2864.875000 209.095993 0.000000 128.160004
2865.000000 209.298706 0.000000 128.270004
2865.000000 209.298706 0.000000 128.354996
2865.000000 209.502640 0.000000 128.470001
2865.250000 209.708328 0.000000 128.559998
2865.250000 209.708328 0.000000 128.669998
2865.375000 209.910248 0.000000 128.755005
2865.375000 209.910248 0.000000 128.869995
2865.375000 209.910248 0.000000 128.960007
2865.375000 209.910248 0.000000 129.065002
2865.375000 210.111877 0.000000 129.160004
2865.375000 210.111877 0.000000 129.270004
2865.375000 210.111877 0.000000 129.354996
2865.375000 210.111877 0.000000 129.470001
2865.375000 210.111877 0.000000 129.559998
2865.375000 210.111877 0.000000 129.669998
2865.375000 210.111877 0.000000 129.759995
2865.375000 210.111877 0.000000 129.875000
2865.375000 210.314850 0.000000 129.955002
2865.375000 210.314850 0.000000 130.070007
2865.500000 210.533188 0.000000 130.154999
2865.625000 210.533188 0.000000 130.270004
2865.625000 210.737381 0.000000 130.354996
2865.625000 210.950592 0.000000 130.470001
2865.625000 210.950592 0.000000 130.559998
2865.750000 211.175262 0.000000 130.664993
2865.750000 211.175262 0.000000 130.750000
2865.750000 211.378754 0.000000 130.869995
2865.750000 211.378754 0.000000 130.955002
2866.000000 211.582382 0.000000 131.070007
2866.375000 211.582382 0.000000 131.154999
2866.375000 211.582382 0.000000 131.270004
2866.500000 211.582382 0.000000 131.354996
2866.500000 211.582382 0.000000 131.470001
2866.500000 211.582382 0.000000 131.565002
2866.500000 211.783539 0.000000 131.664993
2866.500000 211.783539 0.000000 131.755005
2866.750000 211.783539 0.000000 131.865005
2866.750000 211.783539 0.000000 131.970001
2866.750000 211.783539 0.000000 132.070007
2866.750000 211.783539 0.000000 132.164993
2866.750000 211.783539 0.000000 132.264999
2866.750000 211.783539 0.000000 132.354996
2866.750000 211.783539 0.000000 132.470001
2866.750000 211.783539 0.000000 132.554993
2866.750000 211.783539 0.000000 132.669998
2866.750000 211.783539 0.000000 132.755005
2866.750000 211.783539 0.000000 132.869995
2866.750000 211.783539 0.000000 132.960007
2866.750000 211.783539 0.000000 133.070007
2866.750000 211.783539 0.000000 133.160004
2866.750000 211.783539 0.000000 133.270004
2866.750000 211.783539 0.000000 133.360001
2866.750000 211.783539 0.000000 133.475006
2866.750000 211.783539 0.000000 133.559998
2866.750000 211.783539 0.000000 133.664993
2866.750000 211.783539 0.000000 133.774994
2866.750000 211.783539 0.000000 133.860001
2866.750000 211.983582 0.000000 133.970001
2866.750000 211.983582 0.000000 134.059998
2866.750000 212.199677 0.000000 134.169998
2866.875000 212.400284 0.000000 134.259995
2866.875000 212.400284 0.000000 134.375000
2866.875000 212.612091 0.000000 134.455002
2866.875000 212.818192 0.000000 134.574997
2867.000000 212.818192 0.000000 134.660004
2867.000000 213.025055 0.000000 134.774994
2867.000000 213.225342 0.000000 134.860001
2867.125000 213.434631 0.000000 134.970001
2867.125000 213.434631 0.000000 135.054993
2867.125000 213.643463 0.000000 135.154999
2867.125000 213.643463 0.000000 135.270004
2867.125000 213.854309 0.000000 135.354996
2867.125000 213.854309 0.000000 135.470001
2867.125000 213.854309 0.000000 135.565002
2867.250000 214.058029 0.000000 135.654999
2867.250000 214.058029 0.000000 135.770004
2867.250000 214.058029 0.000000 135.860001
2867.250000 214.058029 0.000000 135.970001
2867.250000 214.058029 0.000000 136.054993
2867.250000 214.058029 0.000000 136.169998
2867.250000 214.058029 0.000000 136.255005
2867.250000 214.058029 0.000000 136.369995
2867.250000 214.058029 0.000000 136.464996
2867.250000 214.058029 0.000000 136.570007
2867.250000 214.058029 0.000000 136.660004
2867.250000 214.058029 0.000000 136.770004
2867.250000 214.058029 0.000000 136.854996
2867.250000 214.058029 0.000000 136.970001
2867.250000 214.259811 0.000000 137.059998
2867.250000 214.259811 0.000000 137.169998
2867.375000 214.464951 0.000000 137.255005
2867.500000 214.464951 0.000000 137.369995
2867.625000 214.671753 0.000000 137.455002
2868.250000 214.884781 0.000000 137.570007
2869.125000 214.884781 0.000000 137.660004
2870.625000 215.085907 0.000000 137.770004
2871.875000 215.286377 0.000000 137.860001
2873.250000 215.489410 0.000000 137.970001
2875.375000 215.489410 0.000000 138.059998
2877.875000 215.719131 0.000000 138.175003
2879.000000 215.719131 0.000000 138.270004
2879.125000 215.930756 0.000000 138.354996
2879.750000 216.136047 0.000000 138.470001
2880.375000 216.136047 0.000000 138.554993
2880.875000 216.340378 0.000000 138.664993
2881.250000 216.543472 0.000000 138.750000
2881.500000 216.543472 0.000000 138.865005
2881.625000 216.772171 0.000000 138.949997
2881.750000 216.974152 0.000000 139.070007
2881.750000 217.178314 0.000000 139.160004
2882.125000 217.178314 0.000000 139.270004
2882.250000 217.383041 0.000000 139.354996
2882.250000 217.587982 0.000000 139.470001
2882.500000 217.792984 0.000000 139.559998
2882.625000 217.792984 0.000000 139.669998
2883.250000 217.997192 0.000000 139.755005
2884.250000 218.200653 0.000000 139.869995
2884.375000 218.200653 0.000000 139.955002
2884.500000 218.419693 0.000000 140.065002
2885.125000 218.628586 0.000000 140.149994
2885.375000 218.833221 0.000000 140.259995
2886.375000 219.065094 0.000000 140.369995
2887.875000 219.291809 0.000000 140.455002
2891.625000 219.496964 0.000000 140.565002
2894.875000 219.705887 0.000000 140.664993
2897.875000 219.910767 0.000000 140.759995
2902.375000 220.117249 0.000000 140.869995
2904.625000 220.117249 0.000000 140.955002
2905.500000 220.324646 0.000000 141.065002
2906.000000 220.553680 0.000000 141.149994
2907.250000 220.754272 0.000000 141.264999
2908.500000 220.754272 0.000000 141.354996
2908.500000 220.983459 0.000000 141.464996
2909.125000 221.189026 0.000000 141.559998
2909.500000 221.189026 0.000000 141.645004
2910.250000 221.394257 0.000000 141.774994
2910.500000 221.594803 0.000000 141.865005
2910.625000 221.798630 0.000000 141.970001
2910.875000 222.001022 0.000000 142.054993
2911.875000 222.211990 0.000000 142.169998
2913.000000 222.417618 0.000000 142.255005
2914.500000 222.625122 0.000000 142.369995
2916.375000 222.625122 0.000000 142.460007
2919.250000 222.842865 0.000000 142.565002
2923.125000 223.089813 0.000000 142.660004
2924.500000 223.316437 0.000000 142.764999
2929.625000 223.553787 0.000000 142.875000
2931.750000 223.772400 0.000000 142.960007
2934.000000 223.981644 0.000000 143.065002
2934.500000 224.191086 0.000000 143.160004
2935.250000 224.400375 0.000000 143.270004
2935.375000 224.400375 0.000000 143.354996
2935.750000 224.820160 0.000000 143.464996
2935.875000 224.820160 0.000000 143.550003
2935.875000 225.028503 0.000000 143.669998
2936.625000 225.264999 0.000000 143.759995
2936.750000 225.492065 0.000000 143.860001
2937.375000 225.730545 0.000000 143.945007
2938.250000 225.959900 0.000000 144.059998
2939.375000 226.169525 0.000000 144.169998
2943.750000 226.369827 0.000000 144.259995
2950.500000 226.578842 0.000000 144.365005
2953.375000 226.787781 0.000000 144.460007
2956.750000 226.995255 0.000000 144.574997
2957.250000 226.995255 0.000000 144.660004
2958.000000 227.198456 0.000000 144.770004
2958.875000 227.401886 0.000000 144.854996
2959.875000 227.602219 0.000000 144.970001
2961.750000 227.804611 0.000000 145.050003
2962.000000 227.804611 0.000000 145.169998
2962.250000 228.034271 0.000000 145.259995
2963.250000 228.239822 0.000000 145.369995
2964.500000 228.239822 0.000000 145.455002
2964.625000 228.444687 0.000000 145.570007
2965.875000 228.649445 0.000000 145.664993
2966.625000 228.861603 0.000000 145.750000
2967.500000 229.068848 0.000000 145.869995
2968.750000 229.278320 0.000000 145.964996
2971.125000 229.484665 0.000000 146.070007
2973.625000 229.484665 0.000000 146.154999
2976.625000 229.691269 0.000000 146.264999
2982.750000 229.927139 0.000000 146.375000
2987.125000 230.131149 0.000000 146.455002
2988.875000 230.343033 0.000000 146.574997
2992.000000 230.549362 0.000000 146.654999
2994.250000 230.549362 0.000000 146.764999
2995.375000 230.771851 0.000000 146.865005
2997.375000 230.976562 0.000000 146.949997
2999.375000 231.180862 0.000000 147.065002
2999.875000 231.180862 0.000000 147.154999
3002.250000 231.400909 0.000000 147.270004
3003.875000 231.603622 0.000000 147.380005
3004.625000 231.811234 0.000000 147.475006
3005.625000 231.811234 0.000000 147.554993
3006.375000 232.016251 0.000000 147.669998
3008.250000 232.248962 0.000000 147.755005
3009.125000 232.476471 0.000000 147.869995
3010.750000 232.685837 0.000000 147.949997
3012.125000 232.893127 0.000000 148.070007
3014.000000 233.119324 0.000000 148.154999
3015.000000 233.327179 0.000000 148.264999
3016.250000 233.327179 0.000000 148.354996
3017.750000 233.557999 0.000000 148.460007
3019.000000 233.764313 0.000000 148.554993
3019.875000 233.764313 0.000000 148.664993
3020.750000 233.988968 0.000000 148.744995
3022.375000 234.196198 0.000000 148.869995
3023.500000 234.196198 0.000000 148.955002
3024.000000 234.402313 0.000000 149.070007
3025.000000 234.609665 0.000000 149.164993
3026.250000 234.810684 0.000000 149.264999
3027.250000 234.810684 0.000000 149.354996
3028.250000 235.012695 0.000000 149.464996
3029.250000 235.245667 0.000000 149.550003
3030.750000 235.449677 0.000000 149.669998
3031.375000 235.449677 0.000000 149.759995
3031.625000 235.677094 0.000000 149.860001
3032.500000 235.879257 0.000000 149.945007
3033.750000 235.879257 0.000000 150.059998
3035.500000 236.095001 0.000000 150.169998
3036.625000 236.318634 0.000000 150.255005
3038.125000 236.550873 0.000000 150.369995
3039.750000 236.757599 0.000000 150.464996
3040.250000 237.005676 0.000000 150.559998
3040.750000 237.214905 0.000000 150.669998
3042.625000 237.424530 0.000000 150.770004
3043.625000 237.634308 0.000000 150.869995
3045.375000 237.844193 0.000000 150.960007
3047.000000 238.054077 0.000000 151.070007
3047.500000 238.054077 0.000000 151.154999
3049.125000 238.263962 0.000000 151.270004
3050.000000 238.503830 0.000000 151.354996
3051.000000 238.723724 0.000000 151.460007
3051.500000 238.953552 0.000000 151.570007
3052.125000 239.182663 0.000000 151.649994
3053.750000 239.401535 0.000000 151.759995
3055.375000 239.610794 0.000000 151.854996
3056.125000 239.820389 0.000000 151.964996
3058.000000 240.030167 0.000000 152.059998
3059.875000 240.239532 0.000000 152.164993
3062.875000 240.239532 0.000000 152.250000
3066.625000 240.448746 0.000000 152.360001
3069.375000 240.678162 0.000000 152.445007
3072.625000 240.907837 0.000000 152.554993
3077.375000 241.137680 0.000000 152.669998
3079.750000 241.347565 0.000000 152.764999
3083.000000 241.587112 0.000000 152.854996
3085.250000 241.796814 0.000000 152.964996
3087.750000 242.006683 0.000000 153.054993
3090.875000 242.216614 0.000000 153.169998
3094.375000 242.216614 0.000000 153.250000
3098.250000 242.636612 0.000000 153.369995
3104.625000 242.636612 0.000000 153.455002
3109.500000 243.046570 0.000000 153.565002
3115.125000 243.046570 0.000000 153.649994
3118.250000 243.256119 0.000000 153.764999
3124.125000 243.485535 0.000000 153.850006
3129.625000 243.735184 0.000000 153.970001
3134.500000 243.995041 0.000000 154.059998
3141.375000 244.195084 0.000000 154.169998
3148.125000 244.395111 0.000000 154.250000
3153.875000 244.604874 0.000000 154.365005
3159.375000 244.604874 0.000000 154.445007
3162.500000 245.034805 0.000000 154.559998
3167.375000 245.034805 0.000000 154.645004
3169.875000 245.435257 0.000000 154.774994
3176.125000 245.635559 0.000000 154.869995
3180.375000 245.835876 0.000000 154.960007
3188.125000 246.041840 0.000000 155.070007
3193.000000 246.041840 0.000000 155.154999
3198.625000 246.248489 0.000000 155.270004
3201.625000 246.453094 0.000000 155.365005
3206.500000 246.653717 0.000000 155.475006
3211.500000 246.653717 0.000000 155.559998
3217.250000 246.888382 0.000000 155.660004
3221.500000 247.092865 0.000000 155.770004
3225.250000 247.092865 0.000000 155.854996
3228.750000 247.305725 0.000000 155.970001
3232.625000 247.511520 0.000000 156.050003
3235.375000 247.725357 0.000000 156.164993
3239.875000 247.725357 0.000000 156.244995
3241.500000 247.931717 0.000000 156.360001
3245.000000 248.138519 0.000000 156.455002
3247.375000 248.341370 0.000000 156.574997
3250.375000 248.577362 0.000000 156.664993
3252.625000 248.782196 0.000000 156.770004
3255.000000 248.989426 0.000000 156.854996
3259.875000 249.197845 0.000000 156.970001
3263.625000 249.197845 0.000000 157.054993
3267.250000 249.616364 0.000000 157.169998
3269.250000 249.616364 0.000000 157.259995
3271.750000 249.844955 0.000000 157.350006
3273.375000 250.084152 0.000000 157.464996
3274.625000 250.304184 0.000000 157.570007
3275.875000 250.534546 0.000000 157.649994
3277.250000 250.755112 0.000000 157.759995
3278.875000 250.975494 0.000000 157.869995
3279.375000 251.185043 0.000000 157.955002
3280.625000 251.393753 0.000000 158.065002
3281.375000 251.393753 0.000000 158.154999
3281.625000 251.601776 0.000000 158.264999
3282.875000 251.839706 0.000000 158.350006
3283.625000 252.068283 0.000000 158.460007
3284.625000 252.307983 0.000000 158.570007
3285.125000 252.528549 0.000000 158.649994
3285.750000 252.729462 0.000000 158.770004
3285.875000 252.940659 0.000000 158.854996
3287.000000 253.151718 0.000000 158.960007
3287.875000 253.352737 0.000000 159.070007
3289.250000 253.553909 0.000000 159.169998
3290.250000 253.755112 0.000000 159.264999
3291.375000 253.956085 0.000000 159.354996
3293.500000 254.157043 0.000000 159.464996
3294.750000 254.358093 0.000000 159.559998
3296.000000 254.559235 0.000000 159.664993
3299.000000 254.760422 0.000000 159.755005
3301.250000 254.961395 0.000000 159.869995
3303.500000 255.161713 0.000000 159.949997
3306.125000 255.371323 0.000000 160.070007
3308.250000 255.580276 0.000000 160.149994
3309.625000 255.789490 0.000000 160.270004
3311.000000 255.789490 0.000000 160.354996
3313.125000 256.207153 0.000000 160.470001
3314.750000 256.207153 0.000000 160.565002
3316.875000 256.414978 0.000000 160.664993
3317.750000 256.632355 0.000000 160.770004
3318.000000 256.860260 0.000000 160.854996
3318.500000 257.089386 0.000000 160.975006
3319.375000 257.299164 0.000000 161.054993
3320.000000 257.499237 0.000000 161.169998
3321.625000 257.699432 0.000000 161.259995
3323.500000 257.899719 0.000000 161.365005
3324.000000 258.140076 0.000000 161.455002
3325.375000 258.350372 0.000000 161.570007
3326.500000 258.550690 0.000000 161.660004
3326.750000 258.750977 0.000000 161.770004
3326.875000 258.951294 0.000000 161.854996
3326.875000 259.151672 0.000000 161.970001
3327.375000 259.351959 0.000000 162.054993
3328.000000 259.552155 0.000000 162.164993
3329.000000 259.752380 0.000000 162.250000
3330.125000 259.952667 0.000000 162.365005
3330.875000 260.152985 0.000000 162.455002
3331.000000 260.353302 0.000000 162.559998
3331.500000 260.553619 0.000000 162.669998
3332.125000 260.753967 0.000000 162.759995
3334.500000 260.954315 0.000000 162.869995
3334.500000 261.154633 0.000000 162.964996
3336.125000 261.354645 0.000000 163.054993
3337.375000 261.556061 0.000000 163.164993
3338.250000 261.556061 0.000000 163.255005
3338.375000 261.765808 0.000000 163.365005
3339.875000 261.967834 0.000000 163.445007
3341.250000 262.168945 0.000000 163.565002
3342.125000 262.374176 0.000000 163.664993
3342.250000 262.374176 0.000000 163.744995
3343.625000 262.601562 0.000000 163.869995
3344.375000 262.806519 0.000000 163.960007
3344.750000 262.806519 0.000000 164.059998
3345.375000 263.034424 0.000000 164.154999
3346.625000 263.240906 0.000000 164.270004
3347.750000 263.449249 0.000000 164.354996
3348.500000 263.658569 0.000000 164.470001
3349.375000 263.658569 0.000000 164.554993
3350.250000 263.868103 0.000000 164.669998
3350.750000 264.091644 0.000000 164.755005
3351.250000 264.317139 0.000000 164.869995
3351.875000 264.523682 0.000000 164.960007
3352.750000 264.730438 0.000000 165.070007
3354.750000 264.956818 0.000000 165.149994
3356.625000 265.169250 0.000000 165.259995
3358.375000 265.370178 0.000000 165.365005
3359.250000 265.370178 0.000000 165.460007
3360.250000 265.575775 0.000000 165.570007
3360.750000 265.788025 0.000000 165.669998
3361.125000 265.993469 0.000000 165.759995
3361.500000 266.225433 0.000000 165.865005
3362.000000 266.452209 0.000000 165.970001
3362.500000 266.661102 0.000000 166.059998
3362.875000 266.870667 0.000000 166.164993
3363.000000 267.070740 0.000000 166.255005
3363.250000 267.280701 0.000000 166.365005
3363.875000 267.280701 0.000000 166.449997
3364.250000 267.709778 0.000000 166.570007
3365.125000 267.709778 0.000000 166.654999
3365.500000 268.110443 0.000000 166.764999
3366.250000 268.110443 0.000000 166.850006
3367.125000 268.311035 0.000000 166.960007
3368.000000 268.721954 0.000000 167.070007
3368.625000 268.721954 0.000000 167.154999
3369.000000 268.921997 0.000000 167.264999
3369.125000 269.122162 0.000000 167.360001
3370.000000 269.322479 0.000000 167.464996
3370.625000 269.562927 0.000000 167.554993
3371.625000 269.793457 0.000000 167.664993
3372.750000 269.993896 0.000000 167.755005
3373.125000 270.194336 0.000000 167.869995
3373.625000 270.394440 0.000000 167.964996
3374.375000 270.648438 0.000000 168.054993
3375.375000 270.850708 0.000000 168.169998
3376.875000 270.850708 0.000000 168.259995
3378.250000 271.063843 0.000000 168.369995
3380.625000 271.063843 0.000000 168.460007
3383.875000 271.264587 0.000000 168.570007
3386.625000 271.264587 0.000000 168.664993
3388.375000 271.264587 0.000000 168.755005
3391.000000 271.264587 0.000000 168.860001
3391.500000 271.264587 0.000000 168.970001
3393.000000 271.264587 0.000000 169.065002
3393.250000 271.465363 0.000000 169.154999
3393.625000 271.465363 0.000000 169.259995
3395.125000 271.465363 0.000000 169.350006
3396.250000 271.465363 0.000000 169.460007
3398.125000 271.465363 0.000000 169.554993
3398.625000 271.465363 0.000000 169.669998
3398.750000 271.465363 0.000000 169.755005
3400.000000 271.465363 0.000000 169.869995
3400.625000 271.465363 0.000000 169.949997
3402.625000 271.465363 0.000000 170.065002
3404.000000 271.667572 0.000000 170.169998
3407.125000 271.667572 0.000000 170.259995
3409.750000 271.868896 0.000000 170.369995
3413.500000 271.868896 0.000000 170.460007
3415.875000 272.075531 0.000000 170.565002
3420.000000 272.303070 0.000000 170.649994
3423.000000 272.508636 0.000000 170.770004
3423.625000 272.508636 0.000000 170.854996
3424.500000 272.719666 0.000000 170.970001
3425.250000 272.922028 0.000000 171.054993
3425.625000 272.922028 0.000000 171.169998
3426.500000 273.126587 0.000000 171.255005
3426.750000 273.340942 0.000000 171.369995
3427.000000 273.340942 0.000000 171.455002
3427.875000 273.542908 0.000000 171.570007
3428.375000 273.747040 0.000000 171.654999
3429.000000 273.959961 0.000000 171.770996
3429.250000 273.959961 0.000000 171.860001
3429.875000 274.165863 0.000000 171.970001
3430.250000 274.398590 0.000000 172.054993
3430.625000 274.604675 0.000000 172.169998
3430.750000 274.604675 0.000000 172.259995
3431.250000 274.808716 0.000000 172.365005
3431.750000 275.040527 0.000000 172.449997
3431.750000 275.276917 0.000000 172.570007
3431.875000 275.485809 0.000000 172.660004
3432.500000 275.695801 0.000000 172.770004
3435.000000 275.936493 0.000000 172.854996
3436.750000 276.147369 0.000000 172.970001
3438.250000 276.348297 0.000000 173.054993
3440.125000 276.569366 0.000000 173.175003
3442.375000 276.770294 0.000000 173.270004
3444.625000 276.970703 0.000000 173.360001
3448.125000 277.180328 0.000000 173.464996
3451.375000 277.389221 0.000000 173.559998
3455.250000 277.597473 0.000000 173.664993
3458.500000 277.597473 0.000000 173.755005
3460.125000 277.805237 0.000000 173.869995
3463.375000 278.042236 0.000000 173.955002
3465.125000 278.259247 0.000000 174.059998
3467.000000 278.476196 0.000000 174.169998
3468.375000 278.722717 0.000000 174.255005
3469.875000 278.930573 0.000000 174.369995
3471.625000 279.139557 0.000000 174.455002
3472.625000 279.349335 0.000000 174.570007
3473.375000 279.549530 0.000000 174.654999
3473.875000 279.749939 0.000000 174.759995
3476.125000 279.950470 0.000000 174.869995
3478.375000 280.151001 0.000000 174.955002
3479.250000 280.351532 0.000000 175.059998
3480.000000 280.551910 0.000000 175.169998
3480.875000 280.761902 0.000000 175.255005
3481.000000 280.961945 0.000000 175.365005
3481.500000 281.162109 0.000000 175.464996
3482.375000 281.371674 0.000000 175.559998
3482.875000 281.580658 0.000000 175.669998
3483.500000 281.580658 0.000000 175.759995
3484.000000 281.819336 0.000000 175.850006
3484.625000 282.048004 0.000000 175.964996
3484.875000 282.297150 0.000000 176.070007
3485.500000 282.526764 0.000000 176.160004
3486.375000 282.736572 0.000000 176.264999
3487.000000 282.946411 0.000000 176.360001
3488.875000 283.156219 0.000000 176.470001
3491.375000 283.366058 0.000000 176.559998
3494.500000 283.575928 0.000000 176.669998
3496.750000 283.575928 0.000000 176.759995
3497.000000 283.785828 0.000000 176.865005
3497.625000 284.015747 0.000000 176.949997
3498.250000 284.255676 0.000000 177.065002
3499.000000 284.465576 0.000000 177.154999
3500.750000 284.675476 0.000000 177.270004
3501.000000 284.915314 0.000000 177.354996
3503.000000 285.145142 0.000000 177.470001
3503.875000 285.145142 0.000000 177.550003
3504.000000 285.564575 0.000000 177.660004
3504.500000 285.774017 0.000000 177.764999
3505.125000 285.983612 0.000000 177.869995
3505.500000 285.983612 0.000000 177.955002
3507.750000 286.193329 0.000000 178.065002
3508.250000 286.413116 0.000000 178.145004
3511.125000 286.642914 0.000000 178.264999
3514.125000 286.882721 0.000000 178.369995
3515.750000 287.120880 0.000000 178.460007
3516.875000 287.323944 0.000000 178.570007
3517.875000 287.323944 0.000000 178.654999
3518.250000 287.525269 0.000000 178.764999
3519.000000 287.728088 0.000000 178.845001
3519.625000 287.945190 0.000000 178.964996
3521.250000 287.945190 0.000000 179.070007
3521.750000 288.158447 0.000000 179.154999
3522.500000 288.378174 0.000000 179.259995
3522.625000 288.378174 0.000000 179.369995
3522.875000 288.599548 0.000000 179.455002
3523.375000 288.800873 0.000000 179.570007
3524.125000 288.800873 0.000000 179.654999
3524.500000 289.003296 0.000000 179.770004
3525.875000 289.207123 0.000000 179.860001
3527.250000 289.434967 0.000000 179.964996
3527.375000 289.434967 0.000000 180.065002
3527.625000 289.655884 0.000000 180.154999
3528.125000 289.862152 0.000000 180.264999
3528.250000 290.066650 0.000000 180.350006
3528.625000 290.273743 0.000000 180.470001
3529.125000 290.273743 0.000000 180.570007
3529.250000 290.482544 0.000000 180.660004
3529.625000 290.687225 0.000000 180.740005
3530.000000 290.924622 0.000000 180.865005
3530.250000 291.133850 0.000000 180.960007
3530.750000 291.343445 0.000000 181.070007
3531.375000 291.583435 0.000000 181.149994
3532.625000 291.783539 0.000000 181.264999
3533.625000 291.993256 0.000000 181.354996
3533.625000 292.203094 0.000000 181.460007
3533.875000 292.403107 0.000000 181.570007
3534.125000 292.603271 0.000000 181.660004
3534.625000 292.803558 0.000000 181.764999
3535.125000 293.003906 0.000000 181.850006
3535.250000 293.204254 0.000000 181.960007
3536.250000 293.404572 0.000000 182.070007
3537.125000 293.604889 0.000000 182.154999
3537.750000 293.805176 0.000000 182.264999
3538.500000 294.005463 0.000000 182.350006
3539.625000 294.205780 0.000000 182.470001
3541.750000 294.406097 0.000000 182.554993
3544.250000 294.606384 0.000000 182.669998
3546.000000 294.806641 0.000000 182.759995
3550.250000 295.014923 0.000000 182.865005
3551.375000 295.224060 0.000000 182.955002
3553.375000 295.426544 0.000000 183.070007
3554.500000 295.426544 0.000000 183.154999
3556.625000 295.638336 0.000000 183.264999
3558.750000 295.839905 0.000000 183.365005
3560.000000 295.839905 0.000000 183.460007
3560.875000 296.043365 0.000000 183.559998
3562.375000 296.043365 0.000000 183.649994
3563.500000 296.043365 0.000000 183.759995
3564.500000 296.244568 0.000000 183.869995
3564.875000 296.244568 0.000000 183.955002
3565.000000 296.244568 0.000000 184.059998
3565.375000 296.244568 0.000000 184.169998
3566.750000 296.446411 0.000000 184.259995
3567.500000 296.446411 0.000000 184.369995
3568.125000 296.446411 0.000000 184.460007
3568.625000 296.446411 0.000000 184.570007
3568.875000 296.446411 0.000000 184.654999
3569.000000 296.446411 0.000000 184.764999
3569.750000 296.446411 0.000000 184.865005
3570.500000 296.446411 0.000000 184.955002
3570.875000 296.446411 0.000000 185.070007
3571.125000 296.446411 0.000000 185.154999
3571.125000 296.446411 0.000000 185.270004
3571.500000 296.446411 0.000000 185.360001
3571.625000 296.446411 0.000000 185.464996
3571.750000 296.446411 0.000000 185.550003
3572.500000 296.446411 0.000000 185.664993
3572.875000 296.446411 0.000000 185.755005
3573.000000 296.446411 0.000000 185.869995
3573.000000 296.446411 0.000000 185.949997
3573.125000 296.446411 0.000000 186.059998
3573.250000 296.446411 0.000000 186.175003
3573.375000 296.446411 0.000000 186.264999
3573.500000 296.446411 0.000000 186.365005
3573.750000 296.446411 0.000000 186.460007
3574.000000 296.446411 0.000000 186.574997
3574.000000 296.446411 0.000000 186.669998
3574.250000 296.446411 0.000000 186.759995
3574.250000 296.646637 0.000000 186.869995
3574.625000 296.646637 0.000000 186.955002
3575.125000 296.864349 0.000000 187.070007
3575.875000 297.098236 0.000000 187.154999
3576.375000 297.298676 0.000000 187.270004
3577.250000 297.504364 0.000000 187.350006
3580.250000 297.712799 0.000000 187.470001
3582.625000 297.922363 0.000000 187.554993
3584.250000 298.132355 0.000000 187.660004
3586.000000 298.342285 0.000000 187.770004
3587.875000 298.342285 0.000000 187.860001
3588.500000 298.551880 0.000000 187.970001
3589.125000 298.791870 0.000000 188.054993
3589.625000 298.992249 0.000000 188.164993
3590.125000 299.192810 0.000000 188.255005
3590.500000 299.423523 0.000000 188.360001
3590.500000 299.624207 0.000000 188.455002
3590.625000 299.834930 0.000000 188.565002
3590.625000 300.085785 0.000000 188.654999
3590.625000 300.296326 0.000000 188.764999
3590.750000 300.496582 0.000000 188.854996
3590.750000 300.696899 0.000000 188.970001
3591.375000 300.897308 0.000000 189.054993
3591.375000 301.097809 0.000000 189.160004
3592.000000 301.298309 0.000000 189.270004
3592.500000 301.498779 0.000000 189.354996
3593.250000 301.699249 0.000000 189.470001
3593.875000 301.899719 0.000000 189.559998
3594.500000 302.120209 0.000000 189.675003
3595.625000 302.320618 0.000000 189.759995
3598.250000 302.530609 0.000000 189.875000
3600.125000 302.739746 0.000000 189.970001
3603.125000 302.739746 0.000000 190.050003
3607.250000 303.156219 0.000000 190.169998
3609.750000 303.156219 0.000000 190.259995
3612.000000 303.363922 0.000000 190.365005
3612.875000 303.581268 0.000000 190.475006
3615.250000 303.808350 0.000000 190.559998
3615.625000 304.045258 0.000000 190.669998
3616.000000 304.272308 0.000000 190.755005
3617.625000 304.479675 0.000000 190.869995
3618.625000 304.687347 0.000000 190.960007
3620.625000 304.896179 0.000000 191.070007
3621.000000 305.105927 0.000000 191.160004
3621.375000 305.306122 0.000000 191.264999
3621.625000 305.506439 0.000000 191.354996
3624.000000 305.716339 0.000000 191.464996
3624.500000 305.926117 0.000000 191.570007
3625.625000 305.926117 0.000000 191.654999
3626.375000 306.336151 0.000000 191.770004
3626.750000 306.336151 0.000000 191.854996
3627.125000 306.736481 0.000000 191.970001
3627.750000 306.736481 0.000000 192.054993
3628.000000 306.946442 0.000000 192.169998
3628.750000 307.175476 0.000000 192.255005
3629.000000 307.393677 0.000000 192.360001
3629.000000 307.631042 0.000000 192.470001
3629.125000 307.868988 0.000000 192.559998
3629.375000 308.087891 0.000000 192.669998
3629.750000 308.297272 0.000000 192.755005
3630.250000 308.506866 0.000000 192.865005
3630.500000 308.716583 0.000000 192.964996
3630.750000 308.716583 0.000000 193.065002
3632.375000 308.926361 0.000000 193.169998
3633.375000 309.176147 0.000000 193.259995
3634.375000 309.405975 0.000000 193.369995
3636.625000 309.655762 0.000000 193.455002
3637.500000 309.885559 0.000000 193.570007
3637.750000 310.095398 0.000000 193.654999
3637.750000 310.305267 0.000000 193.759995
3638.500000 310.515167 0.000000 193.865005
3638.750000 310.515167 0.000000 193.964996
3640.375000 310.755005 0.000000 194.054993
3640.875000 310.994171 0.000000 194.164993
3642.250000 311.202637 0.000000 194.255005
3642.750000 311.410431 0.000000 194.360001
3643.000000 311.617676 0.000000 194.470001
3643.000000 311.854034 0.000000 194.565002
3644.125000 312.060608 0.000000 194.664993
3644.125000 312.267151 0.000000 194.759995
3645.500000 312.473846 0.000000 194.875000
3645.500000 312.473846 0.000000 194.955002
3647.000000 312.900513 0.000000 195.070007
3647.500000 312.900513 0.000000 195.154999
3647.750000 313.100525 0.000000 195.259995
3647.875000 313.301056 0.000000 195.365005
3648.125000 313.532043 0.000000 195.455002
3649.000000 313.733124 0.000000 195.570007
3649.750000 313.944366 0.000000 195.654999
3649.750000 314.175812 0.000000 195.764999
3650.625000 314.377106 0.000000 195.850006
3651.000000 314.578400 0.000000 195.970001
3651.250000 314.779694 0.000000 196.054993
3651.625000 314.991028 0.000000 196.164993
3651.875000 315.192230 0.000000 196.274994
3652.125000 315.393219 0.000000 196.360001
3652.625000 315.593414 0.000000 196.470001
3652.750000 315.852997 0.000000 196.559998
3653.000000 316.053223 0.000000 196.669998
3653.000000 316.253876 0.000000 196.755005
3653.250000 316.464661 0.000000 196.865005
3653.375000 316.665619 0.000000 196.970001
3653.875000 316.866638 0.000000 197.059998
3654.000000 317.077118 0.000000 197.169998
3654.750000 317.286835 0.000000 197.255005
3655.125000 317.495850 0.000000 197.360001
3655.250000 317.704254 0.000000 197.470001
3655.375000 317.704254 0.000000 197.550003
3655.500000 317.912964 0.000000 197.664993
3655.625000 318.152466 0.000000 197.770004
3655.875000 318.372589 0.000000 197.869995
3656.125000 318.572998 0.000000 197.955002
3656.625000 318.783600 0.000000 198.070007
3657.375000 318.984192 0.000000 198.154999
3657.625000 319.184814 0.000000 198.270004
3658.125000 319.385437 0.000000 198.354996
3658.750000 319.596100 0.000000 198.464996
3659.625000 319.826813 0.000000 198.544998
3660.125000 320.054291 0.000000 198.664993
3660.250000 320.054291 0.000000 198.750000
3660.375000 320.263733 0.000000 198.869995
3660.625000 320.465668 0.000000 198.964996
3660.750000 320.465668 0.000000 199.054993
3660.875000 320.666107 0.000000 199.160004
3661.000000 320.666107 0.000000 199.244995
3661.125000 320.666107 0.000000 199.360001
3661.125000 320.666107 0.000000 199.470001
3661.125000 320.666107 0.000000 199.565002
3661.125000 320.666107 0.000000 199.669998
3661.125000 320.666107 0.000000 199.759995
3661.125000 320.866302 0.000000 199.865005
3661.125000 320.866302 0.000000 199.970001
3661.125000 320.866302 0.000000 200.065002
3661.250000 320.866302 0.000000 200.160004
3661.250000 320.866302 0.000000 200.270004
3661.375000 320.866302 0.000000 200.360001
3661.750000 320.866302 0.000000 200.470001
3661.875000 320.866302 0.000000 200.559998
3661.875000 320.866302 0.000000 200.664993
3663.000000 321.069214 0.000000 200.770004
3663.750000 321.069214 0.000000 200.865005
3663.750000 321.280762 0.000000 200.970001
3664.125000 321.487946 0.000000 201.054993
3664.125000 321.693329 0.000000 201.169998
3664.125000 321.896393 0.000000 201.255005
3664.250000 322.102936 0.000000 201.369995
3664.375000 322.102936 0.000000 201.449997
3664.625000 322.311188 0.000000 201.565002
3664.625000 322.549988 0.000000 201.649994
3664.625000 322.769379 0.000000 201.759995
3664.750000 322.999084 0.000000 201.869995
3664.875000 323.248840 0.000000 201.955002
3665.000000 323.458405 0.000000 202.059998
3665.000000 323.458405 0.000000 202.139999
3665.125000 323.897766 0.000000 202.259995
3665.250000 324.107605 0.000000 202.369995
3665.250000 324.107605 0.000000 202.460007
3665.375000 324.317474 0.000000 202.570007
3665.375000 324.557343 0.000000 202.654999
3665.375000 324.787231 0.000000 202.764999
3665.500000 325.037140 0.000000 202.850006
3665.625000 325.257080 0.000000 202.960007
3665.750000 325.467041 0.000000 203.070007
3665.750000 325.676971 0.000000 203.160004
3665.750000 325.886871 0.000000 203.264999
3665.875000 325.886871 0.000000 203.354996
3665.875000 326.306732 0.000000 203.470001
3666.000000 326.306732 0.000000 203.554993
3666.000000 326.516693 0.000000 203.664993
3666.000000 326.726654 0.000000 203.770004
3666.125000 326.966614 0.000000 203.865005
3666.250000 327.176575 0.000000 203.949997
3666.375000 327.386475 0.000000 204.070007
3666.500000 327.596375 0.000000 204.164993
3666.500000 327.846222 0.000000 204.255005
3666.625000 328.056152 0.000000 204.369995
3666.625000 328.266144 0.000000 204.455002
3666.750000 328.476135 0.000000 204.570007
3666.750000 328.686127 0.000000 204.654999
3666.875000 328.896118 0.000000 204.770004
3667.000000 328.896118 0.000000 204.854996
3667.000000 329.096130 0.000000 204.960007
3667.125000 329.316132 0.000000 205.070007
3667.250000 329.556091 0.000000 205.160004
3667.375000 329.786011 0.000000 205.270004
3667.500000 329.995972 0.000000 205.354996
3667.500000 330.205933 0.000000 205.470001
3667.625000 330.455902 0.000000 205.565002
3667.750000 330.665833 0.000000 205.664993
3667.875000 330.665833 0.000000 205.744995
3668.000000 330.885773 0.000000 205.854996
3668.125000 331.325623 0.000000 205.975006
3668.250000 331.325623 0.000000 206.070007
3668.375000 331.555573 0.000000 206.154999
3668.375000 331.775513 0.000000 206.259995
3668.500000 332.015472 0.000000 206.369995
3668.625000 332.255402 0.000000 206.460007
3668.875000 332.465332 0.000000 206.570007
3668.875000 332.675293 0.000000 206.654999
3668.875000 332.885284 0.000000 206.764999
3669.125000 333.085297 0.000000 206.854996
3669.250000 333.285339 0.000000 206.970001
3669.375000 333.485352 0.000000 207.054993
3669.750000 333.685364 0.000000 207.169998
3669.875000 333.685364 0.000000 207.255005
3670.000000 334.105286 0.000000 207.369995
3670.250000 334.105286 0.000000 207.455002
3670.375000 334.315216 0.000000 207.565002
3670.500000 334.545197 0.000000 207.654999
3670.750000 334.785187 0.000000 207.764999
3671.000000 334.985199 0.000000 207.875000
3671.000000 335.185211 0.000000 207.960007
3671.250000 335.415253 0.000000 208.070007
3671.375000 335.655243 0.000000 208.160004
3671.625000 335.865234 0.000000 208.270004
3671.750000 336.075195 0.000000 208.360001
3671.750000 336.275208 0.000000 208.475006
3672.000000 336.475220 0.000000 208.559998
3672.000000 336.685211 0.000000 208.660004
3672.000000 336.895172 0.000000 208.764999
3672.000000 336.895172 0.000000 208.854996
3672.000000 337.295197 0.000000 208.970001
3672.000000 337.295197 0.000000 209.054993
3672.000000 337.695282 0.000000 209.160004
3672.000000 337.905273 0.000000 209.270004
3672.125000 338.115204 0.000000 209.369995
3672.125000 338.115204 0.000000 209.455002
3672.250000 338.325073 0.000000 209.565002
3672.250000 338.554993 0.000000 209.660004
3672.250000 338.794922 0.000000 209.770004
3672.375000 339.054871 0.000000 209.860001
3672.375000 339.264862 0.000000 209.970001
3672.750000 339.474823 0.000000 210.054993
3672.750000 339.684784 0.000000 210.169998
3672.750000 339.884796 0.000000 210.264999
3672.875000 340.094788 0.000000 210.375000
3672.875000 340.294800 0.000000 210.470001
3673.000000 340.294800 0.000000 210.554993
3673.000000 340.704803 0.000000 210.664993
3673.125000 340.704803 0.000000 210.755005
3673.250000 341.104828 0.000000 210.869995
3673.250000 341.314819 0.000000 210.975006
3673.375000 341.314819 0.000000 211.059998
3673.375000 341.524811 0.000000 211.164993
3673.750000 341.724823 0.000000 211.259995
3673.875000 341.924835 0.000000 211.369995
3674.125000 342.154846 0.000000 211.455002
3674.375000 342.394867 0.000000 211.570007
3674.375000 342.634827 0.000000 211.649994
3674.375000 342.854706 0.000000 211.770004
3674.500000 343.063965 0.000000 211.854996
3674.625000 343.272919 0.000000 211.964996
3674.875000 343.272919 0.000000 212.050003
3674.875000 343.701691 0.000000 212.169998
3675.000000 343.701691 0.000000 212.259995
3675.125000 343.911407 0.000000 212.369995
3675.125000 344.151184 0.000000 212.455002
3675.125000 344.371094 0.000000 212.559998
3675.250000 344.601013 0.000000 212.671005
3675.250000 344.850922 0.000000 212.759995
3675.375000 345.060883 0.000000 212.865005
3675.500000 345.270844 0.000000 212.975006
3675.625000 345.480804 0.000000 213.059998
3675.750000 345.690765 0.000000 213.175003
3675.750000 345.690765 0.000000 213.255005
3675.875000 345.910736 0.000000 213.369995
3676.000000 346.150665 0.000000 213.455002
3676.000000 346.380615 0.000000 213.565002
3676.125000 346.590607 0.000000 213.664993
3676.125000 346.840607 0.000000 213.755005
3676.375000 347.050598 0.000000 213.869995
3676.500000 347.260559 0.000000 213.955002
3676.500000 347.470551 0.000000 214.059998
3676.625000 347.670563 0.000000 214.169998
3676.625000 347.880554 0.000000 214.259995
3676.750000 348.090515 0.000000 214.365005
3676.750000 348.300476 0.000000 214.470001
3676.875000 348.300476 0.000000 214.565002
3677.000000 348.540436 0.000000 214.649994
3677.000000 348.770416 0.000000 214.764999
3677.125000 348.980377 0.000000 214.854996
3677.125000 349.190338 0.000000 214.975006
3677.125000 349.400299 0.000000 215.059998
3677.250000 349.610291 0.000000 215.164993
3677.250000 349.840271 0.000000 215.255005
3677.375000 350.050079 0.000000 215.369995
3677.375000 350.259613 0.000000 215.455002
3677.375000 350.468994 0.000000 215.570007
3677.500000 350.678558 0.000000 215.660004
3677.625000 350.887878 0.000000 215.764999
3677.875000 350.887878 0.000000 215.850006
3677.875000 351.096893 0.000000 215.964996
3677.875000 351.345551 0.000000 216.054993
3678.000000 351.574493 0.000000 216.169998
3678.000000 351.783905 0.000000 216.255005
3678.375000 351.993530 0.000000 216.365005
3678.500000 352.213287 0.000000 216.464996
3678.750000 352.443085 0.000000 216.559998
3678.875000 352.652954 0.000000 216.669998
3678.875000 352.862885 0.000000 216.759995
3679.125000 353.072784 0.000000 216.869995
3679.125000 353.072784 0.000000 216.955002
3679.250000 353.492310 0.000000 217.070007
3679.625000 353.492310 0.000000 217.160004
3680.625000 353.702148 0.000000 217.270004
3680.750000 353.942078 0.000000 217.354996
3680.750000 354.172028 0.000000 217.470001
3680.750000 354.381989 0.000000 217.554993
3680.750000 354.591980 0.000000 217.669998
3680.750000 354.791992 0.000000 217.759995
3680.875000 355.022003 0.000000 217.860001
3680.875000 355.242035 0.000000 217.970001
3681.000000 355.442047 0.000000 218.054993
3681.125000 355.642059 0.000000 218.169998
3681.125000 355.842072 0.000000 218.259995
3681.375000 356.062103 0.000000 218.369995
3681.375000 356.262115 0.000000 218.455002
3681.625000 356.462158 0.000000 218.570007
3682.125000 356.662170 0.000000 218.660004
3682.250000 356.862244 0.000000 218.770004
3682.375000 357.062256 0.000000 218.854996
3682.375000 357.262268 0.000000 218.970001
3683.000000 357.462280 0.000000 219.059998
3683.500000 357.662292 0.000000 219.175003
3684.000000 357.862305 0.000000 219.264999
3684.125000 358.062317 0.000000 219.350006
3684.500000 358.272247 0.000000 219.464996
3684.500000 358.272247 0.000000 219.554993
3684.750000 358.692108 0.000000 219.664993
3684.750000 358.692108 0.000000 219.764999
3684.875000 358.902100 0.000000 219.865005
3684.875000 359.132019 0.000000 219.949997
3685.000000 359.361938 0.000000 220.059998
3685.125000 359.571777 0.000000 220.154999
3685.250000 359.781677 0.000000 220.264999
3685.500000 360.031525 0.000000 220.354996
3685.625000 360.241364 0.000000 220.464996
3685.625000 360.451141 0.000000 220.559998
3685.750000 360.660980 0.000000 220.669998
3685.875000 360.870850 0.000000 220.759995
3686.000000 361.080780 0.000000 220.865005
3686.000000 361.080780 0.000000 220.960007
3686.000000 361.300690 0.000000 221.065002
3686.125000 361.540588 0.000000 221.154999
3686.125000 361.790466 0.000000 221.264999
3686.250000 362.020294 0.000000 221.350006
3686.250000 362.240143 0.000000 221.470001
3686.250000 362.449982 0.000000 221.574997
3686.375000 362.659821 0.000000 221.660004
3686.375000 362.869659 0.000000 221.770004
3686.500000 363.079498 0.000000 221.869995
3686.500000 363.079498 0.000000 221.960007
3686.500000 363.289337 0.000000 222.065002
3686.625000 363.499176 0.000000 222.160004
3686.625000 363.709015 0.000000 222.270004
3686.750000 363.938843 0.000000 222.354996
3686.750000 364.188660 0.000000 222.464996
3686.750000 364.428467 0.000000 222.554993
3686.875000 364.638306 0.000000 222.664993
3686.875000 364.848145 0.000000 222.755005
3687.000000 365.057983 0.000000 222.865005
3687.000000 365.057983 0.000000 222.949997
3687.000000 365.487671 0.000000 223.070007
3687.125000 365.487671 0.000000 223.164993
3687.125000 365.727478 0.000000 223.250000
3687.250000 365.967377 0.000000 223.369995
3687.250000 366.177307 0.000000 223.464996
3687.250000 366.417114 0.000000 223.550003
3687.375000 366.636536 0.000000 223.660004
3687.375000 366.845703 0.000000 223.770004
3687.500000 367.055084 0.000000 223.850006
3687.500000 367.264648 0.000000 223.964996
3687.500000 367.474335 0.000000 224.074997
3687.625000 367.684143 0.000000 224.169998
3687.625000 367.684143 0.000000 224.255005
3687.750000 367.894012 0.000000 224.369995
3687.875000 368.133850 0.000000 224.455002
3688.000000 368.373688 0.000000 224.570007
3688.125000 368.583588 0.000000 224.664993
3688.125000 368.813568 0.000000 224.750000
3688.250000 369.013580 0.000000 224.869995
3688.500000 369.223602 0.000000 224.979996
3688.625000 369.433594 0.000000 225.059998
3688.625000 369.653564 0.000000 225.175003
3689.000000 369.860443 0.000000 225.255005
3689.750000 370.069092 0.000000 225.369995
3690.125000 370.069092 0.000000 225.449997
3690.500000 370.291901 0.000000 225.570007
3691.125000 370.500641 0.000000 225.660004
3691.875000 370.500641 0.000000 225.770004
3693.000000 370.731903 0.000000 225.865005
3693.875000 370.946503 0.000000 225.964996
3695.500000 370.946503 0.000000 226.044998
3696.625000 371.148010 0.000000 226.154999
3697.750000 371.350830 0.000000 226.264999
3698.375000 371.554260 0.000000 226.350006
3699.000000 371.554260 0.000000 226.470001
3699.875000 371.780670 0.000000 226.559998
3700.875000 372.000397 0.000000 226.660004
3701.750000 372.000397 0.000000 226.770004
3702.625000 372.228638 0.000000 226.854996
3703.375000 372.431091 0.000000 226.970001
3704.250000 372.638062 0.000000 227.054993
3704.500000 372.842468 0.000000 227.169998
3705.000000 373.045044 0.000000 227.274994
3705.875000 373.251617 0.000000 227.360001
3706.375000 373.460297 0.000000 227.470001
3706.875000 373.460297 0.000000 227.554993
3707.875000 373.870209 0.000000 227.675003
3708.750000 373.870209 0.000000 227.759995
3709.250000 374.271240 0.000000 227.869995
3709.875000 374.271240 0.000000 227.955002
3710.625000 374.672516 0.000000 228.070007
3712.000000 374.672516 0.000000 228.154999
3713.250000 375.073975 0.000000 228.270004
3714.000000 375.073975 0.000000 228.350006
3714.625000 375.274719 0.000000 228.464996
3715.750000 375.505554 0.000000 228.550003
3716.875000 375.706238 0.000000 228.669998
3717.625000 375.916840 0.000000 228.755005
3718.750000 376.147522 0.000000 228.869995
3721.000000 376.348145 0.000000 228.955002
3722.500000 376.558838 0.000000 229.070007
3723.750000 376.759552 0.000000 229.160004
3726.000000 376.970276 0.000000 229.270004
3727.250000 377.170929 0.000000 229.360001
3728.875000 377.371582 0.000000 229.470001
3731.500000 377.572144 0.000000 229.559998
3735.750000 377.778046 0.000000 229.639999
3738.500000 377.993805 0.000000 229.764999
3742.500000 377.993805 0.000000 229.850006
3745.750000 378.200287 0.000000 229.970001
3749.250000 378.403442 0.000000 230.054993
3752.125000 378.623932 0.000000 230.169998
3754.375000 378.623932 0.000000 230.255005
3759.250000 378.827789 0.000000 230.365005
3761.750000 379.030640 0.000000 230.455002
3766.625000 379.233093 0.000000 230.570007
3771.375000 379.233093 0.000000 230.654999
3776.375000 379.434998 0.000000 230.759995
3784.875000 379.657593 0.000000 230.850006
3789.250000 379.858612 0.000000 230.964996
3797.625000 379.858612 0.000000 231.050003
3801.750000 380.068054 0.000000 231.164993
3807.000000 380.270447 0.000000 231.250000
3812.500000 380.270447 0.000000 231.360001
3814.875000 380.473053 0.000000 231.470001
3816.375000 380.676361 0.000000 231.554993
3819.125000 380.880615 0.000000 231.664993
3820.375000 380.880615 0.000000 231.755005
3821.000000 381.085327 0.000000 231.865005
3821.250000 381.319183 0.000000 231.955002
3821.375000 381.319183 0.000000 232.065002
3822.375000 381.545074 0.000000 232.149994
3822.875000 381.748749 0.000000 232.270004
3823.000000 381.952484 0.000000 232.354996
3824.375000 381.952484 0.000000 232.460007
3824.875000 382.156097 0.000000 232.570007
3825.375000 382.374603 0.000000 232.654999
3825.875000 382.374603 0.000000 232.764999
3826.375000 382.600616 0.000000 232.854996
3826.375000 382.805420 0.000000 232.964996
3827.250000 383.009521 0.000000 233.050003
3828.500000 383.216827 0.000000 233.164993
3829.125000 383.426361 0.000000 233.270004
3830.000000 383.426361 0.000000 233.365005
3830.000000 383.631958 0.000000 233.470001
3831.625000 383.860382 0.000000 233.554993
3832.375000 384.100464 0.000000 233.669998
3833.500000 384.301086 0.000000 233.755005
3833.625000 384.511139 0.000000 233.869995
3833.625000 384.740997 0.000000 233.960007
3833.750000 384.740997 0.000000 234.065002
3833.875000 384.946686 0.000000 234.149994
3833.875000 384.946686 0.000000 234.259995
3834.000000 385.158783 0.000000 234.369995
3834.000000 385.158783 0.000000 234.455002
3834.000000 385.158783 0.000000 234.565002
3834.250000 385.158783 0.000000 234.654999
3834.250000 385.158783 0.000000 234.759995
3834.250000 385.359589 0.000000 234.869995
3834.250000 385.359589 0.000000 234.955002
3834.250000 385.359589 0.000000 235.070007
3834.250000 385.359589 0.000000 235.160004
3834.250000 385.359589 0.000000 235.270004
3834.250000 385.359589 0.000000 235.354996
3834.500000 385.359589 0.000000 235.470001
3834.625000 385.359589 0.000000 235.570007
3834.625000 385.359589 0.000000 235.654999
3834.625000 385.359589 0.000000 235.764999
3834.625000 385.359589 0.000000 235.869995
3834.625000 385.359589 0.000000 235.964996
3834.750000 385.359589 0.000000 236.054993
3834.750000 385.359589 0.000000 236.169998
3834.875000 385.359589 0.000000 236.264999
3834.875000 385.359589 0.000000 236.354996
3834.875000 385.359589 0.000000 236.470001
3834.875000 385.359589 0.000000 236.565002
3834.875000 385.359589 0.000000 236.649994
3834.875000 385.359589 0.000000 236.764999
3834.875000 385.359589 0.000000 236.854996
3834.875000 385.359589 0.000000 236.964996
3834.875000 385.359589 0.000000 237.065002
3834.875000 385.563660 0.000000 237.169998
3834.875000 385.790802 0.000000 237.259995
3834.875000 385.997803 0.000000 237.369995
3834.875000 385.997803 0.000000 237.460007
3834.875000 386.410797 0.000000 237.570007
3834.875000 386.410797 0.000000 237.654999
3834.875000 386.618286 0.000000 237.764999
3834.875000 386.827057 0.000000 237.845001
3834.875000 387.066406 0.000000 237.960007
3834.875000 387.305267 0.000000 238.070007
3834.875000 387.544678 0.000000 238.160004
3834.875000 387.754669 0.000000 238.270004
3834.875000 387.955048 0.000000 238.360001
3834.875000 388.155670 0.000000 238.470001
3834.875000 388.356171 0.000000 238.559998
3834.875000 388.565918 0.000000 238.669998
3834.875000 388.775269 0.000000 238.755005
3835.250000 388.984985 0.000000 238.869995
3835.250000 388.984985 0.000000 238.955002
3835.250000 389.395325 0.000000 239.070007
3835.375000 389.395325 0.000000 239.154999
3835.500000 389.795898 0.000000 239.270004
3835.625000 389.795898 0.000000 239.360001
3835.625000 390.005280 0.000000 239.460007
3836.250000 390.233582 0.000000 239.550003
3837.375000 390.471039 0.000000 239.669998
3839.250000 390.678436 0.000000 239.755005
3841.750000 390.885651 0.000000 239.869995
3842.375000 391.132233 0.000000 239.960007
3843.500000 391.339447 0.000000 240.070007
3846.500000 391.544220 0.000000 240.149994
3851.750000 391.750793 0.000000 240.270004
3857.125000 391.750793 0.000000 240.354996
3865.000000 391.985962 0.000000 240.470001
3870.500000 392.191162 0.000000 240.574997
3878.375000 392.191162 0.000000 240.660004
3881.000000 392.398346 0.000000 240.764999
3884.000000 392.618378 0.000000 240.854996
3888.125000 392.618378 0.000000 240.970001
3890.750000 392.844849 0.000000 241.054993
3893.125000 393.049316 0.000000 241.164993
3894.125000 393.049316 0.000000 241.255005
3895.125000 393.253876 0.000000 241.369995
3896.875000 393.458649 0.000000 241.449997
3898.125000 393.663452 0.000000 241.565002
3899.000000 393.663452 0.000000 241.654999
3899.625000 393.890045 0.000000 241.770004
3899.750000 394.094666 0.000000 241.865005
3901.000000 394.094666 0.000000 241.970001
3901.500000 394.306519 0.000000 242.074997
3902.875000 394.527710 0.000000 242.169998
3906.000000 394.527710 0.000000 242.264999
3912.375000 394.750946 0.000000 242.354996
3916.250000 394.952820 0.000000 242.470001
3919.625000 394.952820 0.000000 242.554993
3922.875000 395.155640 0.000000 242.664993
3925.750000 395.359741 0.000000 242.774994
3928.125000 395.579529 0.000000 242.860001
3928.750000 395.579529 0.000000 242.970001
3930.250000 395.819427 0.000000 243.065002
3931.375000 396.053253 0.000000 243.175003
3933.500000 396.258820 0.000000 243.270004
3934.375000 396.461823 0.000000 243.365005
3936.000000 396.668335 0.000000 243.455002
3936.250000 396.876617 0.000000 243.565002
3936.375000 397.085724 0.000000 243.675003
3936.500000 397.085724 0.000000 243.759995
3936.500000 397.305206 0.000000 243.869995
3936.500000 397.544891 0.000000 243.949997
3936.625000 397.764709 0.000000 244.059998
3936.625000 398.004578 0.000000 244.139999
3936.750000 398.244415 0.000000 244.259995
3936.750000 398.454315 0.000000 244.369995
3936.750000 398.664215 0.000000 244.455002
3936.875000 398.874146 0.000000 244.565002
3937.375000 399.084076 0.000000 244.669998
3937.500000 399.294037 0.000000 244.770004
3937.625000 399.294037 0.000000 244.865005
3937.750000 399.543976 0.000000 244.955002
3937.875000 399.773743 0.000000 245.065002
3937.875000 400.023499 0.000000 245.149994
3938.000000 400.243286 0.000000 245.259995
3938.000000 400.453186 0.000000 245.369995
3938.250000 400.663147 0.000000 245.460007
3938.375000 400.873108 0.000000 245.570007
3939.000000 401.083069 0.000000 245.675003
3939.375000 401.293030 0.000000 245.764999
3939.375000 401.502991 0.000000 245.869995
3939.500000 401.502991 0.000000 245.949997
3939.625000 401.712952 0.000000 246.059998
3939.625000 401.922913 0.000000 246.169998
3939.750000 402.142853 0.000000 246.250000
3940.250000 402.362793 0.000000 246.360001
3940.375000 402.602753 0.000000 246.470001
3940.625000 402.842590 0.000000 246.559998
3940.875000 403.061523 0.000000 246.675003
3941.375000 403.270569 0.000000 246.759995
3941.875000 403.478668 0.000000 246.869995
3942.250000 403.685730 0.000000 246.964996
3943.250000 403.685730 0.000000 247.050003
3944.625000 403.891296 0.000000 247.160004
3948.000000 404.095764 0.000000 247.274994
3954.875000 404.340118 0.000000 247.369995
3962.875000 404.546204 0.000000 247.464996
3966.750000 404.786591 0.000000 247.550003
3970.875000 404.993317 0.000000 247.660004
3975.125000 404.993317 0.000000 247.770004
3979.625000 405.208984 0.000000 247.854996
3981.375000 405.412872 0.000000 247.970001
3984.125000 405.412872 0.000000 248.059998
3988.000000 405.619385 0.000000 248.169998
3991.750000 405.821747 0.000000 248.259995
3993.750000 406.025513 0.000000 248.369995
3995.500000 406.025513 0.000000 248.455002
3996.875000 406.229858 0.000000 248.570007
3997.500000 406.434723 0.000000 248.654999
3999.250000 406.647369 0.000000 248.774994
4003.500000 406.647369 0.000000 248.860001
4003.625000 406.848053 0.000000 248.960007
4004.750000 407.051727 0.000000 249.054993
4010.750000 407.253815 0.000000 249.164993
4012.500000 407.474365 0.000000 249.274994
4012.875000 407.699829 0.000000 249.365005
4014.375000 407.907837 0.000000 249.460007
4015.625000 408.116638 0.000000 249.565002
4018.250000 408.325317 0.000000 249.654999
4021.375000 408.533478 0.000000 249.770004
4022.625000 408.533478 0.000000 249.850006
4022.625000 408.948975 0.000000 249.970001
4022.875000 408.948975 0.000000 250.059998
4023.500000 409.157623 0.000000 250.175003
4024.125000 409.396667 0.000000 250.259995
4024.500000 409.636139 0.000000 250.369995
4024.750000 409.877777 0.000000 250.455002
4025.250000 410.083282 0.000000 250.570007
4025.500000 410.289246 0.000000 250.660004
4025.500000 410.289246 0.000000 250.764999
4025.500000 410.519440 0.000000 250.860001
4025.625000 410.723541 0.000000 250.964996
4026.500000 410.923767 0.000000 251.054993
4026.500000 410.923767 0.000000 251.164993
4027.500000 411.130127 0.000000 251.250000
4028.250000 411.335724 0.000000 251.369995
4029.875000 411.335724 0.000000 251.449997
4032.000000 411.540283 0.000000 251.570007
4035.000000 411.748566 0.000000 251.660004
4035.125000 411.951385 0.000000 251.770004
4036.750000 411.951385 0.000000 251.854996
4036.875000 412.158875 0.000000 251.964996
4037.250000 412.365021 0.000000 252.054993
4037.500000 412.585876 0.000000 252.169998
4037.875000 412.585876 0.000000 252.259995
4038.250000 412.791229 0.000000 252.369995
4038.250000 412.996490 0.000000 252.455002
4038.875000 413.201355 0.000000 252.570007
4039.000000 413.201355 0.000000 252.664993
4039.375000 413.412964 0.000000 252.750000
4044.500000 413.616516 0.000000 252.865005
4044.750000 413.819763 0.000000 252.970001
4048.000000 413.819763 0.000000 253.054993
4048.125000 414.045990 0.000000 253.169998
4048.500000 414.250427 0.000000 253.255005
4050.875000 414.250427 0.000000 253.369995
4052.750000 414.478149 0.000000 253.449997
4054.125000 414.705994 0.000000 253.565002
4055.625000 414.705994 0.000000 253.649994
4058.500000 414.908417 0.000000 253.770004
4065.875000 415.115448 0.000000 253.854996
4066.500000 415.338715 0.000000 253.970001
4067.250000 415.580597 0.000000 254.054993
4068.625000 415.787354 0.000000 254.169998
4072.000000 415.995667 0.000000 254.255005
4072.625000 416.204773 0.000000 254.365005
4073.625000 416.204773 0.000000 254.449997
4074.000000 416.424286 0.000000 254.559998
4074.875000 416.644073 0.000000 254.639999
4075.125000 416.853943 0.000000 254.759995
4076.000000 417.063843 0.000000 254.869995
4076.250000 417.283386 0.000000 254.955002
4077.375000 417.531921 0.000000 255.065002
4078.875000 417.769470 0.000000 255.154999
4082.000000 417.996185 0.000000 255.270004
4085.625000 418.199463 0.000000 255.354996
4087.250000 418.199463 0.000000 255.466995
4087.250000 418.427856 0.000000 255.550003
4087.500000 418.635529 0.000000 255.660004
4087.625000 418.841187 0.000000 255.770004
4087.625000 418.841187 0.000000 255.860001
4087.625000 419.044556 0.000000 255.970001
4087.750000 419.270782 0.000000 256.054993
4087.875000 419.475189 0.000000 256.174988
4087.875000 419.475189 0.000000 256.260010
4087.875000 419.686737 0.000000 256.369995
4087.875000 419.889618 0.000000 256.454987
4087.875000 419.889618 0.000000 256.565002
4088.000000 420.100220 0.000000 256.649994
4088.125000 420.303467 0.000000 256.765015
4088.125000 420.303467 0.000000 256.850006
4088.250000 420.506927 0.000000 256.970001
4088.250000 420.711304 0.000000 257.054993
4088.250000 420.916290 0.000000 257.170013
4088.250000 421.121368 0.000000 257.265015
4088.375000 421.121368 0.000000 257.364990
4088.375000 421.329132 0.000000 257.459991
4088.375000 421.532471 0.000000 257.570007
4088.500000 421.763031 0.000000 257.660004
4088.500000 421.964996 0.000000 257.769989
4088.625000 422.170990 0.000000 257.864990
4088.750000 422.378967 0.000000 257.959991
4088.750000 422.587677 0.000000 258.065002
4088.875000 422.796753 0.000000 258.174988
4088.875000 422.796753 0.000000 258.255005
4089.000000 423.006195 0.000000 258.364990
4089.000000 423.245697 0.000000 258.454987
4089.000000 423.475281 0.000000 258.570007
4089.125000 423.684845 0.000000 258.654999
4089.125000 423.894562 0.000000 258.769989
4089.250000 424.144409 0.000000 258.859985
4089.250000 424.354279 0.000000 258.970001
4089.250000 424.564178 0.000000 259.054993
4089.750000 424.774139 0.000000 259.170013
4089.750000 424.983795 0.000000 259.265015
4089.875000 424.983795 0.000000 259.350006
4089.875000 425.193207 0.000000 259.459991
4089.875000 425.422760 0.000000 259.575012
4090.250000 425.662476 0.000000 259.665009
4090.750000 425.882202 0.000000 259.769989
4092.250000 426.131989 0.000000 259.855011
4094.000000 426.358307 0.000000 259.970001
4095.875000 426.566956 0.000000 260.059998
4098.500000 426.774567 0.000000 260.165009
4102.000000 426.774567 0.000000 260.250000
4103.750000 427.193939 0.000000 260.364990
4105.625000 427.400879 0.000000 260.470001
4107.625000 427.400879 0.000000 260.559998
4110.250000 427.607727 0.000000 260.670013
4112.875000 427.826447 0.000000 260.760010
4115.875000 428.032959 0.000000 260.869995
4119.000000 428.238037 0.000000 260.975006
4122.500000 428.238037 0.000000 261.059998
4124.875000 428.440918 0.000000 261.170013
4125.750000 428.641998 0.000000 261.255005
4127.625000 428.851471 0.000000 261.375000
4131.375000 428.851471 0.000000 261.454987
4134.375000 429.054871 0.000000 261.570007
4137.125000 429.282288 0.000000 261.654999
4139.375000 429.487610 0.000000 261.769989
4142.375000 429.487610 0.000000 261.855011
4144.250000 429.693024 0.000000 261.964996
4145.500000 429.898254 0.000000 262.049988
4148.000000 430.099487 0.000000 262.165009
4149.125000 430.099487 0.000000 262.255005
4150.000000 430.303406 0.000000 262.364990
4152.250000 430.519196 0.000000 262.459991
4153.500000 430.721588 0.000000 262.565002
4155.750000 430.926422 0.000000 262.665009
4157.375000 431.171478 0.000000 262.750000
4158.625000 431.388245 0.000000 262.859985
4161.375000 431.606873 0.000000 262.975006
4162.875000 431.816742 0.000000 263.054993
4163.625000 432.017212 0.000000 263.170013
4165.625000 432.218048 0.000000 263.255005
4167.000000 432.419098 0.000000 263.369995
4168.750000 432.620270 0.000000 263.459991
4170.375000 432.821472 0.000000 263.570007
4173.250000 433.022675 0.000000 263.654999
4177.250000 433.223877 0.000000 263.769989
4181.125000 433.425110 0.000000 263.864990
4185.250000 433.626312 0.000000 263.954987
4189.125000 433.827545 0.000000 264.070007
4193.500000 434.028809 0.000000 264.165009
4199.500000 434.028809 0.000000 264.250000
4204.125000 434.431244 0.000000 264.359985
4210.750000 434.632477 0.000000 264.464996
4217.625000 434.632477 0.000000 264.549988
4223.875000 435.037811 0.000000 264.665009
4227.750000 435.037811 0.000000 264.755005
4234.625000 435.239990 0.000000 264.859985
4241.625000 435.440979 0.000000 264.954987
4250.125000 435.660278 0.000000 265.070007
4256.625000 435.660278 0.000000 265.154999
4263.750000 435.861389 0.000000 265.265015
4270.875000 435.861389 0.000000 265.345001
4277.625000 436.073547 0.000000 265.459991
4282.375000 436.073547 0.000000 265.570007
4287.250000 436.073547 0.000000 265.660004
4291.375000 436.073547 0.000000 265.765015
4294.500000 436.073547 0.000000 265.855011
4296.500000 436.274139 0.000000 265.970001
4298.000000 436.274139 0.000000 266.059998
4300.125000 436.274139 0.000000 266.170013
4302.375000 436.274139 0.000000 266.260010
4304.000000 436.274139 0.000000 266.375000
4307.375000 436.274139 0.000000 266.459991
4308.625000 436.274139 0.000000 266.565002
4309.875000 436.274139 0.000000 266.654999
4310.875000 436.274139 0.000000 266.769989
4311.500000 436.274139 0.000000 266.850006
4312.500000 436.274139 0.000000 266.970001
4313.375000 436.274139 0.000000 267.059998
4313.875000 436.274139 0.000000 267.170013
4314.500000 436.274139 0.000000 267.255005
4315.625000 436.274139 0.000000 267.364990
4316.250000 436.274139 0.000000 267.454987
4317.125000 436.274139 0.000000 267.570007
4318.250000 436.274139 0.000000 267.654999
4319.250000 436.274139 0.000000 267.774994
4320.000000 436.487793 0.000000 267.859985
4321.875000 436.688721 0.000000 267.975006
4323.375000 436.688721 0.000000 268.054993
4324.000000 436.918732 0.000000 268.165009
4324.250000 437.166016 0.000000 268.255005
4325.375000 437.371613 0.000000 268.369995
4326.000000 437.579803 0.000000 268.454987
4327.000000 437.788849 0.000000 268.571014
4329.125000 437.997772 0.000000 268.665009
4331.125000 437.997772 0.000000 268.750000
4333.125000 438.417145 0.000000 268.864990
4334.750000 438.417145 0.000000 268.950012
4336.000000 438.817261 0.000000 269.070007
4337.750000 438.817261 0.000000 269.154999
4338.250000 439.027191 0.000000 269.269989
4339.625000 439.277130 0.000000 269.364990
4341.125000 439.517242 0.000000 269.470001
4341.375000 439.767334 0.000000 269.559998
4342.500000 439.977051 0.000000 269.670013
4343.250000 440.186829 0.000000 269.760010
4344.125000 440.396698 0.000000 269.875000
4344.750000 440.606567 0.000000 269.970001
4345.125000 440.606567 0.000000 270.054993
4345.625000 441.026428 0.000000 270.174988
4345.875000 441.026428 0.000000 270.260010
4346.125000 441.236389 0.000000 270.364990
4346.375000 441.456421 0.000000 270.450012
4346.750000 441.705597 0.000000 270.565002
4347.125000 441.917389 0.000000 270.644989
4347.500000 442.120178 0.000000 270.765015
4347.875000 442.120178 0.000000 270.855011
4348.000000 442.120178 0.000000 270.964996
4348.875000 442.337433 0.000000 271.059998
4349.500000 442.337433 0.000000 271.165009
4350.375000 442.337433 0.000000 271.255005
4350.375000 442.337433 0.000000 271.364990
4350.625000 442.337433 0.000000 271.450012
4350.875000 442.539551 0.000000 271.565002
4351.000000 442.539551 0.000000 271.654999
4351.125000 442.539551 0.000000 271.765015
4351.500000 442.539551 0.000000 271.850006
4351.500000 442.539551 0.000000 271.959991
4351.750000 442.539551 0.000000 272.065002
4351.750000 442.539551 0.000000 272.154999
4351.875000 442.539551 0.000000 272.269989
4352.000000 442.539551 0.000000 272.355011
4352.125000 442.539551 0.000000 272.470001
4352.250000 442.539551 0.000000 272.559998
4352.500000 442.539551 0.000000 272.665009
4352.750000 442.539551 0.000000 272.755005
4353.000000 442.539551 0.000000 272.869995
4353.000000 442.753021 0.000000 272.950012
4353.125000 442.957245 0.000000 273.065002
4353.125000 442.957245 0.000000 273.149994
4353.375000 443.185272 0.000000 273.269989
4353.500000 443.390442 0.000000 273.350006
4353.625000 443.390442 0.000000 273.475006
4353.750000 443.613037 0.000000 273.559998
4354.000000 443.814789 0.000000 273.665009
4354.125000 443.814789 0.000000 273.750000
4354.250000 444.018341 0.000000 273.859985
4354.750000 444.222931 0.000000 273.959991
4354.875000 444.428040 0.000000 274.054993
4355.000000 444.633514 0.000000 274.170013
4355.375000 444.633514 0.000000 274.255005
4355.500000 444.853363 0.000000 274.364990
4355.625000 445.074585 0.000000 274.470001
4355.750000 445.280121 0.000000 274.559998
4355.875000 445.280121 0.000000 274.660004
4356.500000 445.482086 0.000000 274.774994
4356.500000 445.684113 0.000000 274.864990
4356.750000 445.889557 0.000000 274.945007
4356.875000 445.889557 0.000000 275.065002
4357.125000 446.106628 0.000000 275.174988
4357.125000 446.329041 0.000000 275.255005
4357.375000 446.329041 0.000000 275.359985
4358.125000 446.535858 0.000000 275.470001
4360.625000 446.771271 0.000000 275.554993
4362.500000 446.771271 0.000000 275.665009
4365.375000 446.990967 0.000000 275.744995
4368.500000 447.218109 0.000000 275.864990
4372.375000 447.218109 0.000000 275.975006
4374.875000 447.424683 0.000000 276.065002
4379.375000 447.647278 0.000000 276.149994
4383.875000 447.647278 0.000000 276.260010
4387.250000 447.855957 0.000000 276.369995
4391.125000 448.056885 0.000000 276.459991
4394.500000 448.256897 0.000000 276.570007
4397.500000 448.256897 0.000000 276.665009
4400.250000 448.470978 0.000000 276.755005
4403.250000 448.676697 0.000000 276.869995
4404.000000 448.676697 0.000000 276.954987
4405.000000 448.881622 0.000000 277.070007
4405.125000 449.086273 0.000000 277.154999
4405.500000 449.292877 0.000000 277.265015
4405.875000 449.292877 0.000000 277.369995
4406.125000 449.509796 0.000000 277.450012
4407.625000 449.736603 0.000000 277.565002
4409.500000 449.736603 0.000000 277.649994
4411.375000 449.941803 0.000000 277.769989
4413.625000 450.147461 0.000000 277.855011
4418.625000 450.360962 0.000000 277.975006
4421.250000 450.360962 0.000000 278.065002
4423.250000 450.575836 0.000000 278.154999
4424.750000 450.776337 0.000000 278.265015
4425.125000 450.992462 0.000000 278.350006
4425.875000 451.195831 0.000000 278.470001
4426.875000 451.195831 0.000000 278.554993
4427.375000 451.399445 0.000000 278.665009
4427.375000 451.399445 0.000000 278.760010
4427.875000 451.599518 0.000000 278.864990
4428.000000 451.599518 0.000000 278.970001
4428.500000 451.599518 0.000000 279.059998
4428.625000 451.599518 0.000000 279.170013
4428.875000 451.599518 0.000000 279.250000
4429.375000 451.599518 0.000000 279.364990
4429.875000 451.800018 0.000000 279.454987
4429.875000 451.800018 0.000000 279.565002
4430.000000 451.800018 0.000000 279.649994
4430.000000 451.800018 0.000000 279.769989
4430.375000 451.800018 0.000000 279.855011
4430.375000 451.800018 0.000000 279.970001
4430.500000 451.800018 0.000000 280.054993
4430.750000 451.800018 0.000000 280.170013
4430.750000 451.800018 0.000000 280.255005
4430.875000 451.800018 0.000000 280.369995
4431.000000 451.800018 0.000000 280.454987
4431.125000 451.800018 0.000000 280.565002
4431.250000 451.800018 0.000000 280.654999
4431.250000 451.800018 0.000000 280.760010
4431.375000 451.800018 0.000000 280.869995
4431.500000 451.800018 0.000000 280.959991
4431.500000 451.800018 0.000000 281.070007
4431.500000 451.800018 0.000000 281.160004
4431.625000 451.800018 0.000000 281.274994
4431.875000 451.800018 0.000000 281.359985
4431.875000 452.001312 0.000000 281.470001
4432.000000 452.001312 0.000000 281.565002
4432.125000 452.220581 0.000000 281.665009
4432.125000 452.422882 0.000000 281.760010
4432.125000 452.422882 0.000000 281.864990
4432.375000 452.623199 0.000000 281.950012
4432.375000 452.848755 0.000000 282.065002
4432.500000 452.848755 0.000000 282.160004
4432.625000 453.053406 0.000000 282.269989
4432.875000 453.258759 0.000000 282.350006
4433.000000 453.464447 0.000000 282.470001
4433.250000 453.464447 0.000000 282.554993
4433.250000 453.668030 0.000000 282.670013
4433.250000 453.876373 0.000000 282.755005
4433.250000 454.081696 0.000000 282.859985
4433.250000 454.324188 0.000000 282.950012
4433.750000 454.541656 0.000000 283.065002
4434.000000 454.750977 0.000000 283.149994
4434.000000 454.951141 0.000000 283.269989
4434.000000 455.151703 0.000000 283.355011
4434.125000 455.352448 0.000000 283.470001
4434.125000 455.553253 0.000000 283.559998
4434.125000 455.754089 0.000000 283.665009
4434.375000 455.954956 0.000000 283.750000
4436.125000 456.155701 0.000000 283.869995
4437.500000 456.356537 0.000000 283.964996
4437.625000 456.557281 0.000000 284.075012
4437.750000 456.757935 0.000000 284.160004
4438.375000 456.958710 0.000000 284.269989
4438.500000 457.159607 0.000000 284.355011
4440.000000 457.360565 0.000000 284.464996
4440.750000 457.561584 0.000000 284.565002
4440.875000 457.762665 0.000000 284.654999
4441.125000 457.963745 0.000000 284.765015
4441.750000 458.164825 0.000000 284.850006
4442.375000 458.375458 0.000000 284.975006
4443.750000 458.585083 0.000000 285.070007
4444.250000 458.585083 0.000000 285.154999
4446.250000 459.001801 0.000000 285.265015
4448.125000 459.001801 0.000000 285.364990
4448.750000 459.209351 0.000000 285.459991
4449.375000 459.625793 0.000000 285.579987
4450.250000 459.625793 0.000000 285.660004
4451.875000 459.833588 0.000000 285.769989
4455.375000 460.061127 0.000000 285.869995
4456.125000 460.269348 0.000000 285.954987
4459.125000 460.497772 0.000000 286.070007
4460.500000 460.726807 0.000000 286.154999
4462.250000 460.936310 0.000000 286.269989
4466.625000 461.136658 0.000000 286.355011
4468.125000 461.346283 0.000000 286.470001
4469.750000 461.555939 0.000000 286.554993
4470.125000 461.765717 0.000000 286.670013
4472.750000 461.975525 0.000000 286.760010
4475.875000 462.185364 0.000000 286.864990
4477.250000 462.185364 0.000000 286.954987
4478.875000 462.395233 0.000000 287.065002
4479.375000 462.625122 0.000000 287.149994
4479.625000 462.865082 0.000000 287.265015
4480.000000 463.074371 0.000000 287.359985
4480.250000 463.279022 0.000000 287.464996
4480.625000 463.279022 0.000000 287.549988
4481.500000 463.486298 0.000000 287.665009
4482.125000 463.689789 0.000000 287.769989
4483.250000 463.689789 0.000000 287.859985
4483.250000 463.689789 0.000000 287.970001
4484.125000 463.689789 0.000000 288.059998
4484.750000 463.890320 0.000000 288.174988
4484.750000 463.890320 0.000000 288.260010
4484.875000 463.890320 0.000000 288.369995
4484.875000 463.890320 0.000000 288.454987
4485.000000 463.890320 0.000000 288.565002
4485.750000 463.890320 0.000000 288.670013
4485.750000 463.890320 0.000000 288.760010
4486.125000 463.890320 0.000000 288.869995
4486.250000 463.890320 0.000000 288.975006
4486.500000 463.890320 0.000000 289.059998
4486.500000 463.890320 0.000000 289.174988
4486.500000 463.890320 0.000000 289.255005
4486.500000 463.890320 0.000000 289.369995
4486.750000 463.890320 0.000000 289.454987
4486.750000 463.890320 0.000000 289.559998
4486.750000 463.890320 0.000000 289.665009
4486.750000 463.890320 0.000000 289.760010
4486.750000 463.890320 0.000000 289.869995
4487.000000 463.890320 0.000000 289.959991
4487.000000 463.890320 0.000000 290.065002
4487.000000 463.890320 0.000000 290.170013
4487.500000 463.890320 0.000000 290.265015
4487.625000 463.890320 0.000000 290.369995
4487.625000 463.890320 0.000000 290.450012
4487.875000 463.890320 0.000000 290.570007
4488.000000 463.890320 0.000000 290.660004
4488.000000 463.890320 0.000000 290.765015
4488.000000 463.890320 0.000000 290.855011
4488.000000 463.890320 0.000000 290.959991
4488.000000 463.890320 0.000000 291.070007
4488.000000 463.890320 0.000000 291.154999
4488.000000 463.890320 0.000000 291.269989
4488.000000 463.890320 0.000000 291.355011
4488.000000 463.890320 0.000000 291.464996
4488.000000 463.890320 0.000000 291.559998
4488.125000 463.890320 0.000000 291.670013
4488.125000 463.890320 0.000000 291.755005
4488.250000 463.890320 0.000000 291.864990
4488.375000 463.890320 0.000000 291.950012
4488.375000 463.890320 0.000000 292.065002
4488.375000 463.890320 0.000000 292.174988
4488.375000 463.890320 0.000000 292.265015
4488.375000 463.890320 0.000000 292.369995
4488.750000 463.890320 0.000000 292.459991
4488.750000 463.890320 0.000000 292.570007
4488.750000 463.890320 0.000000 292.674988
4488.875000 463.890320 0.000000 292.760010
4488.875000 463.890320 0.000000 292.869995
4489.000000 463.890320 0.000000 292.954987
4489.000000 463.890320 0.000000 293.070007
4489.000000 463.890320 0.000000 293.170013
4489.000000 463.890320 0.000000 293.269989
4489.000000 464.095154 0.000000 293.359985
4489.000000 464.300201 0.000000 293.470001
4489.000000 464.300201 0.000000 293.575012
4489.000000 464.504669 0.000000 293.665009
4489.000000 464.706909 0.000000 293.774994
4489.000000 464.706909 0.000000 293.855011
4489.125000 464.910950 0.000000 293.975006
4489.250000 465.123016 0.000000 294.059998
4489.250000 465.360504 0.000000 294.160004
4489.250000 465.360504 0.000000 294.265015
4489.375000 465.566467 0.000000 294.339996
4489.375000 465.771179 0.000000 294.454987
4489.375000 465.971832 0.000000 294.570007
4489.500000 465.971832 0.000000 294.654999
4489.625000 466.176361 0.000000 294.769989
4489.625000 466.379608 0.000000 294.855011
4489.625000 466.379608 0.000000 294.975006
4489.625000 466.584290 0.000000 295.054993
4489.750000 466.584290 0.000000 295.165009
4489.875000 466.584290 0.000000 295.265015
4489.875000 466.798340 0.000000 295.359985
4490.000000 466.798340 0.000000 295.464996
4490.250000 467.000122 0.000000 295.565002
4491.125000 467.000122 0.000000 295.670013
4491.500000 467.213074 0.000000 295.760010
4492.375000 467.416779 0.000000 295.864990
4493.625000 467.416779 0.000000 295.970001
4494.375000 467.641205 0.000000 296.059998
4495.125000 467.866394 0.000000 296.170013
4496.625000 467.866394 0.000000 296.265015
4497.750000 468.068726 0.000000 296.369995
4498.875000 468.291840 0.000000 296.464996
4500.375000 468.291840 0.000000 296.570007
4502.125000 468.500885 0.000000 296.654999
4503.375000 468.720093 0.000000 296.769989
4504.875000 468.720093 0.000000 296.855011
4505.750000 468.920502 0.000000 296.964996
4508.000000 469.152649 0.000000 297.079987
4508.625000 469.152649 0.000000 297.160004
4510.500000 469.378601 0.000000 297.269989
4513.500000 469.605621 0.000000 297.350006
4514.875000 469.810669 0.000000 297.470001
4516.750000 469.810669 0.000000 297.554993
4518.000000 470.024109 0.000000 297.665009
4519.625000 470.246368 0.000000 297.760010
4520.375000 470.454987 0.000000 297.864990
4520.875000 470.454987 0.000000 297.950012
4521.625000 470.664642 0.000000 298.059998
4522.500000 470.899323 0.000000 298.149994
4524.500000 471.136414 0.000000 298.269989
4525.500000 471.344147 0.000000 298.359985
4526.625000 471.551636 0.000000 298.459991
4528.125000 471.758972 0.000000 298.570007
4528.250000 471.987030 0.000000 298.654999
4528.250000 472.196136 0.000000 298.765015
4528.625000 472.405731 0.000000 298.855011
4528.625000 472.615570 0.000000 298.964996
4529.750000 472.825562 0.000000 299.059998
4530.750000 473.025574 0.000000 299.165009
4532.250000 473.225647 0.000000 299.269989
4534.875000 473.425781 0.000000 299.369995
4536.500000 473.425781 0.000000 299.450012
4537.750000 473.836151 0.000000 299.575012
4539.375000 474.036407 0.000000 299.670013
4540.625000 474.236633 0.000000 299.774994
4540.750000 474.436829 0.000000 299.869995
4541.375000 474.436829 0.000000 299.954987
4542.625000 474.846649 0.000000 300.075012
4544.000000 474.846649 0.000000 300.165009
4544.125000 475.086487 0.000000 300.250000
4545.750000 475.326447 0.000000 300.369995
4546.125000 475.526520 0.000000 300.450012
4546.500000 475.726593 0.000000 300.565002
4547.125000 475.926697 0.000000 300.674988
4547.125000 476.126770 0.000000 300.760010
4547.875000 476.336884 0.000000 300.859985
4547.875000 476.576965 0.000000 300.970001
4548.375000 476.806641 0.000000 301.065002
4549.375000 477.015686 0.000000 301.165009
4550.125000 477.224823 0.000000 301.255005
4551.875000 477.434296 0.000000 301.369995
4554.125000 477.643982 0.000000 301.475006
4554.750000 477.643982 0.000000 301.559998
4555.625000 477.853790 0.000000 301.665009
4556.750000 478.083649 0.000000 301.750000
4559.500000 478.313507 0.000000 301.859985
4560.000000 478.533356 0.000000 301.970001
4563.250000 478.742706 0.000000 302.065002
4564.250000 478.971191 0.000000 302.149994
4565.125000 479.198883 0.000000 302.265015
4565.750000 479.406158 0.000000 302.364990
4566.250000 479.406158 0.000000 302.450012
4566.750000 479.829773 0.000000 302.570007
4568.625000 480.037262 0.000000 302.674988
4569.375000 480.037262 0.000000 302.765015
4570.625000 480.264404 0.000000 302.869995
4571.500000 480.481750 0.000000 302.954987
4572.500000 480.709229 0.000000 303.075012
4574.000000 480.917297 0.000000 303.154999
4575.125000 481.126465 0.000000 303.269989
4577.000000 481.346588 0.000000 303.380005
4577.750000 481.567352 0.000000 303.464996
4577.875000 481.768036 0.000000 303.549988
4579.000000 481.978699 0.000000 303.665009
4580.000000 482.179565 0.000000 303.765015
4580.375000 482.380432 0.000000 303.855011
4580.750000 482.591217 0.000000 303.970001
4581.875000 482.791840 0.000000 304.054993
4582.000000 482.992645 0.000000 304.170013
4582.000000 483.193451 0.000000 304.274994
4582.375000 483.394073 0.000000 304.369995
4582.625000 483.594879 0.000000 304.464996
4583.000000 483.795837 0.000000 304.554993
4583.250000 483.996735 0.000000 304.670013
4583.500000 484.197327 0.000000 304.755005
4584.000000 484.397614 0.000000 304.859985
4584.375000 484.607513 0.000000 304.975006
4585.000000 484.816956 0.000000 305.059998
4585.000000 485.026398 0.000000 305.165009
4586.000000 485.026398 0.000000 305.250000
4586.625000 485.235291 0.000000 305.359985
4586.625000 485.444489 0.000000 305.470001
4586.875000 485.674194 0.000000 305.575012
4587.125000 485.904175 0.000000 305.670013
4587.375000 486.113739 0.000000 305.755005
4587.625000 486.322845 0.000000 305.869995
4588.125000 486.571686 0.000000 305.964996
4588.625000 486.781281 0.000000 306.049988
4589.125000 486.981354 0.000000 306.170013
4590.000000 487.181702 0.000000 306.255005
4592.000000 487.382233 0.000000 306.369995
4597.875000 487.585938 0.000000 306.450012
4601.000000 487.585938 0.000000 306.570007
4605.500000 487.813141 0.000000 306.660004
4606.750000 487.813141 0.000000 306.765015
4609.250000 488.030212 0.000000 306.875000
4610.750000 488.030212 0.000000 306.959991
4613.250000 488.030212 0.000000 307.070007
4613.375000 488.231567 0.000000 307.154999
4613.625000 488.231567 0.000000 307.269989
4614.000000 488.231567 0.000000 307.350006
4614.875000 488.231567 0.000000 307.475006
4615.625000 488.231567 0.000000 307.554993
4615.625000 488.231567 0.000000 307.674988
4615.875000 488.231567 0.000000 307.755005
4616.250000 488.231567 0.000000 307.875000
4616.625000 488.231567 0.000000 307.959991
4616.750000 488.231567 0.000000 308.065002
4616.750000 488.231567 0.000000 308.170013
4616.875000 488.231567 0.000000 308.265015
4617.000000 488.231567 0.000000 308.350006
4617.000000 488.231567 0.000000 308.459991
4617.250000 488.231567 0.000000 308.565002
4617.250000 488.231567 0.000000 308.670013
4617.500000 488.231567 0.000000 308.755005
4618.000000 488.231567 0.000000 308.869995
4618.125000 488.231567 0.000000 308.950012
4618.750000 488.443451 0.000000 309.059998
4619.750000 488.646637 0.000000 309.165009
4621.000000 488.646637 0.000000 309.269989
4622.000000 488.848846 0.000000 309.359985
4624.625000 489.050323 0.000000 309.470001
4628.000000 489.258270 0.000000 309.565002
4630.000000 489.258270 0.000000 309.679993
4631.125000 489.499268 0.000000 309.769989
4632.875000 489.733124 0.000000 309.850006
4633.875000 489.946564 0.000000 309.970001
4634.250000 490.153900 0.000000 310.065002
4634.750000 490.362854 0.000000 310.154999
4635.250000 490.572357 0.000000 310.269989
4635.375000 490.772430 0.000000 310.359985
4635.625000 490.972595 0.000000 310.464996
4635.750000 490.972595 0.000000 310.549988
4636.750000 491.382538 0.000000 310.670013
4637.375000 491.582977 0.000000 310.760010
4638.250000 491.783569 0.000000 310.869995
4639.125000 491.984253 0.000000 310.959991
4640.750000 492.184967 0.000000 311.070007
4642.250000 492.184967 0.000000 311.154999
4644.375000 492.586487 0.000000 311.265015
4646.875000 492.787262 0.000000 311.369995
4650.375000 492.988007 0.000000 311.459991
4653.250000 493.188751 0.000000 311.570007
4656.250000 493.389496 0.000000 311.674988
4659.500000 493.590240 0.000000 311.765015
4662.250000 493.791046 0.000000 311.869995
4664.875000 493.991852 0.000000 311.959991
4668.375000 494.192657 0.000000 312.065002
4669.875000 494.192657 0.000000 312.149994
4671.500000 494.594299 0.000000 312.265015
4672.000000 494.800995 0.000000 312.369995
4674.000000 494.800995 0.000000 312.454987
4676.375000 495.008728 0.000000 312.565002
4677.875000 495.239716 0.000000 312.670013
4679.375000 495.442932 0.000000 312.769989
4680.375000 495.442932 0.000000 312.859985
4681.125000 495.649017 0.000000 312.970001
4682.000000 495.876526 0.000000 313.054993
4682.250000 495.876526 0.000000 313.165009
4683.250000 496.081512 0.000000 313.269989
4683.875000 496.286591 0.000000 313.369995
4684.125000 496.488434 0.000000 313.459991
4684.875000 496.488434 0.000000 313.575012
4685.875000 496.704559 0.000000 313.660004
4686.625000 496.907654 0.000000 313.769989
4686.625000 496.907654 0.000000 313.864990
4686.875000 497.110687 0.000000 313.954987
4687.500000 497.110687 0.000000 314.065002
4688.125000 497.315063 0.000000 314.174988
4688.875000 497.315063 0.000000 314.265015
4689.250000 497.519501 0.000000 314.375000
4689.625000 497.723663 0.000000 314.470001
4689.875000 497.723663 0.000000 314.559998
4690.250000 497.924774 0.000000 314.674988
4690.250000 497.924774 0.000000 314.765015
4690.500000 498.126587 0.000000 314.875000
4691.000000 498.126587 0.000000 314.959991
4691.500000 498.126587 0.000000 315.065002
4691.625000 498.126587 0.000000 315.160004
4691.625000 498.126587 0.000000 315.269989
4691.625000 498.126587 0.000000 315.359985
4691.750000 498.326599 0.000000 315.470001
4692.000000 498.326599 0.000000 315.554993
4692.000000 498.326599 0.000000 315.660004
4692.625000 498.326599 0.000000 315.765015
4692.625000 498.326599 0.000000 315.859985
4692.625000 498.326599 0.000000 315.970001
4692.625000 498.326599 0.000000 316.049988
4692.625000 498.326599 0.000000 316.160004
4692.875000 498.326599 0.000000 316.269989
4693.250000 498.326599 0.000000 316.364990
4693.250000 498.326599 0.000000 316.464996
4693.250000 498.326599 0.000000 316.575012
4693.250000 498.326599 0.000000 316.660004
4693.250000 498.326599 0.000000 316.769989
4693.375000 498.326599 0.000000 316.859985
4693.375000 498.326599 0.000000 316.964996
4693.625000 498.326599 0.000000 317.075012
4693.875000 498.326599 0.000000 317.160004
4693.875000 498.326599 0.000000 317.269989
4693.875000 498.326599 0.000000 317.355011
4693.875000 498.326599 0.000000 317.475006
4693.875000 498.326599 0.000000 317.565002
4694.125000 498.326599 0.000000 317.665009
4694.125000 498.326599 0.000000 317.750000
4694.125000 498.326599 0.000000 317.859985
4694.125000 498.326599 0.000000 317.970001
4694.125000 498.326599 0.000000 318.075989
4694.125000 498.326599 0.000000 318.160004
4694.125000 498.326599 0.000000 318.269989
4694.125000 498.326599 0.000000 318.359985
4694.125000 498.326599 0.000000 318.470001
4694.125000 498.326599 0.000000 318.554993
4694.125000 498.326599 0.000000 318.665009
4694.250000 498.326599 0.000000 318.765015
4694.250000 498.326599 0.000000 318.869995
4694.375000 498.326599 0.000000 318.954987
4694.375000 498.326599 0.000000 319.065002
4694.375000 498.326599 0.000000 319.154999
4694.375000 498.326599 0.000000 319.274994
4694.375000 498.326599 0.000000 319.359985
4694.375000 498.326599 0.000000 319.464996
4694.375000 498.326599 0.000000 319.554993
4694.375000 498.326599 0.000000 319.670013
4694.375000 498.326599 0.000000 319.779999
4694.375000 498.326599 0.000000 319.869995
4694.375000 498.326599 0.000000 319.954987
4694.375000 498.326599 0.000000 320.059998
4694.375000 498.326599 0.000000 320.170013
4694.375000 498.532013 0.000000 320.260010
4694.500000 498.750732 0.000000 320.375000
4694.750000 498.750732 0.000000 320.454987
4694.750000 498.954926 0.000000 320.570007
4694.875000 499.169830 0.000000 320.654999
4695.125000 499.371155 0.000000 320.769989
4695.250000 499.371155 0.000000 320.859985
4695.375000 499.580017 0.000000 320.970001
4695.750000 499.786743 0.000000 321.070007
4695.750000 499.786743 0.000000 321.160004
4696.000000 499.989685 0.000000 321.269989
4696.375000 499.989685 0.000000 321.350006
4696.500000 500.196472 0.000000 321.464996
4696.750000 500.397644 0.000000 321.575012
4696.750000 500.397644 0.000000 321.654999
4697.000000 500.397644 0.000000 321.765015
4698.000000 500.601013 0.000000 321.864990
4698.625000 500.601013 0.000000 321.970001
4699.875000 500.601013 0.000000 322.059998
4700.375000 500.801239 0.000000 322.170013
4700.750000 500.801239 0.000000 322.260010
4700.875000 500.801239 0.000000 322.369995
4701.250000 500.801239 0.000000 322.454987
4701.250000 500.801239 0.000000 322.559998
4701.375000 501.004608 0.000000 322.670013
4701.500000 501.004608 0.000000 322.774994
4701.500000 501.004608 0.000000 322.859985
4701.625000 501.222687 0.000000 322.970001
4702.750000 501.222687 0.000000 323.054993
4702.750000 501.426056 0.000000 323.170013
4702.750000 501.653625 0.000000 323.255005
4703.250000 501.653625 0.000000 323.359985
4703.500000 501.860138 0.000000 323.475006
4703.625000 502.062408 0.000000 323.570007
4703.875000 502.268250 0.000000 323.674988
4704.000000 502.268250 0.000000 323.760010
4704.375000 502.478729 0.000000 323.869995
4705.125000 502.699219 0.000000 323.954987
4705.625000 502.929718 0.000000 324.065002
4706.000000 503.175110 0.000000 324.154999
4706.250000 503.383240 0.000000 324.269989
4706.500000 503.592255 0.000000 324.364990
4708.875000 503.801697 0.000000 324.450012
4710.500000 504.011383 0.000000 324.559998
4711.750000 504.221191 0.000000 324.670013
4712.250000 504.221191 0.000000 324.760010
4713.750000 504.431000 0.000000 324.864990
4715.000000 504.670807 0.000000 324.950012
4715.750000 504.900696 0.000000 325.059998
4715.875000 505.150543 0.000000 325.165009
4718.875000 505.379913 0.000000 325.260010
4720.250000 505.589386 0.000000 325.369995
4721.500000 505.799011 0.000000 325.450012
4722.250000 506.008759 0.000000 325.559998
4722.375000 506.218628 0.000000 325.674988
4723.875000 506.218628 0.000000 325.760010
4726.000000 506.438477 0.000000 325.869995
4726.500000 506.678101 0.000000 325.954987
4729.000000 506.917816 0.000000 326.065002
4731.125000 507.167694 0.000000 326.154999
4732.250000 507.377655 0.000000 326.269989
4732.750000 507.587494 0.000000 326.350006
4733.125000 507.797058 0.000000 326.459991
4733.625000 507.998627 0.000000 326.575012
4736.375000 507.998627 0.000000 326.665009
4736.625000 508.199280 0.000000 326.765015
4738.250000 508.406830 0.000000 326.855011
4739.375000 508.625763 0.000000 326.964996
4740.000000 508.625763 0.000000 327.070007
4740.250000 508.846954 0.000000 327.160004
4740.375000 509.052216 0.000000 327.269989
4740.500000 509.052216 0.000000 327.369995
4740.750000 509.287750 0.000000 327.459991
4740.875000 509.488586 0.000000 327.570007
4742.125000 509.488586 0.000000 327.660004
4742.625000 509.698120 0.000000 327.774994
4743.750000 509.900940 0.000000 327.869995
4744.500000 510.104218 0.000000 327.954987
4745.375000 510.104218 0.000000 328.059998
4745.375000 510.307831 0.000000 328.170013
4745.375000 510.511627 0.000000 328.255005
4745.375000 510.724304 0.000000 328.364990
4746.250000 510.926147 0.000000 328.475006
4746.625000 510.926147 0.000000 328.565002
4748.125000 511.132416 0.000000 328.670013
4748.375000 511.365509 0.000000 328.769989
4748.500000 511.582825 0.000000 328.864990
4748.625000 511.791870 0.000000 328.964996
4749.000000 512.001648 0.000000 329.065002
4749.000000 512.201660 0.000000 329.174988
4750.125000 512.401917 0.000000 329.255005
4750.375000 512.602295 0.000000 329.364990
4751.375000 512.802734 0.000000 329.459991
4751.500000 513.013123 0.000000 329.570007
4751.750000 513.213501 0.000000 329.660004
4752.125000 513.413818 0.000000 329.769989
4752.375000 513.653870 0.000000 329.855011
4752.500000 513.863708 0.000000 329.964996
4752.875000 514.073730 0.000000 330.054993
4753.250000 514.273804 0.000000 330.160004
4753.500000 514.483459 0.000000 330.265015
4754.000000 514.483459 0.000000 330.350006
4754.125000 514.900757 0.000000 330.470001
4754.375000 514.900757 0.000000 330.554993
4754.875000 515.103271 0.000000 330.670013
4755.000000 515.321533 0.000000 330.755005
4755.375000 515.527344 0.000000 330.869995
4755.875000 515.729614 0.000000 330.964996
4757.500000 515.729614 0.000000 331.054993
4758.375000 515.957214 0.000000 331.165009
4760.000000 516.162415 0.000000 331.260010
4763.375000 516.162415 0.000000 331.369995
4767.875000 516.367859 0.000000 331.459991
4769.625000 516.587830 0.000000 331.565002
4773.875000 516.587830 0.000000 331.670013
4777.250000 516.790283 0.000000 331.765015
4779.250000 516.995056 0.000000 331.869995
4780.875000 516.995056 0.000000 331.954987
4782.125000 517.202209 0.000000 332.059998
4782.750000 517.202209 0.000000 332.170013
4783.625000 517.404663 0.000000 332.274994
4783.625000 517.404663 0.000000 332.359985
4783.750000 517.608398 0.000000 332.470001
4784.000000 517.809326 0.000000 332.554993
4784.125000 517.809326 0.000000 332.670013
4784.125000 518.014099 0.000000 332.755005
4784.125000 518.218323 0.000000 332.869995
4784.250000 518.218323 0.000000 332.959991
4784.375000 518.423096 0.000000 333.070007
4785.125000 518.628967 0.000000 333.179993
4788.875000 518.835388 0.000000 333.265015
4790.375000 518.835388 0.000000 333.369995
4790.750000 519.042908 0.000000 333.459991
4790.750000 519.244080 0.000000 333.570007
4790.875000 519.446167 0.000000 333.660004
4790.875000 519.446167 0.000000 333.765015
4791.000000 519.649292 0.000000 333.875000
4791.125000 519.881653 0.000000 333.964996
4791.375000 520.089172 0.000000 334.071014
4791.500000 520.089172 0.000000 334.160004
4792.500000 520.293762 0.000000 334.269989
4793.375000 520.515869 0.000000 334.355011
4794.375000 520.732300 0.000000 334.459991
4795.375000 520.970520 0.000000 334.575989
4798.250000 521.209778 0.000000 334.660004
4801.750000 521.419495 0.000000 334.769989
4804.750000 521.629395 0.000000 334.855011
4808.750000 521.839355 0.000000 334.964996
4810.375000 522.049316 0.000000 335.070007
4812.125000 522.049316 0.000000 335.154999
4814.125000 522.468750 0.000000 335.274994
4816.250000 522.468750 0.000000 335.359985
4817.750000 522.678528 0.000000 335.470001
4819.750000 522.918396 0.000000 335.565002
4820.750000 523.167908 0.000000 335.670013
4822.125000 523.405945 0.000000 335.760010
4823.250000 523.615845 0.000000 335.875000
4823.875000 523.615845 0.000000 335.959991
4824.375000 523.819580 0.000000 336.070007
4824.875000 524.026428 0.000000 336.160004
4825.750000 524.232300 0.000000 336.269989
4826.000000 524.232300 0.000000 336.359985
4826.500000 524.435913 0.000000 336.470001
4827.000000 524.435913 0.000000 336.559998
4827.125000 524.636597 0.000000 336.670013
4827.500000 524.636597 0.000000 336.755005
4827.875000 524.846130 0.000000 336.864990
4828.125000 524.846130 0.000000 336.964996
4828.500000 525.049866 0.000000 337.054993
4828.750000 525.049866 0.000000 337.170013
4828.750000 525.049866 0.000000 337.269989
4829.125000 525.049866 0.000000 337.359985
4829.250000 525.049866 0.000000 337.470001
4829.250000 525.253479 0.000000 337.570007
4829.250000 525.253479 0.000000 337.665009
4829.250000 525.253479 0.000000 337.769989
4829.375000 525.253479 0.000000 337.859985
4829.500000 525.253479 0.000000 337.964996
4829.500000 525.253479 0.000000 338.065002
4829.500000 525.253479 0.000000 338.174988
4829.625000 525.253479 0.000000 338.269989
4829.750000 525.253479 0.000000 338.369995
4829.875000 525.253479 0.000000 338.459991
4829.875000 525.253479 0.000000 338.570007
4830.250000 525.454041 0.000000 338.654999
4830.250000 525.657104 0.000000 338.765015
4830.375000 525.657104 0.000000 338.869995
4830.750000 525.864075 0.000000 338.964996
4831.125000 526.064697 0.000000 339.070007
4831.500000 526.064697 0.000000 339.154999
4831.875000 526.268066 0.000000 339.265015
4832.375000 526.480591 0.000000 339.375000
4833.250000 526.700012 0.000000 339.464996
4834.000000 526.906311 0.000000 339.575012
4834.500000 527.109863 0.000000 339.660004
4835.000000 527.316101 0.000000 339.774994
4835.625000 527.523499 0.000000 339.880005
4835.875000 527.523499 0.000000 339.964996
4836.250000 527.940308 0.000000 340.075012
4836.500000 527.940308 0.000000 340.165009
4837.250000 528.149109 0.000000 340.265015
4837.375000 528.367493 0.000000 340.355011
4837.875000 528.606079 0.000000 340.470001
4838.250000 528.855286 0.000000 340.554993
4838.375000 529.064880 0.000000 340.660004
4838.750000 529.274658 0.000000 340.765015
4838.875000 529.484558 0.000000 340.859985
4839.875000 529.694458 0.000000 340.964996
4840.750000 529.694458 0.000000 341.054993
4841.000000 530.124146 0.000000 341.174988
4841.250000 530.124146 0.000000 341.269989
4841.375000 530.364075 0.000000 341.359985
4841.625000 530.604065 0.000000 341.475006
4842.000000 530.813965 0.000000 341.559998
4844.125000 531.023865 0.000000 341.674988
4844.625000 531.263672 0.000000 341.760010
4845.250000 531.483521 0.000000 341.875000
4845.500000 531.693115 0.000000 341.959991
4847.625000 531.901917 0.000000 342.075012
4848.000000 531.901917 0.000000 342.160004
4848.375000 532.110535 0.000000 342.265015
4848.875000 532.319519 0.000000 342.364990
4848.875000 532.526489 0.000000 342.475006
4849.250000 532.752686 0.000000 342.554993
4850.000000 532.960144 0.000000 342.670013
4850.250000 533.167236 0.000000 342.779999
4851.625000 533.167236 0.000000 342.869995
4852.125000 533.370605 0.000000 342.970001
4853.375000 533.370605 0.000000 343.059998
4853.375000 533.587646 0.000000 343.174988
4853.375000 533.587646 0.000000 343.269989
4853.750000 533.790527 0.000000 343.355011
4853.750000 533.790527 0.000000 343.470001
4853.750000 533.991394 0.000000 343.559998
4855.250000 533.991394 0.000000 343.665009
4855.250000 534.191528 0.000000 343.774994
4856.875000 534.405701 0.000000 343.864990
4857.000000 534.405701 0.000000 343.975006
4857.375000 534.630615 0.000000 344.070007
4857.375000 534.833923 0.000000 344.165009
4857.500000 534.833923 0.000000 344.274994
4857.625000 535.068176 0.000000 344.369995
4858.625000 535.275024 0.000000 344.454987
4858.625000 535.275024 0.000000 344.565002
4859.875000 535.475830 0.000000 344.674988
4859.875000 535.677856 0.000000 344.760010
4860.000000 535.880981 0.000000 344.869995
4860.000000 535.880981 0.000000 344.959991
4860.125000 536.084778 0.000000 345.075012
4860.125000 536.287720 0.000000 345.160004
4861.375000 536.489807 0.000000 345.269989
4861.500000 536.489807 0.000000 345.355011
4862.750000 536.692566 0.000000 345.475006
4862.750000 536.895813 0.000000 345.570007
4862.875000 537.099121 0.000000 345.654999
4863.000000 537.099121 0.000000 345.765015
4863.000000 537.302429 0.000000 345.869995
4863.000000 537.528381 0.000000 345.959991
4863.125000 537.528381 0.000000 346.065002
4863.125000 537.754456 0.000000 346.154999
4864.125000 537.961670 0.000000 346.260010
4864.125000 538.165405 0.000000 346.364990
4864.250000 538.372559 0.000000 346.454987
4864.375000 538.576538 0.000000 346.565002
4864.500000 538.783691 0.000000 346.670013
4864.500000 538.992188 0.000000 346.765015
4864.625000 539.200928 0.000000 346.869995
4864.750000 539.409973 0.000000 346.975006
4865.250000 539.409973 0.000000 347.059998
4865.500000 539.619507 0.000000 347.170013
4865.500000 539.849426 0.000000 347.255005
4865.500000 540.049500 0.000000 347.375000
4865.625000 540.259705 0.000000 347.464996
4865.750000 540.459961 0.000000 347.570007
4865.750000 540.660278 0.000000 347.660004
4865.875000 540.890686 0.000000 347.774994
4866.250000 541.091003 0.000000 347.859985
4866.500000 541.300903 0.000000 347.970001
4866.500000 541.549805 0.000000 348.065002
4866.500000 541.758118 0.000000 348.154999
4866.625000 541.965759 0.000000 348.265015
4866.625000 542.174194 0.000000 348.369995
4866.750000 542.174194 0.000000 348.464996
4867.000000 542.379944 0.000000 348.575012
4867.000000 542.584412 0.000000 348.670013
4867.125000 542.788147 0.000000 348.755005
4867.125000 542.788147 0.000000 348.864990
4867.125000 542.989929 0.000000 348.975006
4867.375000 543.196411 0.000000 349.070007
4867.375000 543.196411 0.000000 349.154999
4867.625000 543.398438 0.000000 349.269989
4867.625000 543.618347 0.000000 349.359985
4867.750000 543.618347 0.000000 349.470001
4867.750000 543.823730 0.000000 349.554993
4867.750000 544.033386 0.000000 349.674988
4868.125000 544.033386 0.000000 349.760010
4868.250000 544.236267 0.000000 349.864990
4868.250000 544.448364 0.000000 349.954987
4868.250000 544.448364 0.000000 350.065002
4868.250000 544.660217 0.000000 350.170013
4868.375000 544.886353 0.000000 350.255005
4868.375000 544.886353 0.000000 350.364990
4868.375000 545.096619 0.000000 350.475006
4868.375000 545.299988 0.000000 350.570007
4868.375000 545.299988 0.000000 350.654999
4868.375000 545.513916 0.000000 350.769989
4868.375000 545.715271 0.000000 350.880005
4868.375000 545.925415 0.000000 350.959991
4868.500000 546.128784 0.000000 351.075012
4868.500000 546.128784 0.000000 351.170013
4868.625000 546.332458 0.000000 351.279999
4868.750000 546.536194 0.000000 351.369995
4868.875000 546.536194 0.000000 351.459991
4868.875000 546.741272 0.000000 351.570007
4868.875000 546.948425 0.000000 351.654999
4869.000000 547.157593 0.000000 351.765015
4869.000000 547.358032 0.000000 351.845001
4869.125000 547.583008 0.000000 351.959991
4869.125000 547.800476 0.000000 352.075012
4869.125000 548.008545 0.000000 352.160004
4869.250000 548.216431 0.000000 352.274994
4869.250000 548.216431 0.000000 352.359985
4869.500000 548.633850 0.000000 352.475006
4869.500000 548.633850 0.000000 352.565002
4869.500000 548.840515 0.000000 352.674988
4869.875000 549.044617 0.000000 352.760010
4870.000000 549.245850 0.000000 352.869995
4870.000000 549.245850 0.000000 352.959991
4870.250000 549.447449 0.000000 353.075012
4870.250000 549.447449 0.000000 353.160004
4870.500000 549.649048 0.000000 353.269989
4870.500000 549.649048 0.000000 353.359985
4870.625000 549.649048 0.000000 353.475006
4870.875000 549.851074 0.000000 353.559998
4870.875000 549.851074 0.000000 353.670013
4870.875000 549.851074 0.000000 353.755005
4871.000000 549.851074 0.000000 353.875000
4871.000000 550.058838 0.000000 353.964996
4871.375000 550.058838 0.000000 354.070007
4871.500000 550.058838 0.000000 354.154999
4871.750000 550.058838 0.000000 354.274994
4871.750000 550.058838 0.000000 354.359985
4871.750000 550.058838 0.000000 354.470001
4871.750000 550.058838 0.000000 354.559998
4871.750000 550.058838 0.000000 354.670013
4871.750000 550.058838 0.000000 354.755005
4871.750000 550.058838 0.000000 354.880005
4871.750000 550.058838 0.000000 354.964996
4872.000000 550.058838 0.000000 355.075012
4872.000000 550.058838 0.000000 355.179993
4872.000000 550.058838 0.000000 355.260010
4872.000000 550.058838 0.000000 355.375000
4872.000000 550.058838 0.000000 355.470001
4872.000000 550.058838 0.000000 355.559998
4872.000000 550.058838 0.000000 355.674988
4872.000000 550.058838 0.000000 355.760010
4872.000000 550.058838 0.000000 355.875000
4872.000000 550.058838 0.000000 355.964996
4872.000000 550.058838 0.000000 356.075012
4872.000000 550.058838 0.000000 356.165009
4872.000000 550.058838 0.000000 356.274994
4872.000000 550.058838 0.000000 356.359985
4872.000000 550.058838 0.000000 356.475006
4872.000000 550.058838 0.000000 356.579987
4872.000000 550.058838 0.000000 356.665009
4872.000000 550.058838 0.000000 356.774994
4872.000000 550.058838 0.000000 356.864990
4872.000000 550.058838 0.000000 356.970001
4872.000000 550.058838 0.000000 357.054993
4872.000000 550.058838 0.000000 357.170013
4872.000000 550.058838 0.000000 357.255005
4872.000000 550.058838 0.000000 357.364990
4872.000000 550.058838 0.000000 357.470001
4872.000000 550.058838 0.000000 357.559998
4872.000000 550.058838 0.000000 357.670013
4872.000000 550.058838 0.000000 357.765015
4872.000000 550.058838 0.000000 357.855011
4872.000000 550.058838 0.000000 357.975006
4872.000000 550.058838 0.000000 358.065002
4872.000000 550.058838 0.000000 358.174988
4872.125000 550.058838 0.000000 358.260010
4872.125000 550.058838 0.000000 358.364990
4872.125000 550.058838 0.000000 358.464996
4872.125000 550.058838 0.000000 358.570007
4872.125000 550.058838 0.000000 358.660004
4872.125000 550.058838 0.000000 358.774994
4872.250000 550.058838 0.000000 358.855011
4872.250000 550.058838 0.000000 358.970001
4872.250000 550.058838 0.000000 359.075012
4872.250000 550.058838 0.000000 359.170013
4872.250000 550.058838 0.000000 359.260010
4872.250000 550.058838 0.000000 359.369995
4872.250000 550.058838 0.000000 359.459991
4872.250000 550.058838 0.000000 359.570007
4872.250000 550.058838 0.000000 359.654999
4872.250000 550.058838 0.000000 359.769989
4872.250000 550.058838 0.000000 359.864990
4872.250000 550.058838 0.000000 359.970001
4872.250000 550.058838 0.000000 360.054993
4872.250000 550.058838 0.000000 360.165009
4872.250000 550.058838 0.000000 360.265015
4872.250000 550.058838 0.000000 360.364990
4872.250000 550.058838 0.000000 360.480011
4872.250000 550.058838 0.000000 360.570007
4872.250000 550.058838 0.000000 360.654999
4872.250000 550.058838 0.000000 360.769989
4872.250000 550.058838 0.000000 360.859985
4872.250000 550.058838 0.000000 360.975006
4872.250000 550.058838 0.000000 361.054993
4872.250000 550.058838 0.000000 361.170013
4872.250000 550.058838 0.000000 361.260010
4872.250000 550.058838 0.000000 361.375000
4872.250000 550.058838 0.000000 361.464996
4872.250000 550.058838 0.000000 361.575012
4872.250000 550.058838 0.000000 361.654999
4872.250000 550.058838 0.000000 361.769989
4872.250000 550.058838 0.000000 361.864990
4872.250000 550.058838 0.000000 361.975006
4872.250000 550.058838 0.000000 362.070007
4872.250000 550.058838 0.000000 362.154999
4872.250000 550.058838 0.000000 362.269989
4872.250000 550.058838 0.000000 362.364990
4872.250000 550.058838 0.000000 362.454987
4872.250000 550.058838 0.000000 362.575012
4872.250000 550.058838 0.000000 362.654999
4872.250000 550.058838 0.000000 362.769989
4872.250000 550.058838 0.000000 362.880005
4872.250000 550.058838 0.000000 362.970001
4872.250000 550.058838 0.000000 363.075012
4872.250000 550.058838 0.000000 363.160004
4872.250000 550.058838 0.000000 363.269989
4872.250000 550.058838 0.000000 363.350006
4872.250000 550.058838 0.000000 363.464996
4872.250000 550.058838 0.000000 363.575012
4872.250000 550.058838 0.000000 363.660004
4872.250000 550.058838 0.000000 363.769989
4872.250000 550.058838 0.000000 363.859985
4872.250000 550.058838 0.000000 363.970001
4872.250000 550.058838 0.000000 364.054993
4872.250000 550.058838 0.000000 364.165009
4872.250000 550.058838 0.000000 364.265015
4872.250000 550.058838 0.000000 364.355011
4872.250000 550.058838 0.000000 364.475006
4872.250000 550.058838 0.000000 364.570007
4872.250000 550.058838 0.000000 364.654999
4872.250000 550.058838 0.000000 364.774994
4872.250000 550.058838 0.000000 364.855011
4872.250000 550.058838 0.000000 364.975006
4872.250000 550.058838 0.000000 365.065002
4872.250000 550.058838 0.000000 365.170013
4872.250000 550.058838 0.000000 365.255005
4872.250000 550.058838 0.000000 365.369995
4872.250000 550.058838 0.000000 365.454987
4872.250000 550.058838 0.000000 365.575012
4872.250000 550.058838 0.000000 365.665009
4872.250000 550.058838 0.000000 365.774994
4872.250000 550.058838 0.000000 365.859985
4872.250000 550.058838 0.000000 365.975006
4872.250000 550.058838 0.000000 366.059998
4872.250000 550.058838 0.000000 366.174988
4872.250000 550.058838 0.000000 366.260010
4872.250000 550.058838 0.000000 366.369995
4872.250000 550.058838 0.000000 366.454987
4872.250000 550.058838 0.000000 366.570007
4872.250000 550.058838 0.000000 366.670013
4872.250000 550.058838 0.000000 366.760010
4872.250000 550.058838 0.000000 366.875000
4872.250000 550.058838 0.000000 366.959991
4872.250000 550.058838 0.000000 367.075012
4872.250000 550.058838 0.000000 367.165009
4872.250000 550.058838 0.000000 367.269989
4872.250000 550.058838 0.000000 367.355011
4872.250000 550.058838 0.000000 367.470001
4872.250000 550.058838 0.000000 367.559998
4872.250000 550.058838 0.000000 367.674988
4872.250000 550.058838 0.000000 367.760010
4872.250000 550.058838 0.000000 367.869995
4872.250000 550.058838 0.000000 367.964996
4872.250000 550.058838 0.000000 368.075012
4872.250000 550.058838 0.000000 368.160004
4872.250000 550.058838 0.000000 368.269989
4872.250000 550.058838 0.000000 368.364990
4872.250000 550.058838 0.000000 368.450012
4872.250000 550.058838 0.000000 368.575012
4872.250000 550.058838 0.000000 368.665009
4872.250000 550.058838 0.000000 368.769989
4872.250000 550.058838 0.000000 368.859985
4872.250000 550.058838 0.000000 368.970001
4872.250000 550.058838 0.000000 369.059998
4872.250000 550.058838 0.000000 369.165009
4872.250000 550.058838 0.000000 369.260010
4872.250000 550.058838 0.000000 369.369995
4872.250000 550.058838 0.000000 369.484985
4872.250000 550.058838 0.000000 369.565002
4872.250000 550.058838 0.000000 369.654999
4872.250000 550.058838 0.000000 369.774994
4872.250000 550.058838 0.000000 369.864990
4872.250000 550.058838 0.000000 369.971008
4872.250000 550.058838 0.000000 370.059998
4872.250000 550.058838 0.000000 370.174988
4872.250000 550.058838 0.000000 370.260010
4872.250000 550.058838 0.000000 370.380005
4872.250000 550.058838 0.000000 370.459991
4872.250000 550.058838 0.000000 370.570007
4872.250000 550.058838 0.000000 370.654999
4872.250000 550.058838 0.000000 370.769989
4872.250000 550.058838 0.000000 370.855011
4872.250000 550.058838 0.000000 370.975006
4872.250000 550.058838 0.000000 371.059998
4872.250000 550.058838 0.000000 371.179993
4872.250000 550.058838 0.000000 371.265015
4872.250000 550.058838 0.000000 371.375000
4872.250000 550.058838 0.000000 371.459991
4872.250000 550.058838 0.000000 371.575012
4872.250000 550.058838 0.000000 371.660004
4872.250000 550.058838 0.000000 371.769989
4872.250000 550.058838 0.000000 371.864990
4872.250000 550.058838 0.000000 371.970001
4872.250000 550.058838 0.000000 372.054993
4872.250000 550.058838 0.000000 372.174988
4872.250000 550.058838 0.000000 372.255005
4872.250000 550.058838 0.000000 372.375000
4872.250000 550.058838 0.000000 372.459991
4872.250000 550.058838 0.000000 372.570007
4872.250000 550.058838 0.000000 372.660004
4872.250000 550.058838 0.000000 372.769989
4872.250000 550.058838 0.000000 372.855011
4872.250000 550.058838 0.000000 372.975006
4872.250000 550.058838 0.000000 373.059998
4872.250000 550.058838 0.000000 373.174988
4872.250000 550.058838 0.000000 373.265015
4872.250000 550.058838 0.000000 373.369995
4872.250000 550.058838 0.000000 373.480011
4872.250000 550.058838 0.000000 373.559998
4872.250000 550.058838 0.000000 373.670013
4872.250000 550.058838 0.000000 373.750000
4872.250000 550.058838 0.000000 373.869995
4872.250000 550.058838 0.000000 373.975006
4872.250000 550.058838 0.000000 374.059998
4872.250000 550.058838 0.000000 374.179993
4872.250000 550.058838 0.000000 374.274994
4872.250000 550.058838 0.000000 374.369995
4872.250000 550.058838 0.000000 374.459991
4872.250000 550.058838 0.000000 374.570007
4872.250000 550.058838 0.000000 374.665009
4872.250000 550.058838 0.000000 374.774994
4872.250000 550.058838 0.000000 374.864990
4872.250000 550.058838 0.000000 374.975006
4872.250000 550.058838 0.000000 375.065002
4872.250000 550.058838 0.000000 375.170013
4872.250000 550.058838 0.000000 375.260010
4872.250000 550.058838 0.000000 375.369995
4872.250000 550.058838 0.000000 375.475006
4872.250000 550.058838 0.000000 375.575012
4872.250000 550.058838 0.000000 375.660004
4872.250000 550.058838 0.000000 375.765015
4872.250000 550.058838 0.000000 375.855011
4872.250000 550.058838 0.000000 375.970001
4872.250000 550.058838 0.000000 376.054993
4872.250000 550.058838 0.000000 376.174988
4872.250000 550.058838 0.000000 376.269989
4872.250000 550.058838 0.000000 376.359985
4872.250000 550.058838 0.000000 376.475006
4872.250000 550.058838 0.000000 376.559998
