69.500000 0.000000 0.077000 0.025000
90.750000 0.000000 0.077000 0.115000
106.625000 0.204885 0.077000 0.225000
119.250000 0.426591 0.077000 0.315000
129.625000 0.631068 0.077000 0.425000
139.750000 0.833488 0.077000 0.520000
148.500000 1.039567 0.077000 0.625000
158.000000 1.247519 0.077000 0.720000
167.125000 1.456430 0.089000 0.830000
173.625000 1.665866 0.089000 0.925000
180.750000 1.875540 0.089000 1.020000
187.875000 1.875540 0.089000 1.120000
192.750000 2.115289 0.089000 1.220000
200.500000 2.325136 0.089000 1.320000
208.125000 2.534976 0.089000 1.425000
216.375000 2.744726 0.089000 1.520000
226.000000 2.993791 0.089000 1.620000
237.125000 3.203047 0.089000 1.730000
247.250000 3.412605 0.159000 1.825000
259.375000 3.622342 0.159000 1.930000
270.625000 3.832182 0.159000 2.015000
284.625000 4.042056 0.159000 2.125000
300.875000 4.251969 0.159000 2.225000
313.500000 4.461924 0.159000 2.320000
325.750000 4.671912 0.159000 2.420000
337.875000 4.881896 0.159000 2.530000
348.000000 4.881896 0.159000 2.625000
357.125000 5.091892 0.159000 2.725000
364.625000 5.291908 0.187000 2.825000
373.500000 5.511921 0.187000 2.920000
382.750000 5.711923 0.187000 3.030000
391.125000 5.921944 0.187000 3.125000
397.125000 6.121960 0.187000 3.220000
406.375000 6.321977 0.187000 3.325000
413.250000 6.522003 0.187000 3.420000
421.625000 6.722048 0.187000 3.525000
428.375000 6.922122 0.187000 3.625000
436.375000 7.132190 0.187000 3.720000
443.875000 7.332230 0.199000 3.820000
450.000000 7.542205 0.199000 3.915000
456.625000 7.748844 0.199000 4.025000
464.750000 7.981804 0.199000 4.130000
471.000000 8.183684 0.199000 4.220000
478.000000 8.183684 0.199000 4.320000
483.375000 8.410890 0.199000 4.430000
488.500000 8.617448 0.199000 4.530000
494.500000 8.617448 0.199000 4.620000
501.250000 8.822934 0.199000 4.720000
503.875000 9.028496 0.203000 4.815000
508.250000 9.028496 0.203000 4.915000
512.500000 9.235072 0.203000 5.015000
516.500000 9.437431 0.203000 5.115000
520.625000 9.641782 0.203000 5.220000
523.500000 9.847079 0.203000 5.330000
526.375000 9.847079 0.203000 5.425000
528.500000 10.052807 0.203000 5.515000
531.375000 10.273962 0.203000 5.630000
533.875000 10.273962 0.203000 5.725000
536.625000 10.479912 0.195000 5.820000
540.750000 10.716196 0.195000 5.920000
543.000000 10.716196 0.195000 6.025000
546.875000 10.935003 0.195000 6.125000
548.875000 11.166745 0.195000 6.225000
550.625000 11.166745 0.195000 6.320000
553.500000 11.367144 0.195000 6.425000
555.500000 11.589658 0.195000 6.525000
557.375000 11.790780 0.195000 6.620000
562.500000 11.790780 0.195000 6.720000
567.125000 12.007374 0.177000 6.825000
569.625000 12.210299 0.177000 6.920000
572.125000 12.210299 0.177000 7.020000
574.750000 12.435927 0.177000 7.120000
577.500000 12.639068 0.177000 7.225000
580.625000 12.842455 0.177000 7.325000
582.875000 12.842455 0.177000 7.420000
586.250000 13.045593 0.177000 7.515000
590.125000 13.271708 0.177000 7.615000
592.875000 13.486245 0.177000 7.725000
595.625000 13.688933 0.163000 7.825000
598.250000 13.895075 0.163000 7.915000
600.000000 14.102545 0.163000 8.015000
603.000000 14.310991 0.163000 8.125000
605.750000 14.520151 0.163000 8.230000
609.875000 14.729695 0.163000 8.325000
613.625000 14.729695 0.163000 8.420000
615.875000 14.979527 0.163000 8.520000
619.000000 15.179576 0.163000 8.625000
622.250000 15.379696 0.163000 8.730000
624.375000 15.579832 0.153000 8.825000
627.000000 15.779875 0.153000 8.930000
629.000000 15.989665 0.153000 9.015000
633.000000 16.219421 0.153000 9.125000
636.125000 16.449263 0.153000 9.225000
638.750000 16.679121 0.153000 9.325000
641.375000 16.888823 0.153000 9.425000
643.000000 17.098553 0.153000 9.525000
644.625000 17.308340 0.153000 9.620000
647.125000 17.518217 0.153000 9.725000
649.000000 17.728127 0.181000 9.825000
651.875000 17.937885 0.181000 9.930000
655.500000 17.937885 0.181000 10.025000
657.250000 18.177603 0.181000 10.120000
659.750000 18.387388 0.181000 10.230000
662.250000 18.597206 0.181000 10.320000
663.875000 18.807045 0.181000 10.430000
666.000000 19.016903 0.181000 10.520000
668.500000 19.226770 0.181000 10.630000
671.125000 19.436651 0.181000 10.730000
674.250000 19.666548 0.154000 10.825000
676.000000 19.876291 0.154000 10.920000
678.375000 20.085993 0.154000 11.020000
679.500000 20.295795 0.154000 11.125000
681.625000 20.505615 0.154000 11.225000
683.875000 20.714933 0.154000 11.320000
684.375000 20.714933 0.154000 11.420000
688.000000 20.923389 0.154000 11.510000
690.625000 21.131210 0.154000 11.620000
693.125000 21.339500 0.154000 11.730000
695.625000 21.558435 0.164000 11.825000
697.875000 21.767868 0.164000 11.920000
698.875000 22.007545 0.164000 12.030000
703.000000 22.237530 0.164000 12.120000
707.625000 22.437647 0.164000 12.225000
709.625000 22.637718 0.164000 12.325000
712.625000 22.847660 0.164000 12.420000
715.000000 23.067305 0.164000 12.525000
717.375000 23.276758 0.164000 12.620000
720.875000 23.486437 0.164000 12.725000
724.000000 23.696306 0.170000 12.825000
727.875000 23.906141 0.170000 12.930000
730.500000 24.115950 0.170000 13.025000
732.375000 24.115950 0.170000 13.120000
737.375000 24.345901 0.170000 13.230000
740.500000 24.555502 0.170000 13.325000
744.375000 24.764683 0.170000 13.425000
749.250000 24.974056 0.170000 13.520000
751.250000 25.183643 0.170000 13.620000
754.750000 25.423361 0.170000 13.730000
757.875000 25.642933 0.149000 13.825000
760.750000 25.852404 0.149000 13.925000
764.625000 26.061768 0.149000 14.015000
766.625000 26.271130 0.149000 14.130000
770.125000 26.480511 0.149000 14.225000
772.750000 26.689884 0.149000 14.325000
775.750000 26.898924 0.149000 14.420000
778.625000 26.898924 0.149000 14.520000
780.625000 27.127380 0.149000 14.630000
783.250000 27.366335 0.149000 14.715000
786.375000 27.575842 0.154000 14.820000
788.750000 27.785583 0.154000 14.920000
791.875000 27.995443 0.154000 15.020000
794.250000 28.215324 0.154000 15.130000
796.500000 28.435249 0.154000 15.225000
799.250000 28.645193 0.154000 15.325000
800.625000 28.855137 0.154000 15.415000
803.000000 29.065081 0.154000 15.525000
804.875000 29.275061 0.154000 15.620000
807.625000 29.475084 0.154000 15.730000
810.875000 29.685080 0.167000 15.820000
812.875000 29.885092 0.167000 15.930000
815.375000 30.085117 0.167000 16.025000
817.125000 30.285141 0.167000 16.120001
819.625000 30.485147 0.167000 16.225000
821.375000 30.695131 0.167000 16.325001
823.625000 30.905092 0.167000 16.424999
826.375000 30.905092 0.167000 16.520000
828.625000 31.305111 0.167000 16.625000
830.250000 31.305111 0.167000 16.719999
832.750000 31.535095 0.172000 16.825001
835.250000 31.745033 0.172000 16.920000
837.000000 31.954981 0.172000 17.025000
838.250000 32.164936 0.172000 17.120001
840.625000 32.374901 0.172000 17.225000
843.250000 32.614864 0.172000 17.320000
845.500000 32.824833 0.172000 17.420000
847.500000 33.034798 0.172000 17.514999
850.000000 33.244759 0.172000 17.620001
851.625000 33.454716 0.172000 17.715000
854.250000 33.664673 0.213000 17.830000
856.375000 33.874626 0.213000 17.920000
858.875000 34.084576 0.213000 18.025000
861.125000 34.294529 0.213000 18.129999
863.125000 34.294529 0.213000 18.219999
866.125000 34.504486 0.213000 18.325001
868.000000 34.734440 0.213000 18.420000
870.500000 34.934467 0.213000 18.525000
872.250000 35.134506 0.213000 18.625000
874.750000 35.334545 0.213000 18.725000
877.125000 35.544586 0.193000 18.825001
879.500000 35.754627 0.193000 18.920000
882.250000 35.954643 0.193000 19.025000
884.125000 36.164600 0.193000 19.120001
887.125000 36.374557 0.193000 19.219999
889.500000 36.594513 0.193000 19.325001
892.000000 36.854462 0.193000 19.420000
894.625000 37.064419 0.193000 19.525000
897.375000 37.274376 0.193000 19.625000
900.250000 37.484337 0.193000 19.730000
903.500000 37.684341 0.179000 19.815001
906.375000 37.894299 0.179000 19.920000
908.875000 37.894299 0.179000 20.020000
911.875000 38.304287 0.179000 20.125000
913.125000 38.504322 0.179000 20.230000
916.250000 38.704357 0.179000 20.325001
918.875000 38.904373 0.179000 20.424999
922.000000 38.904373 0.179000 20.520000
925.375000 39.124329 0.179000 20.635000
929.375000 39.364265 0.179000 20.725000
931.875000 39.574005 0.194000 20.825001
936.125000 39.783772 0.194000 20.920000
939.375000 39.993622 0.194000 21.025000
944.500000 40.253510 0.194000 21.120001
948.000000 40.463287 0.194000 21.225000
951.375000 40.673084 0.194000 21.325001
957.250000 40.882839 0.194000 21.420000
963.375000 41.092514 0.194000 21.525000
969.500000 41.092514 0.194000 21.620001
974.875000 41.322216 0.194000 21.725000
980.375000 41.551968 0.202000 21.820000
985.750000 41.761799 0.202000 21.915001
994.000000 41.971573 0.202000 22.025000
1001.000000 42.181145 0.202000 22.125000
1009.625000 42.420704 0.202000 22.225000
1018.875000 42.630409 0.202000 22.325001
1029.125000 42.840202 0.202000 22.420000
1039.250000 43.050049 0.202000 22.520000
1048.625000 43.259960 0.202000 22.629999
1058.375000 43.469883 0.202000 22.725000
1068.125000 43.679844 0.202000 22.825001
1075.750000 43.889786 0.251000 22.930000
1083.125000 44.099712 0.251000 23.030001
1089.750000 44.099712 0.251000 23.120001
1096.875000 44.309639 0.251000 23.230000
1102.875000 44.539539 0.251000 23.325001
1106.750000 44.749405 0.251000 23.430000
1112.000000 44.959335 0.251000 23.530001
1114.750000 45.169266 0.251000 23.620001
1117.125000 45.379196 0.251000 23.719999
1121.875000 45.619057 0.247000 23.825001
1127.375000 45.828983 0.247000 23.924999
1131.375000 46.038910 0.247000 24.025000
1135.875000 46.248837 0.247000 24.125000
1139.000000 46.458763 0.247000 24.219999
1145.125000 46.668690 0.247000 24.320000
1148.375000 46.878616 0.247000 24.426001
1153.500000 47.088543 0.247000 24.525000
1158.750000 47.298470 0.247000 24.625000
1163.750000 47.508450 0.247000 24.730000
1167.750000 47.508450 0.247000 24.825001
1171.375000 47.708458 0.261000 24.920000
1175.375000 47.928463 0.261000 25.025000
1181.250000 48.138390 0.261000 25.120001
1185.375000 48.348312 0.261000 25.230000
1187.250000 48.558216 0.261000 25.330000
1190.750000 48.768143 0.261000 25.420000
1193.000000 49.018059 0.261000 25.525000
1194.750000 49.227985 0.261000 25.629999
1196.500000 49.437912 0.261000 25.719999
1197.875000 49.647839 0.261000 25.830000
1198.250000 49.857754 0.251000 25.924999
1201.500000 50.067547 0.251000 26.030001
1202.750000 50.277359 0.251000 26.129999
1205.625000 50.487217 0.251000 26.225000
1208.375000 50.697079 0.251000 26.330000
1209.875000 50.906975 0.251000 26.430000
1211.500000 50.906975 0.251000 26.525000
1212.750000 51.146835 0.251000 26.620001
1214.125000 51.386757 0.251000 26.719999
1216.125000 51.596600 0.201000 26.820000
1216.750000 51.816505 0.201000 26.924999
1218.625000 52.026432 0.201000 27.025000
1220.500000 52.236279 0.201000 27.125000
1221.875000 52.445675 0.201000 27.225000
1224.625000 52.665100 0.201000 27.330000
1226.125000 52.874722 0.201000 27.415001
1227.250000 53.084465 0.201000 27.520000
1228.250000 53.294296 0.201000 27.625000
1229.000000 53.294296 0.201000 27.725000
1231.750000 53.514175 0.201000 27.825001
1232.875000 53.734116 0.260000 27.930000
1235.125000 53.944092 0.260000 28.025000
1236.000000 54.154076 0.260000 28.125000
1237.750000 54.364067 0.260000 28.225000
1238.750000 54.574059 0.260000 28.325001
1242.250000 54.784050 0.260000 28.420000
1244.375000 54.994038 0.260000 28.530001
1246.000000 55.214020 0.260000 28.625000
1247.500000 55.423981 0.260000 28.725000
1249.000000 55.633904 0.202000 28.825001
1250.125000 55.843845 0.202000 28.920000
1250.625000 56.053783 0.202000 29.014999
1251.000000 56.263752 0.202000 29.125000
1253.250000 56.473732 0.202000 29.225000
1254.500000 56.683712 0.202000 29.325001
1256.250000 56.893692 0.202000 29.424999
1258.750000 56.893692 0.202000 29.514999
1259.375000 57.123672 0.202000 29.615000
1261.500000 57.333652 0.202000 29.730000
1263.125000 57.543617 0.208000 29.820000
1264.500000 57.773594 0.208000 29.920000
1266.000000 57.983536 0.208000 30.025000
1266.625000 58.203503 0.208000 30.129999
1268.750000 58.413483 0.208000 30.230000
1269.500000 58.623463 0.208000 30.325001
1270.875000 58.833443 0.208000 30.424999
1272.000000 59.043423 0.208000 30.525000
1273.375000 59.253403 0.208000 30.620001
1274.250000 59.463383 0.208000 30.719999
1275.875000 59.673313 0.190000 30.830000
1277.250000 59.883232 0.190000 30.924999
1279.000000 60.093212 0.190000 31.025000
1280.875000 60.093212 0.190000 31.125000
1282.000000 60.323189 0.190000 31.215000
1283.250000 60.533226 0.190000 31.325001
1284.875000 60.733276 0.190000 31.430000
1285.625000 60.943256 0.190000 31.520000
1287.500000 61.153236 0.190000 31.625000
1288.750000 61.383274 0.190000 31.730000
1290.250000 61.603256 0.187000 31.830000
1291.625000 61.813114 0.187000 31.920000
1292.625000 62.032963 0.187000 32.025002
1294.375000 62.242817 0.187000 32.125000
1295.625000 62.452679 0.187000 32.224998
1297.000000 62.662563 0.187000 32.330002
1297.875000 62.872482 0.187000 32.430000
1298.500000 63.082439 0.187000 32.525002
1299.125000 63.082439 0.187000 32.619999
1300.375000 63.292423 0.187000 32.724998
1301.500000 63.502422 0.159000 32.814999
1301.625000 63.732422 0.159000 32.919998
1302.750000 63.942410 0.159000 33.025002
1304.000000 64.152382 0.159000 33.125000
1305.000000 64.362343 0.159000 33.220001
1305.625000 64.592285 0.159000 33.320000
1306.500000 64.842216 0.159000 33.419998
1307.250000 65.052162 0.159000 33.520000
1308.125000 65.262108 0.159000 33.625000
1308.500000 65.472061 0.159000 33.715000
1309.875000 65.682014 0.178000 33.820000
1310.750000 65.891975 0.178000 33.930000
1311.250000 65.891975 0.178000 34.025002
1312.250000 66.101936 0.178000 34.130001
1313.375000 66.311790 0.178000 34.224998
1314.250000 66.531639 0.178000 34.325001
1315.125000 66.741440 0.178000 34.424999
1315.875000 66.951302 0.178000 34.525002
1316.875000 67.161095 0.178000 34.625000
1317.125000 67.370850 0.178000 34.720001
1319.000000 67.580162 0.144000 34.825001
1319.750000 67.789444 0.144000 34.919998
1320.000000 67.998856 0.144000 35.025002
1321.000000 68.207962 0.144000 35.125000
1321.875000 68.417244 0.144000 35.224998
1322.125000 68.626808 0.144000 35.320000
1322.625000 68.836357 0.144000 35.419998
1323.500000 69.045700 0.144000 35.525002
1324.125000 69.251884 0.144000 35.619999
1324.125000 69.457520 0.144000 35.720001
1325.125000 69.457520 0.146000 35.825001
1325.500000 69.674622 0.146000 35.924999
1326.500000 69.876778 0.146000 36.025002
1326.625000 70.118652 0.146000 36.130001
1327.375000 70.320541 0.146000 36.230000
1328.125000 70.525124 0.146000 36.330002
1328.375000 70.741074 0.146000 36.430000
1329.375000 70.948746 0.146000 36.520000
1330.125000 70.948746 0.146000 36.615002
1330.375000 71.362335 0.146000 36.724998
1331.000000 71.362335 0.172000 36.825001
1331.375000 71.585419 0.172000 36.919998
1331.750000 71.786911 0.172000 37.025002
1332.250000 71.994774 0.172000 37.125000
1332.750000 72.227394 0.172000 37.224998
1333.375000 72.433655 0.172000 37.325001
1333.875000 72.651299 0.172000 37.424999
1334.500000 72.860062 0.172000 37.520000
1335.125000 73.069405 0.172000 37.619999
1336.000000 73.278984 0.172000 37.724998
1336.500000 73.488716 0.143000 37.825001
1336.875000 73.698456 0.143000 37.924999
1337.500000 73.698456 0.143000 38.025002
1338.125000 73.927757 0.143000 38.130001
1338.750000 74.156723 0.143000 38.230000
1339.625000 74.396042 0.143000 38.330002
1340.250000 74.605705 0.143000 38.424999
1340.875000 74.835403 0.143000 38.520000
1341.375000 75.045158 0.143000 38.625000
1342.250000 75.254967 0.143000 38.724998
1342.875000 75.464844 0.166000 38.830002
1344.125000 75.664886 0.166000 38.919998
1345.125000 75.864914 0.166000 39.020000
1346.000000 76.064919 0.166000 39.130001
1347.000000 76.274887 0.166000 39.220001
1348.000000 76.484833 0.166000 39.320000
1349.125000 76.694756 0.166000 39.424999
1350.250000 76.694756 0.166000 39.525002
1351.375000 76.934662 0.166000 39.619999
1353.375000 77.144585 0.166000 39.715000
1354.125000 77.354507 0.134000 39.825001
1355.875000 77.564423 0.134000 39.919998
1358.250000 77.793991 0.134000 40.029999
1360.250000 78.013580 0.134000 40.125000
1362.125000 78.233360 0.134000 40.220001
1364.250000 78.443176 0.134000 40.330002
1367.000000 78.652992 0.134000 40.415001
1369.875000 78.862885 0.134000 40.525002
1372.875000 79.072815 0.134000 40.619999
1376.500000 79.282738 0.134000 40.724998
1381.125000 79.282738 0.141000 40.820000
1385.875000 79.696701 0.141000 40.930000
1390.500000 79.696701 0.141000 41.020000
1397.375000 79.901840 0.141000 41.130001
1401.500000 80.131500 0.141000 41.224998
1410.875000 80.334305 0.141000 41.330002
1418.500000 80.334305 0.141000 41.424999
1426.750000 80.540398 0.141000 41.525002
1436.625000 80.752426 0.141000 41.625000
1446.000000 80.956734 0.141000 41.730000
1452.625000 80.956734 0.169000 41.820000
1461.125000 81.161804 0.169000 41.930000
1466.750000 81.382599 0.169000 42.020000
1473.500000 81.584534 0.169000 42.130001
1479.625000 81.791061 0.169000 42.224998
1484.500000 81.995140 0.169000 42.330002
1489.875000 81.995140 0.169000 42.424999
1493.750000 82.222710 0.169000 42.525002
1497.875000 82.432312 0.169000 42.625000
1501.875000 82.632744 0.169000 42.724998
1504.875000 82.833214 0.169000 42.814999
1509.000000 83.033539 0.169000 42.919998
1511.750000 83.233673 0.169000 43.035000
1514.500000 83.443390 0.169000 43.130001
1518.125000 83.652405 0.169000 43.224998
1524.250000 83.860733 0.169000 43.320000
1528.125000 84.088905 0.169000 43.430000
1531.500000 84.327408 0.169000 43.525002
1535.750000 84.535957 0.169000 43.625000
1540.000000 84.745079 0.169000 43.720001
1543.500000 84.955002 0.169000 43.830002
1546.125000 85.155174 0.169000 43.930000
1549.875000 85.364876 0.169000 44.029999
1553.625000 85.573959 0.169000 44.125000
1556.250000 85.573959 0.169000 44.220001
1561.000000 85.802261 0.169000 44.330002
1564.500000 86.020103 0.169000 44.419998
1567.250000 86.228172 0.169000 44.535000
1570.875000 86.436882 0.169000 44.619999
1573.750000 86.685898 0.169000 44.724998
1578.000000 86.895325 0.153000 44.820000
1581.375000 87.104950 0.153000 44.930000
1584.125000 87.314751 0.153000 45.029999
1587.375000 87.524666 0.153000 45.125000
1590.250000 87.734627 0.153000 45.230000
1592.250000 87.944618 0.153000 45.325001
1594.375000 87.944618 0.153000 45.415001
1597.375000 88.364532 0.153000 45.529999
1599.875000 88.364532 0.153000 45.625000
1602.125000 88.594437 0.153000 45.735001
1604.000000 88.824379 0.176000 45.814999
1606.125000 89.064331 0.176000 45.919998
1608.375000 89.293709 0.176000 46.014999
1610.500000 89.522072 0.176000 46.125000
1613.250000 89.730118 0.176000 46.230000
1614.875000 89.938698 0.176000 46.325001
1616.875000 90.147804 0.176000 46.424999
1618.875000 90.357269 0.176000 46.529999
1620.625000 90.357269 0.176000 46.619999
1621.625000 90.566948 0.176000 46.720001
1623.125000 90.776764 0.161000 46.834999
1625.375000 91.016708 0.161000 46.915001
1626.125000 91.226685 0.161000 47.020000
1628.000000 91.436218 0.161000 47.125000
1629.625000 91.655052 0.161000 47.220001
1631.875000 91.863274 0.161000 47.330002
1633.875000 92.071129 0.161000 47.424999
1636.000000 92.279388 0.161000 47.529999
1638.125000 92.488632 0.161000 47.630001
1640.125000 92.698601 0.161000 47.724998
1641.625000 92.898788 0.151000 47.830002
1642.500000 93.108398 0.151000 47.930000
1645.875000 93.317039 0.151000 48.029999
1647.750000 93.524910 0.151000 48.130001
1650.125000 93.731812 0.151000 48.220001
1652.500000 93.938820 0.151000 48.330002
1654.750000 93.938820 0.151000 48.424999
1656.875000 94.166649 0.151000 48.529999
1658.500000 94.375427 0.151000 48.630001
1659.750000 94.584686 0.151000 48.730000
1662.750000 94.794220 0.173000 48.820000
1665.375000 95.003937 0.173000 48.924999
1666.750000 95.213745 0.173000 49.029999
1668.000000 95.423615 0.173000 49.115002
1670.250000 95.633522 0.173000 49.224998
1671.375000 95.863419 0.173000 49.310001
1673.500000 96.073341 0.173000 49.419998
1675.750000 96.283226 0.173000 49.525002
1677.625000 96.493141 0.173000 49.619999
1679.375000 96.703102 0.173000 49.720001
1680.625000 96.913071 0.165000 49.820000
1682.750000 96.913071 0.165000 49.915001
1684.500000 97.119644 0.165000 50.029999
1685.500000 97.345406 0.165000 50.125000
1687.125000 97.568253 0.165000 50.230000
1690.000000 97.771889 0.165000 50.334999
1691.250000 97.771889 0.165000 50.424999
1693.000000 97.985764 0.165000 50.525002
1695.250000 98.189980 0.165000 50.630001
1697.625000 98.394173 0.165000 50.724998
1699.375000 98.394173 0.173000 50.830002
1700.875000 98.599022 0.173000 50.935001
1703.250000 98.804161 0.173000 51.025002
1704.500000 99.006752 0.173000 51.125000
1706.625000 99.006752 0.173000 51.224998
1709.125000 99.222908 0.173000 51.330002
1712.750000 99.427742 0.173000 51.430000
1715.750000 99.630508 0.173000 51.529999
1718.500000 99.876778 0.173000 51.625000
1722.250000 100.085663 0.173000 51.724998
1726.125000 100.295303 0.174000 51.825001
1728.125000 100.504890 0.174000 51.930000
1732.000000 100.713776 0.174000 52.020000
1737.500000 100.922203 0.174000 52.130001
1742.375000 101.130699 0.174000 52.224998
1746.375000 101.339508 0.174000 52.330002
1751.375000 101.548851 0.174000 52.430000
1757.875000 101.548851 0.174000 52.525002
1763.625000 101.788437 0.174000 52.619999
1771.500000 101.998222 0.174000 52.724998
1778.500000 102.208130 0.181000 52.834999
1786.125000 102.418076 0.181000 52.930000
1792.500000 102.627998 0.181000 53.025002
1798.875000 102.857857 0.181000 53.130001
1802.875000 103.067436 0.181000 53.220001
1809.125000 103.276993 0.181000 53.325001
1815.625000 103.486679 0.181000 53.424999
1822.125000 103.696449 0.181000 53.525002
1829.250000 103.906120 0.181000 53.619999
1836.500000 104.115631 0.181000 53.720001
1842.000000 104.325256 0.250000 53.830002
1846.000000 104.534996 0.250000 53.930000
1850.125000 104.744797 0.250000 54.029999
1853.000000 104.954613 0.250000 54.130001
1856.500000 104.954613 0.250000 54.230000
1859.625000 105.184479 0.250000 54.330002
1862.500000 105.404404 0.250000 54.424999
1866.000000 105.614365 0.250000 54.529999
1867.500000 105.824303 0.250000 54.634998
1868.125000 106.034210 0.250000 54.720001
1870.125000 106.244141 0.227000 54.820000
1870.750000 106.454079 0.227000 54.930000
1872.750000 106.674049 0.227000 55.029999
1875.250000 106.874062 0.227000 55.125000
1877.625000 107.084038 0.227000 55.224998
1879.250000 107.293968 0.227000 55.330002
1880.500000 107.503899 0.227000 55.430000
1881.625000 107.713882 0.227000 55.525002
1882.875000 107.923752 0.227000 55.625000
1884.250000 108.133469 0.227000 55.724998
1885.500000 108.133469 0.227000 55.820000
1886.250000 108.553047 0.251000 55.930000
1888.750000 108.553047 0.251000 56.029999
1891.875000 108.792877 0.251000 56.134998
1893.500000 109.002769 0.251000 56.230000
1895.125000 109.212692 0.251000 56.330002
1895.750000 109.422615 0.251000 56.430000
1896.625000 109.632561 0.251000 56.525002
1898.125000 109.872551 0.251000 56.619999
1898.875000 110.072556 0.251000 56.724998
1899.875000 110.282516 0.251000 56.830002
1902.750000 110.492424 0.254000 56.930000
1903.750000 110.702141 0.254000 57.020000
1904.500000 110.911858 0.254000 57.130001
1905.125000 111.121620 0.254000 57.224998
1907.000000 111.331429 0.254000 57.325001
1908.250000 111.541260 0.254000 57.430000
1908.750000 111.751106 0.254000 57.529999
1909.500000 111.751106 0.254000 57.625000
1910.875000 111.960945 0.254000 57.715000
1912.625000 112.190758 0.224000 57.825001
1913.875000 112.400597 0.224000 57.924999
1915.250000 112.610451 0.224000 58.029999
1916.750000 112.820282 0.224000 58.119999
1917.750000 113.050072 0.224000 58.230000
1918.125000 113.269920 0.224000 58.325001
1919.500000 113.479820 0.224000 58.430000
1920.250000 113.689758 0.224000 58.529999
1922.500000 113.899666 0.224000 58.625000
1922.750000 114.109566 0.224000 58.724998
1923.875000 114.319450 0.213000 58.830002
1926.875000 114.529305 0.213000 58.930000
1928.000000 114.739136 0.213000 59.025002
1928.750000 114.739136 0.213000 59.119999
1930.500000 114.948967 0.213000 59.220001
1931.500000 115.168846 0.213000 59.325001
1934.375000 115.378761 0.213000 59.430000
1935.125000 115.588638 0.213000 59.529999
1936.500000 115.798485 0.213000 59.625000
1937.375000 116.028381 0.213000 59.730000
1939.875000 116.268272 0.185000 59.830002
1940.875000 116.478127 0.185000 59.924999
1943.000000 116.688019 0.185000 60.025002
1947.000000 116.897888 0.185000 60.134998
1950.250000 117.107803 0.185000 60.220001
1952.750000 117.317719 0.185000 60.330002
1956.000000 117.527634 0.185000 60.424999
1958.875000 117.737541 0.185000 60.525002
1961.500000 117.947449 0.185000 60.630001
1962.625000 117.947449 0.185000 60.720001
1964.500000 118.157364 0.202000 60.820000
1967.125000 118.367157 0.202000 60.930000
1970.500000 118.576752 0.202000 61.025002
1972.625000 118.786308 0.202000 61.130001
1976.125000 118.995735 0.202000 61.220001
1979.625000 119.245049 0.202000 61.330002
1982.250000 119.454666 0.202000 61.419998
1985.875000 119.684380 0.202000 61.520000
1989.000000 119.894211 0.202000 61.630001
1993.000000 120.104050 0.202000 61.720001
1996.000000 120.313972 0.204000 61.820000
1998.375000 120.523941 0.204000 61.930000
2001.125000 120.733665 0.204000 62.025002
2004.500000 120.733665 0.204000 62.125000
2007.875000 120.943237 0.204000 62.230000
2009.875000 121.162880 0.204000 62.330002
2011.750000 121.372658 0.204000 62.424999
2014.375000 121.582489 0.204000 62.525002
2017.625000 121.792336 0.204000 62.625000
2019.125000 122.002228 0.204000 62.730000
2022.500000 122.242096 0.203000 62.820000
2025.125000 122.451996 0.203000 62.919998
2027.375000 122.661911 0.203000 63.020000
2029.250000 122.871811 0.203000 63.119999
2030.875000 123.081718 0.203000 63.224998
2033.000000 123.291641 0.203000 63.325001
2035.125000 123.501541 0.203000 63.430000
2036.125000 123.711388 0.203000 63.525002
2038.875000 123.921227 0.203000 63.625000
2040.625000 123.921227 0.203000 63.720001
2042.500000 124.141129 0.188000 63.830002
2043.875000 124.371033 0.188000 63.924999
2045.125000 124.580750 0.188000 64.019997
2046.250000 124.790443 0.188000 64.135002
2047.750000 125.000183 0.188000 64.220001
2049.000000 125.210007 0.188000 64.324997
2049.625000 125.419838 0.188000 64.419998
2049.875000 125.649734 0.188000 64.519997
2051.125000 125.859673 0.188000 64.629997
2052.500000 126.069611 0.188000 64.730003
2053.375000 126.279472 0.173000 64.824997
2054.000000 126.489334 0.173000 64.925003
2056.250000 126.699234 0.173000 65.025002
2056.750000 126.909149 0.173000 65.125000
2057.000000 127.118706 0.173000 65.224998
2057.375000 127.327911 0.173000 65.330002
2059.875000 127.536865 0.173000 65.430000
2060.625000 127.536865 0.173000 65.525002
2061.000000 127.765572 0.173000 65.620003
2061.750000 127.984749 0.173000 65.720001
2063.625000 128.194305 0.170000 65.820000
2064.375000 128.443710 0.170000 65.919998
2064.625000 128.653198 0.170000 66.025002
2065.125000 128.862885 0.170000 66.125000
2065.625000 129.072693 0.170000 66.224998
2066.125000 129.282532 0.170000 66.324997
2067.750000 129.492279 0.170000 66.425003
2068.625000 129.702011 0.170000 66.519997
2070.250000 129.911819 0.170000 66.625000
2071.125000 130.121658 0.170000 66.724998
2072.000000 130.121658 0.181000 66.820000
2073.125000 130.331573 0.181000 66.919998
2074.625000 130.541473 0.181000 67.029999
2075.750000 130.771439 0.181000 67.120003
2076.875000 130.981430 0.181000 67.224998
2077.875000 131.191406 0.181000 67.320000
2079.375000 131.401367 0.181000 67.419998
2080.375000 131.651321 0.181000 67.525002
2081.875000 131.861282 0.181000 67.625000
2082.375000 132.071243 0.181000 67.724998
2083.375000 132.281204 0.164000 67.830002
2084.375000 132.491028 0.164000 67.930000
2087.750000 132.700653 0.164000 68.035004
2089.625000 132.910324 0.164000 68.120003
2091.125000 133.120117 0.164000 68.230003
2091.875000 133.330017 0.164000 68.330002
2093.375000 133.330017 0.164000 68.430000
2095.250000 133.559982 0.164000 68.529999
2098.250000 133.759979 0.164000 68.625000
2099.875000 133.960007 0.164000 68.730003
2101.500000 134.170044 0.152000 68.820000
2104.500000 134.370087 0.152000 68.925003
2107.125000 134.580078 0.152000 69.029999
2109.875000 134.790024 0.152000 69.114998
2115.125000 134.999985 0.152000 69.224998
2118.000000 135.229965 0.152000 69.324997
2121.875000 135.439957 0.152000 69.425003
2125.500000 135.649902 0.152000 69.525002
2130.250000 135.859848 0.152000 69.625000
2136.250000 136.069778 0.152000 69.724998
2141.750000 136.279678 0.148000 69.824997
2148.250000 136.485092 0.148000 69.919998
2154.875000 136.691116 0.148000 70.029999
2160.750000 136.691116 0.148000 70.120003
2166.875000 136.895432 0.148000 70.224998
2173.500000 137.102463 0.148000 70.324997
2181.250000 137.303757 0.148000 70.425003
2188.500000 137.303757 0.148000 70.525002
2193.250000 137.504379 0.148000 70.625000
2200.500000 137.706680 0.148000 70.724998
2205.125000 137.910004 0.193000 70.824997
2211.625000 137.910004 0.193000 70.915001
2216.750000 138.113785 0.193000 71.019997
2221.500000 138.318024 0.193000 71.120003
2226.250000 138.318024 0.193000 71.224998
2231.000000 138.537994 0.193000 71.330002
2234.125000 138.765884 0.193000 71.430000
2239.000000 138.974228 0.193000 71.525002
2242.375000 138.974228 0.193000 71.629997
2245.375000 139.206375 0.193000 71.724998
2248.750000 139.415222 0.172000 71.830002
2251.875000 139.620209 0.172000 71.925003
2254.500000 139.827911 0.172000 72.025002
2258.250000 140.046768 0.172000 72.114998
2262.375000 140.256485 0.172000 72.220001
2266.500000 140.456635 0.172000 72.330002
2270.625000 140.677063 0.172000 72.425003
2273.750000 140.877579 0.172000 72.525002
2276.875000 141.078140 0.172000 72.620003
2280.250000 141.278717 0.172000 72.724998
2283.875000 141.479324 0.196000 72.824997
2287.750000 141.679642 0.196000 72.925003
2290.500000 141.889191 0.196000 73.019997
2294.000000 142.098160 0.196000 73.120003
2298.000000 142.307037 0.196000 73.224998
2300.750000 142.515167 0.196000 73.324997
2304.000000 142.718643 0.196000 73.425003
2308.125000 142.718643 0.196000 73.529999
2311.000000 142.939713 0.196000 73.620003
2316.750000 143.158661 0.196000 73.714996
2320.250000 143.360657 0.189000 73.820000
2326.125000 143.360657 0.189000 73.925003
2330.875000 143.567047 0.189000 74.025002
2334.250000 143.772705 0.189000 74.125000
2337.875000 143.978195 0.189000 74.224998
2341.500000 143.978195 0.189000 74.330002
2344.375000 144.183670 0.189000 74.419998
2347.500000 144.398804 0.189000 74.525002
2350.125000 144.600220 0.189000 74.629997
2353.625000 144.800705 0.189000 74.730003
2356.625000 144.800705 0.204000 74.820000
2360.625000 145.213242 0.204000 74.934998
2365.125000 145.213242 0.204000 75.025002
2366.875000 145.419281 0.204000 75.129997
2369.375000 145.627136 0.204000 75.220001
2372.125000 145.835922 0.204000 75.324997
2376.125000 146.045212 0.204000 75.430000
2381.000000 146.254761 0.204000 75.525002
2385.750000 146.464432 0.204000 75.625000
2393.250000 146.704208 0.204000 75.730003
2399.500000 146.924149 0.204000 75.815002
2405.000000 147.134079 0.226000 75.919998
2410.250000 147.353973 0.226000 76.029999
2417.125000 147.563858 0.226000 76.129997
2423.750000 147.773743 0.226000 76.224998
2431.500000 147.983627 0.226000 76.324997
2438.875000 147.983627 0.226000 76.425003
2445.375000 148.193512 0.226000 76.525002
2451.375000 148.413391 0.226000 76.620003
2458.125000 148.623276 0.226000 76.724998
2464.250000 148.833160 0.226000 76.820000
2470.125000 149.043060 0.263000 76.925003
2475.000000 149.252914 0.263000 77.019997
2482.000000 149.462097 0.263000 77.120003
2486.875000 149.680237 0.263000 77.220001
2491.875000 149.887756 0.263000 77.324997
2496.500000 150.094833 0.263000 77.419998
2500.500000 150.301956 0.263000 77.519997
2503.625000 150.510239 0.263000 77.625000
2508.500000 150.719467 0.263000 77.730003
2513.250000 150.929291 0.263000 77.824997
2518.500000 151.129486 0.277000 77.919998
2520.750000 151.329773 0.277000 78.029999
2524.875000 151.536530 0.277000 78.114998
2527.125000 151.745132 0.277000 78.224998
2529.250000 151.745132 0.277000 78.320000
2532.750000 151.976471 0.277000 78.425003
2535.250000 152.179596 0.277000 78.529999
2537.250000 152.179596 0.277000 78.625000
2540.375000 152.408218 0.277000 78.720001
2543.125000 152.612381 0.277000 78.824997
2545.750000 152.816772 0.257000 78.925003
2547.125000 152.816772 0.257000 79.019997
2548.625000 153.021347 0.257000 79.125000
2550.250000 153.248932 0.257000 79.220001
2552.250000 153.450012 0.257000 79.324997
2555.125000 153.450012 0.257000 79.425003
2559.250000 153.663834 0.257000 79.525002
2560.375000 153.871704 0.257000 79.625000
2561.875000 154.075897 0.257000 79.724998
2563.250000 154.283020 0.241000 79.820000
2564.500000 154.491608 0.241000 79.930000
2566.625000 154.720840 0.241000 80.019997
2568.625000 154.930542 0.241000 80.125000
2570.000000 155.140442 0.241000 80.214996
2572.500000 155.350357 0.241000 80.324997
2574.125000 155.560196 0.241000 80.425003
2575.125000 155.770050 0.241000 80.525002
2576.875000 155.979980 0.241000 80.625000
2578.500000 156.189926 0.241000 80.724998
2580.250000 156.399872 0.241000 80.834999
2582.375000 156.609802 0.244000 80.930000
2583.875000 156.609802 0.244000 81.029999
2586.000000 156.819748 0.244000 81.125000
2587.250000 157.029709 0.244000 81.224998
2589.375000 157.239639 0.244000 81.324997
2590.375000 157.479614 0.244000 81.430000
2593.000000 157.699600 0.244000 81.529999
2595.375000 157.929596 0.244000 81.625000
2596.875000 158.139557 0.244000 81.724998
2598.625000 158.349533 0.228000 81.824997
2600.750000 158.559509 0.228000 81.915001
2602.500000 158.769470 0.228000 82.025002
2604.875000 158.969467 0.228000 82.129997
2606.375000 159.169525 0.228000 82.224998
2609.250000 159.369553 0.228000 82.320000
2611.250000 159.569565 0.228000 82.425003
2613.250000 159.779556 0.228000 82.519997
2614.500000 159.989563 0.228000 82.625000
2616.375000 159.989563 0.228000 82.714996
2618.625000 160.209518 0.216000 82.820000
2620.875000 160.419266 0.216000 82.930000
2622.250000 160.659073 0.216000 83.019997
2624.250000 160.868927 0.216000 83.120003
2626.000000 161.078796 0.216000 83.220001
2627.375000 161.288651 0.216000 83.324997
2630.125000 161.508484 0.216000 83.419998
2632.000000 161.718353 0.216000 83.525002
2633.750000 161.928223 0.216000 83.620003
2635.875000 162.138062 0.216000 83.724998
2637.000000 162.347916 0.205000 83.820000
2638.500000 162.567795 0.205000 83.930000
2640.500000 162.777740 0.205000 84.025002
2642.000000 162.987686 0.205000 84.125000
2643.125000 163.197632 0.205000 84.224998
2645.875000 163.407547 0.205000 84.330002
2647.250000 163.407547 0.205000 84.419998
2648.625000 163.627441 0.205000 84.525002
2649.625000 163.837357 0.205000 84.620003
2651.625000 164.047241 0.205000 84.724998
2653.375000 164.257156 0.187000 84.830002
2656.250000 164.467010 0.187000 84.925003
2658.250000 164.676743 0.187000 85.025002
2660.125000 164.906494 0.187000 85.120003
2661.375000 165.116333 0.187000 85.220001
2662.625000 165.326202 0.187000 85.330002
2665.125000 165.536102 0.187000 85.425003
2665.875000 165.746048 0.187000 85.529999
2668.125000 165.946060 0.187000 85.620003
2670.625000 166.166061 0.187000 85.730003
2674.000000 166.376038 0.173000 85.824997
2676.000000 166.584885 0.173000 85.919998
2678.500000 166.584885 0.173000 86.025002
2680.000000 166.817429 0.173000 86.120003
2682.125000 167.035049 0.173000 86.224998
2683.125000 167.238586 0.173000 86.330002
2684.625000 167.238586 0.173000 86.425003
2686.125000 167.451523 0.173000 86.519997
2687.750000 167.654877 0.173000 86.625000
2690.000000 167.858398 0.173000 86.724998
2692.125000 167.858398 0.174000 86.824997
2694.500000 168.063004 0.174000 86.930000
2696.125000 168.276016 0.174000 87.025002
2698.375000 168.276016 0.174000 87.120003
2699.375000 168.480438 0.174000 87.220001
2702.000000 168.697617 0.174000 87.324997
2704.500000 168.897675 0.174000 87.425003
2706.625000 168.897675 0.174000 87.529999
2709.000000 169.111450 0.174000 87.620003
2711.625000 169.311615 0.174000 87.730003
2715.000000 169.512634 0.177000 87.824997
2716.500000 169.512634 0.177000 87.925003
2720.500000 169.714798 0.177000 88.025002
2723.000000 169.917892 0.177000 88.129997
2726.000000 170.121979 0.177000 88.230003
2728.375000 170.121979 0.177000 88.320000
2731.125000 170.342026 0.177000 88.425003
2733.375000 170.544373 0.177000 88.529999
2737.375000 170.751251 0.177000 88.629997
2741.750000 170.751251 0.177000 88.724998
2746.250000 170.955215 0.197000 88.824997
2750.375000 171.166977 0.197000 88.925003
2754.500000 171.373093 0.197000 89.019997
2759.625000 171.581207 0.197000 89.125000
2763.250000 171.790298 0.197000 89.224998
2767.375000 171.999878 0.197000 89.324997
2772.750000 172.249619 0.197000 89.419998
2778.250000 172.459503 0.197000 89.519997
2782.625000 172.669464 0.197000 89.629997
2788.125000 172.879410 0.197000 89.730003
2796.125000 173.089355 0.197000 89.820000
2802.875000 173.298935 0.241000 89.925003
2810.875000 173.507782 0.241000 90.029999
2819.125000 173.716019 0.241000 90.125000
2826.375000 173.923965 0.241000 90.224998
2833.625000 173.923965 0.241000 90.324997
2839.500000 174.151352 0.241000 90.430000
2849.125000 174.368668 0.241000 90.525002
2859.000000 174.575684 0.241000 90.625000
2867.875000 174.780579 0.241000 90.730003
2878.250000 175.014603 0.241000 90.824997
2887.500000 175.220184 0.240000 90.915001
2893.625000 175.220184 0.240000 91.029999
2899.625000 175.423416 0.240000 91.129997
2904.125000 175.423416 0.240000 91.224998
2909.250000 175.625870 0.240000 91.324997
2916.000000 175.625870 0.240000 91.430000
2919.125000 175.625870 0.240000 91.525002
2924.125000 175.625870 0.240000 91.629997
2929.500000 175.625870 0.240000 91.720001
2932.625000 175.827591 0.240000 91.830002
2937.750000 175.827591 0.274000 91.925003
2940.875000 175.827591 0.274000 92.019997
2944.500000 175.827591 0.274000 92.129997
2946.625000 175.827591 0.274000 92.224998
2948.625000 175.827591 0.274000 92.330002
2950.250000 175.827591 0.274000 92.419998
2952.250000 175.827591 0.274000 92.525002
2954.250000 176.030060 0.274000 92.629997
2956.125000 176.030060 0.274000 92.724998
2958.625000 176.234512 0.274000 92.824997
2960.750000 176.434937 0.243000 92.930000
2965.375000 176.434937 0.243000 93.025002
2969.750000 176.638763 0.243000 93.129997
2973.750000 176.838821 0.243000 93.220001
2976.000000 177.039978 0.243000 93.330002
2977.625000 177.039978 0.243000 93.419998
2981.375000 177.242233 0.243000 93.529999
2983.875000 177.445953 0.243000 93.625000
2985.875000 177.647690 0.243000 93.720001
2988.500000 177.647690 0.243000 93.824997
2991.375000 177.863205 0.265000 93.925003
2995.500000 178.067551 0.265000 94.025002
2997.250000 178.269958 0.265000 94.120003
2999.250000 178.495911 0.265000 94.220001
3001.750000 178.704178 0.265000 94.330002
3003.500000 178.933319 0.265000 94.425003
3004.875000 179.143036 0.265000 94.519997
3007.250000 179.353012 0.265000 94.629997
3008.750000 179.553101 0.265000 94.720001
3010.625000 179.753265 0.265000 94.820000
3012.750000 179.973434 0.270000 94.930000
3014.500000 180.173615 0.270000 95.025002
3016.125000 180.373764 0.270000 95.129997
3017.375000 180.573914 0.270000 95.230003
3019.125000 180.783859 0.270000 95.324997
3020.375000 180.993805 0.270000 95.425003
3022.250000 181.203522 0.270000 95.529999
3023.625000 181.203522 0.270000 95.625000
3025.000000 181.441956 0.270000 95.730003
3026.500000 181.649567 0.270000 95.820000
3027.250000 181.866470 0.250000 95.915001
3028.125000 182.074127 0.250000 96.025002
3029.250000 182.311981 0.250000 96.120003
3030.125000 182.520706 0.250000 96.220001
3031.250000 182.730026 0.250000 96.330002
3033.125000 182.959732 0.250000 96.430000
3035.250000 183.169693 0.250000 96.525002
3036.625000 183.369766 0.250000 96.620003
3038.375000 183.569839 0.250000 96.730003
3039.375000 183.779572 0.250000 96.824997
3040.375000 183.988205 0.252000 96.930000
3042.000000 183.988205 0.252000 97.019997
3042.125000 184.195847 0.252000 97.125000
3043.500000 184.403549 0.252000 97.224998
3045.000000 184.611664 0.252000 97.324997
3046.000000 184.820358 0.252000 97.425003
3046.375000 185.029572 0.252000 97.525002
3047.500000 185.239120 0.252000 97.629997
3048.375000 185.448883 0.252000 97.724998
3049.500000 185.678741 0.241000 97.824997
3051.375000 185.898666 0.241000 97.925003
3052.500000 186.108612 0.241000 98.029999
3054.000000 186.318588 0.241000 98.120003
3054.500000 186.528534 0.241000 98.224998
3056.000000 186.738449 0.241000 98.324997
3056.500000 186.948380 0.241000 98.419998
3058.000000 187.158310 0.241000 98.529999
3058.375000 187.368210 0.241000 98.629997
3060.500000 187.578125 0.241000 98.724998
3061.250000 187.578125 0.216000 98.824997
3064.125000 187.818039 0.216000 98.919998
3065.750000 188.027908 0.216000 99.029999
3067.125000 188.237793 0.216000 99.125000
3068.750000 188.447678 0.216000 99.224998
3071.500000 188.687653 0.216000 99.330002
3072.500000 188.937622 0.216000 99.425003
3075.875000 189.147583 0.216000 99.519997
3078.250000 189.357544 0.216000 99.625000
3080.750000 189.567490 0.216000 99.730003
3084.000000 189.777435 0.218000 99.824997
3086.750000 189.777435 0.218000 99.925003
3090.000000 189.997375 0.218000 100.025002
3095.250000 190.217331 0.218000 100.129997
3099.125000 190.437286 0.218000 100.224998
3103.625000 190.687271 0.218000 100.324997
3107.750000 190.917313 0.218000 100.419998
3112.250000 191.147171 0.218000 100.529999
3115.625000 191.356628 0.218000 100.625000
3122.000000 191.566177 0.218000 100.720001
3126.500000 191.775848 0.218000 100.830002
3132.625000 191.775848 0.280000 100.919998
3138.625000 192.005615 0.280000 101.019997
3145.750000 192.215485 0.280000 101.129997
3150.750000 192.425385 0.280000 101.220001
3156.625000 192.635284 0.280000 101.324997
3161.625000 192.845184 0.280000 101.415001
3167.875000 193.055084 0.280000 101.525002
3173.500000 193.264969 0.280000 101.625000
3177.875000 193.524826 0.280000 101.720001
3181.500000 193.734711 0.280000 101.824997
3184.500000 193.944595 0.320000 101.925003
3187.125000 194.154541 0.320000 102.019997
3188.625000 194.364288 0.320000 102.120003
3190.375000 194.573578 0.320000 102.224998
3191.750000 194.573578 0.320000 102.324997
3193.000000 194.783005 0.320000 102.419998
3193.875000 195.002655 0.320000 102.519997
3195.625000 195.212463 0.320000 102.625000
3198.500000 195.422318 0.320000 102.714996
3200.125000 195.652176 0.320000 102.830002
3200.875000 195.862076 0.346000 102.925003
3202.000000 196.102005 0.346000 103.025002
3202.750000 196.311951 0.346000 103.125000
3203.750000 196.521866 0.346000 103.220001
3204.500000 196.731796 0.346000 103.320000
3205.875000 196.941727 0.346000 103.430000
3207.000000 197.151657 0.346000 103.529999
3208.375000 197.361542 0.346000 103.625000
3208.625000 197.571442 0.346000 103.730003
3209.375000 197.571442 0.346000 103.824997
3210.125000 197.801361 0.373000 103.930000
3211.125000 198.031235 0.373000 104.029999
3211.125000 198.241104 0.373000 104.125000
3212.375000 198.450607 0.373000 104.220001
3213.625000 198.720001 0.373000 104.320000
3214.375000 198.929672 0.373000 104.430000
3214.875000 199.139435 0.373000 104.529999
3216.750000 199.349243 0.373000 104.625000
3217.500000 199.559067 0.373000 104.730003
3218.125000 199.768921 0.373000 104.824997
3218.250000 199.768921 0.365000 104.919998
3219.375000 199.978790 0.365000 105.025002
3220.250000 200.218536 0.365000 105.120003
3220.500000 200.427994 0.365000 105.230003
3220.750000 200.637436 0.365000 105.330002
3222.125000 200.846985 0.365000 105.425003
3222.625000 201.056702 0.365000 105.519997
3223.375000 201.266556 0.365000 105.625000
3223.500000 201.486420 0.365000 105.724998
3224.500000 201.696289 0.365000 105.824997
3225.750000 201.916168 0.344000 105.925003
3226.125000 202.125961 0.344000 106.029999
3226.875000 202.335541 0.344000 106.125000
3227.625000 202.545227 0.344000 106.224998
3228.500000 202.755020 0.344000 106.320000
3228.625000 202.964905 0.344000 106.430000
3229.000000 202.964905 0.344000 106.519997
3229.625000 203.174789 0.344000 106.629997
3230.250000 203.404678 0.344000 106.724998
3231.125000 203.614609 0.344000 106.820000
3231.375000 203.824554 0.285000 106.930000
3232.000000 204.034500 0.285000 107.019997
3232.625000 204.274399 0.285000 107.129997
3233.250000 204.504150 0.285000 107.230003
3233.500000 204.713120 0.285000 107.324997
3234.375000 204.921844 0.285000 107.430000
3234.375000 205.130951 0.285000 107.529999
3235.500000 205.340378 0.285000 107.620003
3236.125000 205.549973 0.285000 107.724998
3237.000000 205.759705 0.285000 107.830002
3237.750000 205.969284 0.252000 107.930000
3238.125000 205.969284 0.252000 108.025002
3238.625000 206.208496 0.252000 108.120003
3239.125000 206.418015 0.252000 108.220001
3240.375000 206.657684 0.252000 108.330002
3241.000000 206.897446 0.252000 108.425003
3241.000000 207.107300 0.252000 108.519997
3241.500000 207.317200 0.252000 108.625000
3242.500000 207.527069 0.252000 108.720001
3243.000000 207.736908 0.220000 108.824997
3243.375000 207.946732 0.220000 108.925003
3244.000000 208.156570 0.220000 109.029999
3245.375000 208.366440 0.220000 109.129997
3246.250000 208.366440 0.220000 109.230003
3247.625000 208.576294 0.220000 109.330002
3249.125000 208.796204 0.220000 109.419998
3250.625000 209.006119 0.220000 109.529999
3252.625000 209.216049 0.220000 109.625000
3254.375000 209.426010 0.220000 109.724998
3257.375000 209.635956 0.205000 109.824997
3259.000000 209.845352 0.205000 109.919998
3261.750000 210.051117 0.205000 110.029999
3263.875000 210.254288 0.205000 110.125000
3267.000000 210.254288 0.205000 110.224998
3269.500000 210.454605 0.205000 110.324997
3271.375000 210.454605 0.205000 110.425003
3272.500000 210.454605 0.205000 110.525002
3274.000000 210.454605 0.205000 110.629997
3274.500000 210.658096 0.205000 110.724998
3275.625000 210.658096 0.201000 110.830002
3276.000000 210.658096 0.201000 110.919998
3276.375000 210.658096 0.201000 111.029999
3276.625000 210.658096 0.201000 111.129997
3277.875000 210.658096 0.201000 111.230003
3278.500000 210.658096 0.201000 111.320000
3278.625000 210.658096 0.201000 111.425003
3279.000000 210.658096 0.201000 111.519997
3279.125000 210.658096 0.201000 111.620003
3279.500000 210.658096 0.201000 111.724998
3280.125000 210.658096 0.191000 111.824997
3280.375000 210.658096 0.191000 111.930000
3280.750000 210.658096 0.191000 112.025002
3280.875000 210.658096 0.191000 112.129997
3281.625000 210.860825 0.191000 112.230003
3283.125000 211.061935 0.191000 112.320000
3284.750000 211.061935 0.191000 112.425003
3286.250000 211.264862 0.191000 112.525002
3286.625000 211.466141 0.191000 112.629997
3287.125000 211.670135 0.191000 112.730003
3287.625000 211.670135 0.175000 112.820000
3290.000000 211.876190 0.175000 112.934998
3290.500000 212.094849 0.175000 113.014999
3291.000000 212.094849 0.175000 113.125000
3291.625000 212.298569 0.175000 113.224998
3291.875000 212.298569 0.175000 113.330002
3292.375000 212.507263 0.175000 113.425003
3292.625000 212.507263 0.175000 113.525002
3293.125000 212.507263 0.175000 113.629997
3293.250000 212.507263 0.175000 113.720001
3294.125000 212.507263 0.180000 113.820000
3294.375000 212.507263 0.180000 113.930000
3294.625000 212.707657 0.180000 114.019997
3294.625000 212.707657 0.180000 114.125000
3294.875000 212.707657 0.180000 114.230003
3295.000000 212.707657 0.180000 114.320000
3295.875000 212.707657 0.180000 114.419998
3296.125000 212.707657 0.180000 114.519997
3296.375000 212.707657 0.180000 114.625000
3296.750000 212.707657 0.180000 114.724998
3297.250000 212.707657 0.171000 114.830002
3297.750000 212.707657 0.171000 114.919998
3298.125000 212.912781 0.171000 115.019997
3299.125000 212.912781 0.171000 115.129997
3300.250000 213.118866 0.171000 115.224998
3301.000000 213.344772 0.171000 115.330002
3301.375000 213.550919 0.171000 115.425003
3301.750000 213.753708 0.171000 115.525002
3304.000000 213.959366 0.171000 115.629997
3305.000000 214.167114 0.171000 115.720001
3306.875000 214.375549 0.178000 115.830002
3307.500000 214.375549 0.178000 115.919998
3308.375000 214.583847 0.178000 116.025002
3309.500000 214.792740 0.178000 116.129997
3309.875000 215.001984 0.178000 116.230003
3310.625000 215.231583 0.178000 116.334999
3311.875000 215.441330 0.178000 116.419998
3312.625000 215.681015 0.178000 116.529999
3313.000000 215.910873 0.178000 116.625000
3313.250000 216.130814 0.178000 116.724998
3313.750000 216.340607 0.175000 116.824997
3314.000000 216.550476 0.175000 116.930000
3314.625000 216.760391 0.175000 117.029999
3315.000000 216.970322 0.175000 117.125000
3315.250000 217.180069 0.175000 117.230003
3315.625000 217.180069 0.175000 117.320000
3316.375000 217.399612 0.175000 117.430000
3316.875000 217.629288 0.175000 117.529999
3317.375000 217.839096 0.175000 117.625000
3317.500000 218.048981 0.175000 117.720001
3318.000000 218.258728 0.172000 117.824997
3318.250000 218.498444 0.172000 117.919998
3318.375000 218.708267 0.172000 118.025002
3318.500000 218.918137 0.172000 118.129997
3319.625000 219.147995 0.172000 118.230003
3319.875000 219.357773 0.172000 118.330002
3320.625000 219.567505 0.172000 118.425003
3320.750000 219.777069 0.172000 118.525002
3321.750000 219.986465 0.172000 118.629997
3321.875000 219.986465 0.172000 118.730003
3322.375000 220.215637 0.164000 118.834999
3322.625000 220.424774 0.164000 118.925003
3323.000000 220.633911 0.164000 119.025002
3323.125000 220.842697 0.164000 119.120003
3323.375000 221.090729 0.164000 119.230003
3323.875000 221.329407 0.164000 119.330002
3324.125000 221.538879 0.164000 119.425003
3324.125000 221.748749 0.164000 119.519997
3324.125000 221.948853 0.164000 119.625000
3324.125000 222.149124 0.164000 119.720001
3324.375000 222.349487 0.163000 119.820000
3324.875000 222.549896 0.163000 119.925003
3325.125000 222.750336 0.163000 120.029999
3325.125000 222.950745 0.163000 120.125000
3325.250000 223.151108 0.163000 120.230003
3325.375000 223.351440 0.163000 120.330002
3325.500000 223.551773 0.163000 120.430000
3325.875000 223.752075 0.163000 120.525002
3326.375000 223.952377 0.163000 120.625000
3326.375000 224.152679 0.163000 120.724998
3326.750000 224.352921 0.173000 120.824997
3327.125000 224.562592 0.173000 120.919998
3327.875000 224.772324 0.173000 121.029999
3327.875000 224.772324 0.173000 121.125000
3328.000000 225.002319 0.173000 121.224998
3328.125000 225.202499 0.173000 121.330002
3328.375000 225.402756 0.173000 121.430000
3328.375000 225.612976 0.173000 121.529999
3328.500000 225.823288 0.173000 121.620003
3328.625000 226.023651 0.173000 121.730003
3328.875000 226.234039 0.159000 121.824997
3329.000000 226.464508 0.159000 121.925003
3329.375000 226.695068 0.159000 122.029999
3329.500000 226.945450 0.159000 122.129997
3329.500000 227.145706 0.159000 122.230003
3329.750000 227.346008 0.159000 122.324997
3329.875000 227.546051 0.159000 122.434998
3330.000000 227.746155 0.159000 122.514999
3330.375000 227.946350 0.159000 122.625000
3330.500000 228.146622 0.159000 122.724998
3330.875000 228.346878 0.167000 122.824997
3330.875000 228.547119 0.167000 122.919998
3331.500000 228.747406 0.167000 123.025002
3331.750000 228.947739 0.167000 123.125000
3331.875000 229.148056 0.167000 123.220001
3332.375000 229.348190 0.167000 123.324997
3332.875000 229.557968 0.167000 123.419998
3333.250000 229.767792 0.167000 123.529999
3334.000000 229.767792 0.167000 123.620003
3334.125000 229.997498 0.167000 123.730003
3334.625000 230.227341 0.167000 123.824997
3334.750000 230.427505 0.167000 123.930000
3334.875000 230.627914 0.167000 124.025002
3335.500000 230.828461 0.167000 124.125000
3336.625000 231.029068 0.167000 124.224998
3337.250000 231.229599 0.167000 124.320000
3338.250000 231.430008 0.167000 124.419998
3338.500000 231.630371 0.167000 124.525002
3339.500000 231.888351 0.167000 124.625000
3339.750000 232.097290 0.167000 124.724998
3340.125000 232.299774 0.191000 124.820000
3340.625000 232.504608 0.191000 124.930000
3341.750000 232.504608 0.191000 125.025002
3342.375000 232.710754 0.191000 125.125000
3343.000000 232.913803 0.191000 125.220001
3343.500000 233.134781 0.191000 125.324997
3344.000000 233.350861 0.191000 125.419998
3344.875000 233.569534 0.191000 125.519997
3345.500000 233.798187 0.191000 125.629997
3345.625000 234.000214 0.191000 125.724998
3346.000000 234.000214 0.191000 125.820000
3346.250000 234.206802 0.243000 125.930000
3346.625000 234.409821 0.243000 126.025002
3347.125000 234.409821 0.243000 126.125000
3347.125000 234.621796 0.243000 126.230003
3347.375000 234.621796 0.243000 126.320000
3347.625000 234.621796 0.243000 126.425003
3347.750000 234.829681 0.243000 126.525002
3348.000000 234.829681 0.243000 126.625000
3348.000000 234.829681 0.243000 126.730003
3348.250000 234.829681 0.199000 126.820000
3348.250000 234.829681 0.199000 126.925003
3348.750000 234.829681 0.199000 127.029999
3349.000000 234.829681 0.199000 127.125000
3349.000000 234.829681 0.199000 127.230003
3349.125000 234.829681 0.199000 127.324997
3349.125000 234.829681 0.199000 127.425003
3349.250000 234.829681 0.199000 127.529999
3349.625000 234.829681 0.199000 127.625000
3349.625000 234.829681 0.199000 127.720001
3350.125000 234.829681 0.178000 127.834999
3350.250000 234.829681 0.178000 127.915001
3350.500000 234.829681 0.178000 128.029999
3351.125000 234.829681 0.178000 128.130005
3351.125000 234.829681 0.178000 128.220001
3351.250000 234.829681 0.178000 128.330002
3351.250000 234.829681 0.178000 128.429993
3351.375000 234.829681 0.178000 128.524994
3351.875000 234.829681 0.178000 128.619995
3352.000000 234.829681 0.178000 128.725006
3352.000000 234.829681 0.203000 128.820007
3352.125000 234.829681 0.203000 128.929993
3352.125000 234.829681 0.203000 129.024994
3352.250000 234.829681 0.203000 129.134995
3352.375000 234.829681 0.203000 129.214996
3352.375000 235.060989 0.203000 129.330002
3352.375000 235.060989 0.203000 129.414993
3352.625000 235.265778 0.203000 129.524994
3352.625000 235.494873 0.203000 129.619995
3352.625000 235.697769 0.203000 129.725006
3352.875000 235.697769 0.179000 129.830002
3352.875000 235.902008 0.179000 129.929993
3353.750000 236.107315 0.179000 130.035004
3354.375000 236.107315 0.179000 130.125000
3354.500000 236.313171 0.179000 130.229996
3354.500000 236.518173 0.179000 130.324997
3354.625000 236.755478 0.179000 130.419998
3355.000000 236.963043 0.179000 130.529999
3355.125000 237.167694 0.179000 130.625000
3355.375000 237.375519 0.179000 130.725006
3355.625000 237.584854 0.191000 130.820007
3355.625000 237.785049 0.191000 130.919998
3355.875000 237.985229 0.191000 131.024994
3356.000000 238.194916 0.191000 131.130005
3356.250000 238.194916 0.191000 131.225006
3356.375000 238.434692 0.191000 131.330002
3356.750000 238.644180 0.191000 131.425003
3356.875000 238.853836 0.191000 131.520004
3357.125000 239.071854 0.191000 131.630005
3357.125000 239.271927 0.191000 131.725006
3357.375000 239.484055 0.191000 131.820007
3357.625000 239.691132 0.278000 131.925003
3357.750000 239.691132 0.278000 132.029999
3357.875000 239.898132 0.278000 132.130005
3358.125000 240.118393 0.278000 132.220001
3358.750000 240.319687 0.278000 132.330002
3358.875000 240.527054 0.278000 132.425003
3359.250000 240.527054 0.278000 132.520004
3359.625000 240.729324 0.278000 132.625000
3359.750000 240.931763 0.278000 132.725006
3359.750000 241.137268 0.264000 132.820007
3359.875000 241.338837 0.264000 132.929993
3360.250000 241.338837 0.264000 133.024994
3360.250000 241.541092 0.264000 133.130005
3360.500000 241.541092 0.264000 133.229996
3360.500000 241.541092 0.264000 133.330002
3361.125000 241.743027 0.264000 133.429993
3361.125000 241.743027 0.264000 133.524994
3361.375000 241.743027 0.264000 133.630005
3361.500000 241.743027 0.264000 133.725006
3361.875000 241.743027 0.264000 133.824997
3361.875000 241.743027 0.254000 133.929993
3362.250000 241.743027 0.254000 134.024994
3362.750000 241.743027 0.254000 134.125000
3362.875000 241.944153 0.254000 134.225006
3362.875000 241.944153 0.254000 134.320007
3363.125000 241.944153 0.254000 134.429993
3363.125000 241.944153 0.254000 134.535004
3363.375000 241.944153 0.254000 134.615005
3363.500000 241.944153 0.254000 134.720001
3363.875000 241.944153 0.254000 134.830002
3363.875000 241.944153 0.248000 134.919998
3363.875000 241.944153 0.248000 135.029999
3364.000000 241.944153 0.248000 135.125000
3364.125000 241.944153 0.248000 135.225006
3364.250000 242.158401 0.248000 135.320007
3364.750000 242.158401 0.248000 135.425003
3364.750000 242.365097 0.248000 135.524994
3365.000000 242.571304 0.248000 135.625000
3365.250000 242.571304 0.248000 135.720001
3365.500000 242.777069 0.223000 135.830002
3365.750000 243.007645 0.223000 135.925003
3366.000000 243.210052 0.223000 136.035004
3366.000000 243.210052 0.223000 136.119995
3366.125000 243.413879 0.223000 136.225006
3366.375000 243.618530 0.223000 136.330002
3366.375000 243.823395 0.223000 136.429993
3366.750000 243.823395 0.223000 136.524994
3367.000000 244.028748 0.223000 136.619995
3367.375000 244.229309 0.223000 136.714996
3367.625000 244.469406 0.163000 136.830002
3367.750000 244.676163 0.163000 136.919998
3368.000000 244.878143 0.163000 137.029999
3368.375000 245.084000 0.163000 137.130005
3368.625000 245.292252 0.163000 137.229996
3368.875000 245.292252 0.163000 137.330002
3369.125000 245.521912 0.163000 137.429993
3369.250000 245.722351 0.163000 137.524994
3369.500000 245.923019 0.163000 137.630005
3369.875000 246.130096 0.163000 137.740005
3370.250000 246.336029 0.219000 137.820007
3370.625000 246.560059 0.219000 137.914993
3370.875000 246.766205 0.219000 138.029999
3370.875000 246.967224 0.219000 138.130005
3371.000000 247.167694 0.219000 138.229996
3371.750000 247.167694 0.219000 138.320007
3372.000000 247.372910 0.219000 138.425003
3372.250000 247.601486 0.219000 138.524994
3372.375000 247.811203 0.219000 138.630005
3372.375000 248.011734 0.219000 138.720001
3373.000000 248.221481 0.203000 138.830002
3373.000000 248.427307 0.203000 138.929993
3373.000000 248.632187 0.203000 139.024994
3373.000000 248.632187 0.203000 139.130005
3373.125000 248.832977 0.203000 139.220001
3373.125000 248.832977 0.203000 139.324997
3373.250000 249.034012 0.203000 139.419998
3373.250000 249.034012 0.203000 139.529999
3373.375000 249.034012 0.203000 139.619995
3373.750000 249.034012 0.203000 139.725006
3374.125000 249.034012 0.185000 139.830002
3374.250000 249.034012 0.185000 139.925003
3374.250000 249.034012 0.185000 140.029999
3374.625000 249.034012 0.185000 140.119995
3374.750000 249.034012 0.185000 140.229996
3374.750000 249.034012 0.185000 140.324997
3374.875000 249.034012 0.185000 140.414993
3374.875000 249.034012 0.185000 140.524994
3375.000000 249.034012 0.185000 140.625000
3375.125000 249.034012 0.185000 140.720001
3375.500000 249.034012 0.168000 140.820007
3375.625000 249.034012 0.168000 140.925003
3376.000000 249.241638 0.168000 141.024994
3376.375000 249.447021 0.168000 141.130005
3376.375000 249.447021 0.168000 141.220001
3376.500000 249.651581 0.168000 141.330002
3377.000000 249.877502 0.168000 141.429993
3377.000000 250.088165 0.168000 141.535004
3377.000000 250.323944 0.168000 141.630005
3377.125000 250.532715 0.168000 141.725006
3377.375000 250.742599 0.173000 141.824997
3377.375000 250.942871 0.173000 141.925003
3377.375000 251.143097 0.173000 142.024994
3377.625000 251.343155 0.173000 142.130005
3377.625000 251.343155 0.173000 142.214996
3377.750000 251.552948 0.173000 142.320007
3377.750000 251.792328 0.173000 142.419998
3377.750000 252.002182 0.173000 142.524994
3378.125000 252.202316 0.173000 142.625000
3378.375000 252.411865 0.173000 142.729996
3378.500000 252.621170 0.189000 142.824997
3378.500000 252.860748 0.189000 142.929993
3378.875000 253.090607 0.189000 143.024994
3379.125000 253.290619 0.189000 143.119995
3379.250000 253.490692 0.189000 143.229996
3379.750000 253.690765 0.189000 143.330002
3379.875000 253.900696 0.189000 143.429993
3380.000000 254.110397 0.189000 143.524994
3380.500000 254.320145 0.189000 143.619995
3380.625000 254.529999 0.189000 143.729996
3380.750000 254.739716 0.188000 143.830002
3381.000000 254.739716 0.188000 143.919998
3381.250000 254.968750 0.188000 144.024994
3381.375000 255.187195 0.188000 144.125000
3381.625000 255.395157 0.188000 144.229996
3381.750000 255.603363 0.188000 144.335007
3381.875000 255.812241 0.188000 144.425003
3382.000000 256.021606 0.188000 144.520004
3382.250000 256.231232 0.188000 144.630005
3382.250000 256.461060 0.188000 144.720001
3382.625000 256.671021 0.184000 144.824997
3383.000000 256.881012 0.184000 144.914993
3383.125000 257.111023 0.184000 145.029999
3383.375000 257.311035 0.184000 145.130005
3383.625000 257.520996 0.184000 145.225006
3384.000000 257.730957 0.184000 145.335007
3384.000000 257.940918 0.184000 145.425003
3384.250000 257.940918 0.184000 145.524994
3384.500000 258.150909 0.184000 145.630005
3384.750000 258.390808 0.184000 145.725006
3385.125000 258.600739 0.182000 145.824997
3385.125000 258.810730 0.182000 145.925003
3385.750000 259.010742 0.182000 146.029999
3386.125000 259.210785 0.182000 146.130005
3386.250000 259.410828 0.182000 146.229996
3386.500000 259.610840 0.182000 146.330002
3386.500000 259.860840 0.182000 146.425003
3386.750000 260.070740 0.182000 146.524994
3387.000000 260.280701 0.182000 146.630005
3387.000000 260.500641 0.182000 146.729996
3387.250000 260.710571 0.179000 146.820007
3387.375000 260.920502 0.179000 146.929993
3387.375000 261.130463 0.179000 147.024994
3387.625000 261.340210 0.179000 147.125000
3387.625000 261.340210 0.179000 147.220001
3387.875000 261.569977 0.179000 147.324997
3388.125000 261.789886 0.179000 147.414993
3388.250000 261.999847 0.179000 147.524994
3388.250000 262.209808 0.179000 147.630005
3388.375000 262.419800 0.179000 147.729996
3388.500000 262.659760 0.183000 147.824997
3388.500000 262.869720 0.183000 147.925003
3388.750000 263.079529 0.183000 148.029999
3388.875000 263.289124 0.183000 148.130005
3388.875000 263.498688 0.183000 148.220001
3389.000000 263.708313 0.183000 148.330002
3389.125000 263.917969 0.183000 148.419998
3389.250000 264.127716 0.183000 148.520004
3389.250000 264.337494 0.183000 148.625000
3389.500000 264.547333 0.183000 148.729996
3389.500000 264.547333 0.204000 148.820007
3389.625000 264.757202 0.204000 148.929993
3389.875000 264.987091 0.204000 149.024994
3389.875000 265.196991 0.204000 149.130005
3390.000000 265.406860 0.204000 149.229996
3390.000000 265.616730 0.204000 149.324997
3390.000000 265.826569 0.204000 149.425003
3390.125000 266.046448 0.204000 149.529999
3390.125000 266.266327 0.204000 149.625000
3390.125000 266.476257 0.204000 149.725006
3390.250000 266.696228 0.186000 149.830002
3390.250000 266.906128 0.186000 149.929993
3390.250000 267.115540 0.186000 150.020004
3390.375000 267.324829 0.186000 150.130005
3390.500000 267.534302 0.186000 150.225006
3390.625000 267.743958 0.186000 150.330002
3390.625000 267.743958 0.186000 150.425003
3390.750000 267.983643 0.186000 150.524994
3390.750000 268.193420 0.186000 150.619995
3390.750000 268.413269 0.186000 150.725006
3391.000000 268.623199 0.175000 150.824997
3391.125000 268.833099 0.175000 150.934998
3391.250000 269.072968 0.175000 151.024994
3391.375000 269.282837 0.175000 151.125000
3391.375000 269.492737 0.175000 151.225006
3391.500000 269.702637 0.175000 151.330002
3391.500000 269.912567 0.175000 151.419998
3391.500000 270.122528 0.175000 151.520004
3391.625000 270.122528 0.175000 151.619995
3391.625000 270.332489 0.175000 151.725006
3391.875000 270.572418 0.167000 151.830002
3391.875000 270.782349 0.167000 151.925003
3392.000000 270.991943 0.167000 152.029999
3392.000000 271.201019 0.167000 152.130005
3392.000000 271.409943 0.167000 152.229996
3392.000000 271.618835 0.167000 152.324997
3392.125000 271.848083 0.167000 152.429993
3392.250000 272.057770 0.167000 152.524994
3392.250000 272.267670 0.167000 152.625000
3392.250000 272.477692 0.167000 152.720001
3392.625000 272.677795 0.156000 152.824997
3392.625000 272.877960 0.156000 152.925003
3392.625000 273.078156 0.156000 153.024994
3392.750000 273.278320 0.156000 153.119995
3392.875000 273.478485 0.156000 153.225006
3392.875000 273.688690 0.156000 153.324997
3393.125000 273.888916 0.156000 153.425003
3393.250000 274.089142 0.156000 153.524994
3393.500000 274.289398 0.156000 153.625000
3393.500000 274.489594 0.156000 153.725006
3393.625000 274.689789 0.150000 153.830002
3393.750000 274.889862 0.150000 153.919998
3393.750000 275.099823 0.150000 154.014999
3394.125000 275.299866 0.150000 154.125000
3394.125000 275.500000 0.150000 154.229996
3394.250000 275.700165 0.150000 154.320007
3394.375000 275.900391 0.150000 154.429993
3394.875000 276.100647 0.150000 154.524994
3395.125000 276.300873 0.150000 154.630005
3395.125000 276.500916 0.150000 154.729996
3395.250000 276.700989 0.151000 154.820007
3395.375000 276.907410 0.151000 154.914993
3395.875000 276.907410 0.151000 155.020004
3396.000000 277.115295 0.151000 155.130005
3396.125000 277.321106 0.151000 155.220001
3396.500000 277.521851 0.151000 155.324997
3396.625000 277.724274 0.151000 155.419998
3396.750000 277.724274 0.151000 155.524994
3396.750000 277.925751 0.151000 155.619995
3396.750000 278.127838 0.151000 155.729996
3396.875000 278.330353 0.161000 155.824997
3397.000000 278.330353 0.161000 155.925003
3397.125000 278.533020 0.161000 156.029999
3397.250000 278.758667 0.161000 156.130005
3397.250000 278.758667 0.161000 156.225006
3397.375000 278.963043 0.161000 156.320007
3397.625000 279.169067 0.161000 156.425003
3398.000000 279.375580 0.161000 156.514999
3398.250000 279.375580 0.161000 156.615005
3398.875000 279.784454 0.161000 156.725006
3400.125000 279.989380 0.179000 156.830002
3403.250000 279.989380 0.179000 156.925003
3404.750000 280.206451 0.179000 157.020004
3408.500000 280.414459 0.179000 157.125000
3411.625000 280.622986 0.179000 157.229996
3413.375000 280.832153 0.179000 157.324997
3415.625000 281.041443 0.179000 157.419998
3419.500000 281.280396 0.179000 157.520004
3422.125000 281.489929 0.179000 157.630005
3425.500000 281.709106 0.179000 157.725006
3428.000000 281.913971 0.198000 157.820007
3431.125000 282.121246 0.198000 157.929993
3433.375000 282.330841 0.198000 158.020004
3435.250000 282.330841 0.198000 158.119995
3438.750000 282.544769 0.198000 158.225006
3441.750000 282.771301 0.198000 158.320007
3445.375000 282.989532 0.198000 158.419998
3448.625000 283.208771 0.198000 158.529999
3451.625000 283.458405 0.198000 158.625000
3454.375000 283.668030 0.198000 158.729996
3456.750000 283.877747 0.215000 158.820007
3459.875000 284.087646 0.215000 158.925003
3462.875000 284.287689 0.215000 159.029999
3464.000000 284.487701 0.215000 159.125000
3467.000000 284.697571 0.215000 159.229996
3469.000000 284.907501 0.215000 159.324997
3470.500000 285.117493 0.215000 159.425003
3472.625000 285.317505 0.215000 159.520004
3474.750000 285.317505 0.215000 159.619995
3476.500000 285.547241 0.215000 159.729996
3477.875000 285.786560 0.188000 159.830002
3478.875000 285.996155 0.188000 159.929993
3481.750000 286.205872 0.188000 160.024994
3483.875000 286.465637 0.188000 160.125000
3484.750000 286.675537 0.188000 160.225006
3487.500000 286.885437 0.188000 160.330002
3488.750000 287.095337 0.188000 160.425003
3491.750000 287.305267 0.188000 160.520004
3493.375000 287.515228 0.188000 160.625000
3495.250000 287.725159 0.188000 160.725006
3497.125000 287.935089 0.211000 160.830002
3498.625000 288.144958 0.211000 160.934998
3500.250000 288.144958 0.211000 161.024994
3502.250000 288.364594 0.211000 161.125000
3503.000000 288.584320 0.211000 161.225006
3505.625000 288.794159 0.211000 161.320007
3507.625000 289.044037 0.211000 161.419998
3509.375000 289.263916 0.211000 161.524994
3511.250000 289.473724 0.211000 161.625000
3513.375000 289.683197 0.211000 161.725006
3515.250000 289.892731 0.197000 161.830002
3518.000000 290.102386 0.197000 161.929993
3519.250000 290.312134 0.197000 162.020004
3520.750000 290.521729 0.197000 162.125000
3522.500000 290.731079 0.197000 162.229996
3524.500000 290.731079 0.197000 162.324997
3526.125000 290.960510 0.197000 162.429993
3527.875000 291.180176 0.197000 162.524994
3529.250000 291.419952 0.197000 162.625000
3531.375000 291.639801 0.197000 162.729996
3533.000000 291.859650 0.189000 162.820007
3535.375000 292.069550 0.189000 162.929993
3537.250000 292.279480 0.189000 163.024994
3539.375000 292.489441 0.189000 163.115005
3541.000000 292.699432 0.189000 163.220001
3543.000000 292.909393 0.189000 163.324997
3545.500000 293.119324 0.189000 163.425003
3547.875000 293.329254 0.189000 163.529999
3550.625000 293.329254 0.189000 163.625000
3553.125000 293.559174 0.189000 163.729996
3554.500000 293.769135 0.177000 163.830002
3557.000000 293.979065 0.177000 163.925003
3559.625000 294.228912 0.177000 164.029999
3562.125000 294.438782 0.177000 164.125000
3563.625000 294.648712 0.177000 164.229996
3566.000000 294.858643 0.177000 164.320007
3569.125000 295.088593 0.177000 164.429993
3572.000000 295.298553 0.177000 164.524994
3574.625000 295.508514 0.177000 164.625000
3578.000000 295.718475 0.177000 164.729996
3583.125000 295.928436 0.191000 164.830002
3588.375000 295.928436 0.191000 164.929993
3593.125000 296.178375 0.191000 165.020004
3598.000000 296.388275 0.191000 165.130005
3603.375000 296.598206 0.191000 165.220001
3607.750000 296.838165 0.191000 165.324997
3612.125000 297.058136 0.191000 165.425003
3618.000000 297.268097 0.191000 165.520004
3625.125000 297.488037 0.191000 165.630005
3632.750000 297.697968 0.191000 165.725006
3637.250000 297.907837 0.224000 165.824997
3642.750000 298.117676 0.224000 165.925003
3646.250000 298.117676 0.224000 166.020004
3649.875000 298.356934 0.224000 166.115005
3654.000000 298.594940 0.224000 166.229996
3660.625000 298.812286 0.224000 166.324997
3665.000000 299.048615 0.224000 166.419998
3669.375000 299.255096 0.224000 166.524994
3670.500000 299.462006 0.224000 166.630005
3674.375000 299.670288 0.224000 166.725006
3677.375000 299.879608 0.224000 166.830002
3679.875000 300.089569 0.269000 166.929993
3682.000000 300.299561 0.269000 167.029999
3683.500000 300.299561 0.269000 167.125000
3685.000000 300.528595 0.269000 167.220001
3688.250000 300.736694 0.269000 167.324997
3691.750000 300.943970 0.269000 167.429993
3695.000000 301.150818 0.269000 167.529999
3696.750000 301.357025 0.269000 167.625000
3698.125000 301.582886 0.269000 167.720001
3698.500000 301.800232 0.269000 167.820007
3700.250000 302.008728 0.257000 167.925003
3702.000000 302.247650 0.257000 168.029999
3703.250000 302.456970 0.257000 168.130005
3703.375000 302.666565 0.257000 168.225006
3704.625000 302.876312 0.257000 168.330002
3704.875000 302.876312 0.257000 168.425003
3706.375000 303.086182 0.257000 168.524994
3706.750000 303.306061 0.257000 168.625000
3707.125000 303.515991 0.257000 168.725006
3709.125000 303.725891 0.257000 168.824997
3710.125000 303.935822 0.262000 168.919998
3711.000000 304.145782 0.262000 169.024994
3712.375000 304.355774 0.262000 169.125000
3712.625000 304.555786 0.262000 169.220001
3714.250000 304.765839 0.262000 169.324997
3714.875000 304.995911 0.262000 169.429993
3716.000000 305.205902 0.262000 169.524994
3716.625000 305.415833 0.262000 169.619995
3717.125000 305.625763 0.262000 169.720001
3717.625000 305.835724 0.262000 169.824997
3718.375000 306.045654 0.243000 169.919998
3719.250000 306.255310 0.243000 170.029999
3719.500000 306.464386 0.243000 170.125000
3720.125000 306.673645 0.243000 170.229996
3720.750000 306.673645 0.243000 170.324997
3722.000000 306.883148 0.243000 170.429993
3723.125000 307.102844 0.243000 170.529999
3724.250000 307.322632 0.243000 170.625000
3724.875000 307.532501 0.243000 170.725006
3725.625000 307.742371 0.243000 170.830002
3726.750000 307.981964 0.284000 170.929993
3727.375000 308.201569 0.284000 171.029999
3728.250000 308.411316 0.284000 171.125000
3728.750000 308.621155 0.284000 171.225006
3729.250000 308.831024 0.284000 171.330002
3730.375000 309.040955 0.284000 171.414993
3731.250000 309.250916 0.284000 171.524994
3731.750000 309.460815 0.284000 171.619995
3732.750000 309.670685 0.284000 171.729996
3733.250000 309.880524 0.284000 171.830002
3734.000000 309.880524 0.270000 171.925003
3734.750000 310.110352 0.270000 172.024994
3736.000000 310.320221 0.270000 172.125000
3736.625000 310.530121 0.270000 172.225006
3737.500000 310.740051 0.270000 172.324997
3738.750000 310.949982 0.270000 172.425003
3739.625000 311.169861 0.270000 172.529999
3740.375000 311.399750 0.270000 172.625000
3741.500000 311.609650 0.270000 172.725006
3742.500000 311.819611 0.270000 172.824997
3743.250000 312.029541 0.248000 172.925003
3744.000000 312.239502 0.248000 173.024994
3745.250000 312.449463 0.248000 173.125000
3746.625000 312.659424 0.248000 173.229996
3748.000000 312.659424 0.248000 173.315002
3749.375000 312.869354 0.248000 173.425003
3751.375000 313.109222 0.248000 173.514999
3753.125000 313.359161 0.248000 173.619995
3755.250000 313.579132 0.248000 173.720001
3756.875000 313.789093 0.204000 173.830002
3759.250000 313.999054 0.204000 173.910004
3760.500000 314.228943 0.204000 174.029999
3761.125000 314.438873 0.204000 174.130005
3762.625000 314.648773 0.204000 174.225006
3765.250000 314.858673 0.204000 174.324997
3768.125000 315.068634 0.204000 174.429993
3770.750000 315.068634 0.204000 174.514999
3773.125000 315.278595 0.204000 174.625000
3775.000000 315.518555 0.204000 174.720001
3778.000000 315.728516 0.204000 174.824997
3781.000000 315.938477 0.265000 174.929993
3783.875000 316.148376 0.265000 175.020004
3787.250000 316.358307 0.265000 175.119995
3789.875000 316.568237 0.265000 175.225006
3793.000000 316.798126 0.265000 175.324997
3794.250000 317.008026 0.265000 175.425003
3795.750000 317.217926 0.265000 175.529999
3796.875000 317.427795 0.265000 175.625000
3797.875000 317.637299 0.265000 175.725006
3799.000000 317.846313 0.265000 175.830002
3801.250000 318.055237 0.284000 175.929993
3802.500000 318.264313 0.284000 176.029999
3803.875000 318.264313 0.284000 176.125000
3804.375000 318.503723 0.284000 176.225006
3805.875000 318.713470 0.284000 176.324997
3806.500000 318.923370 0.284000 176.429993
3807.125000 319.133331 0.284000 176.524994
3808.125000 319.333344 0.284000 176.625000
3809.500000 319.533386 0.284000 176.720001
3811.125000 319.743103 0.284000 176.824997
3812.125000 319.982574 0.238000 176.925003
3813.125000 320.202209 0.238000 177.024994
3815.000000 320.422028 0.238000 177.130005
3816.375000 320.631989 0.238000 177.214996
3817.625000 320.832001 0.238000 177.324997
3819.625000 321.032043 0.238000 177.425003
3820.750000 321.241669 0.238000 177.535004
3822.750000 321.450439 0.238000 177.619995
3824.125000 321.658447 0.238000 177.729996
3824.875000 321.658447 0.238000 177.820007
3826.375000 321.876251 0.242000 177.919998
3827.125000 322.084869 0.242000 178.029999
3828.375000 322.303558 0.242000 178.130005
3830.500000 322.512634 0.242000 178.220001
3831.125000 322.722046 0.242000 178.330002
3832.500000 322.931641 0.242000 178.419998
3834.250000 323.171417 0.242000 178.524994
3835.375000 323.381348 0.242000 178.630005
3836.500000 323.601349 0.242000 178.725006
3837.375000 323.811340 0.231000 178.824997
3839.500000 324.011353 0.231000 178.925003
3841.625000 324.211365 0.231000 179.024994
3842.375000 324.421326 0.231000 179.125000
3844.375000 324.631287 0.231000 179.225006
3846.375000 324.831299 0.231000 179.324997
3848.125000 325.031403 0.231000 179.425003
3850.250000 325.231506 0.231000 179.529999
3851.500000 325.431580 0.231000 179.630005
3853.250000 325.641418 0.231000 179.725006
3854.750000 325.641418 0.231000 179.820007
3856.000000 326.060120 0.231000 179.929993
3857.250000 326.060120 0.231000 180.024994
3859.375000 326.309784 0.231000 180.130005
3860.875000 326.519684 0.231000 180.220001
3863.000000 326.729645 0.231000 180.330002
3864.875000 326.939606 0.231000 180.425003
3865.500000 327.159607 0.231000 180.529999
3868.250000 327.399628 0.231000 180.625000
3870.250000 327.599640 0.231000 180.720001
3872.375000 327.809601 0.238000 180.824997
3875.625000 328.019287 0.238000 180.929993
3878.125000 328.228851 0.238000 181.020004
3881.500000 328.438507 0.238000 181.125000
3884.750000 328.438507 0.238000 181.220001
3887.250000 328.678223 0.238000 181.320007
3891.375000 328.888000 0.238000 181.419998
3894.625000 329.097839 0.238000 181.529999
3897.875000 329.307709 0.238000 181.625000
3901.625000 329.517273 0.238000 181.714996
3907.000000 329.756836 0.238000 181.830002
3910.750000 329.976593 0.243000 181.925003
3914.500000 330.186462 0.243000 182.029999
3917.125000 330.396362 0.243000 182.119995
3921.750000 330.616333 0.243000 182.229996
3924.500000 330.816406 0.243000 182.324997
3928.500000 331.016479 0.243000 182.425003
3930.750000 331.216492 0.243000 182.535004
3933.625000 331.426453 0.243000 182.630005
3937.125000 331.636383 0.243000 182.725006
3939.625000 331.846313 0.243000 182.824997
3943.000000 332.056030 0.287000 182.929993
3946.125000 332.056030 0.287000 183.014999
3948.875000 332.265137 0.287000 183.125000
3952.125000 332.493164 0.287000 183.225006
3956.125000 332.701233 0.287000 183.324997
3959.250000 332.949493 0.287000 183.429993
3962.500000 333.188293 0.287000 183.520004
3967.375000 333.397430 0.287000 183.619995
3971.000000 333.607147 0.287000 183.729996
3975.375000 333.807312 0.287000 183.820007
3978.250000 334.007751 0.334000 183.929993
3981.250000 334.208282 0.334000 184.029999
3984.750000 334.408539 0.334000 184.125000
3987.375000 334.618378 0.334000 184.220001
3989.500000 334.827698 0.334000 184.324997
3991.125000 335.036407 0.334000 184.425003
3992.625000 335.036407 0.334000 184.524994
3994.875000 335.264343 0.334000 184.630005
3997.625000 335.481750 0.334000 184.725006
3999.375000 335.688843 0.334000 184.820007
4002.375000 335.934967 0.371000 184.919998
4004.500000 336.141632 0.371000 185.024994
4007.125000 336.348419 0.371000 185.125000
4009.500000 336.575104 0.371000 185.229996
4012.000000 336.782532 0.371000 185.320007
4015.875000 336.990723 0.371000 185.425003
4021.375000 337.199463 0.371000 185.529999
4025.750000 337.199463 0.371000 185.619995
4030.375000 337.408752 0.371000 185.720001
4033.125000 337.618225 0.371000 185.830002
4035.750000 337.827972 0.307000 185.925003
4038.125000 338.037903 0.307000 186.029999
4039.000000 338.257935 0.307000 186.130005
4039.750000 338.457977 0.307000 186.225006
4041.500000 338.658051 0.307000 186.324997
4043.125000 338.858154 0.307000 186.425003
4044.875000 339.058319 0.307000 186.529999
4045.000000 339.258514 0.307000 186.625000
4046.500000 339.458710 0.307000 186.725006
4048.000000 339.678925 0.307000 186.830002
4048.250000 339.879059 0.273000 186.919998
4049.375000 340.079163 0.273000 187.029999
4050.250000 340.279266 0.273000 187.119995
4050.875000 340.479370 0.273000 187.220001
4051.875000 340.679474 0.273000 187.324997
4052.125000 340.879578 0.273000 187.425003
4053.250000 341.089355 0.273000 187.529999
4054.250000 341.298981 0.273000 187.630005
4054.500000 341.528625 0.273000 187.725006
4055.250000 341.738373 0.273000 187.830002
4055.750000 341.948090 0.285000 187.929993
4056.125000 342.157837 0.285000 188.029999
4056.875000 342.367645 0.285000 188.130005
4058.000000 342.577515 0.285000 188.235001
4058.500000 342.787445 0.285000 188.330002
4059.000000 342.997345 0.285000 188.429993
4059.250000 343.207245 0.285000 188.524994
4059.875000 343.207245 0.285000 188.619995
4060.125000 343.437164 0.285000 188.725006
4060.625000 343.657104 0.285000 188.820007
4061.000000 343.907074 0.314000 188.929993
4061.750000 344.137024 0.314000 189.024994
4061.875000 344.346985 0.314000 189.130005
4062.375000 344.556976 0.314000 189.225006
4063.000000 344.766968 0.314000 189.324997
4063.125000 344.976929 0.314000 189.425003
4063.500000 345.186890 0.314000 189.524994
4063.750000 345.396881 0.314000 189.630005
4064.375000 345.606842 0.314000 189.725006
4064.500000 345.606842 0.314000 189.824997
4064.625000 345.836670 0.281000 189.925003
4064.750000 346.046478 0.281000 190.029999
4065.125000 346.255981 0.281000 190.125000
4065.750000 346.465332 0.281000 190.225006
4066.000000 346.674896 0.281000 190.330002
4066.250000 346.884613 0.281000 190.429993
4066.750000 347.114349 0.281000 190.524994
4067.000000 347.323914 0.281000 190.625000
4067.375000 347.533600 0.281000 190.729996
4067.750000 347.743408 0.281000 190.830002
4068.375000 347.953308 0.260000 190.925003
4068.625000 348.163269 0.260000 191.020004
4068.875000 348.373230 0.260000 191.125000
4069.375000 348.583221 0.260000 191.229996
4070.625000 348.783234 0.260000 191.330002
4071.125000 348.983276 0.260000 191.429993
4071.500000 349.183319 0.260000 191.524994
4072.250000 349.393311 0.260000 191.619995
4073.125000 349.603271 0.260000 191.729996
4073.875000 349.603271 0.207000 191.820007
4074.750000 350.003296 0.207000 191.925003
4075.250000 350.003296 0.207000 192.020004
4076.625000 350.243286 0.207000 192.125000
4077.000000 350.453217 0.207000 192.225006
4077.625000 350.663177 0.207000 192.335007
4078.875000 350.873169 0.207000 192.425003
4079.625000 351.073181 0.207000 192.529999
4081.125000 351.283142 0.207000 192.625000
4082.250000 351.493134 0.207000 192.729996
4084.000000 351.693146 0.212000 192.820007
4085.750000 351.953033 0.212000 192.919998
4086.625000 352.168884 0.212000 193.029999
4088.125000 352.375641 0.212000 193.125000
4090.125000 352.375641 0.212000 193.214996
4091.375000 352.590271 0.212000 193.330002
4092.750000 352.810608 0.212000 193.414993
4094.000000 352.810608 0.212000 193.520004
4095.500000 353.026489 0.212000 193.630005
4097.125000 353.256073 0.212000 193.720001
4098.375000 353.462250 0.212000 193.824997
4100.125000 353.462250 0.212000 193.919998
4101.750000 353.668091 0.212000 194.029999
4103.500000 353.870636 0.212000 194.134995
4104.750000 354.077057 0.212000 194.225006
4106.625000 354.280121 0.212000 194.330002
4108.750000 354.480865 0.212000 194.429993
4111.000000 354.685120 0.212000 194.535004
4113.375000 354.685120 0.212000 194.619995
4115.750000 354.891174 0.212000 194.725006
4118.625000 355.098816 0.212000 194.835007
4121.750000 355.327332 0.253000 194.940002
4124.000000 355.536530 0.253000 195.029999
4128.375000 355.746033 0.253000 195.130005
4134.000000 355.955750 0.253000 195.235001
4138.125000 356.165558 0.253000 195.324997
4142.000000 356.375336 0.253000 195.425003
4146.125000 356.585175 0.253000 195.524994
4149.250000 356.794983 0.253000 195.625000
4156.125000 357.004791 0.253000 195.720001
4160.875000 357.214600 0.253000 195.824997
4167.250000 357.424347 0.286000 195.919998
4173.750000 357.626984 0.286000 196.024994
4181.375000 357.828156 0.286000 196.125000
4185.500000 357.828156 0.286000 196.225006
4191.375000 358.036499 0.286000 196.324997
4195.125000 358.243683 0.286000 196.425003
4199.625000 358.446350 0.286000 196.529999
4205.750000 358.446350 0.286000 196.625000
4209.250000 358.647095 0.286000 196.725006
4213.875000 358.847260 0.286000 196.824997
4215.875000 359.049255 0.334000 196.929993
4218.625000 359.049255 0.334000 197.020004
4220.250000 359.253540 0.334000 197.130005
4222.250000 359.459778 0.334000 197.229996
4224.375000 359.459778 0.334000 197.324997
4226.625000 359.672913 0.334000 197.429993
4227.750000 359.901245 0.334000 197.524994
4229.375000 360.105804 0.334000 197.625000
4231.375000 360.105804 0.334000 197.725006
4232.750000 360.310150 0.334000 197.824997
4234.750000 360.514832 0.343000 197.929993
4236.375000 360.719086 0.343000 198.029999
4238.625000 360.719086 0.343000 198.130005
4240.375000 360.939331 0.343000 198.220001
4242.125000 360.939331 0.343000 198.330002
4244.750000 360.939331 0.343000 198.425003
4246.250000 361.148376 0.343000 198.520004
4248.000000 361.148376 0.343000 198.630005
4249.125000 361.148376 0.343000 198.720001
4249.750000 361.148376 0.343000 198.830002
4252.000000 361.148376 0.343000 198.919998
4252.500000 361.148376 0.398000 199.029999
4253.375000 361.349945 0.398000 199.125000
4254.000000 361.349945 0.398000 199.229996
4254.875000 361.349945 0.398000 199.320007
4255.125000 361.349945 0.398000 199.425003
4255.375000 361.349945 0.398000 199.524994
4255.500000 361.349945 0.398000 199.625000
4256.500000 361.349945 0.398000 199.729996
4256.500000 361.349945 0.398000 199.820007
4256.625000 361.349945 0.378000 199.929993
4256.750000 361.349945 0.378000 200.020004
4257.375000 361.349945 0.378000 200.125000
4258.250000 361.349945 0.378000 200.220001
4258.875000 361.349945 0.378000 200.320007
4259.250000 361.554321 0.378000 200.425003
4259.875000 361.554321 0.378000 200.520004
4260.250000 361.755402 0.378000 200.625000
4261.125000 361.976654 0.378000 200.720001
4262.250000 362.177002 0.378000 200.830002
4263.125000 362.177002 0.342000 200.929993
4263.500000 362.379578 0.342000 201.029999
4263.875000 362.583710 0.342000 201.125000
4266.000000 362.788330 0.342000 201.220001
4267.000000 362.992645 0.342000 201.330002
4268.250000 362.992645 0.342000 201.425003
4269.750000 363.203003 0.342000 201.529999
4270.750000 363.439301 0.342000 201.630005
4273.500000 363.439301 0.342000 201.725006
4276.125000 363.660919 0.342000 201.820007
4278.500000 363.660919 0.334000 201.929993
4281.875000 363.863373 0.334000 202.029999
4282.500000 363.863373 0.334000 202.125000
4284.125000 363.863373 0.334000 202.220001
4285.000000 363.863373 0.334000 202.330002
4285.125000 363.863373 0.334000 202.419998
4285.750000 363.863373 0.334000 202.520004
4286.500000 364.063446 0.334000 202.630005
4287.125000 364.063446 0.334000 202.720001
4287.875000 364.063446 0.334000 202.824997
4288.125000 364.063446 0.334000 202.929993
4288.875000 364.063446 0.441000 203.020004
4289.750000 364.063446 0.441000 203.125000
4289.750000 364.063446 0.441000 203.225006
4289.750000 364.063446 0.441000 203.330002
4290.500000 364.063446 0.441000 203.425003
4290.750000 364.063446 0.441000 203.529999
4291.000000 364.063446 0.441000 203.625000
4291.000000 364.063446 0.441000 203.729996
4291.750000 364.063446 0.441000 203.830002
4291.875000 364.063446 0.334000 203.925003
4291.875000 364.063446 0.334000 204.024994
4291.875000 364.063446 0.334000 204.119995
4292.625000 364.063446 0.334000 204.229996
4292.625000 364.063446 0.334000 204.320007
4292.750000 364.063446 0.334000 204.429993
4293.000000 364.063446 0.334000 204.524994
4294.125000 364.063446 0.334000 204.625000
4294.125000 364.063446 0.334000 204.729996
4294.125000 364.063446 0.334000 204.824997
4294.125000 364.063446 0.318000 204.929993
4294.750000 364.063446 0.318000 205.024994
4295.125000 364.063446 0.318000 205.125000
4295.250000 364.063446 0.318000 205.225006
4295.375000 364.063446 0.318000 205.330002
4296.125000 364.063446 0.318000 205.419998
4296.125000 364.063446 0.318000 205.524994
4296.250000 364.063446 0.318000 205.619995
4296.250000 364.063446 0.318000 205.729996
4297.000000 364.063446 0.318000 205.830002
4297.375000 364.063446 0.320000 205.925003
4297.625000 364.063446 0.320000 206.024994
4297.625000 364.063446 0.320000 206.125000
4298.500000 364.063446 0.320000 206.225006
4298.750000 364.063446 0.320000 206.330002
4298.875000 364.063446 0.320000 206.425003
4298.875000 364.063446 0.320000 206.529999
4299.625000 364.063446 0.320000 206.625000
4299.625000 364.063446 0.320000 206.729996
4299.875000 364.063446 0.320000 206.830002
4299.875000 364.063446 0.320000 206.919998
4300.750000 364.063446 0.320000 207.020004
4300.750000 364.063446 0.320000 207.125000
4300.875000 364.063446 0.320000 207.229996
4300.875000 364.063446 0.320000 207.324997
4301.500000 364.063446 0.320000 207.429993
4301.500000 364.063446 0.320000 207.524994
4301.750000 364.063446 0.320000 207.630005
4301.750000 364.063446 0.320000 207.725006
4302.375000 364.063446 0.320000 207.824997
4302.500000 364.063446 0.317000 207.925003
4302.625000 364.063446 0.317000 208.024994
4302.750000 364.063446 0.317000 208.130005
4302.750000 364.063446 0.317000 208.220001
4302.750000 364.063446 0.317000 208.330002
4302.750000 364.063446 0.317000 208.419998
4302.875000 364.063446 0.317000 208.524994
4303.125000 364.063446 0.317000 208.625000
4303.250000 364.063446 0.317000 208.720001
4303.250000 364.063446 0.317000 208.830002
4303.250000 364.063446 0.356000 208.925003
4303.500000 364.063446 0.356000 209.029999
4303.500000 364.063446 0.356000 209.125000
4304.000000 364.063446 0.356000 209.229996
4304.000000 364.063446 0.356000 209.335007
4304.250000 364.063446 0.356000 209.414993
4304.250000 364.063446 0.356000 209.529999
4304.250000 364.063446 0.356000 209.625000
4304.250000 364.063446 0.356000 209.729996
4304.375000 364.063446 0.356000 209.820007
4304.750000 364.063446 0.307000 209.919998
4304.875000 364.063446 0.307000 210.024994
4304.875000 364.063446 0.307000 210.130005
4304.875000 364.063446 0.307000 210.225006
4304.875000 364.063446 0.307000 210.330002
4304.875000 364.063446 0.307000 210.419998
4304.875000 364.063446 0.307000 210.529999
4304.875000 364.063446 0.307000 210.619995
4304.875000 364.063446 0.307000 210.735001
4305.125000 364.063446 0.307000 210.830002
4305.375000 364.063446 0.312000 210.929993
4305.375000 364.063446 0.312000 211.024994
4305.375000 364.063446 0.312000 211.130005
4305.375000 364.063446 0.312000 211.225006
4305.500000 364.063446 0.312000 211.324997
4305.500000 364.063446 0.312000 211.414993
4305.500000 364.063446 0.312000 211.520004
4305.500000 364.063446 0.312000 211.625000
4305.500000 364.063446 0.312000 211.725006
4305.875000 364.063446 0.312000 211.820007
4305.875000 364.063446 0.302000 211.929993
4306.000000 364.063446 0.302000 212.014999
4306.000000 364.063446 0.302000 212.125000
4306.000000 364.063446 0.302000 212.220001
4306.000000 364.063446 0.302000 212.324997
4306.000000 364.063446 0.302000 212.414993
4306.000000 364.063446 0.302000 212.529999
4306.000000 364.063446 0.302000 212.619995
4306.000000 364.063446 0.302000 212.729996
4306.125000 364.063446 0.302000 212.830002
4306.125000 364.063446 0.314000 212.929993
4306.375000 364.063446 0.314000 213.020004
4306.500000 364.063446 0.314000 213.125000
4306.500000 364.063446 0.314000 213.225006
4306.500000 364.063446 0.314000 213.330002
4306.500000 364.063446 0.314000 213.425003
4306.500000 364.063446 0.314000 213.529999
4306.500000 364.063446 0.314000 213.619995
4306.500000 364.063446 0.314000 213.725006
4306.500000 364.063446 0.314000 213.830002
4306.500000 364.063446 0.304000 213.925003
4306.875000 364.063446 0.304000 214.029999
4306.875000 364.063446 0.304000 214.130005
4307.000000 364.063446 0.304000 214.225006
4307.000000 364.063446 0.304000 214.324997
4307.000000 364.063446 0.304000 214.419998
4307.000000 364.063446 0.304000 214.529999
4307.000000 364.063446 0.304000 214.630005
4307.000000 364.063446 0.304000 214.725006
4307.000000 364.063446 0.304000 214.824997
4307.000000 364.063446 0.306000 214.929993
4307.000000 364.063446 0.306000 215.029999
4307.000000 364.063446 0.306000 215.125000
4307.375000 364.063446 0.306000 215.229996
4307.375000 364.063446 0.306000 215.330002
4307.375000 364.063446 0.306000 215.429993
4307.375000 364.063446 0.306000 215.524994
4307.375000 364.063446 0.306000 215.625000
4307.375000 364.063446 0.306000 215.729996
4307.375000 364.063446 0.306000 215.820007
4307.375000 364.063446 0.320000 215.929993
4307.375000 364.063446 0.320000 216.029999
4307.375000 364.063446 0.320000 216.130005
4307.375000 364.063446 0.320000 216.225006
4307.375000 364.063446 0.320000 216.330002
4307.625000 364.063446 0.320000 216.425003
4307.625000 364.063446 0.320000 216.529999
4307.750000 364.063446 0.320000 216.630005
4307.750000 364.063446 0.320000 216.725006
4307.750000 364.063446 0.320000 216.830002
4307.750000 364.063446 0.315000 216.925003
4307.750000 364.063446 0.315000 217.020004
4307.750000 364.063446 0.315000 217.134995
4307.750000 364.063446 0.315000 217.225006
4307.750000 364.063446 0.315000 217.330002
4307.750000 364.063446 0.315000 217.425003
4307.750000 364.063446 0.315000 217.529999
4307.750000 364.063446 0.315000 217.619995
4307.750000 364.063446 0.315000 217.720001
4308.125000 364.063446 0.315000 217.824997
4308.125000 364.063446 0.302000 217.925003
4308.125000 364.063446 0.302000 218.020004
4308.125000 364.063446 0.302000 218.125000
4308.125000 364.063446 0.302000 218.229996
4308.125000 364.063446 0.302000 218.324997
4308.125000 364.063446 0.302000 218.414993
4308.125000 364.063446 0.302000 218.524994
4308.125000 364.063446 0.302000 218.634995
4308.125000 364.063446 0.302000 218.720001
4308.125000 364.063446 0.302000 218.824997
4308.125000 364.063446 0.331000 218.929993
4308.125000 364.063446 0.331000 219.020004
4308.125000 364.063446 0.331000 219.130005
4308.125000 364.063446 0.331000 219.225006
4308.250000 364.063446 0.331000 219.324997
4308.500000 364.063446 0.331000 219.429993
4308.500000 364.063446 0.331000 219.529999
4308.500000 364.063446 0.331000 219.630005
4308.500000 364.063446 0.331000 219.725006
4308.500000 364.063446 0.331000 219.824997
4308.500000 364.063446 0.301000 219.929993
4308.500000 364.063446 0.301000 220.029999
4308.500000 364.063446 0.301000 220.119995
4308.500000 364.063446 0.301000 220.229996
4308.500000 364.063446 0.301000 220.324997
4308.500000 364.063446 0.301000 220.414993
4308.500000 364.063446 0.301000 220.529999
4308.500000 364.063446 0.301000 220.625000
4308.500000 364.063446 0.301000 220.720001
4308.500000 364.063446 0.301000 220.830002
4308.500000 364.063446 0.297000 220.925003
4308.500000 364.063446 0.297000 221.035004
4308.500000 364.063446 0.297000 221.125000
4308.875000 364.063446 0.297000 221.220001
4308.875000 364.063446 0.297000 221.330002
4309.000000 364.063446 0.297000 221.419998
4309.000000 364.063446 0.297000 221.529999
4309.000000 364.063446 0.297000 221.615005
4309.000000 364.063446 0.297000 221.725006
4309.125000 364.063446 0.297000 221.820007
4309.250000 364.063446 0.290000 221.925003
4309.250000 364.063446 0.290000 222.029999
4309.250000 364.063446 0.290000 222.125000
4309.250000 364.063446 0.290000 222.214996
4309.250000 364.063446 0.290000 222.330002
4309.250000 364.063446 0.290000 222.429993
4309.250000 364.063446 0.290000 222.524994
4309.250000 364.063446 0.290000 222.630005
4309.250000 364.063446 0.290000 222.729996
4309.250000 364.063446 0.290000 222.820007
4309.250000 364.063446 0.338000 222.925003
4309.500000 364.063446 0.338000 223.024994
4309.500000 364.063446 0.338000 223.125000
4309.875000 364.063446 0.338000 223.225006
4309.875000 364.063446 0.338000 223.324997
4309.875000 364.063446 0.338000 223.429993
4310.125000 364.063446 0.338000 223.520004
4310.250000 364.063446 0.338000 223.619995
4310.250000 364.063446 0.338000 223.720001
4310.250000 364.063446 0.338000 223.820007
4310.375000 364.063446 0.312000 223.919998
4310.375000 364.063446 0.312000 224.024994
4310.375000 364.063446 0.312000 224.125000
4310.500000 364.063446 0.312000 224.225006
4310.875000 364.063446 0.312000 224.330002
4310.875000 364.063446 0.312000 224.419998
4310.875000 364.063446 0.312000 224.524994
4310.875000 364.063446 0.312000 224.625000
4310.875000 364.063446 0.312000 224.725006
4311.000000 364.063446 0.312000 224.820007
4311.250000 364.063446 0.314000 224.929993
4311.375000 364.063446 0.314000 225.029999
4311.375000 364.063446 0.314000 225.125000
4311.500000 364.063446 0.314000 225.225006
4312.000000 364.063446 0.314000 225.330002
4312.250000 364.063446 0.314000 225.425003
4312.250000 364.063446 0.314000 225.529999
4312.250000 364.063446 0.314000 225.619995
4312.750000 364.063446 0.314000 225.725006
4312.750000 364.063446 0.314000 225.824997
4312.750000 364.063446 0.303000 225.925003
4312.750000 364.063446 0.303000 226.024994
4312.875000 364.063446 0.303000 226.125000
4313.375000 364.063446 0.303000 226.225006
4313.375000 364.063446 0.303000 226.315002
4313.375000 364.063446 0.303000 226.425003
4313.500000 364.063446 0.303000 226.524994
4313.750000 364.063446 0.303000 226.630005
4313.750000 364.063446 0.303000 226.725006
4313.750000 364.063446 0.303000 226.824997
4313.750000 364.063446 0.293000 226.929993
4313.750000 364.063446 0.293000 227.024994
4314.000000 364.063446 0.293000 227.125000
4314.250000 364.063446 0.293000 227.229996
4314.250000 364.063446 0.293000 227.330002
4314.500000 364.063446 0.293000 227.425003
4314.500000 364.063446 0.293000 227.524994
4314.625000 364.063446 0.293000 227.619995
4314.625000 364.063446 0.293000 227.725006
4315.000000 364.063446 0.293000 227.820007
4315.000000 364.063446 0.316000 227.929993
4315.375000 364.063446 0.316000 228.024994
4315.375000 364.063446 0.316000 228.130005
4315.375000 364.063446 0.316000 228.229996
4315.375000 364.063446 0.316000 228.324997
4315.625000 364.063446 0.316000 228.425003
4315.625000 364.063446 0.316000 228.524994
4315.875000 364.063446 0.316000 228.625000
4316.125000 364.063446 0.316000 228.725006
4316.125000 364.063446 0.316000 228.815002
4316.125000 364.063446 0.298000 228.929993
4316.625000 364.063446 0.298000 229.024994
4317.125000 364.063446 0.298000 229.130005
4317.375000 364.063446 0.298000 229.229996
4317.375000 364.063446 0.298000 229.330002
4317.500000 364.063446 0.298000 229.425003
4317.500000 364.063446 0.298000 229.520004
4317.875000 364.063446 0.298000 229.625000
4318.500000 364.063446 0.298000 229.720001
4318.750000 364.063446 0.298000 229.824997
4318.875000 364.063446 0.249000 229.925003
4319.000000 364.063446 0.249000 230.029999
4319.625000 364.063446 0.249000 230.119995
4319.750000 364.063446 0.249000 230.229996
4319.750000 364.063446 0.249000 230.324997
4319.875000 364.063446 0.249000 230.425003
4320.375000 364.063446 0.249000 230.524994
4320.875000 364.063446 0.249000 230.630005
4320.875000 364.063446 0.249000 230.725006
4320.875000 364.063446 0.249000 230.830002
4320.875000 364.063446 0.242000 230.919998
4321.625000 364.063446 0.242000 231.024994
4321.625000 364.063446 0.242000 231.130005
4321.625000 364.063446 0.242000 231.229996
4321.625000 364.063446 0.242000 231.330002
4322.250000 364.063446 0.242000 231.425003
4322.250000 364.063446 0.242000 231.529999
4322.375000 364.063446 0.242000 231.619995
4322.875000 364.063446 0.242000 231.729996
4323.125000 364.063446 0.247000 231.824997
4323.125000 364.063446 0.247000 231.925003
4323.125000 364.063446 0.247000 232.024994
4323.250000 364.063446 0.247000 232.130005
4323.875000 364.063446 0.247000 232.225006
4323.875000 364.063446 0.247000 232.330002
4323.875000 364.063446 0.247000 232.429993
4323.875000 364.063446 0.247000 232.524994
4324.500000 364.063446 0.247000 232.630005
4324.500000 364.063446 0.247000 232.720001
4324.500000 364.063446 0.247000 232.824997
4324.500000 364.063446 0.247000 232.925003
4325.250000 364.063446 0.247000 233.024994
4325.250000 364.063446 0.247000 233.125000
4325.250000 364.063446 0.247000 233.229996
4325.375000 364.063446 0.247000 233.324997
4326.000000 364.063446 0.247000 233.425003
4326.000000 364.063446 0.247000 233.535004
4326.000000 364.063446 0.247000 233.630005
4326.000000 364.063446 0.247000 233.720001
4326.750000 364.063446 0.238000 233.824997
4326.750000 364.063446 0.238000 233.919998
4326.750000 364.063446 0.238000 234.020004
4326.750000 364.063446 0.238000 234.125000
4327.375000 364.063446 0.238000 234.229996
4327.375000 364.063446 0.238000 234.324997
4327.375000 364.063446 0.238000 234.425003
4327.375000 364.063446 0.238000 234.524994
4328.000000 364.063446 0.238000 234.630005
4328.250000 364.063446 0.238000 234.725006
4328.250000 364.063446 0.238000 234.820007
4328.250000 364.063446 0.239000 234.925003
4328.750000 364.063446 0.239000 235.024994
4328.750000 364.063446 0.239000 235.125000
4329.125000 364.063446 0.239000 235.225006
4329.125000 364.063446 0.239000 235.324997
4329.750000 364.063446 0.239000 235.425003
4330.250000 364.063446 0.239000 235.524994
4330.250000 364.063446 0.239000 235.625000
4330.250000 364.063446 0.239000 235.720001
4330.625000 364.063446 0.239000 235.830002
4331.000000 364.063446 0.244000 235.925003
4331.125000 364.063446 0.244000 236.024994
4331.125000 364.063446 0.244000 236.119995
4331.625000 364.063446 0.244000 236.225006
4331.625000 364.063446 0.244000 236.330002
4332.000000 364.063446 0.244000 236.429993
4332.000000 364.063446 0.244000 236.529999
4332.375000 364.063446 0.244000 236.625000
4332.750000 364.063446 0.244000 236.725006
4332.750000 364.063446 0.244000 236.824997
4332.875000 364.063446 0.244000 236.925003
4333.375000 364.063446 0.244000 237.024994
4333.375000 364.063446 0.244000 237.125000
4333.625000 364.063446 0.244000 237.225006
4333.625000 364.063446 0.244000 237.330002
4334.125000 364.063446 0.244000 237.419998
4334.500000 364.063446 0.244000 237.524994
4334.625000 364.063446 0.244000 237.625000
4334.625000 364.063446 0.244000 237.720001
4335.000000 364.063446 0.244000 237.830002
4335.500000 364.063446 0.262000 237.925003
4335.500000 364.063446 0.262000 238.029999
4335.500000 364.063446 0.262000 238.125000
4335.875000 364.063446 0.262000 238.229996
4336.250000 364.063446 0.262000 238.330002
4336.375000 364.063446 0.262000 238.429993
4336.500000 364.063446 0.262000 238.524994
4336.750000 364.063446 0.262000 238.619995
4337.250000 364.063446 0.262000 238.729996
4337.500000 364.063446 0.262000 238.824997
4337.500000 364.063446 0.283000 238.929993
4337.500000 364.063446 0.283000 239.020004
4337.500000 364.063446 0.283000 239.125000
4338.125000 364.063446 0.283000 239.225006
4338.250000 364.063446 0.283000 239.324997
4338.625000 364.063446 0.283000 239.434998
4339.250000 364.063446 0.283000 239.524994
4339.375000 364.063446 0.283000 239.625000
4339.500000 364.063446 0.283000 239.720001
4339.875000 364.063446 0.283000 239.824997
4339.875000 364.063446 0.236000 239.919998
4340.125000 364.063446 0.236000 240.024994
4340.125000 364.063446 0.236000 240.130005
4340.375000 364.063446 0.236000 240.229996
4340.750000 364.063446 0.236000 240.324997
4341.125000 364.063446 0.236000 240.419998
4341.250000 364.063446 0.236000 240.524994
4341.250000 364.063446 0.236000 240.619995
4341.250000 364.063446 0.236000 240.725006
4341.750000 364.063446 0.243000 240.824997
4341.750000 364.063446 0.243000 240.925003
4342.000000 364.063446 0.243000 241.029999
4342.125000 364.063446 0.243000 241.119995
4342.375000 364.063446 0.243000 241.225006
4342.375000 364.063446 0.243000 241.330002
4342.625000 364.063446 0.243000 241.429993
4342.625000 364.063446 0.243000 241.529999
4343.250000 364.063446 0.243000 241.615005
