66.750000 0.000000 0.084000 0.065000
95.125000 0.200226 0.084000 0.160000
109.500000 0.405143 0.084000 0.270000
121.250000 0.405143 0.084000 0.365000
134.500000 0.609576 0.084000 0.470000
143.750000 0.812157 0.084000 0.570000
153.500000 1.018429 0.084000 0.665000
163.375000 1.226543 0.084000 0.765000
172.500000 1.435588 0.084000 0.865000
181.125000 1.645081 0.084000 0.970000
188.875000 1.854807 0.084000 1.060000
195.375000 2.064657 0.084000 1.170000
202.500000 2.294509 0.101000 1.265000
209.500000 2.524399 0.101000 1.360000
217.875000 2.734335 0.101000 1.465000
227.000000 2.944248 0.101000 1.560000
236.625000 3.154145 0.101000 1.670000
246.125000 3.154145 0.101000 1.755000
256.000000 3.573949 0.101000 1.865000
267.125000 3.573949 0.101000 1.955000
282.500000 3.783841 0.101000 2.060000
298.125000 3.993747 0.101000 2.165000
310.625000 4.203681 0.174000 2.255000
323.625000 4.433656 0.174000 2.360000
336.750000 4.663604 0.174000 2.465000
348.500000 4.883548 0.174000 2.570000
358.375000 5.103537 0.174000 2.665000
368.000000 5.303550 0.174000 2.765000
377.750000 5.503578 0.174000 2.870000
386.500000 5.723618 0.174000 2.965000
395.000000 5.923623 0.174000 3.065000
401.250000 6.123628 0.174000 3.165000
408.625000 6.323632 0.221000 3.255000
416.375000 6.523637 0.221000 3.360000
423.750000 6.743627 0.221000 3.470000
433.125000 6.953409 0.221000 3.560000
440.750000 7.162489 0.221000 3.670000
446.375000 7.162489 0.221000 3.760000
454.875000 7.390642 0.221000 3.860000
461.000000 7.598948 0.221000 3.970000
468.875000 7.817816 0.221000 4.060000
476.125000 8.027251 0.221000 4.170000
482.875000 8.236991 0.182000 4.270000
489.750000 8.446916 0.182000 4.360000
495.125000 8.666958 0.182000 4.470000
499.625000 8.897095 0.182000 4.560000
505.375000 9.097290 0.182000 4.665000
510.250000 9.297520 0.182000 4.770000
513.500000 9.497683 0.182000 4.870000
517.250000 9.697793 0.182000 4.970000
521.250000 9.897834 0.182000 5.060000
525.500000 10.107734 0.182000 5.165000
528.750000 10.317544 0.180000 5.265000
531.875000 10.527247 0.180000 5.360000
536.000000 10.736912 0.180000 5.470000
539.375000 10.946354 0.180000 5.565000
543.000000 11.155735 0.180000 5.665000
545.500000 11.365111 0.180000 5.770000
550.000000 11.365111 0.180000 5.865000
553.375000 11.574389 0.180000 5.960000
555.750000 11.803612 0.180000 6.060000
559.125000 12.013153 0.180000 6.170000
562.875000 12.222878 0.179000 6.265000
566.000000 12.432401 0.179000 6.360000
569.375000 12.640378 0.179000 6.465000
572.250000 12.841292 0.179000 6.570000
577.125000 12.841292 0.179000 6.665000
580.000000 13.044691 0.179000 6.765000
582.125000 13.044691 0.179000 6.860000
586.250000 13.044691 0.179000 6.965000
588.625000 13.044691 0.179000 7.070000
591.000000 13.248993 0.179000 7.165000
593.500000 13.248993 0.156000 7.270000
595.500000 13.248993 0.156000 7.365000
597.125000 13.248993 0.156000 7.465000
599.875000 13.248993 0.156000 7.565000
602.125000 13.248993 0.156000 7.670000
604.000000 13.248993 0.156000 7.765000
606.375000 13.248993 0.156000 7.865000
609.125000 13.248993 0.156000 7.965000
611.000000 13.248993 0.156000 8.070000
612.250000 13.248993 0.156000 8.165000
613.750000 13.248993 0.166000 8.260000
614.875000 13.248993 0.166000 8.365000
617.125000 13.248993 0.166000 8.470000
618.875000 13.248993 0.166000 8.565000
620.625000 13.248993 0.166000 8.665000
622.125000 13.248993 0.166000 8.770000
623.875000 13.248993 0.166000 8.865000
625.875000 13.248993 0.166000 8.960000
627.750000 13.248993 0.166000 9.070000
628.875000 13.248993 0.166000 9.165000
630.500000 13.248993 0.149000 9.265000
632.250000 13.453181 0.149000 9.365000
633.875000 13.656151 0.149000 9.470000
635.250000 13.865039 0.149000 9.570000
637.250000 14.074413 0.149000 9.670000
638.625000 14.074413 0.149000 9.765000
640.000000 14.298747 0.149000 9.865000
642.000000 14.506452 0.149000 9.965000
643.625000 14.714594 0.149000 10.060000
644.500000 14.923016 0.149000 10.170000
645.500000 15.132100 0.165000 10.265000
648.000000 15.371616 0.165000 10.365000
649.375000 15.601480 0.165000 10.460000
651.000000 15.821541 0.165000 10.570000
651.750000 16.021687 0.165000 10.665000
653.875000 16.221861 0.165000 10.770000
655.125000 16.422007 0.165000 10.870000
656.250000 16.622147 0.165000 10.965000
657.500000 16.822315 0.165000 11.070000
659.000000 17.022522 0.165000 11.160000
660.750000 17.222771 0.168000 11.270000
661.125000 17.423046 0.168000 11.365000
663.750000 17.623053 0.168000 11.470000
667.125000 17.832405 0.168000 11.570000
671.000000 18.041054 0.168000 11.665000
675.375000 18.249107 0.168000 11.770000
678.125000 18.456688 0.168000 11.870000
681.750000 18.456688 0.168000 11.960000
685.125000 18.663885 0.168000 12.065000
687.250000 18.870888 0.168000 12.170000
692.750000 19.077961 0.168000 12.265000
695.750000 19.285973 0.200000 12.360000
698.375000 19.495373 0.200000 12.470000
701.375000 19.695629 0.200000 12.560000
704.875000 19.896040 0.200000 12.665000
707.375000 20.096512 0.200000 12.765000
711.000000 20.297150 0.200000 12.870000
714.000000 20.497532 0.200000 12.970000
717.750000 20.697870 0.200000 13.070000
719.750000 20.898014 0.200000 13.160000
721.500000 21.098356 0.177000 13.265000
724.500000 21.298800 0.177000 13.365000
727.750000 21.508577 0.177000 13.470000
732.500000 21.717512 0.177000 13.570000
735.625000 21.925743 0.177000 13.665000
738.250000 22.163021 0.177000 13.765000
740.750000 22.380032 0.177000 13.860000
743.250000 22.597488 0.177000 13.970000
745.875000 22.806034 0.177000 14.060000
747.625000 23.015205 0.177000 14.165000
752.125000 23.015205 0.172000 14.255000
756.500000 23.224703 0.172000 14.355000
760.125000 23.434370 0.172000 14.465000
762.375000 23.654102 0.172000 14.570000
764.625000 23.863888 0.172000 14.670000
765.750000 24.083670 0.172000 14.770000
767.750000 24.293461 0.172000 14.865000
769.125000 24.503336 0.172000 14.970000
772.750000 24.713255 0.172000 15.055000
776.375000 24.923178 0.172000 15.165000
779.625000 25.142912 0.154000 15.270000
781.000000 25.352402 0.154000 15.365000
782.375000 25.561653 0.154000 15.470000
783.625000 25.770592 0.154000 15.565000
786.125000 25.989454 0.154000 15.670000
788.000000 26.198755 0.154000 15.765000
791.125000 26.408371 0.154000 15.870000
793.750000 26.408371 0.154000 15.960000
796.125000 26.828068 0.154000 16.070000
797.125000 26.828068 0.154000 16.165001
798.500000 27.048058 0.160000 16.270000
800.625000 27.268076 0.160000 16.365000
802.875000 27.468090 0.160000 16.469999
804.000000 27.668119 0.160000 16.570000
808.625000 27.868162 0.160000 16.665001
810.250000 28.068211 0.160000 16.770000
813.500000 28.278248 0.160000 16.860001
815.250000 28.478291 0.160000 16.959999
817.375000 28.678366 0.160000 17.070000
818.500000 28.878447 0.160000 17.165001
820.625000 29.078527 0.169000 17.264999
822.000000 29.278616 0.169000 17.365000
825.875000 29.478697 0.169000 17.459999
827.375000 29.678774 0.169000 17.565001
829.750000 29.878820 0.169000 17.665001
831.375000 30.078865 0.169000 17.764999
833.750000 30.278908 0.169000 17.870001
836.250000 30.478941 0.169000 17.965000
838.625000 30.678957 0.169000 18.070000
840.125000 30.888952 0.169000 18.170000
842.375000 31.128950 0.168000 18.271000
844.250000 31.328991 0.168000 18.370001
846.500000 31.549053 0.168000 18.465000
849.250000 31.749115 0.168000 18.575001
850.000000 31.959162 0.168000 18.665001
851.125000 32.159176 0.168000 18.754999
853.625000 32.389149 0.168000 18.870001
855.125000 32.599136 0.168000 18.959999
857.250000 32.799149 0.168000 19.065001
859.875000 32.999172 0.168000 19.160000
861.375000 33.199196 0.159000 19.260000
862.750000 33.399208 0.159000 19.370001
865.000000 33.599213 0.159000 19.465000
867.875000 33.799217 0.159000 19.559999
870.625000 33.999237 0.159000 19.665001
875.000000 34.199284 0.159000 19.764999
879.500000 34.399307 0.159000 19.870001
884.625000 34.399307 0.159000 19.955000
890.625000 34.809311 0.159000 20.059999
898.000000 35.019299 0.159000 20.170000
906.250000 35.219307 0.196000 20.264999
914.500000 35.419334 0.196000 20.365000
919.375000 35.619381 0.196000 20.465000
925.500000 35.819427 0.196000 20.565001
931.500000 35.819427 0.196000 20.665001
936.500000 36.059193 0.196000 20.770000
941.375000 36.268841 0.196000 20.870001
945.500000 36.478588 0.196000 20.959999
951.125000 36.718433 0.196000 21.070000
956.875000 36.958332 0.196000 21.165001
958.750000 37.168247 0.196000 21.264999
962.375000 37.378159 0.232000 21.365000
966.375000 37.588070 0.232000 21.465000
969.625000 37.797993 0.232000 21.565001
973.250000 38.007965 0.232000 21.665001
975.750000 38.207973 0.232000 21.770000
978.750000 38.407978 0.232000 21.865000
980.750000 38.607994 0.232000 21.965000
982.375000 38.817978 0.232000 22.070000
984.750000 39.027920 0.232000 22.170000
987.750000 39.027920 0.232000 22.260000
990.500000 39.247677 0.236000 22.365000
993.625000 39.457355 0.236000 22.465000
995.375000 39.667091 0.236000 22.570000
997.250000 39.876907 0.236000 22.660000
998.250000 40.096764 0.236000 22.764999
999.375000 40.346600 0.236000 22.860001
1001.500000 40.556480 0.236000 22.965000
1002.250000 40.766418 0.236000 23.065001
1004.000000 40.976357 0.236000 23.165001
1005.375000 41.186310 0.236000 23.264999
1006.125000 41.396248 0.226000 23.365000
1006.875000 41.606125 0.226000 23.465000
1007.250000 41.815994 0.226000 23.570000
1008.125000 42.025860 0.226000 23.670000
1008.625000 42.025860 0.226000 23.770000
1009.875000 42.235706 0.226000 23.865000
1010.875000 42.445522 0.226000 23.955000
1011.625000 42.685318 0.226000 24.070000
1012.250000 42.925140 0.226000 24.160000
1014.125000 43.134979 0.226000 24.260000
1015.375000 43.344845 0.205000 24.365000
1015.875000 43.554710 0.205000 24.455000
1016.375000 43.764572 0.205000 24.565001
1017.875000 43.974434 0.205000 24.665001
1018.625000 44.184292 0.205000 24.760000
1020.000000 44.394161 0.205000 24.870001
1020.625000 44.603992 0.205000 24.959999
1021.125000 44.813812 0.205000 25.065001
1022.500000 45.023674 0.205000 25.170000
1023.875000 45.023674 0.205000 25.264999
1025.125000 45.233540 0.235000 25.365000
1025.875000 45.453415 0.235000 25.465000
1026.375000 45.663239 0.235000 25.565001
1027.750000 45.873089 0.235000 25.665001
1028.500000 46.082954 0.235000 25.764999
1029.000000 46.292854 0.235000 25.870001
1029.875000 46.522747 0.235000 25.969999
1031.125000 46.742641 0.235000 26.059999
1032.250000 46.952503 0.235000 26.165001
1033.250000 47.162365 0.235000 26.270000
1034.125000 47.372242 0.214000 26.360001
1035.375000 47.582138 0.214000 26.469999
1036.500000 47.792023 0.214000 26.570000
1037.875000 48.001961 0.214000 26.660000
1039.125000 48.001961 0.214000 26.760000
1039.875000 48.211903 0.214000 26.860001
1040.750000 48.451782 0.214000 26.959999
1041.375000 48.661606 0.214000 27.070000
1043.250000 48.871426 0.214000 27.170000
1044.250000 49.081264 0.193000 27.270000
1045.500000 49.291164 0.193000 27.365000
1046.125000 49.540958 0.193000 27.469999
1047.625000 49.750355 0.193000 27.565001
1049.125000 49.959557 0.193000 27.665001
1051.125000 50.168686 0.193000 27.775000
1053.125000 50.378063 0.193000 27.870001
1055.375000 50.587715 0.193000 27.965000
1056.375000 50.797523 0.193000 28.065001
1059.000000 51.007397 0.193000 28.165001
1061.000000 51.007397 0.205000 28.260000
1064.125000 51.216919 0.205000 28.370001
1065.000000 51.426350 0.205000 28.469999
1067.125000 51.655949 0.205000 28.565001
1069.125000 51.865707 0.205000 28.665001
1071.000000 52.075470 0.205000 28.764999
1072.625000 52.315281 0.205000 28.870001
1074.625000 52.525188 0.205000 28.965000
1076.625000 52.745090 0.205000 29.065001
1079.500000 52.955002 0.205000 29.165001
1081.125000 53.174862 0.205000 29.270000
1083.750000 53.384663 0.259000 29.365000
1086.875000 53.594128 0.259000 29.465000
1089.000000 53.594128 0.259000 29.555000
1093.625000 54.012997 0.259000 29.670000
1096.250000 54.012997 0.259000 29.770000
1099.500000 54.222576 0.259000 29.865000
1104.125000 54.452225 0.259000 29.965000
1106.125000 54.661972 0.259000 30.065001
1108.125000 54.871784 0.259000 30.165001
1110.875000 55.081642 0.259000 30.260000
1113.125000 55.321495 0.249000 30.370001
1115.000000 55.531349 0.249000 30.469999
1117.000000 55.741188 0.249000 30.565001
1119.125000 55.951061 0.249000 30.665001
1120.375000 56.160912 0.249000 30.770000
1122.375000 56.370747 0.249000 30.870001
1123.750000 56.580578 0.249000 30.959999
1126.375000 56.790413 0.249000 31.070000
1128.000000 57.000332 0.249000 31.165001
1129.625000 57.210228 0.249000 31.270000
1130.750000 57.210228 0.209000 31.370001
1131.875000 57.420170 0.209000 31.465000
1132.875000 57.640118 0.209000 31.570000
1133.625000 57.850071 0.209000 31.660000
1134.750000 58.060020 0.209000 31.764999
1136.000000 58.269970 0.209000 31.860001
1136.875000 58.529804 0.209000 31.969999
1138.500000 58.739662 0.209000 32.064999
1139.500000 58.949520 0.209000 32.165001
1140.125000 59.159374 0.209000 32.259998
1140.375000 59.369232 0.211000 32.365002
1140.875000 59.579166 0.211000 32.465000
1142.750000 59.789043 0.211000 32.570000
1143.125000 59.998920 0.211000 32.665001
1144.250000 59.998920 0.211000 32.764999
1145.875000 60.248852 0.211000 32.875000
1146.750000 60.458794 0.211000 32.965000
1147.750000 60.668736 0.211000 33.070000
1148.250000 60.878677 0.211000 33.165001
1149.500000 61.118446 0.183000 33.264999
1151.000000 61.328178 0.183000 33.360001
1151.500000 61.537971 0.183000 33.459999
1152.625000 61.747784 0.183000 33.564999
1154.750000 61.957588 0.183000 33.660000
1155.500000 62.167397 0.183000 33.764999
1156.875000 62.377281 0.183000 33.865002
1157.750000 62.587208 0.183000 33.965000
1160.250000 62.797173 0.183000 34.064999
1162.750000 63.007137 0.183000 34.169998
1164.000000 63.007137 0.211000 34.264999
1165.875000 63.217102 0.211000 34.360001
1166.875000 63.427032 0.211000 34.470001
1167.875000 63.636917 0.211000 34.570000
1171.250000 63.846802 0.211000 34.669998
1172.750000 64.056694 0.211000 34.759998
1175.375000 64.266579 0.211000 34.869999
1176.875000 64.476540 0.211000 34.959999
1177.875000 64.686493 0.211000 35.060001
1179.500000 64.906410 0.211000 35.169998
1182.375000 65.126297 0.211000 35.270000
1184.125000 65.336182 0.200000 35.375000
1186.375000 65.566055 0.200000 35.474998
1189.250000 65.776016 0.200000 35.555000
1191.250000 65.985985 0.200000 35.669998
1195.125000 66.195930 0.200000 35.770000
1197.375000 66.195930 0.200000 35.860001
1200.375000 66.425827 0.200000 35.965000
1205.875000 66.635742 0.200000 36.070000
1209.250000 66.845627 0.200000 36.165001
1215.625000 67.055511 0.200000 36.259998
1221.375000 67.265396 0.211000 36.360001
1226.625000 67.475273 0.211000 36.470001
1233.125000 67.685135 0.211000 36.570000
1239.125000 67.925003 0.211000 36.665001
1245.000000 68.144882 0.211000 36.770000
1249.625000 68.354782 0.211000 36.860001
1254.750000 68.564751 0.211000 36.974998
1259.375000 68.774719 0.211000 37.064999
1263.750000 68.984688 0.211000 37.169998
1267.875000 69.194656 0.211000 37.264999
1274.750000 69.194656 0.268000 37.365002
1280.250000 69.434570 0.268000 37.459999
1286.250000 69.654457 0.268000 37.560001
1292.750000 69.864426 0.268000 37.669998
1297.875000 70.074257 0.268000 37.770000
1306.000000 70.283440 0.268000 37.865002
1312.250000 70.502045 0.268000 37.965000
1320.000000 70.710587 0.268000 38.070000
1332.125000 70.919250 0.268000 38.169998
1341.875000 71.128410 0.268000 38.275002
1354.375000 71.337921 0.321000 38.369999
1368.500000 71.547684 0.321000 38.470001
1383.250000 71.757645 0.321000 38.570000
1396.500000 71.957703 0.321000 38.669998
1407.875000 72.167320 0.321000 38.764999
1419.375000 72.376335 0.321000 38.869999
1427.750000 72.585594 0.321000 38.965000
1437.125000 72.795181 0.321000 39.070000
1445.125000 72.795181 0.321000 39.165001
1457.375000 73.034927 0.321000 39.264999
1463.625000 73.244843 0.328000 39.365002
1472.625000 73.454468 0.328000 39.470001
1479.875000 73.660072 0.328000 39.570000
1486.625000 73.883415 0.328000 39.669998
1492.375000 74.085823 0.328000 39.764999
1500.250000 74.085823 0.328000 39.865002
1506.250000 74.291153 0.328000 39.965000
1513.375000 74.497932 0.328000 40.070000
1514.750000 74.704071 0.328000 40.169998
1520.000000 74.704071 0.328000 40.270000
1522.125000 74.904129 0.316000 40.365002
1527.375000 75.105972 0.316000 40.459999
1531.000000 75.105972 0.316000 40.564999
1536.625000 75.307709 0.316000 40.665001
1541.875000 75.508308 0.316000 40.764999
1545.375000 75.715500 0.316000 40.860001
1548.750000 75.715500 0.316000 40.970001
1551.625000 75.916290 0.316000 41.064999
1553.750000 76.117958 0.316000 41.169998
1556.625000 76.320427 0.316000 41.270000
1559.125000 76.320427 0.325000 41.365002
1561.125000 76.524178 0.325000 41.470001
1565.250000 76.728813 0.325000 41.564999
1567.125000 76.933731 0.325000 41.669998
1569.625000 76.933731 0.325000 41.764999
1571.000000 77.139793 0.325000 41.869999
1574.375000 77.364990 0.325000 41.959999
1575.875000 77.583427 0.325000 42.070000
1577.250000 77.792839 0.325000 42.169998
1579.250000 77.993660 0.325000 42.270000
1582.125000 77.993660 0.302000 42.360001
1583.875000 78.196266 0.302000 42.470001
1587.625000 78.398918 0.302000 42.564999
1588.375000 78.630257 0.302000 42.669998
1590.500000 78.835396 0.302000 42.764999
1592.125000 78.835396 0.302000 42.865002
1594.000000 79.036186 0.302000 42.965000
1596.250000 79.243286 0.302000 43.070000
1600.375000 79.449982 0.302000 43.169998
1601.625000 79.449982 0.302000 43.270000
1603.500000 79.656380 0.288000 43.365002
1606.375000 79.862144 0.288000 43.470001
1608.000000 80.066467 0.288000 43.564999
1612.000000 80.066467 0.288000 43.669998
1615.125000 80.269447 0.288000 43.770000
1617.625000 80.471245 0.288000 43.875000
1619.875000 80.671478 0.288000 43.970001
1621.250000 80.671478 0.288000 44.064999
1622.250000 80.877747 0.288000 44.160000
1622.875000 81.084442 0.288000 44.270000
1623.875000 81.084442 0.280000 44.369999
1624.875000 81.292511 0.280000 44.459999
1625.750000 81.498901 0.280000 44.570000
1627.375000 81.498901 0.280000 44.660000
1628.125000 81.712090 0.280000 44.764999
1628.625000 81.934181 0.280000 44.865002
1629.000000 82.135498 0.280000 44.970001
1629.750000 82.135498 0.280000 45.070000
1630.500000 82.337799 0.280000 45.169998
1631.000000 82.541168 0.280000 45.264999
1631.500000 82.744995 0.231000 45.369999
1632.750000 82.744995 0.231000 45.470001
1633.375000 82.949532 0.231000 45.564999
1633.750000 83.153450 0.231000 45.669998
1634.250000 83.153450 0.231000 45.764999
1634.500000 83.355537 0.231000 45.865002
1635.375000 83.570526 0.231000 45.965000
1636.000000 83.776901 0.231000 46.060001
1636.375000 83.776901 0.231000 46.169998
1637.625000 83.984238 0.231000 46.264999
1637.750000 84.185081 0.219000 46.360001
1638.125000 84.386681 0.219000 46.470001
1638.500000 84.386681 0.219000 46.560001
1639.000000 84.611504 0.219000 46.669998
1639.125000 84.814377 0.219000 46.764999
1639.125000 84.814377 0.219000 46.860001
1639.875000 85.018295 0.219000 46.965000
1640.375000 85.244804 0.219000 47.064999
1641.375000 85.444931 0.219000 47.160000
1641.875000 85.650269 0.195000 47.270000
1642.250000 85.853569 0.195000 47.365002
1642.625000 86.060211 0.195000 47.465000
1642.625000 86.060211 0.195000 47.560001
1643.000000 86.268387 0.195000 47.665001
1643.250000 86.497467 0.195000 47.764999
1644.125000 86.706947 0.195000 47.865002
1644.375000 86.916580 0.195000 47.970001
1645.750000 87.125916 0.195000 48.064999
1646.125000 87.354378 0.195000 48.165001
1646.375000 87.558571 0.187000 48.264999
1646.750000 87.763229 0.187000 48.360001
1647.500000 87.967903 0.187000 48.474998
1648.000000 88.177406 0.187000 48.560001
1649.375000 88.380730 0.187000 48.665001
1650.125000 88.585869 0.187000 48.759998
1650.875000 88.792557 0.187000 48.869999
1651.500000 89.000748 0.187000 48.970001
1651.500000 89.000748 0.187000 49.064999
1652.000000 89.208092 0.187000 49.165001
1653.250000 89.417450 0.181000 49.264999
1654.375000 89.621490 0.181000 49.365002
1655.375000 89.833908 0.181000 49.459999
1656.000000 90.037689 0.181000 49.575001
1656.875000 90.037689 0.181000 49.669998
1657.375000 90.241142 0.181000 49.770000
1657.750000 90.470596 0.181000 49.860001
1658.375000 90.674850 0.181000 49.965000
1660.125000 90.674850 0.181000 50.064999
1660.875000 90.877884 0.181000 50.169998
1661.125000 91.078796 0.171000 50.270000
1661.875000 91.078796 0.171000 50.365002
1662.125000 91.285759 0.171000 50.470001
1662.625000 91.506729 0.171000 50.560001
1663.000000 91.506729 0.171000 50.660000
1663.500000 91.719917 0.171000 50.770000
1665.125000 91.927284 0.171000 50.860001
1665.875000 92.128868 0.171000 50.965000
1666.000000 92.128868 0.171000 51.064999
1666.875000 92.346283 0.171000 51.165001
1667.250000 92.549232 0.129000 51.259998
1668.250000 92.752556 0.129000 51.360001
1669.750000 92.752556 0.129000 51.470001
1670.375000 92.956108 0.129000 51.570000
1671.000000 93.160591 0.129000 51.669998
1671.500000 93.365768 0.129000 51.770000
1671.625000 93.573479 0.129000 51.869999
1672.375000 93.573479 0.129000 51.970001
1672.875000 93.792259 0.129000 52.075001
1673.000000 94.006790 0.129000 52.165001
1673.500000 94.243889 0.130000 52.264999
1673.625000 94.459892 0.130000 52.365002
1674.250000 94.677948 0.130000 52.470001
1674.375000 94.677948 0.130000 52.560001
1675.000000 94.879715 0.130000 52.669998
1676.000000 94.879715 0.130000 52.770000
1676.000000 95.080818 0.130000 52.865002
1676.125000 95.080818 0.130000 52.970001
1676.250000 95.080818 0.130000 53.070000
1676.500000 95.080818 0.130000 53.169998
1676.625000 95.080818 0.134000 53.264999
1676.750000 95.080818 0.134000 53.369999
1676.875000 95.281441 0.134000 53.465000
1677.250000 95.281441 0.134000 53.564999
1677.375000 95.281441 0.134000 53.669998
1677.625000 95.281441 0.134000 53.764999
1677.625000 95.281441 0.134000 53.869999
1677.875000 95.281441 0.134000 53.970001
1678.000000 95.281441 0.134000 54.064999
1678.250000 95.281441 0.134000 54.165001
1678.375000 95.281441 0.129000 54.259998
1678.625000 95.281441 0.129000 54.365002
1678.625000 95.281441 0.129000 54.474998
1679.000000 95.281441 0.129000 54.564999
1679.125000 95.281441 0.129000 54.665001
1679.125000 95.281441 0.129000 54.759998
1679.250000 95.281441 0.129000 54.860001
1679.250000 95.487625 0.129000 54.965000
1679.375000 95.694328 0.129000 55.064999
1679.500000 95.694328 0.129000 55.169998
1679.500000 95.896057 0.126000 55.270000
1679.500000 96.103035 0.126000 55.365002
1680.125000 96.307167 0.126000 55.470001
1680.250000 96.514725 0.126000 55.560001
1680.375000 96.724075 0.126000 55.665001
1680.500000 96.924309 0.126000 55.770000
1680.875000 97.125000 0.126000 55.869999
1681.250000 97.325935 0.126000 55.970001
1681.625000 97.546989 0.126000 56.070000
1682.000000 97.788292 0.126000 56.169998
1682.500000 97.989510 0.167000 56.264999
1682.875000 98.190735 0.167000 56.369999
1683.375000 98.394852 0.167000 56.470001
1683.625000 98.599586 0.167000 56.564999
1684.500000 98.599586 0.167000 56.669998
1684.750000 98.805145 0.167000 56.770000
1685.125000 99.009148 0.167000 56.865002
1685.375000 99.216324 0.167000 56.970001
1685.500000 99.216324 0.167000 57.064999
1686.000000 99.422356 0.167000 57.165001
1686.375000 99.635979 0.165000 57.270000
1686.500000 99.841118 0.165000 57.369999
1689.375000 99.841118 0.165000 57.470001
1689.375000 100.045952 0.165000 57.564999
1694.625000 100.045952 0.165000 57.669998
1694.875000 100.248505 0.165000 57.764999
1694.875000 100.248505 0.165000 57.865002
1695.000000 100.248505 0.165000 57.959999
1695.250000 100.248505 0.165000 58.070000
1695.375000 100.248505 0.165000 58.169998
1695.625000 100.248505 0.162000 58.264999
1696.000000 100.248505 0.162000 58.369999
1696.000000 100.248505 0.162000 58.465000
1696.500000 100.248505 0.162000 58.570000
1696.500000 100.248505 0.162000 58.669998
1696.750000 100.248505 0.162000 58.764999
1696.875000 100.248505 0.162000 58.869999
1697.250000 100.248505 0.162000 58.965000
1697.250000 100.449524 0.162000 59.070000
1697.375000 100.449524 0.162000 59.174999
1697.500000 100.449524 0.157000 59.259998
1697.750000 100.653587 0.157000 59.369999
1698.125000 100.856964 0.157000 59.465000
1698.375000 101.062836 0.157000 59.564999
1698.625000 101.267624 0.157000 59.669998
1698.875000 101.267624 0.157000 59.759998
1699.250000 101.479469 0.157000 59.869999
1699.625000 101.695183 0.157000 59.965000
1699.875000 101.903259 0.157000 60.070000
1700.125000 102.111992 0.157000 60.169998
1700.375000 102.319679 0.173000 60.264999
1700.750000 102.549713 0.173000 60.365002
1701.000000 102.759552 0.173000 60.465000
1701.125000 102.960938 0.173000 60.570000
1701.250000 102.960938 0.173000 60.665001
1701.375000 103.165161 0.173000 60.764999
1701.750000 103.384178 0.173000 60.865002
1701.875000 103.584442 0.173000 60.970001
1702.250000 103.584442 0.173000 61.064999
1702.625000 103.791824 0.173000 61.165001
1702.625000 103.993156 0.168000 61.264999
1703.000000 103.993156 0.168000 61.365002
1703.125000 104.202797 0.168000 61.465000
1703.125000 104.405434 0.168000 61.560001
1703.250000 104.608368 0.168000 61.660000
1703.375000 104.608368 0.168000 61.764999
1703.750000 104.819550 0.168000 61.869999
1704.250000 105.031616 0.168000 61.970001
1704.500000 105.239349 0.168000 62.064999
1704.750000 105.239349 0.168000 62.169998
1705.125000 105.451988 0.176000 62.270000
1705.125000 105.658943 0.176000 62.365002
1705.250000 105.862373 0.176000 62.465000
1705.375000 106.068939 0.176000 62.560001
1705.500000 106.306984 0.176000 62.669998
1705.875000 106.546005 0.176000 62.764999
1706.125000 106.755562 0.176000 62.869999
1706.250000 106.965317 0.176000 62.965000
1706.500000 107.175194 0.176000 63.070000
1706.625000 107.385086 0.176000 63.160000
1706.625000 107.594917 0.184000 63.270000
1706.625000 107.804146 0.184000 63.369999
1706.750000 107.804146 0.184000 63.465000
1706.750000 108.042328 0.184000 63.564999
1706.875000 108.250076 0.184000 63.669998
1706.875000 108.457359 0.184000 63.770000
1707.000000 108.664322 0.184000 63.869999
1707.875000 108.900620 0.184000 63.970001
1708.375000 109.107361 0.184000 64.065002
1710.125000 109.313347 0.184000 64.169998
1711.250000 109.532951 0.184000 64.275002
1712.000000 109.740578 0.287000 64.364998
1713.250000 109.740578 0.287000 64.470001
1714.375000 109.953384 0.287000 64.559998
1715.625000 110.167473 0.287000 64.669998
1717.125000 110.373390 0.287000 64.764999
1717.375000 110.373390 0.287000 64.864998
1718.375000 110.577278 0.287000 64.959999
1719.125000 110.780457 0.287000 65.070000
1720.000000 110.983482 0.287000 65.165001
1721.375000 110.983482 0.287000 65.260002
1722.125000 111.186615 0.363000 65.364998
1723.250000 111.390526 0.363000 65.470001
1724.750000 111.390526 0.363000 65.559998
1725.250000 111.602837 0.363000 65.669998
1726.375000 111.809982 0.363000 65.764999
1727.500000 112.013008 0.363000 65.864998
1728.250000 112.219597 0.363000 65.970001
1729.500000 112.423134 0.363000 66.070000
1730.625000 112.629868 0.363000 66.165001
1732.250000 112.838219 0.363000 66.264999
1734.375000 113.047379 0.280000 66.370003
1735.250000 113.256950 0.280000 66.459999
1737.000000 113.466751 0.280000 66.565002
1738.750000 113.676323 0.280000 66.665001
1740.250000 113.885231 0.280000 66.769997
1740.875000 113.885231 0.280000 66.870003
1742.250000 114.113213 0.280000 66.964996
1743.875000 114.320663 0.280000 67.070000
1745.750000 114.527916 0.280000 67.165001
1748.375000 114.736008 0.280000 67.264999
1750.000000 114.964272 0.293000 67.370003
1751.250000 115.202393 0.293000 67.455002
1754.125000 115.411163 0.293000 67.565002
1758.625000 115.620102 0.293000 67.665001
1765.875000 115.829315 0.293000 67.760002
1772.625000 116.038780 0.293000 67.860001
1776.625000 116.248405 0.293000 67.959999
1780.250000 116.458168 0.293000 68.070000
1782.375000 116.458168 0.293000 68.165001
1785.000000 116.667793 0.293000 68.264999
1787.250000 116.897072 0.346000 68.370003
1788.750000 117.106445 0.346000 68.470001
1790.250000 117.307419 0.346000 68.570000
1792.250000 117.528595 0.346000 68.665001
1793.250000 117.528595 0.346000 68.769997
1794.500000 117.747192 0.346000 68.870003
1795.750000 117.747192 0.346000 68.970001
1796.625000 117.747192 0.346000 69.070000
1797.375000 117.747192 0.346000 69.165001
1798.375000 117.948296 0.346000 69.269997
1799.750000 117.948296 0.271000 69.370003
1800.875000 117.948296 0.271000 69.474998
1801.875000 117.948296 0.271000 69.570000
1802.625000 117.948296 0.271000 69.660004
1803.000000 117.948296 0.271000 69.764999
1804.125000 117.948296 0.271000 69.870003
1805.625000 117.948296 0.271000 69.970001
1806.750000 117.948296 0.271000 70.059998
1807.625000 117.948296 0.271000 70.165001
1808.875000 117.948296 0.271000 70.264999
1810.000000 117.948296 0.213000 70.364998
1810.250000 118.150215 0.213000 70.470001
1811.750000 118.150215 0.213000 70.565002
1812.375000 118.354286 0.213000 70.669998
1813.875000 118.570541 0.213000 70.769997
1815.000000 118.771591 0.213000 70.870003
1816.000000 118.771591 0.213000 70.970001
1816.125000 118.975464 0.213000 71.070000
1816.250000 119.179726 0.213000 71.165001
1816.500000 119.179726 0.213000 71.264999
1816.625000 119.405128 0.203000 71.364998
1816.625000 119.606674 0.203000 71.464996
1816.625000 119.606674 0.203000 71.555000
1820.750000 119.808395 0.203000 71.669998
1825.750000 120.010368 0.203000 71.764999
1834.125000 120.219971 0.203000 71.864998
1840.750000 120.422356 0.203000 71.970001
1846.125000 120.422356 0.203000 72.070000
1850.375000 120.625084 0.203000 72.160004
1852.625000 120.828445 0.203000 72.269997
1854.375000 121.028900 0.252000 72.370003
1856.000000 121.028900 0.252000 72.470001
1858.375000 121.233734 0.252000 72.565002
1859.500000 121.465271 0.252000 72.669998
1860.875000 121.706718 0.252000 72.760002
1862.375000 121.923180 0.252000 72.870003
1863.000000 122.131462 0.252000 72.964996
1863.375000 122.340569 0.252000 73.065002
1863.500000 122.340569 0.252000 73.160004
1863.500000 122.570099 0.252000 73.264999
1863.750000 122.779869 0.230000 73.370003
1864.000000 122.989601 0.230000 73.470001
1864.000000 123.198723 0.230000 73.570000
1864.375000 123.407120 0.230000 73.669998
1864.500000 123.615677 0.230000 73.775002
1864.750000 123.824776 0.230000 73.864998
1864.875000 124.074203 0.230000 73.959999
1864.875000 124.283981 0.230000 74.059998
1865.000000 124.493889 0.230000 74.165001
1865.250000 124.693901 0.199000 74.269997
1865.375000 124.893951 0.199000 74.370003
1865.750000 125.093979 0.199000 74.455002
1866.000000 125.294044 0.199000 74.565002
1866.125000 125.494110 0.199000 74.669998
1866.125000 125.694176 0.199000 74.764999
1866.250000 125.894279 0.199000 74.870003
1866.250000 126.094315 0.199000 74.964996
1866.625000 126.314354 0.199000 75.070000
1867.125000 126.514427 0.199000 75.165001
1867.875000 126.714432 0.185000 75.264999
1868.000000 126.914513 0.185000 75.364998
1868.000000 127.114555 0.185000 75.474998
1868.000000 127.314590 0.185000 75.570000
1868.250000 127.514641 0.185000 75.665001
1868.250000 127.714691 0.185000 75.769997
1869.500000 127.924515 0.185000 75.870003
1869.875000 128.129868 0.185000 75.974998
1870.000000 128.129868 0.185000 76.070000
1870.500000 128.361633 0.185000 76.165001
1871.000000 128.605545 0.200000 76.260002
1871.000000 128.807861 0.200000 76.370003
1872.375000 128.807861 0.200000 76.470001
1872.500000 129.013885 0.200000 76.565002
1873.625000 129.219330 0.200000 76.675003
1874.375000 129.219330 0.200000 76.769997
1875.500000 129.440369 0.200000 76.870003
1877.250000 129.646439 0.200000 76.970001
1880.625000 129.852875 0.200000 77.065002
1886.000000 129.852875 0.200000 77.160004
1894.125000 130.057083 0.200000 77.269997
1899.250000 130.258453 0.197000 77.364998
1903.000000 130.502411 0.197000 77.459999
1907.250000 130.707077 0.197000 77.570000
1910.750000 130.707077 0.197000 77.665001
1915.875000 130.910675 0.197000 77.760002
1920.625000 131.117828 0.197000 77.864998
1922.250000 131.117828 0.197000 77.964996
1923.750000 131.331635 0.197000 78.065002
1928.000000 131.532684 0.197000 78.169998
1930.250000 131.735352 0.197000 78.264999
1931.500000 131.735352 0.195000 78.364998
1933.375000 131.939026 0.195000 78.470001
1934.375000 132.158646 0.195000 78.559998
1935.250000 132.158646 0.195000 78.669998
1935.875000 132.385941 0.195000 78.764999
1936.625000 132.613159 0.195000 78.870003
1936.625000 132.613159 0.195000 78.964996
1937.250000 132.833237 0.195000 79.065002
1937.625000 133.053543 0.195000 79.169998
1938.625000 133.258789 0.176000 79.264999
1939.125000 133.258789 0.176000 79.364998
1939.875000 133.464157 0.176000 79.455002
1940.875000 133.669586 0.176000 79.565002
1941.125000 133.870987 0.176000 79.669998
1941.875000 133.870987 0.176000 79.764999
1943.625000 134.075775 0.176000 79.860001
1946.500000 134.278214 0.176000 79.959999
1948.250000 134.507812 0.176000 80.070000
1948.875000 134.712723 0.176000 80.165001
1949.750000 134.919998 0.184000 80.269997
1950.625000 135.128586 0.184000 80.370003
1952.250000 135.347824 0.184000 80.464996
1953.500000 135.557297 0.184000 80.565002
1955.125000 135.766464 0.184000 80.665001
1956.625000 135.974792 0.184000 80.769997
1964.000000 136.182236 0.184000 80.864998
1964.750000 136.389969 0.184000 80.964996
1965.000000 136.389969 0.184000 81.055000
1966.250000 136.598480 0.184000 81.169998
1967.250000 136.827423 0.184000 81.269997
1969.000000 137.036774 0.206000 81.364998
1972.250000 137.246078 0.206000 81.474998
1976.625000 137.455322 0.206000 81.570000
1978.750000 137.664780 0.206000 81.669998
1980.375000 137.874313 0.206000 81.769997
1985.875000 138.113007 0.206000 81.864998
1989.250000 138.321930 0.206000 81.970001
1991.250000 138.531189 0.206000 82.065002
1992.000000 138.740570 0.206000 82.160004
1992.875000 138.950089 0.196000 82.275002
1993.125000 139.159302 0.196000 82.364998
1993.250000 139.368118 0.196000 82.459999
1993.750000 139.577057 0.196000 82.565002
1994.375000 139.577057 0.196000 82.660004
1994.625000 139.806305 0.196000 82.764999
1996.125000 140.015854 0.196000 82.875000
1997.375000 140.235428 0.196000 82.964996
1999.000000 140.444504 0.196000 83.070000
2002.750000 140.652740 0.196000 83.160004
2004.875000 140.880447 0.172000 83.269997
2005.500000 141.108948 0.172000 83.370003
2005.750000 141.318161 0.172000 83.459999
2005.750000 141.537674 0.172000 83.570000
2005.750000 141.747421 0.172000 83.665001
2005.875000 141.957199 0.172000 83.769997
2006.000000 142.166946 0.172000 83.870003
2006.500000 142.166946 0.172000 83.970001
2006.625000 142.373383 0.172000 84.065002
2006.750000 142.578339 0.172000 84.169998
2006.875000 142.801636 0.166000 84.264999
2007.000000 143.002930 0.166000 84.370003
2007.375000 143.002930 0.166000 84.470001
2007.500000 143.210175 0.166000 84.559998
2008.125000 143.415939 0.166000 84.665001
2008.875000 143.415939 0.166000 84.764999
2010.125000 143.628220 0.166000 84.864998
2012.875000 143.832336 0.166000 84.964996
2016.375000 144.033356 0.166000 85.065002
2018.500000 144.237839 0.166000 85.169998
2020.250000 144.443558 0.171000 85.264999
2022.500000 144.651382 0.171000 85.370003
2028.250000 144.651382 0.171000 85.459999
2029.500000 144.853500 0.171000 85.565002
2030.000000 145.068527 0.171000 85.669998
2031.000000 145.275894 0.171000 85.769997
2031.250000 145.484467 0.171000 85.864998
2031.625000 145.693451 0.171000 85.970001
2032.125000 145.901932 0.171000 86.065002
2032.375000 146.140442 0.171000 86.165001
2033.625000 146.359634 0.159000 86.264999
2034.625000 146.566864 0.159000 86.375000
2036.750000 146.771225 0.159000 86.470001
2038.875000 146.771225 0.159000 86.565002
2041.375000 146.974518 0.159000 86.675003
2043.500000 146.974518 0.159000 86.764999
2044.625000 147.177933 0.159000 86.860001
2045.375000 147.177933 0.159000 86.959999
2046.625000 147.177933 0.159000 87.070000
2047.375000 147.177933 0.159000 87.169998
2048.250000 147.177933 0.156000 87.264999
2048.500000 147.177933 0.156000 87.364998
2048.625000 147.378265 0.156000 87.470001
2049.125000 147.378265 0.156000 87.565002
2049.375000 147.378265 0.156000 87.669998
2049.875000 147.378265 0.156000 87.760002
2049.875000 147.378265 0.156000 87.860001
2050.000000 147.378265 0.156000 87.970001
2050.125000 147.378265 0.156000 88.065002
2050.125000 147.378265 0.156000 88.160004
2051.000000 147.378265 0.142000 88.269997
2053.250000 147.578888 0.142000 88.370003
2055.625000 147.578888 0.142000 88.464996
2057.375000 147.781876 0.142000 88.565002
2058.375000 147.986679 0.142000 88.665001
2059.250000 147.986679 0.142000 88.764999
2060.250000 148.194687 0.142000 88.875000
2061.125000 148.405502 0.142000 88.964996
2061.250000 148.609207 0.142000 89.065002
2061.500000 148.609207 0.142000 89.165001
2061.500000 148.812790 0.181000 89.269997
2061.750000 149.024261 0.181000 89.364998
2061.875000 149.024261 0.181000 89.459999
2062.000000 149.232178 0.181000 89.559998
2062.375000 149.453461 0.181000 89.669998
2062.500000 149.659912 0.181000 89.764999
2062.750000 149.891739 0.181000 89.870003
2062.750000 150.117493 0.181000 89.964996
2063.000000 150.325455 0.181000 90.065002
2063.000000 150.534409 0.181000 90.175003
2063.000000 150.743866 0.172000 90.264999
2063.125000 150.953598 0.172000 90.370003
2063.125000 151.163467 0.172000 90.464996
2063.500000 151.373398 0.172000 90.570000
2063.625000 151.573395 0.172000 90.669998
2063.750000 151.573395 0.172000 90.764999
2063.875000 151.783356 0.172000 90.864998
2063.875000 151.993332 0.172000 90.970001
2064.000000 152.203339 0.172000 91.070000
2064.125000 152.423325 0.172000 91.169998
2064.125000 152.633408 0.137000 91.260002
2064.250000 152.853424 0.137000 91.370003
2064.250000 153.063400 0.137000 91.470001
2064.500000 153.323105 0.137000 91.565002
2064.500000 153.532822 0.137000 91.665001
2064.750000 153.742615 0.137000 91.764999
2064.875000 153.952316 0.137000 91.870003
2064.875000 154.161896 0.137000 91.974998
2065.625000 154.367783 0.137000 92.070000
2065.750000 154.367783 0.137000 92.169998
2066.250000 154.599075 0.133000 92.264999
2066.500000 154.817459 0.133000 92.370003
2066.750000 155.023712 0.133000 92.464996
2066.875000 155.227570 0.133000 92.559998
2067.250000 155.432922 0.133000 92.669998
2067.625000 155.432922 0.133000 92.764999
2067.750000 155.643967 0.133000 92.870003
2068.625000 155.857712 0.133000 92.970001
2069.125000 156.062820 0.133000 93.055000
2069.500000 156.266357 0.133000 93.165001
2069.750000 156.490189 0.120000 93.269997
2070.500000 156.703323 0.120000 93.360001
2071.375000 156.903961 0.120000 93.464996
2071.625000 157.112579 0.120000 93.565002
2071.875000 157.316299 0.120000 93.665001
2072.125000 157.522842 0.120000 93.769997
2073.250000 157.522842 0.120000 93.864998
2073.625000 157.761108 0.120000 93.959999
2074.500000 157.970551 0.120000 94.070000
2075.250000 158.206711 0.120000 94.165001
2076.125000 158.412155 0.186000 94.269997
2079.375000 158.620102 0.186000 94.364998
2082.375000 158.825760 0.186000 94.470001
2085.000000 158.825760 0.186000 94.570000
2088.875000 159.030823 0.186000 94.660004
2091.625000 159.237183 0.186000 94.769997
2095.500000 159.237183 0.186000 94.860001
2100.125000 159.468689 0.186000 94.964996
2104.750000 159.674423 0.186000 95.074997
2108.750000 159.674423 0.186000 95.165001
2112.750000 159.878189 0.186000 95.260002
2116.250000 160.102768 0.240000 95.364998
2122.000000 160.305725 0.240000 95.474998
2125.375000 160.305725 0.240000 95.565002
2132.500000 160.509354 0.240000 95.660004
2138.625000 160.713730 0.240000 95.764999
2144.750000 160.713730 0.240000 95.870003
2150.125000 160.925873 0.240000 95.959999
2158.375000 161.145538 0.240000 96.065002
2164.750000 161.145538 0.240000 96.169998
2171.750000 161.373550 0.240000 96.264999
2179.125000 161.588669 0.213000 96.360001
2186.500000 161.588669 0.213000 96.470001
2193.625000 161.790192 0.213000 96.574997
2200.000000 161.992371 0.213000 96.669998
2205.750000 162.194763 0.213000 96.764999
2212.750000 162.194763 0.213000 96.870003
2218.875000 162.405014 0.213000 96.970001
2224.250000 162.623810 0.213000 97.065002
2227.250000 162.824051 0.213000 97.160004
2233.375000 162.824051 0.213000 97.269997
2239.625000 163.036942 0.243000 97.364998
2244.750000 163.239777 0.243000 97.464996
2251.125000 163.441208 0.243000 97.570000
2257.750000 163.646805 0.243000 97.665001
2261.875000 163.894302 0.243000 97.764999
2265.875000 164.103348 0.243000 97.870003
2268.750000 164.312866 0.243000 97.964996
2274.375000 164.522614 0.243000 98.059998
2280.375000 164.732468 0.243000 98.165001
2287.375000 164.942368 0.243000 98.264999
2291.625000 165.152267 0.279000 98.360001
2297.875000 165.152267 0.279000 98.459999
2300.625000 165.362152 0.279000 98.565002
2304.375000 165.571976 0.279000 98.665001
2307.125000 165.811768 0.279000 98.764999
2309.000000 166.021561 0.279000 98.870003
2312.125000 166.231339 0.279000 98.959999
2314.250000 166.470642 0.279000 99.065002
2316.250000 166.679962 0.279000 99.165001
2317.750000 166.899445 0.279000 99.264999
2319.500000 167.109161 0.267000 99.364998
2321.375000 167.318954 0.267000 99.464996
2323.500000 167.528793 0.267000 99.565002
2327.250000 167.738693 0.267000 99.665001
2331.500000 167.948578 0.267000 99.769997
2334.500000 168.158508 0.267000 99.864998
2336.750000 168.158508 0.267000 99.964996
2338.625000 168.368439 0.267000 100.070000
2341.500000 168.608322 0.267000 100.165001
2343.875000 168.818192 0.267000 100.269997
2347.875000 169.028046 0.247000 100.364998
2351.625000 169.237885 0.247000 100.464996
2355.000000 169.477722 0.247000 100.565002
2358.375000 169.687637 0.247000 100.660004
2362.125000 169.897568 0.247000 100.760002
2365.250000 170.127502 0.247000 100.870003
2368.750000 170.337479 0.247000 100.964996
2374.250000 170.547424 0.247000 101.070000
2379.375000 170.757370 0.247000 101.165001
2385.125000 170.967239 0.247000 101.269997
2391.500000 170.967239 0.338000 101.370003
2400.000000 171.207108 0.338000 101.474998
2407.750000 171.416901 0.338000 101.565002
2415.250000 171.626205 0.338000 101.669998
2423.375000 171.835587 0.338000 101.775002
2435.375000 172.045258 0.338000 101.864998
2446.875000 172.295074 0.338000 101.970001
2456.625000 172.505035 0.338000 102.070000
2464.750000 172.705063 0.338000 102.165001
2477.000000 172.905121 0.338000 102.269997
2483.750000 173.105225 0.336000 102.364998
2493.000000 173.305328 0.336000 102.464996
2500.250000 173.505402 0.336000 102.570000
2508.000000 173.705444 0.336000 102.675003
2514.625000 173.905502 0.336000 102.764999
2521.375000 174.105576 0.336000 102.860001
2527.500000 174.305618 0.336000 102.964996
2536.625000 174.525681 0.336000 103.070000
2542.500000 174.725739 0.336000 103.165001
2551.000000 174.925842 0.336000 103.269997
2556.625000 175.125931 0.336000 103.360001
2565.000000 175.326035 0.348000 103.459999
2574.250000 175.535934 0.348000 103.565002
2583.125000 175.745514 0.348000 103.669998
2588.875000 175.955002 0.348000 103.769997
2597.625000 175.955002 0.348000 103.864998
2603.875000 176.164566 0.348000 103.964996
2612.000000 176.384354 0.348000 104.070000
2617.875000 176.604340 0.348000 104.165001
2625.125000 176.804443 0.348000 104.275002
2631.625000 177.014282 0.348000 104.364998
2640.875000 177.223297 0.369000 104.470001
2648.375000 177.471527 0.369000 104.565002
2654.375000 177.700516 0.369000 104.660004
2660.000000 177.910034 0.369000 104.764999
2669.750000 178.119751 0.369000 104.864998
2676.875000 178.329514 0.369000 104.970001
2683.000000 178.539291 0.369000 105.065002
2685.875000 178.749115 0.369000 105.169998
2689.125000 178.749115 0.369000 105.264999
2691.250000 178.958984 0.369000 105.364998
2695.125000 179.198685 0.396000 105.470001
2697.375000 179.407730 0.396000 105.570000
2701.750000 179.616730 0.396000 105.665001
2702.750000 179.866089 0.396000 105.769997
2705.625000 180.085831 0.396000 105.864998
2706.750000 180.295273 0.396000 105.970001
2708.375000 180.503815 0.396000 106.065002
2711.000000 180.503815 0.396000 106.169998
2712.375000 180.713150 0.396000 106.269997
2714.250000 180.713150 0.396000 106.370003
2717.250000 180.924637 0.354000 106.474998
2718.125000 180.924637 0.354000 106.570000
2719.000000 180.924637 0.354000 106.669998
2720.375000 181.125244 0.354000 106.769997
2720.625000 181.125244 0.354000 106.864998
2721.625000 181.125244 0.354000 106.970001
2722.875000 181.125244 0.354000 107.065002
2723.375000 181.327377 0.354000 107.165001
2724.875000 181.532700 0.354000 107.264999
2726.750000 181.532700 0.298000 107.360001
2727.000000 181.742767 0.298000 107.474998
2728.875000 181.947891 0.298000 107.559998
2729.375000 181.947891 0.298000 107.669998
2730.250000 182.148621 0.298000 107.769997
2731.625000 182.372803 0.298000 107.870003
2732.750000 182.372803 0.298000 107.970001
2733.875000 182.575775 0.298000 108.066002
2735.000000 182.809967 0.298000 108.160004
2736.000000 183.017593 0.298000 108.269997
2737.000000 183.017593 0.288000 108.370003
2738.250000 183.249130 0.288000 108.464996
2738.875000 183.505875 0.288000 108.565002
2740.500000 183.711304 0.288000 108.660004
2741.375000 183.919098 0.288000 108.769997
2742.500000 184.128082 0.288000 108.864998
2743.375000 184.337570 0.288000 108.964996
2744.375000 184.547287 0.288000 109.065002
2746.000000 184.757172 0.288000 109.165001
2746.875000 184.967133 0.288000 109.264999
2747.750000 185.167191 0.243000 109.370003
2749.250000 185.367233 0.243000 109.459999
2750.250000 185.567307 0.243000 109.565002
2750.875000 185.767365 0.243000 109.665001
2752.000000 185.967377 0.243000 109.769997
2753.500000 186.177368 0.243000 109.870003
2754.375000 186.177368 0.243000 109.964996
2754.875000 186.407364 0.243000 110.070000
2755.750000 186.627396 0.243000 110.165001
2756.500000 186.827454 0.243000 110.264999
2757.375000 187.027557 0.234000 110.364998
2759.125000 187.227661 0.234000 110.470001
2759.875000 187.427750 0.234000 110.570000
2760.500000 187.627808 0.234000 110.669998
2761.750000 187.827881 0.234000 110.769997
2762.500000 188.027969 0.234000 110.875000
2763.000000 188.238068 0.234000 110.970001
2763.875000 188.438110 0.234000 111.070000
2765.125000 188.648087 0.234000 111.169998
2766.125000 188.857925 0.234000 111.260002
2767.250000 189.067703 0.218000 111.370003
2768.000000 189.327423 0.218000 111.464996
2769.000000 189.537308 0.218000 111.570000
2769.875000 189.747253 0.218000 111.669998
2770.875000 189.957031 0.218000 111.764999
2771.625000 190.166794 0.218000 111.870003
2772.125000 190.166794 0.218000 111.959999
2773.375000 190.376648 0.218000 112.065002
2774.750000 190.586533 0.218000 112.169998
2775.625000 190.796143 0.196000 112.264999
2776.750000 191.015640 0.196000 112.360001
2778.250000 191.225311 0.196000 112.474998
2779.625000 191.435089 0.196000 112.565002
2780.250000 191.644989 0.196000 112.665001
2781.125000 191.854874 0.196000 112.764999
2781.750000 192.064758 0.196000 112.870003
2782.875000 192.274643 0.196000 112.970001
2783.875000 192.504517 0.196000 113.070000
2785.000000 192.714417 0.196000 113.175003
2786.000000 192.924316 0.189000 113.275002
2787.375000 193.134216 0.189000 113.364998
2787.875000 193.344131 0.189000 113.459999
2789.000000 193.554031 0.189000 113.565002
2789.625000 193.763931 0.189000 113.669998
2790.625000 193.763931 0.189000 113.760002
2791.375000 194.183731 0.189000 113.870003
2792.250000 194.393631 0.189000 113.974998
2793.250000 194.393631 0.189000 114.059998
2793.875000 194.603592 0.189000 114.160004
2794.750000 194.813644 0.170000 114.269997
2795.375000 195.013672 0.170000 114.364998
2796.250000 195.223572 0.170000 114.464996
2797.375000 195.473450 0.170000 114.570000
2798.375000 195.703339 0.170000 114.669998
2799.500000 195.913239 0.170000 114.769997
2800.125000 196.123138 0.170000 114.870003
2800.625000 196.333038 0.170000 114.964996
2801.875000 196.542938 0.170000 115.065002
2802.875000 196.752884 0.170000 115.169998
2803.875000 196.952942 0.159000 115.269997
2805.125000 196.952942 0.159000 115.355003
2806.750000 197.372742 0.159000 115.464996
2807.875000 197.582642 0.159000 115.570000
2809.625000 197.582642 0.159000 115.665001
2810.750000 197.802505 0.159000 115.769997
2813.250000 198.012314 0.159000 115.864998
2815.375000 198.222122 0.159000 115.970001
2818.750000 198.431839 0.159000 116.070000
2822.375000 198.641296 0.159000 116.165001
2826.125000 198.880722 0.177000 116.264999
2830.250000 199.110382 0.177000 116.375000
2835.250000 199.320160 0.177000 116.470001
2839.875000 199.529938 0.177000 116.565002
2843.875000 199.739426 0.177000 116.669998
2849.375000 199.948837 0.177000 116.769997
2854.750000 200.158401 0.177000 116.870003
2859.500000 200.368088 0.177000 116.964996
2868.750000 200.577911 0.177000 117.070000
2874.375000 200.577911 0.177000 117.160004
2880.625000 200.787888 0.177000 117.264999
2885.500000 200.997864 0.235000 117.370003
2890.000000 201.217865 0.235000 117.470001
2894.875000 201.417877 0.235000 117.570000
2899.250000 201.627869 0.235000 117.665001
2903.250000 201.827896 0.235000 117.769997
2907.625000 202.037842 0.235000 117.870003
2912.375000 202.247223 0.235000 117.974998
2916.625000 202.455902 0.235000 118.070000
2919.750000 202.704147 0.235000 118.165001
2924.500000 202.913376 0.235000 118.269997
2929.000000 203.123154 0.277000 118.375000
2932.750000 203.323303 0.277000 118.470001
2936.375000 203.523697 0.277000 118.565002
2940.250000 203.724228 0.277000 118.669998
2943.000000 203.924805 0.277000 118.764999
2946.000000 204.125443 0.277000 118.864998
2948.250000 204.325989 0.277000 118.970001
2950.750000 204.533508 0.277000 119.070000
2953.375000 204.740692 0.277000 119.165001
2955.375000 204.740692 0.277000 119.264999
2958.375000 204.956528 0.247000 119.364998
2959.875000 205.183685 0.247000 119.470001
2961.000000 205.389954 0.247000 119.570000
2963.250000 205.389954 0.247000 119.665001
2963.625000 205.597397 0.247000 119.764999
2964.500000 205.815140 0.247000 119.860001
2965.375000 206.028671 0.247000 119.970001
2966.250000 206.235489 0.247000 120.065002
2966.625000 206.443619 0.247000 120.165001
2967.500000 206.648453 0.247000 120.264999
2969.625000 206.853104 0.244000 120.364998
2970.875000 207.089005 0.244000 120.470001
2972.125000 207.295486 0.244000 120.574997
2972.625000 207.497635 0.244000 120.669998
2973.500000 207.702606 0.244000 120.769997
2974.250000 207.702606 0.244000 120.864998
2976.125000 207.919525 0.244000 120.964996
2977.250000 208.127930 0.244000 121.074997
2978.500000 208.356949 0.244000 121.169998
2980.250000 208.566406 0.244000 121.269997
2981.625000 208.776031 0.227000 121.364998
2984.250000 209.015717 0.227000 121.470001
2988.375000 209.225571 0.227000 121.565002
2996.125000 209.435532 0.227000 121.669998
3005.125000 209.645523 0.227000 121.764999
3012.375000 209.855515 0.227000 121.870003
3025.500000 210.055511 0.227000 121.970001
3040.500000 210.255524 0.227000 122.070000
3051.375000 210.465485 0.227000 122.169998
3060.500000 210.675446 0.227000 122.269997
3069.250000 210.885437 0.283000 122.370003
3080.125000 211.095428 0.283000 122.470001
3088.125000 211.095428 0.283000 122.570000
3093.500000 211.305359 0.283000 122.675003
3099.000000 211.555344 0.283000 122.769997
3103.625000 211.755356 0.283000 122.870003
3108.250000 211.955368 0.283000 122.970001
3114.750000 212.155380 0.283000 123.070000
3119.000000 212.364761 0.283000 123.165001
3122.875000 212.589508 0.283000 123.269997
3125.625000 212.800003 0.251000 123.370003
3128.375000 212.800003 0.251000 123.470001
3130.625000 213.002686 0.251000 123.559998
3133.500000 213.243317 0.251000 123.660004
3137.625000 213.243317 0.251000 123.760002
3141.875000 213.467926 0.251000 123.860001
3145.000000 213.678726 0.251000 123.974998
3148.250000 213.883514 0.251000 124.070000
3151.750000 213.883514 0.251000 124.169998
3154.250000 214.089050 0.251000 124.264999
3157.375000 214.293961 0.236000 124.364998
3160.750000 214.293961 0.236000 124.464996
3165.000000 214.495987 0.236000 124.565002
3169.375000 214.495987 0.236000 124.660004
3173.500000 214.697983 0.236000 124.760002
3176.750000 214.697983 0.236000 124.870003
3179.000000 214.697983 0.236000 124.959999
3180.875000 214.697983 0.236000 125.070000
3183.875000 214.903534 0.236000 125.160004
3186.375000 214.903534 0.236000 125.269997
3189.000000 214.903534 0.228000 125.370003
3192.125000 214.903534 0.228000 125.470001
3192.875000 214.903534 0.228000 125.570000
3195.000000 214.903534 0.228000 125.669998
3197.750000 214.903534 0.228000 125.769997
3199.625000 214.903534 0.228000 125.864998
3201.000000 214.903534 0.228000 125.970001
3202.625000 214.903534 0.228000 126.070000
3205.250000 214.903534 0.228000 126.169998
3207.125000 214.903534 0.228000 126.269997
3208.250000 214.903534 0.198000 126.364998
3209.750000 214.903534 0.198000 126.464996
3212.375000 214.903534 0.198000 126.565002
3213.625000 214.903534 0.198000 126.669998
3214.875000 214.903534 0.198000 126.769997
3215.875000 214.903534 0.198000 126.855003
3218.500000 215.108963 0.198000 126.970001
3222.250000 215.108963 0.198000 127.070000
3223.000000 215.309464 0.198000 127.165001
3224.125000 215.511230 0.198000 127.275002
3227.000000 215.511230 0.207000 127.370003
3229.000000 215.733231 0.207000 127.470001
3231.375000 215.971863 0.207000 127.570000
3234.125000 215.971863 0.207000 127.660004
3235.750000 216.188629 0.207000 127.769997
3238.750000 216.399323 0.207000 127.870003
3240.750000 216.399323 0.207000 127.964996
3243.375000 216.607239 0.207000 128.070007
3246.625000 216.812042 0.207000 128.164993
3248.500000 217.015213 0.207000 128.270004
3250.625000 217.217056 0.258000 128.365005
3254.125000 217.432755 0.258000 128.475006
3258.125000 217.660507 0.258000 128.570007
3260.250000 217.879395 0.258000 128.660004
3262.375000 218.088821 0.258000 128.764999
3264.500000 218.298477 0.258000 128.869995
3266.750000 218.508255 0.258000 128.975006
3269.000000 218.718124 0.258000 129.070007
3270.000000 218.928055 0.258000 129.169998
3271.875000 219.138016 0.258000 129.270004
3274.500000 219.138016 0.224000 129.369995
3275.500000 219.347961 0.224000 129.475006
3276.750000 219.587875 0.224000 129.570007
3278.500000 219.797760 0.224000 129.669998
3279.750000 220.007675 0.224000 129.770004
3281.125000 220.217621 0.224000 129.865005
3283.250000 220.427612 0.224000 129.970001
3284.875000 220.677399 0.224000 130.059998
3287.500000 220.886932 0.224000 130.164993
3288.000000 221.096542 0.224000 130.270004
3289.250000 221.306244 0.262000 130.365005
3291.500000 221.516037 0.262000 130.470001
3292.625000 221.725876 0.262000 130.570007
3294.375000 221.935760 0.262000 130.669998
3295.250000 221.935760 0.262000 130.770004
3297.250000 222.145645 0.262000 130.875000
3299.500000 222.385590 0.262000 130.970001
3300.625000 222.595474 0.262000 131.070007
3302.000000 222.805374 0.262000 131.164993
3303.375000 223.015289 0.262000 131.274994
3305.250000 223.225220 0.211000 131.365005
3308.000000 223.435165 0.211000 131.470001
3310.500000 223.645050 0.211000 131.570007
3312.625000 223.864914 0.211000 131.669998
3314.500000 224.074768 0.211000 131.764999
3317.125000 224.284515 0.211000 131.869995
3318.250000 224.493637 0.211000 131.960007
3319.375000 224.702011 0.211000 132.065002
3321.500000 224.910461 0.211000 132.164993
3322.875000 225.119522 0.211000 132.270004
3324.750000 225.328995 0.196000 132.369995
3326.625000 225.328995 0.196000 132.470001
3329.250000 225.538696 0.196000 132.570007
3330.750000 225.778259 0.196000 132.675003
3332.625000 225.987320 0.196000 132.759995
3334.000000 226.196487 0.196000 132.860001
3336.625000 226.405960 0.196000 132.964996
3339.125000 226.645599 0.196000 133.070007
3341.375000 226.855316 0.196000 133.169998
3342.750000 227.065048 0.196000 133.270004
3344.750000 227.274780 0.194000 133.365005
3347.125000 227.484283 0.194000 133.470001
3348.750000 227.693237 0.194000 133.565002
3349.875000 227.901917 0.194000 133.669998
3353.125000 228.110962 0.194000 133.770004
3356.250000 228.320404 0.194000 133.869995
3359.250000 228.320404 0.194000 133.970001
3361.750000 228.540115 0.194000 134.074997
3365.250000 228.759949 0.194000 134.164993
3366.875000 228.969864 0.193000 134.264999
3367.750000 229.169876 0.193000 134.365005
3369.750000 229.369934 0.193000 134.475006
3373.750000 229.570007 0.193000 134.570007
3376.875000 229.770081 0.193000 134.669998
3379.375000 229.970123 0.193000 134.770004
3382.250000 230.170135 0.193000 134.869995
3384.875000 230.370163 0.193000 134.970001
3387.500000 230.570236 0.193000 135.070007
3389.250000 230.770340 0.193000 135.164993
3392.250000 230.970398 0.181000 135.270004
3398.250000 231.170410 0.181000 135.375000
3401.375000 231.380295 0.181000 135.464996
3406.375000 231.629700 0.181000 135.570007
3411.000000 231.839249 0.181000 135.664993
3415.375000 232.058945 0.181000 135.764999
3419.500000 232.268768 0.181000 135.869995
3422.250000 232.478683 0.181000 135.970001
3425.125000 232.688614 0.181000 136.070007
3428.625000 232.898575 0.181000 136.169998
3431.875000 233.108521 0.181000 136.274994
3436.000000 233.318314 0.215000 136.369995
3438.375000 233.318314 0.215000 136.470001
3444.000000 233.538086 0.215000 136.570007
3447.500000 233.757950 0.215000 136.669998
3451.000000 233.977829 0.215000 136.770004
3456.125000 234.187775 0.215000 136.865005
3461.250000 234.417740 0.215000 136.975006
3466.625000 234.647583 0.215000 137.070007
3471.125000 234.857132 0.215000 137.164993
3475.875000 235.066772 0.215000 137.264999
3478.750000 235.276489 0.226000 137.369995
3482.625000 235.486237 0.226000 137.470001
3485.250000 235.696030 0.226000 137.565002
3488.500000 235.905853 0.226000 137.664993
3492.000000 236.115707 0.226000 137.774994
3493.875000 236.115707 0.226000 137.865005
3497.375000 236.345551 0.226000 137.975006
3501.375000 236.555405 0.226000 138.065002
3507.250000 236.765259 0.226000 138.169998
3510.875000 236.975143 0.226000 138.270004
3513.625000 237.185013 0.236000 138.369995
3515.750000 237.394882 0.236000 138.460007
3518.875000 237.634735 0.236000 138.565002
3520.375000 237.844666 0.236000 138.664993
3521.875000 238.054626 0.236000 138.770004
3523.625000 238.264542 0.236000 138.875000
3525.875000 238.474411 0.236000 138.970001
3526.375000 238.684265 0.236000 139.070007
3527.250000 238.894150 0.236000 139.164993
3527.375000 239.104034 0.236000 139.264999
3529.125000 239.313919 0.197000 139.369995
3530.000000 239.313919 0.197000 139.470001
3531.375000 239.533798 0.197000 139.565002
3532.000000 239.753677 0.197000 139.669998
3533.625000 239.963562 0.197000 139.770004
3534.750000 240.173447 0.197000 139.869995
3536.000000 240.383331 0.197000 139.970001
3536.625000 240.623230 0.197000 140.070007
3537.875000 240.833160 0.197000 140.169998
3539.000000 241.043091 0.192000 140.264999
3540.125000 241.253021 0.192000 140.369995
3540.875000 241.462952 0.192000 140.470001
3541.750000 241.672867 0.192000 140.565002
3542.625000 241.882751 0.192000 140.675003
3544.000000 242.092621 0.192000 140.770004
3544.500000 242.302505 0.192000 140.869995
3545.875000 242.302505 0.192000 140.964996
3547.250000 242.532410 0.192000 141.065002
3548.750000 242.752380 0.192000 141.164993
3550.375000 242.962326 0.177000 141.270004
3551.500000 243.172256 0.177000 141.369995
3553.125000 243.382217 0.177000 141.464996
3553.625000 243.592163 0.177000 141.570007
3554.125000 243.842072 0.177000 141.654999
3556.000000 244.051956 0.177000 141.774994
3556.750000 244.261810 0.177000 141.869995
3558.625000 244.471695 0.177000 141.964996
3559.625000 244.681580 0.177000 142.070007
3560.000000 244.891510 0.177000 142.169998
3560.625000 245.101440 0.181000 142.264999
3561.125000 245.311401 0.181000 142.369995
3562.375000 245.521362 0.181000 142.475006
3563.375000 245.521362 0.181000 142.565002
3564.375000 245.731262 0.181000 142.664993
3565.750000 245.941147 0.181000 142.764999
3566.500000 246.151031 0.181000 142.869995
3567.375000 246.360931 0.181000 142.964996
3568.750000 246.570816 0.181000 143.065002
3570.125000 246.800735 0.181000 143.169998
3571.625000 247.020660 0.197000 143.264999
3573.000000 247.240585 0.197000 143.365005
3574.375000 247.450562 0.197000 143.475006
3576.375000 247.670563 0.197000 143.570007
3578.500000 247.880554 0.197000 143.675003
3580.500000 248.090500 0.197000 143.770004
3583.750000 248.300461 0.197000 143.865005
3586.250000 248.510422 0.197000 143.970001
3590.875000 248.510422 0.197000 144.070007
3593.000000 248.740387 0.197000 144.164993
3596.500000 248.950363 0.197000 144.259995
3600.000000 249.190292 0.208000 144.369995
3603.000000 249.429993 0.208000 144.470001
3604.750000 249.639236 0.208000 144.570007
3607.750000 249.848450 0.208000 144.669998
3612.000000 250.057892 0.208000 144.770004
3614.875000 250.267548 0.208000 144.869995
3617.875000 250.477356 0.208000 144.964996
3623.750000 250.687241 0.208000 145.070007
3630.125000 250.687241 0.208000 145.160004
3634.750000 250.907166 0.208000 145.264999
3639.875000 251.137115 0.238000 145.375000
3645.625000 251.347046 0.238000 145.470001
3649.875000 251.556549 0.238000 145.574997
3653.000000 251.765839 0.238000 145.669998
3655.750000 251.975235 0.238000 145.759995
3659.250000 252.184830 0.238000 145.869995
3663.250000 252.404556 0.238000 145.970001
3664.750000 252.624420 0.238000 146.065002
3666.500000 252.834396 0.238000 146.169998
3667.875000 253.044434 0.238000 146.264999
3669.625000 253.244537 0.246000 146.365005
3671.000000 253.451813 0.246000 146.470001
3672.625000 253.651947 0.246000 146.565002
3674.125000 253.651947 0.246000 146.664993
3675.250000 253.857864 0.246000 146.770004
3676.500000 254.102081 0.246000 146.860001
3677.125000 254.102081 0.246000 146.964996
3677.625000 254.326080 0.246000 147.070007
3678.250000 254.567596 0.246000 147.169998
3679.750000 254.567596 0.246000 147.259995
3680.500000 254.780426 0.243000 147.360001
3681.125000 254.986374 0.243000 147.470001
3681.500000 255.192612 0.243000 147.570007
3681.875000 255.192612 0.243000 147.664993
3682.500000 255.398987 0.243000 147.770004
3683.125000 255.613998 0.243000 147.860001
3683.625000 255.819504 0.243000 147.970001
3683.750000 255.819504 0.243000 148.070007
3684.125000 256.025146 0.243000 148.164993
3684.625000 256.230011 0.205000 148.270004
3685.000000 256.230011 0.205000 148.365005
3685.250000 256.436920 0.205000 148.470001
3685.500000 256.640747 0.205000 148.570007
3685.625000 256.640747 0.205000 148.669998
3686.000000 256.640747 0.205000 148.770004
3686.125000 256.841675 0.205000 148.869995
3686.250000 256.841675 0.205000 148.960007
3686.250000 256.841675 0.205000 149.070007
3686.750000 256.841675 0.205000 149.169998
3686.875000 256.841675 0.201000 149.270004
3687.250000 256.841675 0.201000 149.375000
3687.500000 256.841675 0.201000 149.470001
3688.000000 256.841675 0.201000 149.565002
3688.000000 256.841675 0.201000 149.664993
3688.250000 256.841675 0.201000 149.764999
3688.250000 256.841675 0.201000 149.869995
3688.625000 256.841675 0.201000 149.964996
3688.625000 256.841675 0.201000 150.070007
3688.625000 256.841675 0.201000 150.169998
3688.625000 257.042053 0.201000 150.264999
3689.500000 257.042053 0.206000 150.365005
3689.500000 257.042053 0.206000 150.460007
3689.625000 257.042053 0.206000 150.565002
3689.750000 257.042053 0.206000 150.669998
3690.125000 257.247192 0.206000 150.759995
3690.250000 257.247192 0.206000 150.865005
3690.750000 257.472260 0.206000 150.960007
3690.875000 257.472260 0.206000 151.070007
3690.875000 257.685669 0.206000 151.169998
3691.375000 257.900665 0.187000 151.264999
3691.875000 257.900665 0.187000 151.365005
3692.125000 258.103821 0.187000 151.460007
3692.375000 258.334290 0.187000 151.570007
3692.500000 258.538177 0.187000 151.660004
3693.000000 258.744904 0.187000 151.764999
3693.250000 258.948120 0.187000 151.875000
3693.375000 259.154510 0.187000 151.960007
3694.500000 259.362671 0.187000 152.065002
3695.250000 259.571625 0.187000 152.169998
3695.625000 259.778137 0.187000 152.270004
3696.625000 259.778137 0.188000 152.365005
3697.250000 259.999939 0.188000 152.470001
3698.000000 260.204224 0.188000 152.574997
3698.375000 260.420807 0.188000 152.669998
3699.000000 260.629120 0.188000 152.770004
3699.250000 260.838226 0.188000 152.869995
3700.750000 261.047699 0.188000 152.964996
3701.375000 261.307220 0.188000 153.059998
3702.000000 261.522858 0.188000 153.169998
3702.750000 261.729187 0.188000 153.270004
3704.250000 261.729187 0.234000 153.369995
3705.500000 261.932892 0.234000 153.470001
3706.375000 261.932892 0.234000 153.565002
3708.500000 261.932892 0.234000 153.669998
3709.500000 262.139343 0.234000 153.764999
3710.000000 262.139343 0.234000 153.865005
3711.250000 262.139343 0.234000 153.964996
3711.500000 262.139343 0.234000 154.070007
3712.750000 262.139343 0.234000 154.164993
3713.875000 262.139343 0.234000 154.270004
3715.000000 262.139343 0.264000 154.369995
3715.875000 262.339691 0.264000 154.470001
3716.500000 262.339691 0.264000 154.570007
3717.000000 262.339691 0.264000 154.664993
3717.875000 262.339691 0.264000 154.764999
3718.250000 262.339691 0.264000 154.869995
3719.250000 262.339691 0.264000 154.970001
3719.750000 262.339691 0.264000 155.070007
3720.375000 262.339691 0.264000 155.169998
3720.500000 262.339691 0.264000 155.270004
3720.750000 262.339691 0.225000 155.369995
3721.125000 262.339691 0.225000 155.470001
3721.250000 262.339691 0.225000 155.554993
3721.500000 262.339691 0.225000 155.664993
3722.000000 262.339691 0.225000 155.759995
3722.500000 262.541077 0.225000 155.875000
3722.750000 262.541077 0.225000 155.964996
3722.875000 262.754730 0.225000 156.065002
3723.000000 262.955078 0.225000 156.164993
3723.250000 262.955078 0.225000 156.270004
3723.500000 263.184509 0.228000 156.369995
3723.750000 263.387421 0.228000 156.464996
3723.750000 263.387421 0.228000 156.570007
3723.875000 263.606567 0.228000 156.669998
3724.750000 263.813507 0.228000 156.764999
3725.000000 264.041779 0.228000 156.869995
3725.000000 264.246887 0.228000 156.975006
3725.000000 264.454468 0.228000 157.065002
3725.500000 264.663269 0.228000 157.160004
3725.500000 264.882568 0.194000 157.270004
3725.500000 265.092163 0.194000 157.369995
3726.125000 265.301575 0.194000 157.470001
3726.375000 265.511017 0.194000 157.565002
3726.375000 265.511017 0.194000 157.664993
3726.500000 265.720673 0.194000 157.764999
3726.750000 265.930450 0.194000 157.869995
3726.750000 266.170288 0.194000 157.970001
3726.875000 266.380188 0.194000 158.074997
3727.000000 266.590088 0.194000 158.164993
3727.250000 266.830017 0.181000 158.270004
3727.375000 267.039948 0.181000 158.369995
3727.500000 267.249878 0.181000 158.475006
3727.750000 267.459808 0.181000 158.570007
3727.750000 267.669739 0.181000 158.669998
3728.625000 267.879669 0.181000 158.759995
3728.625000 268.089630 0.181000 158.875000
3729.625000 268.299591 0.181000 158.970001
3730.250000 268.509521 0.181000 159.070007
3730.625000 268.509521 0.181000 159.164993
3730.875000 268.719421 0.158000 159.270004
3731.000000 268.959290 0.158000 159.365005
3731.500000 269.169220 0.158000 159.470001
3732.125000 269.379211 0.158000 159.570007
3732.375000 269.589203 0.158000 159.669998
3732.500000 269.799164 0.158000 159.770004
3733.000000 270.029144 0.158000 159.865005
3733.125000 270.249115 0.158000 159.975006
3733.375000 270.459076 0.158000 160.065002
3733.625000 270.669067 0.158000 160.164993
3734.250000 270.879059 0.148000 160.270004
3734.375000 271.089050 0.148000 160.365005
3734.625000 271.299042 0.148000 160.470001
3734.875000 271.499054 0.148000 160.570007
3735.000000 271.709045 0.148000 160.669998
3735.125000 271.709045 0.148000 160.764999
3735.125000 271.929047 0.148000 160.865005
3735.625000 272.159027 0.148000 160.964996
3735.875000 272.368988 0.148000 161.070007
3736.000000 272.578949 0.148000 161.164993
3736.375000 272.788940 0.178000 161.259995
3737.125000 272.998932 0.178000 161.369995
3737.625000 273.238861 0.178000 161.475006
3738.250000 273.448792 0.178000 161.565002
3738.625000 273.658722 0.178000 161.669998
3739.125000 273.868256 0.178000 161.770004
3739.375000 274.077454 0.178000 161.869995
3740.625000 274.286835 0.178000 161.960007
3741.000000 274.496399 0.178000 162.070007
3741.250000 274.706085 0.178000 162.164993
3741.500000 274.915833 0.145000 162.274994
3742.125000 274.915833 0.145000 162.369995
3742.750000 275.155487 0.145000 162.475006
3743.250000 275.364594 0.145000 162.565002
3743.250000 275.573029 0.145000 162.669998
3744.125000 275.781647 0.145000 162.770004
3745.250000 275.990814 0.145000 162.865005
3745.625000 276.230316 0.145000 162.975006
3746.500000 276.440155 0.145000 163.054993
3747.250000 276.670135 0.145000 163.169998
3747.625000 276.870148 0.140000 163.274994
3749.000000 277.070221 0.140000 163.375000
3749.625000 277.279968 0.140000 163.464996
3750.500000 277.485626 0.140000 163.559998
3752.500000 277.485626 0.140000 163.669998
3753.625000 277.693207 0.140000 163.770004
3755.000000 277.900360 0.140000 163.869995
3756.125000 278.112122 0.140000 163.975006
3758.750000 278.318390 0.140000 164.074997
3760.750000 278.318390 0.140000 164.169998
3763.750000 278.545532 0.175000 164.264999
3765.625000 278.750244 0.175000 164.365005
3769.250000 278.750244 0.175000 164.475006
3771.250000 278.955322 0.175000 164.565002
3774.250000 279.171326 0.175000 164.664993
3777.875000 279.375854 0.175000 164.770004
3784.125000 279.583679 0.175000 164.860001
3789.500000 279.788239 0.175000 164.964996
3794.375000 279.995880 0.175000 165.065002
3801.500000 280.205109 0.175000 165.169998
3808.000000 280.205109 0.175000 165.264999
3813.750000 280.455139 0.197000 165.375000
3821.375000 280.655548 0.197000 165.470001
3826.125000 280.856079 0.197000 165.570007
3829.250000 281.056671 0.197000 165.664993
3833.625000 281.257294 0.197000 165.770004
3836.750000 281.457672 0.197000 165.869995
3841.625000 281.657959 0.197000 165.975006
3844.000000 281.867828 0.197000 166.070007
3845.750000 282.077515 0.197000 166.164993
3847.250000 282.287354 0.197000 166.274994
3849.750000 282.496735 0.207000 166.365005
3852.875000 282.705536 0.207000 166.470001
3854.625000 282.908539 0.207000 166.565002
3857.500000 282.908539 0.207000 166.664993
3860.125000 283.110352 0.207000 166.770004
3861.375000 283.110352 0.207000 166.860001
3863.000000 283.110352 0.207000 166.960007
3864.000000 283.310822 0.207000 167.070007
3866.125000 283.310822 0.207000 167.164993
3867.000000 283.310822 0.168000 167.264999
3868.500000 283.310822 0.168000 167.360001
3870.125000 283.310822 0.168000 167.470001
3871.000000 283.310822 0.168000 167.565002
3872.000000 283.310822 0.168000 167.664993
3872.500000 283.310822 0.168000 167.770004
3872.625000 283.310822 0.168000 167.869995
3874.250000 283.310822 0.168000 167.964996
3875.000000 283.310822 0.168000 168.070007
3875.750000 283.310822 0.168000 168.164993
3876.750000 283.310822 0.163000 168.259995
3877.625000 283.514252 0.163000 168.369995
3878.625000 283.514252 0.163000 168.475006
3879.375000 283.716705 0.163000 168.565002
3879.500000 283.954834 0.163000 168.675003
3880.000000 284.159576 0.163000 168.770004
3880.250000 284.362213 0.163000 168.860001
3881.875000 284.568268 0.163000 168.975006
3882.625000 284.776154 0.163000 169.074997
3882.875000 284.985016 0.163000 169.169998
3883.500000 284.985016 0.156000 169.264999
3884.250000 285.194366 0.156000 169.369995
3884.625000 285.403625 0.156000 169.470001
3885.250000 285.632965 0.156000 169.570007
3885.625000 285.842590 0.156000 169.675003
3886.625000 286.052368 0.156000 169.774994
3887.125000 286.262177 0.156000 169.854996
3887.875000 286.472076 0.156000 169.960007
3888.375000 286.731934 0.156000 170.070007
3889.125000 286.941833 0.156000 170.164993
3890.125000 287.151733 0.156000 170.264999
3890.750000 287.361633 0.188000 170.360001
3891.375000 287.571533 0.188000 170.460007
3892.125000 287.571533 0.188000 170.559998
3892.500000 287.991394 0.188000 170.669998
3893.375000 287.991394 0.188000 170.759995
3893.500000 288.211304 0.188000 170.869995
3894.625000 288.441071 0.188000 170.964996
3894.875000 288.650818 0.188000 171.065002
3895.625000 288.860565 0.188000 171.169998
3896.250000 289.070312 0.161000 171.270004
3897.000000 289.320007 0.161000 171.360001
3898.000000 289.529785 0.161000 171.470001
3899.125000 289.739685 0.161000 171.565002
3899.750000 289.949585 0.161000 171.669998
3900.375000 290.159485 0.161000 171.770004
3901.375000 290.369415 0.161000 171.869995
3902.125000 290.579346 0.161000 171.964996
3902.375000 290.579346 0.161000 172.059998
3903.000000 290.789276 0.161000 172.169998
3903.625000 291.029175 0.164000 172.270004
3904.000000 291.239105 0.164000 172.369995
3904.625000 291.449005 0.164000 172.464996
3905.875000 291.658905 0.164000 172.565002
3906.500000 291.898804 0.164000 172.669998
3907.500000 292.108704 0.164000 172.759995
3908.500000 292.318604 0.164000 172.869995
3909.750000 292.528503 0.164000 172.964996
3910.625000 292.738403 0.164000 173.070007
3912.125000 292.948273 0.164000 173.164993
3913.000000 292.948273 0.174000 173.250000
3914.500000 293.366241 0.174000 173.375000
3915.875000 293.366241 0.174000 173.464996
3917.250000 293.573334 0.174000 173.570007
3917.875000 293.774139 0.174000 173.664993
3918.750000 293.975159 0.174000 173.770004
3919.500000 293.975159 0.174000 173.865005
3920.500000 294.196289 0.174000 173.970001
3921.625000 294.416992 0.174000 174.070007
3922.625000 294.622467 0.174000 174.169998
3923.625000 294.622467 0.169000 174.264999
3925.000000 294.845917 0.169000 174.369995
3925.250000 295.049347 0.169000 174.470001
3926.000000 295.251556 0.169000 174.559998
3926.875000 295.452637 0.169000 174.664993
3927.375000 295.657318 0.169000 174.764999
3927.875000 295.863495 0.169000 174.869995
3928.625000 296.070526 0.169000 174.960007
3929.125000 296.278381 0.169000 175.074997
3929.750000 296.487091 0.169000 175.169998
3930.875000 296.487091 0.195000 175.264999
3931.125000 296.726257 0.195000 175.375000
3932.000000 296.935852 0.195000 175.464996
3933.375000 297.145569 0.195000 175.574997
3934.500000 297.355377 0.195000 175.675003
3935.125000 297.565186 0.195000 175.770004
3935.500000 297.795105 0.195000 175.875000
3936.750000 298.044983 0.195000 175.975006
3937.500000 298.254883 0.195000 176.070007
3938.000000 298.464783 0.195000 176.164993
3938.750000 298.464783 0.195000 176.259995
3939.750000 298.674713 0.187000 176.365005
3940.375000 298.914581 0.187000 176.470001
3941.000000 299.124146 0.187000 176.570007
3941.125000 299.333252 0.187000 176.654999
3942.125000 299.542511 0.187000 176.764999
3942.125000 299.782013 0.187000 176.869995
3942.500000 300.011719 0.187000 176.970001
3943.000000 300.221558 0.187000 177.070007
3943.625000 300.431335 0.187000 177.164993
3944.625000 300.633087 0.176000 177.274994
3945.750000 300.835205 0.176000 177.369995
3946.750000 300.835205 0.176000 177.464996
3947.625000 301.038422 0.176000 177.570007
3947.750000 301.286469 0.176000 177.675003
3948.125000 301.286469 0.176000 177.764999
3948.625000 301.507965 0.176000 177.865005
3949.375000 301.713562 0.176000 177.970001
3950.250000 301.919067 0.176000 178.070007
3951.500000 301.919067 0.176000 178.169998
3952.875000 302.126892 0.173000 178.270004
3953.500000 302.347015 0.173000 178.369995
3953.875000 302.549103 0.173000 178.464996
3954.625000 302.750153 0.173000 178.565002
3955.500000 302.955566 0.173000 178.669998
3956.000000 303.163269 0.173000 178.770004
3958.250000 303.372131 0.173000 178.865005
3959.375000 303.581604 0.173000 178.970001
3961.625000 303.791077 0.173000 179.070007
3962.125000 303.791077 0.173000 179.169998
3963.750000 304.030579 0.173000 179.270004
3964.500000 304.240356 0.209000 179.360001
3966.375000 304.490143 0.209000 179.470001
3967.500000 304.719604 0.209000 179.574997
3969.000000 304.928864 0.209000 179.654999
3971.000000 305.138184 0.209000 179.764999
3971.875000 305.347656 0.209000 179.869995
3973.125000 305.557251 0.209000 179.970001
3974.375000 305.766968 0.209000 180.065002
3975.125000 305.976715 0.209000 180.169998
3977.250000 306.186615 0.209000 180.270004
3978.125000 306.186615 0.223000 180.369995
3981.250000 306.396454 0.223000 180.464996
3982.125000 306.606293 0.223000 180.565002
3983.250000 306.826111 0.223000 180.669998
3984.750000 307.035919 0.223000 180.764999
3986.875000 307.245728 0.223000 180.869995
3988.500000 307.475525 0.223000 180.970001
3990.500000 307.725281 0.223000 181.065002
3991.375000 307.935120 0.223000 181.169998
3994.250000 308.145020 0.183000 181.264999
3996.125000 308.354919 0.183000 181.369995
3997.375000 308.564819 0.183000 181.470001
3998.875000 308.774719 0.183000 181.570007
4000.125000 308.774719 0.183000 181.664993
4001.375000 308.984619 0.183000 181.770004
4003.750000 309.194519 0.183000 181.869995
4005.125000 309.434387 0.183000 181.970001
4006.500000 309.644287 0.183000 182.070007
4008.375000 309.854187 0.183000 182.164993
4010.375000 310.074066 0.223000 182.274994
4011.500000 310.303955 0.223000 182.369995
4012.625000 310.513855 0.223000 182.470001
4014.125000 310.723755 0.223000 182.565002
4014.875000 310.933655 0.223000 182.664993
4016.250000 311.143555 0.223000 182.770004
4016.625000 311.353516 0.223000 182.869995
4018.625000 311.563477 0.223000 182.970001
4019.375000 311.773438 0.223000 183.070007
4020.375000 311.983398 0.223000 183.175003
4021.625000 311.983398 0.223000 183.270004
4022.625000 312.193359 0.216000 183.369995
4023.750000 312.403259 0.216000 183.470001
4025.250000 312.612701 0.216000 183.570007
4026.125000 312.822174 0.216000 183.669998
4027.000000 313.031830 0.216000 183.770004
4028.000000 313.241638 0.216000 183.869995
4028.875000 313.451385 0.216000 183.975006
4029.875000 313.661163 0.216000 184.070007
4031.000000 313.870972 0.216000 184.169998
4031.500000 314.110718 0.210000 184.264999
4033.125000 314.340515 0.210000 184.369995
4033.500000 314.550354 0.210000 184.470001
4034.500000 314.760254 0.210000 184.570007
4035.625000 314.970154 0.210000 184.669998
4036.875000 315.180084 0.210000 184.774994
4038.500000 315.180084 0.210000 184.860001
4039.375000 315.390076 0.210000 184.970001
4040.750000 315.630066 0.210000 185.070007
4042.125000 315.830078 0.210000 185.164993
4042.750000 316.040009 0.210000 185.264999
4044.375000 316.249939 0.215000 185.375000
4044.875000 316.459869 0.215000 185.470001
4046.375000 316.699799 0.215000 185.570007
4048.250000 316.909760 0.215000 185.669998
4049.250000 317.139771 0.215000 185.770004
4050.375000 317.349762 0.215000 185.869995
4051.250000 317.559753 0.215000 185.970001
4051.875000 317.769745 0.215000 186.070007
4053.125000 317.979706 0.215000 186.169998
4053.500000 317.979706 0.215000 186.264999
4055.000000 318.219635 0.215000 186.369995
4057.000000 318.429565 0.215000 186.470001
4058.875000 318.639496 0.215000 186.570007
4063.250000 318.849426 0.215000 186.669998
4064.375000 319.058624 0.215000 186.764999
4066.375000 319.273865 0.215000 186.869995
4067.875000 319.484406 0.215000 186.970001
4068.375000 319.484406 0.215000 187.070007
4070.000000 319.710114 0.215000 187.164993
4074.625000 319.914062 0.215000 187.270004
4078.125000 320.117096 0.221000 187.369995
4084.750000 320.117096 0.221000 187.475006
4090.125000 320.320923 0.221000 187.570007
4093.125000 320.526001 0.221000 187.669998
4100.875000 320.732147 0.221000 187.770004
4103.500000 320.732147 0.221000 187.869995
4106.250000 320.952179 0.221000 187.970001
4108.750000 320.952179 0.221000 188.065002
4110.750000 321.157501 0.221000 188.169998
4114.000000 321.157501 0.221000 188.274994
4115.750000 321.157501 0.236000 188.365005
4117.125000 321.157501 0.236000 188.470001
4119.125000 321.357941 0.236000 188.570007
4121.250000 321.357941 0.236000 188.664993
4123.375000 321.357941 0.236000 188.759995
4125.500000 321.357941 0.236000 188.869995
4127.500000 321.357941 0.236000 188.964996
4130.000000 321.357941 0.236000 189.074997
4131.125000 321.357941 0.236000 189.169998
4132.250000 321.357941 0.236000 189.270004
4134.125000 321.357941 0.237000 189.365005
4136.500000 321.357941 0.237000 189.470001
4137.875000 321.357941 0.237000 189.565002
4140.500000 321.357941 0.237000 189.669998
4142.125000 321.357941 0.237000 189.770004
4144.500000 321.357941 0.237000 189.869995
4145.875000 321.357941 0.237000 189.970001
4146.375000 321.357941 0.237000 190.070007
4147.125000 321.357941 0.237000 190.154999
4148.375000 321.357941 0.237000 190.270004
4149.375000 321.357941 0.210000 190.365005
4149.875000 321.357941 0.210000 190.470001
4151.625000 321.357941 0.210000 190.570007
4152.125000 321.357941 0.210000 190.669998
4152.500000 321.357941 0.210000 190.770004
4153.125000 321.357941 0.210000 190.875000
4153.875000 321.357941 0.210000 190.975006
4154.250000 321.357941 0.210000 191.074997
4155.125000 321.357941 0.210000 191.164993
4156.125000 321.357941 0.203000 191.264999
4156.375000 321.357941 0.203000 191.369995
4156.500000 321.357941 0.203000 191.470001
4157.000000 321.357941 0.203000 191.565002
4157.625000 321.357941 0.203000 191.664993
4158.750000 321.357941 0.203000 191.774994
4159.500000 321.357941 0.203000 191.865005
4160.250000 321.357941 0.203000 191.970001
4161.250000 321.357941 0.203000 192.059998
4162.500000 321.357941 0.203000 192.175003
4162.750000 321.357941 0.203000 192.259995
4163.375000 321.357941 0.192000 192.369995
4163.875000 321.357941 0.192000 192.460007
4164.875000 321.357941 0.192000 192.574997
4169.625000 321.357941 0.192000 192.660004
4170.125000 321.357941 0.192000 192.764999
4170.625000 321.357941 0.192000 192.869995
4171.750000 321.357941 0.192000 192.964996
4172.750000 321.357941 0.192000 193.074997
4173.250000 321.357941 0.192000 193.169998
4173.625000 321.357941 0.192000 193.270004
4174.750000 321.357941 0.234000 193.369995
4175.375000 321.357941 0.234000 193.464996
4176.250000 321.357941 0.234000 193.565002
4177.250000 321.357941 0.234000 193.664993
4177.750000 321.357941 0.234000 193.764999
4178.125000 321.357941 0.234000 193.865005
4178.625000 321.357941 0.234000 193.970001
4179.000000 321.357941 0.234000 194.070007
4179.375000 321.357941 0.234000 194.169998
4180.250000 321.357941 0.234000 194.274994
4180.750000 321.357941 0.202000 194.369995
4181.500000 321.357941 0.202000 194.464996
4182.250000 321.357941 0.202000 194.565002
4182.375000 321.357941 0.202000 194.675003
4183.500000 321.357941 0.202000 194.764999
4184.250000 321.357941 0.202000 194.865005
4185.125000 321.357941 0.202000 194.975006
4185.375000 321.357941 0.202000 195.070007
4186.875000 321.357941 0.202000 195.175003
4187.375000 321.357941 0.202000 195.264999
4187.875000 321.357941 0.215000 195.365005
4188.250000 321.357941 0.215000 195.470001
4190.000000 321.357941 0.215000 195.570007
4190.750000 321.357941 0.215000 195.675003
4191.125000 321.357941 0.215000 195.764999
4191.375000 321.357941 0.215000 195.869995
4192.500000 321.357941 0.215000 195.960007
4193.500000 321.357941 0.215000 196.059998
4193.750000 321.357941 0.215000 196.169998
4194.250000 321.357941 0.215000 196.259995
4195.000000 321.357941 0.229000 196.369995
4195.125000 321.357941 0.229000 196.470001
4196.000000 321.357941 0.229000 196.565002
4196.250000 321.357941 0.229000 196.664993
4197.125000 321.357941 0.229000 196.764999
4197.625000 321.357941 0.229000 196.869995
4198.250000 321.357941 0.229000 196.970001
4198.875000 321.357941 0.229000 197.070007
4199.500000 321.357941 0.229000 197.169998
4199.500000 321.357941 0.229000 197.259995
4200.625000 321.357941 0.223000 197.365005
4201.250000 321.357941 0.223000 197.475006
4201.625000 321.357941 0.223000 197.565002
4202.000000 321.357941 0.223000 197.669998
4202.250000 321.357941 0.223000 197.770004
4202.375000 321.357941 0.223000 197.865005
4203.000000 321.357941 0.223000 197.970001
4203.125000 321.357941 0.223000 198.070007
4203.625000 321.357941 0.223000 198.160004
4204.000000 321.357941 0.223000 198.264999
4204.250000 321.357941 0.234000 198.369995
4204.625000 321.357941 0.234000 198.460007
4205.125000 321.357941 0.234000 198.565002
4205.250000 321.357941 0.234000 198.679993
4205.625000 321.357941 0.234000 198.774994
4205.625000 321.357941 0.234000 198.860001
4206.750000 321.357941 0.234000 198.975006
4207.125000 321.357941 0.234000 199.074997
4207.750000 321.357941 0.234000 199.169998
4207.875000 321.357941 0.234000 199.270004
4208.875000 321.357941 0.198000 199.375000
4209.125000 321.357941 0.198000 199.470001
4209.750000 321.357941 0.198000 199.565002
4209.875000 321.357941 0.198000 199.675003
4210.875000 321.357941 0.198000 199.764999
4211.250000 321.357941 0.198000 199.875000
4211.500000 321.357941 0.198000 199.970001
4211.500000 321.357941 0.198000 200.074997
4212.375000 321.357941 0.198000 200.169998
4212.500000 321.357941 0.195000 200.274994
4213.000000 321.357941 0.195000 200.375000
4213.750000 321.357941 0.195000 200.475006
4214.625000 321.357941 0.195000 200.574997
4215.000000 321.357941 0.195000 200.669998
4215.625000 321.357941 0.195000 200.770004
4215.625000 321.357941 0.195000 200.875000
4216.875000 321.357941 0.195000 200.975006
4218.000000 321.357941 0.195000 201.070007
4218.500000 321.357941 0.195000 201.175003
4218.750000 321.357941 0.198000 201.270004
4219.000000 321.357941 0.198000 201.375000
4219.000000 321.357941 0.198000 201.475006
4220.250000 321.357941 0.198000 201.580002
4220.375000 321.357941 0.198000 201.654999
4221.000000 321.357941 0.198000 201.764999
4221.000000 321.357941 0.198000 201.875000
4222.250000 321.357941 0.198000 201.970001
4223.000000 321.357941 0.198000 202.070007
4223.125000 321.357941 0.198000 202.175003
4223.125000 321.357941 0.198000 202.270004
4224.000000 321.357941 0.223000 202.360001
4224.375000 321.357941 0.223000 202.464996
4224.875000 321.357941 0.223000 202.565002
4224.875000 321.357941 0.223000 202.675003
4225.625000 321.357941 0.223000 202.774994
4226.125000 321.357941 0.223000 202.869995
4226.875000 321.357941 0.223000 202.970001
4227.375000 321.357941 0.223000 203.070007
4227.750000 321.357941 0.223000 203.169998
4228.000000 321.357941 0.223000 203.270004
4229.250000 321.357941 0.198000 203.365005
4229.625000 321.357941 0.198000 203.470001
4230.375000 321.357941 0.198000 203.570007
4230.750000 321.357941 0.198000 203.675003
4231.375000 321.357941 0.198000 203.770004
4232.125000 321.357941 0.198000 203.865005
4232.750000 321.357941 0.198000 203.970001
4233.125000 321.357941 0.198000 204.070007
4233.375000 321.357941 0.198000 204.164993
4234.375000 321.357941 0.198000 204.270004
4235.250000 321.357941 0.198000 204.369995
4235.625000 321.357941 0.198000 204.464996
4236.500000 321.357941 0.198000 204.570007
4236.875000 321.357941 0.198000 204.664993
4237.375000 321.357941 0.198000 204.770004
4237.500000 321.357941 0.198000 204.869995
4238.375000 321.357941 0.198000 204.964996
4238.500000 321.357941 0.198000 205.074997
4239.375000 321.357941 0.198000 205.164993
4239.750000 321.357941 0.198000 205.270004
4240.875000 321.357941 0.206000 205.369995
4240.875000 321.357941 0.206000 205.470001
4241.750000 321.357941 0.206000 205.574997
4242.000000 321.357941 0.206000 205.664993
4242.375000 321.357941 0.206000 205.764999
4242.750000 321.357941 0.206000 205.865005
4243.375000 321.357941 0.206000 205.970001
4243.625000 321.357941 0.206000 206.065002
4244.625000 321.357941 0.206000 206.175003
4245.000000 321.357941 0.206000 206.270004
4245.500000 321.357941 0.213000 206.365005
4245.875000 321.357941 0.213000 206.460007
4246.500000 321.357941 0.213000 206.559998
4246.750000 321.357941 0.213000 206.669998
4247.500000 321.357941 0.213000 206.774994
4247.750000 321.357941 0.213000 206.865005
4248.750000 321.357941 0.213000 206.970001
4249.125000 321.357941 0.213000 207.065002
4249.375000 321.357941 0.213000 207.169998
4249.875000 321.357941 0.213000 207.274994
4250.250000 321.357941 0.199000 207.369995
4250.625000 321.357941 0.199000 207.475006
4250.750000 321.357941 0.199000 207.574997
4251.000000 321.357941 0.199000 207.675003
4251.500000 321.357941 0.199000 207.764999
4251.625000 321.357941 0.199000 207.869995
4252.250000 321.357941 0.199000 207.970001
4252.375000 321.357941 0.199000 208.070007
4253.500000 321.357941 0.199000 208.160004
4253.875000 321.357941 0.197000 208.274994
4254.000000 321.357941 0.197000 208.365005
4254.500000 321.357941 0.197000 208.460007
4255.500000 321.357941 0.197000 208.570007
4255.500000 321.357941 0.197000 208.669998
4255.750000 321.357941 0.197000 208.770004
4256.375000 321.357941 0.197000 208.865005
4257.125000 321.357941 0.197000 208.970001
4257.500000 321.357941 0.197000 209.065002
4257.750000 321.357941 0.197000 209.169998
4258.250000 321.357941 0.196000 209.264999
4258.750000 321.357941 0.196000 209.369995
4258.750000 321.357941 0.196000 209.470001
4259.000000 321.357941 0.196000 209.565002
4259.000000 321.357941 0.196000 209.669998
4259.250000 321.357941 0.196000 209.764999
4259.250000 321.357941 0.196000 209.875000
4259.625000 321.357941 0.196000 209.964996
4259.625000 321.357941 0.196000 210.070007
4259.625000 321.357941 0.196000 210.164993
4260.125000 321.357941 0.216000 210.264999
4260.125000 321.357941 0.216000 210.365005
4260.250000 321.357941 0.216000 210.460007
4260.625000 321.357941 0.216000 210.565002
4260.625000 321.357941 0.216000 210.669998
4260.750000 321.357941 0.216000 210.774994
4261.000000 321.357941 0.216000 210.869995
4261.375000 321.357941 0.216000 210.964996
4261.625000 321.357941 0.216000 211.065002
4262.125000 321.357941 0.216000 211.169998
4262.125000 321.357941 0.193000 211.270004
4262.375000 321.357941 0.193000 211.365005
4262.875000 321.357941 0.193000 211.470001
4263.125000 321.357941 0.193000 211.565002
4263.375000 321.357941 0.193000 211.669998
4263.375000 321.357941 0.193000 211.764999
4263.625000 321.357941 0.193000 211.869995
4263.875000 321.357941 0.193000 211.970001
4264.250000 321.357941 0.193000 212.070007
4264.500000 321.357941 0.193000 212.169998
4264.500000 321.357941 0.193000 212.270004
4264.750000 321.357941 0.218000 212.375000
4264.750000 321.357941 0.218000 212.470001
4265.000000 321.357941 0.218000 212.570007
4265.125000 321.357941 0.218000 212.669998
4265.500000 321.357941 0.218000 212.774994
4265.750000 321.357941 0.218000 212.865005
4265.875000 321.357941 0.218000 212.964996
4266.125000 321.357941 0.218000 213.070007
4266.250000 321.357941 0.218000 213.164993
4266.375000 321.357941 0.199000 213.274994
4266.500000 321.357941 0.199000 213.375000
4266.625000 321.357941 0.199000 213.464996
4266.875000 321.357941 0.199000 213.565002
4266.875000 321.357941 0.199000 213.669998
4267.000000 321.357941 0.199000 213.764999
4267.125000 321.357941 0.199000 213.869995
4267.250000 321.357941 0.199000 213.964996
4267.250000 321.357941 0.199000 214.065002
4267.500000 321.357941 0.199000 214.169998
4268.000000 321.357941 0.207000 214.274994
4268.250000 321.357941 0.207000 214.365005
4268.375000 321.357941 0.207000 214.475006
4268.500000 321.357941 0.207000 214.570007
4268.750000 321.357941 0.207000 214.664993
4268.750000 321.357941 0.207000 214.774994
4269.000000 321.357941 0.207000 214.869995
4269.250000 321.357941 0.207000 214.960007
4269.750000 321.357941 0.207000 215.065002
4270.375000 321.357941 0.207000 215.169998
4270.875000 321.357941 0.198000 215.259995
4271.000000 321.357941 0.198000 215.365005
4271.125000 321.357941 0.198000 215.464996
4271.250000 321.357941 0.198000 215.570007
4271.250000 321.357941 0.198000 215.675003
4271.250000 321.357941 0.198000 215.770004
4271.750000 321.357941 0.198000 215.869995
4271.875000 321.357941 0.198000 215.975006
4272.125000 321.357941 0.198000 216.070007
4272.375000 321.357941 0.198000 216.169998
4272.375000 321.357941 0.196000 216.270004
4272.500000 321.357941 0.196000 216.365005
4272.500000 321.357941 0.196000 216.464996
4273.375000 321.357941 0.196000 216.570007
4273.375000 321.357941 0.196000 216.669998
4273.500000 321.357941 0.196000 216.770004
4273.500000 321.357941 0.196000 216.869995
4273.750000 321.357941 0.196000 216.970001
4273.750000 321.357941 0.196000 217.074997
4274.000000 321.357941 0.196000 217.169998
4274.000000 321.357941 0.196000 217.264999
4274.625000 321.357941 0.199000 217.369995
4274.875000 321.357941 0.199000 217.475006
4275.000000 321.357941 0.199000 217.570007
4275.250000 321.357941 0.199000 217.669998
4275.250000 321.357941 0.199000 217.759995
4275.375000 321.357941 0.199000 217.880005
4275.875000 321.357941 0.199000 217.970993
4276.000000 321.357941 0.199000 218.074997
4276.375000 321.357941 0.199000 218.169998
4276.875000 321.357941 0.205000 218.274994
4277.000000 321.357941 0.205000 218.369995
4277.375000 321.357941 0.205000 218.470001
4277.875000 321.357941 0.205000 218.559998
4277.875000 321.357941 0.205000 218.669998
4278.250000 321.357941 0.205000 218.770004
4278.375000 321.357941 0.205000 218.865005
4278.750000 321.357941 0.205000 218.970001
4279.000000 321.357941 0.205000 219.070007
4279.125000 321.357941 0.205000 219.164993
4279.125000 321.357941 0.198000 219.270004
4279.875000 321.357941 0.198000 219.369995
4280.375000 321.357941 0.198000 219.464996
4280.750000 321.357941 0.198000 219.565002
4281.000000 321.357941 0.198000 219.669998
4281.500000 321.357941 0.198000 219.764999
4281.500000 321.357941 0.198000 219.875000
4282.000000 321.357941 0.198000 219.970001
4282.000000 321.357941 0.198000 220.074997
4282.625000 321.357941 0.198000 220.169998
4282.625000 321.357941 0.198000 220.264999
4282.625000 321.357941 0.218000 220.369995
4282.625000 321.357941 0.218000 220.460007
4283.250000 321.357941 0.218000 220.559998
4283.375000 321.357941 0.218000 220.664993
4283.625000 321.357941 0.218000 220.759995
4283.625000 321.357941 0.218000 220.860001
4284.000000 321.357941 0.218000 220.970001
4284.125000 321.357941 0.218000 221.070007
4284.500000 321.357941 0.218000 221.169998
4284.750000 321.357941 0.208000 221.264999
4285.000000 321.357941 0.208000 221.365005
4285.375000 321.357941 0.208000 221.470001
4286.000000 321.357941 0.208000 221.565002
4286.125000 321.357941 0.208000 221.664993
4286.125000 321.357941 0.208000 221.770004
4286.375000 321.357941 0.208000 221.865005
4286.750000 321.357941 0.208000 221.970001
4286.875000 321.357941 0.208000 222.070007
4287.000000 321.357941 0.208000 222.175003
4287.125000 321.357941 0.208000 222.270004
4287.250000 321.357941 0.199000 222.365005
4287.250000 321.357941 0.199000 222.475006
4287.625000 321.357941 0.199000 222.565002
4287.625000 321.357941 0.199000 222.675003
4287.875000 321.357941 0.199000 222.770004
4287.875000 321.357941 0.199000 222.865005
4288.125000 321.357941 0.199000 222.970001
4288.250000 321.357941 0.199000 223.070007
4288.500000 321.357941 0.199000 223.169998
4288.625000 321.357941 0.205000 223.274994
4288.750000 321.357941 0.205000 223.369995
4289.000000 321.357941 0.205000 223.464996
4289.125000 321.357941 0.205000 223.565002
4289.125000 321.357941 0.205000 223.660004
4289.375000 321.357941 0.205000 223.759995
4289.625000 321.357941 0.205000 223.869995
4289.875000 321.357941 0.205000 223.960007
4289.875000 321.357941 0.205000 224.065002
4290.375000 321.357941 0.205000 224.169998
4290.375000 321.357941 0.205000 224.270004
4290.500000 321.357941 0.201000 224.365005
4290.625000 321.357941 0.201000 224.470001
4290.875000 321.357941 0.201000 224.565002
4291.000000 321.357941 0.201000 224.669998
4291.125000 321.357941 0.201000 224.764999
4291.125000 321.357941 0.201000 224.869995
4291.250000 321.357941 0.201000 224.970001
4291.250000 321.357941 0.201000 225.070007
4291.625000 321.357941 0.201000 225.169998
4291.750000 321.357941 0.199000 225.270004
4292.125000 321.357941 0.199000 225.365005
4292.125000 321.357941 0.199000 225.470001
4292.125000 321.357941 0.199000 225.570007
4292.125000 321.357941 0.199000 225.664993
4292.625000 321.357941 0.199000 225.770004
4292.625000 321.357941 0.199000 225.875000
4292.750000 321.357941 0.199000 225.970001
4293.000000 321.357941 0.199000 226.070007
4293.000000 321.357941 0.199000 226.164993
4293.000000 321.357941 0.199000 226.259995
4293.250000 321.357941 0.204000 226.369995
4293.250000 321.357941 0.204000 226.470001
4293.375000 321.357941 0.204000 226.559998
4293.375000 321.357941 0.204000 226.669998
4293.500000 321.357941 0.204000 226.770004
4293.500000 321.357941 0.204000 226.865005
4293.500000 321.357941 0.204000 226.970001
4294.000000 321.357941 0.204000 227.070007
4294.125000 321.357941 0.204000 227.169998
4294.125000 321.357941 0.203000 227.270004
4294.125000 321.357941 0.203000 227.369995
4294.500000 321.357941 0.203000 227.464996
4294.500000 321.357941 0.203000 227.574997
4294.625000 321.357941 0.203000 227.669998
4294.625000 321.357941 0.203000 227.770004
4294.750000 321.357941 0.203000 227.869995
4294.875000 321.357941 0.203000 227.964996
4294.875000 321.357941 0.203000 228.074997
4295.000000 321.357941 0.203000 228.169998
4295.000000 321.357941 0.199000 228.274994
4295.250000 321.357941 0.199000 228.365005
4295.375000 321.357941 0.199000 228.470001
4295.375000 321.357941 0.199000 228.574997
4295.375000 321.357941 0.199000 228.675003
4295.625000 321.357941 0.199000 228.770004
4295.875000 321.357941 0.199000 228.869995
4296.000000 321.357941 0.199000 228.970001
4296.000000 321.357941 0.199000 229.070007
4296.250000 321.357941 0.199000 229.169998
4296.250000 321.357941 0.211000 229.270004
4296.500000 321.357941 0.211000 229.380005
4296.500000 321.357941 0.211000 229.464996
4296.625000 321.357941 0.211000 229.570007
4296.625000 321.357941 0.211000 229.669998
4296.625000 321.357941 0.211000 229.770004
4297.000000 321.357941 0.211000 229.869995
4297.375000 321.357941 0.211000 229.970001
4297.500000 321.357941 0.211000 230.054993
4297.625000 321.357941 0.211000 230.175003
4297.625000 321.357941 0.211000 230.274994
4297.750000 321.357941 0.209000 230.365005
4297.875000 321.357941 0.209000 230.460007
4297.875000 321.357941 0.209000 230.570007
4297.875000 321.357941 0.209000 230.675003
4298.125000 321.357941 0.209000 230.770004
4298.125000 321.357941 0.209000 230.869995
4298.250000 321.357941 0.209000 230.964996
4298.250000 321.357941 0.209000 231.065002
4298.250000 321.357941 0.209000 231.169998
4298.375000 321.357941 0.209000 231.259995
4298.375000 321.357941 0.202000 231.369995
4298.375000 321.357941 0.202000 231.470001
4298.625000 321.357941 0.202000 231.570007
4298.625000 321.357941 0.202000 231.669998
4298.625000 321.357941 0.202000 231.770004
4298.625000 321.357941 0.202000 231.869995
4298.750000 321.357941 0.202000 231.970001
4298.875000 321.357941 0.202000 232.070007
4298.875000 321.357941 0.202000 232.164993
4298.875000 321.357941 0.193000 232.270004
4299.250000 321.357941 0.193000 232.375000
4299.250000 321.357941 0.193000 232.464996
4299.500000 321.357941 0.193000 232.570007
4299.500000 321.357941 0.193000 232.664993
4299.750000 321.357941 0.193000 232.774994
4300.000000 321.357941 0.193000 232.869995
4300.000000 321.357941 0.193000 232.964996
4300.250000 321.357941 0.193000 233.059998
4300.375000 321.357941 0.193000 233.169998
4300.375000 321.357941 0.193000 233.264999
4300.500000 321.357941 0.195000 233.365005
4368.625000 321.357941 0.195000 233.470001
4369.000000 321.357941 0.195000 233.565002
4369.000000 321.357941 0.195000 233.669998
4369.500000 321.357941 0.195000 233.770004
4369.500000 321.357941 0.195000 233.869995
4369.500000 321.357941 0.195000 233.964996
4369.875000 321.357941 0.195000 234.074997
4370.250000 321.357941 0.195000 234.169998
4370.375000 321.357941 0.194000 234.264999
4370.375000 321.357941 0.194000 234.369995
4370.750000 321.357941 0.194000 234.470001
4370.875000 321.357941 0.194000 234.570007
4371.000000 321.357941 0.194000 234.669998
4371.000000 321.357941 0.194000 234.770004
4371.000000 321.357941 0.194000 234.869995
4371.500000 321.357941 0.194000 234.970001
4371.625000 321.357941 0.194000 235.065002
4371.625000 321.357941 0.194000 235.164993
4371.625000 321.357941 0.194000 235.270004
4372.000000 321.357941 0.201000 235.369995
4372.250000 321.357941 0.201000 235.470001
4372.625000 321.357941 0.201000 235.570007
4372.625000 321.357941 0.201000 235.669998
4372.625000 321.357941 0.201000 235.770004
4372.625000 321.357941 0.201000 235.865005
4372.875000 321.357941 0.201000 235.970001
4372.875000 321.357941 0.201000 236.065002
4373.125000 321.357941 0.201000 236.160004
4373.875000 321.357941 0.192000 236.270004
4374.000000 321.357941 0.192000 236.369995
4374.000000 321.357941 0.192000 236.470001
4374.125000 321.357941 0.192000 236.570007
4374.125000 321.357941 0.192000 236.664993
4374.375000 321.357941 0.192000 236.770004
4374.375000 321.357941 0.192000 236.865005
4374.500000 321.357941 0.192000 236.970001
4375.000000 321.357941 0.192000 237.065002
4375.125000 321.357941 0.192000 237.175003
4375.125000 321.357941 0.192000 237.270004
4375.250000 321.357941 0.198000 237.360001
4375.250000 321.357941 0.198000 237.464996
4375.250000 321.357941 0.198000 237.570007
4375.250000 321.357941 0.198000 237.654999
4375.500000 321.357941 0.198000 237.770004
4375.500000 321.357941 0.198000 237.869995
4375.625000 321.357941 0.198000 237.970001
4375.750000 321.357941 0.198000 238.065002
4376.000000 321.357941 0.198000 238.169998
4376.125000 321.357941 0.198000 238.264999
4376.375000 321.357941 0.205000 238.369995
4376.375000 321.357941 0.205000 238.470001
4376.500000 321.357941 0.205000 238.570007
4376.625000 321.357941 0.205000 238.669998
4377.000000 321.357941 0.205000 238.770004
4377.125000 321.357941 0.205000 238.875000
4377.250000 321.357941 0.205000 238.964996
4377.375000 321.357941 0.205000 239.070007
4377.625000 321.357941 0.205000 239.169998
4377.750000 321.357941 0.198000 239.270004
4377.750000 321.357941 0.198000 239.369995
4377.750000 321.357941 0.198000 239.470001
4378.125000 321.357941 0.198000 239.574997
4378.125000 321.357941 0.198000 239.664993
4378.250000 321.357941 0.198000 239.770004
4378.625000 321.357941 0.198000 239.865005
4378.875000 321.357941 0.198000 239.975006
4378.875000 321.357941 0.198000 240.065002
4378.875000 321.357941 0.198000 240.175003
4378.875000 321.357941 0.198000 240.274994
4379.125000 321.357941 0.228000 240.369995
4379.375000 321.357941 0.228000 240.475006
4379.375000 321.357941 0.228000 240.574997
4379.500000 321.357941 0.228000 240.679993
4379.750000 321.357941 0.228000 240.774994
4379.750000 321.357941 0.228000 240.875000
4379.875000 321.357941 0.228000 240.975006
4379.875000 321.357941 0.228000 241.080002
4379.875000 321.357941 0.228000 241.175003
4380.000000 321.357941 0.228000 241.274994
4380.125000 321.357941 0.204000 241.375000
4380.125000 321.357941 0.204000 241.470001
4380.250000 321.357941 0.204000 241.574997
4380.250000 321.357941 0.204000 241.669998
4380.375000 321.357941 0.204000 241.774994
4380.375000 321.357941 0.204000 241.875000
4380.500000 321.357941 0.204000 241.970001
4380.500000 321.357941 0.204000 242.080002
4380.625000 321.357941 0.204000 242.175003
4380.625000 321.357941 0.204000 242.274994
4380.625000 321.357941 0.202000 242.369995
4380.625000 321.357941 0.202000 242.470001
4380.750000 321.357941 0.202000 242.565002
4380.750000 321.357941 0.202000 242.669998
4380.750000 321.357941 0.202000 242.770004
4380.875000 321.357941 0.202000 242.869995
4380.875000 321.357941 0.202000 242.970001
4380.875000 321.357941 0.202000 243.070007
4381.000000 321.357941 0.202000 243.175003
4381.000000 321.357941 0.202000 243.274994
4381.125000 321.357941 0.205000 243.365005
4381.125000 321.357941 0.205000 243.470001
4381.250000 321.357941 0.205000 243.570007
4381.375000 321.357941 0.205000 243.669998
4381.375000 321.357941 0.205000 243.770004
4381.375000 321.357941 0.205000 243.869995
4381.375000 321.357941 0.205000 243.964996
4381.375000 321.357941 0.205000 244.070007
4381.500000 321.357941 0.205000 244.169998
4381.500000 321.357941 0.201000 244.270004
4381.500000 321.357941 0.201000 244.375000
4381.625000 321.357941 0.201000 244.475006
4381.625000 321.357941 0.201000 244.570007
4381.750000 321.357941 0.201000 244.664993
4381.750000 321.357941 0.201000 244.770004
4381.750000 321.357941 0.201000 244.869995
4381.875000 321.357941 0.201000 244.970001
4381.875000 321.357941 0.201000 245.070007
4381.875000 321.357941 0.201000 245.164993
4381.875000 321.357941 0.204000 245.264999
4382.000000 321.357941 0.204000 245.375000
4382.000000 321.357941 0.204000 245.460007
4382.125000 321.357941 0.204000 245.570007
4382.125000 321.357941 0.204000 245.669998
4382.125000 321.357941 0.204000 245.764999
4382.250000 321.357941 0.204000 245.865005
4382.500000 321.357941 0.204000 245.964996
4382.500000 321.357941 0.204000 246.065002
4382.625000 321.357941 0.204000 246.169998
4382.750000 321.357941 0.204000 246.264999
4382.750000 321.357941 0.216000 246.365005
4382.750000 321.357941 0.216000 246.464996
4382.875000 321.357941 0.216000 246.574997
4382.875000 321.357941 0.216000 246.669998
4383.000000 321.357941 0.216000 246.770004
4383.125000 321.357941 0.216000 246.869995
4383.500000 321.357941 0.216000 246.970001
4383.500000 321.357941 0.216000 247.065002
4383.500000 321.357941 0.216000 247.169998
4383.625000 321.357941 0.199000 247.270004
4383.875000 321.357941 0.199000 247.369995
4384.000000 321.357941 0.199000 247.475006
4384.000000 321.357941 0.199000 247.570007
4384.000000 321.357941 0.199000 247.669998
4384.000000 321.357941 0.199000 247.770004
4384.125000 321.357941 0.199000 247.869995
4384.250000 321.357941 0.199000 247.964996
4384.250000 321.357941 0.199000 248.070007
4384.500000 321.357941 0.199000 248.160004
4384.500000 321.357941 0.199000 248.270004
4384.500000 321.357941 0.220000 248.369995
4384.500000 321.357941 0.220000 248.475006
4384.500000 321.357941 0.220000 248.570007
4384.625000 321.357941 0.220000 248.675003
4384.625000 321.357941 0.220000 248.770004
4384.750000 321.357941 0.220000 248.869995
4384.750000 321.357941 0.220000 248.975006
4384.750000 321.357941 0.220000 249.065002
4384.750000 321.357941 0.220000 249.164993
4384.750000 321.357941 0.220000 249.264999
4384.750000 321.357941 0.201000 249.369995
4384.750000 321.357941 0.201000 249.475006
4384.750000 321.357941 0.201000 249.570007
4384.875000 321.357941 0.201000 249.669998
4385.000000 321.357941 0.201000 249.764999
4385.000000 321.357941 0.201000 249.875000
4385.000000 321.357941 0.201000 249.970001
4385.000000 321.357941 0.201000 250.070007
4385.125000 321.357941 0.201000 250.169998
4385.125000 321.357941 0.197000 250.264999
4385.250000 321.357941 0.197000 250.365005
4385.250000 321.357941 0.197000 250.470001
4385.250000 321.357941 0.197000 250.570007
4385.375000 321.357941 0.197000 250.664993
4385.375000 321.357941 0.197000 250.764999
4385.375000 321.357941 0.197000 250.865005
4385.375000 321.357941 0.197000 250.970001
4385.375000 321.357941 0.197000 251.070007
4385.375000 321.357941 0.197000 251.175003
4385.375000 321.357941 0.197000 251.270004
4385.375000 321.357941 0.201000 251.365005
4385.375000 321.357941 0.201000 251.470001
4385.375000 321.357941 0.201000 251.565002
4385.375000 321.357941 0.201000 251.669998
4385.500000 321.357941 0.201000 251.770004
4385.500000 321.357941 0.201000 251.869995
4385.500000 321.357941 0.201000 251.964996
4385.500000 321.357941 0.201000 252.059998
4385.500000 321.357941 0.201000 252.169998
4385.500000 321.357941 0.198000 252.270004
4385.625000 321.357941 0.198000 252.365005
4385.750000 321.357941 0.198000 252.464996
4385.750000 321.357941 0.198000 252.570007
4385.875000 321.357941 0.198000 252.669998
4385.875000 321.357941 0.198000 252.770004
4385.875000 321.357941 0.198000 252.869995
4386.000000 321.357941 0.198000 252.970001
4386.000000 321.357941 0.198000 253.074997
4386.000000 321.357941 0.198000 253.169998
4386.000000 321.357941 0.198000 253.274994
4386.125000 321.357941 0.208000 253.369995
4386.125000 321.357941 0.208000 253.470001
4386.125000 321.357941 0.208000 253.570007
4386.250000 321.357941 0.208000 253.654999
4386.250000 321.357941 0.208000 253.770004
4386.250000 321.357941 0.208000 253.869995
4386.250000 321.357941 0.208000 253.970001
4386.250000 321.357941 0.208000 254.070007
4386.250000 321.357941 0.208000 254.164993
4386.250000 321.357941 0.208000 254.270004
4386.500000 321.357941 0.209000 254.369995
4386.500000 321.357941 0.209000 254.470001
4386.500000 321.357941 0.209000 254.574997
4386.500000 321.357941 0.209000 254.669998
4386.625000 321.357941 0.209000 254.764999
4386.625000 321.357941 0.209000 254.875000
4386.750000 321.357941 0.209000 254.970001
4387.125000 321.357941 0.209000 255.070007
4387.250000 321.357941 0.209000 255.164993
4387.250000 321.357941 0.209000 255.270004
4387.250000 321.357941 0.220000 255.365005
4387.250000 321.357941 0.220000 255.475006
4387.375000 321.357941 0.220000 255.570007
4387.375000 321.357941 0.220000 255.669998
4387.375000 321.357941 0.220000 255.764999
4387.375000 321.357941 0.220000 255.869995
4387.750000 321.357941 0.220000 255.970001
4387.750000 321.357941 0.220000 256.070007
4387.875000 321.357941 0.220000 256.170013
4387.875000 321.357941 0.220000 256.265015
4387.875000 321.357941 0.195000 256.375000
4388.125000 321.357941 0.195000 256.475006
4388.250000 321.357941 0.195000 256.570007
4388.250000 321.357941 0.195000 256.674988
4388.250000 321.357941 0.195000 256.774994
4388.250000 321.357941 0.195000 256.875000
4388.375000 321.357941 0.195000 256.964996
4388.375000 321.357941 0.195000 257.075012
4388.375000 321.357941 0.195000 257.170013
4388.375000 321.357941 0.208000 257.274994
4388.500000 321.357941 0.208000 257.369995
4388.625000 321.357941 0.208000 257.470001
4388.625000 321.357941 0.208000 257.570007
4388.625000 321.357941 0.208000 257.670013
4389.000000 321.357941 0.208000 257.765015
4389.000000 321.357941 0.208000 257.869995
4389.000000 321.357941 0.208000 257.970001
4389.000000 321.357941 0.208000 258.070007
4389.125000 321.357941 0.208000 258.165009
4389.125000 321.357941 0.208000 258.269989
4389.625000 321.357941 0.205000 258.364990
4389.625000 321.357941 0.205000 258.470001
4390.250000 321.357941 0.205000 258.565002
4390.250000 321.357941 0.205000 258.674988
4390.375000 321.357941 0.205000 258.760010
4390.500000 321.357941 0.205000 258.864990
4390.625000 321.357941 0.205000 258.964996
4390.750000 321.357941 0.205000 259.059998
4391.000000 321.357941 0.205000 259.170013
4391.000000 321.357941 0.205000 259.260010
4391.250000 321.357941 0.222000 259.369995
4391.375000 321.357941 0.222000 259.470001
4391.375000 321.357941 0.222000 259.565002
4391.500000 321.357941 0.222000 259.665009
4391.500000 321.357941 0.222000 259.769989
4391.625000 321.357941 0.222000 259.869995
4391.750000 321.357941 0.222000 259.975006
4391.750000 321.357941 0.222000 260.070007
4392.000000 321.357941 0.222000 260.174988
4392.000000 321.357941 0.201000 260.265015
4392.250000 321.357941 0.201000 260.375000
4392.375000 321.357941 0.201000 260.480011
4392.500000 321.357941 0.201000 260.575012
4392.625000 321.357941 0.201000 260.665009
4392.625000 321.357941 0.201000 260.769989
4392.625000 321.357941 0.201000 260.869995
4392.625000 321.357941 0.201000 260.964996
4392.625000 321.357941 0.201000 261.070007
4392.625000 321.357941 0.201000 261.179993
4392.750000 321.357941 0.198000 261.269989
4393.000000 321.357941 0.198000 261.364990
4393.000000 321.357941 0.198000 261.459991
4393.250000 321.357941 0.198000 261.565002
4393.250000 321.357941 0.198000 261.674988
4393.250000 321.357941 0.198000 261.769989
4393.375000 321.357941 0.198000 261.869995
4393.500000 321.357941 0.198000 261.970001
4393.500000 321.357941 0.198000 262.059998
4393.875000 321.357941 0.198000 262.170013
4393.875000 321.357941 0.198000 262.260010
4393.875000 321.357941 0.199000 262.369995
4393.875000 321.357941 0.199000 262.464996
4393.875000 321.357941 0.199000 262.570007
4393.875000 321.357941 0.199000 262.654999
4393.875000 321.357941 0.199000 262.769989
4393.875000 321.357941 0.199000 262.869995
4394.250000 321.357941 0.199000 262.970001
4394.250000 321.357941 0.199000 263.070007
4394.250000 321.357941 0.199000 263.170013
4394.250000 321.357941 0.199000 263.269989
4394.375000 321.357941 0.199000 263.369995
4394.375000 321.357941 0.199000 263.470001
4394.375000 321.357941 0.199000 263.570007
4394.500000 321.357941 0.199000 263.670013
4414.500000 321.357941 0.199000 263.769989
4414.625000 321.357941 0.199000 263.869995
4459.625000 321.357941 0.199000 263.970001
4459.625000 321.357941 0.199000 264.070007
4459.625000 321.357941 0.199000 264.160004
4460.000000 321.357941 0.199000 264.265015
4460.125000 321.357941 0.228000 264.369995
4460.250000 321.357941 0.228000 264.470001
4460.375000 321.357941 0.228000 264.570007
4460.500000 321.357941 0.228000 264.665009
4460.500000 321.357941 0.228000 264.765015
4460.500000 321.357941 0.228000 264.869995
4460.625000 321.357941 0.228000 264.970001
4461.000000 321.357941 0.228000 265.070007
4461.000000 321.357941 0.228000 265.165009
4461.125000 321.357941 0.198000 265.269989
4461.125000 321.357941 0.198000 265.369995
4461.125000 321.357941 0.198000 265.470001
4461.125000 321.357941 0.198000 265.565002
4461.125000 321.357941 0.198000 265.674988
4461.125000 321.357941 0.198000 265.774994
4461.250000 321.357941 0.198000 265.875000
4461.375000 321.357941 0.198000 265.970001
4461.375000 321.357941 0.198000 266.075012
4461.500000 321.357941 0.198000 266.174988
4461.500000 321.357941 0.198000 266.265015
4461.750000 321.357941 0.214000 266.369995
4461.750000 321.357941 0.214000 266.464996
4461.750000 321.357941 0.214000 266.565002
4461.750000 321.357941 0.214000 266.660004
4461.875000 321.357941 0.214000 266.769989
4461.875000 321.357941 0.214000 266.864990
4461.875000 321.357941 0.214000 266.975006
4462.000000 321.357941 0.214000 267.070007
4462.125000 321.357941 0.214000 267.170013
4462.125000 321.357941 0.203000 267.274994
4462.250000 321.357941 0.203000 267.369995
4462.375000 321.357941 0.203000 267.475006
4462.500000 321.357941 0.203000 267.570007
4462.500000 321.357941 0.203000 267.665009
4462.625000 321.357941 0.203000 267.760010
4462.625000 321.357941 0.203000 267.875000
4462.625000 321.357941 0.203000 267.970001
4462.625000 321.357941 0.203000 268.070007
4462.625000 321.357941 0.203000 268.170013
4462.625000 321.357941 0.203000 268.269989
4462.625000 321.357941 0.222000 268.369995
4462.750000 321.357941 0.222000 268.470001
4462.750000 321.357941 0.222000 268.570007
4462.750000 321.357941 0.222000 268.665009
4462.875000 321.357941 0.222000 268.769989
4462.875000 321.357941 0.222000 268.869995
4462.875000 321.357941 0.222000 268.970001
4462.875000 321.357941 0.222000 269.065002
4463.000000 321.357941 0.222000 269.170013
4463.375000 321.357941 0.222000 269.269989
4463.500000 321.357941 0.221000 269.369995
4463.500000 321.357941 0.221000 269.475006
4463.625000 321.357941 0.221000 269.570007
4463.625000 321.357941 0.221000 269.670013
4463.625000 321.357941 0.221000 269.769989
4463.750000 321.357941 0.221000 269.864990
4464.000000 321.357941 0.221000 269.970001
4464.125000 321.357941 0.221000 270.070007
4464.500000 321.357941 0.221000 270.170013
4464.500000 321.357941 0.213000 270.269989
4464.500000 321.357941 0.213000 270.364990
4464.875000 321.357941 0.213000 270.470001
4464.875000 321.357941 0.213000 270.565002
4464.875000 321.357941 0.213000 270.670013
4465.000000 321.357941 0.213000 270.769989
4465.000000 321.357941 0.213000 270.864990
4465.125000 321.357941 0.213000 270.964996
4465.250000 321.357941 0.213000 271.075012
4465.375000 321.357941 0.213000 271.165009
4465.375000 321.357941 0.197000 271.260010
4465.625000 321.357941 0.197000 271.369995
4465.625000 321.357941 0.197000 271.470001
4465.750000 321.357941 0.197000 271.575012
4465.750000 321.357941 0.197000 271.670013
4465.875000 321.357941 0.197000 271.765015
4466.000000 321.357941 0.197000 271.869995
4466.125000 321.357941 0.197000 271.970001
4466.250000 321.357941 0.197000 272.070007
4466.250000 321.357941 0.197000 272.170013
4466.250000 321.357941 0.197000 272.269989
4466.500000 321.357941 0.197000 272.369995
4466.625000 321.357941 0.197000 272.464996
4466.625000 321.357941 0.197000 272.570007
4466.625000 321.357941 0.197000 272.674988
4467.000000 321.357941 0.197000 272.769989
4467.000000 321.357941 0.197000 272.869995
4467.125000 321.357941 0.197000 272.970001
4467.125000 321.357941 0.197000 273.075012
4467.125000 321.357941 0.197000 273.170013
4467.500000 321.357941 0.197000 273.274994
4467.500000 321.357941 0.212000 273.359985
4467.500000 321.357941 0.212000 273.470001
4467.500000 321.357941 0.212000 273.559998
4467.625000 321.357941 0.212000 273.670013
4467.750000 321.357941 0.212000 273.765015
4467.750000 321.357941 0.212000 273.864990
4467.750000 321.357941 0.212000 273.970001
4467.750000 321.357941 0.212000 274.070007
4467.875000 321.357941 0.212000 274.165009
4468.125000 321.357941 0.212000 274.265015
4468.250000 321.357941 0.213000 274.364990
4468.250000 321.357941 0.213000 274.470001
4468.250000 321.357941 0.213000 274.575012
4468.375000 321.357941 0.213000 274.674988
4468.375000 321.357941 0.213000 274.769989
4468.375000 321.357941 0.213000 274.869995
4468.625000 321.357941 0.213000 274.964996
4468.625000 321.357941 0.213000 275.075012
4468.625000 321.357941 0.213000 275.170013
4468.625000 321.357941 0.213000 275.269989
4468.750000 321.357941 0.203000 275.375000
4468.750000 321.357941 0.203000 275.464996
4468.750000 321.357941 0.203000 275.570007
4468.750000 321.357941 0.203000 275.665009
4468.750000 321.357941 0.203000 275.774994
4468.750000 321.357941 0.203000 275.869995
4468.750000 321.357941 0.203000 275.970001
4468.875000 321.357941 0.203000 276.065002
4468.875000 321.357941 0.203000 276.165009
4468.875000 321.357941 0.203000 276.269989
4468.875000 321.357941 0.212000 276.369995
4469.000000 321.357941 0.212000 276.464996
4469.000000 321.357941 0.212000 276.570007
4469.000000 321.357941 0.212000 276.665009
4469.000000 321.357941 0.212000 276.769989
4469.250000 321.357941 0.212000 276.869995
4469.250000 321.357941 0.212000 276.970001
4469.250000 321.357941 0.212000 277.070007
4469.250000 321.357941 0.212000 277.165009
4469.250000 321.357941 0.196000 277.269989
4469.375000 321.357941 0.196000 277.369995
4469.375000 321.357941 0.196000 277.464996
4469.500000 321.357941 0.196000 277.570007
4469.500000 321.357941 0.196000 277.665009
4469.625000 321.357941 0.196000 277.765015
4469.750000 321.357941 0.196000 277.864990
4469.750000 321.357941 0.196000 277.959991
4469.750000 321.357941 0.196000 278.075012
4470.000000 321.357941 0.196000 278.165009
4470.000000 321.357941 0.201000 278.269989
4470.000000 321.357941 0.201000 278.369995
4470.000000 321.357941 0.201000 278.470001
4470.000000 321.357941 0.201000 278.575012
4470.000000 321.357941 0.201000 278.670013
4470.125000 321.357941 0.201000 278.765015
4470.250000 321.357941 0.201000 278.869995
4470.500000 321.357941 0.201000 278.970001
4470.500000 321.357941 0.201000 279.070007
4470.750000 321.357941 0.201000 279.170013
4470.750000 321.357941 0.201000 279.269989
4470.750000 321.357941 0.227000 279.369995
4471.000000 321.357941 0.227000 279.464996
4471.125000 321.357941 0.227000 279.570007
4471.125000 321.357941 0.227000 279.670013
4471.250000 321.357941 0.227000 279.769989
4471.250000 321.357941 0.227000 279.869995
4471.375000 321.357941 0.227000 279.970001
4471.375000 321.357941 0.227000 280.070007
4471.375000 321.357941 0.227000 280.165009
4471.375000 321.357941 0.227000 280.269989
4471.500000 321.357941 0.202000 280.375000
4471.500000 321.357941 0.202000 280.464996
4471.500000 321.357941 0.202000 280.570007
4471.625000 321.357941 0.202000 280.670013
4471.750000 321.357941 0.202000 280.769989
4471.750000 321.357941 0.202000 280.875000
4471.750000 321.357941 0.202000 280.964996
4471.750000 321.357941 0.202000 281.065002
4471.750000 321.357941 0.202000 281.174988
4471.750000 321.357941 0.197000 281.269989
4471.875000 321.357941 0.197000 281.369995
4471.875000 321.357941 0.197000 281.470001
4472.250000 321.357941 0.197000 281.570007
4472.375000 321.357941 0.197000 281.674988
4472.375000 321.357941 0.197000 281.769989
4472.375000 321.357941 0.197000 281.869995
4472.375000 321.357941 0.197000 281.970001
4472.375000 321.357941 0.197000 282.075012
4472.500000 321.357941 0.197000 282.170013
4472.500000 321.357941 0.197000 282.274994
4472.500000 321.357941 0.212000 282.380005
4472.625000 321.357941 0.212000 282.470001
4472.750000 321.357941 0.212000 282.565002
4473.125000 321.357941 0.212000 282.674988
4473.250000 321.357941 0.212000 282.765015
4473.250000 321.357941 0.212000 282.875000
4473.250000 321.357941 0.212000 282.970001
4473.375000 321.357941 0.212000 283.065002
4473.375000 321.357941 0.212000 283.174988
4473.375000 321.357941 0.210000 283.265015
4473.375000 321.357941 0.210000 283.375000
4473.375000 321.357941 0.210000 283.464996
4473.375000 321.357941 0.210000 283.565002
4473.375000 321.357941 0.210000 283.665009
4473.375000 321.357941 0.210000 283.769989
4473.375000 321.357941 0.210000 283.869995
4473.375000 321.357941 0.210000 283.975006
4473.375000 321.357941 0.210000 284.070007
4473.500000 321.357941 0.210000 284.170013
4473.500000 321.357941 0.210000 284.274994
4473.500000 321.357941 0.206000 284.364990
4473.500000 321.357941 0.206000 284.470001
4473.500000 321.357941 0.206000 284.575012
4473.500000 321.357941 0.206000 284.674988
4473.500000 321.357941 0.206000 284.769989
4473.625000 321.357941 0.206000 284.869995
4473.625000 321.357941 0.206000 284.970001
4473.750000 321.357941 0.206000 285.075012
4473.750000 321.357941 0.206000 285.170013
4473.875000 321.357941 0.201000 285.274994
4473.875000 321.357941 0.201000 285.369995
4473.875000 321.357941 0.201000 285.464996
4474.250000 321.357941 0.201000 285.575012
4474.250000 321.357941 0.201000 285.670013
4474.500000 321.357941 0.201000 285.769989
4474.500000 321.357941 0.201000 285.855011
4474.625000 321.357941 0.201000 285.975006
4474.625000 321.357941 0.201000 286.070007
4474.750000 321.357941 0.201000 286.170013
4474.750000 321.357941 0.207000 286.274994
4474.875000 321.357941 0.207000 286.375000
4474.875000 321.357941 0.207000 286.470001
4475.000000 321.357941 0.207000 286.575012
4475.000000 321.357941 0.207000 286.670013
4475.250000 321.357941 0.207000 286.769989
4475.250000 321.357941 0.207000 286.855011
4475.375000 321.357941 0.207000 286.970001
4475.625000 321.357941 0.207000 287.070007
4475.750000 321.357941 0.207000 287.170013
4475.750000 321.357941 0.207000 287.269989
4476.000000 321.357941 0.206000 287.369995
4476.000000 321.357941 0.206000 287.464996
4476.000000 321.357941 0.206000 287.565002
4476.250000 321.357941 0.206000 287.670013
4476.500000 321.357941 0.206000 287.774994
4476.625000 321.357941 0.206000 287.875000
4476.750000 321.357941 0.206000 287.964996
4476.750000 321.357941 0.206000 288.070007
4476.750000 321.357941 0.206000 288.170013
4476.875000 321.357941 0.206000 288.269989
4476.875000 321.357941 0.205000 288.375000
4476.875000 321.357941 0.205000 288.470001
4477.000000 321.357941 0.205000 288.575012
4477.125000 321.357941 0.205000 288.670013
4477.250000 321.357941 0.205000 288.769989
4477.250000 321.357941 0.205000 288.869995
4477.250000 321.357941 0.205000 288.970001
4477.375000 321.357941 0.205000 289.070007
4477.375000 321.357941 0.205000 289.170013
4477.375000 321.357941 0.205000 289.269989
4477.500000 321.357941 0.215000 289.364990
4477.500000 321.357941 0.215000 289.470001
4477.750000 321.357941 0.215000 289.570007
4477.750000 321.357941 0.215000 289.670013
4477.750000 321.357941 0.215000 289.769989
4477.750000 321.357941 0.215000 289.869995
4477.875000 321.357941 0.215000 289.970001
4478.000000 321.357941 0.215000 290.070007
4478.125000 321.357941 0.215000 290.174988
4478.250000 321.357941 0.215000 290.269989
4478.625000 321.357941 0.224000 290.369995
4478.625000 321.357941 0.224000 290.470001
4478.750000 321.357941 0.224000 290.570007
4478.750000 321.357941 0.224000 290.670013
4478.750000 321.357941 0.224000 290.769989
4478.750000 321.357941 0.224000 290.880005
4478.750000 321.357941 0.224000 290.970001
4478.750000 321.357941 0.224000 291.070007
4478.875000 321.357941 0.224000 291.165009
4479.000000 321.357941 0.224000 291.265015
4479.000000 321.357941 0.201000 291.369995
4479.125000 321.357941 0.201000 291.464996
4479.125000 321.357941 0.201000 291.565002
4479.125000 321.357941 0.201000 291.670013
4479.125000 321.357941 0.201000 291.769989
4479.125000 321.357941 0.201000 291.869995
4479.125000 321.357941 0.201000 291.964996
4479.125000 321.357941 0.201000 292.070007
4479.250000 321.357941 0.201000 292.174988
4479.250000 321.357941 0.201000 292.265015
4479.375000 321.357941 0.204000 292.359985
4479.500000 321.357941 0.204000 292.464996
4479.500000 321.357941 0.204000 292.570007
4479.625000 321.357941 0.204000 292.670013
4479.750000 321.357941 0.204000 292.769989
4479.750000 321.357941 0.204000 292.875000
4479.750000 321.357941 0.204000 292.964996
4479.875000 321.357941 0.204000 293.059998
4480.000000 321.357941 0.204000 293.170013
4480.000000 321.357941 0.204000 293.265015
4480.000000 321.357941 0.203000 293.364990
4480.000000 321.357941 0.203000 293.464996
4480.000000 321.357941 0.203000 293.570007
4480.250000 321.357941 0.203000 293.674988
4480.250000 321.357941 0.203000 293.769989
4480.375000 321.357941 0.203000 293.875000
4480.500000 321.357941 0.203000 293.964996
4480.625000 321.357941 0.203000 294.070007
4480.750000 321.357941 0.203000 294.165009
4480.875000 321.357941 0.203000 294.269989
4480.875000 321.357941 0.204000 294.359985
4480.875000 321.357941 0.204000 294.470001
4480.875000 321.357941 0.204000 294.570007
4480.875000 321.357941 0.204000 294.660004
4480.875000 321.357941 0.204000 294.765015
4481.000000 321.357941 0.204000 294.875000
4481.125000 321.357941 0.204000 294.970001
4481.125000 321.357941 0.204000 295.070007
4481.125000 321.357941 0.204000 295.165009
4481.125000 321.357941 0.204000 295.274994
4481.125000 321.357941 0.207000 295.369995
4481.250000 321.357941 0.207000 295.470001
4481.250000 321.357941 0.207000 295.575012
4481.375000 321.357941 0.207000 295.670013
4481.375000 321.357941 0.207000 295.765015
4481.500000 321.357941 0.207000 295.869995
4481.500000 321.357941 0.207000 295.970001
4481.500000 321.357941 0.207000 296.070007
4481.500000 321.357941 0.207000 296.170013
4481.500000 321.357941 0.207000 296.269989
4481.500000 321.357941 0.198000 296.375000
4481.500000 321.357941 0.198000 296.459991
4481.500000 321.357941 0.198000 296.565002
4481.500000 321.357941 0.198000 296.674988
4481.500000 321.357941 0.198000 296.769989
4481.500000 321.357941 0.198000 296.869995
4481.500000 321.357941 0.198000 296.970001
4481.500000 321.357941 0.198000 297.075012
4481.750000 321.357941 0.198000 297.165009
4481.750000 321.357941 0.202000 297.274994
4481.875000 321.357941 0.202000 297.364990
4481.875000 321.357941 0.202000 297.475006
4481.875000 321.357941 0.202000 297.570007
4481.875000 321.357941 0.202000 297.674988
4481.875000 321.357941 0.202000 297.769989
4481.875000 321.357941 0.202000 297.869995
4481.875000 321.357941 0.202000 297.970001
4481.875000 321.357941 0.202000 298.075012
4481.875000 321.357941 0.202000 298.174988
4481.875000 321.357941 0.202000 298.274994
4481.875000 321.357941 0.217000 298.369995
4481.875000 321.357941 0.217000 298.464996
4481.875000 321.357941 0.217000 298.570007
4482.125000 321.357941 0.217000 298.670013
4482.125000 321.357941 0.217000 298.769989
4482.125000 321.357941 0.217000 298.869995
4482.125000 321.357941 0.217000 298.970001
4482.125000 321.357941 0.217000 299.070007
4482.250000 321.357941 0.217000 299.170013
4482.250000 321.357941 0.217000 299.269989
4482.250000 321.357941 0.236000 299.369995
4482.375000 321.357941 0.236000 299.470001
4482.375000 321.357941 0.236000 299.575012
4482.375000 321.357941 0.236000 299.665009
4482.375000 321.357941 0.236000 299.769989
4482.375000 321.357941 0.236000 299.869995
4482.500000 321.357941 0.236000 299.970001
4482.625000 321.357941 0.236000 300.075012
4482.625000 321.357941 0.236000 300.170013
4482.625000 321.357941 0.236000 300.269989
4482.750000 321.357941 0.234000 300.364990
4482.750000 321.357941 0.234000 300.470001
4482.750000 321.357941 0.234000 300.570007
4482.875000 321.357941 0.234000 300.670013
4482.875000 321.357941 0.234000 300.769989
4482.875000 321.357941 0.234000 300.869995
4483.000000 321.357941 0.234000 300.975006
4483.000000 321.357941 0.234000 301.065002
4483.000000 321.357941 0.234000 301.165009
4483.000000 321.357941 0.206000 301.269989
4483.250000 321.357941 0.206000 301.371002
4483.250000 321.357941 0.206000 301.454987
4483.250000 321.357941 0.206000 301.570007
4483.250000 321.357941 0.206000 301.674988
4483.250000 321.357941 0.206000 301.769989
4483.250000 321.357941 0.206000 301.869995
4483.250000 321.357941 0.206000 301.964996
4483.250000 321.357941 0.206000 302.075012
4483.250000 321.357941 0.206000 302.165009
4483.375000 321.357941 0.206000 302.265015
4483.375000 321.357941 0.217000 302.369995
4483.500000 321.357941 0.217000 302.470001
4483.500000 321.357941 0.217000 302.565002
4483.500000 321.357941 0.217000 302.670013
4483.500000 321.357941 0.217000 302.765015
4483.500000 321.357941 0.217000 302.869995
4483.500000 321.357941 0.217000 302.970001
4483.625000 321.357941 0.217000 303.059998
4483.750000 321.357941 0.217000 303.170013
4483.750000 321.357941 0.217000 303.269989
4483.750000 321.357941 0.217000 303.369995
4483.875000 321.357941 0.217000 303.470001
4483.875000 321.357941 0.217000 303.575012
4483.875000 321.357941 0.217000 303.670013
4483.875000 321.357941 0.217000 303.769989
