72.500000 0.000000 0.000000 0.060000
92.750000 0.203284 0.000000 0.145000
109.000000 0.409718 0.000000 0.265000
120.875000 0.409718 0.000000 0.355000
133.125000 0.614952 0.000000 0.465000
145.500000 0.827782 0.000000 0.550000
156.000000 1.034367 0.000000 0.665000
163.750000 1.242643 0.000000 0.760000
172.375000 1.451770 0.000000 0.850000
179.500000 1.661315 0.000000 0.960000
186.000000 1.910985 0.000000 1.050000
191.750000 2.130774 0.000000 1.165000
200.375000 2.340552 0.000000 1.245000
207.375000 2.550335 0.000000 1.365000
215.250000 2.550335 0.000000 1.450000
223.875000 2.780147 0.000000 1.560000
231.500000 3.019935 0.000000 1.650000
242.125000 3.269713 0.000000 1.760000
252.625000 3.489518 0.000000 1.860000
264.500000 3.709375 0.000000 1.950000
278.125000 3.919278 0.000000 2.065000
291.000000 4.129205 0.000000 2.150000
306.500000 4.339099 0.000000 2.260000
317.500000 4.548966 0.000000 2.350000
331.375000 4.758791 0.000000 2.460000
344.250000 4.758791 0.000000 2.545000
352.375000 4.968609 0.000000 2.660000
363.000000 5.208411 0.000000 2.745000
375.375000 5.448255 0.000000 2.860000
385.000000 5.698049 0.000000 2.945000
398.125000 5.917612 0.000000 3.055000
407.750000 6.127246 0.000000 3.165000
419.250000 6.336988 0.000000 3.245000
431.125000 6.546794 0.000000 3.355000
440.875000 6.756657 0.000000 3.455000
449.375000 6.756657 0.000000 3.540000
457.875000 6.966512 0.000000 3.655000
465.875000 7.176392 0.000000 3.760000
474.500000 7.406326 0.000000 3.845000
482.750000 7.646273 0.000000 3.955000
489.375000 7.896074 0.000000 4.045000
496.250000 8.105865 0.000000 4.160000
505.000000 8.315709 0.000000 4.255000
510.625000 8.525588 0.000000 4.360000
517.500000 8.735138 0.000000 4.445000
522.500000 8.944514 0.000000 4.560000
527.875000 8.944514 0.000000 4.650000
532.750000 9.363901 0.000000 4.760000
536.750000 9.363901 0.000000 4.845000
540.250000 9.573792 0.000000 4.960000
544.750000 9.802011 0.000000 5.045000
549.000000 10.030290 0.000000 5.160000
552.250000 10.249449 0.000000 5.245000
556.250000 10.452621 0.000000 5.365000
560.000000 10.452621 0.000000 5.450000
564.125000 10.654483 0.000000 5.560000
566.750000 10.654483 0.000000 5.645000
569.500000 10.863304 0.000000 5.755000
571.625000 10.863304 0.000000 5.860000
574.375000 11.063881 0.000000 5.945000
577.500000 11.063881 0.000000 6.055000
579.000000 11.063881 0.000000 6.145000
581.875000 11.264025 0.000000 6.260000
585.250000 11.264025 0.000000 6.350000
587.250000 11.264025 0.000000 6.460000
589.750000 11.264025 0.000000 6.550000
591.750000 11.469900 0.000000 6.655000
593.375000 11.469900 0.000000 6.740000
595.500000 11.675720 0.000000 6.860000
597.625000 11.877839 0.000000 6.945000
600.750000 12.085701 0.000000 7.055000
603.750000 12.303603 0.000000 7.150000
605.625000 12.506669 0.000000 7.265000
607.875000 12.712643 0.000000 7.355000
611.000000 12.920398 0.000000 7.455000
612.625000 13.128963 0.000000 7.550000
615.500000 13.337990 0.000000 7.665000
617.125000 13.337990 0.000000 7.750000
622.125000 13.547400 0.000000 7.860000
625.375000 13.797050 0.000000 7.950000
627.750000 14.036844 0.000000 8.055000
630.875000 14.286668 0.000000 8.150000
634.250000 14.506545 0.000000 8.265000
636.250000 14.716454 0.000000 8.350000
639.250000 14.926418 0.000000 8.465000
641.125000 15.126439 0.000000 8.550000
645.250000 15.326466 0.000000 8.655000
648.375000 15.326466 0.000000 8.745000
650.750000 15.536459 0.000000 8.850000
654.750000 15.756426 0.000000 8.960000
656.875000 15.986380 0.000000 9.045000
659.625000 16.226368 0.000000 9.160000
662.375000 16.476339 0.000000 9.245000
663.500000 16.696278 0.000000 9.355000
667.125000 16.906246 0.000000 9.440000
670.375000 17.116089 0.000000 9.550000
671.625000 17.325739 0.000000 9.660000
674.375000 17.325739 0.000000 9.750000
675.625000 17.745317 0.000000 9.865000
677.750000 17.745317 0.000000 9.950000
680.750000 17.955162 0.000000 10.050000
682.125000 18.165014 0.000000 10.165000
684.750000 18.394861 0.000000 10.250000
687.500000 18.634750 0.000000 10.355000
690.250000 18.874645 0.000000 10.445000
692.625000 19.094555 0.000000 10.555000
694.750000 19.304493 0.000000 10.645000
697.125000 19.514433 0.000000 10.760000
700.000000 19.514433 0.000000 10.840000
701.250000 19.724384 0.000000 10.950000
703.625000 19.954338 0.000000 11.060000
706.375000 20.184294 0.000000 11.145000
707.500000 20.414246 0.000000 11.250000
710.875000 20.624172 0.000000 11.345000
712.750000 20.834076 0.000000 11.460000
713.875000 21.093975 0.000000 11.555000
716.250000 21.303873 0.000000 11.645000
719.250000 21.513773 0.000000 11.760000
720.625000 21.513773 0.000000 11.840000
722.500000 21.933596 0.000000 11.955000
725.000000 21.933596 0.000000 12.050000
726.750000 22.143473 0.000000 12.160000
729.250000 22.383318 0.000000 12.245000
730.875000 22.613171 0.000000 12.355000
733.250000 22.853016 0.000000 12.435000
735.625000 23.082867 0.000000 12.550000
737.500000 23.292730 0.000000 12.660000
740.000000 23.502554 0.000000 12.750000
742.125000 23.712376 0.000000 12.860000
745.000000 23.922237 0.000000 12.950000
748.000000 24.131927 0.000000 13.060000
749.875000 24.131927 0.000000 13.155000
751.500000 24.371351 0.000000 13.240000
753.750000 24.610922 0.000000 13.355000
755.250000 24.850630 0.000000 13.465000
756.750000 25.080425 0.000000 13.550000
758.500000 25.290274 0.000000 13.660000
760.250000 25.500107 0.000000 13.740000
762.000000 25.709951 0.000000 13.860000
763.500000 25.709951 0.000000 13.945000
764.750000 25.929810 0.000000 14.055000
766.250000 26.139704 0.000000 14.155000
767.625000 26.369570 0.000000 14.245000
769.625000 26.579447 0.000000 14.360000
770.875000 26.789349 0.000000 14.445000
773.625000 27.009243 0.000000 14.555000
775.625000 27.219154 0.000000 14.645000
776.875000 27.429050 0.000000 14.760000
778.500000 27.668932 0.000000 14.845000
779.000000 27.878830 0.000000 14.955000
780.250000 28.088728 0.000000 15.045000
781.500000 28.298639 0.000000 15.160000
782.625000 28.508539 0.000000 15.245000
784.875000 28.718439 0.000000 15.360000
786.750000 28.928339 0.000000 15.460000
788.375000 29.138250 0.000000 15.565000
790.375000 29.138250 0.000000 15.650000
791.750000 29.348204 0.000000 15.765000
793.125000 29.588123 0.000000 15.850000
794.000000 29.808029 0.000000 15.955000
797.125000 30.057909 0.000000 16.040001
799.625000 30.287821 0.000000 16.155001
800.750000 30.497799 0.000000 16.260000
801.625000 30.707699 0.000000 16.355000
803.125000 30.707699 0.000000 16.440001
804.625000 31.127544 0.000000 16.555000
805.750000 31.127544 0.000000 16.645000
807.375000 31.337524 0.000000 16.760000
809.125000 31.577501 0.000000 16.844999
810.375000 31.817478 0.000000 16.959999
812.000000 32.027458 0.000000 17.055000
813.500000 32.267433 0.000000 17.145000
815.125000 32.487400 0.000000 17.254999
816.500000 32.487400 0.000000 17.334999
817.625000 32.917233 0.000000 17.450001
820.125000 33.127148 0.000000 17.559999
822.125000 33.127148 0.000000 17.645000
823.875000 33.337074 0.000000 17.760000
826.500000 33.586956 0.000000 17.850000
828.500000 33.826668 0.000000 17.959999
831.000000 34.056038 0.000000 18.040001
832.500000 34.305523 0.000000 18.165001
834.750000 34.515285 0.000000 18.250000
836.625000 34.725113 0.000000 18.360001
838.875000 34.725113 0.000000 18.450001
840.625000 34.934967 0.000000 18.559999
842.375000 35.174881 0.000000 18.645000
844.500000 35.424854 0.000000 18.760000
846.125000 35.674877 0.000000 18.850000
846.750000 35.874924 0.000000 18.955000
849.000000 36.084919 0.000000 19.040001
850.750000 36.294922 0.000000 19.165001
853.250000 36.504910 0.000000 19.250000
855.625000 36.714886 0.000000 19.365000
858.375000 36.714886 0.000000 19.450001
859.750000 36.944866 0.000000 19.559999
861.875000 37.174866 0.000000 19.650000
862.875000 37.374886 0.000000 19.760000
864.875000 37.574924 0.000000 19.850000
866.625000 37.774979 0.000000 19.959999
869.250000 37.975037 0.000000 20.045000
871.875000 38.205105 0.000000 20.160000
874.375000 38.414997 0.000000 20.264999
876.750000 38.624733 0.000000 20.350000
879.750000 38.834332 0.000000 20.459999
882.500000 39.063641 0.000000 20.545000
886.125000 39.283127 0.000000 20.655001
889.000000 39.492798 0.000000 20.750000
892.500000 39.702614 0.000000 20.860001
896.875000 39.702614 0.000000 20.945000
902.500000 40.122429 0.000000 21.059999
906.875000 40.122429 0.000000 21.150000
912.375000 40.542343 0.000000 21.264999
916.875000 40.542343 0.000000 21.350000
924.125000 40.752296 0.000000 21.459999
931.875000 40.982250 0.000000 21.549999
938.500000 41.212185 0.000000 21.665001
950.250000 41.421822 0.000000 21.750000
961.875000 41.631454 0.000000 21.865000
972.625000 41.881191 0.000000 21.955000
981.875000 42.091030 0.000000 22.061001
989.625000 42.300884 0.000000 22.150000
997.875000 42.510780 0.000000 22.264999
1006.500000 42.510780 0.000000 22.350000
1011.750000 42.740673 0.000000 22.465000
1019.875000 42.980549 0.000000 22.549999
1024.500000 43.200447 0.000000 22.660000
1029.625000 43.410370 0.000000 22.745001
1038.375000 43.620182 0.000000 22.860001
1043.500000 43.859852 0.000000 22.945000
1053.875000 44.069649 0.000000 23.059999
1059.875000 44.279510 0.000000 23.145000
1066.125000 44.499428 0.000000 23.264999
1073.250000 44.709335 0.000000 23.360001
1079.750000 44.709335 0.000000 23.445000
1085.250000 45.129124 0.000000 23.559999
1093.250000 45.129124 0.000000 23.645000
1099.875000 45.339046 0.000000 23.760000
1106.625000 45.579014 0.000000 23.850000
1111.125000 45.808815 0.000000 23.959999
1115.625000 46.067936 0.000000 24.049999
1120.750000 46.287331 0.000000 24.165001
1125.875000 46.496998 0.000000 24.250000
1129.125000 46.706821 0.000000 24.360001
1132.500000 46.706821 0.000000 24.445000
1135.750000 47.126682 0.000000 24.565001
1138.375000 47.126682 0.000000 24.660000
1141.875000 47.376629 0.000000 24.750000
1143.375000 47.626556 0.000000 24.865000
1146.500000 47.866539 0.000000 24.950001
1148.750000 48.076481 0.000000 25.055000
1150.750000 48.286446 0.000000 25.145000
1153.625000 48.496418 0.000000 25.250000
1155.000000 48.706413 0.000000 25.355000
1156.000000 48.706413 0.000000 25.450001
1158.750000 49.116440 0.000000 25.559999
1159.625000 49.116440 0.000000 25.645000
1162.375000 49.326256 0.000000 25.754999
1164.500000 49.556061 0.000000 25.860001
1166.250000 49.775925 0.000000 25.945000
1168.500000 49.995777 0.000000 26.055000
1169.750000 50.245689 0.000000 26.139999
1171.000000 50.465691 0.000000 26.260000
1172.625000 50.665722 0.000000 26.344999
1173.375000 50.885754 0.000000 26.465000
1175.000000 51.095436 0.000000 26.549999
1177.375000 51.304718 0.000000 26.660000
1179.125000 51.304718 0.000000 26.745001
1181.125000 51.722942 0.000000 26.860001
1182.375000 51.722942 0.000000 26.945000
1184.875000 51.932285 0.000000 27.059999
1185.750000 52.161667 0.000000 27.145000
1186.250000 52.390442 0.000000 27.260000
1187.750000 52.598648 0.000000 27.350000
1189.000000 52.806812 0.000000 27.459999
1190.125000 53.044174 0.000000 27.545000
1191.750000 53.252483 0.000000 27.660000
1193.375000 53.461384 0.000000 27.745001
1194.250000 53.670673 0.000000 27.860001
1195.625000 53.880226 0.000000 27.950001
1197.250000 54.089954 0.000000 28.065001
1198.750000 54.299801 0.000000 28.155001
1200.000000 54.299801 0.000000 28.245001
1200.750000 54.509712 0.000000 28.355000
1202.375000 54.749561 0.000000 28.445000
1203.375000 54.989380 0.000000 28.559999
1203.625000 55.239212 0.000000 28.645000
1205.625000 55.469055 0.000000 28.764999
1206.500000 55.678936 0.000000 28.855000
1207.000000 55.888905 0.000000 28.965000
1208.625000 55.888905 0.000000 29.049999
1209.375000 56.318825 0.000000 29.165001
1210.500000 56.318825 0.000000 29.250000
1211.250000 56.528812 0.000000 29.360001
1212.000000 56.748814 0.000000 29.465000
1212.875000 56.968758 0.000000 29.549999
1214.500000 57.198490 0.000000 29.665001
1216.000000 57.447826 0.000000 29.750000
1217.500000 57.667458 0.000000 29.865000
1218.875000 57.877266 0.000000 29.959999
1220.625000 57.877266 0.000000 30.040001
1221.875000 58.307117 0.000000 30.160000
1223.250000 58.307117 0.000000 30.245001
1224.000000 58.517097 0.000000 30.355000
1225.000000 58.747097 0.000000 30.445000
1226.250000 58.976677 0.000000 30.559999
1227.250000 59.186256 0.000000 30.645000
1227.625000 59.395981 0.000000 30.760000
1228.375000 59.635750 0.000000 30.844999
1229.125000 59.855602 0.000000 30.955000
1229.875000 60.065472 0.000000 31.059999
1230.125000 60.065472 0.000000 31.139999
1230.375000 60.505203 0.000000 31.260000
1231.000000 60.505203 0.000000 31.350000
1231.625000 60.715122 0.000000 31.465000
1232.375000 60.955006 0.000000 31.549999
1233.375000 61.194866 0.000000 31.660000
1233.625000 61.444702 0.000000 31.750000
1234.625000 61.674568 0.000000 31.865999
1235.375000 61.884434 0.000000 31.955000
1236.250000 62.094303 0.000000 32.064999
1236.875000 62.094303 0.000000 32.150002
1237.625000 62.304276 0.000000 32.259998
1238.125000 62.554173 0.000000 32.349998
1238.625000 62.784096 0.000000 32.459999
1239.250000 63.033875 0.000000 32.544998
1239.750000 63.253468 0.000000 32.660000
1240.750000 63.462845 0.000000 32.755001
1241.000000 63.672367 0.000000 32.860001
1241.375000 63.672367 0.000000 32.945000
1242.125000 64.091782 0.000000 33.055000
1242.375000 64.301559 0.000000 33.160000
1242.875000 64.301559 0.000000 33.255001
1243.625000 64.531410 0.000000 33.360001
1244.250000 64.761292 0.000000 33.450001
1244.750000 64.991165 0.000000 33.555000
1245.375000 65.241028 0.000000 33.650002
1246.000000 65.450912 0.000000 33.759998
1246.625000 65.660805 0.000000 33.845001
1246.750000 65.870705 0.000000 33.959999
1247.375000 65.870705 0.000000 34.040001
1247.750000 66.300514 0.000000 34.160000
1248.375000 66.300514 0.000000 34.250000
1248.875000 66.510422 0.000000 34.365002
1249.500000 66.750313 0.000000 34.445000
1250.000000 66.970207 0.000000 34.560001
1250.375000 67.180107 0.000000 34.645000
1250.875000 67.390007 0.000000 34.755001
1251.250000 67.599907 0.000000 34.865002
1251.500000 67.839790 0.000000 34.950001
1252.250000 68.049690 0.000000 35.060001
1252.500000 68.259590 0.000000 35.145000
1253.125000 68.469490 0.000000 35.255001
1253.625000 68.679390 0.000000 35.365002
1254.250000 68.889290 0.000000 35.459999
1255.125000 68.889290 0.000000 35.549999
1255.625000 69.299248 0.000000 35.660000
1255.750000 69.299248 0.000000 35.744999
1256.375000 69.509148 0.000000 35.860001
1257.125000 69.739037 0.000000 35.945000
1257.500000 69.988914 0.000000 36.055000
1257.875000 70.218803 0.000000 36.160000
1258.250000 70.438698 0.000000 36.250000
1258.750000 70.648598 0.000000 36.360001
1259.125000 70.858498 0.000000 36.445000
1259.375000 71.068398 0.000000 36.560001
1259.625000 71.068398 0.000000 36.645000
1260.375000 71.288292 0.000000 36.755001
1261.250000 71.508186 0.000000 36.865002
1261.875000 71.758064 0.000000 36.959999
1262.000000 71.967964 0.000000 37.044998
1262.500000 72.177986 0.000000 37.165001
1263.000000 72.387886 0.000000 37.250000
1263.500000 72.597786 0.000000 37.355000
1264.000000 72.827675 0.000000 37.445000
1264.500000 73.057564 0.000000 37.564999
1265.250000 73.267464 0.000000 37.650002
1266.000000 73.477364 0.000000 37.764999
1266.500000 73.687263 0.000000 37.855000
1266.625000 73.897163 0.000000 37.959999
1267.500000 73.897163 0.000000 38.055000
1268.375000 74.107063 0.000000 38.160000
1268.875000 74.336952 0.000000 38.240002
1269.500000 74.576836 0.000000 38.355000
1270.500000 74.816719 0.000000 38.474998
1271.250000 75.066597 0.000000 38.564999
1271.875000 75.276245 0.000000 38.660000
1273.000000 75.276245 0.000000 38.744999
1274.000000 75.693016 0.000000 38.860001
1275.125000 75.693016 0.000000 38.945000
1275.875000 75.901764 0.000000 39.060001
1276.125000 76.130966 0.000000 39.145000
1276.625000 76.380577 0.000000 39.259998
1277.250000 76.620445 0.000000 39.345001
1278.250000 76.830414 0.000000 39.459999
1280.000000 77.030434 0.000000 39.549999
1280.625000 77.260506 0.000000 39.665001
1281.750000 77.460602 0.000000 39.755001
1283.625000 77.660645 0.000000 39.865002
1284.875000 77.870308 0.000000 39.955002
1287.750000 78.079788 0.000000 40.060001
1290.000000 78.079788 0.000000 40.150002
1293.250000 78.289459 0.000000 40.259998
1298.250000 78.539383 0.000000 40.355000
1302.625000 78.739433 0.000000 40.465000
1308.250000 78.939529 0.000000 40.555000
1317.000000 79.139725 0.000000 40.665001
1324.250000 79.339943 0.000000 40.750000
1338.625000 79.540169 0.000000 40.865002
1350.125000 79.740479 0.000000 40.950001
1360.500000 79.940712 0.000000 41.064999
1372.125000 80.149742 0.000000 41.160000
1380.625000 80.354874 0.000000 41.250000
1389.375000 80.556503 0.000000 41.360001
1397.125000 80.757790 0.000000 41.450001
1403.875000 80.757790 0.000000 41.560001
1413.375000 80.958595 0.000000 41.650002
1423.250000 81.165787 0.000000 41.755001
1430.500000 81.165787 0.000000 41.849998
1440.500000 81.373405 0.000000 41.959999
1449.250000 81.575119 0.000000 42.040001
1454.625000 81.777725 0.000000 42.154999
1461.000000 81.777725 0.000000 42.244999
1470.750000 81.980713 0.000000 42.360001
1478.250000 82.221542 0.000000 42.450001
1486.500000 82.221542 0.000000 42.560001
1492.500000 82.448067 0.000000 42.650002
1498.625000 82.652763 0.000000 42.759998
1505.250000 82.853737 0.000000 42.849998
1513.250000 83.058159 0.000000 42.959999
1519.375000 83.058159 0.000000 43.055000
1525.000000 83.304092 0.000000 43.150002
1530.750000 83.528511 0.000000 43.259998
1534.250000 83.736137 0.000000 43.355000
1536.375000 83.944984 0.000000 43.459999
1539.375000 84.194290 0.000000 43.555000
1543.250000 84.403976 0.000000 43.639999
1545.000000 84.613754 0.000000 43.759998
1548.125000 84.613754 0.000000 43.845001
1550.625000 85.033508 0.000000 43.955002
1553.125000 85.033508 0.000000 44.049999
1556.750000 85.253441 0.000000 44.165001
1560.000000 85.503334 0.000000 44.255001
1563.250000 85.713257 0.000000 44.349998
1564.500000 85.923225 0.000000 44.459999
1566.000000 86.173157 0.000000 44.544998
1569.500000 86.393105 0.000000 44.660000
1571.125000 86.603043 0.000000 44.750000
1572.250000 86.812981 0.000000 44.860001
1573.625000 86.812981 0.000000 44.945000
1575.875000 87.232841 0.000000 45.055000
1578.750000 87.232841 0.000000 45.139999
1580.375000 87.652809 0.000000 45.264999
1582.125000 87.652809 0.000000 45.349998
1584.250000 87.862770 0.000000 45.459999
1586.000000 88.082687 0.000000 45.544998
1587.000000 88.322594 0.000000 45.660000
1588.375000 88.532494 0.000000 45.750000
1590.250000 88.742386 0.000000 45.865002
1592.500000 88.982269 0.000000 45.950001
1594.625000 89.202133 0.000000 46.064999
1595.875000 89.411987 0.000000 46.150002
1597.000000 89.621849 0.000000 46.264999
1598.625000 89.831726 0.000000 46.355000
1600.125000 90.041672 0.000000 46.465000
1601.625000 90.041672 0.000000 46.549999
1602.625000 90.251648 0.000000 46.660000
1604.125000 90.481590 0.000000 46.744999
1606.500000 90.711517 0.000000 46.860001
1607.000000 90.921402 0.000000 46.945000
1608.625000 91.131271 0.000000 47.060001
1609.875000 91.381165 0.000000 47.154999
1610.875000 91.611099 0.000000 47.264999
1613.000000 91.611099 0.000000 47.345001
1615.000000 92.030952 0.000000 47.455002
1616.875000 92.030952 0.000000 47.544998
1618.750000 92.240868 0.000000 47.660000
1619.250000 92.490761 0.000000 47.755001
1620.875000 92.710709 0.000000 47.869999
1621.625000 92.920639 0.000000 47.950001
1624.000000 93.130516 0.000000 48.064999
1625.625000 93.390366 0.000000 48.160000
1628.375000 93.600281 0.000000 48.250000
1630.125000 93.810188 0.000000 48.365002
1633.250000 93.810188 0.000000 48.450001
1634.125000 94.230087 0.000000 48.564999
1635.500000 94.230087 0.000000 48.654999
1637.500000 94.440071 0.000000 48.764999
1639.625000 94.680038 0.000000 48.845001
1642.000000 94.900002 0.000000 48.955002
1645.500000 95.139984 0.000000 49.064999
1647.875000 95.369995 0.000000 49.150002
1650.500000 95.580009 0.000000 49.264999
1654.000000 95.790016 0.000000 49.360001
1658.375000 96.000000 0.000000 49.450001
1663.125000 96.209961 0.000000 49.564999
1667.500000 96.409973 0.000000 49.654999
1671.875000 96.619965 0.000000 49.765999
1676.875000 96.829910 0.000000 49.860001
1682.875000 96.829910 0.000000 49.945000
1689.375000 97.039902 0.000000 50.060001
1693.875000 97.279900 0.000000 50.145000
1699.125000 97.489899 0.000000 50.264999
1705.000000 97.699905 0.000000 50.355000
1709.750000 97.919945 0.000000 50.465000
1715.125000 98.120018 0.000000 50.549999
1721.750000 98.329941 0.000000 50.660000
1727.875000 98.565819 0.000000 50.744999
1734.250000 98.770927 0.000000 50.861000
1740.375000 98.770927 0.000000 50.945000
1746.750000 98.976059 0.000000 51.055000
1751.750000 99.180115 0.000000 51.165001
1755.000000 99.385345 0.000000 51.259998
1758.250000 99.385345 0.000000 51.345001
1761.375000 99.586792 0.000000 51.455002
1763.750000 99.586792 0.000000 51.544998
1767.625000 99.586792 0.000000 51.660000
1768.625000 99.808128 0.000000 51.750000
1770.000000 99.808128 0.000000 51.860001
1771.500000 100.008919 0.000000 51.950001
1772.500000 100.210373 0.000000 52.064999
1774.125000 100.210373 0.000000 52.160000
1776.250000 100.412384 0.000000 52.244999
1777.000000 100.638702 0.000000 52.360001
1778.375000 100.882339 0.000000 52.445000
1779.125000 101.109673 0.000000 52.564999
1780.625000 101.318459 0.000000 52.650002
1781.375000 101.527847 0.000000 52.764999
1782.125000 101.737511 0.000000 52.855000
1783.375000 101.737511 0.000000 52.945000
1785.625000 101.957329 0.000000 53.064999
1786.625000 102.197189 0.000000 53.150002
1787.875000 102.407051 0.000000 53.264999
1788.750000 102.616875 0.000000 53.349998
1790.125000 102.826675 0.000000 53.459999
1791.500000 103.086388 0.000000 53.549999
1792.125000 103.296181 0.000000 53.654999
1793.000000 103.506004 0.000000 53.750000
1795.000000 103.715828 0.000000 53.865002
1796.125000 103.925613 0.000000 53.955002
1797.875000 103.925613 0.000000 54.040001
1799.000000 104.345261 0.000000 54.160000
1799.875000 104.345261 0.000000 54.250000
1800.250000 104.555115 0.000000 54.355000
1802.000000 104.794907 0.000000 54.450001
1802.125000 105.034668 0.000000 54.564999
1802.750000 105.284439 0.000000 54.650002
1803.875000 105.494247 0.000000 54.759998
1804.375000 105.704056 0.000000 54.855000
1804.625000 105.913925 0.000000 54.950001
1805.625000 106.123756 0.000000 55.064999
1806.375000 106.333595 0.000000 55.154999
1806.625000 106.333595 0.000000 55.255001
1807.375000 106.543488 0.000000 55.345001
1808.250000 106.753403 0.000000 55.455002
1810.125000 106.973282 0.000000 55.544998
1811.250000 107.213104 0.000000 55.654999
1811.500000 107.432930 0.000000 55.764999
1812.500000 107.682770 0.000000 55.849998
1813.000000 107.892639 0.000000 55.959999
1813.750000 108.102509 0.000000 56.044998
1814.500000 108.312340 0.000000 56.165001
1814.625000 108.522171 0.000000 56.255001
1815.500000 108.732010 0.000000 56.360001
1816.000000 108.732010 0.000000 56.445000
1816.625000 109.151772 0.000000 56.564999
1817.500000 109.151772 0.000000 56.650002
1817.875000 109.361687 0.000000 56.759998
1818.625000 109.581558 0.000000 56.845001
1819.125000 109.811447 0.000000 56.960999
1819.375000 110.021362 0.000000 57.044998
1820.000000 110.231277 0.000000 57.150002
1820.875000 110.441193 0.000000 57.259998
1821.750000 110.681091 0.000000 57.349998
1823.250000 110.890991 0.000000 57.459999
1824.000000 111.100822 0.000000 57.544998
1825.000000 111.310677 0.000000 57.654999
1826.000000 111.310677 0.000000 57.744999
1826.500000 111.740501 0.000000 57.865002
1827.375000 111.740501 0.000000 57.950001
1829.125000 111.950417 0.000000 58.064999
1830.625000 112.190254 0.000000 58.145000
1833.000000 112.420074 0.000000 58.264999
1835.625000 112.629906 0.000000 58.355000
1838.000000 112.849777 0.000000 58.465000
1842.000000 113.089691 0.000000 58.560001
1844.000000 113.299683 0.000000 58.650002
1847.750000 113.509537 0.000000 58.764999
1849.500000 113.719345 0.000000 58.849998
1853.375000 113.929153 0.000000 58.965000
1856.750000 113.929153 0.000000 59.049999
1860.000000 114.138969 0.000000 59.160000
1862.875000 114.388763 0.000000 59.250000
1865.875000 114.628654 0.000000 59.360001
1869.500000 114.858536 0.000000 59.465000
1874.500000 115.078423 0.000000 59.549999
1879.500000 115.288330 0.000000 59.634998
1883.375000 115.498299 0.000000 59.750000
1886.625000 115.708267 0.000000 59.860001
1891.000000 115.918236 0.000000 59.950001
1894.625000 116.128189 0.000000 60.060001
1899.125000 116.128189 0.000000 60.145000
1905.000000 116.547836 0.000000 60.264999
1909.125000 116.547836 0.000000 60.360001
1917.500000 116.777649 0.000000 60.439999
1922.375000 117.007523 0.000000 60.560001
1925.500000 117.217438 0.000000 60.650002
1928.625000 117.427368 0.000000 60.759998
1931.000000 117.677223 0.000000 60.849998
1933.500000 117.887100 0.000000 60.955002
1936.125000 118.096962 0.000000 61.055000
1937.250000 118.306801 0.000000 61.165001
1939.375000 118.306801 0.000000 61.244999
1940.125000 118.526619 0.000000 61.360001
1940.375000 118.746468 0.000000 61.470001
1941.375000 118.986343 0.000000 61.555000
1942.125000 119.226219 0.000000 61.665001
1943.375000 119.466095 0.000000 61.750000
1944.625000 119.685905 0.000000 61.860001
1945.500000 119.895798 0.000000 61.959999
1946.500000 119.895798 0.000000 62.040001
1947.000000 120.315491 0.000000 62.165001
1947.750000 120.315491 0.000000 62.250000
1948.500000 120.545387 0.000000 62.360001
1949.000000 120.785278 0.000000 62.450001
1949.500000 121.025116 0.000000 62.561001
1950.000000 121.254944 0.000000 62.639999
1950.125000 121.484840 0.000000 62.759998
1950.375000 121.694740 0.000000 62.845001
1951.375000 121.904640 0.000000 62.965000
1952.000000 122.114540 0.000000 63.049999
1952.875000 122.324440 0.000000 63.160000
1953.500000 122.324440 0.000000 63.250000
1953.875000 122.534348 0.000000 63.360001
1954.250000 122.774239 0.000000 63.445000
1955.250000 123.014130 0.000000 63.560001
1956.125000 123.224037 0.000000 63.650002
1957.000000 123.433899 0.000000 63.764999
1958.000000 123.663734 0.000000 63.845001
1958.625000 123.903625 0.000000 63.965000
1959.500000 124.113525 0.000000 64.050003
1960.750000 124.113525 0.000000 64.150002
1961.500000 124.343422 0.000000 64.260002
1962.625000 124.583305 0.000000 64.349998
1963.250000 124.813118 0.000000 64.455002
1963.875000 125.042923 0.000000 64.565002
1964.875000 125.272728 0.000000 64.650002
1965.500000 125.482605 0.000000 64.754997
1967.000000 125.692505 0.000000 64.860001
1968.375000 125.902412 0.000000 64.945000
1969.500000 126.112282 0.000000 65.065002
1971.250000 126.322151 0.000000 65.154999
1971.750000 126.532059 0.000000 65.260002
1972.250000 126.532059 0.000000 65.349998
1974.500000 126.741959 0.000000 65.464996
1975.500000 126.951859 0.000000 65.565002
1976.750000 127.191780 0.000000 65.654999
1977.875000 127.401764 0.000000 65.745003
1979.000000 127.611679 0.000000 65.860001
1980.750000 127.821571 0.000000 65.949997
1982.125000 128.031403 0.000000 66.059998
1983.625000 128.261185 0.000000 66.144997
1984.875000 128.481125 0.000000 66.264999
1985.750000 128.481125 0.000000 66.360001
1986.500000 128.699692 0.000000 66.445000
1988.000000 128.699692 0.000000 66.559998
1988.750000 128.915207 0.000000 66.650002
1989.500000 128.915207 0.000000 66.760002
1990.000000 128.915207 0.000000 66.845001
1990.625000 129.115738 0.000000 66.959999
1990.875000 129.115738 0.000000 67.044998
1991.125000 129.115738 0.000000 67.150002
1991.500000 129.115738 0.000000 67.260002
1992.250000 129.115738 0.000000 67.349998
1992.500000 129.115738 0.000000 67.459999
1992.875000 129.115738 0.000000 67.550003
1992.875000 129.115738 0.000000 67.650002
1993.125000 129.115738 0.000000 67.764999
1993.250000 129.115738 0.000000 67.860001
1993.500000 129.115738 0.000000 67.945000
1993.625000 129.115738 0.000000 68.055000
1993.625000 129.115738 0.000000 68.160004
1993.625000 129.115738 0.000000 68.250000
1994.000000 129.115738 0.000000 68.360001
1994.000000 129.115738 0.000000 68.445000
1994.000000 129.115738 0.000000 68.559998
1994.125000 129.115738 0.000000 68.644997
1994.125000 129.115738 0.000000 68.760002
1994.125000 129.115738 0.000000 68.845001
1994.125000 129.115738 0.000000 68.959999
1994.250000 129.115738 0.000000 69.044998
1994.250000 129.115738 0.000000 69.160004
1994.250000 129.115738 0.000000 69.250000
1994.250000 129.316971 0.000000 69.360001
1994.500000 129.519958 0.000000 69.449997
1994.750000 129.720184 0.000000 69.559998
1994.750000 129.920929 0.000000 69.650002
1995.000000 130.126480 0.000000 69.760002
1995.000000 130.354401 0.000000 69.845001
1995.250000 130.563751 0.000000 69.959999
1995.375000 130.773712 0.000000 70.050003
1995.500000 130.973923 0.000000 70.154999
1995.750000 131.183868 0.000000 70.264999
1995.750000 131.393524 0.000000 70.360001
1995.875000 131.393524 0.000000 70.440002
1996.125000 131.803375 0.000000 70.565002
1996.375000 132.003464 0.000000 70.650002
1996.625000 132.203629 0.000000 70.754997
1996.625000 132.403839 0.000000 70.855003
1996.875000 132.604080 0.000000 70.949997
1997.125000 132.804321 0.000000 71.059998
1997.250000 133.004532 0.000000 71.150002
1997.500000 133.204803 0.000000 71.260002
1997.500000 133.204803 0.000000 71.345001
1997.500000 133.414841 0.000000 71.455002
1997.750000 133.634354 0.000000 71.555000
1997.750000 133.873932 0.000000 71.654999
1997.875000 134.083786 0.000000 71.745003
1997.875000 134.293793 0.000000 71.855003
1998.000000 134.493805 0.000000 71.945000
1998.125000 134.703796 0.000000 72.065002
1998.125000 134.913742 0.000000 72.150002
1998.125000 135.123444 0.000000 72.260002
1998.250000 135.353165 0.000000 72.345001
1998.250000 135.562973 0.000000 72.459999
1998.375000 135.772781 0.000000 72.555000
1998.375000 135.982681 0.000000 72.665001
1998.500000 136.192627 0.000000 72.750000
1998.625000 136.402588 0.000000 72.860001
1998.625000 136.402588 0.000000 72.945000
1998.750000 136.822495 0.000000 73.059998
1998.750000 136.822495 0.000000 73.144997
1998.750000 137.032410 0.000000 73.260002
1998.875000 137.262344 0.000000 73.345001
1998.875000 137.512253 0.000000 73.459999
1999.000000 137.752136 0.000000 73.544998
1999.000000 137.972015 0.000000 73.654999
1999.000000 138.181900 0.000000 73.739998
1999.125000 138.391815 0.000000 73.849998
1999.125000 138.601746 0.000000 73.964996
1999.250000 138.601746 0.000000 74.050003
1999.250000 139.020615 0.000000 74.160004
1999.250000 139.020615 0.000000 74.239998
1999.375000 139.229996 0.000000 74.355003
1999.375000 139.439590 0.000000 74.464996
1999.500000 139.649353 0.000000 74.544998
1999.500000 139.899155 0.000000 74.654999
1999.625000 140.148941 0.000000 74.745003
2000.000000 140.378815 0.000000 74.864998
2000.250000 140.588715 0.000000 74.955002
2001.250000 140.798569 0.000000 75.065002
2002.125000 140.798569 0.000000 75.150002
2002.750000 141.217773 0.000000 75.260002
2003.750000 141.217773 0.000000 75.349998
2004.000000 141.426590 0.000000 75.459999
2004.750000 141.645172 0.000000 75.559998
2005.875000 141.874191 0.000000 75.654999
2006.375000 142.093658 0.000000 75.764999
2007.125000 142.303360 0.000000 75.849998
2007.250000 142.513138 0.000000 75.959999
2008.125000 142.752914 0.000000 76.050003
2008.375000 142.972717 0.000000 76.165001
2008.750000 143.182526 0.000000 76.254997
2009.375000 143.392288 0.000000 76.360001
2009.875000 143.392288 0.000000 76.449997
2010.125000 143.621811 0.000000 76.559998
2010.125000 143.851196 0.000000 76.644997
2010.250000 144.090729 0.000000 76.764999
2010.375000 144.300461 0.000000 76.849998
2010.375000 144.520218 0.000000 76.964996
2010.625000 144.750015 0.000000 77.050003
2010.625000 144.959869 0.000000 77.160004
2010.625000 145.169724 0.000000 77.250000
2010.750000 145.379578 0.000000 77.360001
2010.750000 145.589447 0.000000 77.449997
2010.875000 145.799255 0.000000 77.559998
2010.875000 145.799255 0.000000 77.650002
2010.875000 146.009094 0.000000 77.760002
2011.000000 146.258911 0.000000 77.855003
2011.000000 146.468765 0.000000 77.949997
2011.125000 146.678589 0.000000 78.059998
2011.125000 146.888443 0.000000 78.144997
2011.250000 147.098373 0.000000 78.254997
2011.375000 147.308258 0.000000 78.360001
2011.375000 147.548218 0.000000 78.449997
2011.500000 147.758118 0.000000 78.559998
2011.500000 147.967987 0.000000 78.644997
2011.500000 148.177872 0.000000 78.764999
2011.625000 148.387756 0.000000 78.849998
2011.625000 148.597626 0.000000 78.959999
2011.750000 148.597626 0.000000 79.050003
2011.750000 148.817459 0.000000 79.160004
2011.750000 149.067276 0.000000 79.260002
2011.875000 149.277206 0.000000 79.349998
2011.875000 149.487198 0.000000 79.459999
2012.000000 149.737122 0.000000 79.544998
2012.000000 149.967056 0.000000 79.660004
2012.000000 150.177017 0.000000 79.750000
2012.125000 150.386948 0.000000 79.864998
2012.250000 150.386948 0.000000 79.949997
2012.375000 150.616867 0.000000 80.059998
2012.375000 150.846817 0.000000 80.144997
2012.375000 151.086761 0.000000 80.260002
2012.500000 151.296677 0.000000 80.349998
2012.500000 151.506577 0.000000 80.459999
2012.625000 151.736450 0.000000 80.544998
2012.625000 151.956345 0.000000 80.660004
2012.625000 152.166229 0.000000 80.750000
2012.750000 152.376114 0.000000 80.860001
2012.750000 152.585999 0.000000 80.949997
2012.875000 152.795883 0.000000 81.059998
2012.875000 152.795883 0.000000 81.139999
2012.875000 153.005783 0.000000 81.260002
2013.000000 153.255692 0.000000 81.355003
2013.000000 153.485626 0.000000 81.459999
2013.125000 153.735565 0.000000 81.559998
2013.125000 153.955536 0.000000 81.654999
2013.125000 154.165527 0.000000 81.764999
2013.250000 154.375534 0.000000 81.860001
2013.250000 154.575562 0.000000 81.949997
2013.375000 154.775574 0.000000 82.065002
2013.375000 154.985580 0.000000 82.150002
2013.375000 155.195541 0.000000 82.264999
2013.500000 155.195541 0.000000 82.349998
2013.500000 155.405457 0.000000 82.459999
2013.625000 155.645325 0.000000 82.555000
2013.625000 155.885208 0.000000 82.665001
2013.625000 156.095093 0.000000 82.764999
2013.750000 156.335022 0.000000 82.849998
2013.750000 156.555023 0.000000 82.964996
2013.875000 156.765015 0.000000 83.050003
2013.875000 156.975021 0.000000 83.165001
2013.875000 157.175049 0.000000 83.254997
2014.125000 157.385040 0.000000 83.364998
2014.250000 157.385040 0.000000 83.455002
2015.000000 157.614960 0.000000 83.565002
2015.625000 157.844879 0.000000 83.650002
2016.000000 158.080994 0.000000 83.764999
2016.375000 158.321793 0.000000 83.860001
2016.500000 158.321793 0.000000 83.955002
2016.500000 158.546432 0.000000 84.044998
2016.750000 158.750977 0.000000 84.154999
2017.375000 158.951630 0.000000 84.264999
2018.000000 158.951630 0.000000 84.349998
2018.125000 159.151657 0.000000 84.459999
2018.875000 159.366852 0.000000 84.544998
2019.250000 159.568283 0.000000 84.660004
2019.375000 159.568283 0.000000 84.745003
2019.500000 159.770233 0.000000 84.855003
2019.625000 159.973114 0.000000 84.940002
2019.750000 159.973114 0.000000 85.055000
2019.750000 160.184097 0.000000 85.139999
2019.875000 160.388336 0.000000 85.254997
2020.000000 160.592850 0.000000 85.339996
2020.250000 160.592850 0.000000 85.455002
2020.375000 160.797791 0.000000 85.565002
2020.375000 161.034012 0.000000 85.650002
2021.500000 161.238708 0.000000 85.764999
2023.625000 161.238708 0.000000 85.849998
2024.500000 161.445953 0.000000 85.959999
2025.250000 161.654984 0.000000 86.044998
2025.500000 161.889511 0.000000 86.160004
2026.000000 162.097519 0.000000 86.250000
2026.375000 162.306747 0.000000 86.364998
2026.625000 162.556290 0.000000 86.455002
2027.750000 162.765518 0.000000 86.559998
2028.250000 162.765518 0.000000 86.639999
2028.375000 163.204727 0.000000 86.760002
2029.000000 163.413971 0.000000 86.864998
2029.375000 163.413971 0.000000 86.955002
2029.750000 163.622314 0.000000 87.065002
2031.000000 163.850189 0.000000 87.150002
2031.750000 164.078796 0.000000 87.260002
2033.125000 164.327545 0.000000 87.345001
2035.125000 164.546158 0.000000 87.455002
2036.625000 164.754593 0.000000 87.540001
2037.750000 164.962799 0.000000 87.654999
2039.000000 164.962799 0.000000 87.745003
2041.625000 165.180557 0.000000 87.855003
2045.875000 165.427475 0.000000 87.945000
2048.250000 165.665024 0.000000 88.065002
2049.750000 165.873657 0.000000 88.150002
2050.375000 166.083130 0.000000 88.264999
2051.250000 166.322861 0.000000 88.364998
2051.500000 166.522903 0.000000 88.449997
2053.750000 166.723083 0.000000 88.559998
2055.000000 166.923294 0.000000 88.644997
2055.375000 167.123520 0.000000 88.754997
2055.875000 167.323776 0.000000 88.849998
2056.000000 167.554077 0.000000 88.964996
2056.875000 167.763565 0.000000 89.050003
2057.500000 167.967392 0.000000 89.165001
2057.750000 167.967392 0.000000 89.250000
2058.500000 168.168396 0.000000 89.360001
2059.125000 168.375778 0.000000 89.445000
2059.125000 168.585602 0.000000 89.555000
2059.875000 168.585602 0.000000 89.660004
2060.750000 168.791000 0.000000 89.754997
2061.000000 168.791000 0.000000 89.860001
2061.000000 169.006531 0.000000 89.949997
2061.500000 169.006531 0.000000 90.065002
2061.625000 169.223221 0.000000 90.150002
2062.250000 169.223221 0.000000 90.260002
2064.250000 169.456451 0.000000 90.370003
2065.375000 169.662933 0.000000 90.449997
2065.750000 169.870926 0.000000 90.559998
2066.875000 170.094101 0.000000 90.639999
2067.375000 170.330551 0.000000 90.764999
2067.625000 170.538971 0.000000 90.849998
2068.375000 170.748062 0.000000 90.959999
2071.750000 170.957458 0.000000 91.065002
2071.875000 170.957458 0.000000 91.150002
2073.750000 171.177048 0.000000 91.260002
2074.875000 171.406219 0.000000 91.345001
2074.875000 171.635406 0.000000 91.459999
2075.375000 171.844818 0.000000 91.550003
2075.625000 172.054291 0.000000 91.665001
2075.625000 172.303802 0.000000 91.750000
2076.625000 172.523560 0.000000 91.860001
2076.625000 172.733368 0.000000 91.945000
2077.250000 172.942566 0.000000 92.059998
2077.750000 172.942566 0.000000 92.150002
2079.250000 173.358459 0.000000 92.260002
2079.625000 173.358459 0.000000 92.355003
2080.250000 173.566055 0.000000 92.459999
2080.375000 173.793686 0.000000 92.544998
2081.250000 174.032089 0.000000 92.665001
2081.375000 174.241501 0.000000 92.750000
2081.875000 174.451096 0.000000 92.860001
2082.125000 174.680389 0.000000 92.945000
2082.125000 174.899155 0.000000 93.060997
2082.250000 175.101746 0.000000 93.150002
2082.375000 175.309402 0.000000 93.260002
2082.375000 175.309402 0.000000 93.349998
2083.000000 175.512970 0.000000 93.464996
2083.375000 175.731110 0.000000 93.555000
2083.375000 175.731110 0.000000 93.654999
2083.500000 175.954315 0.000000 93.750000
2083.500000 175.954315 0.000000 93.860001
2083.625000 175.954315 0.000000 93.949997
2083.625000 176.158173 0.000000 94.059998
2083.875000 176.158173 0.000000 94.150002
2084.250000 176.158173 0.000000 94.264999
2084.250000 176.358673 0.000000 94.349998
2084.375000 176.358673 0.000000 94.459999
2084.375000 176.358673 0.000000 94.544998
2084.500000 176.358673 0.000000 94.654999
2084.625000 176.358673 0.000000 94.750000
2084.750000 176.559814 0.000000 94.864998
2084.750000 176.559814 0.000000 94.945000
2084.875000 176.559814 0.000000 95.059998
2084.875000 176.559814 0.000000 95.175003
2085.000000 176.559814 0.000000 95.260002
2085.000000 176.559814 0.000000 95.345001
2085.000000 176.559814 0.000000 95.464996
2085.000000 176.559814 0.000000 95.559998
2085.125000 176.559814 0.000000 95.644997
2085.125000 176.559814 0.000000 95.754997
2085.125000 176.559814 0.000000 95.860001
2085.125000 176.559814 0.000000 95.945000
2085.125000 176.559814 0.000000 96.059998
2085.125000 176.559814 0.000000 96.144997
2085.125000 176.559814 0.000000 96.260002
2085.250000 176.559814 0.000000 96.349998
2085.250000 176.559814 0.000000 96.459999
2085.500000 176.559814 0.000000 96.544998
2085.500000 176.559814 0.000000 96.660004
2085.500000 176.559814 0.000000 96.754997
2085.500000 176.559814 0.000000 96.864998
2085.500000 176.559814 0.000000 96.949997
2085.500000 176.559814 0.000000 97.055000
2085.500000 176.559814 0.000000 97.150002
2085.500000 176.559814 0.000000 97.264999
2085.625000 176.559814 0.000000 97.349998
2085.625000 176.559814 0.000000 97.464996
2085.625000 176.559814 0.000000 97.555000
2085.750000 176.559814 0.000000 97.639999
2085.750000 176.559814 0.000000 97.754997
2085.875000 176.559814 0.000000 97.860001
2085.875000 176.559814 0.000000 97.940002
2085.875000 176.559814 0.000000 98.059998
2085.875000 176.559814 0.000000 98.150002
2086.000000 176.764908 0.000000 98.260002
2086.000000 176.971100 0.000000 98.345001
2086.250000 176.971100 0.000000 98.459999
2086.375000 177.206131 0.000000 98.544998
2086.625000 177.419022 0.000000 98.660004
2086.625000 177.620514 0.000000 98.750000
2087.000000 177.825867 0.000000 98.855003
2087.125000 178.073547 0.000000 98.949997
2087.375000 178.302872 0.000000 99.065002
2087.625000 178.512756 0.000000 99.150002
2087.875000 178.712875 0.000000 99.260002
2088.125000 178.712875 0.000000 99.345001
2088.250000 179.132523 0.000000 99.459999
2088.250000 179.132523 0.000000 99.544998
2088.375000 179.342346 0.000000 99.660004
2088.375000 179.572357 0.000000 99.760002
2088.500000 179.802521 0.000000 99.860001
2089.250000 180.002640 0.000000 99.945000
2090.125000 180.212906 0.000000 100.065002
2090.125000 180.413162 0.000000 100.150002
2090.875000 180.613342 0.000000 100.260002
2091.875000 180.813446 0.000000 100.360001
2092.250000 181.013565 0.000000 100.445000
2092.750000 181.213837 0.000000 100.555000
2093.625000 181.414062 0.000000 100.650002
2094.500000 181.624329 0.000000 100.760002
2095.250000 181.824371 0.000000 100.860001
2095.875000 182.063416 0.000000 100.945000
2096.125000 182.276932 0.000000 101.055000
2097.125000 182.477844 0.000000 101.165001
2097.375000 182.477844 0.000000 101.250000
2098.000000 182.685303 0.000000 101.360001
2098.000000 182.908447 0.000000 101.445000
2098.125000 182.908447 0.000000 101.559998
2098.375000 183.111359 0.000000 101.639999
2098.500000 183.111359 0.000000 101.754997
2098.625000 183.325226 0.000000 101.845001
2098.750000 183.325226 0.000000 101.955002
2098.750000 183.325226 0.000000 102.065002
2098.750000 183.530991 0.000000 102.150002
2099.125000 183.530991 0.000000 102.260002
2099.250000 183.530991 0.000000 102.349998
2099.375000 183.530991 0.000000 102.449997
2099.500000 183.530991 0.000000 102.555000
2099.625000 183.736816 0.000000 102.644997
2099.625000 183.736816 0.000000 102.760002
2099.625000 183.736816 0.000000 102.849998
2099.750000 183.736816 0.000000 102.964996
2099.875000 183.736816 0.000000 103.059998
2099.875000 183.736816 0.000000 103.144997
2099.875000 183.736816 0.000000 103.254997
2099.875000 183.736816 0.000000 103.364998
2100.250000 183.736816 0.000000 103.449997
2100.500000 183.736816 0.000000 103.559998
2100.500000 183.736816 0.000000 103.644997
2100.500000 183.736816 0.000000 103.760002
2100.625000 183.736816 0.000000 103.845001
2100.750000 183.736816 0.000000 103.959999
2100.750000 183.736816 0.000000 104.044998
2100.875000 183.736816 0.000000 104.160004
2100.875000 183.736816 0.000000 104.250000
2101.000000 183.736816 0.000000 104.364998
2101.000000 183.736816 0.000000 104.459999
2101.000000 183.736816 0.000000 104.550003
2101.000000 183.736816 0.000000 104.665001
2101.000000 183.736816 0.000000 104.754997
2101.000000 183.736816 0.000000 104.860001
2101.125000 183.736816 0.000000 104.955002
2101.125000 183.736816 0.000000 105.065002
2101.125000 183.736816 0.000000 105.154999
2101.125000 183.736816 0.000000 105.260002
2101.125000 183.955704 0.000000 105.355003
2101.250000 183.955704 0.000000 105.455002
2101.250000 184.169785 0.000000 105.559998
2101.250000 184.383408 0.000000 105.660004
2101.375000 184.630432 0.000000 105.745003
2101.375000 184.865204 0.000000 105.864998
2101.500000 185.072983 0.000000 105.955002
2101.625000 185.281799 0.000000 106.065002
2101.625000 185.281799 0.000000 106.150002
2101.750000 185.700943 0.000000 106.264999
2101.750000 185.700943 0.000000 106.349998
2102.000000 185.910828 0.000000 106.464996
2102.000000 186.150757 0.000000 106.555000
2102.000000 186.360733 0.000000 106.665001
2102.125000 186.560730 0.000000 106.760002
2102.125000 186.770706 0.000000 106.849998
2102.250000 186.980637 0.000000 106.955002
2102.250000 187.200607 0.000000 107.065002
2102.250000 187.430481 0.000000 107.150002
2102.375000 187.660034 0.000000 107.264999
2102.375000 187.869736 0.000000 107.349998
2102.500000 188.079605 0.000000 107.459999
2102.500000 188.079605 0.000000 107.544998
2102.500000 188.489609 0.000000 107.660004
2102.625000 188.489609 0.000000 107.750000
2102.625000 188.889755 0.000000 107.860001
2102.625000 188.889755 0.000000 107.945000
2102.625000 189.289978 0.000000 108.059998
2102.625000 189.289978 0.000000 108.154999
2102.625000 189.690186 0.000000 108.260002
2102.625000 189.890274 0.000000 108.370003
2102.625000 190.090363 0.000000 108.459999
2102.625000 190.090363 0.000000 108.550003
2102.625000 190.290436 0.000000 108.654999
2102.625000 190.520477 0.000000 108.764999
2102.625000 190.750534 0.000000 108.855003
2102.625000 190.980637 0.000000 108.959999
2102.625000 191.220734 0.000000 109.044998
2102.625000 191.440811 0.000000 109.160004
2102.750000 191.640900 0.000000 109.250000
2102.875000 191.840973 0.000000 109.360001
2102.875000 192.041077 0.000000 109.445000
2103.000000 192.241196 0.000000 109.550003
2103.000000 192.451309 0.000000 109.665001
2103.125000 192.651443 0.000000 109.750000
2103.125000 192.851593 0.000000 109.860001
2103.125000 193.051727 0.000000 109.945000
2103.250000 193.251862 0.000000 110.059998
2103.250000 193.451965 0.000000 110.144997
2103.375000 193.652039 0.000000 110.254997
2103.375000 193.852112 0.000000 110.360001
2103.375000 194.052185 0.000000 110.445000
2103.500000 194.252274 0.000000 110.565002
2103.500000 194.452393 0.000000 110.644997
2103.625000 194.652496 0.000000 110.760002
2103.750000 194.852570 0.000000 110.864998
2103.750000 195.052612 0.000000 110.955002
2103.875000 195.252640 0.000000 111.050003
2103.875000 195.462494 0.000000 111.160004
2104.000000 195.672119 0.000000 111.250000
2104.000000 195.881851 0.000000 111.360001
2104.000000 195.881851 0.000000 111.449997
2104.125000 196.091721 0.000000 111.559998
2104.125000 196.331650 0.000000 111.644997
2104.250000 196.551544 0.000000 111.754997
2104.250000 196.780731 0.000000 111.860001
2104.250000 197.019333 0.000000 111.945000
2104.375000 197.237778 0.000000 112.059998
2104.500000 197.445694 0.000000 112.144997
2104.500000 197.653061 0.000000 112.260002
2104.625000 197.653061 0.000000 112.339996
2104.625000 198.076813 0.000000 112.459999
2104.625000 198.076813 0.000000 112.559998
2104.750000 198.281921 0.000000 112.654999
2104.875000 198.484161 0.000000 112.745003
2104.875000 198.686386 0.000000 112.860001
2105.000000 198.686386 0.000000 112.945000
2105.125000 198.890015 0.000000 113.059998
2105.125000 199.092361 0.000000 113.144997
2105.250000 199.294846 0.000000 113.254997
2105.250000 199.294846 0.000000 113.345001
2105.250000 199.497925 0.000000 113.455002
2105.250000 199.731857 0.000000 113.565002
2105.250000 199.936188 0.000000 113.650002
2105.250000 199.936188 0.000000 113.760002
2105.250000 200.142212 0.000000 113.849998
2105.250000 200.349945 0.000000 113.959999
2105.250000 200.559250 0.000000 114.044998
2105.250000 200.778961 0.000000 114.165001
2105.250000 200.984329 0.000000 114.250000
2105.375000 201.192032 0.000000 114.364998
2105.500000 201.192032 0.000000 114.449997
2105.625000 201.410889 0.000000 114.555000
2105.875000 201.650330 0.000000 114.650002
2105.875000 201.890091 0.000000 114.760002
2106.375000 202.097534 0.000000 114.855003
2106.500000 202.301666 0.000000 114.964996
2106.500000 202.301666 0.000000 115.059998
2106.875000 202.515549 0.000000 115.160004
2106.875000 202.515549 0.000000 115.254997
2107.250000 202.716583 0.000000 115.364998
2107.750000 202.716583 0.000000 115.470001
2107.750000 202.716583 0.000000 115.559998
2107.750000 202.716583 0.000000 115.654999
2107.750000 202.716583 0.000000 115.750000
2107.750000 202.716583 0.000000 115.855003
2107.750000 202.917725 0.000000 115.964996
2107.750000 202.917725 0.000000 116.050003
2107.750000 202.917725 0.000000 116.160004
2107.750000 202.917725 0.000000 116.250000
2107.750000 202.917725 0.000000 116.364998
2107.750000 202.917725 0.000000 116.449997
2107.750000 202.917725 0.000000 116.559998
2107.750000 202.917725 0.000000 116.650002
2107.750000 202.917725 0.000000 116.760002
2107.750000 202.917725 0.000000 116.845001
2107.750000 202.917725 0.000000 116.955002
2107.750000 202.917725 0.000000 117.059998
2107.750000 202.917725 0.000000 117.150002
2107.750000 202.917725 0.000000 117.265999
2107.750000 202.917725 0.000000 117.349998
2107.750000 203.118744 0.000000 117.470001
2107.750000 203.118744 0.000000 117.550003
2107.875000 203.321609 0.000000 117.660004
2107.875000 203.522797 0.000000 117.764999
2108.000000 203.522797 0.000000 117.849998
2108.125000 203.745651 0.000000 117.959999
2108.250000 203.948486 0.000000 118.044998
2108.250000 203.948486 0.000000 118.160004
2108.375000 204.168976 0.000000 118.254997
2108.375000 204.371140 0.000000 118.364998
2108.375000 204.615707 0.000000 118.449997
2108.500000 204.819809 0.000000 118.559998
2108.500000 205.026718 0.000000 118.644997
2108.500000 205.235107 0.000000 118.760002
2108.625000 205.444061 0.000000 118.849998
2108.625000 205.652603 0.000000 118.959999
2108.750000 205.652603 0.000000 119.050003
2108.750000 205.860992 0.000000 119.160004
2108.750000 206.099258 0.000000 119.245003
2108.750000 206.328110 0.000000 119.360001
2108.750000 206.537598 0.000000 119.455002
2108.750000 206.787033 0.000000 119.544998
2108.875000 207.006775 0.000000 119.660004
2109.125000 207.215698 0.000000 119.750000
2109.750000 207.418564 0.000000 119.860001
2109.750000 207.418564 0.000000 119.949997
2109.875000 207.626541 0.000000 120.059998
2110.000000 207.830673 0.000000 120.150002
2110.125000 208.049484 0.000000 120.264999
2110.125000 208.049484 0.000000 120.345001
2110.250000 208.253326 0.000000 120.464996
2110.375000 208.253326 0.000000 120.550003
2110.375000 208.454056 0.000000 120.654999
2110.500000 208.454056 0.000000 120.750000
2110.500000 208.454056 0.000000 120.864998
2110.500000 208.454056 0.000000 120.949997
2110.625000 208.454056 0.000000 121.059998
2110.625000 208.454056 0.000000 121.144997
2110.625000 208.654755 0.000000 121.254997
2110.625000 208.654755 0.000000 121.345001
2110.750000 208.654755 0.000000 121.455002
2110.750000 208.654755 0.000000 121.559998
2110.750000 208.654755 0.000000 121.650002
2110.750000 208.654755 0.000000 121.760002
2111.000000 208.654755 0.000000 121.845001
2111.125000 208.654755 0.000000 121.964996
2111.250000 208.654755 0.000000 122.050003
2111.500000 208.654755 0.000000 122.160004
2111.500000 208.654755 0.000000 122.245003
2111.500000 208.654755 0.000000 122.360001
2111.500000 208.654755 0.000000 122.445000
2111.500000 208.654755 0.000000 122.555000
2111.750000 208.654755 0.000000 122.665001
2111.875000 208.654755 0.000000 122.754997
2111.875000 208.654755 0.000000 122.864998
2111.875000 208.654755 0.000000 122.949997
2111.875000 208.654755 0.000000 123.059998
2111.875000 208.654755 0.000000 123.150002
2112.000000 208.872330 0.000000 123.254997
2112.000000 209.105728 0.000000 123.360001
2112.000000 209.310379 0.000000 123.449997
2112.125000 209.519043 0.000000 123.555000
2112.250000 209.519043 0.000000 123.644997
2112.500000 209.734116 0.000000 123.754997
2112.500000 210.151840 0.000000 123.864998
2112.625000 210.151840 0.000000 123.959999
2112.625000 210.381653 0.000000 124.044998
2112.750000 210.581818 0.000000 124.160004
2112.875000 210.782333 0.000000 124.245003
2112.875000 211.013138 0.000000 124.355003
2112.875000 211.243408 0.000000 124.464996
2115.625000 211.443466 0.000000 124.559998
2116.875000 211.673019 0.000000 124.644997
2117.500000 211.892181 0.000000 124.760002
2118.375000 212.101715 0.000000 124.839996
2119.125000 212.311340 0.000000 124.949997
2119.750000 212.520584 0.000000 125.065002
2120.125000 212.730087 0.000000 125.160004
2121.000000 212.730087 0.000000 125.245003
2121.375000 212.939850 0.000000 125.355003
2121.875000 213.149155 0.000000 125.455002
2122.375000 213.374054 0.000000 125.565002
2122.625000 213.580688 0.000000 125.650002
2123.125000 213.784943 0.000000 125.760002
2124.250000 213.985062 0.000000 125.849998
2125.250000 213.985062 0.000000 125.959999
2126.000000 214.188812 0.000000 126.065002
2127.000000 214.406830 0.000000 126.150002
2128.125000 214.406830 0.000000 126.260002
2129.125000 214.632706 0.000000 126.345001
2130.625000 214.836548 0.000000 126.459999
2131.125000 214.836548 0.000000 126.544998
2131.625000 215.048294 0.000000 126.660004
2133.875000 215.252625 0.000000 126.745003
2135.625000 215.455170 0.000000 126.864998
2137.125000 215.662277 0.000000 126.949997
2138.875000 215.865814 0.000000 127.059998
2140.625000 215.865814 0.000000 127.144997
2142.500000 216.271103 0.000000 127.260002
2143.250000 216.271103 0.000000 127.345001
2144.625000 216.478088 0.000000 127.459999
2146.500000 216.706573 0.000000 127.544998
2147.125000 216.935928 0.000000 127.654999
2149.000000 217.145752 0.000000 127.750000
2150.375000 217.355789 0.000000 127.864998
2151.875000 217.555954 0.000000 127.949997
2153.125000 217.766205 0.000000 128.059998
2153.750000 218.006546 0.000000 128.149994
2154.625000 218.226746 0.000000 128.264999
2154.750000 218.436523 0.000000 128.350006
2155.375000 218.646149 0.000000 128.460007
2155.625000 218.646149 0.000000 128.550003
2156.125000 219.065353 0.000000 128.664993
2156.125000 219.065353 0.000000 128.750000
2156.875000 219.274933 0.000000 128.865005
2157.250000 219.514435 0.000000 128.949997
2158.375000 219.764023 0.000000 129.054993
2159.500000 220.003723 0.000000 129.149994
2159.750000 220.223465 0.000000 129.264999
2160.625000 220.433029 0.000000 129.350006
2162.500000 220.642395 0.000000 129.460007
2163.000000 220.642395 0.000000 129.544998
2164.625000 220.851685 0.000000 129.654999
2164.750000 221.071091 0.000000 129.764999
2167.000000 221.320694 0.000000 129.854996
2167.625000 221.530563 0.000000 129.940002
2170.625000 221.730576 0.000000 130.054993
2171.250000 221.960526 0.000000 130.164993
2171.250000 222.195755 0.000000 130.250000
2171.500000 222.400055 0.000000 130.360001
2172.000000 222.604584 0.000000 130.464996
2172.000000 222.604584 0.000000 130.550003
2173.375000 222.822067 0.000000 130.664993
2173.500000 222.822067 0.000000 130.759995
2174.875000 223.041687 0.000000 130.845001
2175.375000 223.041687 0.000000 130.960007
2175.375000 223.245193 0.000000 131.050003
2175.500000 223.245193 0.000000 131.160004
2175.500000 223.447708 0.000000 131.259995
2175.625000 223.447708 0.000000 131.350006
2175.625000 223.447708 0.000000 131.464996
2177.125000 223.447708 0.000000 131.550003
2177.375000 223.653595 0.000000 131.664993
2177.375000 223.653595 0.000000 131.750000
2177.375000 223.653595 0.000000 131.860001
2177.500000 223.653595 0.000000 131.949997
2177.500000 223.653595 0.000000 132.059998
2177.625000 223.653595 0.000000 132.149994
2177.875000 223.653595 0.000000 132.264999
2177.875000 223.653595 0.000000 132.354996
2177.875000 223.854080 0.000000 132.464996
2177.875000 223.854080 0.000000 132.554993
2177.875000 223.854080 0.000000 132.660004
2177.875000 223.854080 0.000000 132.744995
2177.875000 223.854080 0.000000 132.860001
2177.875000 223.854080 0.000000 132.945007
2178.000000 223.854080 0.000000 133.065002
2178.125000 223.854080 0.000000 133.169998
2178.125000 223.854080 0.000000 133.264999
2178.125000 223.854080 0.000000 133.350006
2178.125000 223.854080 0.000000 133.464996
2178.250000 223.854080 0.000000 133.544998
2178.250000 223.854080 0.000000 133.654999
2178.250000 223.854080 0.000000 133.759995
2178.750000 224.056335 0.000000 133.860001
2178.750000 224.257996 0.000000 133.949997
2179.250000 224.257996 0.000000 134.065002
2179.375000 224.493317 0.000000 134.160004
2179.375000 224.697922 0.000000 134.255005
2179.375000 224.901306 0.000000 134.360001
2179.750000 225.148468 0.000000 134.449997
2179.750000 225.358063 0.000000 134.559998
2180.000000 225.558472 0.000000 134.664993
2180.125000 225.769241 0.000000 134.764999
2180.500000 225.969574 0.000000 134.854996
2180.625000 226.179138 0.000000 134.960007
2180.625000 226.388382 0.000000 135.050003
2181.000000 226.598343 0.000000 135.154999
2181.250000 226.598343 0.000000 135.250000
2181.250000 227.008499 0.000000 135.365005
2181.625000 227.008499 0.000000 135.449997
2181.750000 227.409973 0.000000 135.565002
2182.500000 227.409973 0.000000 135.654999
2182.500000 227.812210 0.000000 135.764999
2183.125000 227.812210 0.000000 135.850006
2183.250000 228.214584 0.000000 135.964996
2183.250000 228.214584 0.000000 136.050003
2183.500000 228.616455 0.000000 136.160004
2183.625000 228.616455 0.000000 136.244995
2183.750000 228.816772 0.000000 136.354996
2184.125000 229.217484 0.000000 136.460007
2184.125000 229.217484 0.000000 136.550003
2184.125000 229.618881 0.000000 136.664993
2184.375000 229.618881 0.000000 136.750000
2184.500000 230.019348 0.000000 136.865005
2184.500000 230.019348 0.000000 136.955002
2184.750000 230.429001 0.000000 137.065002
2184.750000 230.429001 0.000000 137.149994
2184.875000 230.829895 0.000000 137.264999
2185.000000 230.829895 0.000000 137.345001
2185.250000 231.030594 0.000000 137.460007
2185.375000 231.261414 0.000000 137.550003
2185.375000 231.502289 0.000000 137.664993
2185.500000 231.703018 0.000000 137.750000
2185.625000 231.903748 0.000000 137.865005
2185.625000 232.104263 0.000000 137.955002
2185.750000 232.314636 0.000000 138.059998
2185.875000 232.565155 0.000000 138.149994
2186.125000 232.785767 0.000000 138.264999
2186.125000 232.994690 0.000000 138.350006
2186.625000 233.195969 0.000000 138.464996
2186.625000 233.195969 0.000000 138.550003
2186.625000 233.401962 0.000000 138.660004
2186.875000 233.604279 0.000000 138.750000
2187.125000 233.808487 0.000000 138.854996
2187.125000 233.808487 0.000000 138.949997
2187.125000 234.012970 0.000000 139.065002
2187.375000 234.012970 0.000000 139.149994
2187.750000 234.212982 0.000000 139.259995
2188.000000 234.212982 0.000000 139.345001
2188.000000 234.212982 0.000000 139.455002
2188.375000 234.421555 0.000000 139.565002
2188.625000 234.421555 0.000000 139.649994
2188.875000 234.421555 0.000000 139.759995
2189.125000 234.421555 0.000000 139.865005
2189.125000 234.421555 0.000000 139.949997
2189.125000 234.621902 0.000000 140.059998
2189.250000 234.621902 0.000000 140.145004
2189.250000 234.621902 0.000000 140.259995
2189.625000 234.621902 0.000000 140.345001
2189.750000 234.621902 0.000000 140.464996
2189.875000 234.621902 0.000000 140.544998
2190.125000 234.621902 0.000000 140.664993
2190.250000 234.621902 0.000000 140.750000
2190.250000 234.621902 0.000000 140.860001
2190.250000 234.621902 0.000000 140.949997
2190.375000 234.621902 0.000000 141.059998
2190.625000 234.621902 0.000000 141.154999
2190.875000 234.621902 0.000000 141.264999
2191.125000 234.621902 0.000000 141.360001
2191.125000 234.621902 0.000000 141.449997
2191.125000 234.621902 0.000000 141.554993
2191.125000 234.621902 0.000000 141.649994
2191.250000 234.621902 0.000000 141.764999
2191.250000 234.621902 0.000000 141.845001
2191.250000 234.621902 0.000000 141.964996
2191.375000 234.621902 0.000000 142.050003
2191.625000 234.621902 0.000000 142.160004
2191.625000 234.621902 0.000000 142.250000
2191.625000 234.621902 0.000000 142.365005
2191.625000 234.621902 0.000000 142.449997
2191.750000 234.621902 0.000000 142.559998
2191.750000 234.824356 0.000000 142.660004
2191.750000 234.824356 0.000000 142.759995
2191.875000 235.071091 0.000000 142.850006
2192.000000 235.273849 0.000000 142.960007
2192.000000 235.273849 0.000000 143.044998
2192.125000 235.684418 0.000000 143.160004
2192.250000 235.684418 0.000000 143.244995
2192.500000 235.890869 0.000000 143.365005
2192.625000 236.128769 0.000000 143.449997
2192.625000 236.358032 0.000000 143.565002
2192.750000 236.567902 0.000000 143.649994
2193.000000 236.768021 0.000000 143.759995
2193.000000 237.008270 0.000000 143.865005
2193.250000 237.238556 0.000000 143.964996
2193.250000 237.438889 0.000000 144.050003
2193.250000 237.639191 0.000000 144.160004
2196.125000 237.839523 0.000000 144.255005
2196.750000 238.039902 0.000000 144.360001
2197.500000 238.240311 0.000000 144.449997
2197.750000 238.450745 0.000000 144.565002
2198.750000 238.651093 0.000000 144.649994
2200.000000 238.860977 0.000000 144.764999
2200.750000 239.070175 0.000000 144.860001
2201.750000 239.070175 0.000000 144.945007
2202.750000 239.279205 0.000000 145.059998
2204.500000 239.518433 0.000000 145.145004
2206.250000 239.747696 0.000000 145.259995
2208.500000 239.957443 0.000000 145.350006
2211.750000 240.167419 0.000000 145.470001
2213.250000 240.377014 0.000000 145.550003
2214.875000 240.585953 0.000000 145.664993
2217.250000 240.814331 0.000000 145.750000
2219.000000 241.022644 0.000000 145.854996
2221.750000 241.230804 0.000000 145.945007
2224.000000 241.438766 0.000000 146.065002
2225.750000 241.646500 0.000000 146.149994
2230.000000 241.854019 0.000000 146.255005
2233.250000 241.854019 0.000000 146.345001
2235.500000 242.268509 0.000000 146.464996
2236.500000 242.268509 0.000000 146.559998
2237.375000 242.485992 0.000000 146.675003
2239.250000 242.724625 0.000000 146.755005
2239.875000 242.934235 0.000000 146.860001
2241.500000 243.144226 0.000000 146.949997
2242.375000 243.344437 0.000000 147.059998
2245.250000 243.544769 0.000000 147.149994
2246.875000 243.745132 0.000000 147.264999
2247.625000 243.945496 0.000000 147.350006
2248.500000 244.155365 0.000000 147.464996
2249.375000 244.405029 0.000000 147.554993
2250.125000 244.614792 0.000000 147.645004
2251.000000 244.824203 0.000000 147.755005
2251.250000 245.033371 0.000000 147.850006
2251.875000 245.242584 0.000000 147.960007
2252.750000 245.242584 0.000000 148.050003
2253.625000 245.452087 0.000000 148.160004
2255.000000 245.691788 0.000000 148.259995
2255.500000 245.911636 0.000000 148.350006
2256.500000 246.131500 0.000000 148.464996
2257.125000 246.341354 0.000000 148.550003
2258.125000 246.550674 0.000000 148.660004
2259.250000 246.778641 0.000000 148.744995
2261.250000 246.989670 0.000000 148.854996
2262.125000 247.195740 0.000000 148.960007
2264.750000 247.195740 0.000000 149.054993
2265.125000 247.397858 0.000000 149.164993
2266.000000 247.620911 0.000000 149.255005
2266.625000 247.620911 0.000000 149.365005
2267.750000 247.821350 0.000000 149.460007
2269.375000 247.821350 0.000000 149.544998
2269.375000 248.021515 0.000000 149.660004
2269.750000 248.021515 0.000000 149.744995
2271.250000 248.021515 0.000000 149.854996
2272.125000 248.221527 0.000000 149.960007
2272.375000 248.221527 0.000000 150.054993
2272.375000 248.221527 0.000000 150.164993
2272.375000 248.221527 0.000000 150.255005
2272.875000 248.424683 0.000000 150.365005
2272.875000 248.424683 0.000000 150.449997
2273.000000 248.627319 0.000000 150.565002
2274.750000 248.843277 0.000000 150.660004
2274.750000 249.052017 0.000000 150.750000
2275.875000 249.252731 0.000000 150.865005
2276.500000 249.497650 0.000000 150.955002
2277.375000 249.705688 0.000000 151.065002
2277.750000 249.914322 0.000000 151.149994
2278.375000 250.122635 0.000000 151.264999
2279.000000 250.122635 0.000000 151.350006
2280.500000 250.538681 0.000000 151.460007
2281.125000 250.747070 0.000000 151.565002
2283.250000 250.747070 0.000000 151.645004
2283.750000 250.955765 0.000000 151.764999
2285.125000 251.184921 0.000000 151.845001
2285.250000 251.414810 0.000000 151.964996
2285.625000 251.615005 0.000000 152.050003
2286.125000 251.822678 0.000000 152.160004
2286.625000 252.057739 0.000000 152.250000
2286.625000 252.263733 0.000000 152.360001
2287.625000 252.263733 0.000000 152.460007
2287.875000 252.468506 0.000000 152.550003
2288.000000 252.674149 0.000000 152.660004
2288.000000 252.674149 0.000000 152.750000
2288.000000 252.875534 0.000000 152.860001
2288.375000 252.875534 0.000000 152.949997
2288.625000 253.078705 0.000000 153.065002
2289.000000 253.078705 0.000000 153.149994
2290.000000 253.279526 0.000000 153.264999
2290.125000 253.482986 0.000000 153.354996
2290.125000 253.482986 0.000000 153.460007
2290.250000 253.687302 0.000000 153.550003
2290.250000 253.900879 0.000000 153.664993
2290.375000 253.900879 0.000000 153.755005
2291.250000 254.108063 0.000000 153.865005
2291.500000 254.332062 0.000000 153.949997
2293.250000 254.332062 0.000000 154.054993
2293.500000 254.558014 0.000000 154.145004
2293.875000 254.761673 0.000000 154.259995
2294.125000 254.761673 0.000000 154.345001
2294.125000 254.973557 0.000000 154.460007
2294.125000 255.178375 0.000000 154.550003
2294.375000 255.385254 0.000000 154.660004
2294.375000 255.586029 0.000000 154.744995
2295.250000 255.786484 0.000000 154.860001
2295.375000 255.786484 0.000000 154.945007
2295.750000 255.995911 0.000000 155.059998
2296.125000 256.219666 0.000000 155.149994
2296.375000 256.426514 0.000000 155.264999
2296.500000 256.634583 0.000000 155.354996
2296.875000 256.863647 0.000000 155.460007
2297.875000 257.113586 0.000000 155.550003
2298.250000 257.313934 0.000000 155.664993
2298.500000 257.524506 0.000000 155.759995
2301.625000 257.725189 0.000000 155.854996
2306.375000 257.936035 0.000000 155.964996
2309.625000 258.136932 0.000000 156.050003
2316.500000 258.337799 0.000000 156.160004
2323.250000 258.541656 0.000000 156.255005
2329.875000 258.541656 0.000000 156.365005
2338.125000 258.768860 0.000000 156.449997
2345.125000 258.972931 0.000000 156.565002
2351.875000 258.972931 0.000000 156.649994
2358.125000 258.972931 0.000000 156.755005
2364.250000 258.972931 0.000000 156.860001
2369.375000 259.175690 0.000000 156.945007
2372.875000 259.175690 0.000000 157.054993
2376.875000 259.175690 0.000000 157.160004
2380.625000 259.175690 0.000000 157.250000
2384.250000 259.175690 0.000000 157.365005
2388.750000 259.175690 0.000000 157.445007
2392.375000 259.175690 0.000000 157.554993
2396.125000 259.175690 0.000000 157.660004
2399.125000 259.175690 0.000000 157.755005
2401.375000 259.175690 0.000000 157.860001
2404.250000 259.175690 0.000000 157.964996
2406.000000 259.175690 0.000000 158.059998
2408.000000 259.175690 0.000000 158.149994
2410.375000 259.175690 0.000000 158.264999
2413.125000 259.175690 0.000000 158.354996
2415.500000 259.175690 0.000000 158.460007
2417.625000 259.175690 0.000000 158.554993
2419.250000 259.378143 0.000000 158.664993
2421.375000 259.607422 0.000000 158.755005
2423.875000 259.811310 0.000000 158.865005
2426.125000 259.811310 0.000000 158.949997
2429.250000 260.224030 0.000000 159.065002
2431.750000 260.224030 0.000000 159.154999
2434.750000 260.431702 0.000000 159.264999
2438.500000 260.661072 0.000000 159.354996
2441.375000 260.861298 0.000000 159.460007
2444.250000 261.061584 0.000000 159.550003
2447.875000 261.262146 0.000000 159.664993
2451.125000 261.462860 0.000000 159.750000
2454.875000 261.663696 0.000000 159.865005
2458.500000 261.864532 0.000000 159.945007
2460.875000 262.095520 0.000000 160.065002
2464.375000 262.296356 0.000000 160.154999
2467.500000 262.527313 0.000000 160.264999
2471.000000 262.758301 0.000000 160.350006
2475.125000 262.969208 0.000000 160.460007
2480.750000 263.170074 0.000000 160.544998
2486.000000 263.391052 0.000000 160.664993
2490.250000 263.591949 0.000000 160.755005
2494.250000 263.792755 0.000000 160.869995
2500.375000 263.993073 0.000000 160.955002
2504.250000 264.193146 0.000000 161.065002
2509.375000 264.393433 0.000000 161.160004
2515.875000 264.593475 0.000000 161.250000
2520.875000 264.803345 0.000000 161.365005
2525.625000 265.003479 0.000000 161.449997
2530.500000 265.203735 0.000000 161.565002
2536.250000 265.404022 0.000000 161.654999
2541.125000 265.604248 0.000000 161.764999
2545.125000 265.804443 0.000000 161.850006
2550.750000 266.004669 0.000000 161.960007
2557.250000 266.004669 0.000000 162.044998
2561.250000 266.419128 0.000000 162.164993
2566.250000 266.419128 0.000000 162.250000
2570.375000 266.633057 0.000000 162.365005
2574.250000 266.633057 0.000000 162.460007
2576.750000 266.842377 0.000000 162.544998
2579.375000 266.842377 0.000000 162.664993
2581.000000 266.842377 0.000000 162.750000
2583.250000 266.842377 0.000000 162.865005
2586.750000 267.042450 0.000000 162.955002
2589.125000 267.042450 0.000000 163.065002
2592.500000 267.042450 0.000000 163.154999
2594.125000 267.042450 0.000000 163.264999
2595.875000 267.042450 0.000000 163.350006
2598.000000 267.042450 0.000000 163.464996
2599.625000 267.042450 0.000000 163.554993
2601.750000 267.042450 0.000000 163.664993
2603.500000 267.042450 0.000000 163.755005
2605.250000 267.042450 0.000000 163.865005
2606.250000 267.042450 0.000000 163.970001
2607.750000 267.244690 0.000000 164.059998
2609.500000 267.244690 0.000000 164.145004
2611.875000 267.447906 0.000000 164.264999
2614.375000 267.447906 0.000000 164.354996
2616.875000 267.653320 0.000000 164.464996
2619.375000 267.857361 0.000000 164.550003
2621.125000 268.061920 0.000000 164.664993
2624.125000 268.061920 0.000000 164.755005
2626.125000 268.267395 0.000000 164.865005
2628.375000 268.491760 0.000000 164.955002
2631.000000 268.491760 0.000000 165.065002
2632.500000 268.727386 0.000000 165.154999
2634.875000 268.932739 0.000000 165.264999
2636.375000 268.932739 0.000000 165.350006
2638.875000 269.137634 0.000000 165.464996
2641.500000 269.343048 0.000000 165.550003
2643.250000 269.571808 0.000000 165.664993
2644.250000 269.571808 0.000000 165.750000
2645.375000 269.777802 0.000000 165.865005
2649.375000 270.027740 0.000000 165.955002
2653.000000 270.234833 0.000000 166.065002
2655.375000 270.444336 0.000000 166.160004
2656.625000 270.444336 0.000000 166.244995
2656.875000 270.649963 0.000000 166.360001
2657.250000 270.888367 0.000000 166.449997
2657.625000 271.118439 0.000000 166.559998
2658.375000 271.319122 0.000000 166.649994
2658.750000 271.520081 0.000000 166.764999
2659.750000 271.721222 0.000000 166.850006
2660.000000 271.942505 0.000000 166.960007
2660.000000 272.183929 0.000000 167.050003
2660.000000 272.405243 0.000000 167.164993
2660.125000 272.606506 0.000000 167.250000
2660.250000 272.807800 0.000000 167.365005
2661.625000 273.009094 0.000000 167.449997
2661.875000 273.217224 0.000000 167.565002
2663.125000 273.419586 0.000000 167.660004
2663.250000 273.419586 0.000000 167.744995
2663.250000 273.624786 0.000000 167.860001
2663.250000 273.624786 0.000000 167.970001
2663.500000 273.826080 0.000000 168.054993
2663.500000 273.826080 0.000000 168.164993
2664.000000 273.826080 0.000000 168.250000
2664.000000 273.826080 0.000000 168.369995
2664.625000 273.826080 0.000000 168.449997
2664.750000 273.826080 0.000000 168.559998
2664.750000 274.026337 0.000000 168.654999
2664.875000 274.026337 0.000000 168.764999
2664.875000 274.026337 0.000000 168.850006
2665.250000 274.026337 0.000000 168.964996
2665.250000 274.026337 0.000000 169.044998
2665.250000 274.026337 0.000000 169.164993
2665.250000 274.026337 0.000000 169.255005
2665.250000 274.026337 0.000000 169.365005
2665.250000 274.026337 0.000000 169.449997
2665.250000 274.026337 0.000000 169.565002
2665.250000 274.026337 0.000000 169.654999
2665.250000 274.026337 0.000000 169.764999
2665.250000 274.026337 0.000000 169.850006
2665.375000 274.026337 0.000000 169.964996
2665.500000 274.026337 0.000000 170.059998
2665.500000 274.026337 0.000000 170.149994
2665.500000 274.026337 0.000000 170.255005
2665.500000 274.026337 0.000000 170.365005
2665.625000 274.026337 0.000000 170.455002
2665.625000 274.026337 0.000000 170.565002
2665.625000 274.026337 0.000000 170.654999
2665.625000 274.252533 0.000000 170.770004
2665.625000 274.457123 0.000000 170.850006
2665.625000 274.664520 0.000000 170.964996
2665.625000 274.664520 0.000000 171.050003
2665.625000 275.070801 0.000000 171.169998
2665.625000 275.070801 0.000000 171.255005
2665.625000 275.279358 0.000000 171.365005
2665.625000 275.509094 0.000000 171.460007
2665.750000 275.718750 0.000000 171.544998
2665.750000 275.927887 0.000000 171.660004
2665.875000 276.136688 0.000000 171.750000
2665.875000 276.346069 0.000000 171.865005
2666.000000 276.576416 0.000000 171.945007
2666.125000 276.797119 0.000000 172.054993
2666.125000 276.997620 0.000000 172.145004
2666.125000 277.208252 0.000000 172.264999
2666.250000 277.408905 0.000000 172.360001
2666.250000 277.609100 0.000000 172.449997
2666.250000 277.809296 0.000000 172.565002
2666.375000 277.809296 0.000000 172.654999
2666.375000 278.009460 0.000000 172.764999
2666.375000 278.221069 0.000000 172.854996
2666.625000 278.424713 0.000000 172.960007
2666.625000 278.424713 0.000000 173.050003
2666.625000 278.626068 0.000000 173.164993
2666.625000 278.626068 0.000000 173.250000
2666.625000 278.829407 0.000000 173.365005
2666.625000 278.829407 0.000000 173.460007
2666.625000 278.829407 0.000000 173.550003
2666.750000 278.829407 0.000000 173.664993
2666.750000 278.829407 0.000000 173.750000
2666.875000 279.029541 0.000000 173.865005
2666.875000 279.029541 0.000000 173.955002
2666.875000 279.029541 0.000000 174.065002
2666.875000 279.029541 0.000000 174.154999
2666.875000 279.029541 0.000000 174.270004
2666.875000 279.029541 0.000000 174.354996
2666.875000 279.029541 0.000000 174.464996
2666.875000 279.029541 0.000000 174.554993
2666.875000 279.029541 0.000000 174.664993
2666.875000 279.029541 0.000000 174.755005
2666.875000 279.029541 0.000000 174.865005
2666.875000 279.029541 0.000000 174.955002
2666.875000 279.029541 0.000000 175.059998
2666.875000 279.029541 0.000000 175.154999
2666.875000 279.029541 0.000000 175.264999
2666.875000 279.029541 0.000000 175.354996
2666.875000 279.029541 0.000000 175.464996
2666.875000 279.029541 0.000000 175.550003
2666.875000 279.029541 0.000000 175.664993
2666.875000 279.029541 0.000000 175.764999
2666.875000 279.230652 0.000000 175.850006
2667.000000 279.435486 0.000000 175.970001
2667.000000 279.435486 0.000000 176.054993
2667.125000 279.644073 0.000000 176.164993
2667.125000 279.847107 0.000000 176.270004
2667.125000 279.847107 0.000000 176.354996
2667.125000 280.049438 0.000000 176.464996
2667.250000 280.273376 0.000000 176.550003
2667.250000 280.475128 0.000000 176.664993
2667.375000 280.475128 0.000000 176.750000
2667.375000 280.684326 0.000000 176.865005
2667.500000 280.886139 0.000000 176.949997
2668.250000 280.886139 0.000000 177.065002
2668.750000 281.095367 0.000000 177.149994
2670.000000 281.095367 0.000000 177.264999
2670.625000 281.315460 0.000000 177.360001
2671.875000 281.315460 0.000000 177.455002
2673.125000 281.315460 0.000000 177.565002
2673.875000 281.517029 0.000000 177.649994
2674.625000 281.517029 0.000000 177.759995
2675.375000 281.517029 0.000000 177.869995
2675.875000 281.517029 0.000000 177.955002
2676.625000 281.517029 0.000000 178.070007
2677.375000 281.517029 0.000000 178.160004
2677.875000 281.517029 0.000000 178.255005
2679.125000 281.517029 0.000000 178.365005
2679.250000 281.517029 0.000000 178.460007
2680.375000 281.517029 0.000000 178.550003
2680.875000 281.517029 0.000000 178.660004
2681.250000 281.517029 0.000000 178.744995
2682.125000 281.517029 0.000000 178.854996
2682.500000 281.517029 0.000000 178.964996
2683.000000 281.517029 0.000000 179.054993
2684.000000 281.517029 0.000000 179.160004
2684.625000 281.732605 0.000000 179.250000
2685.500000 281.732605 0.000000 179.360001
2686.000000 281.965668 0.000000 179.455002
2687.250000 282.189087 0.000000 179.559998
2688.750000 282.398499 0.000000 179.639999
2690.250000 282.633453 0.000000 179.764999
2690.750000 282.841766 0.000000 179.850006
2691.750000 283.051239 0.000000 179.964996
2692.375000 283.251251 0.000000 180.054993
2693.000000 283.451538 0.000000 180.160004
2693.625000 283.451538 0.000000 180.244995
2694.375000 283.862122 0.000000 180.354996
2695.375000 283.862122 0.000000 180.440002
2696.625000 284.262238 0.000000 180.554993
2697.250000 284.471741 0.000000 180.664993
2698.500000 284.471741 0.000000 180.759995
2700.000000 284.719971 0.000000 180.850006
2701.750000 284.957336 0.000000 180.960007
2703.125000 285.203796 0.000000 181.050003
2704.250000 285.430023 0.000000 181.164993
2706.125000 285.636322 0.000000 181.259995
2708.875000 285.842468 0.000000 181.365005
2712.250000 285.842468 0.000000 181.455002
2715.250000 286.048706 0.000000 181.559998
2718.875000 286.255188 0.000000 181.649994
2723.875000 286.461975 0.000000 181.755005
2728.500000 286.669037 0.000000 181.865005
2732.250000 286.896149 0.000000 181.949997
2736.500000 287.123413 0.000000 182.065002
2739.125000 287.324005 0.000000 182.154999
2741.375000 287.524597 0.000000 182.270004
2742.750000 287.727173 0.000000 182.365005
2744.000000 287.727173 0.000000 182.455002
2746.375000 287.929230 0.000000 182.565002
2748.125000 288.165497 0.000000 182.654999
2750.125000 288.165497 0.000000 182.764999
2753.250000 288.400299 0.000000 182.854996
2760.875000 288.604553 0.000000 182.960007
2769.250000 288.808655 0.000000 183.059998
2774.000000 288.808655 0.000000 183.164993
2779.125000 289.010010 0.000000 183.250000
2783.000000 289.213013 0.000000 183.360001
2784.750000 289.213013 0.000000 183.449997
2786.750000 289.417236 0.000000 183.565002
2788.875000 289.417236 0.000000 183.649994
2791.000000 289.618225 0.000000 183.755005
2792.125000 289.618225 0.000000 183.860001
2793.750000 289.618225 0.000000 183.949997
2795.500000 289.823547 0.000000 184.065002
2797.000000 289.823547 0.000000 184.145004
2797.750000 289.823547 0.000000 184.255005
2799.500000 290.025696 0.000000 184.365005
2801.500000 290.025696 0.000000 184.470001
2802.750000 290.025696 0.000000 184.554993
2803.125000 290.025696 0.000000 184.664993
2803.875000 290.025696 0.000000 184.744995
2804.375000 290.025696 0.000000 184.865005
2804.875000 290.025696 0.000000 184.949997
2805.750000 290.226776 0.000000 185.065002
2806.250000 290.226776 0.000000 185.160004
2806.500000 290.226776 0.000000 185.250000
2807.000000 290.226776 0.000000 185.365005
2807.250000 290.226776 0.000000 185.455002
2807.750000 290.226776 0.000000 185.559998
2808.000000 290.226776 0.000000 185.660004
2808.125000 290.226776 0.000000 185.755005
2808.250000 290.226776 0.000000 185.865005
2808.375000 290.226776 0.000000 185.955002
2808.375000 290.226776 0.000000 186.065002
2808.375000 290.226776 0.000000 186.154999
2808.750000 290.226776 0.000000 186.264999
2808.750000 290.226776 0.000000 186.350006
2809.000000 290.226776 0.000000 186.464996
2809.125000 290.226776 0.000000 186.559998
2809.125000 290.226776 0.000000 186.645004
2809.250000 290.226776 0.000000 186.755005
2809.375000 290.226776 0.000000 186.860001
2809.375000 290.226776 0.000000 186.955002
2809.750000 290.226776 0.000000 187.059998
2809.750000 290.226776 0.000000 187.145004
2809.875000 290.226776 0.000000 187.259995
2810.000000 290.226776 0.000000 187.345001
2810.000000 290.226776 0.000000 187.460007
2810.000000 290.226776 0.000000 187.550003
2810.000000 290.226776 0.000000 187.664993
2810.000000 290.226776 0.000000 187.759995
2810.500000 290.226776 0.000000 187.865005
2810.875000 290.226776 0.000000 187.955002
2811.375000 290.226776 0.000000 188.065002
2812.750000 290.449097 0.000000 188.154999
2813.125000 290.653900 0.000000 188.264999
2813.125000 290.653900 0.000000 188.354996
2813.250000 290.887848 0.000000 188.464996
2815.000000 291.092255 0.000000 188.554993
2816.125000 291.092255 0.000000 188.664993
2816.250000 291.299164 0.000000 188.750000
2816.500000 291.499573 0.000000 188.860001
2816.625000 291.499573 0.000000 188.945007
2818.375000 291.700439 0.000000 189.059998
2818.500000 291.902863 0.000000 189.145004
2818.500000 292.122040 0.000000 189.264999
2820.125000 292.122040 0.000000 189.354996
2825.000000 292.326294 0.000000 189.464996
2833.500000 292.529541 0.000000 189.544998
2839.875000 292.763855 0.000000 189.664993
2843.750000 292.967346 0.000000 189.750000
2846.625000 293.176605 0.000000 189.865005
2848.875000 293.176605 0.000000 189.945007
2849.750000 293.385498 0.000000 190.065002
2850.375000 293.595337 0.000000 190.149994
2851.000000 293.806305 0.000000 190.264999
2851.000000 294.009766 0.000000 190.360001
2851.375000 294.009766 0.000000 190.449997
2851.500000 294.210449 0.000000 190.559998
2852.250000 294.210449 0.000000 190.645004
2853.000000 294.415924 0.000000 190.755005
2853.000000 294.415924 0.000000 190.865005
2853.000000 294.618439 0.000000 190.955002
2853.000000 294.618439 0.000000 191.065002
2853.250000 294.618439 0.000000 191.154999
2853.375000 294.618439 0.000000 191.264999
2853.375000 294.819641 0.000000 191.350006
2853.500000 294.819641 0.000000 191.464996
2854.250000 294.819641 0.000000 191.544998
2854.375000 294.819641 0.000000 191.660004
2854.500000 294.819641 0.000000 191.770004
2854.500000 294.819641 0.000000 191.854996
2854.500000 295.019897 0.000000 191.964996
2854.500000 295.019897 0.000000 192.054993
2854.500000 295.019897 0.000000 192.160004
2854.625000 295.019897 0.000000 192.250000
2854.625000 295.019897 0.000000 192.360001
2854.625000 295.019897 0.000000 192.445007
2854.625000 295.019897 0.000000 192.565002
2854.625000 295.019897 0.000000 192.649994
2854.625000 295.019897 0.000000 192.759995
2854.625000 295.019897 0.000000 192.839996
2854.625000 295.019897 0.000000 192.949997
2854.625000 295.019897 0.000000 193.065002
2854.625000 295.019897 0.000000 193.154999
2854.625000 295.019897 0.000000 193.259995
2854.625000 295.019897 0.000000 193.350006
2854.625000 295.019897 0.000000 193.464996
2854.625000 295.019897 0.000000 193.559998
2854.625000 295.019897 0.000000 193.669998
2854.625000 295.019897 0.000000 193.755005
2854.625000 295.019897 0.000000 193.869995
2854.625000 295.019897 0.000000 193.955002
2854.625000 295.019897 0.000000 194.059998
2854.625000 295.019897 0.000000 194.145004
2854.625000 295.019897 0.000000 194.255005
2854.750000 295.219971 0.000000 194.365005
2854.750000 295.219971 0.000000 194.479996
2854.750000 295.439514 0.000000 194.559998
2854.750000 295.639954 0.000000 194.669998
2855.125000 295.639954 0.000000 194.759995
2856.250000 295.840332 0.000000 194.869995
2857.625000 296.042145 0.000000 194.955002
2859.875000 296.244232 0.000000 195.070007
2865.000000 296.244232 0.000000 195.154999
2869.750000 296.446198 0.000000 195.270004
2871.250000 296.647827 0.000000 195.360001
2871.375000 296.850555 0.000000 195.470001
2872.375000 296.850555 0.000000 195.554993
2873.125000 297.077484 0.000000 195.660004
2873.250000 297.282288 0.000000 195.770004
2873.500000 297.282288 0.000000 195.860001
2873.500000 297.491058 0.000000 195.970001
2873.875000 297.705139 0.000000 196.065002
2874.500000 297.908783 0.000000 196.149994
2874.750000 298.110840 0.000000 196.264999
2875.375000 298.336578 0.000000 196.369995
2876.125000 298.584412 0.000000 196.470001
2876.500000 298.793579 0.000000 196.554993
2877.625000 299.003021 0.000000 196.669998
2878.250000 299.003021 0.000000 196.759995
2879.500000 299.222137 0.000000 196.869995
2880.625000 299.460419 0.000000 196.955002
2882.750000 299.697906 0.000000 197.070007
2887.125000 299.945038 0.000000 197.154999
2890.000000 300.173401 0.000000 197.270004
2894.875000 300.382538 0.000000 197.354996
2899.625000 300.591919 0.000000 197.470001
2902.500000 300.801117 0.000000 197.565002
2903.750000 301.010468 0.000000 197.669998
2904.875000 301.010468 0.000000 197.759995
2906.875000 301.219879 0.000000 197.865005
2908.625000 301.449036 0.000000 197.955002
2909.375000 301.688385 0.000000 198.070007
2909.750000 301.937897 0.000000 198.154999
2910.125000 302.147400 0.000000 198.264999
2910.250000 302.356110 0.000000 198.350006
2911.375000 302.564819 0.000000 198.470001
2911.875000 302.774017 0.000000 198.554993
2913.875000 302.983368 0.000000 198.669998
2915.250000 302.983368 0.000000 198.750000
2917.250000 303.192047 0.000000 198.865005
2921.875000 303.429901 0.000000 198.949997
2927.250000 303.668335 0.000000 199.065002
2932.750000 303.917297 0.000000 199.149994
2937.875000 304.146729 0.000000 199.264999
2939.625000 304.356415 0.000000 199.360001
2940.875000 304.356415 0.000000 199.445007
2942.500000 304.782806 0.000000 199.559998
2943.250000 304.782806 0.000000 199.645004
2943.750000 304.988953 0.000000 199.764999
2944.500000 305.195496 0.000000 199.850006
2944.875000 305.422821 0.000000 199.964996
2945.625000 305.422821 0.000000 200.050003
2945.750000 305.627777 0.000000 200.164993
2946.000000 305.627777 0.000000 200.255005
2946.625000 305.843262 0.000000 200.365005
2946.875000 305.843262 0.000000 200.455002
2947.875000 305.843262 0.000000 200.565002
2947.875000 306.051392 0.000000 200.649994
2948.000000 306.051392 0.000000 200.764999
2948.625000 306.051392 0.000000 200.850006
2949.125000 306.252045 0.000000 200.960007
2949.125000 306.252045 0.000000 201.054993
2949.375000 306.252045 0.000000 201.160004
2949.500000 306.252045 0.000000 201.250000
2949.625000 306.252045 0.000000 201.365005
2950.125000 306.252045 0.000000 201.455002
2950.125000 306.452606 0.000000 201.559998
2950.250000 306.452606 0.000000 201.649994
2950.375000 306.452606 0.000000 201.764999
2950.750000 306.452606 0.000000 201.854996
2951.250000 306.452606 0.000000 201.960007
2951.500000 306.452606 0.000000 202.050003
2951.625000 306.452606 0.000000 202.164993
2951.750000 306.452606 0.000000 202.250000
2951.750000 306.452606 0.000000 202.365005
2951.875000 306.452606 0.000000 202.449997
2952.875000 306.452606 0.000000 202.565002
2953.625000 306.655396 0.000000 202.654999
2956.000000 306.856750 0.000000 202.764999
2961.250000 306.856750 0.000000 202.854996
2965.250000 307.078430 0.000000 202.960007
2968.000000 307.285614 0.000000 203.070007
2968.875000 307.285614 0.000000 203.149994
2970.500000 307.492188 0.000000 203.264999
2970.750000 307.728516 0.000000 203.350006
2971.750000 307.728516 0.000000 203.460007
2972.750000 307.956665 0.000000 203.550003
2973.875000 308.161652 0.000000 203.660004
2974.625000 308.366516 0.000000 203.750000
2975.125000 308.366516 0.000000 203.865005
2975.750000 308.579315 0.000000 203.955002
2977.250000 308.789917 0.000000 204.065002
2979.000000 309.024994 0.000000 204.149994
2979.750000 309.248596 0.000000 204.264999
2982.250000 309.455475 0.000000 204.354996
2983.000000 309.663147 0.000000 204.464996
2985.250000 309.663147 0.000000 204.554993
2989.125000 309.880920 0.000000 204.664993
2992.750000 310.117798 0.000000 204.750000
2994.625000 310.354279 0.000000 204.865005
2998.250000 310.601257 0.000000 204.949997
3000.250000 310.829742 0.000000 205.065002
3002.125000 311.038391 0.000000 205.149994
3003.875000 311.241943 0.000000 205.264999
3004.500000 311.241943 0.000000 205.360001
3005.125000 311.468933 0.000000 205.475006
3005.500000 311.673492 0.000000 205.559998
3006.000000 311.879974 0.000000 205.664993
3007.000000 311.879974 0.000000 205.750000
3007.875000 312.081451 0.000000 205.865005
3009.875000 312.081451 0.000000 205.949997
3012.625000 312.285400 0.000000 206.059998
3016.375000 312.285400 0.000000 206.149994
3019.250000 312.285400 0.000000 206.264999
3022.625000 312.285400 0.000000 206.350006
3025.375000 312.490753 0.000000 206.464996
3027.750000 312.490753 0.000000 206.554993
3029.875000 312.490753 0.000000 206.664993
3032.125000 312.490753 0.000000 206.759995
3033.500000 312.490753 0.000000 206.845001
3035.125000 312.490753 0.000000 206.955002
3036.125000 312.490753 0.000000 207.059998
3037.125000 312.490753 0.000000 207.145004
3037.750000 312.490753 0.000000 207.255005
3038.625000 312.490753 0.000000 207.365005
3039.375000 312.490753 0.000000 207.455002
3039.625000 312.490753 0.000000 207.565002
3040.500000 312.490753 0.000000 207.649994
3040.625000 312.490753 0.000000 207.770004
3041.125000 312.490753 0.000000 207.850006
3041.500000 312.490753 0.000000 207.970001
3042.125000 312.691589 0.000000 208.065002
3042.625000 312.691589 0.000000 208.149994
3043.500000 312.894409 0.000000 208.264999
3044.000000 313.098785 0.000000 208.350006
3044.625000 313.098785 0.000000 208.464996
3045.875000 313.324249 0.000000 208.550003
3047.750000 313.544922 0.000000 208.660004
3050.250000 313.544922 0.000000 208.750000
3054.125000 313.746094 0.000000 208.860001
3058.250000 313.947723 0.000000 208.964996
3064.625000 314.151642 0.000000 209.054993
3068.250000 314.151642 0.000000 209.164993
3074.250000 314.371460 0.000000 209.270004
3078.375000 314.604462 0.000000 209.360001
3082.000000 314.604462 0.000000 209.464996
3088.625000 314.820984 0.000000 209.550003
3096.125000 315.044891 0.000000 209.654999
3100.500000 315.044891 0.000000 209.764999
3106.625000 315.268951 0.000000 209.845001
3112.125000 315.471100 0.000000 209.964996
3120.875000 315.471100 0.000000 210.044998
3129.000000 315.673859 0.000000 210.164993
3134.750000 315.877167 0.000000 210.250000
3140.500000 316.078461 0.000000 210.365005
3148.500000 316.285004 0.000000 210.449997
3153.375000 316.489136 0.000000 210.565002
3159.750000 316.691528 0.000000 210.654999
3163.875000 316.896942 0.000000 210.770004
3170.625000 316.896942 0.000000 210.854996
3176.250000 317.098755 0.000000 210.964996
3182.250000 317.316376 0.000000 211.050003
3187.625000 317.521790 0.000000 211.160004
3194.250000 317.730042 0.000000 211.274994
3200.000000 317.730042 0.000000 211.369995
3204.500000 317.939484 0.000000 211.449997
3208.000000 317.939484 0.000000 211.559998
3213.000000 318.141968 0.000000 211.654999
3216.875000 318.141968 0.000000 211.764999
3221.750000 318.141968 0.000000 211.850006
3225.750000 318.345490 0.000000 211.964996
3228.375000 318.345490 0.000000 212.050003
3232.250000 318.345490 0.000000 212.169998
3235.375000 318.345490 0.000000 212.255005
3237.750000 318.547302 0.000000 212.365005
3240.500000 318.547302 0.000000 212.449997
3243.750000 318.547302 0.000000 212.561005
3247.250000 318.547302 0.000000 212.649994
3249.625000 318.547302 0.000000 212.764999
3251.750000 318.547302 0.000000 212.850006
3253.750000 318.547302 0.000000 212.970001
3255.375000 318.547302 0.000000 213.059998
3259.250000 318.547302 0.000000 213.169998
3260.875000 318.547302 0.000000 213.255005
3263.250000 318.747528 0.000000 213.365005
3266.500000 318.747528 0.000000 213.445007
3268.875000 318.747528 0.000000 213.559998
3270.375000 318.747528 0.000000 213.645004
3271.625000 318.747528 0.000000 213.764999
3273.375000 318.747528 0.000000 213.854996
3275.000000 318.747528 0.000000 213.964996
3276.625000 318.747528 0.000000 214.050003
3277.500000 318.747528 0.000000 214.154999
3279.125000 318.747528 0.000000 214.244995
3280.750000 318.747528 0.000000 214.365005
3282.250000 318.747528 0.000000 214.449997
3283.875000 318.747528 0.000000 214.559998
3284.750000 318.747528 0.000000 214.645004
3286.375000 318.747528 0.000000 214.764999
3288.250000 318.747528 0.000000 214.850006
3289.750000 318.747528 0.000000 214.960007
3291.875000 318.747528 0.000000 215.044998
3293.625000 318.747528 0.000000 215.164993
3294.750000 318.747528 0.000000 215.255005
3296.375000 318.747528 0.000000 215.365005
3296.750000 318.747528 0.000000 215.449997
3297.375000 318.747528 0.000000 215.565002
3298.875000 318.747528 0.000000 215.654999
3300.000000 318.747528 0.000000 215.764999
3302.125000 318.949799 0.000000 215.850006
3303.625000 319.155975 0.000000 215.964996
3307.125000 319.155975 0.000000 216.059998
3310.125000 319.362976 0.000000 216.149994
3312.250000 319.569611 0.000000 216.259995
3313.125000 319.569611 0.000000 216.354996
3314.875000 319.771088 0.000000 216.464996
3316.750000 319.996796 0.000000 216.550003
3319.500000 320.201080 0.000000 216.664993
3320.875000 320.201080 0.000000 216.750000
3322.375000 320.424072 0.000000 216.860001
3324.125000 320.655823 0.000000 216.955002
3326.000000 320.864471 0.000000 217.065002
3328.375000 321.069214 0.000000 217.149994
3332.500000 321.276764 0.000000 217.264999
3335.625000 321.485687 0.000000 217.369995
3338.875000 321.485687 0.000000 217.455002
3342.000000 321.695312 0.000000 217.565002
3344.625000 321.935242 0.000000 217.649994
3346.125000 322.175354 0.000000 217.759995
3347.500000 322.415558 0.000000 217.845001
3348.125000 322.645752 0.000000 217.964996
3348.625000 322.845947 0.000000 218.050003
3349.375000 323.046143 0.000000 218.154999
3350.125000 323.246368 0.000000 218.250000
3351.250000 323.446564 0.000000 218.360001
3351.750000 323.656830 0.000000 218.464996
3352.375000 323.857117 0.000000 218.550003
3352.875000 324.057404 0.000000 218.660004
3353.000000 324.257660 0.000000 218.759995
3353.125000 324.457947 0.000000 218.845001
3353.500000 324.658234 0.000000 218.955002
3353.750000 324.858521 0.000000 219.059998
3354.000000 325.058807 0.000000 219.149994
3354.125000 325.259033 0.000000 219.259995
3354.250000 325.459259 0.000000 219.354996
3354.625000 325.659454 0.000000 219.464996
3354.750000 325.859650 0.000000 219.559998
3355.000000 326.059875 0.000000 219.645004
3355.000000 326.260101 0.000000 219.759995
3355.125000 326.460327 0.000000 219.865005
3355.125000 326.660553 0.000000 219.955002
3355.250000 326.860779 0.000000 220.065002
3355.375000 327.060974 0.000000 220.164993
3355.500000 327.261047 0.000000 220.250000
3355.875000 327.470886 0.000000 220.365005
3356.125000 327.680817 0.000000 220.460007
3356.125000 327.680817 0.000000 220.544998
3356.250000 328.080872 0.000000 220.660004
3356.750000 328.280945 0.000000 220.755005
3357.250000 328.480988 0.000000 220.865005
3357.375000 328.480988 0.000000 220.949997
3357.625000 328.890930 0.000000 221.059998
3357.875000 328.890930 0.000000 221.154999
3357.875000 329.100586 0.000000 221.264999
3358.000000 329.340271 0.000000 221.350006
3358.500000 329.580139 0.000000 221.464996
3358.500000 329.830078 0.000000 221.550003
3359.250000 330.040100 0.000000 221.660004
3359.250000 330.240112 0.000000 221.744995
3359.500000 330.450104 0.000000 221.854996
3359.750000 330.650116 0.000000 221.964996
3360.500000 330.859955 0.000000 222.044998
3360.625000 331.069824 0.000000 222.160004
3361.500000 331.279724 0.000000 222.264999
3361.625000 331.279724 0.000000 222.350006
3362.000000 331.699158 0.000000 222.464996
3362.125000 331.699158 0.000000 222.554993
3362.375000 331.908325 0.000000 222.664993
3362.750000 332.137604 0.000000 222.750000
3363.125000 332.377167 0.000000 222.865005
3364.625000 332.636932 0.000000 222.955002
3364.875000 332.856842 0.000000 223.065002
3365.875000 333.066742 0.000000 223.160004
3366.125000 333.066742 0.000000 223.250000
3366.625000 333.486511 0.000000 223.365005
3367.250000 333.486511 0.000000 223.455002
3368.125000 333.696350 0.000000 223.565002
3368.875000 333.936157 0.000000 223.649994
3369.875000 334.163879 0.000000 223.764999
3370.500000 334.409515 0.000000 223.850006
3372.250000 334.617157 0.000000 223.960007
3374.000000 334.617157 0.000000 224.065002
3375.375000 334.838593 0.000000 224.164993
3377.125000 335.039032 0.000000 224.255005
3379.375000 335.039032 0.000000 224.360001
3382.000000 335.242432 0.000000 224.449997
3383.500000 335.242432 0.000000 224.565002
3384.750000 335.242432 0.000000 224.654999
3386.250000 335.444855 0.000000 224.764999
3387.625000 335.444855 0.000000 224.869995
3388.750000 335.444855 0.000000 224.955002
3389.625000 335.646942 0.000000 225.065002
3390.750000 335.646942 0.000000 225.149994
3392.375000 335.646942 0.000000 225.264999
3393.125000 335.646942 0.000000 225.354996
3394.125000 335.646942 0.000000 225.464996
3395.875000 335.646942 0.000000 225.554993
3397.625000 335.646942 0.000000 225.664993
3398.875000 335.847168 0.000000 225.750000
3399.500000 335.847168 0.000000 225.865005
3400.750000 335.847168 0.000000 225.949997
3401.250000 335.847168 0.000000 226.059998
3401.750000 335.847168 0.000000 226.149994
3402.625000 335.847168 0.000000 226.264999
3402.750000 335.847168 0.000000 226.354996
3403.375000 335.847168 0.000000 226.464996
3404.125000 335.847168 0.000000 226.559998
3404.250000 335.847168 0.000000 226.649994
3405.000000 335.847168 0.000000 226.764999
3405.250000 335.847168 0.000000 226.850006
3405.375000 335.847168 0.000000 226.964996
3405.375000 335.847168 0.000000 227.059998
3405.500000 335.847168 0.000000 227.166000
3405.875000 335.847168 0.000000 227.250000
3407.250000 335.847168 0.000000 227.365005
3408.625000 336.054291 0.000000 227.455002
3410.000000 336.054291 0.000000 227.565002
3411.375000 336.286804 0.000000 227.649994
3413.500000 336.286804 0.000000 227.764999
3416.000000 336.512482 0.000000 227.854996
3419.500000 336.719116 0.000000 227.960007
3421.875000 336.719116 0.000000 228.054993
3425.250000 336.921173 0.000000 228.164993
3427.125000 337.124481 0.000000 228.255005
3429.500000 337.336700 0.000000 228.360001
3432.375000 337.336700 0.000000 228.455002
3435.000000 337.543030 0.000000 228.559998
3440.000000 337.782684 0.000000 228.649994
3442.750000 337.987366 0.000000 228.764999
3447.375000 337.987366 0.000000 228.850006
3448.000000 338.189362 0.000000 228.960007
3448.750000 338.420441 0.000000 229.050003
3450.125000 338.625916 0.000000 229.169998
3450.750000 338.834351 0.000000 229.255005
3452.000000 338.834351 0.000000 229.360001
3452.750000 339.058411 0.000000 229.445007
3453.250000 339.265015 0.000000 229.554993
3453.750000 339.471161 0.000000 229.664993
3454.625000 339.471161 0.000000 229.750000
3455.125000 339.677246 0.000000 229.869995
3455.875000 339.906219 0.000000 229.955002
3456.625000 339.906219 0.000000 230.059998
3457.250000 340.134125 0.000000 230.145004
3457.750000 340.334869 0.000000 230.255005
3459.750000 340.540588 0.000000 230.360001
3460.375000 340.773193 0.000000 230.464996
3461.000000 340.980438 0.000000 230.550003
3461.500000 341.209564 0.000000 230.664993
3463.250000 341.409729 0.000000 230.750000
3463.875000 341.610321 0.000000 230.865005
3466.375000 341.811157 0.000000 230.955002
3468.250000 342.012115 0.000000 231.059998
3470.375000 342.213135 0.000000 231.160004
3472.875000 342.413788 0.000000 231.264999
3475.125000 342.623688 0.000000 231.354996
3478.625000 342.833527 0.000000 231.464996
3481.500000 342.833527 0.000000 231.550003
3485.625000 343.043304 0.000000 231.654999
3486.750000 343.262207 0.000000 231.755005
3489.625000 343.490356 0.000000 231.845001
3491.250000 343.708191 0.000000 231.955002
3493.375000 343.945496 0.000000 232.065002
3495.375000 344.172638 0.000000 232.149994
3496.375000 344.390533 0.000000 232.264999
3497.375000 344.599609 0.000000 232.350006
3497.750000 344.809448 0.000000 232.460007
3498.250000 344.809448 0.000000 232.544998
3499.375000 345.220123 0.000000 232.664993
3500.000000 345.220123 0.000000 232.750000
3502.875000 345.621033 0.000000 232.865005
3504.250000 345.821259 0.000000 232.955002
3505.250000 346.021515 0.000000 233.070007
3505.250000 346.221832 0.000000 233.164993
3505.750000 346.221832 0.000000 233.250000
3506.750000 346.441803 0.000000 233.365005
3507.250000 346.691681 0.000000 233.455002
3508.250000 346.931793 0.000000 233.565002
3508.750000 347.132019 0.000000 233.654999
3509.000000 347.332306 0.000000 233.759995
3509.750000 347.572662 0.000000 233.850006
3510.250000 347.803009 0.000000 233.964996
3511.000000 348.003296 0.000000 234.050003
3511.250000 348.203613 0.000000 234.154999
3512.125000 348.403931 0.000000 234.244995
3512.625000 348.604248 0.000000 234.365005
3514.000000 348.804535 0.000000 234.455002
3517.125000 349.004852 0.000000 234.570007
3518.500000 349.205139 0.000000 234.654999
3518.625000 349.405426 0.000000 234.764999
3520.000000 349.605682 0.000000 234.869995
3520.750000 349.813446 0.000000 234.955002
3523.250000 350.021484 0.000000 235.065002
3523.750000 350.021484 0.000000 235.164993
3526.125000 350.238800 0.000000 235.250000
3526.625000 350.439331 0.000000 235.360001
3526.875000 350.439331 0.000000 235.440002
3527.250000 350.643768 0.000000 235.554993
3527.375000 350.848633 0.000000 235.660004
3528.125000 350.848633 0.000000 235.750000
3529.625000 351.053619 0.000000 235.860001
3530.500000 351.053619 0.000000 235.949997
3530.500000 351.260284 0.000000 236.065002
3531.250000 351.463531 0.000000 236.149994
3531.500000 351.679016 0.000000 236.264999
3532.125000 351.915253 0.000000 236.350006
3533.250000 352.123901 0.000000 236.464996
3534.250000 352.123901 0.000000 236.554993
3537.125000 352.325775 0.000000 236.664993
3538.750000 352.528748 0.000000 236.755005
3539.625000 352.728851 0.000000 236.865005
3541.125000 352.728851 0.000000 236.945007
3542.000000 352.933502 0.000000 237.059998
3542.875000 352.933502 0.000000 237.164993
3543.875000 352.933502 0.000000 237.259995
3544.375000 353.148895 0.000000 237.369995
3546.375000 353.148895 0.000000 237.455002
3547.875000 353.148895 0.000000 237.559998
3548.125000 353.148895 0.000000 237.664993
3548.250000 353.356781 0.000000 237.755005
3548.750000 353.356781 0.000000 237.865005
3549.000000 353.558380 0.000000 237.949997
3549.750000 353.558380 0.000000 238.065002
3549.875000 353.761780 0.000000 238.154999
3552.125000 353.966644 0.000000 238.264999
3552.375000 353.966644 0.000000 238.345001
3552.500000 354.185394 0.000000 238.455002
3552.750000 354.406036 0.000000 238.570007
3553.500000 354.406036 0.000000 238.654999
3553.500000 354.606445 0.000000 238.764999
3553.875000 354.815308 0.000000 238.865005
3553.875000 355.017242 0.000000 238.955002
3554.875000 355.017242 0.000000 239.059998
3555.125000 355.219696 0.000000 239.164993
3555.625000 355.445435 0.000000 239.264999
3555.625000 355.445435 0.000000 239.350006
3555.750000 355.649872 0.000000 239.464996
3556.125000 355.854797 0.000000 239.550003
3556.500000 356.056122 0.000000 239.664993
3556.875000 356.271667 0.000000 239.759995
3557.625000 356.475403 0.000000 239.869995
3558.125000 356.682404 0.000000 239.964996
3558.500000 356.890900 0.000000 240.050003
3559.000000 357.100372 0.000000 240.164993
3559.125000 357.100372 0.000000 240.250000
3559.625000 357.510681 0.000000 240.365005
3559.875000 357.510681 0.000000 240.449997
3560.375000 357.911591 0.000000 240.565002
3561.250000 358.112091 0.000000 240.660004
3562.375000 358.112091 0.000000 240.755005
3562.750000 358.521759 0.000000 240.865005
3563.250000 358.521759 0.000000 240.945007
3564.000000 358.731598 0.000000 241.065002
3564.250000 358.961639 0.000000 241.149994
3564.500000 359.211395 0.000000 241.270004
3565.000000 359.460144 0.000000 241.354996
3566.250000 359.660675 0.000000 241.464996
3566.750000 359.660675 0.000000 241.550003
3567.625000 359.868378 0.000000 241.664993
3568.125000 360.074982 0.000000 241.750000
3568.750000 360.303894 0.000000 241.860001
3569.375000 360.303894 0.000000 241.964996
3571.250000 360.537415 0.000000 242.065002
3572.750000 360.740814 0.000000 242.149994
3576.875000 360.944763 0.000000 242.264999
3579.500000 360.944763 0.000000 242.354996
3583.125000 361.172180 0.000000 242.470001
3585.500000 361.377594 0.000000 242.554993
3589.125000 361.377594 0.000000 242.669998
3592.375000 361.593109 0.000000 242.755005
3594.125000 361.795959 0.000000 242.865005
3596.375000 362.016571 0.000000 242.949997
3597.500000 362.217926 0.000000 243.054993
3598.500000 362.423706 0.000000 243.164993
3599.625000 362.631866 0.000000 243.250000
3600.500000 362.841217 0.000000 243.360001
3600.875000 362.841217 0.000000 243.449997
3601.125000 363.259827 0.000000 243.570007
3601.250000 363.259827 0.000000 243.649994
3601.750000 363.468201 0.000000 243.764999
3601.875000 363.706299 0.000000 243.854996
3602.125000 363.915314 0.000000 243.964996
3602.250000 364.124786 0.000000 244.050003
3602.250000 364.334473 0.000000 244.160004
3602.375000 364.564270 0.000000 244.264999
3602.625000 364.794006 0.000000 244.360001
3603.125000 365.003510 0.000000 244.449997
3603.250000 365.223145 0.000000 244.570007
3603.875000 365.432922 0.000000 244.654999
3604.375000 365.642731 0.000000 244.764999
3604.375000 365.642731 0.000000 244.850006
3604.500000 365.852570 0.000000 244.960007
3604.750000 366.102448 0.000000 245.050003
3604.750000 366.342377 0.000000 245.169998
3605.125000 366.552338 0.000000 245.250000
3605.125000 366.762299 0.000000 245.365005
3605.375000 366.992249 0.000000 245.449997
3605.500000 367.212189 0.000000 245.565002
3605.500000 367.422150 0.000000 245.649994
3605.625000 367.632111 0.000000 245.759995
3605.625000 367.842072 0.000000 245.865005
3605.750000 368.051971 0.000000 245.964996
3605.750000 368.051971 0.000000 246.054993
3605.875000 368.271881 0.000000 246.164993
3606.000000 368.501770 0.000000 246.264999
3606.000000 368.721649 0.000000 246.360001
3606.000000 368.931580 0.000000 246.464996
3606.125000 369.141510 0.000000 246.550003
3606.250000 369.351440 0.000000 246.664993
3606.375000 369.601349 0.000000 246.755005
3606.375000 369.821259 0.000000 246.865005
3606.500000 370.031158 0.000000 246.949997
3606.625000 370.241089 0.000000 247.065002
3606.625000 370.241089 0.000000 247.149994
3607.000000 370.451019 0.000000 247.259995
3607.375000 370.690979 0.000000 247.345001
3607.750000 370.920990 0.000000 247.455002
3607.875000 371.151001 0.000000 247.565002
3608.000000 371.390961 0.000000 247.649994
3608.125000 371.610901 0.000000 247.764999
3608.250000 371.820892 0.000000 247.869995
3608.250000 372.020905 0.000000 247.964996
3608.500000 372.230865 0.000000 248.050003
3608.750000 372.440399 0.000000 248.154999
3609.250000 372.649689 0.000000 248.259995
3609.250000 372.649689 0.000000 248.345001
3609.375000 372.859131 0.000000 248.460007
3609.750000 373.068817 0.000000 248.565002
3610.125000 373.308624 0.000000 248.654999
3610.500000 373.548492 0.000000 248.759995
3610.625000 373.778381 0.000000 248.845001
3610.875000 373.998230 0.000000 248.955002
3611.750000 374.208038 0.000000 249.065002
3611.875000 374.417816 0.000000 249.160004
3612.000000 374.626404 0.000000 249.270004
3612.125000 374.828094 0.000000 249.354996
3612.250000 374.828094 0.000000 249.464996
3612.500000 375.059906 0.000000 249.550003
3612.500000 375.266815 0.000000 249.664993
3612.500000 375.266815 0.000000 249.750000
3613.125000 375.472931 0.000000 249.869995
3614.125000 375.673859 0.000000 249.955002
3614.625000 375.673859 0.000000 250.065002
3614.625000 375.878204 0.000000 250.154999
3614.750000 376.081421 0.000000 250.264999
3614.750000 376.286194 0.000000 250.354996
3614.750000 376.286194 0.000000 250.464996
3614.875000 376.517975 0.000000 250.550003
3615.000000 376.723480 0.000000 250.664993
3615.250000 376.930542 0.000000 250.750000
3615.250000 376.930542 0.000000 250.860001
3615.500000 377.136841 0.000000 250.949997
3615.750000 377.361816 0.000000 251.059998
3615.750000 377.361816 0.000000 251.164993
3616.125000 377.572235 0.000000 251.250000
3616.625000 377.790924 0.000000 251.354996
3617.375000 377.790924 0.000000 251.460007
3618.500000 378.017914 0.000000 251.554993
3620.000000 378.225098 0.000000 251.664993
3620.250000 378.225098 0.000000 251.750000
3620.750000 378.426270 0.000000 251.865005
3621.125000 378.628326 0.000000 251.949997
3621.750000 378.846893 0.000000 252.065002
3622.625000 378.846893 0.000000 252.164993
3622.750000 379.059021 0.000000 252.255005
3623.375000 379.264008 0.000000 252.369995
3624.000000 379.464417 0.000000 252.464996
3624.875000 379.464417 0.000000 252.554993
3625.625000 379.668030 0.000000 252.664993
3626.875000 379.880096 0.000000 252.750000
3627.000000 380.101471 0.000000 252.865005
3628.500000 380.307770 0.000000 252.945007
3630.500000 380.515900 0.000000 253.059998
3631.500000 380.716949 0.000000 253.164993
3633.250000 380.918030 0.000000 253.250000
3634.625000 381.118774 0.000000 253.369995
3636.625000 381.118774 0.000000 253.449997
3638.000000 381.348145 0.000000 253.570007
3638.625000 381.551605 0.000000 253.664993
3640.250000 381.551605 0.000000 253.755005
3641.000000 381.754486 0.000000 253.865005
3645.250000 381.980377 0.000000 253.964996
3646.125000 381.980377 0.000000 254.054993
3647.750000 382.199585 0.000000 254.164993
3649.750000 382.404755 0.000000 254.270004
3650.125000 382.610321 0.000000 254.354996
3650.250000 382.811005 0.000000 254.464996
3650.625000 382.811005 0.000000 254.554993
3651.625000 383.015289 0.000000 254.664993
3652.250000 383.223022 0.000000 254.755005
3652.375000 383.446625 0.000000 254.865005
3652.875000 383.693542 0.000000 254.970001
3653.375000 383.902588 0.000000 255.054993
3653.375000 384.111511 0.000000 255.164993
3654.125000 384.319733 0.000000 255.250000
3654.125000 384.527252 0.000000 255.354996
3655.250000 384.734680 0.000000 255.464996
3655.625000 384.734680 0.000000 255.554993
3656.750000 385.152130 0.000000 255.664993
3657.500000 385.152130 0.000000 255.750000
3658.125000 385.361664 0.000000 255.854996
3658.375000 385.571381 0.000000 255.970001
3658.875000 385.811218 0.000000 256.065002
3659.125000 386.021149 0.000000 256.144989
3660.125000 386.231110 0.000000 256.265015
3661.500000 386.481110 0.000000 256.350006
3662.125000 386.701111 0.000000 256.459991
3663.250000 386.911072 0.000000 256.565002
3663.250000 387.111084 0.000000 256.654999
3664.000000 387.311127 0.000000 256.765015
3664.750000 387.511200 0.000000 256.855011
3665.375000 387.720856 0.000000 256.964996
3666.125000 387.930145 0.000000 257.054993
3666.500000 388.139648 0.000000 257.165009
3666.750000 388.139648 0.000000 257.255005
3667.750000 388.349396 0.000000 257.359985
3667.875000 388.569275 0.000000 257.470001
3668.000000 388.799194 0.000000 257.554993
3668.125000 389.019073 0.000000 257.665009
3668.250000 389.228912 0.000000 257.750000
3670.125000 389.438751 0.000000 257.864990
3670.125000 389.678589 0.000000 257.964996
3672.375000 389.888458 0.000000 258.054993
3673.875000 390.098328 0.000000 258.165009
3674.125000 390.308197 0.000000 258.255005
3674.125000 390.518066 0.000000 258.364990
3674.375000 390.727936 0.000000 258.470001
3674.625000 390.937592 0.000000 258.559998
3676.000000 391.147095 0.000000 258.670013
3676.125000 391.147095 0.000000 258.760010
3676.750000 391.356720 0.000000 258.864990
3676.875000 391.586334 0.000000 258.975006
3677.875000 391.806030 0.000000 259.059998
3678.375000 392.025391 0.000000 259.165009
3678.750000 392.260010 0.000000 259.250000
3680.375000 392.463043 0.000000 259.364990
3681.125000 392.463043 0.000000 259.450012
3681.250000 392.668060 0.000000 259.559998
3681.750000 392.880829 0.000000 259.665009
3681.875000 393.083893 0.000000 259.755005
3682.000000 393.083893 0.000000 259.869995
3682.250000 393.286743 0.000000 259.954987
3682.500000 393.488831 0.000000 260.065002
3682.750000 393.691559 0.000000 260.174988
3683.125000 393.691559 0.000000 260.260010
3683.125000 393.917664 0.000000 260.364990
3683.375000 394.121826 0.000000 260.450012
3683.500000 394.121826 0.000000 260.565002
3683.625000 394.334229 0.000000 260.665009
3683.875000 394.562134 0.000000 260.755005
3683.875000 394.767700 0.000000 260.869995
3684.125000 394.767700 0.000000 260.954987
3684.375000 394.990906 0.000000 261.070007
3684.375000 395.213348 0.000000 261.154999
3685.000000 395.421814 0.000000 261.269989
3685.000000 395.626495 0.000000 261.359985
3685.000000 395.833710 0.000000 261.464996
3685.125000 395.833710 0.000000 261.554993
3685.375000 396.051941 0.000000 261.660004
3685.625000 396.290863 0.000000 261.750000
3686.000000 396.540588 0.000000 261.864990
3686.000000 396.740601 0.000000 261.954987
3686.000000 396.950317 0.000000 262.065002
3686.125000 397.190277 0.000000 262.154999
3686.250000 397.410492 0.000000 262.265015
3686.500000 397.610779 0.000000 262.355011
3686.750000 397.811127 0.000000 262.464996
3686.750000 398.011505 0.000000 262.554993
3687.000000 398.211914 0.000000 262.665009
3687.125000 398.412292 0.000000 262.755005
3687.375000 398.612671 0.000000 262.869995
3687.375000 398.813080 0.000000 262.959991
3687.375000 399.013489 0.000000 263.065002
3687.500000 399.213867 0.000000 263.170013
3687.625000 399.420349 0.000000 263.260010
3687.875000 399.420349 0.000000 263.350006
3687.875000 399.627045 0.000000 263.464996
3688.250000 399.830475 0.000000 263.549988
3688.750000 400.036377 0.000000 263.665009
3689.125000 400.036377 0.000000 263.750000
3689.750000 400.243500 0.000000 263.864990
3690.875000 400.448975 0.000000 263.950012
3691.125000 400.654999 0.000000 264.059998
3691.250000 400.654999 0.000000 264.174988
3691.375000 400.877960 0.000000 264.260010
3691.875000 401.079834 0.000000 264.364990
3692.250000 401.079834 0.000000 264.454987
3692.375000 401.282349 0.000000 264.559998
3692.750000 401.485321 0.000000 264.665009
3692.875000 401.696716 0.000000 264.760010
3693.000000 401.696716 0.000000 264.864990
3693.125000 401.916260 0.000000 264.975006
3693.250000 402.123749 0.000000 265.054993
3693.375000 402.354950 0.000000 265.170013
3693.500000 402.354950 0.000000 265.250000
3693.500000 402.767426 0.000000 265.359985
3693.500000 402.974548 0.000000 265.475006
3693.625000 402.974548 0.000000 265.559998
3693.625000 403.193024 0.000000 265.660004
3693.750000 403.432220 0.000000 265.760010
3693.875000 403.671783 0.000000 265.864990
3694.000000 403.911499 0.000000 265.954987
3694.125000 404.121338 0.000000 266.070007
3694.125000 404.331207 0.000000 266.165009
3694.375000 404.541077 0.000000 266.255005
3694.375000 404.750916 0.000000 266.369995
3694.500000 404.960754 0.000000 266.459991
3694.625000 405.170593 0.000000 266.565002
3694.625000 405.170593 0.000000 266.660004
3694.750000 405.410431 0.000000 266.755005
3695.000000 405.630249 0.000000 266.864990
3695.250000 405.839783 0.000000 266.950012
3695.375000 406.049255 0.000000 267.059998
3695.500000 406.268890 0.000000 267.165009
3695.625000 406.498627 0.000000 267.260010
3695.750000 406.728394 0.000000 267.369995
3695.750000 406.938232 0.000000 267.464996
3696.000000 407.148102 0.000000 267.554993
3696.000000 407.357941 0.000000 267.665009
3696.125000 407.357941 0.000000 267.755005
3696.125000 407.567841 0.000000 267.864990
3696.250000 407.807739 0.000000 267.950012
3696.500000 408.047607 0.000000 268.070007
3696.500000 408.257507 0.000000 268.160004
3696.625000 408.467438 0.000000 268.269989
3696.625000 408.697357 0.000000 268.350006
3696.625000 408.917267 0.000000 268.470001
3696.750000 409.127197 0.000000 268.559998
3696.750000 409.337006 0.000000 268.665009
3696.875000 409.545990 0.000000 268.755005
3696.875000 409.754364 0.000000 268.864990
3696.875000 409.754364 0.000000 268.954987
3697.250000 410.172424 0.000000 269.070007
3697.250000 410.172424 0.000000 269.154999
3697.375000 410.382050 0.000000 269.265015
3697.500000 410.601837 0.000000 269.369995
3697.500000 410.831726 0.000000 269.470001
3697.625000 411.041718 0.000000 269.554993
3697.625000 411.251709 0.000000 269.670013
3697.750000 411.451752 0.000000 269.755005
3697.750000 411.651794 0.000000 269.869995
3697.875000 411.851837 0.000000 269.964996
3698.000000 412.081848 0.000000 270.065002
3698.000000 412.311859 0.000000 270.160004
3698.125000 412.521881 0.000000 270.265015
3698.125000 412.721893 0.000000 270.350006
3698.125000 412.921906 0.000000 270.464996
3698.250000 413.121979 0.000000 270.549988
3698.250000 413.322083 0.000000 270.665009
3698.375000 413.522156 0.000000 270.769989
3698.375000 413.722229 0.000000 270.855011
3698.375000 413.922302 0.000000 270.964996
3698.500000 414.132202 0.000000 271.065002
3698.500000 414.341919 0.000000 271.160004
3698.500000 414.551147 0.000000 271.265015
3698.625000 414.551147 0.000000 271.350006
3698.625000 414.968597 0.000000 271.470001
3698.750000 414.968597 0.000000 271.549988
3698.875000 415.176483 0.000000 271.665009
3698.875000 415.403534 0.000000 271.755005
3699.000000 415.628784 0.000000 271.869995
3699.000000 415.840454 0.000000 271.954987
3699.000000 416.041565 0.000000 272.070007
3699.250000 416.041565 0.000000 272.154999
3699.250000 416.257812 0.000000 272.269989
3699.250000 416.459137 0.000000 272.355011
3699.375000 416.459137 0.000000 272.470001
3699.500000 416.676636 0.000000 272.554993
3699.500000 416.879852 0.000000 272.670013
3699.625000 416.879852 0.000000 272.755005
3699.750000 417.091003 0.000000 272.869995
3699.750000 417.295227 0.000000 272.954987
3699.875000 417.500000 0.000000 273.065002
3699.875000 417.500000 0.000000 273.154999
3699.875000 417.704803 0.000000 273.265015
3699.875000 417.924042 0.000000 273.355011
3700.250000 418.130219 0.000000 273.464996
3700.625000 418.335205 0.000000 273.559998
3700.875000 418.535889 0.000000 273.649994
3701.000000 418.535889 0.000000 273.765015
3701.125000 418.756134 0.000000 273.850006
3701.125000 418.756134 0.000000 273.964996
3701.250000 418.756134 0.000000 274.056000
3701.375000 418.957825 0.000000 274.170013
3701.375000 418.957825 0.000000 274.255005
3701.625000 418.957825 0.000000 274.364990
3701.875000 418.957825 0.000000 274.450012
3701.875000 418.957825 0.000000 274.559998
3702.000000 418.957825 0.000000 274.665009
3702.125000 418.957825 0.000000 274.755005
3702.250000 418.957825 0.000000 274.864990
3702.375000 418.957825 0.000000 274.950012
3702.625000 418.957825 0.000000 275.065002
3702.625000 418.957825 0.000000 275.174988
3702.625000 418.957825 0.000000 275.255005
3702.750000 418.957825 0.000000 275.369995
3703.125000 418.957825 0.000000 275.454987
3703.125000 418.957825 0.000000 275.559998
3703.250000 418.957825 0.000000 275.665009
3703.250000 418.957825 0.000000 275.750000
3703.375000 418.957825 0.000000 275.859985
3703.375000 418.957825 0.000000 275.970001
3703.625000 418.957825 0.000000 276.054993
3703.625000 419.175934 0.000000 276.165009
3703.750000 419.175934 0.000000 276.255005
3703.875000 419.379303 0.000000 276.369995
3703.875000 419.592407 0.000000 276.450012
3703.875000 419.592407 0.000000 276.559998
3704.000000 419.801819 0.000000 276.670013
3704.000000 420.003174 0.000000 276.760010
3704.000000 420.209473 0.000000 276.869995
3704.000000 420.412262 0.000000 276.950012
3704.000000 420.621979 0.000000 277.059998
3704.000000 420.825287 0.000000 277.165009
3704.125000 421.029999 0.000000 277.269989
3704.125000 421.235413 0.000000 277.359985
3704.125000 421.441223 0.000000 277.464996
3704.125000 421.441223 0.000000 277.549988
3704.125000 421.647491 0.000000 277.660004
3704.375000 421.864075 0.000000 277.765015
3704.375000 422.077728 0.000000 277.850006
3704.625000 422.283691 0.000000 277.959991
3704.750000 422.488159 0.000000 278.070007
3704.750000 422.488159 0.000000 278.154999
3704.875000 422.488159 0.000000 278.265015
3705.000000 422.696289 0.000000 278.350006
3705.250000 422.696289 0.000000 278.464996
3705.250000 422.696289 0.000000 278.554993
3705.375000 422.696289 0.000000 278.670013
3705.500000 422.696289 0.000000 278.765015
3705.750000 422.696289 0.000000 278.855011
3705.875000 422.696289 0.000000 278.959991
3705.875000 422.896606 0.000000 279.065002
3705.875000 422.896606 0.000000 279.154999
3705.875000 422.896606 0.000000 279.269989
3705.875000 422.896606 0.000000 279.364990
3705.875000 422.896606 0.000000 279.454987
3705.875000 422.896606 0.000000 279.565002
3706.000000 422.896606 0.000000 279.670013
3706.000000 422.896606 0.000000 279.760010
3706.125000 423.117676 0.000000 279.869995
3706.250000 423.117676 0.000000 279.954987
3706.250000 423.325134 0.000000 280.059998
3706.375000 423.533661 0.000000 280.165009
3706.500000 423.739868 0.000000 280.255005
3706.500000 423.943695 0.000000 280.364990
3706.750000 424.151062 0.000000 280.454987
3706.875000 424.360229 0.000000 280.565002
3707.000000 424.609863 0.000000 280.654999
3707.125000 424.829132 0.000000 280.765015
3707.375000 425.038818 0.000000 280.864990
3707.500000 425.248566 0.000000 280.954987
3708.500000 425.458374 0.000000 281.059998
3708.625000 425.658508 0.000000 281.170013
3709.250000 425.658508 0.000000 281.255005
3710.375000 426.058655 0.000000 281.369995
3710.500000 426.058655 0.000000 281.454987
3711.625000 426.459137 0.000000 281.559998
3712.000000 426.659485 0.000000 281.665009
3712.250000 426.659485 0.000000 281.755005
3712.875000 427.060028 0.000000 281.864990
3713.500000 427.260162 0.000000 281.970001
3714.750000 427.470154 0.000000 282.065002
3715.250000 427.470154 0.000000 282.154999
3716.875000 427.679047 0.000000 282.265015
3718.250000 427.901428 0.000000 282.359985
3720.000000 428.102570 0.000000 282.464996
3720.625000 428.305084 0.000000 282.554993
3722.000000 428.305084 0.000000 282.665009
3723.875000 428.521942 0.000000 282.750000
3725.625000 428.750549 0.000000 282.859985
3725.750000 428.750549 0.000000 282.964996
3727.625000 428.964813 0.000000 283.054993
3728.375000 429.165863 0.000000 283.160004
3729.750000 429.367950 0.000000 283.265015
3730.625000 429.367950 0.000000 283.355011
3731.625000 429.585663 0.000000 283.459991
3731.750000 429.789032 0.000000 283.565002
3732.250000 429.789032 0.000000 283.654999
3733.500000 429.993500 0.000000 283.774994
3734.250000 430.198730 0.000000 283.855011
3734.750000 430.400177 0.000000 283.970001
3735.500000 430.604858 0.000000 284.065002
3736.125000 430.812531 0.000000 284.154999
3738.625000 431.016571 0.000000 284.265015
3740.625000 431.016571 0.000000 284.355011
3741.125000 431.223389 0.000000 284.464996
3741.750000 431.461426 0.000000 284.549988
3743.875000 431.690491 0.000000 284.660004
3743.875000 431.919434 0.000000 284.765991
3745.000000 432.158569 0.000000 284.855011
3745.250000 432.368073 0.000000 284.964996
3745.250000 432.577728 0.000000 285.070007
3745.500000 432.787476 0.000000 285.160004
3745.500000 432.997314 0.000000 285.269989
3745.625000 432.997314 0.000000 285.355011
3745.875000 433.417084 0.000000 285.470001
3745.875000 433.417084 0.000000 285.554993
3746.375000 433.626984 0.000000 285.665009
3747.625000 433.856903 0.000000 285.750000
3748.000000 434.086823 0.000000 285.864990
3748.750000 434.296753 0.000000 285.950012
3748.750000 434.506744 0.000000 286.059998
3749.000000 434.716705 0.000000 286.170013
3749.125000 434.966675 0.000000 286.260010
3749.375000 435.176605 0.000000 286.369995
3749.500000 435.386536 0.000000 286.459991
3749.625000 435.596497 0.000000 286.570007
3752.000000 435.596497 0.000000 286.649994
3752.750000 435.806488 0.000000 286.760010
3753.750000 436.226349 0.000000 286.869995
3754.000000 436.226349 0.000000 286.954987
3754.125000 436.436279 0.000000 287.059998
3754.375000 436.646240 0.000000 287.170013
3754.625000 436.876190 0.000000 287.260010
3754.750000 437.106140 0.000000 287.364990
3756.000000 437.336151 0.000000 287.464996
3756.375000 437.556183 0.000000 287.554993
3758.125000 437.766113 0.000000 287.665009
3759.000000 437.975861 0.000000 287.755005
3759.125000 438.185577 0.000000 287.864990
3759.125000 438.395355 0.000000 287.954987
3759.125000 438.603973 0.000000 288.065002
3760.375000 438.603973 0.000000 288.149994
3761.875000 438.806763 0.000000 288.269989
3761.875000 439.033051 0.000000 288.355011
3763.000000 439.236938 0.000000 288.464996
3763.000000 439.236938 0.000000 288.549988
3763.375000 439.443207 0.000000 288.670013
3763.500000 439.667999 0.000000 288.760010
3763.875000 439.667999 0.000000 288.864990
3764.625000 439.868835 0.000000 288.954987
3765.000000 439.868835 0.000000 289.070007
3765.000000 439.868835 0.000000 289.154999
3766.250000 439.868835 0.000000 289.265015
3766.250000 440.074982 0.000000 289.369995
3766.250000 440.074982 0.000000 289.459991
3766.500000 440.074982 0.000000 289.570007
3766.500000 440.074982 0.000000 289.654999
3766.500000 440.074982 0.000000 289.765015
3766.500000 440.074982 0.000000 289.855011
3766.500000 440.074982 0.000000 289.964996
3767.125000 440.074982 0.000000 290.059998
3767.125000 440.074982 0.000000 290.165009
3767.125000 440.074982 0.000000 290.250000
3767.125000 440.074982 0.000000 290.369995
3767.250000 440.074982 0.000000 290.450012
3767.250000 440.276825 0.000000 290.570007
3767.375000 440.276825 0.000000 290.654999
3767.375000 440.482452 0.000000 290.765015
3767.750000 440.726166 0.000000 290.850006
3767.875000 440.939514 0.000000 290.964996
3767.875000 441.141602 0.000000 291.054993
3767.875000 441.347198 0.000000 291.160004
3768.000000 441.554993 0.000000 291.269989
3768.250000 441.554993 0.000000 291.350006
3768.375000 441.973236 0.000000 291.470001
3769.500000 441.973236 0.000000 291.559998
3769.500000 442.182709 0.000000 291.665009
3769.625000 442.412262 0.000000 291.760010
3769.750000 442.652100 0.000000 291.869995
3769.875000 442.852142 0.000000 291.964996
3770.125000 443.082275 0.000000 292.045013
3770.125000 443.312500 0.000000 292.160004
3771.125000 443.522766 0.000000 292.265015
3771.250000 443.723083 0.000000 292.369995
3771.625000 443.923431 0.000000 292.464996
3772.000000 444.123840 0.000000 292.549988
3772.000000 444.324249 0.000000 292.665009
3772.250000 444.524658 0.000000 292.755005
3772.625000 444.724945 0.000000 292.859985
3772.750000 444.724945 0.000000 292.940002
3773.250000 445.153198 0.000000 293.059998
3773.375000 445.361267 0.000000 293.165009
3773.875000 445.361267 0.000000 293.250000
3773.875000 445.568726 0.000000 293.359985
3773.875000 445.776093 0.000000 293.470001
3774.000000 446.003326 0.000000 293.549988
3774.125000 446.217896 0.000000 293.660004
3774.125000 446.431183 0.000000 293.769989
3774.500000 446.635101 0.000000 293.855011
3774.750000 446.635101 0.000000 293.964996
3774.875000 446.838470 0.000000 294.054993
3775.000000 447.043427 0.000000 294.170013
3775.000000 447.043427 0.000000 294.265015
3775.125000 447.253937 0.000000 294.355011
3775.125000 447.253937 0.000000 294.464996
3775.125000 447.253937 0.000000 294.554993
3775.125000 447.458496 0.000000 294.670013
3775.125000 447.458496 0.000000 294.765015
3775.250000 447.458496 0.000000 294.850006
3775.250000 447.458496 0.000000 294.970001
3775.250000 447.458496 0.000000 295.054993
3775.250000 447.659149 0.000000 295.165009
3775.250000 447.659149 0.000000 295.250000
3775.250000 447.659149 0.000000 295.364990
3775.250000 447.659149 0.000000 295.450012
3775.250000 447.659149 0.000000 295.559998
3775.250000 447.659149 0.000000 295.665009
3775.250000 447.659149 0.000000 295.760010
3775.250000 447.659149 0.000000 295.869995
3775.250000 447.659149 0.000000 295.954987
3775.250000 447.659149 0.000000 296.070007
3775.250000 447.659149 0.000000 296.174988
3775.250000 447.659149 0.000000 296.265015
3775.250000 447.659149 0.000000 296.350006
3775.250000 447.659149 0.000000 296.459991
3775.250000 447.659149 0.000000 296.570007
3775.250000 447.659149 0.000000 296.660004
3775.250000 447.659149 0.000000 296.769989
3775.250000 447.659149 0.000000 296.859985
3775.250000 447.659149 0.000000 296.970001
3775.250000 447.659149 0.000000 297.059998
3775.250000 447.659149 0.000000 297.165009
3775.250000 447.659149 0.000000 297.255005
3775.250000 447.659149 0.000000 297.364990
3775.250000 447.659149 0.000000 297.450012
3775.250000 447.659149 0.000000 297.565002
3775.250000 447.659149 0.000000 297.649994
3775.250000 447.659149 0.000000 297.760010
3775.250000 447.881897 0.000000 297.864990
3775.375000 447.881897 0.000000 297.954987
3775.375000 448.082489 0.000000 298.065002
3775.625000 448.313507 0.000000 298.165009
3775.625000 448.313507 0.000000 298.255005
3775.625000 448.513611 0.000000 298.364990
3775.625000 448.715546 0.000000 298.454987
3775.750000 448.931976 0.000000 298.570007
3775.750000 448.931976 0.000000 298.654999
3775.875000 449.148193 0.000000 298.765015
3776.000000 449.381622 0.000000 298.859985
3776.125000 449.594727 0.000000 298.970001
3776.250000 449.801483 0.000000 299.054993
3776.375000 450.009857 0.000000 299.165009
3776.625000 450.238922 0.000000 299.244995
3776.625000 450.478363 0.000000 299.364990
3776.625000 450.688080 0.000000 299.464996
3776.875000 450.897797 0.000000 299.565002
3777.000000 450.897797 0.000000 299.654999
3777.125000 451.316528 0.000000 299.765015
3777.125000 451.316528 0.000000 299.855011
3777.125000 451.525604 0.000000 299.970001
3777.375000 451.764862 0.000000 300.054993
3777.375000 451.993866 0.000000 300.165009
3777.875000 452.233093 0.000000 300.255005
3778.000000 452.233093 0.000000 300.364990
3778.000000 452.438629 0.000000 300.445007
3778.125000 452.438629 0.000000 300.559998
3778.125000 452.649750 0.000000 300.665009
3778.250000 452.649750 0.000000 300.750000
3778.250000 452.649750 0.000000 300.869995
3778.375000 452.649750 0.000000 300.964996
3778.500000 452.649750 0.000000 301.045013
3778.500000 452.851685 0.000000 301.160004
3778.500000 452.851685 0.000000 301.265015
3778.500000 452.851685 0.000000 301.355011
3778.500000 452.851685 0.000000 301.464996
3778.500000 452.851685 0.000000 301.549988
3778.500000 452.851685 0.000000 301.665009
3778.500000 452.851685 0.000000 301.755005
3778.500000 452.851685 0.000000 301.869995
3778.500000 452.851685 0.000000 301.954987
3778.500000 452.851685 0.000000 302.070007
3778.500000 452.851685 0.000000 302.154999
3778.500000 452.851685 0.000000 302.269989
3778.500000 452.851685 0.000000 302.364990
3778.500000 452.851685 0.000000 302.475006
3778.625000 452.851685 0.000000 302.570007
3778.625000 452.851685 0.000000 302.654999
3778.750000 452.851685 0.000000 302.765015
3778.750000 452.851685 0.000000 302.855011
3778.750000 453.055603 0.000000 302.970001
3778.750000 453.055603 0.000000 303.065002
3778.750000 453.278229 0.000000 303.154999
3778.750000 453.482300 0.000000 303.269989
3778.875000 453.482300 0.000000 303.355011
3779.000000 453.691467 0.000000 303.464996
3779.000000 453.895050 0.000000 303.554993
3779.375000 454.107117 0.000000 303.665009
3779.375000 454.107117 0.000000 303.750000
3779.375000 454.314117 0.000000 303.859985
3779.375000 454.517273 0.000000 303.964996
3779.625000 454.723785 0.000000 304.054993
3779.750000 454.936829 0.000000 304.165009
3780.000000 455.143494 0.000000 304.255005
3780.125000 455.351807 0.000000 304.369995
3780.375000 455.580536 0.000000 304.450012
3780.375000 455.808990 0.000000 304.565002
3780.500000 456.017059 0.000000 304.649994
3780.625000 456.224579 0.000000 304.769989
3780.750000 456.224579 0.000000 304.855011
3780.875000 456.637939 0.000000 304.964996
3780.875000 456.637939 0.000000 305.059998
3781.000000 456.844086 0.000000 305.165009
3781.250000 457.069733 0.000000 305.269989
3781.500000 457.291443 0.000000 305.359985
3782.250000 457.493408 0.000000 305.459991
3782.750000 457.696136 0.000000 305.565002
3783.125000 457.696136 0.000000 305.649994
3784.000000 457.897980 0.000000 305.765015
3784.250000 458.106781 0.000000 305.850006
3785.250000 458.106781 0.000000 305.959991
3785.875000 458.309113 0.000000 306.065002
3786.375000 458.309113 0.000000 306.149994
3787.125000 458.309113 0.000000 306.269989
3787.625000 458.511749 0.000000 306.355011
3788.250000 458.511749 0.000000 306.470001
3788.750000 458.511749 0.000000 306.554993
3789.125000 458.511749 0.000000 306.665009
3789.500000 458.713989 0.000000 306.774994
3789.875000 458.713989 0.000000 306.859985
3790.875000 458.713989 0.000000 306.964996
3791.625000 458.713989 0.000000 307.054993
3792.500000 458.713989 0.000000 307.165009
3793.125000 458.713989 0.000000 307.274994
3793.375000 458.713989 0.000000 307.369995
3793.375000 458.713989 0.000000 307.454987
3793.625000 458.713989 0.000000 307.559998
3793.875000 458.713989 0.000000 307.649994
3794.250000 458.713989 0.000000 307.760010
3794.625000 458.713989 0.000000 307.869995
3795.125000 458.713989 0.000000 307.954987
3795.250000 458.914093 0.000000 308.070007
3795.500000 458.914093 0.000000 308.154999
3795.625000 458.914093 0.000000 308.260010
3795.875000 458.914093 0.000000 308.375000
3795.875000 458.914093 0.000000 308.459991
3795.875000 458.914093 0.000000 308.570007
3795.875000 458.914093 0.000000 308.654999
3796.250000 458.914093 0.000000 308.760010
3796.375000 458.914093 0.000000 308.864990
3796.500000 458.914093 0.000000 308.950012
3796.875000 458.914093 0.000000 309.065002
3797.375000 458.914093 0.000000 309.154999
3797.625000 459.114624 0.000000 309.260010
3798.000000 459.114624 0.000000 309.350006
3798.500000 459.318420 0.000000 309.464996
3799.125000 459.531586 0.000000 309.554993
3799.250000 459.736633 0.000000 309.660004
3799.875000 459.939667 0.000000 309.755005
3800.000000 460.146271 0.000000 309.869995
3800.000000 460.354858 0.000000 309.959991
3800.500000 460.564545 0.000000 310.065002
3800.875000 460.784576 0.000000 310.149994
3801.750000 461.004486 0.000000 310.260010
3802.000000 461.204590 0.000000 310.364990
3802.250000 461.404846 0.000000 310.450012
3802.500000 461.605164 0.000000 310.565002
3802.500000 461.805481 0.000000 310.649994
3802.500000 462.005798 0.000000 310.765015
3802.625000 462.205902 0.000000 310.855011
3803.125000 462.415833 0.000000 310.964996
3803.625000 462.615875 0.000000 311.070007
3803.875000 462.816040 0.000000 311.170013
3804.250000 463.016235 0.000000 311.255005
3804.625000 463.216492 0.000000 311.359985
3804.750000 463.416809 0.000000 311.459991
3805.000000 463.617157 0.000000 311.570007
3805.750000 463.817444 0.000000 311.660004
3806.875000 464.017670 0.000000 311.765015
3807.875000 464.217926 0.000000 311.875000
3808.625000 464.418213 0.000000 311.959991
3809.125000 464.618500 0.000000 312.070007
3810.000000 464.818817 0.000000 312.160004
3810.250000 465.019104 0.000000 312.265015
3811.375000 465.219421 0.000000 312.355011
3812.250000 465.419739 0.000000 312.471008
3813.750000 465.620056 0.000000 312.559998
3815.750000 465.820068 0.000000 312.660004
3818.000000 466.029938 0.000000 312.750000
3821.750000 466.239868 0.000000 312.869995
3824.750000 466.239868 0.000000 312.950012
3827.625000 466.649902 0.000000 313.070007
3831.250000 466.849945 0.000000 313.160004
3834.125000 467.059845 0.000000 313.269989
3836.875000 467.059845 0.000000 313.359985
3840.625000 467.269501 0.000000 313.470001
3844.000000 467.509308 0.000000 313.559998
3847.625000 467.739258 0.000000 313.670013
3849.750000 467.939270 0.000000 313.760010
3853.625000 468.159302 0.000000 313.864990
3857.750000 468.389343 0.000000 313.950012
3862.500000 468.608215 0.000000 314.059998
3866.000000 468.810333 0.000000 314.165009
3871.250000 468.810333 0.000000 314.255005
3874.000000 469.016937 0.000000 314.364990
3878.625000 469.219391 0.000000 314.450012
3879.750000 469.436462 0.000000 314.565002
3882.125000 469.436462 0.000000 314.649994
3884.375000 469.638611 0.000000 314.765015
3886.375000 469.638611 0.000000 314.850006
3889.750000 469.840607 0.000000 314.959991
3890.625000 469.840607 0.000000 315.070007
3892.750000 469.840607 0.000000 315.154999
3895.250000 470.041016 0.000000 315.265015
3897.375000 470.041016 0.000000 315.369995
3899.000000 470.041016 0.000000 315.459991
3900.875000 470.041016 0.000000 315.570007
3902.500000 470.041016 0.000000 315.670013
3903.500000 470.246979 0.000000 315.760010
3903.875000 470.246979 0.000000 315.864990
3904.125000 470.246979 0.000000 315.959991
3905.375000 470.246979 0.000000 316.070007
3906.000000 470.246979 0.000000 316.154999
3907.125000 470.246979 0.000000 316.265015
3908.000000 470.246979 0.000000 316.350006
3908.375000 470.246979 0.000000 316.459991
3909.000000 470.246979 0.000000 316.570007
3909.625000 470.246979 0.000000 316.654999
3909.750000 470.246979 0.000000 316.765015
3910.125000 470.246979 0.000000 316.864990
3910.500000 470.246979 0.000000 316.959991
3910.750000 470.246979 0.000000 317.070007
3911.375000 470.246979 0.000000 317.154999
3911.875000 470.246979 0.000000 317.269989
3912.625000 470.246979 0.000000 317.359985
3913.250000 470.246979 0.000000 317.464996
3913.625000 470.246979 0.000000 317.554993
3913.875000 470.246979 0.000000 317.665009
3914.000000 470.246979 0.000000 317.769989
3914.000000 470.246979 0.000000 317.855011
3914.125000 470.246979 0.000000 317.970001
3914.125000 470.246979 0.000000 318.059998
3914.625000 470.246979 0.000000 318.170013
3915.000000 470.246979 0.000000 318.255005
3915.125000 470.246979 0.000000 318.364990
3915.125000 470.246979 0.000000 318.459991
3915.125000 470.246979 0.000000 318.570007
3915.250000 470.246979 0.000000 318.654999
3915.250000 470.246979 0.000000 318.765015
3915.250000 470.246979 0.000000 318.850006
3915.875000 470.246979 0.000000 318.964996
3915.875000 470.246979 0.000000 319.054993
3916.125000 470.246979 0.000000 319.165009
3916.750000 470.448761 0.000000 319.265015
3917.250000 470.653870 0.000000 319.355011
3917.500000 470.653870 0.000000 319.470001
3917.875000 470.858215 0.000000 319.559998
3918.250000 471.060455 0.000000 319.670013
3918.875000 471.060455 0.000000 319.755005
3919.875000 471.265015 0.000000 319.864990
3920.125000 471.470581 0.000000 319.954987
3920.500000 471.691925 0.000000 320.065002
3921.125000 471.691925 0.000000 320.154999
3921.875000 471.897705 0.000000 320.269989
3924.250000 472.102997 0.000000 320.355011
3926.250000 472.303894 0.000000 320.464996
3927.500000 472.519165 0.000000 320.559998
3928.750000 472.722992 0.000000 320.670013
3930.125000 472.930450 0.000000 320.755005
3931.500000 473.139709 0.000000 320.864990
3933.250000 473.349365 0.000000 320.970001
3933.625000 473.558411 0.000000 321.065002
3934.625000 473.558411 0.000000 321.154999
3935.375000 473.767334 0.000000 321.260010
3936.250000 473.976959 0.000000 321.369995
3936.375000 474.206299 0.000000 321.454987
3936.375000 474.435974 0.000000 321.570007
3936.500000 474.636078 0.000000 321.654999
3936.500000 474.846466 0.000000 321.769989
3937.125000 475.093811 0.000000 321.855011
3937.875000 475.300873 0.000000 321.964996
3938.125000 475.300873 0.000000 322.054993
3938.375000 475.508850 0.000000 322.165009
3938.750000 475.709259 0.000000 322.250000
3938.875000 475.913696 0.000000 322.364990
3939.000000 475.913696 0.000000 322.459991
3939.500000 476.121521 0.000000 322.570007
3939.500000 476.121521 0.000000 322.654999
3939.625000 476.121521 0.000000 322.765015
3939.750000 476.323730 0.000000 322.855011
3939.875000 476.323730 0.000000 322.964996
3939.875000 476.323730 0.000000 323.065002
3939.875000 476.323730 0.000000 323.149994
3939.875000 476.323730 0.000000 323.265015
3940.000000 476.323730 0.000000 323.359985
3940.125000 476.524750 0.000000 323.459991
3940.375000 476.524750 0.000000 323.554993
3940.500000 476.524750 0.000000 323.670013
3940.500000 476.524750 0.000000 323.755005
3940.500000 476.524750 0.000000 323.864990
3940.500000 476.524750 0.000000 323.950012
3940.500000 476.524750 0.000000 324.065002
3940.500000 476.524750 0.000000 324.154999
3940.500000 476.524750 0.000000 324.265015
3940.500000 476.524750 0.000000 324.355011
3940.500000 476.524750 0.000000 324.470001
3940.500000 476.524750 0.000000 324.565002
3940.500000 476.524750 0.000000 324.649994
3940.500000 476.524750 0.000000 324.760010
3940.500000 476.524750 0.000000 324.855011
3940.500000 476.524750 0.000000 324.964996
3940.500000 476.524750 0.000000 325.065002
3940.500000 476.524750 0.000000 325.149994
3940.500000 476.524750 0.000000 325.265015
3940.500000 476.524750 0.000000 325.350006
3940.500000 476.524750 0.000000 325.464996
3940.625000 476.727020 0.000000 325.559998
3940.625000 476.929535 0.000000 325.665009
3940.625000 476.929535 0.000000 325.750000
3940.625000 477.145020 0.000000 325.864990
3940.625000 477.346252 0.000000 325.954987
3940.625000 477.346252 0.000000 326.059998
3940.750000 477.551056 0.000000 326.144989
3940.750000 477.757019 0.000000 326.260010
3940.750000 477.974365 0.000000 326.364990
3940.750000 478.183472 0.000000 326.450012
3940.750000 478.406891 0.000000 326.565002
3940.750000 478.612640 0.000000 326.654999
3940.750000 478.819489 0.000000 326.769989
3940.750000 479.028015 0.000000 326.864990
3941.500000 479.028015 0.000000 326.945007
3942.375000 479.438324 0.000000 327.065002
3942.500000 479.438324 0.000000 327.144989
3942.625000 479.840210 0.000000 327.265015
3942.750000 479.840210 0.000000 327.355011
3943.125000 480.242554 0.000000 327.470001
3943.625000 480.242554 0.000000 327.554993
3943.875000 480.644867 0.000000 327.670013
3944.250000 480.644867 0.000000 327.755005
3944.250000 480.846008 0.000000 327.859985
3944.375000 481.067261 0.000000 327.970001
3944.375000 481.308502 0.000000 328.059998
3944.375000 481.555115 0.000000 328.174988
3944.375000 481.768188 0.000000 328.255005
3944.375000 481.970032 0.000000 328.364990
3944.375000 481.970032 0.000000 328.450012
3944.375000 482.172180 0.000000 328.559998
3944.375000 482.172180 0.000000 328.670013
3944.375000 482.172180 0.000000 328.760010
3944.625000 482.172180 0.000000 328.869995
3944.625000 482.376770 0.000000 328.954987
3944.625000 482.376770 0.000000 329.065002
3944.625000 482.376770 0.000000 329.149994
3944.625000 482.376770 0.000000 329.260010
3944.875000 482.376770 0.000000 329.359985
3945.000000 482.376770 0.000000 329.450012
3945.125000 482.376770 0.000000 329.554993
3945.375000 482.376770 0.000000 329.665009
3945.375000 482.376770 0.000000 329.769989
3945.500000 482.376770 0.000000 329.855011
3945.500000 482.376770 0.000000 329.970001
3945.500000 482.376770 0.000000 330.054993
3945.625000 482.376770 0.000000 330.165009
3945.750000 482.376770 0.000000 330.269989
3945.875000 482.376770 0.000000 330.359985
3946.125000 482.376770 0.000000 330.445007
3946.125000 482.376770 0.000000 330.570007
3946.125000 482.376770 0.000000 330.649994
3946.125000 482.580811 0.000000 330.760010
3946.125000 482.792358 0.000000 330.869995
3946.375000 482.792358 0.000000 330.959991
3946.500000 482.998810 0.000000 331.065002
3946.750000 483.211182 0.000000 331.154999
3947.125000 483.211182 0.000000 331.255005
3947.250000 483.417603 0.000000 331.364990
3947.625000 483.618011 0.000000 331.454987
3947.750000 483.820099 0.000000 331.570007
3948.125000 483.820099 0.000000 331.654999
3948.375000 484.023407 0.000000 331.765015
3952.750000 484.258453 0.000000 331.855011
3957.250000 484.462769 0.000000 331.970001
3961.875000 484.462769 0.000000 332.054993
3970.250000 484.666595 0.000000 332.160004
3975.000000 484.868195 0.000000 332.274994
3977.375000 484.868195 0.000000 332.364990
3979.875000 485.082367 0.000000 332.450012
3980.875000 485.309265 0.000000 332.559998
3981.875000 485.309265 0.000000 332.665009
3985.125000 485.535156 0.000000 332.760010
3990.375000 485.738770 0.000000 332.839996
3996.500000 485.738770 0.000000 332.970001
4002.375000 485.964874 0.000000 333.054993
4005.125000 486.193146 0.000000 333.165009
4010.250000 486.193146 0.000000 333.260010
4012.875000 486.393829 0.000000 333.375000
4015.250000 486.595734 0.000000 333.464996
4017.375000 486.799225 0.000000 333.549988
4019.125000 486.799225 0.000000 333.665009
4020.250000 487.003693 0.000000 333.750000
4021.875000 487.208679 0.000000 333.864990
4023.000000 487.414459 0.000000 333.964996
4024.375000 487.414459 0.000000 334.059998
4024.750000 487.619354 0.000000 334.170013
4024.875000 487.826782 0.000000 334.260010
4025.000000 488.035767 0.000000 334.364990
4025.125000 488.289642 0.000000 334.454987
4025.125000 488.497345 0.000000 334.565002
4025.125000 488.706207 0.000000 334.654999
4025.250000 488.915649 0.000000 334.769989
4025.250000 489.125366 0.000000 334.859985
4025.375000 489.335205 0.000000 334.964996
4025.375000 489.545105 0.000000 335.070007
4025.375000 489.545105 0.000000 335.165009
4025.500000 489.785065 0.000000 335.244995
4025.500000 490.015137 0.000000 335.359985
4025.625000 490.245117 0.000000 335.470001
4025.625000 490.475098 0.000000 335.554993
4026.250000 490.695160 0.000000 335.670013
4027.000000 490.895203 0.000000 335.774994
4027.125000 491.105225 0.000000 335.869995
4027.500000 491.305237 0.000000 335.959991
4027.500000 491.514374 0.000000 336.075012
4027.500000 491.717621 0.000000 336.165009
4027.750000 491.917786 0.000000 336.274994
4027.750000 491.917786 0.000000 336.359985
4027.875000 492.147156 0.000000 336.475006
4028.000000 492.352234 0.000000 336.559998
4028.625000 492.352234 0.000000 336.674988
4028.750000 492.562531 0.000000 336.755005
4028.750000 492.562531 0.000000 336.869995
4028.750000 492.763031 0.000000 336.959991
4029.000000 492.763031 0.000000 337.070007
4029.000000 492.969055 0.000000 337.174988
4029.125000 492.969055 0.000000 337.274994
4029.125000 493.176880 0.000000 337.359985
4029.875000 493.377930 0.000000 337.475006
4029.875000 493.377930 0.000000 337.570007
4029.875000 493.606293 0.000000 337.654999
4030.500000 493.835602 0.000000 337.765015
4030.625000 493.835602 0.000000 337.855011
4030.750000 494.042084 0.000000 337.970001
4031.250000 494.271057 0.000000 338.059998
4031.750000 494.471832 0.000000 338.174988
4032.375000 494.471832 0.000000 338.265015
4033.125000 494.681427 0.000000 338.369995
4033.625000 494.885284 0.000000 338.454987
4034.375000 494.885284 0.000000 338.570007
4035.500000 495.105774 0.000000 338.654999
4038.000000 495.333984 0.000000 338.760010
4041.250000 495.333984 0.000000 338.869995
4045.375000 495.561890 0.000000 338.959991
4050.750000 495.763763 0.000000 339.065002
4054.875000 495.969513 0.000000 339.154999
4058.000000 496.172485 0.000000 339.260010
4063.000000 496.373322 0.000000 339.364990
4066.000000 496.373322 0.000000 339.454987
4069.500000 496.579834 0.000000 339.565002
4071.250000 496.793579 0.000000 339.660004
4072.000000 496.997253 0.000000 339.769989
4074.000000 497.199310 0.000000 339.859985
4078.625000 497.199310 0.000000 339.959991
4082.000000 497.400238 0.000000 340.075012
4084.375000 497.609467 0.000000 340.154999
4086.625000 497.812256 0.000000 340.274994
4088.000000 497.812256 0.000000 340.365997
4088.500000 498.015656 0.000000 340.450012
4089.125000 498.221222 0.000000 340.554993
4089.875000 498.221222 0.000000 340.670013
4090.500000 498.429596 0.000000 340.765015
4090.750000 498.631775 0.000000 340.869995
4091.125000 498.631775 0.000000 340.954987
4091.250000 498.631775 0.000000 341.070007
4091.625000 498.835327 0.000000 341.170013
4091.875000 498.835327 0.000000 341.265015
4092.250000 499.039307 0.000000 341.350006
4099.125000 499.039307 0.000000 341.459991
4100.875000 499.239563 0.000000 341.575012
4102.000000 499.239563 0.000000 341.654999
4102.750000 499.439819 0.000000 341.769989
4102.875000 499.654053 0.000000 341.850006
4104.000000 499.854492 0.000000 341.970001
4104.250000 499.854492 0.000000 342.065002
4105.375000 500.061798 0.000000 342.154999
4107.750000 500.265472 0.000000 342.269989
4110.625000 500.265472 0.000000 342.359985
4112.000000 500.469513 0.000000 342.470001
4112.000000 500.673737 0.000000 342.579987
4112.875000 500.878571 0.000000 342.665009
4113.000000 500.878571 0.000000 342.750000
4113.000000 501.083160 0.000000 342.859985
4113.125000 501.302582 0.000000 342.950012
4113.125000 501.507263 0.000000 343.065002
4113.125000 501.507263 0.000000 343.160004
4113.875000 501.711914 0.000000 343.274994
4113.875000 501.912628 0.000000 343.359985
4114.125000 502.117920 0.000000 343.470001
4115.000000 502.340332 0.000000 343.554993
4115.250000 502.546936 0.000000 343.665009
4115.875000 502.755188 0.000000 343.755005
4117.000000 502.964172 0.000000 343.869995
4118.375000 503.173950 0.000000 343.959991
4121.500000 503.382050 0.000000 344.065002
4122.750000 503.382050 0.000000 344.149994
4123.875000 503.590057 0.000000 344.260010
4124.000000 503.798401 0.000000 344.369995
4124.875000 504.037201 0.000000 344.454987
4125.250000 504.286530 0.000000 344.570007
4125.500000 504.536133 0.000000 344.660004
4127.125000 504.745422 0.000000 344.769989
4128.750000 504.954559 0.000000 344.859985
4129.000000 505.162933 0.000000 344.959991
4132.500000 505.162933 0.000000 345.054993
4136.875000 505.380310 0.000000 345.165009
4137.375000 505.616699 0.000000 345.269989
4139.250000 505.834198 0.000000 345.359985
4140.875000 506.063263 0.000000 345.464996
4142.125000 506.312225 0.000000 345.554993
4144.500000 506.531311 0.000000 345.665009
4149.000000 506.740784 0.000000 345.769989
4152.750000 506.950134 0.000000 345.859985
4154.000000 507.158112 0.000000 345.970001
4156.125000 507.158112 0.000000 346.054993
4156.625000 507.573517 0.000000 346.170013
4157.125000 507.573517 0.000000 346.255005
4157.625000 507.782104 0.000000 346.369995
4158.875000 508.020996 0.000000 346.464996
4159.375000 508.230194 0.000000 346.549988
4160.375000 508.439331 0.000000 346.660004
4160.500000 508.667419 0.000000 346.774994
4161.375000 508.905975 0.000000 346.859985
4161.875000 509.115204 0.000000 346.970001
4162.875000 509.324738 0.000000 347.054993
4164.125000 509.534271 0.000000 347.170013
4167.000000 509.534271 0.000000 347.255005
4170.125000 509.961578 0.000000 347.369995
4170.875000 509.961578 0.000000 347.459991
4171.125000 510.166992 0.000000 347.565002
4171.250000 510.370026 0.000000 347.649994
4171.250000 510.588104 0.000000 347.760010
4171.500000 510.588104 0.000000 347.864990
4171.625000 510.819061 0.000000 347.959991
4171.750000 511.040161 0.000000 348.065002
4172.000000 511.040161 0.000000 348.154999
4172.125000 511.246277 0.000000 348.265015
4172.125000 511.476410 0.000000 348.359985
4172.250000 511.476410 0.000000 348.464996
4172.250000 511.693054 0.000000 348.575012
4172.375000 511.894928 0.000000 348.665009
4172.375000 512.100220 0.000000 348.769989
4172.375000 512.100220 0.000000 348.855011
4172.375000 512.304382 0.000000 348.970001
4172.375000 512.304382 0.000000 349.054993
4172.500000 512.304382 0.000000 349.165009
4172.500000 512.304382 0.000000 349.255005
4172.500000 512.505188 0.000000 349.369995
4172.500000 512.505188 0.000000 349.459991
4172.500000 512.505188 0.000000 349.565002
4172.500000 512.505188 0.000000 349.654999
4172.500000 512.505188 0.000000 349.765015
4172.500000 512.505188 0.000000 349.855011
4172.625000 512.505188 0.000000 349.970001
4172.625000 512.505188 0.000000 350.054993
4172.625000 512.505188 0.000000 350.170013
4172.625000 512.505188 0.000000 350.255005
4172.625000 512.505188 0.000000 350.364990
4172.625000 512.505188 0.000000 350.454987
4172.750000 512.505188 0.000000 350.565002
4172.750000 512.713867 0.000000 350.654999
4172.875000 512.713867 0.000000 350.769989
4172.875000 512.914368 0.000000 350.855011
4172.875000 513.124451 0.000000 350.964996
4173.000000 513.124451 0.000000 351.059998
4173.000000 513.330444 0.000000 351.174988
4173.250000 513.533508 0.000000 351.265015
4173.375000 513.533508 0.000000 351.350006
4173.375000 513.737122 0.000000 351.464996
4173.500000 513.941833 0.000000 351.570007
4174.500000 514.143921 0.000000 351.660004
4176.250000 514.143921 0.000000 351.769989
4179.500000 514.358398 0.000000 351.855011
4185.375000 514.561829 0.000000 351.970001
4191.625000 514.561829 0.000000 352.054993
4195.375000 514.763062 0.000000 352.165009
4199.375000 514.982666 0.000000 352.274994
4202.125000 515.183594 0.000000 352.364990
4205.000000 515.183594 0.000000 352.445007
4206.500000 515.386902 0.000000 352.559998
4207.500000 515.591309 0.000000 352.665009
4208.625000 515.591309 0.000000 352.755005
4210.125000 515.796265 0.000000 352.864990
4210.625000 515.999634 0.000000 352.970001
4212.375000 516.225037 0.000000 353.059998
4213.250000 516.225037 0.000000 353.165009
4214.500000 516.449768 0.000000 353.244995
4215.500000 516.652405 0.000000 353.359985
4215.875000 516.859314 0.000000 353.475006
4216.625000 516.859314 0.000000 353.559998
4217.375000 517.087158 0.000000 353.665009
4217.875000 517.292603 0.000000 353.755005
4218.750000 517.292603 0.000000 353.864990
4219.375000 517.497742 0.000000 353.954987
4220.000000 517.709778 0.000000 354.059998
4220.250000 517.709778 0.000000 354.170013
4220.375000 517.928711 0.000000 354.265015
4220.750000 518.140381 0.000000 354.355011
4221.250000 518.140381 0.000000 354.459991
4221.375000 518.360779 0.000000 354.549988
4222.000000 518.561157 0.000000 354.665009
4222.500000 518.561157 0.000000 354.750000
4223.375000 518.762573 0.000000 354.859985
4223.875000 518.964661 0.000000 354.975006
4224.000000 519.197327 0.000000 355.065002
4224.375000 519.197327 0.000000 355.170013
4224.625000 519.416382 0.000000 355.255005
4225.000000 519.644775 0.000000 355.359985
4225.500000 519.851440 0.000000 355.464996
4226.125000 519.851440 0.000000 355.549988
4226.250000 520.060059 0.000000 355.660004
4226.875000 520.269470 0.000000 355.755005
4227.500000 520.512878 0.000000 355.864990
4228.250000 520.749695 0.000000 355.954987
4228.750000 520.958313 0.000000 356.070007
4228.750000 521.167542 0.000000 356.154999
4229.625000 521.377075 0.000000 356.269989
4230.125000 521.377075 0.000000 356.350006
4230.625000 521.806519 0.000000 356.464996
4231.375000 522.016296 0.000000 356.570007
4231.875000 522.016296 0.000000 356.665009
4232.375000 522.255859 0.000000 356.755005
4233.375000 522.485413 0.000000 356.864990
4234.000000 522.695068 0.000000 356.964996
4234.750000 522.944763 0.000000 357.054993
4235.500000 523.164490 0.000000 357.170013
4236.125000 523.374390 0.000000 357.255005
4237.250000 523.584290 0.000000 357.369995
4238.750000 523.584290 0.000000 357.454987
4240.625000 524.001526 0.000000 357.570007
4242.625000 524.001526 0.000000 357.654999
4243.875000 524.225525 0.000000 357.765015
4245.500000 524.434998 0.000000 357.850006
4246.375000 524.637695 0.000000 357.964996
4248.125000 524.637695 0.000000 358.049988
4248.875000 524.845215 0.000000 358.154999
4249.750000 525.051575 0.000000 358.269989
4251.750000 525.051575 0.000000 358.355011
4253.375000 525.256348 0.000000 358.475006
4255.125000 525.460632 0.000000 358.570007
4257.500000 525.664673 0.000000 358.675995
4260.250000 525.664673 0.000000 358.760010
4262.625000 525.876465 0.000000 358.864990
4264.125000 526.081360 0.000000 358.954987
4265.625000 526.286621 0.000000 359.065002
4267.000000 526.286621 0.000000 359.144989
4268.250000 526.492126 0.000000 359.260010
4269.125000 526.698486 0.000000 359.375000
4269.750000 526.904724 0.000000 359.459991
4270.500000 527.113159 0.000000 359.570007
4272.000000 527.313293 0.000000 359.665009
4273.625000 527.313293 0.000000 359.750000
4276.500000 527.518494 0.000000 359.864990
4278.500000 527.756165 0.000000 359.954987
4282.625000 527.995422 0.000000 360.070007
4285.500000 528.205322 0.000000 360.165009
4288.250000 528.442322 0.000000 360.250000
4292.000000 528.658142 0.000000 360.369995
4295.625000 528.658142 0.000000 360.459991
4300.125000 528.864380 0.000000 360.570007
4305.750000 529.069519 0.000000 360.665009
4310.000000 529.269836 0.000000 360.760010
4314.000000 529.269836 0.000000 360.869995
4316.000000 529.472961 0.000000 360.954987
4318.250000 529.472961 0.000000 361.070007
4319.750000 529.472961 0.000000 361.165009
4323.375000 529.688232 0.000000 361.250000
4324.125000 529.688232 0.000000 361.359985
4326.375000 529.688232 0.000000 361.459991
4329.375000 529.688232 0.000000 361.554993
4332.375000 529.895386 0.000000 361.665009
4333.750000 529.895386 0.000000 361.760010
4336.125000 529.895386 0.000000 361.864990
4337.125000 529.895386 0.000000 361.970001
4338.750000 529.895386 0.000000 362.059998
4339.875000 529.895386 0.000000 362.170013
4340.375000 529.895386 0.000000 362.276001
4341.625000 529.895386 0.000000 362.364990
4343.250000 530.095459 0.000000 362.450012
4344.250000 530.095459 0.000000 362.565002
4345.000000 530.095459 0.000000 362.654999
4345.625000 530.095459 0.000000 362.765015
4346.500000 530.095459 0.000000 362.869995
4347.125000 530.095459 0.000000 362.959991
4347.750000 530.095459 0.000000 363.065002
4348.750000 530.095459 0.000000 363.149994
4349.000000 530.095459 0.000000 363.265015
4350.250000 530.095459 0.000000 363.355011
4352.000000 530.095459 0.000000 363.464996
4352.250000 530.095459 0.000000 363.549988
4352.500000 530.095459 0.000000 363.660004
4353.000000 530.095459 0.000000 363.765015
4353.625000 530.095459 0.000000 363.855011
4354.125000 530.095459 0.000000 363.964996
4354.750000 530.095459 0.000000 364.049988
4355.000000 530.095459 0.000000 364.160004
4355.000000 530.095459 0.000000 364.255005
4355.500000 530.095459 0.000000 364.369995
4355.750000 530.095459 0.000000 364.454987
4356.250000 530.095459 0.000000 364.570007
4356.875000 530.095459 0.000000 364.654999
4357.750000 530.095459 0.000000 364.769989
4358.750000 530.095459 0.000000 364.855011
4359.875000 530.300964 0.000000 364.964996
4364.000000 530.506897 0.000000 365.075012
4368.625000 530.506897 0.000000 365.165009
4372.500000 530.742554 0.000000 365.255005
4375.875000 530.969727 0.000000 365.364990
4377.500000 531.175049 0.000000 365.459991
4380.375000 531.413269 0.000000 365.554993
4383.500000 531.632996 0.000000 365.665009
4386.750000 531.833008 0.000000 365.744995
4388.875000 532.033081 0.000000 365.859985
4391.000000 532.242859 0.000000 365.970001
4392.750000 532.452759 0.000000 366.070007
4394.375000 532.653076 0.000000 366.170013
4395.625000 532.653076 0.000000 366.250000
4396.750000 533.053650 0.000000 366.359985
4397.625000 533.053650 0.000000 366.450012
4399.000000 533.459778 0.000000 366.570007
4399.875000 533.459778 0.000000 366.654999
4401.000000 533.663635 0.000000 366.760010
4401.625000 533.864014 0.000000 366.864990
4401.750000 533.864014 0.000000 366.964996
4402.625000 533.864014 0.000000 367.054993
4403.125000 534.067139 0.000000 367.160004
4403.750000 534.067139 0.000000 367.250000
4404.000000 534.067139 0.000000 367.355011
4404.375000 534.067139 0.000000 367.470001
4404.750000 534.067139 0.000000 367.559998
4405.000000 534.067139 0.000000 367.665009
4405.000000 534.067139 0.000000 367.750000
4405.500000 534.067139 0.000000 367.864990
4405.750000 534.267578 0.000000 367.959991
4406.250000 534.267578 0.000000 368.065002
4406.375000 534.267578 0.000000 368.154999
4407.250000 534.267578 0.000000 368.265015
4407.625000 534.467773 0.000000 368.355011
4408.000000 534.668396 0.000000 368.464996
4408.125000 534.668396 0.000000 368.554993
4408.375000 534.887573 0.000000 368.665009
4408.875000 535.092041 0.000000 368.760010
4409.375000 535.092041 0.000000 368.864990
4409.875000 535.306763 0.000000 368.954987
4410.250000 535.536316 0.000000 369.065002
4410.625000 535.536316 0.000000 369.154999
4411.000000 535.737427 0.000000 369.265015
4411.500000 535.963623 0.000000 369.350006
4411.625000 536.168274 0.000000 369.464996
4412.125000 536.168274 0.000000 369.549988
4412.625000 536.372681 0.000000 369.660004
4413.000000 536.576538 0.000000 369.739990
4413.500000 536.576538 0.000000 369.864990
4413.500000 536.802429 0.000000 369.954987
4414.250000 537.007141 0.000000 370.059998
4415.750000 537.217834 0.000000 370.154999
4417.875000 537.424011 0.000000 370.269989
4419.875000 537.627319 0.000000 370.359985
4424.000000 537.832214 0.000000 370.464996
4429.625000 537.832214 0.000000 370.549988
4432.750000 538.034607 0.000000 370.665009
4437.000000 538.235901 0.000000 370.750000
4440.375000 538.235901 0.000000 370.859985
4443.125000 538.451233 0.000000 370.964996
4445.625000 538.451233 0.000000 371.070007
4448.000000 538.451233 0.000000 371.154999
4450.750000 538.451233 0.000000 371.269989
4452.125000 538.657166 0.000000 371.380005
4453.000000 538.657166 0.000000 371.459991
4453.875000 538.657166 0.000000 371.570007
4454.500000 538.657166 0.000000 371.654999
4455.875000 538.657166 0.000000 371.765015
4456.500000 538.657166 0.000000 371.850006
4456.750000 538.657166 0.000000 371.964996
4456.750000 538.657166 0.000000 372.049988
4457.125000 538.657166 0.000000 372.165009
4457.750000 538.657166 0.000000 372.260010
4458.625000 538.657166 0.000000 372.369995
4459.250000 538.657166 0.000000 372.454987
4460.375000 538.860474 0.000000 372.565002
4461.875000 539.068359 0.000000 372.654999
4463.125000 539.068359 0.000000 372.765015
4464.750000 539.280090 0.000000 372.875000
4467.750000 539.502319 0.000000 372.954987
4469.875000 539.709229 0.000000 373.070007
4472.000000 539.709229 0.000000 373.154999
4472.875000 539.931091 0.000000 373.265015
4473.125000 540.172729 0.000000 373.350006
4473.250000 540.385071 0.000000 373.459991
4473.625000 540.590576 0.000000 373.559998
4475.125000 540.796997 0.000000 373.654999
4480.250000 541.004761 0.000000 373.760010
4483.625000 541.213867 0.000000 373.864990
4485.625000 541.213867 0.000000 373.954987
4487.125000 541.423584 0.000000 374.070007
4487.625000 541.663086 0.000000 374.160004
4488.250000 541.892761 0.000000 374.265015
4488.625000 542.112915 0.000000 374.364990
4489.000000 542.353333 0.000000 374.454987
4489.625000 542.583862 0.000000 374.570007
4489.875000 542.784485 0.000000 374.654999
4490.500000 542.985229 0.000000 374.769989
4490.625000 543.186157 0.000000 374.859985
4490.625000 543.387146 0.000000 374.975006
4491.000000 543.588135 0.000000 375.059998
4491.000000 543.795898 0.000000 375.174988
4491.250000 543.997986 0.000000 375.269989
4491.375000 543.997986 0.000000 375.364990
4491.875000 544.208252 0.000000 375.450012
4492.000000 544.208252 0.000000 375.565002
4492.375000 544.208252 0.000000 375.670013
4492.875000 544.418030 0.000000 375.779999
4492.875000 544.418030 0.000000 375.869995
4493.125000 544.418030 0.000000 375.964996
4493.125000 544.418030 0.000000 376.070007
4493.125000 544.418030 0.000000 376.160004
4493.625000 544.418030 0.000000 376.265015
4493.625000 544.618286 0.000000 376.369995
4493.625000 544.618286 0.000000 376.459991
4493.875000 544.618286 0.000000 376.570007
4493.875000 544.618286 0.000000 376.654999
4493.875000 544.618286 0.000000 376.774994
4494.000000 544.618286 0.000000 376.864990
4494.375000 544.618286 0.000000 376.964996
4494.375000 544.618286 0.000000 377.059998
4494.375000 544.618286 0.000000 377.165985
4494.500000 544.618286 0.000000 377.274994
4494.625000 544.618286 0.000000 377.359985
4494.625000 544.618286 0.000000 377.470001
4494.625000 544.618286 0.000000 377.570007
4495.000000 544.618286 0.000000 377.665009
4495.250000 544.618286 0.000000 377.750000
4495.250000 544.618286 0.000000 377.869995
4495.250000 544.618286 0.000000 377.970001
4495.500000 544.618286 0.000000 378.054993
4495.500000 544.618286 0.000000 378.165009
4495.500000 544.618286 0.000000 378.250000
4495.625000 544.822327 0.000000 378.364990
4495.625000 544.822327 0.000000 378.454987
4495.750000 545.047180 0.000000 378.565002
4495.750000 545.249573 0.000000 378.654999
4495.750000 545.249573 0.000000 378.769989
4495.750000 545.457275 0.000000 378.855011
4495.875000 545.660339 0.000000 378.964996
4496.000000 545.660339 0.000000 379.049988
4496.125000 545.865295 0.000000 379.160004
4496.375000 546.068359 0.000000 379.269989
4496.375000 546.276367 0.000000 379.359985
4496.375000 546.481567 0.000000 379.464996
4496.625000 546.694397 0.000000 379.549988
4497.250000 546.920044 0.000000 379.665009
4497.500000 547.127075 0.000000 379.755005
4497.500000 547.335266 0.000000 379.869995
4497.500000 547.335266 0.000000 379.954987
4497.500000 547.754028 0.000000 380.075012
4497.750000 547.754028 0.000000 380.154999
4497.875000 547.963379 0.000000 380.265015
4498.250000 548.192749 0.000000 380.350006
4498.250000 548.422607 0.000000 380.459991
4498.250000 548.622742 0.000000 380.565002
4498.500000 548.822998 0.000000 380.660004
4498.750000 549.043396 0.000000 380.760010
4498.750000 549.294006 0.000000 380.855011
4498.875000 549.514587 0.000000 380.970001
4498.875000 549.715149 0.000000 381.065002
4499.125000 549.915771 0.000000 381.160004
4499.250000 550.116516 0.000000 381.250000
4499.250000 550.317261 0.000000 381.369995
4500.625000 550.517883 0.000000 381.464996
4501.750000 550.717957 0.000000 381.554993
4501.875000 550.927246 0.000000 381.665009
4502.375000 551.135864 0.000000 381.774994
4502.375000 551.343933 0.000000 381.859985
4502.750000 551.343933 0.000000 381.959991
4503.375000 551.552551 0.000000 382.059998
4503.375000 551.962585 0.000000 382.170013
4505.375000 551.962585 0.000000 382.265015
4506.500000 552.163391 0.000000 382.355011
4507.375000 552.364441 0.000000 382.464996
4508.000000 552.595825 0.000000 382.554993
4508.500000 552.796997 0.000000 382.665009
4509.125000 553.017395 0.000000 382.760010
4509.375000 553.256592 0.000000 382.864990
4509.875000 553.485229 0.000000 382.959991
4512.500000 553.714111 0.000000 383.065002
4513.625000 553.923889 0.000000 383.149994
4515.125000 554.124084 0.000000 383.260010
4515.625000 554.324524 0.000000 383.369995
4519.125000 554.525146 0.000000 383.464996
4521.500000 554.725830 0.000000 383.570007
4523.250000 554.926514 0.000000 383.654999
4525.000000 555.127197 0.000000 383.769989
4528.500000 555.327881 0.000000 383.855011
4529.875000 555.528625 0.000000 383.964996
4532.875000 555.729370 0.000000 384.049988
4534.625000 555.930054 0.000000 384.165009
4536.375000 556.132141 0.000000 384.255005
4537.000000 556.132141 0.000000 384.364990
4537.250000 556.340942 0.000000 384.454987
4538.625000 556.544861 0.000000 384.565002
4540.500000 556.544861 0.000000 384.649994
4540.875000 556.544861 0.000000 384.760010
4542.500000 556.544861 0.000000 384.859985
4542.750000 556.745422 0.000000 384.970001
4543.250000 556.745422 0.000000 385.054993
4543.375000 556.745422 0.000000 385.160004
4543.625000 556.745422 0.000000 385.269989
4544.250000 556.745422 0.000000 385.359985
4544.250000 556.745422 0.000000 385.464996
4544.375000 556.745422 0.000000 385.554993
4544.500000 556.745422 0.000000 385.660004
4544.500000 556.745422 0.000000 385.774994
4544.625000 556.745422 0.000000 385.859985
4544.750000 556.745422 0.000000 385.959991
4544.875000 556.745422 0.000000 386.054993
4545.125000 556.745422 0.000000 386.165009
4545.125000 556.745422 0.000000 386.250000
4545.500000 556.946472 0.000000 386.364990
4546.000000 557.166748 0.000000 386.470001
4546.500000 557.166748 0.000000 386.570007
4546.625000 557.401001 0.000000 386.665985
4547.375000 557.606995 0.000000 386.755005
4547.750000 557.807800 0.000000 386.869995
4548.000000 557.807800 0.000000 386.954987
4548.875000 558.017700 0.000000 387.065002
4549.375000 558.221436 0.000000 387.154999
4550.125000 558.221436 0.000000 387.265015
4550.375000 558.433350 0.000000 387.350006
4550.875000 558.639099 0.000000 387.464996
4551.500000 558.843567 0.000000 387.570007
4551.625000 558.843567 0.000000 387.654999
4552.000000 559.052551 0.000000 387.765015
4552.500000 559.267151 0.000000 387.869995
4553.250000 559.479797 0.000000 387.954987
4553.750000 559.715881 0.000000 388.065002
4554.250000 559.943970 0.000000 388.149994
4555.000000 560.162964 0.000000 388.260010
4556.375000 560.372437 0.000000 388.359985
4557.875000 560.582153 0.000000 388.470001
4559.625000 560.791992 0.000000 388.565002
4562.625000 561.001831 0.000000 388.665009
4564.500000 561.206726 0.000000 388.769989
4568.000000 561.206726 0.000000 388.855011
4570.625000 561.411133 0.000000 388.964996
4572.875000 561.612549 0.000000 389.065002
4575.625000 561.816711 0.000000 389.154999
4576.500000 561.816711 0.000000 389.265015
4580.125000 562.039978 0.000000 389.355011
4582.625000 562.241699 0.000000 389.464996
4584.375000 562.444641 0.000000 389.570007
4586.250000 562.444641 0.000000 389.654999
4587.750000 562.656067 0.000000 389.760010
4589.250000 562.860413 0.000000 389.869995
4589.875000 562.860413 0.000000 389.954987
4591.000000 563.064880 0.000000 390.059998
4591.625000 563.287415 0.000000 390.170013
4592.500000 563.507629 0.000000 390.265015
4593.375000 563.709412 0.000000 390.364990
4594.000000 563.910278 0.000000 390.459991
4594.750000 564.115906 0.000000 390.570007
4595.000000 564.115906 0.000000 390.665009
4595.125000 564.343872 0.000000 390.769989
4595.750000 564.573181 0.000000 390.859985
4597.875000 564.803040 0.000000 390.970001
4599.375000 565.003235 0.000000 391.049988
4600.625000 565.203613 0.000000 391.165009
4602.500000 565.404053 0.000000 391.260010
4604.875000 565.604492 0.000000 391.369995
4606.500000 565.804993 0.000000 391.454987
4607.500000 566.005493 0.000000 391.570007
4608.125000 566.205566 0.000000 391.654999
4608.500000 566.414795 0.000000 391.765015
4609.875000 566.652710 0.000000 391.855011
4610.500000 566.870239 0.000000 391.964996
4611.375000 567.078552 0.000000 392.059998
4612.000000 567.287537 0.000000 392.160004
4612.625000 567.287537 0.000000 392.250000
4612.875000 567.706543 0.000000 392.364990
4613.000000 567.706543 0.000000 392.450012
4613.875000 567.916382 0.000000 392.565002
4614.500000 568.154663 0.000000 392.654999
4614.875000 568.374084 0.000000 392.765015
4615.250000 568.593994 0.000000 392.850006
4615.625000 568.797974 0.000000 392.959991
4615.625000 568.797974 0.000000 393.065002
4616.750000 569.001648 0.000000 393.165009
4617.500000 569.001648 0.000000 393.255005
4617.625000 569.224792 0.000000 393.369995
4617.625000 569.224792 0.000000 393.459991
4617.875000 569.426331 0.000000 393.570007
4618.375000 569.426331 0.000000 393.660004
4618.375000 569.426331 0.000000 393.765015
4618.375000 569.426331 0.000000 393.850006
4618.875000 569.627930 0.000000 393.959991
4619.500000 569.627930 0.000000 394.075012
4620.750000 569.627930 0.000000 394.154999
4622.250000 569.829651 0.000000 394.265015
4622.625000 569.829651 0.000000 394.355011
4625.125000 570.030945 0.000000 394.464996
4625.750000 570.030945 0.000000 394.554993
4626.500000 570.232483 0.000000 394.665009
4626.625000 570.438599 0.000000 394.765015
4627.000000 570.641113 0.000000 394.855011
4627.500000 570.641113 0.000000 394.959991
4628.000000 570.853760 0.000000 395.054993
4628.625000 571.075378 0.000000 395.160004
4631.625000 571.075378 0.000000 395.270996
4632.250000 571.275940 0.000000 395.364990
4633.125000 571.507263 0.000000 395.450012
4633.625000 571.507263 0.000000 395.559998
4635.375000 571.725525 0.000000 395.670013
4635.875000 571.929749 0.000000 395.760010
4637.125000 572.134644 0.000000 395.864990
4637.625000 572.335571 0.000000 395.970001
4639.125000 572.335571 0.000000 396.059998
4639.750000 572.744629 0.000000 396.170013
4640.500000 572.744629 0.000000 396.255005
4642.000000 572.951538 0.000000 396.369995
4644.750000 573.180054 0.000000 396.459991
4646.000000 573.408325 0.000000 396.565002
4646.625000 573.616516 0.000000 396.654999
4646.875000 573.824585 0.000000 396.765015
4647.250000 574.052246 0.000000 396.850006
4647.625000 574.260193 0.000000 396.954987
4647.625000 574.468689 0.000000 397.070007
4648.125000 574.672546 0.000000 397.154999
4648.500000 574.874451 0.000000 397.265015
4648.625000 574.874451 0.000000 397.355011
4649.750000 575.076111 0.000000 397.464996
4649.750000 575.310669 0.000000 397.554993
4650.250000 575.310669 0.000000 397.665009
4650.625000 575.511658 0.000000 397.755005
4650.750000 575.511658 0.000000 397.869995
4651.125000 575.713684 0.000000 397.950012
4651.125000 575.713684 0.000000 398.059998
4651.250000 575.713684 0.000000 398.170013
4651.625000 575.914917 0.000000 398.260010
4651.750000 575.914917 0.000000 398.369995
4651.875000 575.914917 0.000000 398.454987
4651.875000 575.914917 0.000000 398.570007
4651.875000 576.116821 0.000000 398.654999
4651.875000 576.116821 0.000000 398.765015
4652.000000 576.116821 0.000000 398.855011
4652.125000 576.116821 0.000000 398.964996
4652.500000 576.116821 0.000000 399.049988
4652.750000 576.333130 0.000000 399.165009
4652.875000 576.333130 0.000000 399.250000
4652.875000 576.533325 0.000000 399.355011
4653.250000 576.755859 0.000000 399.464996
4653.750000 576.963440 0.000000 399.549988
4654.625000 577.181580 0.000000 399.665009
4655.500000 577.385193 0.000000 399.769989
4656.250000 577.591736 0.000000 399.864990
4657.125000 577.591736 0.000000 399.954987
4657.375000 577.809875 0.000000 400.065002
4657.625000 578.048889 0.000000 400.170013
4657.875000 578.268372 0.000000 400.260010
4657.875000 578.518066 0.000000 400.364990
4658.000000 578.747986 0.000000 400.454987
4658.125000 578.957947 0.000000 400.565002
4658.250000 579.167847 0.000000 400.649994
4658.750000 579.377747 0.000000 400.765015
4658.875000 579.587708 0.000000 400.855011
4659.875000 579.797729 0.000000 400.970001
4660.500000 579.797729 0.000000 401.054993
4660.625000 580.007751 0.000000 401.160004
4661.375000 580.249451 0.000000 401.255005
4663.125000 580.450134 0.000000 401.364990
4664.125000 580.657532 0.000000 401.464996
4669.375000 580.861389 0.000000 401.570007
4673.375000 580.861389 0.000000 401.654999
4676.875000 581.067993 0.000000 401.765015
4680.375000 581.273376 0.000000 401.850006
4683.125000 581.273376 0.000000 401.959991
4687.000000 581.480286 0.000000 402.049988
4688.125000 581.696716 0.000000 402.154999
4690.625000 581.696716 0.000000 402.265015
4692.750000 581.921814 0.000000 402.369995
4696.250000 582.147522 0.000000 402.454987
4700.375000 582.147522 0.000000 402.565002
4702.875000 582.373535 0.000000 402.670013
4704.375000 582.577576 0.000000 402.765015
4706.000000 582.577576 0.000000 402.850006
4707.375000 582.784790 0.000000 402.964996
4708.875000 583.005371 0.000000 403.045013
4709.500000 583.226624 0.000000 403.165009
4710.625000 583.459106 0.000000 403.255005
4711.375000 583.459106 0.000000 403.364990
4711.500000 583.671936 0.000000 403.470001
4711.875000 583.671936 0.000000 403.554993
4712.000000 583.872681 0.000000 403.660004
4712.125000 583.872681 0.000000 403.744995
4712.625000 583.872681 0.000000 403.859985
4712.875000 583.872681 0.000000 403.970001
4712.875000 584.072815 0.000000 404.054993
4712.875000 584.072815 0.000000 404.165009
4713.000000 584.072815 0.000000 404.244995
4713.250000 584.072815 0.000000 404.355011
4713.250000 584.072815 0.000000 404.464996
4713.250000 584.072815 0.000000 404.549988
4713.625000 584.072815 0.000000 404.665009
4714.000000 584.072815 0.000000 404.750000
4714.125000 584.072815 0.000000 404.869995
4714.375000 584.072815 0.000000 404.954987
4714.750000 584.287170 0.000000 405.065002
4715.000000 584.287170 0.000000 405.154999
4715.000000 584.491516 0.000000 405.260010
4715.125000 584.712524 0.000000 405.369995
4715.375000 584.712524 0.000000 405.454987
4715.375000 584.925964 0.000000 405.570007
4715.500000 585.126709 0.000000 405.654999
4715.500000 585.342773 0.000000 405.765015
4715.625000 585.342773 0.000000 405.869995
4715.625000 585.544067 0.000000 405.964996
4715.875000 585.777222 0.000000 406.054993
4715.875000 585.777222 0.000000 406.160004
4716.000000 585.981445 0.000000 406.265015
4716.125000 586.186768 0.000000 406.364990
4716.125000 586.398621 0.000000 406.454987
4716.125000 586.604614 0.000000 406.559998
4716.375000 586.604614 0.000000 406.654999
4716.375000 586.811462 0.000000 406.760010
4716.625000 587.013245 0.000000 406.864990
4717.000000 587.256714 0.000000 406.954987
4717.625000 587.473572 0.000000 407.065002
4718.500000 587.681885 0.000000 407.154999
4719.625000 587.890869 0.000000 407.265015
4721.750000 588.097351 0.000000 407.359985
4724.250000 588.304810 0.000000 407.470001
4725.875000 588.510315 0.000000 407.554993
4728.750000 588.510315 0.000000 407.665009
4731.250000 588.720642 0.000000 407.760010
4732.875000 588.926392 0.000000 407.864990
4735.625000 588.926392 0.000000 407.950012
4738.625000 589.130920 0.000000 408.059998
4739.625000 589.358093 0.000000 408.165009
4741.875000 589.562744 0.000000 408.269989
4743.000000 589.562744 0.000000 408.359985
4745.250000 589.767395 0.000000 408.470001
4746.125000 589.970703 0.000000 408.554993
4747.875000 590.205627 0.000000 408.670013
4749.625000 590.410645 0.000000 408.765991
4750.625000 590.410645 0.000000 408.850006
4752.250000 590.816650 0.000000 408.970001
4753.125000 590.816650 0.000000 409.054993
4755.000000 591.022339 0.000000 409.165009
4756.625000 591.259460 0.000000 409.255005
4757.375000 591.488342 0.000000 409.369995
4757.875000 591.698059 0.000000 409.454987
4758.625000 591.898071 0.000000 409.570007
4759.000000 592.098267 0.000000 409.660004
4760.250000 592.298523 0.000000 409.769989
4762.500000 592.498840 0.000000 409.864990
4763.375000 592.699097 0.000000 409.959991
4764.875000 592.909058 0.000000 410.059998
4765.500000 593.119019 0.000000 410.170013
4766.125000 593.349121 0.000000 410.255005
4767.000000 593.569336 0.000000 410.364990
4768.000000 593.769592 0.000000 410.454987
4768.875000 593.969849 0.000000 410.570007
4769.875000 594.170105 0.000000 410.654999
4770.375000 594.370300 0.000000 410.765015
4771.500000 594.570496 0.000000 410.869995
4771.875000 594.770752 0.000000 410.954987
4772.125000 594.971008 0.000000 411.059998
4773.000000 595.171082 0.000000 411.149994
4773.000000 595.381042 0.000000 411.265015
4775.000000 595.591003 0.000000 411.364990
4777.000000 595.791016 0.000000 411.459991
4777.875000 595.791016 0.000000 411.545013
4779.000000 596.191223 0.000000 411.665009
4779.250000 596.191223 0.000000 411.750000
4782.000000 596.401184 0.000000 411.859985
4783.500000 596.610779 0.000000 411.964996
4784.375000 596.820251 0.000000 412.054993
4784.750000 597.029907 0.000000 412.170013
4785.125000 597.259705 0.000000 412.255005
4785.375000 597.489563 0.000000 412.364990
4788.375000 597.699463 0.000000 412.454987
4789.125000 597.909363 0.000000 412.565002
4791.625000 598.149292 0.000000 412.654999
4793.250000 598.359253 0.000000 412.769989
4793.500000 598.569214 0.000000 412.855011
4795.250000 598.779175 0.000000 412.959991
4795.625000 598.989136 0.000000 413.065002
4797.375000 598.989136 0.000000 413.149994
4800.375000 599.409058 0.000000 413.265015
4801.625000 599.409058 0.000000 413.350006
4803.500000 599.619019 0.000000 413.464996
4804.000000 599.848999 0.000000 413.554993
4804.750000 600.087158 0.000000 413.665009
4805.125000 600.287598 0.000000 413.769989
4805.375000 600.516907 0.000000 413.864990
4806.250000 600.516907 0.000000 413.954987
4807.750000 600.720581 0.000000 414.065002
4808.125000 600.934753 0.000000 414.149994
4809.500000 600.934753 0.000000 414.265015
4809.625000 601.154968 0.000000 414.355011
4810.750000 601.154968 0.000000 414.464996
4810.875000 601.154968 0.000000 414.570007
4811.500000 601.362366 0.000000 414.660004
4812.250000 601.362366 0.000000 414.765015
4812.375000 601.362366 0.000000 414.850006
4812.500000 601.567871 0.000000 414.964996
4813.125000 601.567871 0.000000 415.049988
4813.250000 601.567871 0.000000 415.154999
4814.375000 601.771545 0.000000 415.260010
4814.375000 601.975342 0.000000 415.369995
4814.500000 601.975342 0.000000 415.464996
4814.625000 602.180542 0.000000 415.554993
4814.625000 602.399719 0.000000 415.670013
4814.625000 602.399719 0.000000 415.755005
4816.000000 602.606628 0.000000 415.864990
4816.125000 602.827759 0.000000 415.970001
4817.500000 602.827759 0.000000 416.065002
4817.625000 603.055176 0.000000 416.154999
4817.875000 603.260132 0.000000 416.269989
4817.875000 603.260132 0.000000 416.355011
4818.000000 603.465027 0.000000 416.464996
4818.250000 603.670044 0.000000 416.554993
4818.625000 603.875000 0.000000 416.660004
4818.750000 603.875000 0.000000 416.769989
4820.250000 604.094299 0.000000 416.859985
4820.875000 604.312927 0.000000 416.964996
4821.125000 604.312927 0.000000 417.059998
4821.625000 604.518066 0.000000 417.165009
4821.750000 604.747803 0.000000 417.260010
4822.000000 604.747803 0.000000 417.364990
4822.250000 604.964600 0.000000 417.450012
4822.500000 605.168213 0.000000 417.565002
4822.625000 605.372864 0.000000 417.660004
4822.625000 605.372864 0.000000 417.744995
4822.750000 605.593140 0.000000 417.869995
4823.000000 605.798523 0.000000 417.954987
4823.000000 605.998901 0.000000 418.065002
4823.250000 605.998901 0.000000 418.144989
4823.500000 606.202698 0.000000 418.265015
4823.500000 606.409363 0.000000 418.355011
4824.250000 606.640930 0.000000 418.470001
4824.500000 606.845947 0.000000 418.554993
4824.500000 607.051880 0.000000 418.670013
4824.750000 607.278870 0.000000 418.769989
4824.875000 607.497253 0.000000 418.869995
4825.125000 607.706055 0.000000 418.975006
4825.250000 607.914551 0.000000 419.065002
4825.500000 608.122437 0.000000 419.165009
4826.625000 608.122437 0.000000 419.250000
4826.875000 608.537781 0.000000 419.369995
4826.875000 608.537781 0.000000 419.454987
4827.125000 608.745483 0.000000 419.565002
4827.250000 608.981506 0.000000 419.660004
4827.875000 609.209045 0.000000 419.769989
4829.750000 609.415161 0.000000 419.859985
4830.750000 609.415161 0.000000 419.964996
4833.000000 609.640869 0.000000 420.054993
4836.125000 609.845886 0.000000 420.165009
4840.000000 610.047791 0.000000 420.260010
4841.625000 610.047791 0.000000 420.369995
4843.625000 610.248108 0.000000 420.454987
4844.750000 610.248108 0.000000 420.565002
4846.250000 610.248108 0.000000 420.654999
4847.125000 610.248108 0.000000 420.765015
4847.250000 610.452332 0.000000 420.869995
4847.500000 610.452332 0.000000 420.954987
4847.625000 610.452332 0.000000 421.070007
4847.875000 610.452332 0.000000 421.160004
4848.125000 610.452332 0.000000 421.265015
4848.250000 610.452332 0.000000 421.355011
4848.500000 610.452332 0.000000 421.464996
4848.625000 610.452332 0.000000 421.549988
4848.750000 610.452332 0.000000 421.654999
4848.750000 610.452332 0.000000 421.774994
4849.625000 610.452332 0.000000 421.859985
4850.875000 610.452332 0.000000 421.964996
4852.750000 610.653931 0.000000 422.075012
4853.250000 610.653931 0.000000 422.154999
4854.125000 610.855347 0.000000 422.265015
4855.125000 611.063843 0.000000 422.355011
4855.875000 611.266724 0.000000 422.459991
4856.250000 611.468994 0.000000 422.570007
4856.625000 611.675415 0.000000 422.670013
4857.625000 611.675415 0.000000 422.760010
4860.625000 611.883972 0.000000 422.864990
4862.500000 612.103577 0.000000 422.970001
4863.250000 612.323853 0.000000 423.054993
4863.625000 612.544373 0.000000 423.165009
4864.125000 612.744995 0.000000 423.269989
4864.750000 612.945679 0.000000 423.355011
4865.250000 613.146423 0.000000 423.470001
4865.625000 613.347168 0.000000 423.554993
4866.250000 613.547913 0.000000 423.665009
4866.875000 613.768677 0.000000 423.765015
4867.500000 614.009521 0.000000 423.855011
4868.875000 614.220032 0.000000 423.959991
4871.000000 614.429871 0.000000 424.065002
4873.000000 614.639038 0.000000 424.149994
4875.250000 614.848022 0.000000 424.260010
4878.000000 615.057129 0.000000 424.369995
4881.125000 615.265808 0.000000 424.464996
4883.500000 615.265808 0.000000 424.549988
4884.875000 615.474121 0.000000 424.665009
4886.125000 615.701965 0.000000 424.765015
4887.625000 615.919678 0.000000 424.855011
4889.375000 616.147095 0.000000 424.964996
4891.000000 616.395203 0.000000 425.054993
4893.250000 616.614624 0.000000 425.165009
4894.125000 616.814636 0.000000 425.269989
4895.000000 617.014771 0.000000 425.359985
4895.250000 617.214905 0.000000 425.470001
4896.875000 617.415039 0.000000 425.554993
4898.250000 617.624878 0.000000 425.670013
4898.750000 617.834656 0.000000 425.769989
4900.000000 618.044373 0.000000 425.869995
4900.625000 618.044373 0.000000 425.950012
4901.875000 618.454285 0.000000 426.065002
4902.375000 618.454285 0.000000 426.154999
4903.875000 618.854553 0.000000 426.265015
4904.625000 619.054688 0.000000 426.375000
4906.125000 619.254822 0.000000 426.475006
4906.500000 619.454956 0.000000 426.565002
4907.125000 619.454956 0.000000 426.660004
4907.375000 619.694763 0.000000 426.769989
4907.875000 619.914185 0.000000 426.859985
4908.125000 620.143738 0.000000 426.975006
4908.625000 620.353516 0.000000 427.065002
4910.000000 620.583313 0.000000 427.149994
4910.625000 620.802917 0.000000 427.269989
4910.750000 621.012695 0.000000 427.359985
4910.750000 621.222534 0.000000 427.464996
4910.875000 621.432373 0.000000 427.559998
4911.875000 621.642273 0.000000 427.665009
4911.875000 621.642273 0.000000 427.750000
4913.750000 622.062073 0.000000 427.869995
4914.250000 622.062073 0.000000 427.970001
4914.625000 622.311523 0.000000 428.065002
4914.750000 622.515747 0.000000 428.144989
4915.250000 622.717102 0.000000 428.265015
4915.500000 622.924744 0.000000 428.350006
4916.750000 622.924744 0.000000 428.459991
4916.750000 623.127930 0.000000 428.565002
4918.375000 623.328979 0.000000 428.665009
4918.750000 623.328979 0.000000 428.755005
4918.750000 623.531555 0.000000 428.875000
4918.750000 623.531555 0.000000 428.970001
4918.750000 623.531555 0.000000 429.059998
4919.125000 623.734314 0.000000 429.170013
4919.625000 623.734314 0.000000 429.255005
4919.625000 623.734314 0.000000 429.364990
4921.125000 623.949585 0.000000 429.475006
4921.250000 623.949585 0.000000 429.559998
4921.750000 624.155090 0.000000 429.670013
4921.875000 624.155090 0.000000 429.755005
4922.250000 624.362000 0.000000 429.869995
4922.375000 624.564941 0.000000 429.959991
4922.500000 624.770935 0.000000 430.070007
4922.500000 624.770935 0.000000 430.154999
4924.250000 624.992615 0.000000 430.269989
4924.625000 625.193481 0.000000 430.359985
4925.375000 625.193481 0.000000 430.470001
4925.375000 625.417236 0.000000 430.554993
4925.500000 625.619263 0.000000 430.670013
4926.125000 625.619263 0.000000 430.755005
4926.125000 625.829834 0.000000 430.869995
4926.250000 626.033508 0.000000 430.970001
4927.500000 626.252747 0.000000 431.065002
4927.500000 626.252747 0.000000 431.170013
4928.250000 626.459045 0.000000 431.260010
4928.375000 626.663147 0.000000 431.364990
4928.500000 626.898621 0.000000 431.454987
4928.500000 627.100952 0.000000 431.565002
4928.500000 627.100952 0.000000 431.649994
4928.875000 627.301086 0.000000 431.769989
4929.500000 627.301086 0.000000 431.864990
4929.750000 627.509949 0.000000 431.954987
4930.125000 627.509949 0.000000 432.070007
4930.125000 627.713013 0.000000 432.149994
4930.375000 627.713013 0.000000 432.269989
4930.375000 627.713013 0.000000 432.355011
4930.375000 627.713013 0.000000 432.464996
4930.500000 627.713013 0.000000 432.554993
4930.500000 627.713013 0.000000 432.660004
4930.625000 627.913879 0.000000 432.769989
4930.875000 627.913879 0.000000 432.859985
4930.875000 627.913879 0.000000 432.970001
4930.875000 627.913879 0.000000 433.059998
4930.875000 627.913879 0.000000 433.165009
4931.000000 627.913879 0.000000 433.260010
4931.000000 627.913879 0.000000 433.369995
4931.000000 627.913879 0.000000 433.454987
4931.000000 627.913879 0.000000 433.565002
4931.000000 627.913879 0.000000 433.665009
4931.000000 627.913879 0.000000 433.769989
4931.000000 627.913879 0.000000 433.869995
4931.125000 628.131470 0.000000 433.964996
4931.125000 628.131470 0.000000 434.070007
4931.125000 628.336121 0.000000 434.165009
4931.375000 628.538940 0.000000 434.269989
4931.375000 628.538940 0.000000 434.359985
4932.125000 628.538940 0.000000 434.464996
4932.375000 628.741760 0.000000 434.565002
4932.375000 628.741760 0.000000 434.670013
4932.625000 628.741760 0.000000 434.755005
4932.625000 628.741760 0.000000 434.859985
4932.625000 628.741760 0.000000 434.975006
4932.625000 628.741760 0.000000 435.070007
4932.625000 628.942322 0.000000 435.160004
4932.750000 628.942322 0.000000 435.265015
4932.875000 628.942322 0.000000 435.359985
4932.875000 628.942322 0.000000 435.464996
4932.875000 628.942322 0.000000 435.554993
4932.875000 628.942322 0.000000 435.670013
4932.875000 628.942322 0.000000 435.765015
4932.875000 628.942322 0.000000 435.850006
4933.125000 628.942322 0.000000 435.959991
4933.125000 629.145935 0.000000 436.070007
4933.125000 629.352356 0.000000 436.160004
4933.250000 629.352356 0.000000 436.260010
4933.250000 629.557373 0.000000 436.359985
4933.250000 629.761963 0.000000 436.470001
4933.375000 629.984497 0.000000 436.559998
4934.000000 630.221497 0.000000 436.665009
4934.375000 630.480469 0.000000 436.760010
4934.500000 630.689636 0.000000 436.864990
4934.500000 630.898865 0.000000 436.970001
4934.500000 631.107605 0.000000 437.059998
4934.750000 631.316833 0.000000 437.165009
4934.875000 631.526550 0.000000 437.265015
4935.125000 631.726562 0.000000 437.364990
4935.375000 631.926758 0.000000 437.480011
4935.375000 632.127014 0.000000 437.570007
4935.500000 632.127014 0.000000 437.660004
4935.500000 632.527588 0.000000 437.769989
4935.625000 632.527588 0.000000 437.855011
4935.750000 632.928162 0.000000 437.964996
4935.875000 633.132812 0.000000 438.075012
4936.000000 633.132812 0.000000 438.154999
4936.125000 633.357056 0.000000 438.269989
4936.125000 633.558350 0.000000 438.375000
4936.125000 633.558350 0.000000 438.459991
4936.125000 633.558350 0.000000 438.570007
4936.250000 633.760559 0.000000 438.665009
4936.250000 633.760559 0.000000 438.750000
4936.250000 633.760559 0.000000 438.869995
4936.375000 633.760559 0.000000 438.959991
4936.375000 633.760559 0.000000 439.075012
4936.375000 633.760559 0.000000 439.160004
4936.375000 633.760559 0.000000 439.265015
4936.500000 633.760559 0.000000 439.355011
4936.500000 633.760559 0.000000 439.464996
4936.500000 633.760559 0.000000 439.570007
4936.500000 633.760559 0.000000 439.665009
4936.625000 633.760559 0.000000 439.760010
4936.625000 633.760559 0.000000 439.864990
4936.625000 633.960938 0.000000 439.959991
4936.625000 633.960938 0.000000 440.065002
4936.625000 633.960938 0.000000 440.160004
4936.625000 633.960938 0.000000 440.265015
4936.625000 633.960938 0.000000 440.355011
4936.750000 634.165405 0.000000 440.470001
4936.750000 634.165405 0.000000 440.565002
4937.000000 634.384338 0.000000 440.654999
4937.375000 634.588928 0.000000 440.765015
4937.500000 634.588928 0.000000 440.859985
4937.500000 634.793640 0.000000 440.964996
4937.500000 634.999268 0.000000 441.049988
4937.750000 635.222046 0.000000 441.165009
4937.875000 635.222046 0.000000 441.260010
4937.875000 635.425415 0.000000 441.364990
4937.875000 635.653564 0.000000 441.454987
4938.000000 635.862061 0.000000 441.565002
4938.000000 636.075684 0.000000 441.649994
4938.000000 636.276794 0.000000 441.769989
4938.125000 636.276794 0.000000 441.859985
4938.250000 636.478943 0.000000 441.964996
4938.250000 636.478943 0.000000 442.070007
4938.250000 636.690308 0.000000 442.160004
4938.250000 636.690308 0.000000 442.265015
4938.250000 636.894531 0.000000 442.355011
4938.250000 637.096130 0.000000 442.476013
4938.250000 637.096130 0.000000 442.559998
4938.250000 637.296997 0.000000 442.665009
4938.375000 637.498291 0.000000 442.765015
4938.500000 637.498291 0.000000 442.850006
4938.500000 637.701355 0.000000 442.970001
4938.500000 637.904236 0.000000 443.054993
4938.500000 637.904236 0.000000 443.165009
4938.625000 638.121948 0.000000 443.260010
4938.625000 638.349915 0.000000 443.364990
4938.625000 638.349915 0.000000 443.450012
4938.750000 638.550110 0.000000 443.559998
4938.875000 638.751343 0.000000 443.665009
4939.000000 638.953552 0.000000 443.750000
4939.125000 638.953552 0.000000 443.869995
4939.250000 639.163879 0.000000 443.954987
4939.250000 639.397278 0.000000 444.065002
4939.250000 639.397278 0.000000 444.170013
4939.375000 639.620300 0.000000 444.260010
4939.375000 639.834595 0.000000 444.364990
4939.375000 640.048035 0.000000 444.450012
4939.500000 640.270020 0.000000 444.565002
4939.500000 640.476440 0.000000 444.654999
4939.625000 640.684692 0.000000 444.769989
4939.750000 640.684692 0.000000 444.855011
4940.250000 641.113647 0.000000 444.970001
4940.500000 641.113647 0.000000 445.065002
4940.500000 641.323486 0.000000 445.154999
4940.625000 641.533447 0.000000 445.274994
4940.750000 641.763428 0.000000 445.359985
4941.000000 641.963440 0.000000 445.464996
4941.750000 642.173462 0.000000 445.565002
4942.125000 642.373474 0.000000 445.674988
4942.250000 642.583313 0.000000 445.774994
4942.750000 642.792786 0.000000 445.869995
4943.000000 643.000793 0.000000 445.964996
4943.125000 643.220337 0.000000 446.049988
4943.125000 643.424316 0.000000 446.165009
4943.125000 643.424316 0.000000 446.265015
4943.250000 643.653259 0.000000 446.355011
4943.375000 643.859436 0.000000 446.464996
4943.375000 643.859436 0.000000 446.575012
4943.375000 644.060913 0.000000 446.665009
4943.375000 644.060913 0.000000 446.769989
4943.375000 644.060913 0.000000 446.859985
4943.375000 644.060913 0.000000 446.970001
4943.375000 644.060913 0.000000 447.070007
4943.375000 644.261658 0.000000 447.154999
4943.375000 644.261658 0.000000 447.265015
4943.500000 644.261658 0.000000 447.369995
4943.500000 644.261658 0.000000 447.454987
4943.500000 644.261658 0.000000 447.565002
4943.500000 644.261658 0.000000 447.649994
4943.500000 644.261658 0.000000 447.760010
4943.500000 644.261658 0.000000 447.871002
4943.500000 644.261658 0.000000 447.954987
4943.500000 644.261658 0.000000 448.065002
4943.500000 644.261658 0.000000 448.154999
4943.500000 644.261658 0.000000 448.269989
4943.500000 644.261658 0.000000 448.359985
4943.500000 644.261658 0.000000 448.470001
4943.500000 644.261658 0.000000 448.565002
4943.500000 644.261658 0.000000 448.665009
4943.500000 644.261658 0.000000 448.765015
4943.500000 644.261658 0.000000 448.864990
4943.500000 644.261658 0.000000 448.970001
4943.500000 644.261658 0.000000 449.070007
4943.500000 644.261658 0.000000 449.160004
4943.500000 644.261658 0.000000 449.269989
4943.500000 644.261658 0.000000 449.350006
4943.500000 644.261658 0.000000 449.464996
4943.625000 644.261658 0.000000 449.570007
4943.625000 644.485596 0.000000 449.660004
4943.625000 644.485596 0.000000 449.769989
4943.625000 644.712769 0.000000 449.869995
4943.625000 644.916809 0.000000 449.959991
4943.750000 645.116882 0.000000 450.070007
4943.875000 645.116882 0.000000 450.160004
4943.875000 645.322021 0.000000 450.274994
4943.875000 645.322021 0.000000 450.359985
4943.875000 645.522644 0.000000 450.470001
4944.000000 645.522644 0.000000 450.559998
4944.000000 645.724182 0.000000 450.670013
4944.000000 645.724182 0.000000 450.760010
4944.000000 645.724182 0.000000 450.869995
4944.000000 645.926636 0.000000 450.954987
4944.000000 645.926636 0.000000 451.065002
4944.000000 645.926636 0.000000 451.154999
4944.000000 645.926636 0.000000 451.260010
4944.250000 645.926636 0.000000 451.369995
4944.250000 646.127625 0.000000 451.450012
4944.250000 646.127625 0.000000 451.570007
4944.250000 646.127625 0.000000 451.654999
4944.250000 646.127625 0.000000 451.769989
4944.250000 646.127625 0.000000 451.859985
4944.250000 646.127625 0.000000 451.964996
4944.250000 646.127625 0.000000 452.065002
4944.250000 646.127625 0.000000 452.154999
4944.375000 646.127625 0.000000 452.274994
4944.375000 646.127625 0.000000 452.355011
4944.375000 646.127625 0.000000 452.464996
4944.375000 646.127625 0.000000 452.545013
4944.375000 646.127625 0.000000 452.670013
4944.500000 646.127625 0.000000 452.750000
4944.500000 646.127625 0.000000 452.869995
4944.500000 646.127625 0.000000 452.950012
4944.500000 646.127625 0.000000 453.070007
4944.500000 646.127625 0.000000 453.175995
4944.500000 646.127625 0.000000 453.260010
4944.500000 646.127625 0.000000 453.369995
4944.500000 646.127625 0.000000 453.459991
4944.500000 646.127625 0.000000 453.565002
4944.500000 646.127625 0.000000 453.670013
4944.500000 646.127625 0.000000 453.760010
4944.500000 646.127625 0.000000 453.864990
4944.500000 646.127625 0.000000 453.970001
4944.500000 646.127625 0.000000 454.070007
4944.500000 646.127625 0.000000 454.154999
4944.625000 646.127625 0.000000 454.269989
4944.625000 646.127625 0.000000 454.364990
4944.625000 646.127625 0.000000 454.475006
4944.625000 646.127625 0.000000 454.559998
4944.750000 646.127625 0.000000 454.670013
4944.750000 646.127625 0.000000 454.755005
4944.750000 646.127625 0.000000 454.864990
4944.750000 646.127625 0.000000 454.954987
4944.750000 646.127625 0.000000 455.070007
4944.750000 646.127625 0.000000 455.154999
4944.750000 646.127625 0.000000 455.269989
4944.750000 646.127625 0.000000 455.359985
4944.875000 646.127625 0.000000 455.464996
4944.875000 646.127625 0.000000 455.554993
4944.875000 646.127625 0.000000 455.665009
4944.875000 646.127625 0.000000 455.769989
4944.875000 646.127625 0.000000 455.859985
4944.875000 646.127625 0.000000 455.970001
4944.875000 646.127625 0.000000 456.054993
4944.875000 646.127625 0.000000 456.165009
4944.875000 646.127625 0.000000 456.260010
4944.875000 646.127625 0.000000 456.359985
4944.875000 646.127625 0.000000 456.470001
4944.875000 646.127625 0.000000 456.549988
4944.875000 646.127625 0.000000 456.674988
4944.875000 646.127625 0.000000 456.765015
4944.875000 646.127625 0.000000 456.869995
4944.875000 646.127625 0.000000 456.959991
4944.875000 646.127625 0.000000 457.070007
4944.875000 646.127625 0.000000 457.174988
4945.000000 646.127625 0.000000 457.269989
4945.000000 646.127625 0.000000 457.359985
4945.000000 646.127625 0.000000 457.464996
4945.000000 646.127625 0.000000 457.559998
4945.000000 646.127625 0.000000 457.670013
4945.000000 646.127625 0.000000 457.755005
4945.000000 646.127625 0.000000 457.864990
4945.000000 646.127625 0.000000 457.970001
4945.000000 646.127625 0.000000 458.059998
4945.000000 646.127625 0.000000 458.165009
4945.000000 646.127625 0.000000 458.269989
4945.000000 646.127625 0.000000 458.375000
4945.000000 646.127625 0.000000 458.459991
4945.000000 646.127625 0.000000 458.570007
4945.000000 646.127625 0.000000 458.654999
4945.000000 646.127625 0.000000 458.774994
4945.000000 646.127625 0.000000 458.864990
4945.000000 646.127625 0.000000 458.959991
4945.000000 646.127625 0.000000 459.075012
4945.000000 646.127625 0.000000 459.160004
4945.000000 646.127625 0.000000 459.269989
4945.000000 646.127625 0.000000 459.359985
4945.000000 646.127625 0.000000 459.470001
4945.000000 646.127625 0.000000 459.565002
4945.000000 646.127625 0.000000 459.670013
4945.000000 646.127625 0.000000 459.774994
4945.000000 646.127625 0.000000 459.859985
4945.000000 646.127625 0.000000 459.975006
4945.000000 646.127625 0.000000 460.065002
4945.000000 646.127625 0.000000 460.170013
4945.000000 646.127625 0.000000 460.285004
4945.000000 646.127625 0.000000 460.364990
4945.000000 646.127625 0.000000 460.475006
4945.000000 646.127625 0.000000 460.584991
4945.000000 646.127625 0.000000 460.665009
4945.000000 646.127625 0.000000 460.774994
4945.000000 646.127625 0.000000 460.864990
4945.000000 646.127625 0.000000 460.964996
4945.000000 646.127625 0.000000 461.075012
4945.000000 646.127625 0.000000 461.165009
4945.000000 646.127625 0.000000 461.279999
4945.000000 646.127625 0.000000 461.364990
4945.000000 646.127625 0.000000 461.470001
4945.000000 646.127625 0.000000 461.559998
4945.000000 646.127625 0.000000 461.665009
4945.000000 646.127625 0.000000 461.774994
4945.000000 646.127625 0.000000 461.859985
4945.000000 646.127625 0.000000 461.964996
4945.000000 646.127625 0.000000 462.079987
4945.000000 646.127625 0.000000 462.184998
4945.000000 646.127625 0.000000 462.276001
4945.000000 646.127625 0.000000 462.364990
4945.000000 646.127625 0.000000 462.464996
4945.000000 646.127625 0.000000 462.559998
4945.000000 646.127625 0.000000 462.679993
4945.000000 646.127625 0.000000 462.774994
4945.000000 646.127625 0.000000 462.859985
4945.000000 646.127625 0.000000 462.964996
4945.000000 646.127625 0.000000 463.075012
4945.000000 646.127625 0.000000 463.160004
4945.000000 646.127625 0.000000 463.265015
4945.000000 646.127625 0.000000 463.359985
4945.000000 646.127625 0.000000 463.470001
4945.000000 646.127625 0.000000 463.575012
4945.000000 646.127625 0.000000 463.660004
4945.000000 646.127625 0.000000 463.774994
4945.000000 646.127625 0.000000 463.859985
4945.000000 646.127625 0.000000 463.975006
4945.000000 646.127625 0.000000 464.059998
4945.125000 646.127625 0.000000 464.174988
4945.125000 646.127625 0.000000 464.260010
4945.125000 646.127625 0.000000 464.375000
4945.125000 646.127625 0.000000 464.464996
4945.125000 646.127625 0.000000 464.575012
4945.125000 646.127625 0.000000 464.660004
4945.125000 646.127625 0.000000 464.774994
4945.125000 646.127625 0.000000 464.869995
4945.125000 646.127625 0.000000 464.970001
4945.125000 646.127625 0.000000 465.075989
4945.125000 646.127625 0.000000 465.165009
4945.125000 646.127625 0.000000 465.269989
4945.125000 646.127625 0.000000 465.375000
4945.125000 646.127625 0.000000 465.459991
4945.125000 646.127625 0.000000 465.570007
4945.125000 646.127625 0.000000 465.660004
4945.125000 646.127625 0.000000 465.765015
4945.125000 646.127625 0.000000 465.855011
4945.125000 646.127625 0.000000 465.976013
4945.125000 646.127625 0.000000 466.059998
4945.125000 646.127625 0.000000 466.174988
4945.125000 646.127625 0.000000 466.279999
4945.125000 646.127625 0.000000 466.359985
4945.125000 646.127625 0.000000 466.475006
4945.125000 646.127625 0.000000 466.559998
4945.125000 646.127625 0.000000 466.665009
4945.125000 646.127625 0.000000 466.769989
4945.125000 646.127625 0.000000 466.850006
4945.125000 646.127625 0.000000 466.964996
4945.125000 646.127625 0.000000 467.075012
4945.125000 646.127625 0.000000 467.160004
4945.125000 646.127625 0.000000 467.274994
4945.125000 646.127625 0.000000 467.364990
4945.125000 646.127625 0.000000 467.459991
4945.125000 646.127625 0.000000 467.575012
4945.125000 646.127625 0.000000 467.665009
4945.125000 646.127625 0.000000 467.774994
4945.125000 646.127625 0.000000 467.880005
4945.125000 646.127625 0.000000 467.959991
4945.125000 646.127625 0.000000 468.079987
4945.125000 646.127625 0.000000 468.165009
4945.125000 646.127625 0.000000 468.269989
4945.125000 646.127625 0.000000 468.375000
4945.125000 646.127625 0.000000 468.464996
4945.125000 646.127625 0.000000 468.571014
4945.125000 646.127625 0.000000 468.660004
4945.125000 646.127625 0.000000 468.769989
4945.125000 646.127625 0.000000 468.850006
4945.125000 646.127625 0.000000 468.964996
4945.125000 646.127625 0.000000 469.075012
4945.125000 646.127625 0.000000 469.154999
4945.125000 646.127625 0.000000 469.274994
4945.125000 646.127625 0.000000 469.359985
4945.125000 646.127625 0.000000 469.470001
4945.125000 646.127625 0.000000 469.570007
4945.125000 646.127625 0.000000 469.660004
4945.125000 646.127625 0.000000 469.774994
4945.125000 646.127625 0.000000 469.859985
4945.125000 646.127625 0.000000 469.975006
4945.125000 646.127625 0.000000 470.059998
4945.125000 646.127625 0.000000 470.165009
4945.125000 646.127625 0.000000 470.269989
4945.125000 646.127625 0.000000 470.375000
4945.125000 646.127625 0.000000 470.459991
4945.125000 646.127625 0.000000 470.570007
4945.125000 646.127625 0.000000 470.654999
4945.125000 646.127625 0.000000 470.765015
4945.125000 646.127625 0.000000 470.876007
4945.125000 646.127625 0.000000 470.964996
4945.125000 646.127625 0.000000 471.079987
4945.125000 646.127625 0.000000 471.170013
4945.125000 646.127625 0.000000 471.260010
4945.125000 646.127625 0.000000 471.375000
4945.125000 646.127625 0.000000 471.459991
4945.125000 646.127625 0.000000 471.570007
4945.125000 646.127625 0.000000 471.670013
4945.125000 646.127625 0.000000 471.760010
4945.125000 646.127625 0.000000 471.875000
4945.125000 646.127625 0.000000 471.959991
4945.125000 646.127625 0.000000 472.075012
4945.125000 646.127625 0.000000 472.160004
4945.125000 646.127625 0.000000 472.274994
4945.125000 646.127625 0.000000 472.359985
4945.125000 646.127625 0.000000 472.470001
4945.125000 646.127625 0.000000 472.559998
4945.125000 646.127625 0.000000 472.670013
4945.125000 646.127625 0.000000 472.755005
4945.125000 646.127625 0.000000 472.875000
4945.125000 646.127625 0.000000 472.970001
4945.125000 646.127625 0.000000 473.059998
4945.125000 646.127625 0.000000 473.174988
4945.125000 646.127625 0.000000 473.269989
4945.125000 646.127625 0.000000 473.375000
4945.125000 646.127625 0.000000 473.464996
4945.125000 646.127625 0.000000 473.584991
4945.125000 646.127625 0.000000 473.670013
4945.125000 646.127625 0.000000 473.776001
4945.125000 646.127625 0.000000 473.859985
4945.125000 646.127625 0.000000 473.975006
4945.125000 646.127625 0.000000 474.065002
4945.125000 646.127625 0.000000 474.174988
4945.125000 646.127625 0.000000 474.269989
4945.125000 646.127625 0.000000 474.355011
4945.125000 646.127625 0.000000 474.470001
4945.125000 646.127625 0.000000 474.559998
4945.125000 646.127625 0.000000 474.670013
4945.125000 646.127625 0.000000 474.755005
4945.125000 646.127625 0.000000 474.864990
4945.125000 646.127625 0.000000 474.975006
4945.125000 646.127625 0.000000 475.059998
4945.125000 646.127625 0.000000 475.174988
4945.125000 646.127625 0.000000 475.255005
4945.125000 646.127625 0.000000 475.375000
4945.125000 646.127625 0.000000 475.459991
4945.125000 646.127625 0.000000 475.570007
4945.125000 646.127625 0.000000 475.665009
4945.125000 646.127625 0.000000 475.774994
4945.125000 646.127625 0.000000 475.855011
4945.125000 646.127625 0.000000 475.964996
4945.125000 646.127625 0.000000 476.075012
4945.125000 646.127625 0.000000 476.179993
4945.125000 646.127625 0.000000 476.265015
4945.125000 646.127625 0.000000 476.375000
4945.125000 646.127625 0.000000 476.459991
4945.125000 646.127625 0.000000 476.575012
4945.125000 646.127625 0.000000 476.660004
4945.125000 646.127625 0.000000 476.774994
4945.125000 646.127625 0.000000 476.855011
4945.125000 646.127625 0.000000 476.964996
4945.125000 646.127625 0.000000 477.070007
4945.125000 646.127625 0.000000 477.179993
4945.125000 646.127625 0.000000 477.265015
4945.125000 646.127625 0.000000 477.375000
4945.125000 646.127625 0.000000 477.464996
4945.125000 646.127625 0.000000 477.575012
4945.125000 646.127625 0.000000 477.684998
4945.125000 646.127625 0.000000 477.769989
4945.125000 646.127625 0.000000 477.875000
4945.125000 646.127625 0.000000 477.959991
4945.125000 646.127625 0.000000 478.075012
4945.125000 646.127625 0.000000 478.160004
4945.125000 646.127625 0.000000 478.274994
4945.125000 646.127625 0.000000 478.355011
4945.125000 646.127625 0.000000 478.475006
4945.125000 646.127625 0.000000 478.559998
4945.125000 646.127625 0.000000 478.670013
4945.125000 646.127625 0.000000 478.750000
4945.125000 646.127625 0.000000 478.875000
4945.125000 646.127625 0.000000 478.959991
4945.125000 646.127625 0.000000 479.075012
4945.125000 646.127625 0.000000 479.160004
4945.125000 646.127625 0.000000 479.269989
4945.125000 646.127625 0.000000 479.359985
4945.125000 646.127625 0.000000 479.475006
4945.125000 646.127625 0.000000 479.559998
4945.125000 646.127625 0.000000 479.670013
4945.125000 646.127625 0.000000 479.755005
4945.125000 646.127625 0.000000 479.875000
4945.125000 646.127625 0.000000 479.970001
4945.125000 646.127625 0.000000 480.065002
4945.125000 646.127625 0.000000 480.174988
4945.125000 646.127625 0.000000 480.260010
4945.125000 646.127625 0.000000 480.369995
4945.125000 646.127625 0.000000 480.459991
4945.125000 646.127625 0.000000 480.575989
4945.125000 646.127625 0.000000 480.665009
4945.125000 646.127625 0.000000 480.769989
4945.125000 646.127625 0.000000 480.859985
4945.125000 646.127625 0.000000 480.970001
4945.125000 646.127625 0.000000 481.054993
4945.125000 646.127625 0.000000 481.160004
4945.125000 646.127625 0.000000 481.274994
4945.125000 646.127625 0.000000 481.359985
4945.125000 646.127625 0.000000 481.475006
4945.125000 646.127625 0.000000 481.579987
4945.125000 646.127625 0.000000 481.665009
4945.125000 646.127625 0.000000 481.779999
4945.125000 646.127625 0.000000 481.869995
4945.125000 646.127625 0.000000 481.959991
4945.125000 646.127625 0.000000 482.065002
4945.125000 646.127625 0.000000 482.174988
4945.125000 646.127625 0.000000 482.260010
4945.125000 646.127625 0.000000 482.369995
4945.125000 646.127625 0.000000 482.470001
4945.125000 646.127625 0.000000 482.559998
4945.125000 646.127625 0.000000 482.674988
4945.125000 646.127625 0.000000 482.774994
4945.125000 646.127625 0.000000 482.859985
4945.125000 646.127625 0.000000 482.975006
4945.125000 646.127625 0.000000 483.059998
4945.125000 646.127625 0.000000 483.174988
4945.125000 646.127625 0.000000 483.265015
4945.125000 646.127625 0.000000 483.375000
4945.125000 646.127625 0.000000 483.475006
4945.125000 646.127625 0.000000 483.570007
4945.125000 646.127625 0.000000 483.660004
4945.125000 646.127625 0.000000 483.769989
4945.125000 646.127625 0.000000 483.875000
4945.125000 646.127625 0.000000 483.959991
4945.125000 646.127625 0.000000 484.075012
4945.125000 646.127625 0.000000 484.165009
4945.125000 646.127625 0.000000 484.274994
4945.125000 646.127625 0.000000 484.364990
4945.125000 646.127625 0.000000 484.475006
4945.125000 646.127625 0.000000 484.565002
4945.125000 646.127625 0.000000 484.670013
4945.125000 646.127625 0.000000 484.779999
4945.125000 646.127625 0.000000 484.869995
4945.125000 646.127625 0.000000 484.959991
4945.125000 646.127625 0.000000 485.070007
4945.125000 646.127625 0.000000 485.154999
4945.125000 646.127625 0.000000 485.269989
4945.125000 646.127625 0.000000 485.375000
4945.125000 646.127625 0.000000 485.459991
4945.125000 646.127625 0.000000 485.575012
4945.125000 646.127625 0.000000 485.665009
4945.125000 646.127625 0.000000 485.774994
4945.125000 646.127625 0.000000 485.869995
4945.125000 646.127625 0.000000 485.980011
4945.125000 646.127625 0.000000 486.065002
4945.125000 646.127625 0.000000 486.170013
4945.125000 646.127625 0.000000 486.255005
4945.125000 646.127625 0.000000 486.369995
4945.125000 646.127625 0.000000 486.459991
4945.125000 646.127625 0.000000 486.565002
4945.125000 646.127625 0.000000 486.674988
4945.125000 646.127625 0.000000 486.774994
4945.125000 646.127625 0.000000 486.855011
4945.125000 646.127625 0.000000 486.970001
4945.125000 646.127625 0.000000 487.054993
4945.125000 646.127625 0.000000 487.170013
4945.125000 646.127625 0.000000 487.274994
4945.125000 646.127625 0.000000 487.359985
4945.125000 646.127625 0.000000 487.470001
4945.125000 646.127625 0.000000 487.559998
4945.125000 646.127625 0.000000 487.674988
4945.125000 646.127625 0.000000 487.760010
4945.125000 646.127625 0.000000 487.875000
4945.125000 646.127625 0.000000 487.964996
4945.125000 646.127625 0.000000 488.075012
4945.125000 646.127625 0.000000 488.160004
4945.125000 646.127625 0.000000 488.265015
4945.125000 646.127625 0.000000 488.375000
4945.125000 646.127625 0.000000 488.464996
4945.125000 646.127625 0.000000 488.575012
4945.125000 646.127625 0.000000 488.670013
4945.125000 646.127625 0.000000 488.769989
4945.125000 646.127625 0.000000 488.869995
4945.125000 646.127625 0.000000 488.975006
4945.125000 646.127625 0.000000 489.065002
4945.125000 646.127625 0.000000 489.174988
4945.125000 646.127625 0.000000 489.260010
4945.125000 646.127625 0.000000 489.375000
4945.125000 646.127625 0.000000 489.459991
4945.125000 646.127625 0.000000 489.565002
4945.125000 646.127625 0.000000 489.670013
4945.125000 646.127625 0.000000 489.779999
4945.125000 646.127625 0.000000 489.880005
4945.125000 646.127625 0.000000 489.964996
4945.125000 646.127625 0.000000 490.070007
4945.125000 646.127625 0.000000 490.170013
4945.125000 646.127625 0.000000 490.279999
4945.125000 646.127625 0.000000 490.359985
4945.125000 646.127625 0.000000 490.464996
4945.125000 646.127625 0.000000 490.575012
4945.125000 646.127625 0.000000 490.670013
4945.125000 646.127625 0.000000 490.760010
4945.125000 646.127625 0.000000 490.875000
4945.125000 646.127625 0.000000 490.959991
4945.125000 646.127625 0.000000 491.075012
4945.125000 646.127625 0.000000 491.179993
4945.125000 646.127625 0.000000 491.269989
4945.125000 646.127625 0.000000 491.355011
4945.125000 646.127625 0.000000 491.464996
4945.125000 646.127625 0.000000 491.570007
4945.125000 646.127625 0.000000 491.649994
4945.125000 646.127625 0.000000 491.765015
4945.125000 646.127625 0.000000 491.875000
4945.125000 646.127625 0.000000 491.970001
4945.125000 646.127625 0.000000 492.059998
4945.125000 646.127625 0.000000 492.174988
4945.125000 646.127625 0.000000 492.255005
4945.125000 646.127625 0.000000 492.369995
4945.125000 646.127625 0.000000 492.480011
4945.125000 646.127625 0.000000 492.565002
4945.125000 646.127625 0.000000 492.674988
4945.125000 646.127625 0.000000 492.769989
4945.125000 646.127625 0.000000 492.875000
4945.125000 646.127625 0.000000 492.970001
4945.125000 646.127625 0.000000 493.049988
4945.125000 646.127625 0.000000 493.160004
4945.125000 646.127625 0.000000 493.274994
4945.125000 646.127625 0.000000 493.364990
4945.125000 646.127625 0.000000 493.475006
4945.125000 646.127625 0.000000 493.565002
4945.125000 646.127625 0.000000 493.665009
4945.125000 646.127625 0.000000 493.755005
4945.125000 646.127625 0.000000 493.875000
4945.125000 646.127625 0.000000 493.964996
4945.125000 646.127625 0.000000 494.075012
4945.125000 646.127625 0.000000 494.160004
4945.125000 646.127625 0.000000 494.274994
4945.125000 646.127625 0.000000 494.359985
4945.125000 646.127625 0.000000 494.475006
4945.125000 646.127625 0.000000 494.565002
4945.125000 646.127625 0.000000 494.670013
4945.125000 646.127625 0.000000 494.760010
4945.125000 646.127625 0.000000 494.869995
4945.125000 646.127625 0.000000 494.959991
4945.125000 646.127625 0.000000 495.075989
4945.125000 646.127625 0.000000 495.165009
4945.125000 646.127625 0.000000 495.274994
4945.125000 646.127625 0.000000 495.364990
4945.125000 646.127625 0.000000 495.464996
4945.125000 646.127625 0.000000 495.570007
4945.125000 646.127625 0.000000 495.674988
4945.125000 646.127625 0.000000 495.765015
4945.125000 646.127625 0.000000 495.869995
4945.125000 646.127625 0.000000 495.970001
4945.125000 646.127625 0.000000 496.065002
4945.125000 646.127625 0.000000 496.174988
4945.125000 646.127625 0.000000 496.260010
4945.125000 646.127625 0.000000 496.375000
4945.125000 646.127625 0.000000 496.464996
4945.125000 646.127625 0.000000 496.575012
4945.125000 646.127625 0.000000 496.665009
4945.125000 646.127625 0.000000 496.774994
4945.125000 646.127625 0.000000 496.864990
4945.125000 646.127625 0.000000 496.954987
4945.125000 646.127625 0.000000 497.070007
4945.125000 646.127625 0.000000 497.170013
4945.125000 646.127625 0.000000 497.260010
4945.125000 646.127625 0.000000 497.380005
4945.125000 646.127625 0.000000 497.464996
4945.125000 646.127625 0.000000 497.565002
4945.125000 646.127625 0.000000 497.674988
4945.125000 646.127625 0.000000 497.755005
4945.125000 646.127625 0.000000 497.875000
4945.125000 646.127625 0.000000 497.959991
4945.125000 646.127625 0.000000 498.075012
4945.125000 646.127625 0.000000 498.160004
4945.125000 646.127625 0.000000 498.265015
4945.125000 646.127625 0.000000 498.355011
4945.125000 646.127625 0.000000 498.464996
4945.125000 646.127625 0.000000 498.554993
4945.125000 646.127625 0.000000 498.674988
4945.125000 646.127625 0.000000 498.760010
4945.125000 646.127625 0.000000 498.864990
4945.125000 646.127625 0.000000 498.954987
4945.125000 646.127625 0.000000 499.075012
4945.125000 646.127625 0.000000 499.170013
4945.125000 646.127625 0.000000 499.260010
4945.125000 646.127625 0.000000 499.376007
4945.125000 646.127625 0.000000 499.464996
4945.125000 646.127625 0.000000 499.575012
4945.125000 646.127625 0.000000 499.660004
4945.125000 646.127625 0.000000 499.774994
4945.125000 646.127625 0.000000 499.859985
4945.125000 646.127625 0.000000 499.975006
4945.125000 646.127625 0.000000 500.070007
4945.125000 646.127625 0.000000 500.174988
4945.125000 646.127625 0.000000 500.260010
4945.125000 646.127625 0.000000 500.375000
4945.125000 646.127625 0.000000 500.470001
4945.125000 646.127625 0.000000 500.575012
4945.125000 646.127625 0.000000 500.665009
4945.125000 646.127625 0.000000 500.774994
4945.125000 646.127625 0.000000 500.859985
4945.125000 646.127625 0.000000 500.975006
4945.125000 646.127625 0.000000 501.059998
4945.125000 646.127625 0.000000 501.174988
4945.125000 646.127625 0.000000 501.265015
4945.125000 646.127625 0.000000 501.375000
4945.125000 646.127625 0.000000 501.454987
4945.125000 646.127625 0.000000 501.565002
4945.125000 646.127625 0.000000 501.670013
4945.125000 646.127625 0.000000 501.760010
4945.125000 646.127625 0.000000 501.876007
4945.125000 646.127625 0.000000 501.959991
4945.125000 646.127625 0.000000 502.075012
4945.125000 646.127625 0.000000 502.165009
4945.125000 646.127625 0.000000 502.274994
4945.125000 646.127625 0.000000 502.359985
4945.125000 646.127625 0.000000 502.475006
4945.125000 646.127625 0.000000 502.559998
4945.125000 646.127625 0.000000 502.674988
4945.125000 646.127625 0.000000 502.765015
4945.125000 646.127625 0.000000 502.875000
4945.125000 646.127625 0.000000 502.964996
4945.125000 646.127625 0.000000 503.075012
4945.125000 646.127625 0.000000 503.160004
4945.125000 646.127625 0.000000 503.269989
4945.125000 646.127625 0.000000 503.375000
4945.125000 646.127625 0.000000 503.464996
4945.125000 646.127625 0.000000 503.575012
4945.125000 646.127625 0.000000 503.665009
4945.125000 646.127625 0.000000 503.774994
4945.125000 646.127625 0.000000 503.859985
4945.125000 646.127625 0.000000 503.975006
4945.125000 646.127625 0.000000 504.059998
4945.125000 646.127625 0.000000 504.170013
4945.125000 646.127625 0.000000 504.269989
4945.125000 646.127625 0.000000 504.369995
4945.125000 646.127625 0.000000 504.475006
4945.125000 646.127625 0.000000 504.559998
4945.125000 646.127625 0.000000 504.670013
4945.125000 646.127625 0.000000 504.774994
4945.125000 646.127625 0.000000 504.859985
4945.125000 646.127625 0.000000 504.970001
4945.125000 646.127625 0.000000 505.049988
4945.125000 646.127625 0.000000 505.170013
4945.125000 646.127625 0.000000 505.255005
4945.125000 646.127625 0.000000 505.369995
4945.125000 646.127625 0.000000 505.480011
4945.125000 646.127625 0.000000 505.570007
4945.125000 646.127625 0.000000 505.674988
4945.125000 646.127625 0.000000 505.790009
4945.125000 646.127625 0.000000 505.875000
4945.125000 646.127625 0.000000 505.970001
4945.125000 646.127625 0.000000 506.079987
4945.125000 646.127625 0.000000 506.165009
4945.125000 646.127625 0.000000 506.279999
4945.125000 646.127625 0.000000 506.364990
4945.125000 646.127625 0.000000 506.470001
4945.125000 646.127625 0.000000 506.570007
4945.125000 646.127625 0.000000 506.660004
4945.125000 646.127625 0.000000 506.769989
4945.125000 646.127625 0.000000 506.880005
4945.125000 646.127625 0.000000 506.964996
4945.125000 646.127625 0.000000 507.084991
4945.125000 646.127625 0.000000 507.165009
4945.125000 646.127625 0.000000 507.279999
4945.125000 646.127625 0.000000 507.359985
4945.125000 646.127625 0.000000 507.480011
4945.125000 646.127625 0.000000 507.570007
4945.125000 646.127625 0.000000 507.674988
4945.125000 646.127625 0.000000 507.785004
4945.125000 646.127625 0.000000 507.869995
4945.125000 646.127625 0.000000 507.980011
4945.125000 646.127625 0.000000 508.059998
4945.125000 646.127625 0.000000 508.170013
4945.125000 646.127625 0.000000 508.274994
4945.125000 646.127625 0.000000 508.359985
4945.125000 646.127625 0.000000 508.464996
4945.125000 646.127625 0.000000 508.575012
4945.125000 646.127625 0.000000 508.670013
4945.125000 646.127625 0.000000 508.765015
4945.125000 646.127625 0.000000 508.875000
4945.125000 646.127625 0.000000 508.959991
4945.125000 646.127625 0.000000 509.065002
4945.125000 646.127625 0.000000 509.179993
4945.125000 646.127625 0.000000 509.265015
4945.125000 646.127625 0.000000 509.375000
4945.125000 646.127625 0.000000 509.459991
4945.125000 646.127625 0.000000 509.575012
4945.125000 646.127625 0.000000 509.660004
4945.125000 646.127625 0.000000 509.774994
4945.125000 646.127625 0.000000 509.864990
4945.125000 646.127625 0.000000 509.980011
4945.125000 646.127625 0.000000 510.065002
4945.125000 646.127625 0.000000 510.174988
4945.125000 646.127625 0.000000 510.265015
4945.125000 646.127625 0.000000 510.380005
4945.125000 646.127625 0.000000 510.459991
4945.125000 646.127625 0.000000 510.570007
4945.125000 646.127625 0.000000 510.679993
4945.125000 646.127625 0.000000 510.765015
4945.125000 646.127625 0.000000 510.875000
4945.125000 646.127625 0.000000 510.964996
4945.125000 646.127625 0.000000 511.075012
4945.125000 646.127625 0.000000 511.174988
4945.125000 646.127625 0.000000 511.260010
4945.125000 646.127625 0.000000 511.375000
4945.125000 646.127625 0.000000 511.454987
4945.125000 646.127625 0.000000 511.565002
4945.125000 646.127625 0.000000 511.674988
4945.125000 646.127625 0.000000 511.774994
4945.125000 646.127625 0.000000 511.880005
4945.125000 646.127625 0.000000 511.959991
4945.125000 646.127625 0.000000 512.065002
4945.125000 646.127625 0.000000 512.174988
4945.125000 646.127625 0.000000 512.260010
4945.125000 646.127625 0.000000 512.375000
4945.125000 646.127625 0.000000 512.474976
4945.125000 646.127625 0.000000 512.565002
4945.125000 646.127625 0.000000 512.674988
4945.125000 646.127625 0.000000 512.760010
4945.125000 646.127625 0.000000 512.875000
4945.125000 646.127625 0.000000 512.960022
4945.125000 646.127625 0.000000 513.075012
4945.125000 646.127625 0.000000 513.159973
4945.125000 646.127625 0.000000 513.270020
4945.125000 646.127625 0.000000 513.359985
4945.125000 646.127625 0.000000 513.469971
4945.125000 646.127625 0.000000 513.559998
4945.125000 646.127625 0.000000 513.674988
4945.125000 646.127625 0.000000 513.760010
4945.125000 646.127625 0.000000 513.875000
4945.125000 646.127625 0.000000 513.965027
4945.125000 646.127625 0.000000 514.075012
4945.125000 646.127625 0.000000 514.159973
4945.125000 646.127625 0.000000 514.280029
4945.125000 646.127625 0.000000 514.364990
4945.125000 646.127625 0.000000 514.469971
4945.125000 646.127625 0.000000 514.570007
4945.125000 646.127625 0.000000 514.664978
4945.125000 646.127625 0.000000 514.775024
4945.125000 646.127625 0.000000 514.864990
4945.125000 646.127625 0.000000 514.965027
4945.125000 646.127625 0.000000 515.054993
4945.125000 646.127625 0.000000 515.174988
4945.125000 646.127625 0.000000 515.265015
4945.125000 646.127625 0.000000 515.380005
4945.125000 646.127625 0.000000 515.469971
4945.125000 646.127625 0.000000 515.570007
4945.125000 646.127625 0.000000 515.659973
4945.125000 646.127625 0.000000 515.775024
4945.125000 646.127625 0.000000 515.864990
4945.125000 646.127625 0.000000 515.974976
4945.125000 646.127625 0.000000 516.065002
4945.125000 646.127625 0.000000 516.174988
4945.125000 646.127625 0.000000 516.260010
4945.125000 646.127625 0.000000 516.369995
4945.125000 646.127625 0.000000 516.479980
4945.125000 646.127625 0.000000 516.575012
4945.125000 646.127625 0.000000 516.664978
4945.125000 646.127625 0.000000 516.775024
4945.125000 646.127625 0.000000 516.859985
4945.125000 646.127625 0.000000 516.976013
4945.125000 646.127625 0.000000 517.059998
4945.125000 646.127625 0.000000 517.164978
4945.125000 646.127625 0.000000 517.275024
4945.125000 646.127625 0.000000 517.359985
4945.125000 646.127625 0.000000 517.474976
4945.125000 646.127625 0.000000 517.565002
4945.125000 646.127625 0.000000 517.676025
4945.125000 646.127625 0.000000 517.775024
4945.125000 646.127625 0.000000 517.864990
4945.125000 646.127625 0.000000 517.974976
4945.125000 646.127625 0.000000 518.054993
4945.125000 646.127625 0.000000 518.169983
4945.125000 646.127625 0.000000 518.265015
4945.125000 646.127625 0.000000 518.369995
4945.125000 646.127625 0.000000 518.465027
4945.125000 646.127625 0.000000 518.575012
4945.125000 646.127625 0.000000 518.664978
4945.125000 646.127625 0.000000 518.775024
4945.125000 646.127625 0.000000 518.859985
4945.125000 646.127625 0.000000 518.969971
4945.125000 646.127625 0.000000 519.049988
4945.125000 646.127625 0.000000 519.164978
4945.125000 646.127625 0.000000 519.275024
4945.125000 646.127625 0.000000 519.364990
4945.125000 646.127625 0.000000 519.474976
4945.125000 646.127625 0.000000 519.565002
4945.125000 646.127625 0.000000 519.679993
4945.125000 646.127625 0.000000 519.765015
4945.125000 646.127625 0.000000 519.875000
4945.125000 646.127625 0.000000 519.960022
4945.125000 646.127625 0.000000 520.070007
4945.125000 646.127625 0.000000 520.169983
4945.125000 646.127625 0.000000 520.270020
4945.125000 646.127625 0.000000 520.375000
4945.125000 646.127625 0.000000 520.479980
4945.125000 646.127625 0.000000 520.575012
4945.125000 646.127625 0.000000 520.679993
4945.125000 646.127625 0.000000 520.765015
4945.125000 646.127625 0.000000 520.869995
4945.125000 646.127625 0.000000 520.965027
4945.125000 646.127625 0.000000 521.075012
4945.125000 646.127625 0.000000 521.159973
4945.125000 646.127625 0.000000 521.270020
4945.125000 646.127625 0.000000 521.375000
4945.125000 646.127625 0.000000 521.460022
4945.125000 646.127625 0.000000 521.575012
4945.125000 646.127625 0.000000 521.659973
4945.125000 646.127625 0.000000 521.770020
4945.125000 646.127625 0.000000 521.854980
4945.125000 646.127625 0.000000 521.965027
4945.125000 646.127625 0.000000 522.075012
4945.125000 646.127625 0.000000 522.169983
4945.125000 646.127625 0.000000 522.276001
4945.125000 646.127625 0.000000 522.375000
4945.125000 646.127625 0.000000 522.465027
4945.125000 646.127625 0.000000 522.575012
4945.125000 646.127625 0.000000 522.664978
4945.125000 646.127625 0.000000 522.775024
4945.125000 646.127625 0.000000 522.859985
4945.125000 646.127625 0.000000 522.969971
4945.125000 646.127625 0.000000 523.085022
4945.125000 646.127625 0.000000 523.169983
4945.125000 646.127625 0.000000 523.275024
4945.125000 646.127625 0.000000 523.359985
4945.125000 646.127625 0.000000 523.474976
4945.125000 646.127625 0.000000 523.559998
4945.125000 646.127625 0.000000 523.674988
4945.125000 646.127625 0.000000 523.770020
4945.125000 646.127625 0.000000 523.864990
4945.125000 646.127625 0.000000 523.974976
4945.125000 646.127625 0.000000 524.075012
4945.125000 646.127625 0.000000 524.169983
4945.125000 646.127625 0.000000 524.275024
4945.125000 646.127625 0.000000 524.364990
4945.125000 646.127625 0.000000 524.465027
4945.125000 646.127625 0.000000 524.565002
4945.125000 646.127625 0.000000 524.674988
4945.125000 646.127625 0.000000 524.765015
4945.125000 646.127625 0.000000 524.875000
4945.125000 646.127625 0.000000 524.965027
4945.125000 646.127625 0.000000 525.075989
4945.125000 646.127625 0.000000 525.164978
4945.125000 646.127625 0.000000 525.270020
4945.125000 646.127625 0.000000 525.369995
4945.125000 646.127625 0.000000 525.465027
4945.125000 646.127625 0.000000 525.570007
4945.125000 646.127625 0.000000 525.659973
4945.125000 646.127625 0.000000 525.776001
4945.125000 646.127625 0.000000 525.859985
4945.125000 646.127625 0.000000 525.974976
4945.125000 646.127625 0.000000 526.070007
4945.125000 646.127625 0.000000 526.155029
4945.125000 646.127625 0.000000 526.270020
4945.125000 646.127625 0.000000 526.359985
4945.125000 646.127625 0.000000 526.474976
4945.125000 646.127625 0.000000 526.559998
4945.125000 646.127625 0.000000 526.674988
4945.125000 646.127625 0.000000 526.755005
4945.125000 646.127625 0.000000 526.864990
4945.125000 646.127625 0.000000 526.974976
4945.125000 646.127625 0.000000 527.065002
4945.125000 646.127625 0.000000 527.174988
4945.125000 646.127625 0.000000 527.265015
4945.125000 646.127625 0.000000 527.375000
4945.125000 646.127625 0.000000 527.465027
4945.125000 646.127625 0.000000 527.575012
4945.125000 646.127625 0.000000 527.664978
4945.125000 646.127625 0.000000 527.775024
4945.125000 646.127625 0.000000 527.869995
4945.125000 646.127625 0.000000 527.960022
4945.125000 646.127625 0.000000 528.075012
4945.125000 646.127625 0.000000 528.174988
4945.125000 646.127625 0.000000 528.265015
4945.125000 646.127625 0.000000 528.375000
4945.125000 646.127625 0.000000 528.460022
4945.125000 646.127625 0.000000 528.565002
4945.125000 646.127625 0.000000 528.659973
4945.125000 646.127625 0.000000 528.775024
4945.125000 646.127625 0.000000 528.869995
4945.125000 646.127625 0.000000 528.965027
4945.125000 646.127625 0.000000 529.075012
4945.125000 646.127625 0.000000 529.169983
4945.125000 646.127625 0.000000 529.260010
4945.125000 646.127625 0.000000 529.375000
4945.125000 646.127625 0.000000 529.465027
4945.125000 646.127625 0.000000 529.570007
4945.125000 646.127625 0.000000 529.659973
4945.125000 646.127625 0.000000 529.775024
4945.125000 646.127625 0.000000 529.875000
4945.125000 646.127625 0.000000 529.969971
4945.125000 646.127625 0.000000 530.075012
4945.125000 646.127625 0.000000 530.179993
4945.125000 646.127625 0.000000 530.265015
4945.125000 646.127625 0.000000 530.380005
4945.125000 646.127625 0.000000 530.460022
4945.125000 646.127625 0.000000 530.575012
4945.125000 646.127625 0.000000 530.679993
4945.125000 646.127625 0.000000 530.765015
4945.125000 646.127625 0.000000 530.875000
4945.125000 646.127625 0.000000 530.960022
4945.125000 646.127625 0.000000 531.075012
4945.125000 646.127625 0.000000 531.159973
4945.125000 646.127625 0.000000 531.275024
4945.125000 646.127625 0.000000 531.369995
4945.125000 646.127625 0.000000 531.469971
4945.125000 646.127625 0.000000 531.559998
4945.125000 646.127625 0.000000 531.679993
4945.125000 646.127625 0.000000 531.775024
4945.125000 646.127625 0.000000 531.864990
4945.125000 646.127625 0.000000 531.974976
4945.125000 646.127625 0.000000 532.065002
4945.125000 646.127625 0.000000 532.169983
4945.125000 646.127625 0.000000 532.260010
4945.125000 646.127625 0.000000 532.375000
4945.125000 646.127625 0.000000 532.460022
4945.125000 646.127625 0.000000 532.575012
4945.125000 646.127625 0.000000 532.674988
4945.125000 646.127625 0.000000 532.760010
4945.125000 646.127625 0.000000 532.875000
4945.125000 646.127625 0.000000 532.960022
4945.125000 646.127625 0.000000 533.070007
4945.125000 646.127625 0.000000 533.169983
4945.125000 646.127625 0.000000 533.270020
4945.125000 646.127625 0.000000 533.375000
4945.125000 646.127625 0.000000 533.460022
4945.125000 646.127625 0.000000 533.575012
4945.125000 646.127625 0.000000 533.664978
4945.125000 646.127625 0.000000 533.775024
4945.125000 646.127625 0.000000 533.864990
4945.125000 646.127625 0.000000 533.965027
4945.125000 646.127625 0.000000 534.059998
4945.125000 646.127625 0.000000 534.174988
4945.125000 646.127625 0.000000 534.265015
4945.125000 646.127625 0.000000 534.375000
4945.125000 646.127625 0.000000 534.465027
4945.125000 646.127625 0.000000 534.575012
4945.125000 646.127625 0.000000 534.659973
4945.125000 646.127625 0.000000 534.775024
4945.125000 646.127625 0.000000 534.864990
4945.125000 646.127625 0.000000 534.974976
4945.125000 646.127625 0.000000 535.054993
4945.125000 646.127625 0.000000 535.164978
4945.125000 646.127625 0.000000 535.270020
4945.125000 646.127625 0.000000 535.359985
4945.125000 646.127625 0.000000 535.474976
4945.125000 646.127625 0.000000 535.575012
4945.125000 646.127625 0.000000 535.664978
4945.125000 646.127625 0.000000 535.775024
4945.125000 646.127625 0.000000 535.864990
4945.125000 646.127625 0.000000 535.969971
4945.125000 646.127625 0.000000 536.080017
4945.125000 646.127625 0.000000 536.169983
4945.125000 646.127625 0.000000 536.275024
4945.125000 646.127625 0.000000 536.380005
4945.125000 646.127625 0.000000 536.469971
4945.125000 646.127625 0.000000 536.575012
4945.125000 646.127625 0.000000 536.659973
4945.125000 646.127625 0.000000 536.780029
4945.125000 646.127625 0.000000 536.864990
4945.125000 646.127625 0.000000 536.969971
4945.125000 646.127625 0.000000 537.075012
4945.125000 646.127625 0.000000 537.164978
4945.125000 646.127625 0.000000 537.270020
4945.125000 646.127625 0.000000 537.359985
4945.125000 646.127625 0.000000 537.474976
4945.125000 646.127625 0.000000 537.580017
4945.125000 646.127625 0.000000 537.664978
4945.125000 646.127625 0.000000 537.770020
4945.125000 646.127625 0.000000 537.875000
4945.125000 646.127625 0.000000 537.960022
4945.125000 646.127625 0.000000 538.065002
4945.125000 646.127625 0.000000 538.179993
4945.125000 646.127625 0.000000 538.265015
4945.125000 646.127625 0.000000 538.375977
4945.125000 646.127625 0.000000 538.469971
4945.125000 646.127625 0.000000 538.575012
4945.125000 646.127625 0.000000 538.674988
4945.125000 646.127625 0.000000 538.770020
4945.125000 646.127625 0.000000 538.854980
4945.125000 646.127625 0.000000 538.965027
4945.125000 646.127625 0.000000 539.080017
4945.125000 646.127625 0.000000 539.164978
4945.125000 646.127625 0.000000 539.265015
4945.125000 646.127625 0.000000 539.369995
4945.125000 646.127625 0.000000 539.460022
4945.125000 646.127625 0.000000 539.575012
4945.125000 646.127625 0.000000 539.659973
4945.125000 646.127625 0.000000 539.775024
4945.125000 646.127625 0.000000 539.864990
4945.125000 646.127625 0.000000 539.976013
4945.125000 646.127625 0.000000 540.059998
4945.125000 646.127625 0.000000 540.174988
4945.125000 646.127625 0.000000 540.275024
4945.125000 646.127625 0.000000 540.380005
4945.125000 646.127625 0.000000 540.469971
4945.125000 646.127625 0.000000 540.554993
4945.125000 646.127625 0.000000 540.664978
4945.125000 646.127625 0.000000 540.770020
4945.125000 646.127625 0.000000 540.880005
4945.125000 646.127625 0.000000 540.965027
4945.125000 646.127625 0.000000 541.075012
4945.125000 646.127625 0.000000 541.164978
4945.125000 646.127625 0.000000 541.275024
4945.125000 646.127625 0.000000 541.369995
4945.125000 646.127625 0.000000 541.465027
4945.125000 646.127625 0.000000 541.570007
4945.125000 646.127625 0.000000 541.655029
4945.125000 646.127625 0.000000 541.770020
4945.125000 646.127625 0.000000 541.880005
4945.125000 646.127625 0.000000 541.965027
4945.125000 646.127625 0.000000 542.070007
4945.125000 646.127625 0.000000 542.155029
4945.125000 646.127625 0.000000 542.275024
4945.125000 646.127625 0.000000 542.380005
4945.125000 646.127625 0.000000 542.474976
4945.125000 646.127625 0.000000 542.559998
4945.125000 646.127625 0.000000 542.674988
4945.125000 646.127625 0.000000 542.765015
4945.125000 646.127625 0.000000 542.875000
4945.125000 646.127625 0.000000 542.965027
4945.125000 646.127625 0.000000 543.070007
4945.125000 646.127625 0.000000 543.174988
4945.125000 646.127625 0.000000 543.280029
4945.125000 646.127625 0.000000 543.375000
4945.125000 646.127625 0.000000 543.479980
4945.125000 646.127625 0.000000 543.580017
4945.125000 646.127625 0.000000 543.674988
4945.125000 646.127625 0.000000 543.760010
4945.125000 646.127625 0.000000 543.875000
4945.125000 646.127625 0.000000 543.969971
4945.125000 646.127625 0.000000 544.054993
4945.125000 646.127625 0.000000 544.169983
4945.125000 646.127625 0.000000 544.275024
4945.125000 646.127625 0.000000 544.359985
4945.125000 646.127625 0.000000 544.474976
4945.125000 646.127625 0.000000 544.559998
4945.125000 646.127625 0.000000 544.669983
4945.125000 646.127625 0.000000 544.775024
4945.125000 646.127625 0.000000 544.864990
4945.125000 646.127625 0.000000 544.974976
4945.125000 646.127625 0.000000 545.059998
4945.125000 646.127625 0.000000 545.169983
4945.125000 646.127625 0.000000 545.260010
4945.125000 646.127625 0.000000 545.369995
4945.125000 646.127625 0.000000 545.469971
4945.125000 646.127625 0.000000 545.570007
4945.125000 646.127625 0.000000 545.674988
4945.125000 646.127625 0.000000 545.765015
4945.125000 646.127625 0.000000 545.875000
4945.125000 646.127625 0.000000 545.974976
4945.125000 646.127625 0.000000 546.059998
4945.125000 646.127625 0.000000 546.179993
4945.125000 646.127625 0.000000 546.275024
4945.125000 646.127625 0.000000 546.380005
4945.125000 646.127625 0.000000 546.469971
4945.125000 646.127625 0.000000 546.575989
4945.125000 646.127625 0.000000 546.664978
4945.125000 646.127625 0.000000 546.770020
4945.125000 646.127625 0.000000 546.864990
4945.125000 646.127625 0.000000 546.969971
4945.125000 646.127625 0.000000 547.080017
4945.125000 646.127625 0.000000 547.164978
4945.125000 646.127625 0.000000 547.275024
4945.125000 646.127625 0.000000 547.359985
4945.125000 646.127625 0.000000 547.469971
4945.125000 646.127625 0.000000 547.575012
4945.125000 646.127625 0.000000 547.664978
4945.125000 646.127625 0.000000 547.775024
4945.125000 646.127625 0.000000 547.859985
4945.125000 646.127625 0.000000 547.965027
4945.125000 646.127625 0.000000 548.075012
4945.125000 646.127625 0.000000 548.159973
4945.125000 646.127625 0.000000 548.275024
4945.125000 646.127625 0.000000 548.369995
4945.125000 646.127625 0.000000 548.474976
4945.125000 646.127625 0.000000 548.565002
4945.125000 646.127625 0.000000 548.674988
4945.125000 646.127625 0.000000 548.760010
4945.125000 646.127625 0.000000 548.869995
4945.125000 646.127625 0.000000 548.979980
4945.125000 646.127625 0.000000 549.065002
4945.125000 646.127625 0.000000 549.174988
4945.125000 646.127625 0.000000 549.260010
4945.125000 646.127625 0.000000 549.369995
4945.125000 646.127625 0.000000 549.469971
4945.125000 646.127625 0.000000 549.575012
4945.125000 646.127625 0.000000 549.669983
4945.125000 646.127625 0.000000 549.775024
4945.125000 646.127625 0.000000 549.880005
4945.125000 646.127625 0.000000 549.965027
4945.125000 646.127625 0.000000 550.075012
4945.125000 646.127625 0.000000 550.159973
4945.125000 646.127625 0.000000 550.275024
4945.125000 646.127625 0.000000 550.364990
4945.125000 646.127625 0.000000 550.474976
4945.125000 646.127625 0.000000 550.565002
4945.125000 646.127625 0.000000 550.674988
4945.125000 646.127625 0.000000 550.765015
4945.125000 646.127625 0.000000 550.875000
4945.125000 646.127625 0.000000 550.965027
4945.125000 646.127625 0.000000 551.075012
4945.125000 646.127625 0.000000 551.164978
4945.125000 646.127625 0.000000 551.275024
4945.125000 646.127625 0.000000 551.354980
4945.125000 646.127625 0.000000 551.465027
4945.125000 646.127625 0.000000 551.575012
4945.125000 646.127625 0.000000 551.659973
4945.125000 646.127625 0.000000 551.770020
4945.125000 646.127625 0.000000 551.859985
4945.125000 646.127625 0.000000 551.969971
4945.125000 646.127625 0.000000 552.075012
4945.125000 646.127625 0.000000 552.164978
4945.125000 646.127625 0.000000 552.275024
4945.125000 646.127625 0.000000 552.359985
4945.125000 646.127625 0.000000 552.469971
4945.125000 646.127625 0.000000 552.575012
4945.125000 646.127625 0.000000 552.655029
4945.125000 646.127625 0.000000 552.770020
4945.125000 646.127625 0.000000 552.875000
4945.125000 646.127625 0.000000 552.965027
4945.125000 646.127625 0.000000 553.075012
4945.125000 646.127625 0.000000 553.164978
4945.125000 646.127625 0.000000 553.265015
4945.125000 646.127625 0.000000 553.354980
4945.125000 646.127625 0.000000 553.469971
4945.125000 646.127625 0.000000 553.559998
4945.125000 646.127625 0.000000 553.664978
4945.125000 646.127625 0.000000 553.780029
4945.125000 646.127625 0.000000 553.864990
4945.125000 646.127625 0.000000 553.974976
4945.125000 646.127625 0.000000 554.070007
4945.125000 646.127625 0.000000 554.155029
4945.125000 646.127625 0.000000 554.265015
4945.125000 646.127625 0.000000 554.369995
4945.125000 646.127625 0.000000 554.460022
4945.125000 646.127625 0.000000 554.575012
4945.125000 646.127625 0.000000 554.669983
4945.125000 646.127625 0.000000 554.775024
4945.125000 646.127625 0.000000 554.854980
4945.125000 646.127625 0.000000 554.974976
4945.125000 646.127625 0.000000 555.059998
4945.125000 646.127625 0.000000 555.169983
4945.125000 646.127625 0.000000 555.275024
4945.125000 646.127625 0.000000 555.369995
4945.125000 646.127625 0.000000 555.479980
4945.125000 646.127625 0.000000 555.565002
4945.125000 646.127625 0.000000 555.674988
4945.125000 646.127625 0.000000 555.765015
4945.125000 646.127625 0.000000 555.869995
4945.125000 646.127625 0.000000 555.974976
4945.125000 646.127625 0.000000 556.054993
4945.125000 646.127625 0.000000 556.179993
4945.125000 646.127625 0.000000 556.265015
4945.125000 646.127625 0.000000 556.375000
4945.125000 646.127625 0.000000 556.460022
4945.125000 646.127625 0.000000 556.575012
4945.125000 646.127625 0.000000 556.659973
4945.125000 646.127625 0.000000 556.775024
4945.125000 646.127625 0.000000 556.859985
4945.125000 646.127625 0.000000 556.974976
4945.125000 646.127625 0.000000 557.065002
4945.125000 646.127625 0.000000 557.174988
4945.125000 646.127625 0.000000 557.265015
4945.125000 646.127625 0.000000 557.375000
4945.125000 646.127625 0.000000 557.460022
4945.125000 646.127625 0.000000 557.575012
4945.125000 646.127625 0.000000 557.679993
4945.125000 646.127625 0.000000 557.765015
4945.125000 646.127625 0.000000 557.869995
4945.125000 646.127625 0.000000 557.979980
4945.125000 646.127625 0.000000 558.070007
4945.125000 646.127625 0.000000 558.174988
4945.125000 646.127625 0.000000 558.265015
4945.125000 646.127625 0.000000 558.369995
4945.125000 646.127625 0.000000 558.474976
4945.125000 646.127625 0.000000 558.559998
4945.125000 646.127625 0.000000 558.669983
4945.125000 646.127625 0.000000 558.775024
4945.125000 646.127625 0.000000 558.880005
4945.125000 646.127625 0.000000 558.965027
4945.125000 646.127625 0.000000 559.075012
4945.125000 646.127625 0.000000 559.164978
4945.125000 646.127625 0.000000 559.281006
4945.125000 646.127625 0.000000 559.359985
4945.125000 646.127625 0.000000 559.474976
4945.125000 646.127625 0.000000 559.565002
4945.125000 646.127625 0.000000 559.674988
4945.125000 646.127625 0.000000 559.760010
4945.125000 646.127625 0.000000 559.869995
4945.125000 646.127625 0.000000 559.960022
4945.125000 646.127625 0.000000 560.075012
4945.125000 646.127625 0.000000 560.179993
4945.125000 646.127625 0.000000 560.265015
4945.125000 646.127625 0.000000 560.369995
4945.125000 646.127625 0.000000 560.465027
4945.125000 646.127625 0.000000 560.575012
4945.125000 646.127625 0.000000 560.674988
4945.125000 646.127625 0.000000 560.765015
4945.125000 646.127625 0.000000 560.875000
4945.125000 646.127625 0.000000 560.969971
4945.125000 646.127625 0.000000 561.075012
4945.125000 646.127625 0.000000 561.174988
4945.125000 646.127625 0.000000 561.265015
4945.125000 646.127625 0.000000 561.375000
4945.125000 646.127625 0.000000 561.465027
4945.125000 646.127625 0.000000 561.575012
4945.125000 646.127625 0.000000 561.664978
4945.125000 646.127625 0.000000 561.775024
4945.125000 646.127625 0.000000 561.864990
4945.125000 646.127625 0.000000 561.979980
4945.125000 646.127625 0.000000 562.059998
4945.125000 646.127625 0.000000 562.174988
4945.125000 646.127625 0.000000 562.265015
4945.125000 646.127625 0.000000 562.375000
4945.125000 646.127625 0.000000 562.460022
4945.125000 646.127625 0.000000 562.575012
4945.125000 646.127625 0.000000 562.664978
4945.125000 646.127625 0.000000 562.780029
4945.125000 646.127625 0.000000 562.864990
4945.125000 646.127625 0.000000 562.974976
4945.125000 646.127625 0.000000 563.059998
4945.125000 646.127625 0.000000 563.169983
4945.125000 646.127625 0.000000 563.275024
4945.125000 646.127625 0.000000 563.359985
4945.125000 646.127625 0.000000 563.474976
4945.125000 646.127625 0.000000 563.554993
4945.125000 646.127625 0.000000 563.664978
4945.125000 646.127625 0.000000 563.775024
4945.125000 646.127625 0.000000 563.864990
4945.125000 646.127625 0.000000 563.974976
4945.125000 646.127625 0.000000 564.059998
4945.125000 646.127625 0.000000 564.174988
4945.125000 646.127625 0.000000 564.265015
4945.125000 646.127625 0.000000 564.380981
4945.125000 646.127625 0.000000 564.469971
4945.125000 646.127625 0.000000 564.559998
4945.125000 646.127625 0.000000 564.669983
4945.125000 646.127625 0.000000 564.775024
4945.125000 646.127625 0.000000 564.880005
4945.125000 646.127625 0.000000 564.965027
4945.125000 646.127625 0.000000 565.075012
4945.125000 646.127625 0.000000 565.159973
4945.125000 646.127625 0.000000 565.275024
4945.125000 646.127625 0.000000 565.359985
4945.125000 646.127625 0.000000 565.469971
4945.125000 646.127625 0.000000 565.554993
4945.125000 646.127625 0.000000 565.676025
4945.125000 646.127625 0.000000 565.760010
4945.125000 646.127625 0.000000 565.875000
4945.125000 646.127625 0.000000 565.960022
4945.125000 646.127625 0.000000 566.075012
4945.125000 646.127625 0.000000 566.159973
4945.125000 646.127625 0.000000 566.270020
4945.125000 646.127625 0.000000 566.385010
4945.125000 646.127625 0.000000 566.465027
4945.125000 646.127625 0.000000 566.580017
4945.125000 646.127625 0.000000 566.674988
4945.125000 646.127625 0.000000 566.765015
4945.125000 646.127625 0.000000 566.875000
4945.125000 646.127625 0.000000 566.955017
4945.125000 646.127625 0.000000 567.075012
4945.125000 646.127625 0.000000 567.159973
4945.125000 646.127625 0.000000 567.270020
4945.125000 646.127625 0.000000 567.375000
4945.125000 646.127625 0.000000 567.465027
4945.125000 646.127625 0.000000 567.575012
4945.125000 646.127625 0.000000 567.659973
4945.125000 646.127625 0.000000 567.775024
4945.125000 646.127625 0.000000 567.880005
4945.125000 646.127625 0.000000 567.969971
4945.125000 646.127625 0.000000 568.080017
4945.125000 646.127625 0.000000 568.164978
4945.125000 646.127625 0.000000 568.270020
4945.125000 646.127625 0.000000 568.380005
4945.125000 646.127625 0.000000 568.465027
4945.125000 646.127625 0.000000 568.570007
4945.125000 646.127625 0.000000 568.679993
4945.125000 646.127625 0.000000 568.765015
4945.125000 646.127625 0.000000 568.875000
4945.125000 646.127625 0.000000 568.955017
4945.125000 646.127625 0.000000 569.075012
4945.125000 646.127625 0.000000 569.164978
4945.125000 646.127625 0.000000 569.270020
4945.125000 646.127625 0.000000 569.385010
4945.125000 646.127625 0.000000 569.469971
4945.125000 646.127625 0.000000 569.549988
4945.125000 646.127625 0.000000 569.664978
4945.125000 646.127625 0.000000 569.770020
4945.125000 646.127625 0.000000 569.875000
4945.125000 646.127625 0.000000 569.974976
4945.125000 646.127625 0.000000 570.059998
4945.125000 646.127625 0.000000 570.179993
4945.125000 646.127625 0.000000 570.265015
4945.125000 646.127625 0.000000 570.375000
4945.125000 646.127625 0.000000 570.465027
4945.125000 646.127625 0.000000 570.575012
4945.125000 646.127625 0.000000 570.664978
4945.125000 646.127625 0.000000 570.775024
4945.125000 646.127625 0.000000 570.859985
4945.125000 646.127625 0.000000 570.965027
4945.125000 646.127625 0.000000 571.080017
4945.125000 646.127625 0.000000 571.176025
4945.125000 646.127625 0.000000 571.265015
4945.125000 646.127625 0.000000 571.380005
4945.125000 646.127625 0.000000 571.460022
4945.125000 646.127625 0.000000 571.570007
4945.125000 646.127625 0.000000 571.669983
4945.125000 646.127625 0.000000 571.765015
4945.125000 646.127625 0.000000 571.875000
4945.125000 646.127625 0.000000 571.979980
4945.125000 646.127625 0.000000 572.075012
4945.125000 646.127625 0.000000 572.164978
4945.125000 646.127625 0.000000 572.280029
4945.125000 646.127625 0.000000 572.364990
4945.125000 646.127625 0.000000 572.474976
4945.125000 646.127625 0.000000 572.570007
4945.125000 646.127625 0.000000 572.679993
4945.125000 646.127625 0.000000 572.765015
4945.125000 646.127625 0.000000 572.875000
4945.125000 646.127625 0.000000 572.984985
4945.125000 646.127625 0.000000 573.065002
4945.125000 646.127625 0.000000 573.179993
4945.125000 646.127625 0.000000 573.265015
4945.125000 646.127625 0.000000 573.375000
4945.125000 646.127625 0.000000 573.474976
4945.125000 646.127625 0.000000 573.580017
4945.125000 646.127625 0.000000 573.669983
4945.125000 646.127625 0.000000 573.775024
4945.125000 646.127625 0.000000 573.869995
4945.125000 646.127625 0.000000 573.974976
4945.125000 646.127625 0.000000 574.065002
4945.125000 646.127625 0.000000 574.174988
4945.125000 646.127625 0.000000 574.260010
4945.125000 646.127625 0.000000 574.375000
4945.125000 646.127625 0.000000 574.460022
4945.125000 646.127625 0.000000 574.575012
4945.125000 646.127625 0.000000 574.664978
4945.125000 646.127625 0.000000 574.775024
4945.125000 646.127625 0.000000 574.864990
4945.125000 646.127625 0.000000 574.974976
4945.125000 646.127625 0.000000 575.059998
4945.125000 646.127625 0.000000 575.169983
4945.125000 646.127625 0.000000 575.284973
4945.125000 646.127625 0.000000 575.369995
4945.125000 646.127625 0.000000 575.484985
4945.125000 646.127625 0.000000 575.570007
4945.125000 646.127625 0.000000 575.684998
4945.125000 646.127625 0.000000 575.770020
4945.125000 646.127625 0.000000 575.880005
4945.125000 646.127625 0.000000 575.969971
4945.125000 646.127625 0.000000 576.075012
4945.125000 646.127625 0.000000 576.164978
4945.125000 646.127625 0.000000 576.270020
4945.125000 646.127625 0.000000 576.375000
4945.125000 646.127625 0.000000 576.465027
4945.125000 646.127625 0.000000 576.575012
4945.125000 646.127625 0.000000 576.664978
4945.125000 646.127625 0.000000 576.775024
4945.125000 646.127625 0.000000 576.880005
4945.125000 646.127625 0.000000 576.974976
4945.125000 646.127625 0.000000 577.070007
4945.125000 646.127625 0.000000 577.159973
4945.125000 646.127625 0.000000 577.275024
4945.125000 646.127625 0.000000 577.359985
4945.125000 646.127625 0.000000 577.465027
4945.125000 646.127625 0.000000 577.575012
4945.125000 646.127625 0.000000 577.664978
4945.125000 646.127625 0.000000 577.775024
4945.125000 646.127625 0.000000 577.875000
4945.125000 646.127625 0.000000 577.965027
4945.125000 646.127625 0.000000 578.075012
4945.125000 646.127625 0.000000 578.179993
4945.125000 646.127625 0.000000 578.270020
4945.125000 646.127625 0.000000 578.369995
4945.125000 646.127625 0.000000 578.455017
4945.125000 646.127625 0.000000 578.580017
4945.125000 646.127625 0.000000 578.659973
4945.125000 646.127625 0.000000 578.775024
4945.125000 646.127625 0.000000 578.864990
4945.125000 646.127625 0.000000 578.974976
4945.125000 646.127625 0.000000 579.065002
4945.125000 646.127625 0.000000 579.174988
4945.125000 646.127625 0.000000 579.260010
4945.125000 646.127625 0.000000 579.369995
4945.125000 646.127625 0.000000 579.474976
4945.125000 646.127625 0.000000 579.565002
4945.125000 646.127625 0.000000 579.674988
4945.125000 646.127625 0.000000 579.755005
4945.125000 646.127625 0.000000 579.864990
4945.125000 646.127625 0.000000 579.974976
4945.125000 646.127625 0.000000 580.075012
4945.125000 646.127625 0.000000 580.159973
4945.125000 646.127625 0.000000 580.281006
4945.125000 646.127625 0.000000 580.364990
4945.125000 646.127625 0.000000 580.474976
4945.125000 646.127625 0.000000 580.554993
4945.125000 646.127625 0.000000 580.664978
4945.125000 646.127625 0.000000 580.780029
4945.125000 646.127625 0.000000 580.869995
4945.125000 646.127625 0.000000 580.974976
4945.125000 646.127625 0.000000 581.080017
4945.125000 646.127625 0.000000 581.169983
4945.125000 646.127625 0.000000 581.275024
4945.125000 646.127625 0.000000 581.380005
4945.125000 646.127625 0.000000 581.465027
4945.125000 646.127625 0.000000 581.580017
4945.125000 646.127625 0.000000 581.669983
4945.125000 646.127625 0.000000 581.775024
4945.125000 646.127625 0.000000 581.859985
4945.125000 646.127625 0.000000 581.965027
4945.125000 646.127625 0.000000 582.075012
4945.125000 646.127625 0.000000 582.164978
4945.125000 646.127625 0.000000 582.280029
4945.125000 646.127625 0.000000 582.375000
4945.125000 646.127625 0.000000 582.460022
4945.125000 646.127625 0.000000 582.575012
4945.125000 646.127625 0.000000 582.674988
4945.125000 646.127625 0.000000 582.765015
4945.125000 646.127625 0.000000 582.875000
4945.125000 646.127625 0.000000 582.965027
4945.125000 646.127625 0.000000 583.075012
4945.125000 646.127625 0.000000 583.159973
4945.125000 646.127625 0.000000 583.265015
4945.125000 646.127625 0.000000 583.369995
4945.125000 646.127625 0.000000 583.474976
4945.125000 646.127625 0.000000 583.565002
4945.125000 646.127625 0.000000 583.674988
4945.125000 646.127625 0.000000 583.765015
4945.125000 646.127625 0.000000 583.869995
4945.125000 646.127625 0.000000 583.979980
4945.125000 646.127625 0.000000 584.070007
4945.125000 646.127625 0.000000 584.179993
4945.125000 646.127625 0.000000 584.265015
4945.125000 646.127625 0.000000 584.375000
4945.125000 646.127625 0.000000 584.469971
4945.125000 646.127625 0.000000 584.580017
4945.125000 646.127625 0.000000 584.674988
4945.125000 646.127625 0.000000 584.765015
4945.125000 646.127625 0.000000 584.875000
4945.125000 646.127625 0.000000 584.960022
4945.125000 646.127625 0.000000 585.070007
4945.125000 646.127625 0.000000 585.159973
4945.125000 646.127625 0.000000 585.275024
4945.125000 646.127625 0.000000 585.364990
4945.125000 646.127625 0.000000 585.479980
4945.125000 646.127625 0.000000 585.575012
4945.125000 646.127625 0.000000 585.664978
4945.125000 646.127625 0.000000 585.775024
4945.125000 646.127625 0.000000 585.864990
4945.125000 646.127625 0.000000 585.974976
4945.125000 646.127625 0.000000 586.059998
4945.125000 646.127625 0.000000 586.179993
4945.125000 646.127625 0.000000 586.265015
4945.125000 646.127625 0.000000 586.375000
4945.125000 646.127625 0.000000 586.465027
4945.125000 646.127625 0.000000 586.570007
4945.125000 646.127625 0.000000 586.679993
4945.125000 646.127625 0.000000 586.760010
4945.125000 646.127625 0.000000 586.875000
4945.125000 646.127625 0.000000 586.974976
4945.125000 646.127625 0.000000 587.075012
4945.125000 646.127625 0.000000 587.155029
4945.125000 646.127625 0.000000 587.265015
4945.125000 646.127625 0.000000 587.375000
4945.125000 646.127625 0.000000 587.484985
4945.125000 646.127625 0.000000 587.565002
4945.125000 646.127625 0.000000 587.674988
4945.125000 646.127625 0.000000 587.765015
4945.125000 646.127625 0.000000 587.875000
4945.125000 646.127625 0.000000 587.965027
4945.125000 646.127625 0.000000 588.075012
4945.125000 646.127625 0.000000 588.164978
4945.125000 646.127625 0.000000 588.280029
4945.125000 646.127625 0.000000 588.364990
4945.125000 646.127625 0.000000 588.474976
4945.125000 646.127625 0.000000 588.570007
4945.125000 646.127625 0.000000 588.674988
4945.125000 646.127625 0.000000 588.765015
4945.125000 646.127625 0.000000 588.869995
4945.125000 646.127625 0.000000 588.974976
4945.125000 646.127625 0.000000 589.080017
4945.125000 646.127625 0.000000 589.174988
4945.125000 646.127625 0.000000 589.280029
4945.125000 646.127625 0.000000 589.375000
4945.125000 646.127625 0.000000 589.455017
4945.125000 646.127625 0.000000 589.570007
4945.125000 646.127625 0.000000 589.664978
4945.125000 646.127625 0.000000 589.780029
4945.125000 646.127625 0.000000 589.864990
4945.125000 646.127625 0.000000 589.974976
4945.125000 646.127625 0.000000 590.075012
4945.125000 646.127625 0.000000 590.159973
4945.125000 646.127625 0.000000 590.275024
4945.125000 646.127625 0.000000 590.375000
4945.125000 646.127625 0.000000 590.460022
4945.125000 646.127625 0.000000 590.575012
4945.125000 646.127625 0.000000 590.684998
4945.125000 646.127625 0.000000 590.770020
4945.125000 646.127625 0.000000 590.880005
4945.125000 646.127625 0.000000 590.965027
4945.125000 646.127625 0.000000 591.075012
4945.125000 646.127625 0.000000 591.159973
4945.125000 646.127625 0.000000 591.275024
4945.125000 646.127625 0.000000 591.369995
4945.125000 646.127625 0.000000 591.474976
4945.125000 646.127625 0.000000 591.570007
4945.125000 646.127625 0.000000 591.679993
4945.125000 646.127625 0.000000 591.775024
4945.125000 646.127625 0.000000 591.859985
4945.125000 646.127625 0.000000 591.974976
4945.125000 646.127625 0.000000 592.054993
4945.125000 646.127625 0.000000 592.174988
4945.125000 646.127625 0.000000 592.260010
4945.125000 646.127625 0.000000 592.375000
4945.125000 646.127625 0.000000 592.469971
4945.125000 646.127625 0.000000 592.580017
4945.125000 646.127625 0.000000 592.664978
4945.125000 646.127625 0.000000 592.780029
4945.125000 646.127625 0.000000 592.864990
4945.125000 646.127625 0.000000 592.974976
4945.125000 646.127625 0.000000 593.075012
4945.125000 646.127625 0.000000 593.169983
4945.125000 646.127625 0.000000 593.275024
4945.125000 646.127625 0.000000 593.359985
4945.125000 646.127625 0.000000 593.474976
4945.125000 646.127625 0.000000 593.570007
4945.125000 646.127625 0.000000 593.655029
4945.125000 646.127625 0.000000 593.770020
4945.125000 646.127625 0.000000 593.885010
4945.125000 646.127625 0.000000 593.965027
4945.125000 646.127625 0.000000 594.070007
4945.125000 646.127625 0.000000 594.159973
4945.125000 646.127625 0.000000 594.275024
4945.125000 646.127625 0.000000 594.380005
4945.125000 646.127625 0.000000 594.474976
4945.125000 646.127625 0.000000 594.565002
4945.125000 646.127625 0.000000 594.674988
4945.125000 646.127625 0.000000 594.775024
4945.125000 646.127625 0.000000 594.869995
4945.125000 646.127625 0.000000 594.974976
4945.125000 646.127625 0.000000 595.065002
4945.125000 646.127625 0.000000 595.169983
4945.125000 646.127625 0.000000 595.260010
4945.125000 646.127625 0.000000 595.375000
4945.125000 646.127625 0.000000 595.479980
4945.125000 646.127625 0.000000 595.565002
4945.125000 646.127625 0.000000 595.674988
4945.125000 646.127625 0.000000 595.760010
4945.125000 646.127625 0.000000 595.869995
4945.125000 646.127625 0.000000 595.979980
4945.125000 646.127625 0.000000 596.065002
4945.125000 646.127625 0.000000 596.176025
4945.125000 646.127625 0.000000 596.265015
4945.125000 646.127625 0.000000 596.364990
4945.125000 646.127625 0.000000 596.474976
4945.125000 646.127625 0.000000 596.580017
4945.125000 646.127625 0.000000 596.674988
4945.125000 646.127625 0.000000 596.775024
4945.125000 646.127625 0.000000 596.864990
4945.125000 646.127625 0.000000 596.976013
4945.125000 646.127625 0.000000 597.059998
4945.125000 646.127625 0.000000 597.164978
4945.125000 646.127625 0.000000 597.275024
4945.125000 646.127625 0.000000 597.380005
4945.125000 646.127625 0.000000 597.465027
4945.125000 646.127625 0.000000 597.580017
4945.125000 646.127625 0.000000 597.664978
4945.125000 646.127625 0.000000 597.775024
4945.125000 646.127625 0.000000 597.864990
4945.125000 646.127625 0.000000 597.974976
4945.125000 646.127625 0.000000 598.065002
4945.125000 646.127625 0.000000 598.179993
4945.125000 646.127625 0.000000 598.275024
4945.125000 646.127625 0.000000 598.364990
4945.125000 646.127625 0.000000 598.476013
4945.125000 646.127625 0.000000 598.559998
4945.125000 646.127625 0.000000 598.674988
4945.125000 646.127625 0.000000 598.780029
4945.125000 646.127625 0.000000 598.864990
4945.125000 646.127625 0.000000 598.979980
4945.125000 646.127625 0.000000 599.065002
4945.125000 646.127625 0.000000 599.174988
4945.125000 646.127625 0.000000 599.260010
4945.125000 646.127625 0.000000 599.375000
4945.125000 646.127625 0.000000 599.465027
4945.125000 646.127625 0.000000 599.575012
4945.125000 646.127625 0.000000 599.664978
4945.125000 646.127625 0.000000 599.780029
4945.125000 646.127625 0.000000 599.864990
4945.125000 646.127625 0.000000 599.969971
4945.125000 646.127625 0.000000 600.075012
4945.125000 646.127625 0.000000 600.159973
4945.125000 646.127625 0.000000 600.275024
4945.125000 646.127625 0.000000 600.364990
4945.125000 646.127625 0.000000 600.474976
4945.125000 646.127625 0.000000 600.565002
4945.125000 646.127625 0.000000 600.674988
4945.125000 646.127625 0.000000 600.755005
4945.125000 646.127625 0.000000 600.864990
4945.125000 646.127625 0.000000 600.974976
4945.125000 646.127625 0.000000 601.065002
4945.125000 646.127625 0.000000 601.174988
4945.125000 646.127625 0.000000 601.265015
4945.125000 646.127625 0.000000 601.375000
4945.125000 646.127625 0.000000 601.474976
4945.125000 646.127625 0.000000 601.570007
4945.125000 646.127625 0.000000 601.655029
4945.125000 646.127625 0.000000 601.765015
4945.125000 646.127625 0.000000 601.875000
4945.125000 646.127625 0.000000 601.960022
4945.125000 646.127625 0.000000 602.075012
4945.125000 646.127625 0.000000 602.159973
4945.125000 646.127625 0.000000 602.275024
4945.125000 646.127625 0.000000 602.375000
4945.125000 646.127625 0.000000 602.465027
4945.125000 646.127625 0.000000 602.570007
4945.125000 646.127625 0.000000 602.664978
4945.125000 646.127625 0.000000 602.775024
4945.125000 646.127625 0.000000 602.864990
4945.125000 646.127625 0.000000 602.974976
4945.125000 646.127625 0.000000 603.059998
4945.125000 646.127625 0.000000 603.174988
4945.125000 646.127625 0.000000 603.260010
4945.125000 646.127625 0.000000 603.380005
4945.125000 646.127625 0.000000 603.474976
4945.125000 646.127625 0.000000 603.559998
4945.125000 646.127625 0.000000 603.669983
4945.125000 646.127625 0.000000 603.780029
4945.125000 646.127625 0.000000 603.864990
4945.125000 646.127625 0.000000 603.979980
4945.125000 646.127625 0.000000 604.059998
4945.125000 646.127625 0.000000 604.169983
4945.125000 646.127625 0.000000 604.281006
4945.125000 646.127625 0.000000 604.369995
4945.125000 646.127625 0.000000 604.474976
4945.125000 646.127625 0.000000 604.570007
4945.125000 646.127625 0.000000 604.655029
4945.125000 646.127625 0.000000 604.765015
4945.125000 646.127625 0.000000 604.875000
4945.125000 646.127625 0.000000 604.960022
4945.125000 646.127625 0.000000 605.075012
4945.125000 646.127625 0.000000 605.164978
4945.125000 646.127625 0.000000 605.270020
4945.125000 646.127625 0.000000 605.375000
4945.125000 646.127625 0.000000 605.474976
4945.125000 646.127625 0.000000 605.559998
4945.125000 646.127625 0.000000 605.674988
4945.125000 646.127625 0.000000 605.770020
4945.125000 646.127625 0.000000 605.854980
4945.125000 646.127625 0.000000 605.979980
4945.125000 646.127625 0.000000 606.065002
4945.125000 646.127625 0.000000 606.164978
4945.125000 646.127625 0.000000 606.280029
4945.125000 646.127625 0.000000 606.375000
4945.125000 646.127625 0.000000 606.460022
4945.125000 646.127625 0.000000 606.575012
4945.125000 646.127625 0.000000 606.679993
4945.125000 646.127625 0.000000 606.765015
4945.125000 646.127625 0.000000 606.875000
4945.125000 646.127625 0.000000 606.960022
4945.125000 646.127625 0.000000 607.075012
4945.125000 646.127625 0.000000 607.184998
4945.125000 646.127625 0.000000 607.265015
4945.125000 646.127625 0.000000 607.375000
4945.125000 646.127625 0.000000 607.469971
4945.125000 646.127625 0.000000 607.565002
4945.125000 646.127625 0.000000 607.674988
4945.125000 646.127625 0.000000 607.765015
4945.125000 646.127625 0.000000 607.869995
4945.125000 646.127625 0.000000 607.960022
4945.125000 646.127625 0.000000 608.070007
4945.125000 646.127625 0.000000 608.155029
4945.125000 646.127625 0.000000 608.270020
4945.125000 646.127625 0.000000 608.364990
4945.125000 646.127625 0.000000 608.474976
4945.125000 646.127625 0.000000 608.565002
4945.125000 646.127625 0.000000 608.679993
4945.125000 646.127625 0.000000 608.765015
4945.125000 646.127625 0.000000 608.875000
4945.125000 646.127625 0.000000 608.974976
4945.125000 646.127625 0.000000 609.059998
4945.125000 646.127625 0.000000 609.174988
4945.125000 646.127625 0.000000 609.270020
4945.125000 646.127625 0.000000 609.375000
4945.125000 646.127625 0.000000 609.474976
4945.125000 646.127625 0.000000 609.565002
4945.125000 646.127625 0.000000 609.679993
4945.125000 646.127625 0.000000 609.765015
4945.125000 646.127625 0.000000 609.880005
4945.125000 646.127625 0.000000 609.965027
4945.125000 646.127625 0.000000 610.075012
4945.125000 646.127625 0.000000 610.164978
4945.125000 646.127625 0.000000 610.270020
4945.125000 646.127625 0.000000 610.375000
4945.125000 646.127625 0.000000 610.479980
4945.125000 646.127625 0.000000 610.565002
4945.125000 646.127625 0.000000 610.674988
4945.125000 646.127625 0.000000 610.775024
4945.125000 646.127625 0.000000 610.864990
4945.125000 646.127625 0.000000 610.979980
4945.125000 646.127625 0.000000 611.059998
4945.125000 646.127625 0.000000 611.176025
4945.125000 646.127625 0.000000 611.260010
4945.125000 646.127625 0.000000 611.375000
4945.125000 646.127625 0.000000 611.460022
4945.125000 646.127625 0.000000 611.570007
4945.125000 646.127625 0.000000 611.679993
4945.125000 646.127625 0.000000 611.765015
4945.125000 646.127625 0.000000 611.875000
4945.125000 646.127625 0.000000 611.979980
4945.125000 646.127625 0.000000 612.065002
4945.125000 646.127625 0.000000 612.179993
4945.125000 646.127625 0.000000 612.270020
4945.125000 646.127625 0.000000 612.375000
4945.125000 646.127625 0.000000 612.460022
4945.125000 646.127625 0.000000 612.580017
4945.125000 646.127625 0.000000 612.669983
4945.125000 646.127625 0.000000 612.775024
4945.125000 646.127625 0.000000 612.864990
4945.125000 646.127625 0.000000 612.974976
4945.125000 646.127625 0.000000 613.054993
4945.125000 646.127625 0.000000 613.164978
4945.125000 646.127625 0.000000 613.275024
4945.125000 646.127625 0.000000 613.359985
4945.125000 646.127625 0.000000 613.469971
4945.125000 646.127625 0.000000 613.575012
4945.125000 646.127625 0.000000 613.664978
4945.125000 646.127625 0.000000 613.770020
4945.125000 646.127625 0.000000 613.875000
4945.125000 646.127625 0.000000 613.965027
4945.125000 646.127625 0.000000 614.075012
4945.125000 646.127625 0.000000 614.159973
4945.125000 646.127625 0.000000 614.275024
4945.125000 646.127625 0.000000 614.359985
4945.125000 646.127625 0.000000 614.474976
4945.125000 646.127625 0.000000 614.570007
4945.125000 646.127625 0.000000 614.674988
4945.125000 646.127625 0.000000 614.784973
4945.125000 646.127625 0.000000 614.864990
4945.125000 646.127625 0.000000 614.969971
4945.125000 646.127625 0.000000 615.075012
4945.125000 646.127625 0.000000 615.164978
4945.125000 646.127625 0.000000 615.265015
4945.125000 646.127625 0.000000 615.375000
4945.125000 646.127625 0.000000 615.460022
4945.125000 646.127625 0.000000 615.570007
4945.125000 646.127625 0.000000 615.674988
4945.125000 646.127625 0.000000 615.775024
4945.125000 646.127625 0.000000 615.885010
4945.125000 646.127625 0.000000 615.969971
4945.125000 646.127625 0.000000 616.075012
4945.125000 646.127625 0.000000 616.159973
4945.125000 646.127625 0.000000 616.275024
4945.125000 646.127625 0.000000 616.375000
4945.125000 646.127625 0.000000 616.460022
4945.125000 646.127625 0.000000 616.580017
4945.125000 646.127625 0.000000 616.659973
4945.125000 646.127625 0.000000 616.770020
4945.125000 646.127625 0.000000 616.885010
4945.125000 646.127625 0.000000 616.965027
4945.125000 646.127625 0.000000 617.075012
4945.125000 646.127625 0.000000 617.159973
4945.125000 646.127625 0.000000 617.270020
4945.125000 646.127625 0.000000 617.375000
4945.125000 646.127625 0.000000 617.460022
4945.125000 646.127625 0.000000 617.575012
4945.125000 646.127625 0.000000 617.664978
4945.125000 646.127625 0.000000 617.775024
4945.125000 646.127625 0.000000 617.854980
4945.125000 646.127625 0.000000 617.974976
4945.125000 646.127625 0.000000 618.059998
4945.125000 646.127625 0.000000 618.174988
4945.125000 646.127625 0.000000 618.265015
4945.125000 646.127625 0.000000 618.375000
4945.125000 646.127625 0.000000 618.460022
4945.125000 646.127625 0.000000 618.575012
4945.125000 646.127625 0.000000 618.655029
4945.125000 646.127625 0.000000 618.765015
4945.125000 646.127625 0.000000 618.875000
4945.125000 646.127625 0.000000 618.960022
4945.125000 646.127625 0.000000 619.075012
4945.125000 646.127625 0.000000 619.164978
4945.125000 646.127625 0.000000 619.275024
4945.125000 646.127625 0.000000 619.359985
4945.125000 646.127625 0.000000 619.479980
4945.125000 646.127625 0.000000 619.559998
4945.125000 646.127625 0.000000 619.674988
4945.125000 646.127625 0.000000 619.775024
4945.125000 646.127625 0.000000 619.864990
4945.125000 646.127625 0.000000 619.969971
4945.125000 646.127625 0.000000 620.054993
4945.125000 646.127625 0.000000 620.174988
4945.125000 646.127625 0.000000 620.260010
4945.125000 646.127625 0.000000 620.375000
4945.125000 646.127625 0.000000 620.465027
4945.125000 646.127625 0.000000 620.570007
4945.125000 646.127625 0.000000 620.679993
4945.125000 646.127625 0.000000 620.770020
4945.125000 646.127625 0.000000 620.875000
4945.125000 646.127625 0.000000 620.955017
4945.125000 646.127625 0.000000 621.075012
4945.125000 646.127625 0.000000 621.179993
4945.125000 646.127625 0.000000 621.270020
4945.125000 646.127625 0.000000 621.375000
4945.125000 646.127625 0.000000 621.469971
4945.125000 646.127625 0.000000 621.565002
4945.125000 646.127625 0.000000 621.664978
4945.125000 646.127625 0.000000 621.775024
4945.125000 646.127625 0.000000 621.859985
4945.125000 646.127625 0.000000 621.974976
4945.125000 646.127625 0.000000 622.059998
4945.125000 646.127625 0.000000 622.174988
4945.125000 646.127625 0.000000 622.265015
4945.125000 646.127625 0.000000 622.375000
4945.125000 646.127625 0.000000 622.474976
4945.125000 646.127625 0.000000 622.575012
4945.125000 646.127625 0.000000 622.669983
4945.125000 646.127625 0.000000 622.770020
4945.125000 646.127625 0.000000 622.859985
4945.125000 646.127625 0.000000 622.974976
4945.125000 646.127625 0.000000 623.075012
4945.125000 646.127625 0.000000 623.164978
4945.125000 646.127625 0.000000 623.275024
4945.125000 646.127625 0.000000 623.359985
4945.125000 646.127625 0.000000 623.469971
4945.125000 646.127625 0.000000 623.575012
4945.125000 646.127625 0.000000 623.669983
4945.125000 646.127625 0.000000 623.770020
4945.125000 646.127625 0.000000 623.869995
4945.125000 646.127625 0.000000 623.979980
4945.125000 646.127625 0.000000 624.065002
4945.125000 646.127625 0.000000 624.169983
4945.125000 646.127625 0.000000 624.275024
4945.125000 646.127625 0.000000 624.364990
4945.125000 646.127625 0.000000 624.479980
4945.125000 646.127625 0.000000 624.565002
4945.125000 646.127625 0.000000 624.674988
4945.125000 646.127625 0.000000 624.765015
4945.125000 646.127625 0.000000 624.880005
4945.125000 646.127625 0.000000 624.965027
4945.125000 646.127625 0.000000 625.075012
4945.125000 646.127625 0.000000 625.164978
4945.125000 646.127625 0.000000 625.275024
4945.125000 646.127625 0.000000 625.359985
4945.125000 646.127625 0.000000 625.479980
4945.125000 646.127625 0.000000 625.575012
4945.125000 646.127625 0.000000 625.664978
4945.125000 646.127625 0.000000 625.775024
4945.125000 646.127625 0.000000 625.875000
4945.125000 646.127625 0.000000 625.965027
4945.125000 646.127625 0.000000 626.075012
4945.125000 646.127625 0.000000 626.169983
4945.125000 646.127625 0.000000 626.275024
4945.125000 646.127625 0.000000 626.380005
4945.125000 646.127625 0.000000 626.465027
4945.125000 646.127625 0.000000 626.570007
4945.125000 646.127625 0.000000 626.669983
4945.125000 646.127625 0.000000 626.765015
4945.125000 646.127625 0.000000 626.880005
4945.125000 646.127625 0.000000 626.984985
4945.125000 646.127625 0.000000 627.065002
4945.125000 646.127625 0.000000 627.179993
4945.125000 646.127625 0.000000 627.265015
4945.125000 646.127625 0.000000 627.380005
4945.125000 646.127625 0.000000 627.465027
4945.125000 646.127625 0.000000 627.575012
4945.125000 646.127625 0.000000 627.659973
4945.125000 646.127625 0.000000 627.770020
4945.125000 646.127625 0.000000 627.859985
4945.125000 646.127625 0.000000 627.965027
4945.125000 646.127625 0.000000 628.075012
4945.125000 646.127625 0.000000 628.169983
4945.125000 646.127625 0.000000 628.280029
4945.125000 646.127625 0.000000 628.364990
4945.125000 646.127625 0.000000 628.479980
4945.125000 646.127625 0.000000 628.585022
4945.125000 646.127625 0.000000 628.669983
4945.125000 646.127625 0.000000 628.780029
4945.125000 646.127625 0.000000 628.864990
4945.125000 646.127625 0.000000 628.969971
4945.125000 646.127625 0.000000 629.075012
4945.125000 646.127625 0.000000 629.159973
4945.125000 646.127625 0.000000 629.270020
4945.125000 646.127625 0.000000 629.375000
4945.125000 646.127625 0.000000 629.474976
4945.125000 646.127625 0.000000 629.565002
4945.125000 646.127625 0.000000 629.674988
4945.125000 646.127625 0.000000 629.780029
4945.125000 646.127625 0.000000 629.880005
4945.125000 646.127625 0.000000 629.965027
4945.125000 646.127625 0.000000 630.080017
4945.125000 646.127625 0.000000 630.164978
4945.125000 646.127625 0.000000 630.275024
4945.125000 646.127625 0.000000 630.359985
4945.125000 646.127625 0.000000 630.479980
4945.125000 646.127625 0.000000 630.565002
4945.125000 646.127625 0.000000 630.674988
4945.125000 646.127625 0.000000 630.780029
4945.125000 646.127625 0.000000 630.864990
4945.125000 646.127625 0.000000 630.969971
4945.125000 646.127625 0.000000 631.065002
4945.125000 646.127625 0.000000 631.174988
4945.125000 646.127625 0.000000 631.255005
4945.125000 646.127625 0.000000 631.369995
4945.125000 646.127625 0.000000 631.465027
4945.125000 646.127625 0.000000 631.580017
4945.125000 646.127625 0.000000 631.664978
4945.125000 646.127625 0.000000 631.775024
4945.125000 646.127625 0.000000 631.864990
4945.125000 646.127625 0.000000 631.974976
4945.125000 646.127625 0.000000 632.070007
4945.125000 646.127625 0.000000 632.169983
4945.125000 646.127625 0.000000 632.270020
4945.125000 646.127625 0.000000 632.375000
4945.125000 646.127625 0.000000 632.465027
4945.125000 646.127625 0.000000 632.575012
4945.125000 646.127625 0.000000 632.679993
4945.125000 646.127625 0.000000 632.780029
4945.125000 646.127625 0.000000 632.864990
4945.125000 646.127625 0.000000 632.950012
4945.125000 646.127625 0.000000 633.065002
4945.125000 646.127625 0.000000 633.174988
4945.125000 646.127625 0.000000 633.260010
4945.125000 646.127625 0.000000 633.369995
4945.125000 646.127625 0.000000 633.479980
4945.125000 646.127625 0.000000 633.575012
4945.125000 646.127625 0.000000 633.664978
4945.125000 646.127625 0.000000 633.775024
4945.125000 646.127625 0.000000 633.859985
4945.125000 646.127625 0.000000 633.974976
4945.125000 646.127625 0.000000 634.059998
4945.125000 646.127625 0.000000 634.169983
4945.125000 646.127625 0.000000 634.275024
4945.125000 646.127625 0.000000 634.369995
4945.125000 646.127625 0.000000 634.460022
4945.125000 646.127625 0.000000 634.575012
4945.125000 646.127625 0.000000 634.669983
4945.125000 646.127625 0.000000 634.755005
4945.125000 646.127625 0.000000 634.864990
4945.125000 646.127625 0.000000 634.974976
4945.125000 646.127625 0.000000 635.059998
4945.125000 646.127625 0.000000 635.174988
4945.125000 646.127625 0.000000 635.260010
4945.125000 646.127625 0.000000 635.375000
4945.125000 646.127625 0.000000 635.479980
4945.125000 646.127625 0.000000 635.575012
4945.125000 646.127625 0.000000 635.669983
4945.125000 646.127625 0.000000 635.775024
4945.125000 646.127625 0.000000 635.875000
4945.125000 646.127625 0.000000 635.960022
4945.125000 646.127625 0.000000 636.075012
4945.125000 646.127625 0.000000 636.179993
4945.125000 646.127625 0.000000 636.280029
4945.125000 646.127625 0.000000 636.375000
4945.125000 646.127625 0.000000 636.465027
4945.125000 646.127625 0.000000 636.580017
4945.125000 646.127625 0.000000 636.674988
4945.125000 646.127625 0.000000 636.784973
4945.125000 646.127625 0.000000 636.864990
4945.125000 646.127625 0.000000 636.974976
4945.125000 646.127625 0.000000 637.080017
4945.125000 646.127625 0.000000 637.174988
4945.125000 646.127625 0.000000 637.265015
4945.125000 646.127625 0.000000 637.380005
4945.125000 646.127625 0.000000 637.465027
4945.125000 646.127625 0.000000 637.575012
4945.125000 646.127625 0.000000 637.655029
4945.125000 646.127625 0.000000 637.765015
4945.125000 646.127625 0.000000 637.875000
4945.125000 646.127625 0.000000 637.965027
4945.125000 646.127625 0.000000 638.080994
4945.125000 646.127625 0.000000 638.159973
4945.125000 646.127625 0.000000 638.275024
4945.125000 646.127625 0.000000 638.364990
4945.125000 646.127625 0.000000 638.474976
4945.125000 646.127625 0.000000 638.565002
4945.125000 646.127625 0.000000 638.674988
4945.125000 646.127625 0.000000 638.760010
4945.125000 646.127625 0.000000 638.880005
4945.125000 646.127625 0.000000 638.974976
4945.125000 646.127625 0.000000 639.085022
4945.125000 646.127625 0.000000 639.174988
4945.125000 646.127625 0.000000 639.260010
4945.125000 646.127625 0.000000 639.375000
4945.125000 646.127625 0.000000 639.469971
4945.125000 646.127625 0.000000 639.585022
4945.125000 646.127625 0.000000 639.669983
4945.125000 646.127625 0.000000 639.780029
4945.125000 646.127625 0.000000 639.864990
4945.125000 646.127625 0.000000 639.974976
4945.125000 646.127625 0.000000 640.059998
4945.125000 646.127625 0.000000 640.174988
4945.125000 646.127625 0.000000 640.260010
4945.125000 646.127625 0.000000 640.379028
4945.125000 646.127625 0.000000 640.460022
4945.125000 646.127625 0.000000 640.575012
4945.125000 646.127625 0.000000 640.669983
4945.125000 646.127625 0.000000 640.780029
4945.125000 646.127625 0.000000 640.864990
4945.125000 646.127625 0.000000 640.979980
4945.125000 646.127625 0.000000 641.065002
4945.125000 646.127625 0.000000 641.179993
4945.125000 646.127625 0.000000 641.270020
4945.125000 646.127625 0.000000 641.375000
4945.125000 646.127625 0.000000 641.460022
4945.125000 646.127625 0.000000 641.575989
4945.125000 646.127625 0.000000 641.664978
4945.125000 646.127625 0.000000 641.775024
4945.125000 646.127625 0.000000 641.869995
4945.125000 646.127625 0.000000 641.960022
4945.125000 646.127625 0.000000 642.075989
4945.125000 646.127625 0.000000 642.159973
4945.125000 646.127625 0.000000 642.275024
4945.125000 646.127625 0.000000 642.380005
4945.125000 646.127625 0.000000 642.469971
4945.125000 646.127625 0.000000 642.580017
4945.125000 646.127625 0.000000 642.659973
4945.125000 646.127625 0.000000 642.775024
4945.125000 646.127625 0.000000 642.859985
4945.125000 646.127625 0.000000 642.969971
4945.125000 646.127625 0.000000 643.059998
4945.125000 646.127625 0.000000 643.174988
4945.125000 646.127625 0.000000 643.255005
4945.125000 646.127625 0.000000 643.364990
4945.125000 646.127625 0.000000 643.474976
4945.125000 646.127625 0.000000 643.565002
4945.125000 646.127625 0.000000 643.674988
4945.125000 646.127625 0.000000 643.765015
4945.125000 646.127625 0.000000 643.869995
4945.125000 646.127625 0.000000 643.974976
4945.125000 646.127625 0.000000 644.065002
4945.125000 646.127625 0.000000 644.179993
4945.125000 646.127625 0.000000 644.265015
4945.125000 646.127625 0.000000 644.375000
4945.125000 646.127625 0.000000 644.465027
4945.125000 646.127625 0.000000 644.580017
4945.125000 646.127625 0.000000 644.664978
4945.125000 646.127625 0.000000 644.775024
4945.125000 646.127625 0.000000 644.880005
4945.125000 646.127625 0.000000 644.969971
4945.125000 646.127625 0.000000 645.080017
4945.125000 646.127625 0.000000 645.164978
4945.125000 646.127625 0.000000 645.275024
4945.125000 646.127625 0.000000 645.359985
4945.125000 646.127625 0.000000 645.476013
4945.125000 646.127625 0.000000 645.565002
4945.125000 646.127625 0.000000 645.669983
4945.125000 646.127625 0.000000 645.780029
4945.125000 646.127625 0.000000 645.864990
4945.125000 646.127625 0.000000 645.974976
4945.125000 646.127625 0.000000 646.070007
4945.125000 646.127625 0.000000 646.179993
4945.125000 646.127625 0.000000 646.265015
4945.125000 646.127625 0.000000 646.380005
4945.125000 646.127625 0.000000 646.465027
4945.125000 646.127625 0.000000 646.575012
4945.125000 646.127625 0.000000 646.679993
4945.125000 646.127625 0.000000 646.765015
4945.125000 646.127625 0.000000 646.875000
4945.125000 646.127625 0.000000 646.960022
4945.125000 646.127625 0.000000 647.080017
4945.125000 646.127625 0.000000 647.159973
4945.125000 646.127625 0.000000 647.275024
4945.125000 646.127625 0.000000 647.364990
4945.125000 646.127625 0.000000 647.469971
4945.125000 646.127625 0.000000 647.575012
4945.125000 646.127625 0.000000 647.664978
4945.125000 646.127625 0.000000 647.784973
4945.125000 646.127625 0.000000 647.864990
4945.125000 646.127625 0.000000 647.974976
4945.125000 646.127625 0.000000 648.075012
4945.125000 646.127625 0.000000 648.169983
4945.125000 646.127625 0.000000 648.270020
4945.125000 646.127625 0.000000 648.380005
4945.125000 646.127625 0.000000 648.465027
4945.125000 646.127625 0.000000 648.575012
4945.125000 646.127625 0.000000 648.674988
4945.125000 646.127625 0.000000 648.765015
4945.125000 646.127625 0.000000 648.875000
4945.125000 646.127625 0.000000 648.960022
4945.125000 646.127625 0.000000 649.065002
4945.125000 646.127625 0.000000 649.179993
4945.125000 646.127625 0.000000 649.265015
4945.125000 646.127625 0.000000 649.369995
4945.125000 646.127625 0.000000 649.455017
4945.125000 646.127625 0.000000 649.575012
4945.125000 646.127625 0.000000 649.664978
4945.125000 646.127625 0.000000 649.775024
4945.125000 646.127625 0.000000 649.854980
4945.125000 646.127625 0.000000 649.974976
4945.125000 646.127625 0.000000 650.065002
4945.125000 646.127625 0.000000 650.174988
4945.125000 646.127625 0.000000 650.284973
4945.125000 646.127625 0.000000 650.375000
4945.125000 646.127625 0.000000 650.479980
4945.125000 646.127625 0.000000 650.575012
4945.125000 646.127625 0.000000 650.659973
4945.125000 646.127625 0.000000 650.770020
4945.125000 646.127625 0.000000 650.875000
4945.125000 646.127625 0.000000 650.979980
4945.125000 646.127625 0.000000 651.059998
4945.125000 646.127625 0.000000 651.169983
4945.125000 646.127625 0.000000 651.280029
4945.125000 646.127625 0.000000 651.369995
4945.125000 646.127625 0.000000 651.469971
4945.125000 646.127625 0.000000 651.565002
4945.125000 646.127625 0.000000 651.684998
4945.125000 646.127625 0.000000 651.770020
4945.125000 646.127625 0.000000 651.880005
4945.125000 646.127625 0.000000 651.974976
4945.125000 646.127625 0.000000 652.059998
4945.125000 646.127625 0.000000 652.174988
4945.125000 646.127625 0.000000 652.260010
4945.125000 646.127625 0.000000 652.364990
4945.125000 646.127625 0.000000 652.474976
4945.125000 646.127625 0.000000 652.565002
4945.125000 646.127625 0.000000 652.679993
4945.125000 646.127625 0.000000 652.775024
4945.125000 646.127625 0.000000 652.854980
4945.125000 646.127625 0.000000 652.974976
4945.125000 646.127625 0.000000 653.059998
4945.125000 646.127625 0.000000 653.174988
4945.125000 646.127625 0.000000 653.260010
4945.125000 646.127625 0.000000 653.375000
4945.125000 646.127625 0.000000 653.474976
4945.125000 646.127625 0.000000 653.565002
4945.125000 646.127625 0.000000 653.679993
4945.125000 646.127625 0.000000 653.770020
4945.125000 646.127625 0.000000 653.875000
4945.125000 646.127625 0.000000 653.960022
4945.125000 646.127625 0.000000 654.070007
4945.125000 646.127625 0.000000 654.155029
4945.125000 646.127625 0.000000 654.275024
4945.125000 646.127625 0.000000 654.364990
4945.125000 646.127625 0.000000 654.474976
4945.125000 646.127625 0.000000 654.570007
4945.125000 646.127625 0.000000 654.674988
4945.125000 646.127625 0.000000 654.760010
4945.125000 646.127625 0.000000 654.869995
4945.125000 646.127625 0.000000 654.979980
4945.125000 646.127625 0.000000 655.070007
4945.125000 646.127625 0.000000 655.179993
4945.125000 646.127625 0.000000 655.265015
4945.125000 646.127625 0.000000 655.375000
4945.125000 646.127625 0.000000 655.460022
4945.125000 646.127625 0.000000 655.570007
4945.125000 646.127625 0.000000 655.664978
4945.125000 646.127625 0.000000 655.775024
4945.125000 646.127625 0.000000 655.859985
4945.125000 646.127625 0.000000 655.974976
4945.125000 646.127625 0.000000 656.065002
4945.125000 646.127625 0.000000 656.174988
4945.125000 646.127625 0.000000 656.255005
4945.125000 646.127625 0.000000 656.375000
4945.125000 646.127625 0.000000 656.465027
4945.125000 646.127625 0.000000 656.575012
4945.125000 646.127625 0.000000 656.659973
4945.125000 646.127625 0.000000 656.775024
4945.125000 646.127625 0.000000 656.864990
4945.125000 646.127625 0.000000 656.974976
4945.125000 646.127625 0.000000 657.065002
4945.125000 646.127625 0.000000 657.174988
4945.125000 646.127625 0.000000 657.265015
4945.125000 646.127625 0.000000 657.375000
4945.125000 646.127625 0.000000 657.460022
4945.125000 646.127625 0.000000 657.575012
4945.125000 646.127625 0.000000 657.664978
4945.125000 646.127625 0.000000 657.780029
4945.125000 646.127625 0.000000 657.864990
4945.125000 646.127625 0.000000 657.974976
4945.125000 646.127625 0.000000 658.059998
4945.125000 646.127625 0.000000 658.164978
4945.125000 646.127625 0.000000 658.270020
4945.125000 646.127625 0.000000 658.375000
4945.125000 646.127625 0.000000 658.465027
4945.125000 646.127625 0.000000 658.570007
4945.125000 646.127625 0.000000 658.655029
4945.125000 646.127625 0.000000 658.765015
4945.125000 646.127625 0.000000 658.875000
4945.125000 646.127625 0.000000 658.960022
4945.125000 646.127625 0.000000 659.080017
4945.125000 646.127625 0.000000 659.174988
4945.125000 646.127625 0.000000 659.284973
4945.125000 646.127625 0.000000 659.375000
4945.125000 646.127625 0.000000 659.465027
4945.125000 646.127625 0.000000 659.575012
4945.125000 646.127625 0.000000 659.659973
4945.125000 646.127625 0.000000 659.765015
4945.125000 646.127625 0.000000 659.875000
4945.125000 646.127625 0.000000 659.960022
4945.125000 646.127625 0.000000 660.075012
4945.125000 646.127625 0.000000 660.179993
4945.125000 646.127625 0.000000 660.275024
4945.125000 646.127625 0.000000 660.380005
4945.125000 646.127625 0.000000 660.469971
4945.125000 646.127625 0.000000 660.575012
4945.125000 646.127625 0.000000 660.669983
4945.125000 646.127625 0.000000 660.770020
4945.125000 646.127625 0.000000 660.880005
4945.125000 646.127625 0.000000 660.969971
4945.125000 646.127625 0.000000 661.080017
4945.125000 646.127625 0.000000 661.164978
4945.125000 646.127625 0.000000 661.280029
4945.125000 646.127625 0.000000 661.369995
4945.125000 646.127625 0.000000 661.474976
4945.125000 646.127625 0.000000 661.565002
4945.125000 646.127625 0.000000 661.679993
4945.125000 646.127625 0.000000 661.776001
4945.125000 646.127625 0.000000 661.859985
4945.125000 646.127625 0.000000 661.965027
4945.125000 646.127625 0.000000 662.075012
4945.125000 646.127625 0.000000 662.174988
4945.125000 646.127625 0.000000 662.265015
4945.125000 646.127625 0.000000 662.375000
4945.125000 646.127625 0.000000 662.460022
4945.125000 646.127625 0.000000 662.565002
4945.125000 646.127625 0.000000 662.676025
4945.125000 646.127625 0.000000 662.760010
4945.125000 646.127625 0.000000 662.875000
4945.125000 646.127625 0.000000 662.960022
4945.125000 646.127625 0.000000 663.080017
4945.125000 646.127625 0.000000 663.174988
4945.125000 646.127625 0.000000 663.275024
4945.125000 646.127625 0.000000 663.369995
4945.125000 646.127625 0.000000 663.474976
4945.125000 646.127625 0.000000 663.575012
4945.125000 646.127625 0.000000 663.659973
4945.125000 646.127625 0.000000 663.770020
4945.125000 646.127625 0.000000 663.869995
4945.125000 646.127625 0.000000 663.979980
4945.125000 646.127625 0.000000 664.070007
4945.125000 646.127625 0.000000 664.169983
4945.125000 646.127625 0.000000 664.260010
4945.125000 646.127625 0.000000 664.375000
4945.125000 646.127625 0.000000 664.465027
4945.125000 646.127625 0.000000 664.570007
4945.125000 646.127625 0.000000 664.674988
4945.125000 646.127625 0.000000 664.765015
4945.125000 646.127625 0.000000 664.880005
4945.125000 646.127625 0.000000 664.965027
4945.125000 646.127625 0.000000 665.065002
4945.125000 646.127625 0.000000 665.174988
4945.125000 646.127625 0.000000 665.280029
4945.125000 646.127625 0.000000 665.364990
4945.125000 646.127625 0.000000 665.469971
4945.125000 646.127625 0.000000 665.575012
4945.125000 646.127625 0.000000 665.659973
4945.125000 646.127625 0.000000 665.770020
4945.125000 646.127625 0.000000 665.859985
4945.125000 646.127625 0.000000 665.974976
4945.125000 646.127625 0.000000 666.065002
4945.125000 646.127625 0.000000 666.174988
4945.125000 646.127625 0.000000 666.260010
4945.125000 646.127625 0.000000 666.369995
4945.125000 646.127625 0.000000 666.484985
4945.125000 646.127625 0.000000 666.575012
4945.125000 646.127625 0.000000 666.664978
4945.125000 646.127625 0.000000 666.780029
4945.125000 646.127625 0.000000 666.864990
4945.125000 646.127625 0.000000 666.969971
4945.125000 646.127625 0.000000 667.059998
4945.125000 646.127625 0.000000 667.174988
4945.125000 646.127625 0.000000 667.265015
4945.125000 646.127625 0.000000 667.369995
4945.125000 646.127625 0.000000 667.460022
4945.125000 646.127625 0.000000 667.565002
4945.125000 646.127625 0.000000 667.674988
4945.125000 646.127625 0.000000 667.765015
4945.125000 646.127625 0.000000 667.880005
4945.125000 646.127625 0.000000 667.965027
4945.125000 646.127625 0.000000 668.075012
4945.125000 646.127625 0.000000 668.174988
4945.125000 646.127625 0.000000 668.280029
4945.125000 646.127625 0.000000 668.364990
4945.125000 646.127625 0.000000 668.474976
4945.125000 646.127625 0.000000 668.580017
4945.125000 646.127625 0.000000 668.679993
4945.125000 646.127625 0.000000 668.784973
4945.125000 646.127625 0.000000 668.869995
4945.125000 646.127625 0.000000 668.974976
4945.125000 646.127625 0.000000 669.065002
4945.125000 646.127625 0.000000 669.169983
4945.125000 646.127625 0.000000 669.275024
4945.125000 646.127625 0.000000 669.375000
4945.125000 646.127625 0.000000 669.474976
4945.125000 646.127625 0.000000 669.585022
4945.125000 646.127625 0.000000 669.664978
4945.125000 646.127625 0.000000 669.775024
4945.125000 646.127625 0.000000 669.864990
4945.125000 646.127625 0.000000 669.979980
4945.125000 646.127625 0.000000 670.070007
4945.125000 646.127625 0.000000 670.174988
4945.125000 646.127625 0.000000 670.265015
4945.125000 646.127625 0.000000 670.369995
4945.125000 646.127625 0.000000 670.465027
4945.125000 646.127625 0.000000 670.575012
4945.125000 646.127625 0.000000 670.669983
4945.125000 646.127625 0.000000 670.775024
4945.125000 646.127625 0.000000 670.869995
4945.125000 646.127625 0.000000 670.969971
4945.125000 646.127625 0.000000 671.059998
4945.125000 646.127625 0.000000 671.174988
4945.125000 646.127625 0.000000 671.260010
4945.125000 646.127625 0.000000 671.375000
4945.125000 646.127625 0.000000 671.460022
4945.125000 646.127625 0.000000 671.575012
4945.125000 646.127625 0.000000 671.669983
4945.125000 646.127625 0.000000 671.760010
4945.125000 646.127625 0.000000 671.875000
4945.125000 646.127625 0.000000 671.974976
4945.125000 646.127625 0.000000 672.070007
4945.125000 646.127625 0.000000 672.179993
4945.125000 646.127625 0.000000 672.265015
4945.125000 646.127625 0.000000 672.375000
4945.125000 646.127625 0.000000 672.465027
4945.125000 646.127625 0.000000 672.575012
4945.125000 646.127625 0.000000 672.679993
4945.125000 646.127625 0.000000 672.765015
4945.125000 646.127625 0.000000 672.875000
4945.125000 646.127625 0.000000 672.965027
4945.125000 646.127625 0.000000 673.075012
4945.125000 646.127625 0.000000 673.164978
4945.125000 646.127625 0.000000 673.270020
4945.125000 646.127625 0.000000 673.375000
4945.125000 646.127625 0.000000 673.460022
4945.125000 646.127625 0.000000 673.575012
4945.125000 646.127625 0.000000 673.664978
4945.125000 646.127625 0.000000 673.775024
4945.125000 646.127625 0.000000 673.859985
4945.125000 646.127625 0.000000 673.969971
4945.125000 646.127625 0.000000 674.075012
4945.125000 646.127625 0.000000 674.159973
4945.125000 646.127625 0.000000 674.280029
4945.125000 646.127625 0.000000 674.364990
4945.125000 646.127625 0.000000 674.474976
4945.125000 646.127625 0.000000 674.559998
4945.125000 646.127625 0.000000 674.679993
4945.125000 646.127625 0.000000 674.775024
4945.125000 646.127625 0.000000 674.859985
4945.125000 646.127625 0.000000 674.969971
4945.125000 646.127625 0.000000 675.049988
4945.125000 646.127625 0.000000 675.174988
4945.125000 646.127625 0.000000 675.260010
4945.125000 646.127625 0.000000 675.375000
4945.125000 646.127625 0.000000 675.460022
4945.125000 646.127625 0.000000 675.570007
4945.125000 646.127625 0.000000 675.674988
4945.125000 646.127625 0.000000 675.760010
4945.125000 646.127625 0.000000 675.875000
4945.125000 646.127625 0.000000 675.979980
4945.125000 646.127625 0.000000 676.065002
4945.125000 646.127625 0.000000 676.169983
4945.125000 646.127625 0.000000 676.280029
4945.125000 646.127625 0.000000 676.359985
4945.125000 646.127625 0.000000 676.474976
4945.125000 646.127625 0.000000 676.554993
4945.125000 646.127625 0.000000 676.674988
4945.125000 646.127625 0.000000 676.760010
4945.125000 646.127625 0.000000 676.875000
4945.125000 646.127625 0.000000 676.960022
4945.125000 646.127625 0.000000 677.080017
4945.125000 646.127625 0.000000 677.164978
4945.125000 646.127625 0.000000 677.275024
4945.125000 646.127625 0.000000 677.375000
4945.125000 646.127625 0.000000 677.460022
4945.125000 646.127625 0.000000 677.575012
4945.125000 646.127625 0.000000 677.664978
4945.125000 646.127625 0.000000 677.770020
4945.125000 646.127625 0.000000 677.875000
4945.125000 646.127625 0.000000 677.979980
4945.125000 646.127625 0.000000 678.075012
4945.125000 646.127625 0.000000 678.169983
4945.125000 646.127625 0.000000 678.275024
4945.125000 646.127625 0.000000 678.359985
4945.125000 646.127625 0.000000 678.474976
4945.125000 646.127625 0.000000 678.565002
4945.125000 646.127625 0.000000 678.674988
4945.125000 646.127625 0.000000 678.755005
4945.125000 646.127625 0.000000 678.875000
4945.125000 646.127625 0.000000 678.960022
4945.125000 646.127625 0.000000 679.075012
4945.125000 646.127625 0.000000 679.179993
4945.125000 646.127625 0.000000 679.265015
4945.125000 646.127625 0.000000 679.375000
4945.125000 646.127625 0.000000 679.460022
4945.125000 646.127625 0.000000 679.570007
4945.125000 646.127625 0.000000 679.674988
4945.125000 646.127625 0.000000 679.765015
4945.125000 646.127625 0.000000 679.875000
4945.125000 646.127625 0.000000 679.960022
4945.125000 646.127625 0.000000 680.077026
4945.125000 646.127625 0.000000 680.169983
4945.125000 646.127625 0.000000 680.255005
4945.125000 646.127625 0.000000 680.380005
4945.125000 646.127625 0.000000 680.474976
4945.125000 646.127625 0.000000 680.565002
4945.125000 646.127625 0.000000 680.674988
4945.125000 646.127625 0.000000 680.760010
4945.125000 646.127625 0.000000 680.875000
4945.125000 646.127625 0.000000 680.969971
4945.125000 646.127625 0.000000 681.075012
4945.125000 646.127625 0.000000 681.184998
4945.125000 646.127625 0.000000 681.265015
4945.125000 646.127625 0.000000 681.380005
4945.125000 646.127625 0.000000 681.460022
4945.125000 646.127625 0.000000 681.565002
4945.125000 646.127625 0.000000 681.669983
4945.125000 646.127625 0.000000 681.765015
4945.125000 646.127625 0.000000 681.880005
4945.125000 646.127625 0.000000 681.965027
4945.125000 646.127625 0.000000 682.075012
4945.125000 646.127625 0.000000 682.159973
4945.125000 646.127625 0.000000 682.270020
4945.125000 646.127625 0.000000 682.380005
4945.125000 646.127625 0.000000 682.465027
4945.125000 646.127625 0.000000 682.575012
4945.125000 646.127625 0.000000 682.659973
4945.125000 646.127625 0.000000 682.775024
4945.125000 646.127625 0.000000 682.859985
4945.125000 646.127625 0.000000 682.969971
4945.125000 646.127625 0.000000 683.059998
4945.125000 646.127625 0.000000 683.169983
4945.125000 646.127625 0.000000 683.275024
4945.125000 646.127625 0.000000 683.359985
4945.125000 646.127625 0.000000 683.469971
4945.125000 646.127625 0.000000 683.575012
4945.125000 646.127625 0.000000 683.664978
4945.125000 646.127625 0.000000 683.775024
4945.125000 646.127625 0.000000 683.869995
4945.125000 646.127625 0.000000 683.965027
4945.125000 646.127625 0.000000 684.070007
4945.125000 646.127625 0.000000 684.171021
4945.125000 646.127625 0.000000 684.270020
4945.125000 646.127625 0.000000 684.375000
4945.125000 646.127625 0.000000 684.465027
4945.125000 646.127625 0.000000 684.575012
4945.125000 646.127625 0.000000 684.664978
4945.125000 646.127625 0.000000 684.775024
4945.125000 646.127625 0.000000 684.875000
4945.125000 646.127625 0.000000 684.969971
4945.125000 646.127625 0.000000 685.075012
4945.125000 646.127625 0.000000 685.159973
4945.125000 646.127625 0.000000 685.270020
4945.125000 646.127625 0.000000 685.375000
4945.125000 646.127625 0.000000 685.465027
4945.125000 646.127625 0.000000 685.575012
4945.125000 646.127625 0.000000 685.664978
4945.125000 646.127625 0.000000 685.775024
4945.125000 646.127625 0.000000 685.864990
4945.125000 646.127625 0.000000 685.974976
4945.125000 646.127625 0.000000 686.059998
4945.125000 646.127625 0.000000 686.174988
4945.125000 646.127625 0.000000 686.270020
4945.125000 646.127625 0.000000 686.364990
4945.125000 646.127625 0.000000 686.474976
4945.125000 646.127625 0.000000 686.565002
4945.125000 646.127625 0.000000 686.664978
4945.125000 646.127625 0.000000 686.775024
4945.125000 646.127625 0.000000 686.869995
4945.125000 646.127625 0.000000 686.979980
4945.125000 646.127625 0.000000 687.070007
4945.125000 646.127625 0.000000 687.174988
4945.125000 646.127625 0.000000 687.255005
4945.125000 646.127625 0.000000 687.375000
4945.125000 646.127625 0.000000 687.465027
4945.125000 646.127625 0.000000 687.570007
4945.125000 646.127625 0.000000 687.664978
4945.125000 646.127625 0.000000 687.780029
4945.125000 646.127625 0.000000 687.864990
4945.125000 646.127625 0.000000 687.969971
4945.125000 646.127625 0.000000 688.054993
4945.125000 646.127625 0.000000 688.179993
4945.125000 646.127625 0.000000 688.265015
4945.125000 646.127625 0.000000 688.375000
4945.125000 646.127625 0.000000 688.469971
4945.125000 646.127625 0.000000 688.580017
4945.125000 646.127625 0.000000 688.659973
4945.125000 646.127625 0.000000 688.775024
4945.125000 646.127625 0.000000 688.875000
4945.125000 646.127625 0.000000 688.960022
4945.125000 646.127625 0.000000 689.070007
4945.125000 646.127625 0.000000 689.164978
4945.125000 646.127625 0.000000 689.275024
4945.125000 646.127625 0.000000 689.364990
4945.125000 646.127625 0.000000 689.474976
4945.125000 646.127625 0.000000 689.559998
4945.125000 646.127625 0.000000 689.669983
4945.125000 646.127625 0.000000 689.770020
4945.125000 646.127625 0.000000 689.880005
4945.125000 646.127625 0.000000 689.965027
4945.125000 646.127625 0.000000 690.075012
4945.125000 646.127625 0.000000 690.164978
4945.125000 646.127625 0.000000 690.280029
4945.125000 646.127625 0.000000 690.359985
4945.125000 646.127625 0.000000 690.474976
4945.125000 646.127625 0.000000 690.570007
4945.125000 646.127625 0.000000 690.674988
4945.125000 646.127625 0.000000 690.765015
4945.125000 646.127625 0.000000 690.875000
4945.125000 646.127625 0.000000 690.960022
4945.125000 646.127625 0.000000 691.065002
4945.125000 646.127625 0.000000 691.174988
4945.125000 646.127625 0.000000 691.260010
4945.125000 646.127625 0.000000 691.375000
4945.125000 646.127625 0.000000 691.460022
4945.125000 646.127625 0.000000 691.575012
4945.125000 646.127625 0.000000 691.659973
4945.125000 646.127625 0.000000 691.770020
4945.125000 646.127625 0.000000 691.885010
4945.125000 646.127625 0.000000 691.965027
4945.125000 646.127625 0.000000 692.075012
4945.125000 646.127625 0.000000 692.159973
4945.125000 646.127625 0.000000 692.270020
4945.125000 646.127625 0.000000 692.375000
4945.125000 646.127625 0.000000 692.460022
4945.125000 646.127625 0.000000 692.575012
4945.125000 646.127625 0.000000 692.659973
4945.125000 646.127625 0.000000 692.770020
4945.125000 646.127625 0.000000 692.875000
4945.125000 646.127625 0.000000 692.965027
4945.125000 646.127625 0.000000 693.075012
4945.125000 646.127625 0.000000 693.174988
4945.125000 646.127625 0.000000 693.284973
4945.125000 646.127625 0.000000 693.364990
4945.125000 646.127625 0.000000 693.474976
4945.125000 646.127625 0.000000 693.559998
4945.125000 646.127625 0.000000 693.664978
4945.125000 646.127625 0.000000 693.775024
4945.125000 646.127625 0.000000 693.859985
4945.125000 646.127625 0.000000 693.979980
4945.125000 646.127625 0.000000 694.070007
4945.125000 646.127625 0.000000 694.174988
4945.125000 646.127625 0.000000 694.270020
4945.125000 646.127625 0.000000 694.354980
4945.125000 646.127625 0.000000 694.474976
4945.125000 646.127625 0.000000 694.565002
4945.125000 646.127625 0.000000 694.674988
4945.125000 646.127625 0.000000 694.755005
4945.125000 646.127625 0.000000 694.875000
4945.125000 646.127625 0.000000 694.960022
4945.125000 646.127625 0.000000 695.065002
4945.125000 646.127625 0.000000 695.169983
4945.125000 646.127625 0.000000 695.255005
4945.125000 646.127625 0.000000 695.364990
4945.125000 646.127625 0.000000 695.479980
4945.125000 646.127625 0.000000 695.565002
4945.125000 646.127625 0.000000 695.674988
4945.125000 646.127625 0.000000 695.760010
4945.125000 646.127625 0.000000 695.875000
4945.125000 646.127625 0.000000 695.979980
4945.125000 646.127625 0.000000 696.065002
4945.125000 646.127625 0.000000 696.174988
4945.125000 646.127625 0.000000 696.280029
4945.125000 646.127625 0.000000 696.359985
4945.125000 646.127625 0.000000 696.465027
4945.125000 646.127625 0.000000 696.575012
4945.125000 646.127625 0.000000 696.664978
4945.125000 646.127625 0.000000 696.770020
4945.125000 646.127625 0.000000 696.864990
4945.125000 646.127625 0.000000 696.969971
4945.125000 646.127625 0.000000 697.059998
4945.125000 646.127625 0.000000 697.169983
4945.125000 646.127625 0.000000 697.275024
4945.125000 646.127625 0.000000 697.364990
4945.125000 646.127625 0.000000 697.474976
4945.125000 646.127625 0.000000 697.570007
4945.125000 646.127625 0.000000 697.669983
4945.125000 646.127625 0.000000 697.784973
4945.125000 646.127625 0.000000 697.864990
4945.125000 646.127625 0.000000 697.976013
4945.125000 646.127625 0.000000 698.059998
4945.125000 646.127625 0.000000 698.174988
4945.125000 646.127625 0.000000 698.270020
4945.125000 646.127625 0.000000 698.364990
4945.125000 646.127625 0.000000 698.460022
4945.125000 646.127625 0.000000 698.570007
4945.125000 646.127625 0.000000 698.659973
4945.125000 646.127625 0.000000 698.765015
4945.125000 646.127625 0.000000 698.880005
4945.125000 646.127625 0.000000 698.974976
4945.125000 646.127625 0.000000 699.070007
4945.125000 646.127625 0.000000 699.179993
4945.125000 646.127625 0.000000 699.265015
4945.125000 646.127625 0.000000 699.375000
4945.125000 646.127625 0.000000 699.479980
4945.125000 646.127625 0.000000 699.575012
4945.125000 646.127625 0.000000 699.669983
4945.125000 646.127625 0.000000 699.755005
4945.125000 646.127625 0.000000 699.869995
4945.125000 646.127625 0.000000 699.979980
4945.125000 646.127625 0.000000 700.075012
4945.125000 646.127625 0.000000 700.159973
4945.125000 646.127625 0.000000 700.275024
4945.125000 646.127625 0.000000 700.354980
4945.125000 646.127625 0.000000 700.469971
4945.125000 646.127625 0.000000 700.559998
4945.125000 646.127625 0.000000 700.669983
4945.125000 646.127625 0.000000 700.775024
4945.125000 646.127625 0.000000 700.864990
4945.125000 646.127625 0.000000 700.974976
4945.125000 646.127625 0.000000 701.059998
4945.125000 646.127625 0.000000 701.169983
4945.125000 646.127625 0.000000 701.280029
4945.125000 646.127625 0.000000 701.380005
4945.125000 646.127625 0.000000 701.469971
4945.125000 646.127625 0.000000 701.575012
4945.125000 646.127625 0.000000 701.674988
4945.125000 646.127625 0.000000 701.765015
4945.125000 646.127625 0.000000 701.875000
4945.125000 646.127625 0.000000 701.984985
4945.125000 646.127625 0.000000 702.070007
4945.125000 646.127625 0.000000 702.150024
4945.125000 646.127625 0.000000 702.270020
4945.125000 646.127625 0.000000 702.375000
4945.125000 646.127625 0.000000 702.476013
4945.125000 646.127625 0.000000 702.570007
4945.125000 646.127625 0.000000 702.679993
4945.125000 646.127625 0.000000 702.775024
4945.125000 646.127625 0.000000 702.875000
4945.125000 646.127625 0.000000 702.979980
4945.125000 646.127625 0.000000 703.070007
4945.125000 646.127625 0.000000 703.174988
4945.125000 646.127625 0.000000 703.265015
4945.125000 646.127625 0.000000 703.380005
4945.125000 646.127625 0.000000 703.469971
4945.125000 646.127625 0.000000 703.565002
4945.125000 646.127625 0.000000 703.664978
4945.125000 646.127625 0.000000 703.775024
4945.125000 646.127625 0.000000 703.864990
4945.125000 646.127625 0.000000 703.965027
4945.125000 646.127625 0.000000 704.054993
4945.125000 646.127625 0.000000 704.164978
4945.125000 646.127625 0.000000 704.275024
4945.125000 646.127625 0.000000 704.359985
4945.125000 646.127625 0.000000 704.469971
4945.125000 646.127625 0.000000 704.575012
4945.125000 646.127625 0.000000 704.664978
4945.125000 646.127625 0.000000 704.780029
4945.125000 646.127625 0.000000 704.864990
4945.125000 646.127625 0.000000 704.974976
4945.125000 646.127625 0.000000 705.070007
4945.125000 646.127625 0.000000 705.174988
4945.125000 646.127625 0.000000 705.255005
4945.125000 646.127625 0.000000 705.364990
4945.125000 646.127625 0.000000 705.469971
4945.125000 646.127625 0.000000 705.559998
4945.125000 646.127625 0.000000 705.669983
4945.125000 646.127625 0.000000 705.755005
4945.125000 646.127625 0.000000 705.864990
4945.125000 646.127625 0.000000 705.974976
4945.125000 646.127625 0.000000 706.065002
4945.125000 646.127625 0.000000 706.174988
4945.125000 646.127625 0.000000 706.265015
4945.125000 646.127625 0.000000 706.369995
4945.125000 646.127625 0.000000 706.479980
4945.125000 646.127625 0.000000 706.565002
4945.125000 646.127625 0.000000 706.669983
4945.125000 646.127625 0.000000 706.760010
4945.125000 646.127625 0.000000 706.875000
4945.125000 646.127625 0.000000 706.965027
4945.125000 646.127625 0.000000 707.075012
4945.125000 646.127625 0.000000 707.179993
4945.125000 646.127625 0.000000 707.265015
4945.125000 646.127625 0.000000 707.375000
4945.125000 646.127625 0.000000 707.465027
4945.125000 646.127625 0.000000 707.575012
4945.125000 646.127625 0.000000 707.659973
4945.125000 646.127625 0.000000 707.770020
4945.125000 646.127625 0.000000 707.875000
4945.125000 646.127625 0.000000 707.979980
4945.125000 646.127625 0.000000 708.070007
4945.125000 646.127625 0.000000 708.174988
4945.125000 646.127625 0.000000 708.265015
4945.125000 646.127625 0.000000 708.375000
4945.125000 646.127625 0.000000 708.460022
4945.125000 646.127625 0.000000 708.575012
4945.125000 646.127625 0.000000 708.664978
4945.125000 646.127625 0.000000 708.775024
4945.125000 646.127625 0.000000 708.864990
4945.125000 646.127625 0.000000 708.969971
4945.125000 646.127625 0.000000 709.054993
4945.125000 646.127625 0.000000 709.174988
4945.125000 646.127625 0.000000 709.284973
4945.125000 646.127625 0.000000 709.369995
4945.125000 646.127625 0.000000 709.469971
4945.125000 646.127625 0.000000 709.565002
4945.125000 646.127625 0.000000 709.674988
4945.125000 646.127625 0.000000 709.765015
4945.125000 646.127625 0.000000 709.875000
4945.125000 646.127625 0.000000 709.974976
4945.125000 646.127625 0.000000 710.065002
4945.125000 646.127625 0.000000 710.174988
4945.125000 646.127625 0.000000 710.260010
4945.125000 646.127625 0.000000 710.375000
4945.125000 646.127625 0.000000 710.460022
4945.125000 646.127625 0.000000 710.575012
4945.125000 646.127625 0.000000 710.659973
4945.125000 646.127625 0.000000 710.770020
4945.125000 646.127625 0.000000 710.880005
4945.125000 646.127625 0.000000 710.965027
4945.125000 646.127625 0.000000 711.070007
4945.125000 646.127625 0.000000 711.150024
4945.125000 646.127625 0.000000 711.265015
4945.125000 646.127625 0.000000 711.369995
4945.125000 646.127625 0.000000 711.460022
4945.125000 646.127625 0.000000 711.575012
4945.125000 646.127625 0.000000 711.659973
4945.125000 646.127625 0.000000 711.765015
4945.125000 646.127625 0.000000 711.869995
4945.125000 646.127625 0.000000 711.955017
4945.125000 646.127625 0.000000 712.080017
4945.125000 646.127625 0.000000 712.164978
4945.125000 646.127625 0.000000 712.270020
4945.125000 646.127625 0.000000 712.375000
4945.125000 646.127625 0.000000 712.479980
4945.125000 646.127625 0.000000 712.565002
4945.125000 646.127625 0.000000 712.674988
4945.125000 646.127625 0.000000 712.760010
4945.125000 646.127625 0.000000 712.875000
4945.125000 646.127625 0.000000 712.960022
4945.125000 646.127625 0.000000 713.085022
4945.125000 646.127625 0.000000 713.179993
4945.125000 646.127625 0.000000 713.265015
4945.125000 646.127625 0.000000 713.375000
4945.125000 646.127625 0.000000 713.460022
4945.125000 646.127625 0.000000 713.570007
4945.125000 646.127625 0.000000 713.659973
4945.125000 646.127625 0.000000 713.780029
4945.125000 646.127625 0.000000 713.859985
4945.125000 646.127625 0.000000 713.974976
4945.125000 646.127625 0.000000 714.059998
4945.125000 646.127625 0.000000 714.169983
4945.125000 646.127625 0.000000 714.260010
4945.125000 646.127625 0.000000 714.380005
4945.125000 646.127625 0.000000 714.465027
4945.125000 646.127625 0.000000 714.575012
4945.125000 646.127625 0.000000 714.659973
4945.125000 646.127625 0.000000 714.770020
4945.125000 646.127625 0.000000 714.854980
4945.125000 646.127625 0.000000 714.974976
4945.125000 646.127625 0.000000 715.080017
4945.125000 646.127625 0.000000 715.159973
4945.125000 646.127625 0.000000 715.270020
4945.125000 646.127625 0.000000 715.359985
4945.125000 646.127625 0.000000 715.474976
4945.125000 646.127625 0.000000 715.554993
4945.125000 646.127625 0.000000 715.669983
4945.125000 646.127625 0.000000 715.775024
4945.125000 646.127625 0.000000 715.875000
4945.125000 646.127625 0.000000 715.965027
4945.125000 646.127625 0.000000 716.075012
4945.125000 646.127625 0.000000 716.159973
4945.125000 646.127625 0.000000 716.270020
4945.125000 646.127625 0.000000 716.375000
4945.125000 646.127625 0.000000 716.469971
4945.125000 646.127625 0.000000 716.559998
4945.125000 646.127625 0.000000 716.669983
4945.125000 646.127625 0.000000 716.780029
4945.125000 646.127625 0.000000 716.864990
4945.125000 646.127625 0.000000 716.974976
4945.125000 646.127625 0.000000 717.080017
4945.125000 646.127625 0.000000 717.174988
4945.125000 646.127625 0.000000 717.260010
4945.125000 646.127625 0.000000 717.375000
4945.125000 646.127625 0.000000 717.465027
4945.125000 646.127625 0.000000 717.575989
4945.125000 646.127625 0.000000 717.664978
4945.125000 646.127625 0.000000 717.775024
4945.125000 646.127625 0.000000 717.859985
4945.125000 646.127625 0.000000 717.969971
4945.125000 646.127625 0.000000 718.080017
4945.125000 646.127625 0.000000 718.169983
4945.125000 646.127625 0.000000 718.275024
4945.125000 646.127625 0.000000 718.354980
4945.125000 646.127625 0.000000 718.465027
4945.125000 646.127625 0.000000 718.570007
4945.125000 646.127625 0.000000 718.664978
4945.125000 646.127625 0.000000 718.775024
4945.125000 646.127625 0.000000 718.859985
4945.125000 646.127625 0.000000 718.979980
4945.125000 646.127625 0.000000 719.065002
4945.125000 646.127625 0.000000 719.174988
4945.125000 646.127625 0.000000 719.260010
4945.125000 646.127625 0.000000 719.369995
4945.125000 646.127625 0.000000 719.479980
4945.125000 646.127625 0.000000 719.580017
4945.125000 646.127625 0.000000 719.664978
4945.125000 646.127625 0.000000 719.765015
4945.125000 646.127625 0.000000 719.880005
4945.125000 646.127625 0.000000 719.979980
4945.125000 646.127625 0.000000 720.065002
4945.125000 646.127625 0.000000 720.174988
4945.125000 646.127625 0.000000 720.260010
4945.125000 646.127625 0.000000 720.369995
4945.125000 646.127625 0.000000 720.455017
4945.125000 646.127625 0.000000 720.575012
4945.125000 646.127625 0.000000 720.659973
4945.125000 646.127625 0.000000 720.775024
4945.125000 646.127625 0.000000 720.880005
4945.125000 646.127625 0.000000 720.965027
4945.125000 646.127625 0.000000 721.080017
4945.125000 646.127625 0.000000 721.164978
4945.125000 646.127625 0.000000 721.280029
4945.125000 646.127625 0.000000 721.375000
4945.125000 646.127625 0.000000 721.465027
4945.125000 646.127625 0.000000 721.575012
4945.125000 646.127625 0.000000 721.664978
4945.125000 646.127625 0.000000 721.780029
4945.125000 646.127625 0.000000 721.875000
4945.125000 646.127625 0.000000 721.965027
4945.125000 646.127625 0.000000 722.075012
4945.125000 646.127625 0.000000 722.159973
4945.125000 646.127625 0.000000 722.270020
4945.125000 646.127625 0.000000 722.375000
4945.125000 646.127625 0.000000 722.465027
4945.125000 646.127625 0.000000 722.575012
4945.125000 646.127625 0.000000 722.674988
4945.125000 646.127625 0.000000 722.784973
4945.125000 646.127625 0.000000 722.869995
4945.125000 646.127625 0.000000 722.960022
4945.125000 646.127625 0.000000 723.075012
4945.125000 646.127625 0.000000 723.164978
4945.125000 646.127625 0.000000 723.270020
4945.125000 646.127625 0.000000 723.380005
4945.125000 646.127625 0.000000 723.465027
4945.125000 646.127625 0.000000 723.570007
4945.125000 646.127625 0.000000 723.674988
4945.125000 646.127625 0.000000 723.760010
4945.125000 646.127625 0.000000 723.875000
4945.125000 646.127625 0.000000 723.960022
4945.125000 646.127625 0.000000 724.070007
4945.125000 646.127625 0.000000 724.174988
4945.125000 646.127625 0.000000 724.260010
4945.125000 646.127625 0.000000 724.375000
4945.125000 646.127625 0.000000 724.460022
4945.125000 646.127625 0.000000 724.575012
4945.125000 646.127625 0.000000 724.674988
4945.125000 646.127625 0.000000 724.775024
4945.125000 646.127625 0.000000 724.869995
4945.125000 646.127625 0.000000 724.974976
4945.125000 646.127625 0.000000 725.059998
4945.125000 646.127625 0.000000 725.169983
4945.125000 646.127625 0.000000 725.265015
4945.125000 646.127625 0.000000 725.375000
4945.125000 646.127625 0.000000 725.465027
4945.125000 646.127625 0.000000 725.575989
4945.125000 646.127625 0.000000 725.664978
4945.125000 646.127625 0.000000 725.775024
4945.125000 646.127625 0.000000 725.859985
4945.125000 646.127625 0.000000 725.979980
4945.125000 646.127625 0.000000 726.065002
4945.125000 646.127625 0.000000 726.174988
4945.125000 646.127625 0.000000 726.265015
4945.125000 646.127625 0.000000 726.380005
4945.125000 646.127625 0.000000 726.474976
4945.125000 646.127625 0.000000 726.570007
4945.125000 646.127625 0.000000 726.674988
4945.125000 646.127625 0.000000 726.765015
4945.125000 646.127625 0.000000 726.859985
4945.125000 646.127625 0.000000 726.974976
4945.125000 646.127625 0.000000 727.065002
4945.125000 646.127625 0.000000 727.174988
4945.125000 646.127625 0.000000 727.260010
4945.125000 646.127625 0.000000 727.380005
4945.125000 646.127625 0.000000 727.465027
4945.125000 646.127625 0.000000 727.575012
4945.125000 646.127625 0.000000 727.659973
4945.125000 646.127625 0.000000 727.775024
4945.125000 646.127625 0.000000 727.875000
4945.125000 646.127625 0.000000 727.965027
4945.125000 646.127625 0.000000 728.075012
4945.125000 646.127625 0.000000 728.164978
4945.125000 646.127625 0.000000 728.275024
4945.125000 646.127625 0.000000 728.375000
4945.125000 646.127625 0.000000 728.465027
4945.125000 646.127625 0.000000 728.575012
4945.125000 646.127625 0.000000 728.659973
4945.125000 646.127625 0.000000 728.775024
4945.125000 646.127625 0.000000 728.864990
4945.125000 646.127625 0.000000 728.974976
4945.125000 646.127625 0.000000 729.059998
4945.125000 646.127625 0.000000 729.174988
4945.125000 646.127625 0.000000 729.275024
4945.125000 646.127625 0.000000 729.364990
4945.125000 646.127625 0.000000 729.474976
4945.125000 646.127625 0.000000 729.565002
4945.125000 646.127625 0.000000 729.669983
4945.125000 646.127625 0.000000 729.750000
4945.125000 646.127625 0.000000 729.875000
4945.125000 646.127625 0.000000 729.974976
4945.125000 646.127625 0.000000 730.075012
4945.125000 646.127625 0.000000 730.159973
4945.125000 646.127625 0.000000 730.275024
4945.125000 646.127625 0.000000 730.375000
4945.125000 646.127625 0.000000 730.469971
4945.125000 646.127625 0.000000 730.559998
4945.125000 646.127625 0.000000 730.674988
4945.125000 646.127625 0.000000 730.760010
4945.125000 646.127625 0.000000 730.875000
4945.125000 646.127625 0.000000 730.969971
4945.125000 646.127625 0.000000 731.054993
4945.125000 646.127625 0.000000 731.164978
4945.125000 646.127625 0.000000 731.275024
4945.125000 646.127625 0.000000 731.364990
4945.125000 646.127625 0.000000 731.474976
4945.125000 646.127625 0.000000 731.575012
4945.125000 646.127625 0.000000 731.674988
4945.125000 646.127625 0.000000 731.760010
4945.125000 646.127625 0.000000 731.869995
4945.125000 646.127625 0.000000 731.960022
4945.125000 646.127625 0.000000 732.070007
4945.125000 646.127625 0.000000 732.155029
4945.125000 646.127625 0.000000 732.275024
4945.125000 646.127625 0.000000 732.364990
4945.125000 646.127625 0.000000 732.474976
4945.125000 646.127625 0.000000 732.565002
4945.125000 646.127625 0.000000 732.674988
4945.125000 646.127625 0.000000 732.765015
4945.125000 646.127625 0.000000 732.875000
4945.125000 646.127625 0.000000 732.965027
4945.125000 646.127625 0.000000 733.075012
4945.125000 646.127625 0.000000 733.159973
4945.125000 646.127625 0.000000 733.275024
4945.125000 646.127625 0.000000 733.359985
4945.125000 646.127625 0.000000 733.469971
4945.125000 646.127625 0.000000 733.575012
4945.125000 646.127625 0.000000 733.674988
4945.125000 646.127625 0.000000 733.780029
4945.125000 646.127625 0.000000 733.864990
4945.125000 646.127625 0.000000 733.969971
4945.125000 646.127625 0.000000 734.049988
4945.125000 646.127625 0.000000 734.164978
4945.125000 646.127625 0.000000 734.275024
4945.125000 646.127625 0.000000 734.375000
4945.125000 646.127625 0.000000 734.465027
4945.125000 646.127625 0.000000 734.575012
4945.125000 646.127625 0.000000 734.664978
4945.125000 646.127625 0.000000 734.765015
4945.125000 646.127625 0.000000 734.869995
4945.125000 646.127625 0.000000 734.984985
4945.125000 646.127625 0.000000 735.075012
4945.125000 646.127625 0.000000 735.164978
4945.125000 646.127625 0.000000 735.275024
4945.125000 646.127625 0.000000 735.359985
4945.125000 646.127625 0.000000 735.479980
4945.125000 646.127625 0.000000 735.559998
4945.125000 646.127625 0.000000 735.674988
4945.125000 646.127625 0.000000 735.755005
4945.125000 646.127625 0.000000 735.875000
4945.125000 646.127625 0.000000 735.965027
4945.125000 646.127625 0.000000 736.075012
4945.125000 646.127625 0.000000 736.164978
4945.125000 646.127625 0.000000 736.270020
4945.125000 646.127625 0.000000 736.359985
4945.125000 646.127625 0.000000 736.474976
4945.125000 646.127625 0.000000 736.559998
4945.125000 646.127625 0.000000 736.674988
4945.125000 646.127625 0.000000 736.780029
4945.125000 646.127625 0.000000 736.864990
4945.125000 646.127625 0.000000 736.974976
4945.125000 646.127625 0.000000 737.059998
4945.125000 646.127625 0.000000 737.169983
4945.125000 646.127625 0.000000 737.281006
4945.125000 646.127625 0.000000 737.359985
4945.125000 646.127625 0.000000 737.469971
4945.125000 646.127625 0.000000 737.549988
4945.125000 646.127625 0.000000 737.674988
4945.125000 646.127625 0.000000 737.765015
4945.125000 646.127625 0.000000 737.880005
4945.125000 646.127625 0.000000 737.965027
4945.125000 646.127625 0.000000 738.070007
4945.125000 646.127625 0.000000 738.155029
4945.125000 646.127625 0.000000 738.275024
4945.125000 646.127625 0.000000 738.364990
4945.125000 646.127625 0.000000 738.479980
4945.125000 646.127625 0.000000 738.565002
4945.125000 646.127625 0.000000 738.679993
4945.125000 646.127625 0.000000 738.765015
4945.125000 646.127625 0.000000 738.869995
4945.125000 646.127625 0.000000 738.960022
4945.125000 646.127625 0.000000 739.075012
4945.125000 646.127625 0.000000 739.164978
4945.125000 646.127625 0.000000 739.275024
4945.125000 646.127625 0.000000 739.359985
4945.125000 646.127625 0.000000 739.469971
4945.125000 646.127625 0.000000 739.575012
4945.125000 646.127625 0.000000 739.659973
4945.125000 646.127625 0.000000 739.770020
4945.125000 646.127625 0.000000 739.875000
4945.125000 646.127625 0.000000 739.969971
4945.125000 646.127625 0.000000 740.054993
4945.125000 646.127625 0.000000 740.169983
4945.125000 646.127625 0.000000 740.280029
4945.125000 646.127625 0.000000 740.364990
4945.125000 646.127625 0.000000 740.465027
4945.125000 646.127625 0.000000 740.575012
4945.125000 646.127625 0.000000 740.674988
4945.125000 646.127625 0.000000 740.770020
4945.125000 646.127625 0.000000 740.875000
4945.125000 646.127625 0.000000 740.960022
4945.125000 646.127625 0.000000 741.075989
4945.125000 646.127625 0.000000 741.159973
4945.125000 646.127625 0.000000 741.270020
4945.125000 646.127625 0.000000 741.385010
4945.125000 646.127625 0.000000 741.469971
4945.125000 646.127625 0.000000 741.575012
4945.125000 646.127625 0.000000 741.659973
4945.125000 646.127625 0.000000 741.775024
4945.125000 646.127625 0.000000 741.864990
4945.125000 646.127625 0.000000 741.974976
4945.125000 646.127625 0.000000 742.065002
4945.125000 646.127625 0.000000 742.169983
4945.125000 646.127625 0.000000 742.280029
4945.125000 646.127625 0.000000 742.364990
4945.125000 646.127625 0.000000 742.474976
4945.125000 646.127625 0.000000 742.580017
4945.125000 646.127625 0.000000 742.664978
4945.125000 646.127625 0.000000 742.770020
4945.125000 646.127625 0.000000 742.864990
4945.125000 646.127625 0.000000 742.974976
4945.125000 646.127625 0.000000 743.065002
4945.125000 646.127625 0.000000 743.174988
4945.125000 646.127625 0.000000 743.280029
4945.125000 646.127625 0.000000 743.364990
4945.125000 646.127625 0.000000 743.479980
4945.125000 646.127625 0.000000 743.559998
4945.125000 646.127625 0.000000 743.674988
4945.125000 646.127625 0.000000 743.784973
4945.125000 646.127625 0.000000 743.875000
4945.125000 646.127625 0.000000 743.965027
4945.125000 646.127625 0.000000 744.065002
4945.125000 646.127625 0.000000 744.169983
4945.125000 646.127625 0.000000 744.265015
4945.125000 646.127625 0.000000 744.375000
4945.125000 646.127625 0.000000 744.465027
4945.125000 646.127625 0.000000 744.580017
4945.125000 646.127625 0.000000 744.674988
4945.125000 646.127625 0.000000 744.755005
4945.125000 646.127625 0.000000 744.875000
4945.125000 646.127625 0.000000 744.965027
4945.125000 646.127625 0.000000 745.075012
4945.125000 646.127625 0.000000 745.164978
4945.125000 646.127625 0.000000 745.270020
4945.125000 646.127625 0.000000 745.375000
4945.125000 646.127625 0.000000 745.465027
4945.125000 646.127625 0.000000 745.575012
4945.125000 646.127625 0.000000 745.664978
4945.125000 646.127625 0.000000 745.780029
4945.125000 646.127625 0.000000 745.869995
4945.125000 646.127625 0.000000 745.984985
4945.125000 646.127625 0.000000 746.070007
4945.125000 646.127625 0.000000 746.179993
4945.125000 646.127625 0.000000 746.270020
4945.125000 646.127625 0.000000 746.380005
4945.125000 646.127625 0.000000 746.460022
4945.125000 646.127625 0.000000 746.570007
4945.125000 646.127625 0.000000 746.674988
4945.125000 646.127625 0.000000 746.765015
4945.125000 646.127625 0.000000 746.875000
4945.125000 646.127625 0.000000 746.960022
4945.125000 646.127625 0.000000 747.075012
4945.125000 646.127625 0.000000 747.155029
4945.125000 646.127625 0.000000 747.270020
4945.125000 646.127625 0.000000 747.375000
4945.125000 646.127625 0.000000 747.469971
4945.125000 646.127625 0.000000 747.565002
4945.125000 646.127625 0.000000 747.674988
4945.125000 646.127625 0.000000 747.770020
4945.125000 646.127625 0.000000 747.875000
4945.125000 646.127625 0.000000 747.960022
4945.125000 646.127625 0.000000 748.080017
4945.125000 646.127625 0.000000 748.164978
4945.125000 646.127625 0.000000 748.275024
4945.125000 646.127625 0.000000 748.364990
4945.125000 646.127625 0.000000 748.474976
4945.125000 646.127625 0.000000 748.570007
4945.125000 646.127625 0.000000 748.679993
4945.125000 646.127625 0.000000 748.765015
4945.125000 646.127625 0.000000 748.880005
4945.125000 646.127625 0.000000 748.965027
4945.125000 646.127625 0.000000 749.080017
4945.125000 646.127625 0.000000 749.164978
4945.125000 646.127625 0.000000 749.275024
4945.125000 646.127625 0.000000 749.354980
4945.125000 646.127625 0.000000 749.469971
4945.125000 646.127625 0.000000 749.585999
4945.125000 646.127625 0.000000 749.664978
4945.125000 646.127625 0.000000 749.775024
4945.125000 646.127625 0.000000 749.875000
4945.125000 646.127625 0.000000 749.960022
4945.125000 646.127625 0.000000 750.075012
4945.125000 646.127625 0.000000 750.155029
4945.125000 646.127625 0.000000 750.275024
4945.125000 646.127625 0.000000 750.380005
4945.125000 646.127625 0.000000 750.469971
4945.125000 646.127625 0.000000 750.575012
4945.125000 646.127625 0.000000 750.659973
4945.125000 646.127625 0.000000 750.775024
4945.125000 646.127625 0.000000 750.859985
4945.125000 646.127625 0.000000 750.974976
4945.125000 646.127625 0.000000 751.054993
4945.125000 646.127625 0.000000 751.164978
4945.125000 646.127625 0.000000 751.275024
4945.125000 646.127625 0.000000 751.364990
4945.125000 646.127625 0.000000 751.479980
4945.125000 646.127625 0.000000 751.565002
4945.125000 646.127625 0.000000 751.674988
4945.125000 646.127625 0.000000 751.760010
4945.125000 646.127625 0.000000 751.880005
4945.125000 646.127625 0.000000 751.965027
4945.125000 646.127625 0.000000 752.075012
4945.125000 646.127625 0.000000 752.159973
4945.125000 646.127625 0.000000 752.270020
4945.125000 646.127625 0.000000 752.375000
4945.125000 646.127625 0.000000 752.465027
4945.125000 646.127625 0.000000 752.575012
4945.125000 646.127625 0.000000 752.659973
4945.125000 646.127625 0.000000 752.780029
4945.125000 646.127625 0.000000 752.869995
4945.125000 646.127625 0.000000 752.974976
4945.125000 646.127625 0.000000 753.085022
4945.125000 646.127625 0.000000 753.164978
4945.125000 646.127625 0.000000 753.280029
4945.125000 646.127625 0.000000 753.364990
4945.125000 646.127625 0.000000 753.479980
4945.125000 646.127625 0.000000 753.565002
4945.125000 646.127625 0.000000 753.679993
4945.125000 646.127625 0.000000 753.770020
4945.125000 646.127625 0.000000 753.880005
4945.125000 646.127625 0.000000 753.965027
4945.125000 646.127625 0.000000 754.080017
4945.125000 646.127625 0.000000 754.164978
4945.125000 646.127625 0.000000 754.280029
4945.125000 646.127625 0.000000 754.375000
4945.125000 646.127625 0.000000 754.469971
4945.125000 646.127625 0.000000 754.575012
4945.125000 646.127625 0.000000 754.664978
4945.125000 646.127625 0.000000 754.775024
4945.125000 646.127625 0.000000 754.864990
4945.125000 646.127625 0.000000 754.974976
4945.125000 646.127625 0.000000 755.065002
4945.125000 646.127625 0.000000 755.179993
4945.125000 646.127625 0.000000 755.270020
4945.125000 646.127625 0.000000 755.375000
4945.125000 646.127625 0.000000 755.474976
4945.125000 646.127625 0.000000 755.580017
4945.125000 646.127625 0.000000 755.664978
4945.125000 646.127625 0.000000 755.780029
4945.125000 646.127625 0.000000 755.869995
4945.125000 646.127625 0.000000 755.979980
4945.125000 646.127625 0.000000 756.075012
4945.125000 646.127625 0.000000 756.159973
4945.125000 646.127625 0.000000 756.275024
4945.125000 646.127625 0.000000 756.375000
4945.125000 646.127625 0.000000 756.465027
4945.125000 646.127625 0.000000 756.580017
4945.125000 646.127625 0.000000 756.669983
4945.125000 646.127625 0.000000 756.780029
4945.125000 646.127625 0.000000 756.869995
4945.125000 646.127625 0.000000 756.974976
4945.125000 646.127625 0.000000 757.065002
4945.125000 646.127625 0.000000 757.179993
4945.125000 646.127625 0.000000 757.265015
4945.125000 646.127625 0.000000 757.375977
4945.125000 646.127625 0.000000 757.460022
4945.125000 646.127625 0.000000 757.575012
4945.125000 646.127625 0.000000 757.685974
4945.125000 646.127625 0.000000 757.780029
4945.125000 646.127625 0.000000 757.864990
4945.125000 646.127625 0.000000 757.981018
4945.125000 646.127625 0.000000 758.065002
4945.125000 646.127625 0.000000 758.174988
4945.125000 646.127625 0.000000 758.260010
4945.125000 646.127625 0.000000 758.369995
4945.125000 646.127625 0.000000 758.479980
4945.125000 646.127625 0.000000 758.559998
4945.125000 646.127625 0.000000 758.674988
4945.125000 646.127625 0.000000 758.770020
4945.125000 646.127625 0.000000 758.885010
4945.125000 646.127625 0.000000 758.974976
4945.125000 646.127625 0.000000 759.075012
4945.125000 646.127625 0.000000 759.174988
4945.125000 646.127625 0.000000 759.275024
4945.125000 646.127625 0.000000 759.364990
4945.125000 646.127625 0.000000 759.474976
4945.125000 646.127625 0.000000 759.565002
4945.125000 646.127625 0.000000 759.674988
4945.125000 646.127625 0.000000 759.760010
4945.125000 646.127625 0.000000 759.875000
4945.125000 646.127625 0.000000 759.969971
4945.125000 646.127625 0.000000 760.075012
4945.125000 646.127625 0.000000 760.155029
4945.125000 646.127625 0.000000 760.265015
4945.125000 646.127625 0.000000 760.375000
4945.125000 646.127625 0.000000 760.469971
4945.125000 646.127625 0.000000 760.580017
4945.125000 646.127625 0.000000 760.679993
4945.125000 646.127625 0.000000 760.780029
4945.125000 646.127625 0.000000 760.864990
4945.125000 646.127625 0.000000 760.974976
4945.125000 646.127625 0.000000 761.065002
4945.125000 646.127625 0.000000 761.179993
4945.125000 646.127625 0.000000 761.275024
4945.125000 646.127625 0.000000 761.385010
4945.125000 646.127625 0.000000 761.474976
4945.125000 646.127625 0.000000 761.565002
4945.125000 646.127625 0.000000 761.679993
4945.125000 646.127625 0.000000 761.780029
4945.125000 646.127625 0.000000 761.869995
4945.125000 646.127625 0.000000 761.979980
4945.125000 646.127625 0.000000 762.065002
4945.125000 646.127625 0.000000 762.179993
4945.125000 646.127625 0.000000 762.265015
4945.125000 646.127625 0.000000 762.380005
4945.125000 646.127625 0.000000 762.469971
4945.125000 646.127625 0.000000 762.575012
4945.125000 646.127625 0.000000 762.659973
4945.125000 646.127625 0.000000 762.770020
4945.125000 646.127625 0.000000 762.875000
4945.125000 646.127625 0.000000 762.965027
4945.125000 646.127625 0.000000 763.070007
4945.125000 646.127625 0.000000 763.169983
4945.125000 646.127625 0.000000 763.280029
4945.125000 646.127625 0.000000 763.364990
4945.125000 646.127625 0.000000 763.469971
4945.125000 646.127625 0.000000 763.585022
4945.125000 646.127625 0.000000 763.684998
4945.125000 646.127625 0.000000 763.770020
4945.125000 646.127625 0.000000 763.875000
4945.125000 646.127625 0.000000 763.965027
4945.125000 646.127625 0.000000 764.080017
4945.125000 646.127625 0.000000 764.184998
4945.125000 646.127625 0.000000 764.284973
4945.125000 646.127625 0.000000 764.369995
4945.125000 646.127625 0.000000 764.474976
4945.125000 646.127625 0.000000 764.565002
4945.125000 646.127625 0.000000 764.679993
4945.125000 646.127625 0.000000 764.765015
4945.125000 646.127625 0.000000 764.875000
4945.125000 646.127625 0.000000 764.979980
4945.125000 646.127625 0.000000 765.070007
4945.125000 646.127625 0.000000 765.174988
4945.125000 646.127625 0.000000 765.265015
4945.125000 646.127625 0.000000 765.375000
4945.125000 646.127625 0.000000 765.479980
4945.125000 646.127625 0.000000 765.575012
4945.125000 646.127625 0.000000 765.664978
4945.125000 646.127625 0.000000 765.770020
4945.125000 646.127625 0.000000 765.875000
4945.125000 646.127625 0.000000 765.960022
4945.125000 646.127625 0.000000 766.070007
4945.125000 646.127625 0.000000 766.184998
4945.125000 646.127625 0.000000 766.280029
4945.125000 646.127625 0.000000 766.369995
4945.125000 646.127625 0.000000 766.479980
4945.125000 646.127625 0.000000 766.570007
4945.125000 646.127625 0.000000 766.679993
4945.125000 646.127625 0.000000 766.765015
4945.125000 646.127625 0.000000 766.875000
4945.125000 646.127625 0.000000 766.979980
4945.125000 646.127625 0.000000 767.065002
4945.125000 646.127625 0.000000 767.179993
4945.125000 646.127625 0.000000 767.265015
4945.125000 646.127625 0.000000 767.375000
4945.125000 646.127625 0.000000 767.479980
4945.125000 646.127625 0.000000 767.570007
4945.125000 646.127625 0.000000 767.676025
4945.125000 646.127625 0.000000 767.760010
4945.125000 646.127625 0.000000 767.875000
4945.125000 646.127625 0.000000 767.965027
4945.125000 646.127625 0.000000 768.075012
4945.125000 646.127625 0.000000 768.164978
4945.125000 646.127625 0.000000 768.280029
4945.125000 646.127625 0.000000 768.380005
4945.125000 646.127625 0.000000 768.465027
4945.125000 646.127625 0.000000 768.570007
4945.125000 646.127625 0.000000 768.679993
4945.125000 646.127625 0.000000 768.775024
4945.125000 646.127625 0.000000 768.885010
4945.125000 646.127625 0.000000 768.965027
4945.125000 646.127625 0.000000 769.080017
4945.125000 646.127625 0.000000 769.174988
4945.125000 646.127625 0.000000 769.265015
4945.125000 646.127625 0.000000 769.375000
4945.125000 646.127625 0.000000 769.465027
4945.125000 646.127625 0.000000 769.570007
4945.125000 646.127625 0.000000 769.669983
4945.125000 646.127625 0.000000 769.760010
4945.125000 646.127625 0.000000 769.869995
4945.125000 646.127625 0.000000 769.974976
4945.125000 646.127625 0.000000 770.059998
4945.125000 646.127625 0.000000 770.169983
4945.125000 646.127625 0.000000 770.280029
4945.125000 646.127625 0.000000 770.369995
4945.125000 646.127625 0.000000 770.479980
4945.125000 646.127625 0.000000 770.565002
4945.125000 646.127625 0.000000 770.674988
4945.125000 646.127625 0.000000 770.765015
4945.125000 646.127625 0.000000 770.875000
4945.125000 646.127625 0.000000 770.955017
4945.125000 646.127625 0.000000 771.075012
4945.125000 646.127625 0.000000 771.164978
4945.125000 646.127625 0.000000 771.280029
4945.125000 646.127625 0.000000 771.364990
4945.125000 646.127625 0.000000 771.474976
4945.125000 646.127625 0.000000 771.565002
4945.125000 646.127625 0.000000 771.669983
4945.125000 646.127625 0.000000 771.765015
4945.125000 646.127625 0.000000 771.875000
4945.125000 646.127625 0.000000 771.984985
4945.125000 646.127625 0.000000 772.070007
4945.125000 646.127625 0.000000 772.174988
4945.125000 646.127625 0.000000 772.265015
4945.125000 646.127625 0.000000 772.369995
4945.125000 646.127625 0.000000 772.479980
4945.125000 646.127625 0.000000 772.565002
4945.125000 646.127625 0.000000 772.669983
4945.125000 646.127625 0.000000 772.780029
4945.125000 646.127625 0.000000 772.869995
4945.125000 646.127625 0.000000 772.979980
4945.125000 646.127625 0.000000 773.065002
4945.125000 646.127625 0.000000 773.174988
4945.125000 646.127625 0.000000 773.265015
4945.125000 646.127625 0.000000 773.380005
4945.125000 646.127625 0.000000 773.465027
4945.125000 646.127625 0.000000 773.580017
4945.125000 646.127625 0.000000 773.664978
4945.125000 646.127625 0.000000 773.775024
4945.125000 646.127625 0.000000 773.864990
4945.125000 646.127625 0.000000 773.974976
4945.125000 646.127625 0.000000 774.065002
4945.125000 646.127625 0.000000 774.176025
4945.125000 646.127625 0.000000 774.265015
4945.125000 646.127625 0.000000 774.375000
4945.125000 646.127625 0.000000 774.460022
4945.125000 646.127625 0.000000 774.580017
4945.125000 646.127625 0.000000 774.664978
4945.125000 646.127625 0.000000 774.780029
4945.125000 646.127625 0.000000 774.864990
4945.125000 646.127625 0.000000 774.974976
4945.125000 646.127625 0.000000 775.065002
4945.125000 646.127625 0.000000 775.174988
4945.125000 646.127625 0.000000 775.280029
4945.125000 646.127625 0.000000 775.369995
4945.125000 646.127625 0.000000 775.474976
4945.125000 646.127625 0.000000 775.580017
4945.125000 646.127625 0.000000 775.664978
4945.125000 646.127625 0.000000 775.780029
4945.125000 646.127625 0.000000 775.875000
4945.125000 646.127625 0.000000 775.965027
4945.125000 646.127625 0.000000 776.075012
4945.125000 646.127625 0.000000 776.159973
4945.125000 646.127625 0.000000 776.275024
4945.125000 646.127625 0.000000 776.375000
4945.125000 646.127625 0.000000 776.465027
4945.125000 646.127625 0.000000 776.575012
4945.125000 646.127625 0.000000 776.664978
4945.125000 646.127625 0.000000 776.775024
4945.125000 646.127625 0.000000 776.864990
4945.125000 646.127625 0.000000 776.974976
4945.125000 646.127625 0.000000 777.054993
4945.125000 646.127625 0.000000 777.169983
4945.125000 646.127625 0.000000 777.275024
4945.125000 646.127625 0.000000 777.359985
4945.125000 646.127625 0.000000 777.474976
4945.125000 646.127625 0.000000 777.559998
4945.125000 646.127625 0.000000 777.669983
4945.125000 646.127625 0.000000 777.775024
4945.125000 646.127625 0.000000 777.864990
4945.125000 646.127625 0.000000 777.976013
4945.125000 646.127625 0.000000 778.070007
4945.125000 646.127625 0.000000 778.174988
4945.125000 646.127625 0.000000 778.260010
4945.125000 646.127625 0.000000 778.380005
4945.125000 646.127625 0.000000 778.465027
4945.125000 646.127625 0.000000 778.575012
4945.125000 646.127625 0.000000 778.664978
4945.125000 646.127625 0.000000 778.780029
4945.125000 646.127625 0.000000 778.864990
4945.125000 646.127625 0.000000 778.979980
4945.125000 646.127625 0.000000 779.065002
4945.125000 646.127625 0.000000 779.174988
4945.125000 646.127625 0.000000 779.275024
4945.125000 646.127625 0.000000 779.380005
4945.125000 646.127625 0.000000 779.469971
4945.125000 646.127625 0.000000 779.575012
4945.125000 646.127625 0.000000 779.664978
4945.125000 646.127625 0.000000 779.780029
4945.125000 646.127625 0.000000 779.869995
4945.125000 646.127625 0.000000 779.974976
4945.125000 646.127625 0.000000 780.065002
4945.125000 646.127625 0.000000 780.179993
4945.125000 646.127625 0.000000 780.275024
4945.125000 646.127625 0.000000 780.354980
4945.125000 646.127625 0.000000 780.465027
4945.125000 646.127625 0.000000 780.575012
4945.125000 646.127625 0.000000 780.664978
4945.125000 646.127625 0.000000 780.770020
4945.125000 646.127625 0.000000 780.864990
4945.125000 646.127625 0.000000 780.984985
4945.125000 646.127625 0.000000 781.070007
4945.125000 646.127625 0.000000 781.174988
4945.125000 646.127625 0.000000 781.275024
4945.125000 646.127625 0.000000 781.364990
4945.125000 646.127625 0.000000 781.474976
4945.125000 646.127625 0.000000 781.565002
4945.125000 646.127625 0.000000 781.676025
4945.125000 646.127625 0.000000 781.765015
4945.125000 646.127625 0.000000 781.875000
4945.125000 646.127625 0.000000 781.960022
4945.125000 646.127625 0.000000 782.075012
4945.125000 646.127625 0.000000 782.179993
4945.125000 646.127625 0.000000 782.265015
4945.125000 646.127625 0.000000 782.375000
4945.125000 646.127625 0.000000 782.474976
4945.125000 646.127625 0.000000 782.554993
4945.125000 646.127625 0.000000 782.664978
4945.125000 646.127625 0.000000 782.775024
4945.125000 646.127625 0.000000 782.875000
4945.125000 646.127625 0.000000 782.969971
4945.125000 646.127625 0.000000 783.075012
4945.125000 646.127625 0.000000 783.159973
4945.125000 646.127625 0.000000 783.275024
4945.125000 646.127625 0.000000 783.364990
4945.125000 646.127625 0.000000 783.469971
4945.125000 646.127625 0.000000 783.580017
4945.125000 646.127625 0.000000 783.664978
4945.125000 646.127625 0.000000 783.780029
4945.125000 646.127625 0.000000 783.864990
4945.125000 646.127625 0.000000 783.974976
4945.125000 646.127625 0.000000 784.059998
4945.125000 646.127625 0.000000 784.169983
4945.125000 646.127625 0.000000 784.280029
4945.125000 646.127625 0.000000 784.364990
4945.125000 646.127625 0.000000 784.474976
4945.125000 646.127625 0.000000 784.559998
4945.125000 646.127625 0.000000 784.669983
4945.125000 646.127625 0.000000 784.760010
4945.125000 646.127625 0.000000 784.880005
4945.125000 646.127625 0.000000 784.974976
4945.125000 646.127625 0.000000 785.059998
4945.125000 646.127625 0.000000 785.174988
4945.125000 646.127625 0.000000 785.265015
4945.125000 646.127625 0.000000 785.375000
4945.125000 646.127625 0.000000 785.474976
4945.125000 646.127625 0.000000 785.570007
4945.125000 646.127625 0.000000 785.674988
4945.125000 646.127625 0.000000 785.765015
4945.125000 646.127625 0.000000 785.875000
4945.125000 646.127625 0.000000 785.965027
4945.125000 646.127625 0.000000 786.075012
4945.125000 646.127625 0.000000 786.164978
4945.125000 646.127625 0.000000 786.275024
4945.125000 646.127625 0.000000 786.359985
4945.125000 646.127625 0.000000 786.476013
4945.125000 646.127625 0.000000 786.565002
4945.125000 646.127625 0.000000 786.674988
4945.125000 646.127625 0.000000 786.765015
4945.125000 646.127625 0.000000 786.875000
4945.125000 646.127625 0.000000 786.974976
4945.125000 646.127625 0.000000 787.065002
4945.125000 646.127625 0.000000 787.179993
4945.125000 646.127625 0.000000 787.265015
4945.125000 646.127625 0.000000 787.380005
4945.125000 646.127625 0.000000 787.465027
4945.125000 646.127625 0.000000 787.570007
4945.125000 646.127625 0.000000 787.679993
4945.125000 646.127625 0.000000 787.765015
4945.125000 646.127625 0.000000 787.880005
4945.125000 646.127625 0.000000 787.974976
4945.125000 646.127625 0.000000 788.065002
4945.125000 646.127625 0.000000 788.174988
4945.125000 646.127625 0.000000 788.260010
4945.125000 646.127625 0.000000 788.369995
4945.125000 646.127625 0.000000 788.479980
4945.125000 646.127625 0.000000 788.565002
4945.125000 646.127625 0.000000 788.679993
4945.125000 646.127625 0.000000 788.770020
4945.125000 646.127625 0.000000 788.880005
4945.125000 646.127625 0.000000 788.974976
4945.125000 646.127625 0.000000 789.065002
4945.125000 646.127625 0.000000 789.169983
4945.125000 646.127625 0.000000 789.280029
4945.125000 646.127625 0.000000 789.359985
4945.125000 646.127625 0.000000 789.474976
4945.125000 646.127625 0.000000 789.570007
4945.125000 646.127625 0.000000 789.679993
4945.125000 646.127625 0.000000 789.780029
4945.125000 646.127625 0.000000 789.869995
4945.125000 646.127625 0.000000 789.979980
4945.125000 646.127625 0.000000 790.065002
4945.125000 646.127625 0.000000 790.179993
4945.125000 646.127625 0.000000 790.265015
4945.125000 646.127625 0.000000 790.380005
4945.125000 646.127625 0.000000 790.465027
4945.125000 646.127625 0.000000 790.580017
4945.125000 646.127625 0.000000 790.664978
4945.125000 646.127625 0.000000 790.780029
4945.125000 646.127625 0.000000 790.864990
4945.125000 646.127625 0.000000 790.979980
4945.125000 646.127625 0.000000 791.065002
4945.125000 646.127625 0.000000 791.179993
4945.125000 646.127625 0.000000 791.275024
4945.125000 646.127625 0.000000 791.380005
4945.125000 646.127625 0.000000 791.474976
4945.125000 646.127625 0.000000 791.570007
4945.125000 646.127625 0.000000 791.679993
4945.125000 646.127625 0.000000 791.770020
4945.125000 646.127625 0.000000 791.880005
4945.125000 646.127625 0.000000 791.965027
4945.125000 646.127625 0.000000 792.085022
4945.125000 646.127625 0.000000 792.164978
4945.125000 646.127625 0.000000 792.275024
4945.125000 646.127625 0.000000 792.364990
4945.125000 646.127625 0.000000 792.474976
4945.125000 646.127625 0.000000 792.575012
4945.125000 646.127625 0.000000 792.659973
4945.125000 646.127625 0.000000 792.775024
4945.125000 646.127625 0.000000 792.864990
4945.125000 646.127625 0.000000 792.974976
4945.125000 646.127625 0.000000 793.065002
4945.125000 646.127625 0.000000 793.179993
4945.125000 646.127625 0.000000 793.265015
4945.125000 646.127625 0.000000 793.375000
4945.125000 646.127625 0.000000 793.465027
4945.125000 646.127625 0.000000 793.580017
4945.125000 646.127625 0.000000 793.669983
4945.125000 646.127625 0.000000 793.780029
4945.125000 646.127625 0.000000 793.875000
4945.125000 646.127625 0.000000 793.984985
4945.125000 646.127625 0.000000 794.075012
4945.125000 646.127625 0.000000 794.179993
4945.125000 646.127625 0.000000 794.265015
4945.125000 646.127625 0.000000 794.375000
4945.125000 646.127625 0.000000 794.479980
4945.125000 646.127625 0.000000 794.565002
4945.125000 646.127625 0.000000 794.679993
4945.125000 646.127625 0.000000 794.770020
4945.125000 646.127625 0.000000 794.875000
4945.125000 646.127625 0.000000 794.969971
4945.125000 646.127625 0.000000 795.080017
4945.125000 646.127625 0.000000 795.174988
4945.125000 646.127625 0.000000 795.284973
4945.125000 646.127625 0.000000 795.364990
4945.125000 646.127625 0.000000 795.474976
4945.125000 646.127625 0.000000 795.565002
4945.125000 646.127625 0.000000 795.674988
4945.125000 646.127625 0.000000 795.760010
4945.125000 646.127625 0.000000 795.875000
4945.125000 646.127625 0.000000 795.969971
4945.125000 646.127625 0.000000 796.080017
4945.125000 646.127625 0.000000 796.164978
4945.125000 646.127625 0.000000 796.280029
4945.125000 646.127625 0.000000 796.364990
4945.125000 646.127625 0.000000 796.474976
4945.125000 646.127625 0.000000 796.585022
4945.125000 646.127625 0.000000 796.669983
4945.125000 646.127625 0.000000 796.780029
4945.125000 646.127625 0.000000 796.864990
4945.125000 646.127625 0.000000 796.974976
4945.125000 646.127625 0.000000 797.059998
4945.125000 646.127625 0.000000 797.169983
4945.125000 646.127625 0.000000 797.280029
4945.125000 646.127625 0.000000 797.364990
4945.125000 646.127625 0.000000 797.474976
4945.125000 646.127625 0.000000 797.565002
4945.125000 646.127625 0.000000 797.679993
4945.125000 646.127625 0.000000 797.765015
4945.125000 646.127625 0.000000 797.875000
4945.125000 646.127625 0.000000 797.969971
4945.125000 646.127625 0.000000 798.080017
4945.125000 646.127625 0.000000 798.169983
4945.125000 646.127625 0.000000 798.275024
4945.125000 646.127625 0.000000 798.359985
4945.125000 646.127625 0.000000 798.474976
4945.125000 646.127625 0.000000 798.565002
4945.125000 646.127625 0.000000 798.674988
4945.125000 646.127625 0.000000 798.765015
4945.125000 646.127625 0.000000 798.880005
4945.125000 646.127625 0.000000 798.974976
4945.125000 646.127625 0.000000 799.065002
4945.125000 646.127625 0.000000 799.174988
4945.125000 646.127625 0.000000 799.265015
4945.125000 646.127625 0.000000 799.369995
4945.125000 646.127625 0.000000 799.484985
4945.125000 646.127625 0.000000 799.580017
4945.125000 646.127625 0.000000 799.674988
4945.125000 646.127625 0.000000 799.760010
4945.125000 646.127625 0.000000 799.875000
4945.125000 646.127625 0.000000 799.965027
4945.125000 646.127625 0.000000 800.075012
4945.125000 646.127625 0.000000 800.164978
4945.125000 646.127625 0.000000 800.275024
