71.625000 0.000000 0.078000 0.070000
90.250000 0.202400 0.078000 0.170000
104.625000 0.404545 0.078000 0.275000
119.875000 0.404545 0.078000 0.365000
131.000000 0.606765 0.078000 0.465000
141.625000 0.807844 0.078000 0.571000
150.750000 1.013177 0.109000 0.660000
159.750000 1.240537 0.109000 0.770000
166.250000 1.479042 0.109000 0.870000
172.625000 1.688221 0.109000 0.975000
178.125000 1.897667 0.109000 1.070000
184.125000 2.107335 0.109000 1.165000
191.250000 2.317124 0.109000 1.265000
199.750000 2.526974 0.109000 1.370000
207.125000 2.736807 0.109000 1.470000
215.875000 2.946630 0.109000 1.570000
224.375000 3.156456 0.109000 1.670000
234.250000 3.156456 0.152000 1.765000
245.375000 3.576198 0.152000 1.875000
257.375000 3.576198 0.152000 1.965000
270.500000 3.796123 0.152000 2.070000
282.250000 4.005880 0.152000 2.170000
295.750000 4.215633 0.152000 2.260000
308.875000 4.435438 0.152000 2.370000
318.250000 4.645290 0.152000 2.475000
328.500000 4.855146 0.152000 2.565000
337.625000 5.065042 0.152000 2.675000
345.500000 5.284951 0.183000 2.770000
355.625000 5.494764 0.183000 2.865000
365.250000 5.704451 0.183000 2.970000
372.750000 5.924212 0.183000 3.070000
380.625000 6.134048 0.183000 3.170000
388.000000 6.343895 0.183000 3.270000
395.125000 6.553792 0.183000 3.375000
401.625000 6.763725 0.183000 3.470000
407.375000 6.763725 0.183000 3.570000
414.750000 7.173706 0.183000 3.675000
423.125000 7.373736 0.194000 3.775000
428.375000 7.373736 0.194000 3.865000
435.750000 7.573742 0.194000 3.960000
442.125000 7.793729 0.194000 4.065000
449.375000 8.003698 0.194000 4.165000
457.875000 8.213659 0.194000 4.270000
463.750000 8.423618 0.194000 4.365000
470.250000 8.633594 0.194000 4.475000
477.125000 8.833604 0.194000 4.570000
481.875000 9.043633 0.194000 4.670000
486.000000 9.263639 0.197000 4.775000
490.000000 9.473625 0.197000 4.875000
494.500000 9.693639 0.197000 4.970000
500.375000 9.893674 0.197000 5.075000
503.500000 10.093714 0.197000 5.175000
506.375000 10.293723 0.197000 5.260000
511.125000 10.513742 0.197000 5.365000
514.750000 10.723726 0.197000 5.470000
520.125000 10.933702 0.197000 5.565000
523.750000 11.143690 0.197000 5.670000
528.375000 11.343690 0.181000 5.770000
532.125000 11.543707 0.181000 5.865000
536.125000 11.743741 0.181000 5.965000
540.000000 11.943750 0.181000 6.070000
545.000000 12.143772 0.181000 6.170000
548.250000 12.343807 0.181000 6.270000
553.500000 12.543860 0.181000 6.375000
557.000000 12.743914 0.181000 6.460000
561.375000 12.943951 0.181000 6.570000
566.000000 13.143972 0.181000 6.665000
570.125000 13.343995 0.165000 6.770000
574.250000 13.544018 0.165000 6.870000
578.500000 13.744030 0.165000 6.965000
582.250000 13.954020 0.165000 7.070000
587.750000 14.163990 0.165000 7.170000
591.500000 14.373929 0.165000 7.275000
595.375000 14.373929 0.165000 7.365000
599.000000 14.583866 0.165000 7.470000
602.125000 14.793800 0.165000 7.575000
605.125000 15.003735 0.165000 7.670000
608.375000 15.223703 0.167000 7.770000
611.250000 15.433678 0.167000 7.870000
615.750000 15.673648 0.167000 7.980000
618.625000 15.903623 0.167000 8.070000
622.875000 16.103636 0.167000 8.170000
626.500000 16.313629 0.167000 8.270000
628.125000 16.523598 0.167000 8.370000
631.875000 16.733540 0.167000 8.470000
634.500000 16.943529 0.167000 8.570000
637.000000 17.153530 0.167000 8.670000
642.000000 17.353533 0.170000 8.770000
645.125000 17.553545 0.170000 8.870000
649.250000 17.753569 0.170000 8.970000
652.000000 17.753569 0.170000 9.060000
654.250000 17.953590 0.170000 9.160000
657.875000 18.353621 0.170000 9.265000
660.875000 18.553633 0.170000 9.375000
663.250000 18.763615 0.170000 9.470000
667.375000 18.973587 0.170000 9.575000
669.625000 18.973587 0.170000 9.675000
674.875000 19.203526 0.179000 9.765000
677.375000 19.413458 0.179000 9.875000
678.500000 19.623400 0.179000 9.970000
682.250000 19.833397 0.179000 10.065000
684.750000 20.033409 0.179000 10.170000
687.125000 20.243393 0.179000 10.275000
690.875000 20.443405 0.179000 10.375000
695.375000 20.643423 0.179000 10.470000
698.125000 20.843460 0.179000 10.565000
701.125000 21.073473 0.179000 10.670000
704.375000 21.283493 0.159000 10.775000
706.250000 21.523388 0.159000 10.870000
711.625000 21.732553 0.159000 10.965000
713.750000 21.941185 0.159000 11.065000
716.750000 22.150202 0.159000 11.175000
719.125000 22.359608 0.159000 11.270000
721.500000 22.359608 0.159000 11.370000
724.000000 22.569229 0.159000 11.465000
726.500000 22.778986 0.159000 11.575000
729.000000 23.008837 0.159000 11.670000
732.500000 23.218761 0.155000 11.770000
734.375000 23.428719 0.155000 11.875000
738.125000 23.638670 0.155000 11.970000
740.625000 23.848602 0.155000 12.075000
742.500000 24.118513 0.155000 12.170000
745.750000 24.328465 0.155000 12.275000
747.500000 24.538406 0.155000 12.370000
750.250000 24.748325 0.155000 12.470000
753.250000 24.958221 0.155000 12.570000
756.125000 24.958221 0.155000 12.670000
759.750000 25.168123 0.164000 12.770000
761.875000 25.398001 0.164000 12.870000
763.375000 25.607916 0.164000 12.970000
766.250000 25.837845 0.164000 13.070000
767.875000 26.047783 0.164000 13.175000
769.625000 26.267708 0.164000 13.265000
772.750000 26.487616 0.164000 13.370000
775.000000 26.697536 0.164000 13.465000
777.375000 26.917456 0.164000 13.570000
779.000000 27.127373 0.164000 13.670000
780.500000 27.337309 0.164000 13.770000
782.750000 27.547228 0.164000 13.870000
785.250000 27.757158 0.164000 13.975000
786.125000 27.967115 0.164000 14.075000
787.875000 27.967115 0.164000 14.170000
789.625000 28.186970 0.164000 14.275000
791.875000 28.396259 0.164000 14.370000
792.750000 28.604757 0.164000 14.480000
794.125000 28.812597 0.164000 14.565000
795.375000 29.040239 0.164000 14.665000
798.500000 29.268269 0.159000 14.775000
801.125000 29.477362 0.159000 14.875000
804.875000 29.687027 0.159000 14.970000
807.000000 29.896709 0.159000 15.070000
810.375000 30.105055 0.159000 15.170000
813.125000 30.311409 0.159000 15.270000
815.625000 30.516418 0.159000 15.375000
816.875000 30.721067 0.159000 15.470000
819.375000 30.926325 0.159000 15.570000
822.125000 30.926325 0.159000 15.670000
824.375000 31.133192 0.157000 15.765000
826.375000 31.351126 0.157000 15.870000
829.750000 31.559393 0.157000 15.970000
832.125000 31.767733 0.157000 16.070000
834.625000 31.976170 0.157000 16.174999
835.375000 32.185085 0.157000 16.270000
838.625000 32.424545 0.157000 16.375000
840.875000 32.644501 0.157000 16.475000
843.125000 32.844677 0.157000 16.559999
846.125000 33.075027 0.157000 16.670000
848.875000 33.275341 0.148000 16.764999
850.750000 33.475700 0.148000 16.870001
854.125000 33.676132 0.148000 16.965000
856.375000 33.876537 0.148000 17.075001
858.500000 34.076923 0.148000 17.170000
860.500000 34.277092 0.148000 17.270000
863.875000 34.486870 0.148000 17.375000
866.250000 34.695782 0.148000 17.469999
870.000000 34.899704 0.148000 17.570000
872.500000 34.899704 0.148000 17.670000
875.625000 35.119331 0.177000 17.770000
876.500000 35.320293 0.177000 17.870001
878.750000 35.528477 0.177000 17.965000
881.375000 35.744160 0.177000 18.075001
883.375000 35.951912 0.177000 18.170000
886.750000 36.154789 0.177000 18.275000
889.125000 36.359585 0.177000 18.375000
890.750000 36.565067 0.177000 18.475000
892.625000 36.565067 0.177000 18.570000
895.375000 36.771168 0.177000 18.670000
898.750000 36.978279 0.167000 18.770000
901.000000 37.186241 0.167000 18.870001
903.875000 37.393978 0.167000 18.965000
906.250000 37.630905 0.167000 19.070000
907.625000 37.858059 0.167000 19.174999
909.750000 38.065762 0.167000 19.264999
912.875000 38.274307 0.167000 19.370001
914.500000 38.483593 0.167000 19.469999
917.375000 38.693329 0.167000 19.559999
921.875000 38.903301 0.167000 19.665001
925.250000 39.103436 0.168000 19.775000
929.250000 39.313362 0.168000 19.865000
932.375000 39.522411 0.168000 19.965000
934.625000 39.730522 0.168000 20.075001
938.250000 39.730522 0.168000 20.170000
942.125000 39.957516 0.168000 20.275000
946.125000 40.164101 0.168000 20.360001
951.000000 40.399723 0.168000 20.459999
957.750000 40.635147 0.168000 20.565001
964.125000 40.841263 0.168000 20.674999
969.750000 41.067997 0.233000 20.775000
977.625000 41.276161 0.233000 20.870001
987.000000 41.484325 0.233000 20.965000
997.250000 41.692413 0.233000 21.080000
1010.125000 41.900543 0.233000 21.170000
1024.125000 41.900543 0.233000 21.270000
1036.500000 42.108723 0.233000 21.370001
1049.500000 42.326736 0.233000 21.469999
1058.750000 42.544598 0.233000 21.565001
1068.125000 42.752430 0.233000 21.670000
1075.500000 42.960918 0.211000 21.770000
1082.375000 43.169720 0.211000 21.865000
1089.625000 43.402756 0.211000 21.975000
1098.000000 43.606716 0.211000 22.070000
1105.875000 43.812012 0.211000 22.170000
1115.000000 43.812012 0.211000 22.275000
1121.875000 44.015575 0.211000 22.370001
1127.125000 44.222168 0.211000 22.465000
1134.500000 44.427441 0.211000 22.575001
1140.250000 44.427441 0.211000 22.674999
1143.875000 44.655407 0.211000 22.770000
1149.000000 44.860508 0.263000 22.870001
1152.750000 44.860508 0.263000 22.965000
1156.125000 45.063950 0.263000 23.070000
1160.875000 45.272263 0.263000 23.174999
1163.375000 45.476807 0.263000 23.270000
1168.375000 45.697968 0.263000 23.365000
1171.375000 45.903332 0.263000 23.465000
1174.875000 46.110508 0.263000 23.565001
1177.875000 46.318909 0.263000 23.670000
1179.625000 46.527988 0.195000 23.770000
1181.000000 46.737423 0.195000 23.870001
1184.125000 46.947063 0.195000 23.965000
1186.250000 47.156837 0.195000 24.065001
1189.125000 47.366688 0.195000 24.174999
1190.500000 47.366688 0.195000 24.270000
1193.000000 47.606579 0.195000 24.360001
1195.625000 47.816437 0.195000 24.469999
1198.750000 48.026348 0.195000 24.570000
1201.000000 48.236229 0.195000 24.660000
1203.125000 48.446037 0.215000 24.775000
1205.625000 48.695385 0.215000 24.870001
1208.750000 48.904961 0.215000 24.975000
1212.125000 49.114651 0.215000 25.065001
1215.750000 49.324165 0.215000 25.165001
1217.625000 49.533043 0.215000 25.260000
1220.625000 49.741669 0.215000 25.365000
1223.750000 49.950428 0.215000 25.475000
1226.500000 49.950428 0.215000 25.565001
1229.125000 50.159550 0.215000 25.670000
1231.625000 50.368980 0.230000 25.764999
1234.375000 50.578598 0.230000 25.870001
1237.875000 50.788311 0.230000 25.969999
1240.500000 50.998123 0.230000 26.070000
1243.125000 51.208027 0.230000 26.165001
1245.375000 51.417938 0.230000 26.260000
1248.125000 51.627853 0.230000 26.370001
1250.625000 51.837746 0.230000 26.475000
1253.375000 52.047630 0.230000 26.570000
1255.125000 52.297531 0.230000 26.665001
1256.875000 52.507442 0.200000 26.770000
1258.750000 52.717331 0.200000 26.870001
1263.000000 52.927235 0.200000 26.965000
1265.625000 53.137123 0.200000 27.075001
1268.000000 53.347008 0.200000 27.165001
1270.000000 53.556870 0.200000 27.270000
1273.875000 53.556870 0.200000 27.365000
1276.625000 53.776718 0.200000 27.469999
1278.875000 53.986557 0.200000 27.570000
1280.375000 54.206245 0.200000 27.670000
1285.000000 54.415642 0.205000 27.770000
1287.000000 54.625092 0.205000 27.860001
1288.750000 54.854683 0.205000 27.969999
1291.875000 55.074425 0.205000 28.070000
1295.250000 55.284077 0.205000 28.174999
1296.250000 55.493313 0.205000 28.270000
1298.000000 55.702671 0.205000 28.375000
1300.625000 55.912277 0.205000 28.469999
1303.375000 56.122036 0.205000 28.570000
1306.500000 56.331841 0.205000 28.670000
1308.625000 56.541683 0.195000 28.764999
1310.125000 56.751556 0.195000 28.870001
1311.875000 56.751556 0.195000 28.965000
1314.000000 56.961475 0.195000 29.075001
1314.875000 57.201439 0.195000 29.170000
1318.125000 57.401443 0.195000 29.270000
1320.250000 57.601479 0.195000 29.375000
1322.750000 57.801517 0.195000 29.459999
1326.375000 58.001534 0.195000 29.565001
1329.000000 58.211533 0.195000 29.674999
1331.500000 58.411545 0.151000 29.770000
1333.000000 58.618355 0.151000 29.870001
1335.125000 58.842533 0.151000 29.975000
1339.125000 58.842533 0.151000 30.070000
1341.625000 59.044369 0.151000 30.165001
1345.500000 59.044369 0.151000 30.275000
1349.000000 59.245914 0.151000 30.365000
1351.625000 59.245914 0.151000 30.465000
1353.750000 59.245914 0.151000 30.575001
1354.125000 59.245914 0.151000 30.670000
1355.875000 59.245914 0.161000 30.770000
1357.625000 59.245914 0.161000 30.870001
1358.375000 59.245914 0.161000 30.975000
1360.250000 59.245914 0.161000 31.075001
1362.000000 59.446198 0.161000 31.170000
1363.000000 59.446198 0.161000 31.270000
1364.000000 59.446198 0.161000 31.365000
1365.125000 59.446198 0.161000 31.475000
1367.125000 59.446198 0.161000 31.575001
1368.375000 59.446198 0.161000 31.674999
1369.375000 59.446198 0.159000 31.770000
1370.000000 59.446198 0.159000 31.870001
1372.125000 59.446198 0.159000 31.975000
1373.250000 59.446198 0.159000 32.070000
1373.875000 59.446198 0.159000 32.169998
1374.875000 59.446198 0.159000 32.264999
1376.125000 59.446198 0.159000 32.365002
1376.500000 59.446198 0.159000 32.474998
1377.500000 59.446198 0.159000 32.570000
1378.500000 59.446198 0.159000 32.669998
1380.750000 59.659760 0.165000 32.775002
1381.875000 59.659760 0.165000 32.875000
1383.250000 59.862278 0.165000 32.970001
1384.875000 60.069004 0.165000 33.075001
1386.250000 60.274948 0.165000 33.174999
1387.625000 60.274948 0.165000 33.275002
1388.500000 60.476124 0.165000 33.375000
1388.875000 60.678711 0.165000 33.465000
1389.500000 60.678711 0.165000 33.570000
1389.750000 60.889698 0.165000 33.669998
1389.875000 61.116005 0.147000 33.764999
1389.875000 61.321281 0.147000 33.880001
1390.375000 61.321281 0.147000 33.970001
1390.875000 61.528290 0.147000 34.070000
1391.500000 61.737278 0.147000 34.165001
1392.000000 61.946651 0.147000 34.270000
1392.125000 62.161060 0.147000 34.365002
1392.500000 62.377659 0.147000 34.470001
1394.125000 62.584892 0.147000 34.564999
1394.625000 62.792244 0.147000 34.665001
1395.125000 63.000088 0.134000 34.770000
1395.375000 63.208508 0.134000 34.869999
1396.500000 63.417568 0.134000 34.974998
1397.000000 63.627056 0.134000 35.070000
1397.500000 63.627056 0.134000 35.169998
1397.875000 63.836777 0.134000 35.275002
1398.750000 64.076607 0.134000 35.375000
1399.125000 64.286407 0.134000 35.474998
1399.500000 64.493584 0.134000 35.570000
1400.375000 64.728302 0.134000 35.669998
1401.375000 64.934868 0.142000 35.770000
1402.500000 64.934868 0.142000 35.875000
1402.750000 65.164902 0.142000 35.974998
1403.250000 65.378525 0.142000 36.075001
1404.375000 65.580421 0.142000 36.174999
1405.000000 65.580421 0.142000 36.275002
1405.625000 65.787193 0.142000 36.369999
1406.500000 65.992226 0.142000 36.470001
1407.000000 65.992226 0.142000 36.570000
1407.750000 66.197075 0.142000 36.669998
1407.875000 66.404121 0.150000 36.770000
1408.125000 66.605484 0.150000 36.875000
1408.375000 66.605484 0.150000 36.970001
1408.750000 66.808838 0.150000 37.064999
1409.125000 67.036583 0.150000 37.169998
1409.250000 67.036583 0.150000 37.275002
1409.500000 67.257599 0.150000 37.375000
1409.500000 67.463806 0.150000 37.470001
1409.875000 67.667107 0.150000 37.575001
1410.375000 67.667107 0.150000 37.665001
1410.750000 67.874832 0.130000 37.770000
1411.125000 68.079391 0.130000 37.875000
1411.625000 68.280945 0.130000 37.974998
1412.250000 68.484779 0.130000 38.070000
1413.125000 68.692535 0.130000 38.174999
1413.625000 68.692535 0.130000 38.270000
1413.750000 68.908653 0.130000 38.369999
1414.125000 69.128983 0.130000 38.474998
1414.750000 69.333015 0.130000 38.570000
1415.500000 69.333015 0.130000 38.669998
1416.250000 69.536743 0.160000 38.764999
1417.000000 69.740761 0.160000 38.875000
1417.625000 69.740761 0.160000 38.965000
1417.750000 69.941116 0.160000 39.064999
1418.250000 70.145096 0.160000 39.165001
1418.625000 70.347443 0.160000 39.275002
1419.125000 70.577805 0.160000 39.375000
1419.750000 70.803391 0.160000 39.474998
1420.750000 71.021355 0.160000 39.564999
1421.125000 71.230415 0.160000 39.669998
1422.000000 71.439957 0.162000 39.770000
1422.250000 71.645889 0.162000 39.865002
1423.000000 71.645889 0.162000 39.970001
1423.875000 71.879044 0.162000 40.070000
1424.750000 72.083679 0.162000 40.169998
1425.250000 72.285934 0.162000 40.264999
1426.250000 72.285934 0.162000 40.369999
1426.500000 72.506844 0.162000 40.465000
1426.500000 72.711205 0.162000 40.575001
1427.250000 72.915215 0.162000 40.665001
1428.500000 72.915215 0.164000 40.770000
1428.625000 73.119255 0.164000 40.869999
1428.875000 73.323410 0.164000 40.970001
1429.125000 73.528755 0.164000 41.064999
1430.250000 73.528755 0.164000 41.169998
1430.500000 73.734756 0.164000 41.275002
1430.625000 73.943550 0.164000 41.369999
1430.875000 74.144310 0.164000 41.474998
1431.625000 74.350281 0.164000 41.570000
1431.875000 74.578850 0.164000 41.669998
1432.125000 74.818932 0.188000 41.770000
1432.375000 75.019592 0.188000 41.875000
1432.750000 75.220505 0.188000 41.970001
1433.375000 75.421532 0.188000 42.075001
1433.750000 75.622459 0.188000 42.174999
1434.000000 75.823326 0.188000 42.270000
1435.000000 76.023880 0.188000 42.369999
1436.250000 76.233681 0.188000 42.470001
1437.125000 76.442726 0.188000 42.575001
1439.625000 76.650566 0.188000 42.669998
1441.750000 76.650566 0.186000 42.764999
1442.625000 76.861572 0.186000 42.869999
1444.000000 77.077461 0.186000 42.965000
1445.125000 77.278633 0.186000 43.064999
1446.875000 77.484009 0.186000 43.174999
1447.375000 77.692032 0.186000 43.270000
1447.625000 77.901375 0.186000 43.375000
1449.500000 78.110748 0.186000 43.465000
1450.750000 78.319633 0.186000 43.575001
1452.625000 78.547768 0.186000 43.669998
1453.375000 78.755569 0.225000 43.764999
1455.000000 78.972946 0.225000 43.869999
1456.125000 79.180237 0.225000 43.970001
1456.750000 79.387512 0.225000 44.075001
1457.750000 79.595764 0.225000 44.174999
1458.625000 79.805183 0.225000 44.270000
1459.375000 80.005280 0.225000 44.375000
1459.750000 80.205719 0.225000 44.470001
1460.375000 80.205719 0.225000 44.564999
1460.625000 80.405968 0.225000 44.669998
1461.375000 80.635406 0.212000 44.764999
1462.875000 80.844109 0.212000 44.875000
1464.000000 81.052139 0.212000 44.965000
1464.625000 81.259636 0.212000 45.075001
1465.875000 81.466789 0.212000 45.169998
1466.750000 81.673737 0.212000 45.279999
1467.625000 81.881111 0.212000 45.375000
1468.375000 82.109772 0.212000 45.470001
1469.250000 82.319290 0.212000 45.564999
1470.000000 82.549393 0.212000 45.669998
1470.625000 82.749542 0.206000 45.764999
1472.000000 82.952492 0.206000 45.875000
1473.625000 83.153770 0.206000 45.974998
1475.000000 83.153770 0.206000 46.064999
1476.375000 83.357262 0.206000 46.171001
1477.875000 83.583122 0.206000 46.275002
1479.000000 83.788994 0.206000 46.375000
1479.250000 83.788994 0.206000 46.470001
1479.500000 84.015755 0.206000 46.575001
1481.875000 84.219345 0.206000 46.660000
1483.500000 84.219345 0.201000 46.775002
1483.875000 84.423119 0.201000 46.865002
1485.250000 84.627609 0.201000 46.970001
1486.375000 84.835289 0.201000 47.075001
1487.125000 84.835289 0.201000 47.165001
1488.375000 85.038750 0.201000 47.270000
1489.375000 85.255043 0.201000 47.360001
1490.500000 85.458702 0.201000 47.470001
1491.125000 85.665359 0.201000 47.560001
1491.875000 85.903397 0.201000 47.669998
1493.125000 86.122505 0.192000 47.764999
1493.875000 86.362030 0.192000 47.869999
1494.875000 86.571823 0.192000 47.970001
1495.375000 86.781700 0.192000 48.070000
1496.250000 86.991646 0.192000 48.174999
1497.000000 87.201607 0.192000 48.270000
1497.250000 87.201607 0.192000 48.365002
1497.750000 87.421577 0.192000 48.465000
1498.375000 87.631561 0.192000 48.570000
1498.750000 87.841492 0.192000 48.669998
1499.250000 88.051445 0.174000 48.770000
1499.875000 88.261406 0.174000 48.869999
1500.250000 88.471375 0.174000 48.974998
1500.875000 88.681335 0.174000 49.064999
1501.250000 88.921295 0.174000 49.169998
1501.750000 89.131119 0.174000 49.270000
1502.250000 89.340858 0.174000 49.365002
1502.625000 89.550674 0.174000 49.470001
1503.000000 89.760513 0.174000 49.570000
1503.500000 89.970421 0.174000 49.669998
1503.625000 90.180351 0.175000 49.764999
1504.125000 90.390213 0.175000 49.869999
1504.500000 90.599960 0.175000 49.970001
1504.750000 90.809570 0.175000 50.075001
1505.000000 90.809570 0.175000 50.174999
1505.250000 91.039124 0.175000 50.275002
1505.375000 91.248825 0.175000 50.369999
1505.500000 91.458611 0.175000 50.480000
1505.875000 91.668419 0.175000 50.564999
1506.000000 91.898254 0.175000 50.669998
1506.375000 92.108101 0.173000 50.770000
1506.625000 92.327965 0.173000 50.875000
1506.875000 92.537842 0.173000 50.970001
1507.375000 92.747719 0.173000 51.064999
1507.625000 92.957550 0.173000 51.174999
1507.750000 93.167374 0.173000 51.270000
1508.375000 93.377220 0.173000 51.369999
1508.375000 93.587067 0.173000 51.470001
1508.875000 93.796944 0.173000 51.570000
1509.375000 94.006859 0.173000 51.674999
1509.625000 94.006859 0.180000 51.770000
1509.875000 94.226776 0.180000 51.875000
1510.125000 94.436646 0.180000 51.970001
1510.750000 94.646515 0.180000 52.070000
1511.125000 94.856407 0.180000 52.169998
1511.375000 95.066338 0.180000 52.270000
1511.500000 95.276230 0.180000 52.369999
1511.875000 95.526085 0.180000 52.465000
1512.000000 95.735931 0.180000 52.570000
1512.375000 95.955765 0.180000 52.669998
1512.625000 96.165665 0.196000 52.764999
1513.000000 96.375580 0.196000 52.875000
1513.750000 96.585503 0.196000 52.974998
1513.750000 96.795433 0.196000 53.070000
1514.000000 97.005363 0.196000 53.174999
1514.000000 97.005363 0.196000 53.275002
1514.250000 97.235291 0.196000 53.369999
1514.750000 97.445251 0.196000 53.465000
1514.875000 97.655205 0.196000 53.564999
1515.250000 97.905136 0.196000 53.674999
1515.875000 98.115059 0.157000 53.759998
1516.000000 98.354965 0.157000 53.875000
1516.375000 98.564888 0.157000 53.959999
1516.500000 98.774849 0.157000 54.064999
1517.000000 98.984787 0.157000 54.169998
1517.125000 99.194679 0.157000 54.279999
1517.125000 99.194679 0.157000 54.369999
1517.625000 99.434547 0.157000 54.470001
1517.750000 99.674377 0.157000 54.570000
1518.000000 99.894218 0.157000 54.669998
1518.375000 100.114082 0.163000 54.764999
1518.500000 100.323982 0.163000 54.869999
1518.500000 100.533913 0.163000 54.970001
1518.625000 100.753838 0.163000 55.070000
1519.000000 100.963776 0.163000 55.169998
1519.500000 101.173706 0.163000 55.275002
1520.125000 101.383636 0.163000 55.375000
1520.125000 101.593567 0.163000 55.470001
1520.500000 101.593567 0.163000 55.564999
1520.625000 101.803497 0.163000 55.669998
1520.875000 102.013451 0.169000 55.759998
1521.375000 102.223419 0.169000 55.875000
1521.750000 102.433411 0.169000 55.970001
1522.125000 102.643379 0.169000 56.070000
1522.250000 102.853348 0.169000 56.165001
1522.625000 103.063286 0.169000 56.270000
1523.000000 103.303162 0.169000 56.369999
1523.250000 103.513054 0.169000 56.470001
1523.250000 103.722984 0.169000 56.570000
1523.875000 103.932915 0.169000 56.669998
1524.250000 104.142883 0.168000 56.775002
1524.500000 104.352852 0.168000 56.865002
1524.875000 104.562798 0.168000 56.965000
1525.125000 104.772690 0.168000 57.075001
1525.375000 104.982582 0.168000 57.169998
1525.625000 104.982582 0.168000 57.264999
1526.000000 105.192490 0.168000 57.369999
1526.375000 105.402428 0.168000 57.470001
1526.500000 105.622406 0.168000 57.570000
1526.875000 105.822418 0.168000 57.665001
1527.375000 106.032394 0.155000 57.770000
1527.625000 106.241386 0.155000 57.875000
1528.250000 106.446922 0.155000 57.970001
1528.250000 106.675919 0.155000 58.070000
1528.375000 106.675919 0.155000 58.165001
1528.750000 106.889816 0.155000 58.275002
1529.125000 107.096924 0.155000 58.365002
1529.500000 107.309151 0.155000 58.470001
1529.875000 107.309151 0.155000 58.570000
1529.875000 107.513443 0.155000 58.669998
1529.875000 107.733177 0.153000 58.764999
1530.375000 107.933556 0.153000 58.869999
1530.875000 107.933556 0.153000 58.970001
1531.125000 108.137291 0.153000 59.075001
1531.500000 108.339798 0.153000 59.169998
1531.875000 108.541435 0.153000 59.264999
1532.000000 108.747559 0.153000 59.365002
1532.250000 108.956085 0.153000 59.474998
1532.500000 109.165863 0.153000 59.570000
1532.875000 109.366249 0.153000 59.665001
1533.000000 109.566902 0.172000 59.764999
1533.500000 109.787758 0.172000 59.869999
1533.875000 110.008659 0.172000 59.974998
1534.125000 110.209549 0.172000 60.075001
1534.375000 110.420547 0.172000 60.174999
1534.375000 110.621529 0.172000 60.270000
1534.625000 110.822533 0.172000 60.375000
1534.625000 111.023544 0.172000 60.474998
1534.750000 111.224548 0.172000 60.570000
1534.750000 111.425552 0.172000 60.674999
1535.000000 111.626549 0.161000 60.770000
1535.375000 111.827545 0.161000 60.869999
1535.625000 112.028557 0.161000 60.974998
1535.750000 112.229607 0.161000 61.064999
1536.375000 112.460663 0.161000 61.169998
1537.000000 112.661278 0.161000 61.270000
1539.875000 112.861603 0.161000 61.375000
1543.500000 113.071060 0.161000 61.465000
1547.000000 113.280617 0.161000 61.575001
1550.000000 113.480820 0.161000 61.674999
1553.250000 113.681442 0.175000 61.775002
1555.250000 113.882339 0.175000 61.869999
1558.000000 114.083275 0.175000 61.970001
1560.125000 114.284370 0.175000 62.070000
1562.625000 114.485588 0.175000 62.169998
1565.625000 114.686874 0.175000 62.275002
1568.000000 114.888153 0.175000 62.375000
1570.125000 115.089127 0.175000 62.470001
1573.875000 115.289467 0.175000 62.570000
1576.375000 115.499344 0.175000 62.669998
1579.250000 115.709053 0.198000 62.775002
1582.125000 115.709053 0.198000 62.869999
1585.125000 115.918884 0.198000 62.959999
1587.875000 116.128426 0.198000 63.070000
1590.500000 116.347809 0.198000 63.165001
1592.750000 116.557480 0.198000 63.270000
1597.250000 116.766891 0.198000 63.380001
1599.500000 116.976334 0.198000 63.474998
1603.000000 117.185890 0.198000 63.564999
1605.625000 117.405594 0.198000 63.669998
1607.750000 117.615494 0.233000 63.764999
1608.750000 117.825417 0.233000 63.869999
1610.875000 118.035042 0.233000 63.970001
1612.125000 118.244789 0.233000 64.070000
1613.250000 118.454597 0.233000 64.165001
1614.875000 118.664345 0.233000 64.264999
1616.375000 118.874268 0.233000 64.370003
1617.125000 119.074318 0.233000 64.470001
1617.500000 119.274437 0.233000 64.565002
1618.750000 119.474579 0.233000 64.669998
1620.000000 119.674667 0.183000 64.775002
1621.250000 119.884499 0.183000 64.875000
1622.500000 120.093575 0.183000 64.974998
1623.750000 120.302200 0.183000 65.070000
1625.250000 120.511154 0.183000 65.175003
1625.750000 120.511154 0.183000 65.269997
1627.000000 120.740402 0.183000 65.370003
1627.500000 120.949944 0.183000 65.470001
1628.375000 121.159615 0.183000 65.570000
1629.875000 121.369377 0.183000 65.675003
1630.625000 121.579208 0.179000 65.769997
1631.875000 121.819069 0.179000 65.864998
1633.125000 122.028969 0.179000 65.970001
1634.250000 122.238899 0.179000 66.065002
1635.000000 122.458801 0.179000 66.169998
1636.000000 122.668686 0.179000 66.269997
1637.875000 122.878586 0.179000 66.375000
1638.875000 123.088516 0.179000 66.464996
1640.000000 123.088516 0.179000 66.559998
1641.375000 123.298492 0.179000 66.669998
1641.750000 123.518433 0.176000 66.775002
1642.625000 123.748352 0.176000 66.864998
1643.875000 123.958275 0.176000 66.970001
1645.125000 124.168182 0.176000 67.070000
1645.750000 124.378082 0.176000 67.169998
1646.750000 124.607994 0.176000 67.269997
1648.250000 124.827919 0.176000 67.370003
1649.375000 125.037842 0.176000 67.480003
1650.000000 125.247726 0.176000 67.574997
1651.125000 125.457558 0.176000 67.669998
1652.750000 125.667091 0.157000 67.775002
1653.875000 125.875885 0.157000 67.875000
1654.375000 126.083992 0.157000 67.974998
1655.625000 126.291458 0.157000 68.074997
1657.500000 126.498474 0.157000 68.175003
1659.250000 126.498474 0.157000 68.269997
1660.750000 126.736023 0.157000 68.364998
1663.375000 126.974800 0.157000 68.480003
1667.125000 127.204346 0.157000 68.570000
1669.125000 127.404381 0.157000 68.665001
1672.250000 127.604706 0.157000 68.769997
1675.500000 127.815254 0.157000 68.864998
1679.000000 128.015854 0.157000 68.974998
1681.750000 128.226196 0.157000 69.070000
1685.375000 128.445450 0.157000 69.175003
1688.375000 128.653763 0.157000 69.269997
1691.000000 128.861404 0.157000 69.370003
1694.875000 129.068985 0.157000 69.464996
1698.875000 129.277100 0.157000 69.574997
1704.625000 129.485825 0.157000 69.680000
1713.625000 129.485825 0.159000 69.769997
1722.625000 129.704941 0.159000 69.875000
1728.750000 129.914017 0.159000 69.964996
1735.500000 130.142471 0.159000 70.070000
1739.875000 130.361115 0.159000 70.169998
1752.500000 130.590195 0.159000 70.275002
1760.625000 130.799606 0.159000 70.370003
1763.875000 131.008987 0.159000 70.470001
1770.000000 131.218552 0.159000 70.565002
1775.500000 131.428329 0.159000 70.669998
1780.750000 131.638245 0.227000 70.775002
1785.125000 131.838272 0.227000 70.875000
1789.625000 132.038345 0.227000 70.974998
1794.000000 132.238434 0.227000 71.070000
1799.250000 132.438553 0.227000 71.175003
1802.875000 132.638657 0.227000 71.275002
1805.625000 132.838730 0.227000 71.370003
1808.750000 133.038788 0.227000 71.474998
1812.000000 133.238846 0.227000 71.570000
1814.500000 133.438889 0.227000 71.665001
1817.125000 133.638947 0.222000 71.769997
1818.875000 133.838989 0.222000 71.864998
1822.250000 134.039032 0.222000 71.970001
1823.625000 134.239059 0.222000 72.070000
1826.375000 134.439102 0.222000 72.169998
1828.125000 134.639175 0.222000 72.269997
1829.000000 134.839294 0.222000 72.370003
1831.250000 135.039398 0.222000 72.470001
1833.125000 135.239502 0.222000 72.565002
1834.250000 135.439590 0.222000 72.669998
1836.000000 135.639648 0.226000 72.769997
1836.875000 135.839706 0.226000 72.875000
1837.875000 136.049286 0.226000 72.974998
1838.875000 136.257996 0.226000 73.065002
1839.625000 136.465912 0.226000 73.169998
1840.375000 136.465912 0.226000 73.260002
1841.125000 136.673645 0.226000 73.370003
1842.000000 136.891327 0.226000 73.474998
1844.250000 137.109543 0.226000 73.570000
1845.625000 137.318497 0.226000 73.675003
1846.500000 137.527924 0.211000 73.769997
1847.250000 137.767532 0.211000 73.875000
1848.250000 137.977036 0.211000 73.964996
1849.125000 138.216675 0.211000 74.070000
1850.125000 138.426575 0.211000 74.165001
1851.500000 138.626617 0.211000 74.275002
1852.625000 138.826767 0.211000 74.370003
1853.500000 139.026917 0.211000 74.474998
1854.000000 139.227081 0.211000 74.570000
1854.500000 139.427261 0.211000 74.665001
1855.375000 139.627457 0.228000 74.769997
1856.375000 139.827667 0.228000 74.875000
1857.750000 140.027863 0.228000 74.964996
1858.750000 140.228058 0.228000 75.074997
1859.625000 140.428284 0.228000 75.175003
1860.125000 140.628510 0.228000 75.269997
1861.250000 140.828720 0.228000 75.360001
1861.875000 141.028946 0.228000 75.470001
1862.875000 141.229187 0.228000 75.570000
1863.625000 141.429398 0.228000 75.675003
1864.875000 141.629608 0.204000 75.769997
1866.125000 141.829727 0.204000 75.870003
1866.625000 142.039124 0.204000 75.970001
1867.625000 142.247925 0.204000 76.065002
1868.875000 142.456696 0.204000 76.175003
1870.000000 142.456696 0.204000 76.269997
1870.375000 142.695770 0.204000 76.364998
1871.625000 142.905365 0.204000 76.470001
1872.500000 143.115189 0.204000 76.565002
1874.125000 143.325119 0.204000 76.665001
1875.125000 143.565063 0.202000 76.769997
1876.750000 143.775024 0.202000 76.864998
1877.625000 143.984970 0.202000 76.970001
1878.750000 144.194885 0.202000 77.074997
1879.625000 144.404785 0.202000 77.169998
1880.750000 144.614655 0.202000 77.269997
1881.000000 144.824524 0.202000 77.364998
1882.125000 145.034439 0.202000 77.464996
1883.250000 145.244370 0.202000 77.570000
1884.750000 145.454269 0.202000 77.669998
1886.375000 145.454269 0.211000 77.771004
1888.125000 145.674179 0.211000 77.870003
1889.750000 145.903992 0.211000 77.970001
1892.750000 146.113800 0.211000 78.065002
1894.125000 146.333633 0.211000 78.175003
1896.875000 146.583496 0.211000 78.269997
1899.125000 146.793350 0.211000 78.370003
1900.250000 147.013153 0.211000 78.470001
1901.875000 147.222961 0.211000 78.565002
1903.375000 147.432816 0.211000 78.669998
1904.375000 147.642639 0.208000 78.764999
1907.125000 147.852448 0.208000 78.875000
1910.000000 147.852448 0.208000 78.970001
1912.500000 148.072266 0.208000 79.070000
1915.000000 148.282089 0.208000 79.175003
1916.875000 148.491928 0.208000 79.275002
1919.875000 148.711777 0.208000 79.364998
1922.375000 148.951569 0.208000 79.474998
1925.000000 149.171417 0.208000 79.574997
1927.500000 149.381241 0.208000 79.669998
1931.375000 149.591049 0.249000 79.769997
1934.250000 149.800842 0.249000 79.875000
1937.125000 150.010345 0.249000 79.964996
1937.875000 150.219711 0.249000 80.065002
1939.625000 150.428818 0.249000 80.175003
1940.750000 150.637909 0.249000 80.275002
1942.250000 150.847229 0.249000 80.370003
1943.500000 150.847229 0.249000 80.470001
1945.250000 151.076797 0.249000 80.570000
1946.500000 151.286377 0.249000 80.675003
1948.375000 151.496078 0.220000 80.764999
1949.125000 151.735962 0.220000 80.870003
1950.875000 151.966080 0.220000 80.964996
1952.875000 152.166214 0.220000 81.070000
1954.375000 152.376343 0.220000 81.169998
1956.625000 152.576477 0.220000 81.269997
1958.125000 152.786423 0.220000 81.375000
1960.125000 152.996262 0.220000 81.464996
1962.500000 153.206146 0.220000 81.570000
1963.500000 153.416000 0.220000 81.665001
1965.375000 153.625854 0.213000 81.769997
1966.875000 153.835739 0.213000 81.870003
1970.250000 154.045624 0.213000 81.970001
1971.875000 154.255493 0.213000 82.074997
1974.000000 154.255493 0.213000 82.169998
1976.000000 154.485184 0.213000 82.269997
1977.250000 154.694550 0.213000 82.370003
1977.625000 154.903290 0.213000 82.474998
1979.500000 155.111404 0.213000 82.565002
1980.625000 155.339630 0.213000 82.669998
1981.625000 155.548660 0.201000 82.769997
1983.125000 155.758041 0.201000 82.870003
1984.500000 155.967606 0.201000 82.970001
1986.250000 156.177322 0.201000 83.065002
1987.375000 156.397034 0.201000 83.169998
1987.625000 156.606873 0.201000 83.264999
1990.500000 156.816803 0.201000 83.364998
1992.500000 157.026779 0.201000 83.470001
1994.000000 157.236755 0.201000 83.570000
1995.500000 157.236755 0.201000 83.669998
1996.250000 157.466736 0.190000 83.760002
1998.625000 157.686737 0.190000 83.870003
2000.625000 157.886749 0.190000 83.959999
2001.750000 158.106812 0.190000 84.070000
2004.000000 158.306870 0.190000 84.169998
2005.625000 158.506912 0.190000 84.269997
2006.375000 158.716431 0.190000 84.364998
2009.125000 158.935806 0.190000 84.470001
2011.375000 159.145432 0.190000 84.574997
2013.750000 159.355179 0.190000 84.660004
2015.625000 159.565002 0.214000 84.769997
2017.375000 159.774857 0.214000 84.870003
2019.500000 159.984756 0.214000 84.964996
2021.000000 160.194702 0.214000 85.065002
2023.250000 160.404663 0.214000 85.169998
2026.125000 160.614624 0.214000 85.269997
2029.125000 160.824585 0.214000 85.364998
2031.750000 161.034561 0.214000 85.474998
2033.500000 161.244522 0.214000 85.574997
2035.750000 161.244522 0.214000 85.669998
2038.750000 161.454498 0.195000 85.769997
2042.500000 161.664230 0.195000 85.870003
2046.125000 161.873810 0.195000 85.970001
2049.625000 162.083481 0.195000 86.070000
2054.125000 162.293259 0.195000 86.175003
2058.875000 162.502991 0.195000 86.269997
2064.750000 162.742523 0.195000 86.375000
2070.375000 162.951950 0.195000 86.464996
2075.250000 163.161499 0.195000 86.570000
2081.250000 163.371201 0.195000 86.669998
2085.625000 163.581024 0.281000 86.760002
2090.750000 163.790939 0.281000 86.870003
2094.750000 164.000885 0.281000 86.970001
2099.375000 164.210876 0.281000 87.070000
2104.750000 164.420837 0.281000 87.175003
2109.375000 164.630829 0.281000 87.269997
2114.000000 164.630829 0.281000 87.370003
2118.500000 164.860809 0.281000 87.474998
2122.500000 165.070374 0.281000 87.565002
2128.375000 165.279526 0.281000 87.669998
2132.250000 165.488129 0.281000 87.769997
2138.125000 165.696075 0.310000 87.875000
2146.375000 165.933350 0.310000 87.970001
2151.375000 166.141769 0.310000 88.070000
2162.000000 166.351013 0.310000 88.175003
2168.875000 166.560806 0.310000 88.264999
2181.250000 166.760941 0.310000 88.370003
2193.625000 166.961334 0.310000 88.470001
2209.375000 167.161850 0.310000 88.570000
2221.375000 167.382507 0.310000 88.675003
2231.500000 167.583145 0.310000 88.769997
2242.500000 167.783783 0.345000 88.875000
2253.875000 167.984406 0.345000 88.974998
2261.375000 168.184998 0.345000 89.070000
2267.500000 168.385590 0.345000 89.160004
2275.125000 168.586182 0.345000 89.269997
2282.625000 168.786469 0.345000 89.370003
2288.250000 168.996109 0.345000 89.470001
2295.875000 169.205109 0.345000 89.565002
2299.750000 169.413666 0.345000 89.669998
2307.500000 169.413666 0.345000 89.764999
2311.750000 169.622604 0.395000 89.870003
2316.875000 169.832291 0.395000 89.970001
2321.625000 170.062714 0.395000 90.070000
2325.875000 170.263474 0.395000 90.169998
2329.875000 170.464371 0.395000 90.264999
2337.125000 170.665039 0.395000 90.370003
2343.250000 170.865356 0.395000 90.470001
2348.500000 171.065643 0.395000 90.565002
2356.250000 171.266083 0.395000 90.669998
2364.875000 171.475906 0.395000 90.769997
2373.250000 171.685150 0.364000 90.870003
2381.625000 171.924805 0.364000 90.974998
2385.125000 172.134903 0.364000 91.065002
2388.750000 172.335037 0.364000 91.175003
2391.250000 172.545349 0.364000 91.275002
2393.125000 172.785873 0.364000 91.370003
2395.250000 172.986420 0.364000 91.459999
2400.000000 173.187012 0.364000 91.570000
2406.875000 173.387634 0.364000 91.669998
2418.625000 173.588272 0.364000 91.769997
2425.750000 173.788925 0.348000 91.870003
2430.750000 173.989487 0.348000 91.964996
2433.875000 174.199448 0.348000 92.070000
2437.000000 174.408966 0.348000 92.165001
2439.375000 174.618439 0.348000 92.264999
2441.375000 174.828140 0.348000 92.370003
2443.375000 174.828140 0.348000 92.470001
2444.250000 175.047729 0.348000 92.570000
2445.500000 175.257507 0.348000 92.675003
2445.875000 175.477417 0.348000 92.769997
2446.125000 175.677429 0.374000 92.870003
2446.250000 175.877487 0.374000 92.970001
2446.500000 176.077545 0.374000 93.070000
2446.875000 176.277603 0.374000 93.175003
2446.875000 176.477692 0.374000 93.269997
2448.000000 176.677750 0.374000 93.364998
2448.250000 176.877777 0.374000 93.470001
2449.250000 177.077789 0.374000 93.570000
2449.625000 177.287567 0.374000 93.669998
2449.625000 177.497208 0.374000 93.769997
2449.875000 177.716934 0.297000 93.875000
2450.125000 177.956757 0.297000 93.964996
2451.250000 178.166626 0.297000 94.070000
2452.250000 178.386520 0.297000 94.169998
2452.250000 178.596451 0.297000 94.264999
2452.875000 178.806381 0.297000 94.370003
2452.875000 179.016296 0.297000 94.470001
2453.500000 179.016296 0.297000 94.565002
2453.625000 179.226257 0.297000 94.660004
2453.625000 179.426285 0.297000 94.764999
2453.875000 179.636230 0.304000 94.870003
2454.250000 179.856247 0.304000 94.970001
2454.250000 180.076309 0.304000 95.070000
2454.500000 180.276382 0.304000 95.165001
2454.625000 180.476440 0.304000 95.275002
2454.750000 180.676483 0.304000 95.370003
2455.500000 180.876495 0.304000 95.464996
2455.625000 181.086472 0.304000 95.574997
2455.750000 181.294403 0.304000 95.665001
2456.125000 181.495529 0.304000 95.760002
2456.625000 181.697540 0.293000 95.875000
2457.500000 181.905212 0.293000 95.970001
2457.500000 181.905212 0.293000 96.070000
2458.375000 182.106842 0.293000 96.169998
2458.750000 182.313690 0.293000 96.264999
2459.375000 182.518875 0.293000 96.375000
2459.875000 182.518875 0.293000 96.474998
2461.625000 182.723312 0.293000 96.565002
2463.625000 182.928848 0.293000 96.669998
2469.500000 183.133667 0.293000 96.764999
2478.125000 183.133667 0.282000 96.870003
2485.750000 183.357895 0.282000 96.970001
2490.250000 183.563370 0.282000 97.065002
2494.125000 183.763733 0.282000 97.165001
2498.250000 183.970627 0.282000 97.269997
2503.125000 183.970627 0.282000 97.370003
2504.375000 184.172684 0.282000 97.470001
2507.000000 184.374893 0.282000 97.570000
2511.625000 184.578888 0.282000 97.675003
2513.125000 184.578888 0.282000 97.769997
2515.625000 184.783859 0.344000 97.875000
2517.500000 184.989166 0.344000 97.974998
2519.000000 184.989166 0.344000 98.059998
2520.250000 185.194305 0.344000 98.175003
2520.625000 185.414398 0.344000 98.269997
2521.125000 185.619293 0.344000 98.375000
2521.875000 185.619293 0.344000 98.470001
2522.500000 185.824234 0.344000 98.570000
2523.375000 186.029282 0.344000 98.669998
2524.500000 186.234390 0.243000 98.775002
2524.875000 186.234390 0.243000 98.860001
2525.625000 186.439484 0.243000 98.970001
2526.250000 186.643723 0.243000 99.070000
2526.875000 186.852646 0.243000 99.169998
2528.625000 187.057175 0.243000 99.275002
2530.250000 187.258621 0.243000 99.370003
2533.250000 187.463272 0.243000 99.470001
2534.375000 187.463272 0.243000 99.565002
2535.000000 187.690125 0.243000 99.665001
2536.625000 187.898575 0.205000 99.775002
2537.875000 188.107483 0.205000 99.870003
2538.625000 188.316696 0.205000 99.974998
2539.875000 188.526245 0.205000 100.070000
2541.750000 188.736023 0.205000 100.169998
2543.750000 188.974976 0.205000 100.269997
2548.000000 189.182755 0.205000 100.375000
2550.375000 189.390427 0.205000 100.464996
2551.500000 189.608719 0.205000 100.570000
2553.000000 189.817780 0.205000 100.669998
2553.750000 190.027283 0.205000 100.769997
2555.500000 190.237015 0.255000 100.870003
2559.750000 190.446701 0.255000 100.970001
2561.875000 190.446701 0.255000 101.070000
2563.375000 190.655807 0.255000 101.169998
2566.500000 190.874451 0.255000 101.264999
2570.125000 191.093552 0.255000 101.364998
2574.000000 191.303055 0.255000 101.470001
2575.875000 191.512421 0.255000 101.570000
2577.000000 191.741699 0.255000 101.669998
2577.375000 191.960739 0.237000 101.775002
2577.750000 192.169678 0.237000 101.870003
2578.000000 192.378571 0.237000 101.970001
2578.625000 192.587830 0.237000 102.070000
2578.875000 192.797318 0.237000 102.175003
2579.500000 193.006927 0.237000 102.269997
2580.125000 193.216293 0.237000 102.370003
2581.625000 193.424484 0.237000 102.464996
2583.875000 193.626984 0.237000 102.574997
2587.875000 193.626984 0.237000 102.665001
2588.375000 193.844315 0.194000 102.760002
2588.375000 194.051254 0.194000 102.870003
2588.625000 194.259064 0.194000 102.970001
2589.000000 194.465881 0.194000 103.070000
2589.625000 194.674149 0.194000 103.165001
2589.750000 194.878250 0.194000 103.269997
2590.125000 194.878250 0.194000 103.370003
2590.250000 195.085022 0.194000 103.470001
2590.500000 195.312805 0.194000 103.570000
2591.250000 195.521210 0.194000 103.669998
2591.500000 195.730240 0.215000 103.769997
2592.625000 195.939682 0.215000 103.870003
2593.125000 196.149338 0.215000 103.974998
2594.625000 196.349686 0.215000 104.065002
2595.625000 196.558304 0.215000 104.169998
2598.875000 196.795700 0.215000 104.275002
2602.125000 197.002884 0.215000 104.375000
2604.375000 197.210770 0.215000 104.474998
2605.625000 197.419449 0.215000 104.565002
2609.750000 197.628632 0.215000 104.669998
2616.000000 197.837555 0.197000 104.764999
2617.000000 198.046158 0.197000 104.875000
2617.500000 198.254944 0.197000 104.970001
2618.250000 198.254944 0.197000 105.070000
2619.000000 198.463776 0.197000 105.169998
2619.250000 198.683563 0.197000 105.269997
2619.500000 198.902054 0.197000 105.364998
2620.250000 199.111343 0.197000 105.470001
2621.125000 199.320526 0.197000 105.574997
2622.000000 199.539978 0.197000 105.665001
2623.875000 199.748962 0.227000 105.764999
2626.750000 199.962051 0.227000 105.870003
2630.625000 200.167435 0.227000 105.974998
2632.250000 200.167435 0.227000 106.074997
2633.625000 200.167435 0.227000 106.169998
2634.625000 200.373077 0.227000 106.264999
2637.375000 200.373077 0.227000 106.370003
2639.625000 200.373077 0.227000 106.464996
2641.250000 200.373077 0.227000 106.570000
2642.375000 200.573486 0.227000 106.665001
2643.500000 200.573486 0.200000 106.775002
2644.250000 200.573486 0.200000 106.864998
2645.000000 200.573486 0.200000 106.964996
2645.250000 200.573486 0.200000 107.070000
2645.625000 200.573486 0.200000 107.165001
2646.125000 200.573486 0.200000 107.269997
2646.125000 200.573486 0.200000 107.364998
2646.375000 200.573486 0.200000 107.474998
2646.500000 200.573486 0.200000 107.574997
2646.625000 200.573486 0.200000 107.665001
2647.125000 200.573486 0.206000 107.775002
2647.375000 200.573486 0.206000 107.870003
2647.625000 200.573486 0.206000 107.959999
2647.875000 200.573486 0.206000 108.080002
2648.125000 200.573486 0.206000 108.169998
2648.375000 200.573486 0.206000 108.269997
2648.500000 200.573486 0.206000 108.370003
2648.625000 200.573486 0.206000 108.470001
2648.625000 200.573486 0.206000 108.565002
2648.750000 200.774109 0.206000 108.669998
2648.750000 200.979370 0.167000 108.775002
2648.750000 200.979370 0.167000 108.875000
2648.750000 201.183807 0.167000 108.964996
2648.750000 201.384003 0.167000 109.070000
2648.875000 201.591217 0.167000 109.175003
2648.875000 201.591217 0.167000 109.275002
2648.875000 201.797607 0.167000 109.375000
2649.125000 201.997650 0.167000 109.470001
2649.250000 201.997650 0.167000 109.570000
2649.250000 202.199203 0.167000 109.675003
2649.250000 202.402298 0.173000 109.764999
2649.375000 202.606354 0.173000 109.864998
2649.375000 202.606354 0.173000 109.970001
2649.375000 202.817337 0.173000 110.070000
2649.375000 203.028259 0.173000 110.175003
2649.500000 203.231903 0.173000 110.269997
2649.625000 203.231903 0.173000 110.375000
2649.625000 203.442871 0.173000 110.470001
2649.625000 203.668594 0.173000 110.570000
2649.750000 203.668594 0.173000 110.669998
2649.750000 203.879913 0.153000 110.769997
2649.750000 204.099701 0.153000 110.864998
2649.875000 204.305420 0.153000 110.974998
2649.875000 204.305420 0.153000 111.070000
2649.875000 204.511169 0.153000 111.175003
2650.000000 204.719193 0.153000 111.269997
2650.000000 204.947830 0.153000 111.375000
2650.125000 205.152939 0.153000 111.474998
2650.125000 205.360352 0.153000 111.565002
2650.125000 205.569016 0.153000 111.675003
2650.250000 205.778320 0.158000 111.769997
2650.250000 205.987900 0.158000 111.875000
2650.375000 206.197662 0.158000 111.970001
2650.375000 206.407578 0.158000 112.070000
2650.375000 206.617493 0.158000 112.169998
2650.500000 206.617493 0.158000 112.269997
2650.500000 206.847382 0.158000 112.375000
2650.625000 207.057281 0.158000 112.470001
2650.625000 207.267181 0.158000 112.574997
2650.625000 207.477081 0.158000 112.669998
2650.875000 207.716873 0.156000 112.769997
2651.000000 207.936630 0.156000 112.870003
2652.000000 208.156357 0.156000 112.970001
2652.500000 208.375656 0.156000 113.070000
2653.375000 208.584610 0.156000 113.175003
2655.500000 208.793320 0.156000 113.275002
2657.250000 209.001556 0.156000 113.375000
2658.625000 209.001556 0.156000 113.464996
2659.500000 209.209351 0.156000 113.565002
2661.250000 209.424622 0.156000 113.675003
2664.000000 209.640732 0.176000 113.775002
2665.750000 209.842316 0.176000 113.870003
2666.875000 210.068726 0.176000 113.970001
2668.250000 210.068726 0.176000 114.065002
2670.375000 210.290253 0.176000 114.169998
2672.125000 210.507584 0.176000 114.269997
2674.375000 210.507584 0.176000 114.370003
2675.250000 210.717728 0.176000 114.470001
2676.250000 210.936371 0.176000 114.565002
2678.375000 211.140869 0.176000 114.669998
2679.375000 211.140869 0.221000 114.775002
2680.375000 211.353867 0.221000 114.870003
2682.375000 211.559113 0.221000 114.980003
2683.125000 211.762711 0.221000 115.070000
2684.250000 211.762711 0.221000 115.175003
2685.250000 211.964569 0.221000 115.275002
2687.000000 212.164719 0.221000 115.364998
2688.500000 212.164719 0.221000 115.470001
2690.125000 212.370590 0.221000 115.570000
2691.000000 212.582169 0.221000 115.669998
2692.000000 212.582169 0.221000 115.760002
2693.125000 212.785538 0.263000 115.870003
2693.625000 212.988632 0.263000 115.970001
2694.125000 213.192169 0.263000 116.074997
2694.875000 213.192169 0.263000 116.169998
2696.375000 213.410889 0.263000 116.264999
2696.875000 213.615494 0.263000 116.370003
2697.000000 213.820099 0.263000 116.480003
2697.750000 213.820099 0.263000 116.574997
2698.000000 214.053497 0.263000 116.665001
2698.750000 214.053497 0.241000 116.769997
2699.500000 214.257385 0.241000 116.875000
2700.125000 214.461136 0.241000 116.970001
2700.500000 214.666855 0.241000 117.074997
2700.750000 214.666855 0.241000 117.169998
2701.250000 214.874847 0.241000 117.269997
2701.875000 215.076599 0.241000 117.364998
2702.250000 215.278961 0.241000 117.470001
2703.000000 215.278961 0.241000 117.570000
2703.750000 215.481781 0.241000 117.665001
2703.875000 215.685257 0.206000 117.769997
2704.000000 215.889572 0.206000 117.870003
2704.375000 215.889572 0.206000 117.974998
2704.500000 216.097488 0.206000 118.070000
2704.875000 216.301407 0.206000 118.165001
2705.125000 216.518280 0.206000 118.269997
2705.750000 216.722458 0.206000 118.370003
2705.875000 216.929703 0.206000 118.470001
2705.875000 217.138519 0.206000 118.570000
2706.250000 217.348068 0.206000 118.669998
2706.625000 217.557770 0.196000 118.764999
2706.625000 217.767120 0.196000 118.870003
2706.750000 217.976501 0.196000 118.964996
2706.750000 218.185806 0.196000 119.074997
2706.875000 218.185806 0.196000 119.169998
2706.875000 218.425186 0.196000 119.275002
2706.875000 218.634811 0.196000 119.370003
2707.000000 218.844604 0.196000 119.464996
2707.000000 219.054520 0.196000 119.570000
2707.125000 219.264420 0.196000 119.665001
2707.125000 219.474014 0.184000 119.769997
2707.125000 219.693573 0.184000 119.875000
2707.250000 219.942505 0.184000 119.970001
2707.250000 220.150970 0.184000 120.070000
2707.375000 220.359573 0.184000 120.165001
2707.375000 220.568680 0.184000 120.275002
2707.375000 220.777832 0.184000 120.370003
2707.500000 220.777832 0.184000 120.464996
2707.500000 220.996170 0.184000 120.570000
2707.625000 221.204910 0.184000 120.675003
2707.750000 221.414246 0.196000 120.775002
2707.750000 221.633606 0.196000 120.870003
2707.875000 221.833649 0.196000 120.964996
2707.875000 222.042511 0.196000 121.065002
2707.875000 222.246078 0.196000 121.169998
2708.375000 222.450607 0.196000 121.275002
2708.375000 222.450607 0.196000 121.375000
2708.500000 222.657715 0.196000 121.470001
2708.625000 222.868698 0.196000 121.570000
2708.750000 222.868698 0.196000 121.669998
2708.875000 223.074463 0.185000 121.769997
2709.125000 223.285934 0.185000 121.870003
2709.125000 223.285934 0.185000 121.970001
2709.250000 223.499359 0.185000 122.065002
2709.250000 223.720215 0.185000 122.169998
2709.625000 223.927216 0.185000 122.275002
2710.000000 223.927216 0.185000 122.364998
2710.125000 224.133957 0.185000 122.470001
2710.500000 224.339890 0.185000 122.570000
2710.750000 224.339890 0.185000 122.669998
2710.875000 224.546539 0.176000 122.769997
2710.875000 224.762726 0.176000 122.870003
2711.125000 224.762726 0.176000 122.970001
2711.750000 224.965988 0.176000 123.074997
2711.750000 225.169922 0.176000 123.169998
2711.750000 225.374603 0.176000 123.269997
2711.750000 225.374603 0.176000 123.375000
2711.875000 225.602448 0.176000 123.470001
2711.875000 225.807541 0.176000 123.570000
2711.875000 226.015869 0.176000 123.669998
2712.000000 226.015869 0.178000 123.769997
2712.000000 226.219360 0.178000 123.875000
2712.000000 226.435287 0.178000 123.970001
2712.125000 226.638504 0.178000 124.070000
2712.125000 226.844910 0.178000 124.175003
2712.250000 227.053024 0.178000 124.275002
2712.250000 227.262009 0.178000 124.370003
2712.250000 227.491287 0.178000 124.470001
2712.375000 227.700546 0.178000 124.570000
2712.375000 227.938843 0.178000 124.675003
2712.875000 228.147278 0.177000 124.769997
2713.250000 228.356064 0.177000 124.875000
2713.250000 228.564758 0.177000 124.964996
2713.500000 228.773407 0.177000 125.074997
2713.500000 228.773407 0.177000 125.165001
2713.625000 228.992126 0.177000 125.275002
2713.625000 229.231064 0.177000 125.370003
2713.625000 229.440445 0.177000 125.474998
2713.750000 229.649948 0.177000 125.565002
2713.750000 229.879395 0.177000 125.675003
2713.875000 230.089035 0.216000 125.764999
2713.875000 230.298752 0.216000 125.864998
2713.875000 230.508530 0.216000 125.970001
2714.000000 230.718399 0.216000 126.070000
2714.000000 230.927841 0.216000 126.169998
2714.125000 231.136383 0.216000 126.269997
2714.125000 231.344482 0.216000 126.375000
2714.125000 231.553146 0.216000 126.470001
2714.250000 231.553146 0.216000 126.565002
2714.875000 231.971741 0.216000 126.675003
2715.125000 231.971741 0.207000 126.769997
2715.125000 232.181290 0.207000 126.875000
2715.125000 232.400833 0.207000 126.970001
2715.250000 232.610596 0.207000 127.074997
2715.250000 232.816864 0.207000 127.169998
2715.500000 233.051132 0.207000 127.269997
2715.500000 233.257248 0.207000 127.375000
2715.500000 233.257248 0.207000 127.464996
2715.625000 233.469513 0.207000 127.570000
2715.625000 233.715912 0.207000 127.669998
2715.625000 233.715912 0.213000 127.769997
2715.750000 233.929916 0.213000 127.870003
2715.750000 234.143311 0.213000 127.970001
2715.875000 234.349365 0.213000 128.074997
2716.000000 234.349365 0.213000 128.169998
2716.375000 234.562714 0.213000 128.270004
2716.500000 234.770096 0.213000 128.375000
2716.625000 235.017044 0.213000 128.470001
2717.000000 235.221786 0.213000 128.574997
2717.000000 235.428757 0.213000 128.669998
2717.000000 235.631546 0.162000 128.770004
2717.000000 235.838104 0.162000 128.869995
2717.000000 235.838104 0.162000 128.964996
2717.000000 236.057373 0.162000 129.074997
2717.000000 236.271027 0.162000 129.169998
2717.000000 236.477600 0.162000 129.279999
2717.125000 236.695663 0.162000 129.369995
2717.125000 236.944382 0.162000 129.475006
2717.125000 237.180130 0.162000 129.574997
2717.125000 237.385391 0.162000 129.669998
2717.125000 237.385391 0.191000 129.770004
2717.125000 237.615829 0.191000 129.875000
2717.125000 237.859329 0.191000 129.970001
2717.125000 237.859329 0.191000 130.070007
2717.250000 238.063339 0.191000 130.169998
2717.250000 238.278641 0.191000 130.274994
2717.250000 238.484772 0.191000 130.369995
2717.250000 238.484772 0.191000 130.470001
2717.375000 238.690201 0.191000 130.570007
2717.375000 238.897110 0.191000 130.669998
2717.375000 238.897110 0.180000 130.774994
2717.375000 239.105957 0.180000 130.869995
2717.500000 239.321884 0.180000 130.970001
2717.500000 239.321884 0.180000 131.070007
2717.500000 239.528839 0.180000 131.164993
2717.500000 239.757111 0.180000 131.270004
2717.625000 239.962799 0.180000 131.369995
2717.625000 239.962799 0.180000 131.470001
2717.625000 240.168961 0.180000 131.565002
2717.750000 240.369339 0.180000 131.679993
2717.875000 240.369339 0.156000 131.764999
2717.875000 240.570724 0.156000 131.869995
2717.875000 240.788727 0.156000 131.964996
2718.000000 240.992905 0.156000 132.074997
2718.000000 240.992905 0.156000 132.175003
2718.000000 241.197739 0.156000 132.274994
2718.125000 241.433472 0.156000 132.369995
2718.125000 241.634857 0.156000 132.475006
2718.125000 241.634857 0.156000 132.574997
2718.250000 241.839645 0.156000 132.675003
2718.250000 242.047165 0.148000 132.774994
2718.375000 242.251022 0.148000 132.880005
2718.375000 242.457306 0.148000 132.970001
2718.375000 242.704269 0.148000 133.074997
2718.500000 242.912659 0.148000 133.175003
2718.500000 243.130646 0.148000 133.270004
2718.500000 243.338425 0.148000 133.369995
2718.625000 243.546936 0.148000 133.475006
2718.625000 243.756180 0.148000 133.574997
2718.750000 243.965866 0.148000 133.675003
2718.750000 244.174377 0.150000 133.774994
2718.750000 244.174377 0.150000 133.875000
2718.875000 244.391571 0.150000 133.955002
2718.875000 244.593918 0.150000 134.074997
2718.875000 244.593918 0.150000 134.169998
2718.875000 244.794998 0.150000 134.274994
2718.875000 244.794998 0.150000 134.375000
2718.875000 244.794998 0.150000 134.470001
2719.125000 244.794998 0.150000 134.574997
2719.125000 244.794998 0.150000 134.675003
2719.125000 244.996109 0.139000 134.770004
2719.125000 244.996109 0.139000 134.880005
2719.125000 244.996109 0.139000 134.970001
2719.125000 244.996109 0.139000 135.074997
2719.125000 244.996109 0.139000 135.175003
2719.125000 244.996109 0.139000 135.270004
2719.125000 244.996109 0.139000 135.369995
2719.125000 244.996109 0.139000 135.479996
2719.250000 244.996109 0.139000 135.570007
2719.250000 244.996109 0.139000 135.675003
2719.250000 244.996109 0.113000 135.770004
2719.250000 244.996109 0.113000 135.875000
2719.250000 244.996109 0.113000 135.970001
2719.250000 244.996109 0.113000 136.074997
2719.250000 244.996109 0.113000 136.169998
2719.250000 244.996109 0.113000 136.270004
2719.250000 244.996109 0.113000 136.365005
2719.250000 244.996109 0.113000 136.470001
2719.375000 244.996109 0.113000 136.570007
2719.500000 244.996109 0.113000 136.669998
2719.500000 245.218369 0.120000 136.770004
2719.500000 245.421036 0.120000 136.865005
2719.625000 245.421036 0.120000 136.970001
2719.625000 245.644409 0.120000 137.074997
2719.625000 245.858353 0.120000 137.164993
2719.625000 245.858353 0.120000 137.274994
2719.750000 246.088852 0.120000 137.369995
2719.750000 246.297913 0.120000 137.470001
2719.750000 246.297913 0.120000 137.570007
2719.875000 246.516205 0.120000 137.664993
2719.875000 246.727966 0.112000 137.770004
2719.875000 246.933151 0.112000 137.869995
2720.000000 246.933151 0.112000 137.964996
2720.000000 247.137817 0.112000 138.070007
2720.000000 247.345001 0.112000 138.175003
2720.125000 247.553894 0.112000 138.279999
2720.125000 247.758484 0.112000 138.375000
2720.125000 247.965652 0.112000 138.475006
2720.250000 248.194061 0.112000 138.565002
2720.250000 248.403366 0.112000 138.679993
2720.375000 248.611526 0.113000 138.770004
2720.500000 248.816116 0.113000 138.880005
2720.625000 248.816116 0.113000 138.970001
2720.625000 249.033325 0.113000 139.080002
2720.625000 249.237106 0.113000 139.175003
2720.625000 249.443359 0.113000 139.274994
2720.625000 249.443359 0.113000 139.369995
2720.625000 249.648666 0.113000 139.470001
2720.625000 249.884827 0.113000 139.565002
2720.625000 249.884827 0.113000 139.669998
2720.750000 250.090363 0.117000 139.770004
2720.875000 250.311951 0.117000 139.875000
2721.000000 250.311951 0.117000 139.970001
2721.000000 250.517334 0.117000 140.070007
2721.125000 250.517334 0.117000 140.169998
2721.125000 250.517334 0.117000 140.270004
2721.125000 250.517334 0.117000 140.369995
2721.250000 250.718506 0.117000 140.475006
2721.250000 250.718506 0.117000 140.570007
2721.250000 250.718506 0.117000 140.675003
2721.250000 250.718506 0.129000 140.770004
2721.250000 250.718506 0.129000 140.865005
2721.250000 250.718506 0.129000 140.970001
2721.250000 250.718506 0.129000 141.080002
2721.250000 250.718506 0.129000 141.169998
2721.375000 250.718506 0.129000 141.270004
2721.375000 250.718506 0.129000 141.369995
2721.375000 250.718506 0.129000 141.475006
2721.500000 250.718506 0.129000 141.565002
2721.500000 250.718506 0.129000 141.664993
2721.500000 250.718506 0.123000 141.774994
2721.500000 250.928070 0.123000 141.869995
2721.500000 251.134003 0.123000 141.964996
2721.625000 251.134003 0.123000 142.070007
2721.625000 251.339615 0.123000 142.169998
2721.750000 251.546310 0.123000 142.274994
2722.000000 251.546310 0.123000 142.369995
2722.250000 251.748230 0.123000 142.470001
2722.500000 251.951538 0.123000 142.570007
2722.625000 252.159332 0.123000 142.669998
2722.625000 252.362289 0.159000 142.770004
2722.625000 252.567459 0.159000 142.869995
2722.750000 252.567459 0.159000 142.964996
2722.875000 252.773407 0.159000 143.070007
2722.875000 252.974106 0.159000 143.175003
2723.125000 253.200989 0.159000 143.270004
2723.375000 253.403290 0.159000 143.369995
2723.375000 253.403290 0.159000 143.475006
2723.500000 253.610413 0.159000 143.570007
2723.500000 253.816467 0.159000 143.669998
2723.500000 254.022156 0.161000 143.764999
2723.500000 254.022156 0.161000 143.875000
2723.500000 254.227264 0.161000 143.960007
2723.500000 254.431427 0.161000 144.070007
2723.500000 254.634247 0.161000 144.175003
2723.500000 254.634247 0.161000 144.274994
2723.625000 254.836655 0.161000 144.375000
2723.625000 255.039352 0.161000 144.475006
2723.625000 255.243530 0.161000 144.580002
2723.625000 255.243530 0.161000 144.669998
2723.625000 255.470520 0.145000 144.770004
2723.625000 255.675598 0.145000 144.875000
2723.625000 255.675598 0.145000 144.975006
2723.625000 255.880661 0.145000 145.080002
2723.625000 256.099976 0.145000 145.175003
2723.625000 256.300171 0.145000 145.270004
2723.750000 256.505188 0.145000 145.375000
2723.750000 256.707672 0.145000 145.470001
2723.875000 256.913605 0.145000 145.574997
2724.000000 257.121857 0.145000 145.679993
2724.000000 257.121857 0.138000 145.774994
2724.125000 257.350586 0.138000 145.875000
2724.125000 257.559967 0.138000 145.970001
2724.250000 257.769623 0.138000 146.080002
2724.250000 257.979401 0.138000 146.175003
2724.375000 258.189270 0.138000 146.274994
2724.500000 258.419830 0.138000 146.380005
2724.500000 258.629120 0.138000 146.479996
2724.500000 258.837616 0.138000 146.574997
2724.500000 259.045349 0.138000 146.675003
2724.500000 259.262238 0.170000 146.774994
2724.500000 259.471222 0.170000 146.880005
2724.500000 259.677032 0.170000 146.985001
2724.500000 259.677032 0.170000 147.070007
2724.500000 259.903717 0.170000 147.179993
2724.500000 260.105011 0.170000 147.279999
2724.500000 260.105011 0.170000 147.380005
2724.500000 260.318848 0.170000 147.485001
2724.625000 260.534637 0.170000 147.574997
2724.750000 260.534637 0.170000 147.675003
2724.750000 260.744751 0.168000 147.774994
2724.750000 260.985840 0.168000 147.875000
2724.875000 260.985840 0.168000 147.970001
2724.875000 261.189514 0.168000 148.070999
2724.875000 261.415833 0.168000 148.169998
2725.000000 261.415833 0.168000 148.264999
2725.000000 261.619629 0.168000 148.369995
2725.125000 261.827118 0.168000 148.475006
2725.125000 262.048676 0.168000 148.570007
2725.375000 262.251373 0.168000 148.679993
2725.375000 262.452667 0.137000 148.770004
2725.500000 262.658051 0.137000 148.869995
2725.500000 262.865326 0.137000 148.975006
2725.500000 263.073822 0.137000 149.065002
2725.625000 263.282867 0.137000 149.169998
2725.625000 263.282867 0.137000 149.264999
2725.750000 263.522156 0.137000 149.375000
2725.750000 263.731781 0.137000 149.464996
2725.750000 263.941559 0.137000 149.574997
2725.875000 264.151428 0.137000 149.664993
2725.875000 264.361267 0.145000 149.764999
2726.000000 264.571106 0.145000 149.869995
2726.000000 264.780945 0.145000 149.964996
2726.000000 265.010956 0.145000 150.074997
2726.125000 265.220825 0.145000 150.169998
2726.125000 265.430725 0.145000 150.274994
2726.250000 265.640625 0.145000 150.375000
2726.250000 265.850525 0.145000 150.475006
2726.250000 266.060425 0.145000 150.570007
2726.375000 266.270325 0.145000 150.675003
2726.500000 266.480225 0.157000 150.770004
2726.625000 266.480225 0.157000 150.869995
2726.625000 266.720093 0.157000 150.964996
2726.625000 266.929810 0.157000 151.070007
2726.750000 267.139130 0.157000 151.164993
2726.750000 267.348328 0.157000 151.270004
2727.125000 267.587067 0.157000 151.369995
2727.125000 267.805267 0.157000 151.464996
2727.500000 268.012299 0.157000 151.574997
2727.750000 268.222992 0.157000 151.669998
2728.125000 268.431061 0.135000 151.770004
2729.125000 268.431061 0.135000 151.869995
2729.750000 268.635345 0.135000 151.970001
2730.125000 268.840851 0.135000 152.065002
2731.125000 269.044373 0.135000 152.169998
2731.625000 269.044373 0.135000 152.270004
2733.125000 269.251648 0.135000 152.375000
2733.875000 269.458618 0.135000 152.475006
2734.375000 269.665771 0.135000 152.574997
2735.125000 269.665771 0.135000 152.669998
2735.625000 269.896484 0.185000 152.770004
2736.125000 270.099182 0.185000 152.880005
2736.500000 270.099182 0.185000 152.964996
2736.500000 270.302429 0.185000 153.070007
2737.625000 270.505981 0.185000 153.169998
2738.250000 270.710144 0.185000 153.264999
2738.375000 270.710144 0.185000 153.375000
2738.875000 270.914490 0.185000 153.464996
2739.000000 271.122437 0.185000 153.559998
2739.875000 271.335510 0.185000 153.669998
2739.875000 271.542816 0.165000 153.764999
2740.000000 271.746552 0.165000 153.875000
2740.000000 271.953033 0.165000 153.970001
2740.125000 271.953033 0.165000 154.070007
2740.125000 272.170807 0.165000 154.164993
2741.000000 272.379578 0.165000 154.274994
2741.125000 272.598846 0.165000 154.369995
2741.625000 272.808167 0.165000 154.475006
2741.875000 273.017242 0.165000 154.570007
2742.125000 273.225739 0.165000 154.669998
2742.375000 273.452301 0.169000 154.770004
2743.000000 273.660187 0.169000 154.875000
2743.000000 273.660187 0.169000 154.970001
2743.125000 273.865173 0.169000 155.074997
2743.500000 273.865173 0.169000 155.169998
2743.625000 274.065308 0.169000 155.274994
2743.875000 274.065308 0.169000 155.375000
2744.125000 274.065308 0.169000 155.464996
2744.125000 274.065308 0.169000 155.574997
2744.125000 274.266083 0.169000 155.669998
2744.125000 274.266083 0.164000 155.774994
2744.125000 274.266083 0.164000 155.875000
2744.125000 274.266083 0.164000 155.975006
2744.125000 274.266083 0.164000 156.070007
2744.125000 274.266083 0.164000 156.164993
2744.125000 274.266083 0.164000 156.274994
2744.125000 274.266083 0.164000 156.375000
2744.125000 274.266083 0.164000 156.464996
2744.125000 274.266083 0.164000 156.570007
2744.125000 274.266083 0.164000 156.669998
2744.125000 274.266083 0.147000 156.770004
2744.125000 274.266083 0.147000 156.875000
2744.125000 274.266083 0.147000 156.964996
2744.125000 274.266083 0.147000 157.065002
2744.125000 274.266083 0.147000 157.169998
2744.125000 274.266083 0.147000 157.270004
2744.125000 274.266083 0.147000 157.365005
2744.125000 274.266083 0.147000 157.475006
2744.125000 274.266083 0.147000 157.570007
2744.125000 274.266083 0.147000 157.669998
2744.375000 274.480835 0.143000 157.770004
2744.375000 274.686340 0.143000 157.875000
2744.375000 274.890625 0.143000 157.979996
2744.375000 274.890625 0.143000 158.074997
2744.375000 275.091949 0.143000 158.169998
2744.375000 275.302856 0.143000 158.274994
2744.375000 275.302856 0.143000 158.369995
2744.375000 275.514557 0.143000 158.475006
2744.375000 275.734039 0.143000 158.574997
2744.375000 275.938690 0.143000 158.679993
2744.375000 275.938690 0.138000 158.774994
2744.375000 276.143646 0.138000 158.880005
2744.375000 276.350220 0.138000 158.979996
2744.500000 276.558960 0.138000 159.074997
2744.500000 276.558960 0.138000 159.169998
2744.625000 276.768951 0.138000 159.279999
2744.625000 276.979401 0.138000 159.375000
2744.625000 277.184784 0.138000 159.475006
2744.625000 277.392181 0.138000 159.574997
2744.750000 277.600037 0.138000 159.679993
2744.875000 277.807800 0.147000 159.779999
2745.125000 278.016052 0.147000 159.875000
2745.625000 278.244904 0.147000 159.975006
2745.750000 278.454224 0.147000 160.070007
2746.000000 278.683716 0.147000 160.175003
2746.500000 278.893463 0.147000 160.279999
2746.875000 279.103241 0.147000 160.369995
2747.125000 279.313080 0.147000 160.479996
2747.500000 279.522888 0.147000 160.580002
2747.750000 279.522888 0.147000 160.669998
2748.500000 279.751984 0.175000 160.779999
2748.750000 279.980774 0.175000 160.875000
2748.750000 280.190063 0.175000 160.975006
2749.125000 280.399689 0.175000 161.074997
2749.500000 280.609161 0.175000 161.175003
2749.875000 280.847748 0.175000 161.279999
2749.875000 281.056671 0.175000 161.380005
2750.125000 281.266022 0.175000 161.479996
2750.500000 281.475586 0.175000 161.580002
2750.750000 281.685242 0.175000 161.679993
2751.500000 281.894897 0.184000 161.770004
2751.750000 282.104523 0.184000 161.875000
2752.125000 282.313721 0.184000 161.975006
2752.375000 282.313721 0.184000 162.074997
2752.500000 282.522827 0.184000 162.175003
2752.875000 282.731659 0.184000 162.274994
2753.250000 282.950073 0.184000 162.375000
2753.375000 283.168945 0.184000 162.475006
2753.750000 283.378296 0.184000 162.570007
2753.875000 283.617950 0.184000 162.669998
2754.000000 283.847839 0.202000 162.770004
2754.000000 284.047882 0.202000 162.875000
2754.125000 284.247986 0.202000 162.975006
2754.125000 284.448090 0.202000 163.074997
2755.125000 284.648193 0.202000 163.169998
2755.500000 284.855804 0.202000 163.279999
2755.625000 285.056580 0.202000 163.375000
2756.125000 285.056580 0.202000 163.470001
2756.125000 285.279327 0.202000 163.574997
2756.625000 285.481384 0.202000 163.675003
2756.625000 285.686401 0.232000 163.774994
2757.000000 285.686401 0.232000 163.875000
2757.375000 285.890076 0.232000 163.975006
2758.000000 286.094086 0.232000 164.080002
2758.750000 286.299225 0.232000 164.169998
2760.250000 286.299225 0.232000 164.270004
2762.125000 286.505096 0.232000 164.384995
2765.000000 286.719849 0.232000 164.475006
2769.875000 286.927490 0.232000 164.580002
2771.750000 287.136597 0.232000 164.679993
2776.750000 287.136597 0.232000 164.774994
2780.625000 287.375061 0.238000 164.869995
2785.000000 287.579651 0.238000 164.975006
2790.125000 287.785828 0.238000 165.080002
2797.875000 288.022766 0.238000 165.169998
2803.875000 288.231567 0.238000 165.274994
2813.375000 288.441193 0.238000 165.375000
2823.625000 288.641266 0.238000 165.479996
2835.125000 288.841583 0.238000 165.565002
2843.750000 289.042053 0.238000 165.675003
2855.250000 289.242645 0.238000 165.785004
2861.250000 289.443268 0.273000 165.875000
2869.750000 289.643799 0.273000 165.970001
2878.125000 289.843811 0.273000 166.070007
2889.625000 290.052979 0.273000 166.169998
2898.750000 290.261658 0.273000 166.270004
2910.000000 290.470428 0.273000 166.380005
2916.875000 290.678711 0.273000 166.479996
2922.625000 290.886749 0.273000 166.574997
2927.750000 291.095551 0.273000 166.679993
2933.000000 291.095551 0.273000 166.770004
2938.250000 291.304749 0.338000 166.880005
2943.875000 291.513947 0.338000 166.975006
2948.375000 291.732971 0.338000 167.074997
2954.000000 291.942169 0.338000 167.175003
2958.750000 292.151672 0.338000 167.270004
2962.375000 292.361389 0.338000 167.360001
2967.125000 292.570953 0.338000 167.464996
2970.375000 292.819489 0.338000 167.570007
2974.625000 293.027252 0.338000 167.664993
2980.250000 293.234436 0.338000 167.764999
2984.000000 293.442169 0.270000 167.875000
2989.250000 293.649841 0.270000 167.970001
2992.000000 293.857819 0.270000 168.070007
2995.875000 294.066589 0.270000 168.169998
2997.875000 294.275940 0.270000 168.274994
3000.500000 294.275940 0.270000 168.369995
3003.875000 294.485748 0.270000 168.464996
3006.625000 294.705719 0.270000 168.570007
3009.250000 294.915527 0.270000 168.664993
3013.250000 295.125458 0.270000 168.770004
3015.875000 295.334778 0.278000 168.869995
3018.500000 295.542450 0.278000 168.964996
3021.000000 295.756500 0.278000 169.074997
3023.375000 295.756500 0.278000 169.160004
3025.750000 295.963287 0.278000 169.274994
3028.000000 295.963287 0.278000 169.365005
3030.875000 295.963287 0.278000 169.475006
3034.625000 295.963287 0.278000 169.570007
3036.625000 296.163818 0.278000 169.669998
3038.125000 296.163818 0.278000 169.774994
3038.875000 296.163818 0.282000 169.869995
3039.750000 296.163818 0.282000 169.975006
3041.125000 296.163818 0.282000 170.070007
3042.750000 296.163818 0.282000 170.169998
3044.000000 296.163818 0.282000 170.270004
3044.875000 296.163818 0.282000 170.369995
3045.875000 296.163818 0.282000 170.475006
3046.875000 296.163818 0.282000 170.580002
3048.750000 296.163818 0.282000 170.669998
3050.375000 296.163818 0.282000 170.774994
3051.375000 296.163818 0.246000 170.865005
3052.500000 296.163818 0.246000 170.975006
3053.500000 296.163818 0.246000 171.074997
3054.000000 296.364197 0.246000 171.164993
3054.500000 296.564575 0.246000 171.270004
3055.000000 296.564575 0.246000 171.375000
3056.125000 296.796997 0.246000 171.475006
3057.375000 296.796997 0.246000 171.565002
3058.125000 297.001312 0.246000 171.675003
3059.250000 297.223450 0.234000 171.764999
3060.000000 297.424866 0.234000 171.875000
3060.625000 297.424866 0.234000 171.964996
3060.875000 297.626251 0.234000 172.070007
3061.500000 297.626251 0.234000 172.169998
3062.125000 297.826385 0.234000 172.279999
3063.375000 297.826385 0.234000 172.369995
3064.125000 297.826385 0.234000 172.470001
3065.500000 297.826385 0.234000 172.574997
3066.000000 298.028320 0.234000 172.669998
3066.375000 298.028320 0.237000 172.770004
3067.125000 298.028320 0.237000 172.869995
3067.750000 298.028320 0.237000 172.970001
3068.250000 298.028320 0.237000 173.070007
3069.000000 298.028320 0.237000 173.169998
3069.625000 298.028320 0.237000 173.264999
3070.875000 298.028320 0.237000 173.369995
3071.250000 298.028320 0.237000 173.475006
3071.875000 298.028320 0.237000 173.574997
3072.500000 298.028320 0.237000 173.669998
3073.000000 298.028320 0.220000 173.770004
3073.500000 298.028320 0.220000 173.875000
3074.125000 298.028320 0.220000 173.970001
3074.625000 298.028320 0.220000 174.070007
3075.875000 298.028320 0.220000 174.160004
3076.500000 298.028320 0.220000 174.270004
3076.750000 298.028320 0.220000 174.369995
3077.750000 298.028320 0.220000 174.475006
3078.375000 298.028320 0.220000 174.570007
3078.750000 298.028320 0.220000 174.669998
3079.375000 298.028320 0.212000 174.770004
3080.250000 298.028320 0.212000 174.869995
3081.750000 298.028320 0.212000 174.970001
3082.375000 298.028320 0.212000 175.074997
3082.500000 298.028320 0.212000 175.175003
3082.875000 298.028320 0.212000 175.274994
3083.250000 298.028320 0.212000 175.375000
3083.750000 298.028320 0.212000 175.470001
3084.000000 298.028320 0.212000 175.574997
3084.375000 298.028320 0.212000 175.669998
3085.000000 298.028320 0.209000 175.770004
3085.750000 298.028320 0.209000 175.875000
3086.375000 298.028320 0.209000 175.970001
3086.750000 298.028320 0.209000 176.074997
3087.500000 298.028320 0.209000 176.164993
3091.875000 298.028320 0.209000 176.264999
3092.250000 298.028320 0.209000 176.369995
3092.750000 298.028320 0.209000 176.475006
3093.625000 298.028320 0.209000 176.570007
3094.250000 298.028320 0.209000 176.669998
3094.625000 298.028320 0.222000 176.759995
3094.750000 298.028320 0.222000 176.865005
3095.625000 298.028320 0.222000 176.970001
3095.750000 298.028320 0.222000 177.074997
3096.625000 298.028320 0.222000 177.169998
3097.125000 298.028320 0.222000 177.274994
3097.625000 298.028320 0.222000 177.375000
3098.000000 298.028320 0.222000 177.475006
3098.250000 298.028320 0.222000 177.565002
3099.000000 298.028320 0.222000 177.669998
3099.625000 298.028320 0.231000 177.774994
3100.125000 298.028320 0.231000 177.869995
3100.875000 298.028320 0.231000 177.970001
3101.125000 298.028320 0.231000 178.070007
3101.750000 298.028320 0.231000 178.169998
3102.125000 298.028320 0.231000 178.274994
3102.625000 298.028320 0.231000 178.360001
3102.750000 298.028320 0.231000 178.475006
3103.375000 298.028320 0.231000 178.570007
3104.000000 298.028320 0.231000 178.669998
3104.125000 298.028320 0.208000 178.770004
3104.250000 298.028320 0.208000 178.869995
3105.250000 298.028320 0.208000 178.970001
3105.625000 298.028320 0.208000 179.070007
3105.750000 298.028320 0.208000 179.169998
3106.125000 298.028320 0.208000 179.270004
3106.250000 298.028320 0.208000 179.365005
3106.875000 298.028320 0.208000 179.475006
3107.250000 298.028320 0.208000 179.570007
3108.000000 298.028320 0.208000 179.664993
3108.500000 298.028320 0.225000 179.770004
3108.750000 298.028320 0.225000 179.875000
3110.125000 298.028320 0.225000 179.970001
3110.375000 298.028320 0.225000 180.070007
3110.625000 298.028320 0.225000 180.169998
3110.875000 298.028320 0.225000 180.264999
3111.625000 298.028320 0.225000 180.375000
3111.875000 298.028320 0.225000 180.470001
3112.375000 298.028320 0.225000 180.570007
3113.375000 298.028320 0.225000 180.660004
3113.625000 298.028320 0.235000 180.770004
3113.875000 298.028320 0.235000 180.875000
3114.375000 298.028320 0.235000 180.964996
3115.000000 298.028320 0.235000 181.070007
3115.375000 298.028320 0.235000 181.169998
3115.875000 298.028320 0.235000 181.264999
3116.625000 298.028320 0.235000 181.375000
3116.875000 298.028320 0.235000 181.470001
3116.875000 298.028320 0.235000 181.565002
3117.125000 298.028320 0.235000 181.675003
3117.125000 298.028320 0.206000 181.774994
3117.500000 298.028320 0.206000 181.869995
3117.625000 298.028320 0.206000 181.970001
3117.875000 298.028320 0.206000 182.074997
3118.125000 298.028320 0.206000 182.169998
3118.250000 298.028320 0.206000 182.274994
3119.250000 298.028320 0.206000 182.369995
3119.750000 298.028320 0.206000 182.475006
3120.500000 298.028320 0.206000 182.574997
3121.250000 298.028320 0.206000 182.669998
3121.750000 298.028320 0.230000 182.764999
3121.875000 298.028320 0.230000 182.869995
3122.875000 298.028320 0.230000 182.970001
3123.375000 298.028320 0.230000 183.074997
3124.250000 298.028320 0.230000 183.169998
3125.000000 298.028320 0.230000 183.274994
3125.375000 298.028320 0.230000 183.369995
3125.875000 298.028320 0.230000 183.475006
3126.500000 298.028320 0.230000 183.570007
3127.000000 298.028320 0.230000 183.669998
3127.000000 298.028320 0.219000 183.770004
3127.625000 298.028320 0.219000 183.875000
3129.250000 298.028320 0.219000 183.964996
3129.375000 298.028320 0.219000 184.070007
3129.875000 298.028320 0.219000 184.164993
3130.500000 298.028320 0.219000 184.270004
3132.000000 298.028320 0.219000 184.369995
3132.875000 298.028320 0.219000 184.470001
3133.625000 298.028320 0.219000 184.565002
3134.375000 298.028320 0.219000 184.669998
3135.250000 298.028320 0.235000 184.774994
3135.625000 298.028320 0.235000 184.869995
3136.375000 298.028320 0.235000 184.975006
3136.875000 298.028320 0.235000 185.070007
3137.750000 298.028320 0.235000 185.169998
3139.000000 298.028320 0.235000 185.264999
3139.875000 298.028320 0.235000 185.375000
3140.375000 298.028320 0.235000 185.470001
3141.125000 298.028320 0.235000 185.574997
3141.625000 298.028320 0.235000 185.669998
3142.125000 298.028320 0.220000 185.770004
3142.500000 298.028320 0.220000 185.875000
3142.750000 298.028320 0.220000 185.970001
3143.500000 298.028320 0.220000 186.070007
3144.250000 298.028320 0.220000 186.175003
3144.875000 298.028320 0.220000 186.270004
3145.000000 298.028320 0.220000 186.369995
3145.125000 298.028320 0.220000 186.470001
3145.750000 298.028320 0.220000 186.565002
3146.250000 298.028320 0.220000 186.669998
3146.500000 298.028320 0.218000 186.770004
3146.625000 298.028320 0.218000 186.875000
3147.125000 298.028320 0.218000 186.970001
3147.500000 298.028320 0.218000 187.070007
3147.500000 298.028320 0.218000 187.175003
3147.625000 298.028320 0.218000 187.264999
3148.125000 298.028320 0.218000 187.365005
3148.625000 298.028320 0.218000 187.470001
3149.000000 298.028320 0.218000 187.570007
3149.375000 298.028320 0.218000 187.675003
3149.500000 298.028320 0.209000 187.770004
3150.000000 298.028320 0.209000 187.875000
3150.500000 298.028320 0.209000 187.970001
3150.750000 298.028320 0.209000 188.074997
3151.000000 298.028320 0.209000 188.169998
3151.250000 298.028320 0.209000 188.279999
3152.250000 298.028320 0.209000 188.369995
3152.500000 298.028320 0.209000 188.475006
3153.250000 298.028320 0.209000 188.570007
3153.375000 298.028320 0.209000 188.669998
3154.000000 298.028320 0.215000 188.770004
3154.250000 298.028320 0.215000 188.865005
3154.500000 298.028320 0.215000 188.970001
3155.000000 298.028320 0.215000 189.074997
3155.750000 298.028320 0.215000 189.175003
3156.000000 298.028320 0.215000 189.270004
3156.375000 298.028320 0.215000 189.369995
3156.625000 298.028320 0.215000 189.470001
3156.875000 298.028320 0.215000 189.565002
3157.500000 298.028320 0.215000 189.679993
3157.625000 298.028320 0.209000 189.764999
3157.875000 298.028320 0.209000 189.875000
3158.000000 298.028320 0.209000 189.970001
3158.875000 298.028320 0.209000 190.074997
3159.125000 298.028320 0.209000 190.164993
3159.375000 298.028320 0.209000 190.274994
3159.750000 298.028320 0.209000 190.369995
3159.750000 298.028320 0.209000 190.470001
3160.625000 298.028320 0.209000 190.574997
3160.750000 298.028320 0.209000 190.675003
3160.750000 298.028320 0.258000 190.764999
3160.875000 298.028320 0.258000 190.869995
3161.750000 298.028320 0.258000 190.970001
3161.750000 298.028320 0.258000 191.070007
3162.000000 298.028320 0.258000 191.175003
3162.000000 298.028320 0.258000 191.279999
3162.375000 298.028320 0.258000 191.375000
3162.625000 298.028320 0.258000 191.475006
3162.750000 298.028320 0.258000 191.574997
3163.000000 298.028320 0.258000 191.675003
3163.375000 298.028320 0.241000 191.764999
3164.000000 298.028320 0.241000 191.875000
3164.125000 298.028320 0.241000 191.970001
3164.125000 298.028320 0.241000 192.070007
3164.250000 298.028320 0.241000 192.169998
3164.375000 298.028320 0.241000 192.274994
3164.500000 298.028320 0.241000 192.375000
3164.500000 298.028320 0.241000 192.475006
3164.625000 298.028320 0.241000 192.570007
3164.750000 298.028320 0.241000 192.669998
3164.875000 298.028320 0.218000 192.770004
3165.000000 298.028320 0.218000 192.869995
3165.000000 298.028320 0.218000 192.975006
3165.000000 298.028320 0.218000 193.070007
3165.125000 298.028320 0.218000 193.164993
3165.250000 298.028320 0.218000 193.270004
3165.500000 298.028320 0.218000 193.365005
3165.750000 298.028320 0.218000 193.470001
3165.750000 298.028320 0.218000 193.565002
3165.875000 298.028320 0.218000 193.669998
3166.250000 298.028320 0.215000 193.774994
3166.250000 298.028320 0.215000 193.865005
3166.250000 298.028320 0.215000 193.975006
3166.750000 298.028320 0.215000 194.070007
3166.875000 298.028320 0.215000 194.164993
3167.000000 298.028320 0.215000 194.270004
3167.125000 298.028320 0.215000 194.369995
3167.250000 298.028320 0.215000 194.470001
3167.500000 298.028320 0.215000 194.559998
3167.750000 298.028320 0.215000 194.675003
3168.000000 298.028320 0.222000 194.774994
3168.125000 298.028320 0.222000 194.875000
3168.250000 298.028320 0.222000 194.975006
3168.875000 298.028320 0.222000 195.065002
3169.500000 298.028320 0.222000 195.169998
3169.625000 298.028320 0.222000 195.270004
3169.750000 298.028320 0.222000 195.369995
3169.750000 298.028320 0.222000 195.475006
3170.250000 298.028320 0.222000 195.570007
3170.750000 298.028320 0.222000 195.669998
3170.875000 298.028320 0.213000 195.770004
3171.000000 298.028320 0.213000 195.869995
3171.875000 298.028320 0.213000 195.964996
3172.000000 298.028320 0.213000 196.070007
3172.000000 298.028320 0.213000 196.169998
3172.000000 298.028320 0.213000 196.270004
3172.625000 298.028320 0.213000 196.369995
3173.125000 298.028320 0.213000 196.470001
3173.125000 298.028320 0.213000 196.565002
3173.125000 298.028320 0.213000 196.675003
3173.875000 298.028320 0.214000 196.770004
3173.875000 298.028320 0.214000 196.875000
3174.250000 298.028320 0.214000 196.970001
3174.375000 298.028320 0.214000 197.074997
3174.625000 298.028320 0.214000 197.175003
3174.875000 298.028320 0.214000 197.270004
3175.125000 298.028320 0.214000 197.375000
3175.500000 298.028320 0.214000 197.475006
3175.750000 298.028320 0.214000 197.570007
3176.375000 298.028320 0.214000 197.664993
3176.500000 298.028320 0.227000 197.774994
3176.625000 298.028320 0.227000 197.865005
3177.375000 298.028320 0.227000 197.960007
3178.000000 298.028320 0.227000 198.059998
3178.375000 298.230530 0.227000 198.164993
3178.625000 298.230530 0.227000 198.264999
3179.000000 298.435211 0.227000 198.365005
3179.500000 298.636078 0.227000 198.460007
3180.250000 298.636078 0.227000 198.565002
3180.500000 298.841339 0.239000 198.660004
3181.000000 299.043121 0.239000 198.759995
3181.250000 299.243958 0.239000 198.865005
3181.750000 299.243958 0.239000 198.964996
3182.125000 299.445282 0.239000 199.070007
3182.250000 299.445282 0.239000 199.169998
3184.000000 299.445282 0.239000 199.264999
3184.625000 299.445282 0.239000 199.365005
3184.875000 299.647003 0.239000 199.464996
3186.375000 299.647003 0.239000 199.559998
3186.750000 299.647003 0.239000 199.664993
3187.250000 299.647003 0.264000 199.764999
3187.375000 299.647003 0.264000 199.865005
3188.000000 299.647003 0.264000 199.970001
3188.750000 299.647003 0.264000 200.070007
3189.125000 299.647003 0.264000 200.175003
3189.125000 299.647003 0.264000 200.264999
3189.750000 299.647003 0.264000 200.369995
3189.875000 299.647003 0.264000 200.464996
3190.125000 299.647003 0.264000 200.565002
3190.500000 299.647003 0.264000 200.669998
3190.750000 299.647003 0.264000 200.770004
3190.750000 299.647003 0.262000 200.869995
3190.750000 299.647003 0.262000 200.964996
3190.875000 299.647003 0.262000 201.070007
3191.000000 299.647003 0.262000 201.175003
3191.000000 299.647003 0.262000 201.270004
3191.000000 299.647003 0.262000 201.369995
3191.125000 299.647003 0.262000 201.470001
3191.250000 299.647003 0.262000 201.559998
3191.250000 299.647003 0.262000 201.675003
3191.625000 299.647003 0.260000 201.774994
3191.750000 299.647003 0.260000 201.875000
3191.875000 299.647003 0.260000 201.979996
3192.125000 299.647003 0.260000 202.074997
3192.500000 299.847717 0.260000 202.175003
3192.875000 299.847717 0.260000 202.270004
3193.125000 300.061890 0.260000 202.375000
3193.375000 300.061890 0.260000 202.470001
3194.625000 300.263550 0.260000 202.570007
3194.625000 300.468994 0.260000 202.664993
3195.000000 300.677551 0.260000 202.770004
3195.125000 300.892273 0.285000 202.875000
3195.250000 301.117554 0.285000 202.970001
3195.250000 301.320770 0.285000 203.074997
3195.250000 301.320770 0.285000 203.169998
3195.375000 301.523468 0.285000 203.264999
3195.375000 301.523468 0.285000 203.365005
3195.500000 301.727020 0.285000 203.475006
3195.625000 301.727020 0.285000 203.570007
3195.750000 301.727020 0.285000 203.669998
3196.000000 301.727020 0.285000 203.770004
3196.000000 301.727020 0.349000 203.869995
3196.125000 301.927185 0.349000 203.970001
3196.125000 301.927185 0.349000 204.074997
3196.125000 301.927185 0.349000 204.175003
3196.125000 301.927185 0.349000 204.270004
3196.125000 301.927185 0.349000 204.375000
3196.250000 301.927185 0.349000 204.470001
3196.250000 301.927185 0.349000 204.570007
3196.375000 301.927185 0.349000 204.669998
3196.500000 301.927185 0.349000 204.770004
3196.875000 301.927185 0.320000 204.869995
3196.875000 301.927185 0.320000 204.975006
3197.000000 301.927185 0.320000 205.074997
3197.000000 302.133636 0.320000 205.169998
3197.000000 302.335114 0.320000 205.274994
3197.125000 302.335114 0.320000 205.369995
3197.500000 302.543030 0.320000 205.470001
3197.500000 302.749084 0.320000 205.570007
3197.500000 302.952820 0.320000 205.669998
3197.750000 303.169861 0.254000 205.770004
3198.375000 303.398315 0.254000 205.869995
3200.000000 303.617523 0.254000 205.975006
3201.250000 303.837402 0.254000 206.070007
3201.625000 304.037567 0.254000 206.175003
3202.125000 304.237579 0.254000 206.264999
3202.625000 304.447449 0.254000 206.369995
3203.250000 304.657227 0.254000 206.475006
3205.375000 304.857239 0.254000 206.574997
3206.375000 305.057404 0.254000 206.669998
3207.375000 305.257660 0.254000 206.770004
3208.250000 305.457947 0.248000 206.865005
3209.000000 305.658234 0.248000 206.970001
3210.250000 305.858459 0.248000 207.074997
3210.625000 306.058685 0.248000 207.164993
3210.750000 306.258942 0.248000 207.270004
3212.125000 306.459167 0.248000 207.369995
3212.750000 306.659393 0.248000 207.470001
3213.750000 306.859650 0.248000 207.570007
3214.375000 307.059937 0.248000 207.679993
3215.000000 307.260254 0.248000 207.770004
3215.625000 307.460632 0.286000 207.875000
3216.750000 307.660736 0.286000 207.975006
3217.375000 307.870117 0.286000 208.074997
3218.250000 308.078766 0.286000 208.175003
3218.750000 308.078766 0.286000 208.270004
3221.250000 308.286804 0.286000 208.369995
3222.250000 308.494385 0.286000 208.470001
3224.875000 308.711884 0.286000 208.574997
3226.375000 308.920685 0.286000 208.669998
3231.375000 309.130554 0.286000 208.770004
3238.625000 309.330963 0.315000 208.875000
3248.375000 309.531708 0.315000 208.970001
3254.625000 309.732727 0.315000 209.070007
3265.750000 309.933929 0.315000 209.175003
3269.375000 310.135223 0.315000 209.270004
3275.500000 310.336487 0.315000 209.365005
3280.125000 310.567963 0.315000 209.475006
3284.625000 310.809509 0.315000 209.574997
3288.500000 311.010620 0.315000 209.669998
3292.250000 311.211060 0.315000 209.770004
3295.750000 311.420715 0.315000 209.865005
3299.875000 311.630096 0.471000 209.964996
3301.750000 311.836884 0.471000 210.070007
3303.750000 312.037323 0.471000 210.169998
3305.125000 312.037323 0.471000 210.274994
3306.750000 312.261749 0.471000 210.365005
3308.750000 312.465668 0.471000 210.470001
3312.000000 312.672058 0.471000 210.570007
3313.500000 312.672058 0.471000 210.675003
3314.500000 312.884216 0.471000 210.770004
3315.750000 313.088531 0.358000 210.860001
3317.000000 313.293152 0.358000 210.970001
3317.750000 313.293152 0.358000 211.065002
3318.625000 313.495178 0.358000 211.164993
3319.625000 313.701294 0.358000 211.270004
3321.375000 313.923859 0.358000 211.360001
3322.750000 314.136169 0.358000 211.470001
3323.500000 314.342468 0.358000 211.570007
3324.625000 314.550537 0.358000 211.664993
3325.250000 314.759521 0.358000 211.770004
3326.375000 314.968994 0.289000 211.869995
3327.375000 315.178253 0.289000 211.975006
3327.875000 315.178253 0.289000 212.070007
3330.000000 315.397308 0.289000 212.175003
3331.125000 315.606689 0.289000 212.264999
3331.625000 315.816315 0.289000 212.369995
3332.375000 316.026062 0.289000 212.470001
3333.125000 316.235840 0.289000 212.565002
3334.000000 316.445465 0.289000 212.664993
3334.625000 316.665100 0.289000 212.774994
3335.500000 316.894775 0.256000 212.869995
3336.750000 317.104614 0.256000 212.970001
3337.500000 317.324524 0.256000 213.074997
3338.125000 317.534485 0.256000 213.164993
3339.375000 317.744476 0.256000 213.274994
3339.875000 317.954437 0.256000 213.369995
3340.625000 318.164398 0.256000 213.470001
3341.000000 318.164398 0.256000 213.570007
3341.625000 318.584198 0.256000 213.679993
3343.250000 318.584198 0.245000 213.770004
3344.250000 318.794159 0.245000 213.875000
3344.625000 319.014130 0.245000 213.970001
3345.375000 319.224060 0.245000 214.070007
3345.500000 319.434021 0.245000 214.175003
3345.875000 319.643982 0.245000 214.274994
3346.000000 319.853729 0.245000 214.375000
3346.000000 320.103455 0.245000 214.470001
3346.750000 320.313232 0.245000 214.559998
3347.625000 320.523041 0.245000 214.675003
3348.375000 320.732880 0.221000 214.770004
3348.875000 320.942719 0.221000 214.880005
3349.375000 321.152557 0.221000 214.970001
3350.000000 321.362396 0.221000 215.074997
3350.250000 321.362396 0.221000 215.169998
3351.125000 321.602295 0.221000 215.264999
3351.875000 321.852203 0.221000 215.369995
3352.625000 322.072113 0.221000 215.475006
3354.125000 322.282043 0.221000 215.570007
3354.875000 322.491974 0.221000 215.675003
3355.750000 322.701904 0.184000 215.764999
3355.875000 322.917969 0.184000 215.869995
3357.125000 323.125153 0.184000 215.975006
3357.750000 323.125153 0.184000 216.070007
3359.000000 323.330383 0.184000 216.175003
3359.875000 323.553528 0.184000 216.274994
3361.000000 323.755981 0.184000 216.369995
3362.625000 323.755981 0.184000 216.475006
3363.875000 323.957703 0.184000 216.570007
3364.750000 324.159851 0.184000 216.675003
3365.500000 324.159851 0.193000 216.770004
3366.375000 324.363312 0.193000 216.869995
3368.250000 324.590912 0.193000 216.970001
3369.250000 324.796539 0.193000 217.074997
3371.375000 324.796539 0.193000 217.169998
3372.625000 325.002625 0.193000 217.270004
3373.500000 325.211731 0.193000 217.375000
3374.875000 325.416534 0.193000 217.470001
3376.500000 325.624512 0.193000 217.574997
3377.250000 325.828613 0.193000 217.675003
3378.625000 326.035583 0.223000 217.774994
3380.625000 326.035583 0.223000 217.869995
3383.125000 326.260040 0.223000 217.970001
3385.000000 326.470520 0.223000 218.065002
3388.625000 326.673950 0.223000 218.164993
3392.250000 326.673950 0.223000 218.274994
3394.625000 326.889801 0.223000 218.369995
3398.375000 327.096466 0.223000 218.464996
3402.000000 327.302673 0.223000 218.570007
3406.875000 327.302673 0.223000 218.669998
3409.875000 327.508942 0.223000 218.764999
3413.750000 327.713470 0.279000 218.869995
3416.875000 327.920837 0.279000 218.970001
3419.125000 328.130341 0.279000 219.074997
3425.250000 328.337524 0.279000 219.175003
3430.125000 328.545380 0.279000 219.270004
3436.375000 328.753937 0.279000 219.369995
3439.875000 328.962555 0.279000 219.470001
3444.750000 329.168182 0.279000 219.574997
3446.875000 329.376099 0.279000 219.675003
3448.000000 329.376099 0.279000 219.774994
3450.875000 329.583557 0.331000 219.869995
3452.625000 329.791321 0.331000 219.975006
3454.500000 329.999969 0.331000 220.065002
3455.750000 330.219910 0.331000 220.175003
3457.500000 330.219910 0.331000 220.274994
3457.875000 330.421600 0.331000 220.369995
3458.250000 330.421600 0.331000 220.470001
3459.125000 330.421600 0.331000 220.570007
3460.250000 330.621796 0.331000 220.664993
3461.125000 330.621796 0.331000 220.770004
3461.875000 330.621796 0.323000 220.880005
3462.000000 330.621796 0.323000 220.975006
3463.000000 330.621796 0.323000 221.074997
3463.000000 330.621796 0.323000 221.179993
3463.250000 330.621796 0.323000 221.274994
3463.375000 330.621796 0.323000 221.369995
3464.125000 330.621796 0.323000 221.475006
3464.625000 330.621796 0.323000 221.570007
3464.750000 330.621796 0.323000 221.675003
3464.875000 330.621796 0.323000 221.770004
3465.250000 330.621796 0.282000 221.875000
3465.375000 330.621796 0.282000 221.975006
3465.375000 330.621796 0.282000 222.070007
3465.625000 330.621796 0.282000 222.175003
3465.750000 330.621796 0.282000 222.279999
3466.250000 330.621796 0.282000 222.369995
3466.375000 330.621796 0.282000 222.475006
3466.375000 330.621796 0.282000 222.580002
3466.375000 330.621796 0.282000 222.664993
3466.375000 330.621796 0.282000 222.770004
3466.375000 330.621796 0.273000 222.875000
3466.875000 330.621796 0.273000 222.964996
3466.875000 330.621796 0.273000 223.065002
3467.125000 330.621796 0.273000 223.169998
3467.875000 330.826111 0.273000 223.270004
3468.000000 330.826111 0.273000 223.369995
3468.375000 331.030212 0.273000 223.475006
3468.875000 331.236877 0.273000 223.574997
3469.000000 331.236877 0.273000 223.669998
3469.125000 331.454712 0.273000 223.770004
3469.500000 331.668427 0.272000 223.875000
3469.500000 331.869080 0.272000 223.970001
3470.000000 332.069794 0.272000 224.065002
3470.375000 332.270569 0.272000 224.175003
3471.125000 332.270569 0.272000 224.270004
3471.500000 332.475922 0.272000 224.369995
3471.625000 332.713806 0.272000 224.475006
3472.125000 332.923279 0.272000 224.570007
3472.500000 333.131012 0.272000 224.669998
3473.125000 333.340149 0.272000 224.774994
3473.875000 333.551544 0.282000 224.875000
3473.875000 333.753204 0.282000 224.970001
3474.250000 333.753204 0.282000 225.074997
3475.000000 333.957001 0.282000 225.169998
3475.750000 333.957001 0.282000 225.270004
3476.625000 333.957001 0.282000 225.375000
3477.375000 333.957001 0.282000 225.464996
3478.000000 334.159821 0.282000 225.570007
3479.375000 334.159821 0.282000 225.669998
3480.250000 334.159821 0.282000 225.764999
3480.750000 334.159821 0.315000 225.875000
3481.875000 334.159821 0.315000 225.970001
3482.125000 334.159821 0.315000 226.074997
3483.000000 334.159821 0.315000 226.169998
3484.000000 334.159821 0.315000 226.274994
3484.250000 334.159821 0.315000 226.375000
3485.250000 334.159821 0.315000 226.475006
3485.875000 334.159821 0.315000 226.570007
3486.000000 334.159821 0.315000 226.675003
3487.250000 334.159821 0.315000 226.774994
3487.375000 334.159821 0.322000 226.869995
3488.000000 334.159821 0.322000 226.975006
3488.500000 334.159821 0.322000 227.065002
3488.875000 334.159821 0.322000 227.169998
3489.375000 334.159821 0.322000 227.274994
3490.125000 334.159821 0.322000 227.375000
3490.500000 334.376495 0.322000 227.464996
3491.000000 334.579987 0.322000 227.574997
3491.500000 334.785797 0.322000 227.675003
3492.250000 334.785797 0.322000 227.770004
3492.500000 335.023529 0.294000 227.865005
3492.625000 335.228912 0.294000 227.979996
3492.875000 335.436676 0.294000 228.074997
3493.250000 335.645691 0.294000 228.175003
3493.625000 335.915222 0.294000 228.270004
3494.500000 336.125000 0.294000 228.365005
3494.625000 336.325043 0.294000 228.475006
3494.875000 336.525238 0.294000 228.570007
3495.125000 336.725586 0.294000 228.675003
3495.250000 336.925934 0.294000 228.770004
3495.500000 337.126099 0.285000 228.869995
3496.125000 337.326324 0.285000 228.975006
3496.625000 337.526398 0.285000 229.070007
3496.625000 337.736298 0.285000 229.169998
3496.875000 337.945892 0.285000 229.270004
3497.375000 338.154602 0.285000 229.369995
3498.000000 338.154602 0.285000 229.470993
3499.125000 338.362274 0.285000 229.574997
3500.750000 338.564331 0.285000 229.669998
3501.500000 338.772644 0.285000 229.764999
3501.875000 338.986572 0.285000 229.875000
3503.375000 339.192596 0.285000 229.964996
3504.750000 339.192596 0.285000 230.065002
3506.500000 339.395416 0.285000 230.169998
3508.875000 339.611023 0.285000 230.274994
3510.625000 339.611023 0.285000 230.369995
3512.125000 339.831848 0.285000 230.475006
3515.000000 340.050781 0.285000 230.570007
3515.750000 340.050781 0.285000 230.664993
3517.750000 340.261414 0.285000 230.770004
3519.250000 340.464661 0.297000 230.865005
3522.625000 340.670044 0.297000 230.975006
3524.250000 340.670044 0.297000 231.074997
3526.625000 340.877350 0.297000 231.169998
3528.125000 341.078644 0.297000 231.270004
3529.500000 341.078644 0.297000 231.369995
3533.000000 341.281128 0.297000 231.470001
3533.375000 341.484344 0.297000 231.574997
3534.000000 341.688019 0.297000 231.669998
3534.625000 341.688019 0.297000 231.770004
3535.750000 341.899475 0.348000 231.869995
3537.500000 342.133636 0.348000 231.970001
3539.125000 342.338806 0.348000 232.074997
3540.625000 342.338806 0.348000 232.169998
3541.375000 342.546082 0.348000 232.270004
3542.750000 342.755096 0.348000 232.369995
3543.750000 343.003448 0.348000 232.470001
3544.125000 343.209015 0.348000 232.570007
3547.500000 343.416748 0.348000 232.669998
3548.500000 343.625580 0.348000 232.770004
3550.250000 343.834778 0.258000 232.869995
3552.500000 344.044281 0.258000 232.970001
3553.125000 344.253998 0.258000 233.074997
3553.875000 344.253998 0.258000 233.175003
3554.250000 344.473785 0.258000 233.274994
3555.250000 344.683685 0.258000 233.375000
3555.375000 344.893646 0.258000 233.479996
3557.000000 345.103607 0.258000 233.570007
3557.625000 345.313599 0.258000 233.669998
3558.125000 345.523590 0.258000 233.774994
3559.250000 345.723602 0.239000 233.869995
3559.500000 345.963654 0.239000 233.975006
3559.625000 346.183624 0.239000 234.070007
3560.000000 346.393585 0.239000 234.169998
3561.500000 346.603516 0.239000 234.274994
3562.000000 346.813385 0.239000 234.369995
3563.250000 347.023193 0.239000 234.470001
3564.250000 347.233032 0.239000 234.570007
3565.125000 347.442932 0.239000 234.679993
3566.000000 347.442932 0.227000 234.770004
3566.500000 347.652863 0.227000 234.875000
3566.625000 347.902679 0.227000 234.970001
3567.000000 348.111877 0.227000 235.074997
3567.250000 348.320709 0.227000 235.175003
3567.375000 348.529419 0.227000 235.264999
3567.875000 348.758118 0.227000 235.375000
3568.000000 348.966614 0.227000 235.464996
3568.500000 349.175262 0.227000 235.574997
3568.625000 349.384430 0.227000 235.669998
3570.375000 349.593964 0.212000 235.770004
3571.125000 349.803680 0.212000 235.875000
3571.250000 350.013123 0.212000 235.975006
3571.375000 350.221985 0.212000 236.070007
3571.625000 350.430298 0.212000 236.169998
3572.500000 350.430298 0.212000 236.270004
3573.500000 350.638184 0.212000 236.369995
3573.750000 350.865631 0.212000 236.470001
3575.000000 351.073975 0.212000 236.570007
3575.250000 351.282471 0.212000 236.675003
3575.875000 351.491821 0.208000 236.774994
3575.875000 351.691895 0.208000 236.875000
3576.000000 351.892273 0.208000 236.970001
3576.625000 352.092407 0.208000 237.070007
3576.750000 352.302155 0.208000 237.164993
3577.125000 352.511536 0.208000 237.270004
3578.500000 352.760620 0.208000 237.369995
3578.750000 352.960632 0.208000 237.475006
3580.875000 353.181335 0.208000 237.574997
3581.500000 353.382294 0.208000 237.675995
3582.000000 353.583374 0.185000 237.764999
3582.625000 353.790649 0.185000 237.865005
3582.875000 353.990967 0.185000 237.970001
3582.875000 353.990967 0.185000 238.070007
3584.250000 354.199097 0.185000 238.164993
3584.500000 354.199097 0.185000 238.270004
3585.625000 354.199097 0.185000 238.369995
3585.625000 354.407776 0.185000 238.470001
3585.875000 354.407776 0.185000 238.570007
3586.125000 354.407776 0.185000 238.669998
3586.250000 354.407776 0.236000 238.774994
3586.625000 354.407776 0.236000 238.869995
3586.625000 354.407776 0.236000 238.964996
3586.625000 354.607819 0.236000 239.074997
3587.250000 354.607819 0.236000 239.164993
3587.250000 354.607819 0.236000 239.270004
3587.250000 354.607819 0.236000 239.369995
3587.250000 354.607819 0.236000 239.470001
3587.250000 354.607819 0.236000 239.574997
3587.500000 354.607819 0.236000 239.669998
3587.625000 354.607819 0.227000 239.770004
3587.750000 354.607819 0.227000 239.865005
3588.125000 354.607819 0.227000 239.975006
3588.125000 354.607819 0.227000 240.074997
3588.125000 354.607819 0.227000 240.169998
3588.250000 354.607819 0.227000 240.270004
3588.250000 354.607819 0.227000 240.375000
3588.250000 354.607819 0.227000 240.475006
3588.625000 354.821686 0.227000 240.565002
3588.625000 354.821686 0.227000 240.675003
3588.750000 355.024445 0.204000 240.774994
3588.875000 355.244751 0.204000 240.875000
3589.000000 355.244751 0.204000 240.975006
3589.250000 355.463135 0.204000 241.074997
3589.250000 355.669617 0.204000 241.169998
3589.250000 355.669617 0.204000 241.270004
3589.625000 355.878693 0.204000 241.375000
3589.750000 356.082397 0.204000 241.479996
3590.000000 356.287140 0.204000 241.570007
3590.250000 356.287140 0.204000 241.660004
3590.250000 356.492645 0.220000 241.774994
3590.375000 356.721466 0.220000 241.869995
3590.500000 356.923096 0.220000 241.970001
3590.750000 356.923096 0.220000 242.074997
3591.000000 357.136505 0.220000 242.169998
3591.000000 357.339142 0.220000 242.279999
3591.000000 357.540070 0.220000 242.375000
3591.125000 357.744781 0.220000 242.475006
3591.125000 357.952118 0.220000 242.574997
3592.000000 358.159576 0.220000 242.669998
3592.125000 358.360321 0.201000 242.770004
3592.125000 358.588623 0.201000 242.869995
3592.125000 358.793213 0.201000 242.970001
3592.250000 358.994476 0.201000 243.074997
3592.250000 359.199738 0.201000 243.169998
3592.375000 359.199738 0.201000 243.270004
3592.500000 359.417328 0.201000 243.375000
3592.500000 359.656219 0.201000 243.470001
3592.750000 359.865814 0.201000 243.565002
3592.875000 360.075684 0.201000 243.664993
3592.875000 360.285614 0.219000 243.774994
3593.000000 360.535461 0.219000 243.875000
3593.125000 360.745178 0.219000 243.964996
3593.250000 360.954498 0.219000 244.074997
3593.375000 361.163574 0.219000 244.169998
3593.375000 361.372162 0.219000 244.274994
3593.500000 361.580139 0.219000 244.369995
3593.750000 361.788055 0.219000 244.475006
3593.875000 361.788055 0.219000 244.570007
3593.875000 361.996674 0.219000 244.669998
3594.000000 362.205750 0.187000 244.774994
3594.000000 362.435150 0.187000 244.869995
3594.000000 362.644897 0.187000 244.964996
3594.125000 362.854523 0.187000 245.070007
3594.125000 363.064178 0.187000 245.169998
3594.125000 363.303894 0.187000 245.274994
3594.125000 363.513702 0.187000 245.375000
3594.125000 363.723541 0.187000 245.475006
3594.125000 363.933380 0.187000 245.565002
3594.625000 364.143188 0.187000 245.675003
3595.000000 364.352905 0.187000 245.774994
3595.000000 364.562073 0.187000 245.869995
3595.000000 364.770203 0.187000 245.975006
3595.000000 364.977448 0.187000 246.074997
3595.375000 365.184265 0.187000 246.175003
3595.375000 365.390961 0.187000 246.279999
3595.875000 365.390961 0.187000 246.375000
3596.000000 365.607574 0.187000 246.475006
3596.250000 365.824371 0.187000 246.570007
3596.375000 366.031525 0.187000 246.669998
3596.500000 366.238861 0.205000 246.770004
3596.625000 366.475983 0.205000 246.865005
3596.750000 366.683777 0.205000 246.975006
3596.875000 366.892670 0.205000 247.074997
3597.250000 367.102509 0.205000 247.164993
3597.375000 367.312897 0.205000 247.270004
3597.500000 367.513580 0.205000 247.369995
3597.750000 367.713623 0.205000 247.475006
3597.875000 367.918182 0.205000 247.570007
3597.875000 368.120178 0.205000 247.675003
3598.000000 368.120178 0.183000 247.774994
3598.000000 368.337463 0.183000 247.869995
3598.250000 368.555115 0.183000 247.964996
3598.375000 368.761017 0.183000 248.074997
3598.625000 368.761017 0.183000 248.169998
3598.750000 368.965820 0.183000 248.274994
3598.750000 369.185120 0.183000 248.369995
3598.750000 369.185120 0.183000 248.470001
3598.750000 369.396332 0.183000 248.570007
3598.750000 369.637177 0.183000 248.669998
3598.875000 369.637177 0.185000 248.774994
3599.000000 369.856354 0.185000 248.875000
3599.000000 370.089081 0.185000 248.975006
3599.125000 370.089081 0.185000 249.070007
3599.250000 370.304260 0.185000 249.164993
3599.375000 370.510864 0.185000 249.274994
3599.375000 370.510864 0.185000 249.369995
3599.500000 370.716644 0.185000 249.475006
3599.500000 370.921722 0.185000 249.570007
3599.625000 371.126160 0.185000 249.664993
3599.625000 371.126160 0.223000 249.770004
3599.625000 371.330292 0.223000 249.875000
3599.750000 371.533051 0.223000 249.975006
3599.875000 371.533051 0.223000 250.080002
3599.875000 371.733734 0.223000 250.169998
3600.000000 371.733734 0.223000 250.274994
3600.000000 371.733734 0.223000 250.369995
3600.000000 371.733734 0.223000 250.470001
3600.250000 371.733734 0.223000 250.574997
3600.500000 371.940125 0.223000 250.675003
3600.625000 371.940125 0.223000 250.770004
3600.750000 371.940125 0.265000 250.880005
3600.875000 371.940125 0.265000 250.970001
3601.000000 371.940125 0.265000 251.070007
3601.000000 371.940125 0.265000 251.169998
3601.125000 371.940125 0.265000 251.274994
3601.125000 371.940125 0.265000 251.369995
3601.125000 371.940125 0.265000 251.475006
3601.125000 371.940125 0.265000 251.570007
3601.375000 372.143890 0.265000 251.669998
3601.375000 372.143890 0.226000 251.774994
3601.625000 372.347351 0.226000 251.875000
3601.750000 372.561829 0.226000 251.970001
3601.875000 372.768677 0.226000 252.070007
3602.250000 372.972809 0.226000 252.169998
3602.875000 373.179565 0.226000 252.274994
3603.000000 373.388000 0.226000 252.369995
3603.000000 373.597626 0.226000 252.470001
3603.250000 373.797943 0.226000 252.574997
3603.500000 373.998596 0.226000 252.669998
3603.500000 374.199402 0.226000 252.774994
3603.500000 374.400299 0.257000 252.875000
3603.500000 374.601288 0.257000 252.970001
3604.375000 374.802185 0.257000 253.070007
3604.375000 375.002502 0.257000 253.169998
3604.875000 375.212433 0.257000 253.274994
3605.000000 375.212433 0.257000 253.369995
3605.125000 375.432068 0.257000 253.475006
3605.125000 375.651489 0.257000 253.570007
3605.125000 375.861176 0.257000 253.669998
3605.375000 376.070557 0.257000 253.770004
3605.500000 376.280090 0.284000 253.875000
3605.750000 376.489716 0.284000 253.970001
3605.750000 376.728943 0.284000 254.070007
3606.000000 376.938416 0.284000 254.164993
3606.125000 377.148193 0.284000 254.270004
3606.250000 377.348206 0.284000 254.375000
3606.500000 377.548309 0.284000 254.470001
3606.625000 377.748474 0.284000 254.574997
3607.000000 377.958618 0.284000 254.675003
3607.250000 378.168488 0.284000 254.774994
3607.375000 378.378357 0.302000 254.865005
3607.375000 378.588226 0.302000 254.970001
3607.375000 378.798065 0.302000 255.074997
3607.500000 379.007996 0.302000 255.175003
3607.500000 379.007996 0.302000 255.270004
3607.750000 379.247955 0.302000 255.380005
3608.250000 379.467896 0.302000 255.475006
3608.625000 379.677521 0.302000 255.574997
3608.750000 379.917084 0.302000 255.664993
3609.375000 380.126831 0.302000 255.774994
3609.625000 380.336548 0.296000 255.860001
3609.875000 380.537659 0.296000 255.970001
3609.875000 380.738312 0.296000 256.075012
3610.250000 380.738312 0.296000 256.165009
3610.500000 380.942780 0.296000 256.269989
3610.750000 380.942780 0.296000 256.369995
3610.875000 380.942780 0.296000 256.470001
3610.875000 381.143127 0.296000 256.565002
3611.250000 381.143127 0.296000 256.674988
3611.625000 381.143127 0.296000 256.774994
3611.750000 381.143127 0.280000 256.875000
3611.875000 381.143127 0.280000 256.964996
3612.000000 381.143127 0.280000 257.075012
3612.125000 381.143127 0.280000 257.174988
3612.250000 381.143127 0.280000 257.274994
3612.375000 381.143127 0.280000 257.375000
3612.375000 381.143127 0.280000 257.475006
3612.625000 381.143127 0.280000 257.565002
3612.750000 381.143127 0.280000 257.670013
3612.875000 381.143127 0.280000 257.765015
3613.250000 381.143127 0.273000 257.869995
3613.375000 381.143127 0.273000 257.970001
3613.625000 381.143127 0.273000 258.075012
3613.750000 381.143127 0.273000 258.165009
3613.750000 381.143127 0.273000 258.274994
3613.750000 381.143127 0.273000 258.369995
3613.750000 381.143127 0.273000 258.470001
3613.750000 381.143127 0.273000 258.570007
3613.750000 381.348145 0.273000 258.674988
3613.750000 381.550293 0.273000 258.769989
3613.875000 381.550293 0.264000 258.869995
3613.875000 381.769165 0.264000 258.964996
3613.875000 381.970886 0.264000 259.070007
3613.875000 382.177307 0.264000 259.174988
3613.875000 382.385742 0.264000 259.269989
3613.875000 382.635193 0.264000 259.375000
3613.875000 382.835358 0.264000 259.470001
3613.875000 383.045715 0.264000 259.565002
3613.875000 383.245941 0.264000 259.674988
3614.000000 383.455719 0.219000 259.774994
3614.000000 383.675751 0.219000 259.875000
3614.000000 383.876160 0.219000 259.975006
3614.250000 384.076752 0.219000 260.075012
3614.375000 384.277435 0.219000 260.170013
3614.500000 384.478149 0.219000 260.274994
3614.625000 384.678925 0.219000 260.369995
3614.625000 384.879700 0.219000 260.470001
3614.875000 385.080505 0.219000 260.575012
3614.875000 385.281342 0.219000 260.665009
3614.875000 385.482178 0.230000 260.774994
3615.000000 385.683258 0.230000 260.875000
3615.000000 385.883667 0.230000 260.970001
3615.000000 386.088440 0.230000 261.070007
3615.000000 386.294189 0.230000 261.170013
3615.000000 386.294189 0.230000 261.274994
3615.000000 386.500275 0.230000 261.369995
3615.250000 386.719574 0.230000 261.480011
3615.375000 386.926270 0.230000 261.570007
3615.375000 386.926270 0.230000 261.670013
3615.500000 387.131104 0.230000 261.765015
3615.500000 387.335266 0.250000 261.869995
3615.500000 387.539246 0.250000 261.975006
3615.500000 387.539246 0.250000 262.070007
3615.625000 387.743195 0.250000 262.170013
3615.750000 387.948212 0.250000 262.274994
3616.000000 387.948212 0.250000 262.369995
3616.000000 388.159637 0.250000 262.470001
3616.250000 388.376465 0.250000 262.575012
3616.875000 388.577148 0.250000 262.670013
3618.125000 388.577148 0.250000 262.774994
3619.125000 388.777985 0.247000 262.875000
3620.875000 388.980469 0.247000 262.975006
3622.000000 389.183655 0.247000 263.075012
3624.125000 389.183655 0.247000 263.170013
3624.875000 389.387177 0.247000 263.269989
3627.125000 389.591400 0.247000 263.375000
3629.000000 389.591400 0.247000 263.464996
3631.375000 389.796173 0.247000 263.575012
3633.125000 390.001221 0.247000 263.665009
3635.250000 390.206024 0.247000 263.769989
3637.125000 390.406830 0.263000 263.869995
3639.250000 390.612274 0.263000 263.970001
3640.875000 390.815277 0.263000 264.079987
3643.250000 390.815277 0.263000 264.170013
3646.750000 391.021790 0.263000 264.269989
3649.000000 391.240021 0.263000 264.369995
3650.750000 391.459167 0.263000 264.464996
3653.625000 391.668793 0.263000 264.575012
3655.250000 391.878571 0.263000 264.679993
3657.000000 392.088470 0.263000 264.765015
3657.875000 392.318329 0.272000 264.875000
3658.250000 392.538910 0.272000 264.970001
3659.500000 392.739471 0.272000 265.075012
3661.500000 392.739471 0.272000 265.174988
3663.125000 392.962708 0.272000 265.274994
3664.500000 393.181396 0.272000 265.359985
3664.750000 393.181396 0.272000 265.464996
3666.000000 393.395660 0.272000 265.570007
3666.000000 393.601715 0.272000 265.679993
3666.500000 393.807495 0.272000 265.769989
3667.375000 393.807495 0.287000 265.875000
3668.125000 394.013153 0.287000 265.975006
3669.500000 394.225739 0.287000 266.070007
3670.000000 394.225739 0.287000 266.170013
3670.500000 394.430664 0.287000 266.274994
3670.875000 394.637115 0.287000 266.375000
3671.375000 394.837677 0.287000 266.475006
3671.500000 394.837677 0.287000 266.575012
3671.500000 395.039124 0.287000 266.665009
3671.750000 395.241241 0.287000 266.769989
3671.875000 395.443939 0.285000 266.869995
3672.125000 395.443939 0.285000 266.964996
3672.250000 395.647125 0.285000 267.065002
3672.250000 395.851959 0.285000 267.170013
3672.625000 396.058990 0.285000 267.269989
3673.000000 396.058990 0.285000 267.375000
3673.250000 396.277466 0.285000 267.475006
3673.875000 396.487762 0.285000 267.575012
3674.625000 396.693329 0.285000 267.665009
3675.500000 396.921143 0.285000 267.774994
3676.500000 397.160126 0.285000 267.864990
3677.500000 397.389496 0.285000 267.970001
3677.875000 397.599396 0.285000 268.075012
3678.000000 397.799591 0.285000 268.170013
3678.000000 397.999817 0.285000 268.269989
3678.500000 398.209808 0.285000 268.369995
3678.625000 398.419464 0.285000 268.470001
3678.875000 398.419464 0.285000 268.565002
3679.125000 398.837677 0.285000 268.679993
3679.250000 398.837677 0.234000 268.765015
3679.750000 399.047485 0.234000 268.875000
3679.875000 399.267639 0.234000 268.975006
3680.625000 399.477753 0.234000 269.070007
3681.250000 399.677948 0.234000 269.174988
3681.500000 399.878326 0.234000 269.269989
3682.750000 400.085388 0.234000 269.375000
3684.250000 400.294006 0.234000 269.470001
3685.000000 400.500702 0.234000 269.570007
3685.250000 400.704254 0.234000 269.670013
3685.875000 400.704254 0.235000 269.769989
3686.875000 400.910370 0.235000 269.875000
3687.250000 401.128845 0.235000 269.970001
3688.000000 401.128845 0.235000 270.070007
3688.250000 401.338318 0.235000 270.154999
3688.625000 401.578186 0.235000 270.269989
3689.625000 401.578186 0.235000 270.369995
3691.000000 401.796051 0.235000 270.470001
3691.875000 402.006714 0.235000 270.570007
3693.000000 402.210632 0.235000 270.674988
3695.375000 402.210632 0.189000 270.769989
3695.875000 402.415253 0.189000 270.869995
3696.000000 402.620575 0.189000 270.975006
3696.375000 402.822083 0.189000 271.070007
3697.125000 402.822083 0.189000 271.174988
3697.625000 403.026855 0.189000 271.274994
3699.375000 403.234741 0.189000 271.375000
3699.750000 403.448883 0.189000 271.475006
3701.250000 403.655975 0.189000 271.575012
3701.250000 403.863800 0.189000 271.670013
3702.125000 404.082062 0.189000 271.769989
3704.500000 404.291473 0.189000 271.875000
3705.250000 404.521393 0.189000 271.970001
3706.250000 404.721497 0.189000 272.070007
3708.000000 404.921570 0.189000 272.170013
3708.250000 405.122101 0.189000 272.269989
3709.875000 405.323029 0.189000 272.375000
3710.625000 405.534210 0.189000 272.470001
3711.500000 405.735352 0.189000 272.565002
3712.125000 405.935974 0.189000 272.674988
3712.625000 406.146423 0.245000 272.774994
3712.750000 406.347107 0.245000 272.875000
3714.250000 406.548309 0.245000 272.970001
3714.750000 406.749023 0.245000 273.075012
3716.250000 406.949493 0.245000 273.170013
3717.250000 407.150238 0.245000 273.269989
3718.000000 407.351227 0.245000 273.375000
3718.250000 407.552307 0.245000 273.475006
3718.875000 407.753479 0.245000 273.575012
3720.375000 407.954712 0.245000 273.674988
3721.000000 408.156006 0.203000 273.774994
3721.125000 408.364563 0.203000 273.864990
3722.500000 408.568573 0.203000 273.975006
3723.125000 408.568573 0.203000 274.070007
3724.000000 408.781769 0.203000 274.165009
3724.375000 408.781769 0.203000 274.274994
3724.500000 408.983002 0.203000 274.369995
3724.750000 408.983002 0.203000 274.475006
3725.125000 408.983002 0.203000 274.575012
3725.125000 408.983002 0.203000 274.670013
3725.125000 408.983002 0.153000 274.765015
3725.250000 408.983002 0.153000 274.875000
3725.375000 409.183380 0.153000 274.970001
3725.625000 409.183380 0.153000 275.075012
3725.750000 409.183380 0.153000 275.174988
3725.875000 409.183380 0.153000 275.269989
3726.375000 409.183380 0.153000 275.375000
3726.500000 409.183380 0.153000 275.475006
3726.625000 409.183380 0.153000 275.575012
3726.625000 409.183380 0.153000 275.670013
3726.625000 409.183380 0.156000 275.769989
3726.750000 409.183380 0.156000 275.875000
3726.875000 409.183380 0.156000 275.970001
3727.000000 409.183380 0.156000 276.075012
3727.125000 409.183380 0.156000 276.170013
3727.250000 409.183380 0.156000 276.269989
3727.250000 409.183380 0.156000 276.369995
3727.250000 409.183380 0.156000 276.475006
3727.250000 409.183380 0.156000 276.570007
3727.375000 409.183380 0.156000 276.679993
3727.375000 409.183380 0.143000 276.769989
3727.375000 409.183380 0.143000 276.875000
3727.375000 409.385925 0.143000 276.979004
3727.500000 409.385925 0.143000 277.070007
3727.500000 409.591461 0.143000 277.174988
3727.625000 409.833923 0.143000 277.269989
3727.875000 409.833923 0.143000 277.375000
3727.875000 410.034058 0.143000 277.470001
3728.250000 410.239349 0.143000 277.575012
3728.250000 410.443146 0.143000 277.670013
3728.875000 410.443146 0.151000 277.769989
3729.000000 410.661530 0.151000 277.869995
3729.125000 410.865845 0.151000 277.975006
3729.375000 411.071045 0.151000 278.070007
3729.375000 411.071045 0.151000 278.170013
3729.500000 411.272369 0.151000 278.269989
3729.500000 411.522369 0.151000 278.364990
3729.625000 411.727844 0.151000 278.475006
3729.875000 411.930420 0.151000 278.570007
3730.000000 412.136322 0.151000 278.670013
3730.000000 412.344025 0.177000 278.774994
3730.125000 412.551758 0.177000 278.875000
3730.250000 412.759613 0.177000 278.975006
3730.250000 412.759613 0.177000 279.070007
3730.250000 412.987823 0.177000 279.174988
3730.375000 413.196899 0.177000 279.274994
3730.375000 413.406769 0.177000 279.369995
3730.500000 413.607147 0.177000 279.470001
3730.625000 413.807800 0.177000 279.565002
3730.750000 414.008545 0.177000 279.674988
3730.750000 414.209351 0.181000 279.765015
3730.875000 414.410187 0.181000 279.869995
3730.875000 414.610809 0.181000 279.975006
3731.000000 414.820770 0.181000 280.070007
3731.125000 415.060242 0.181000 280.170013
3731.250000 415.279602 0.181000 280.279999
3731.500000 415.489014 0.181000 280.369995
3731.500000 415.708313 0.181000 280.475006
3731.500000 415.917938 0.181000 280.575012
3731.625000 416.127869 0.181000 280.670013
3731.625000 416.327942 0.161000 280.769989
3731.750000 416.528107 0.161000 280.869995
3731.750000 416.728333 0.161000 280.970001
3731.750000 416.928558 0.161000 281.075012
3731.875000 417.128754 0.161000 281.170013
3731.875000 417.328949 0.161000 281.274994
3731.875000 417.529114 0.161000 281.369995
3732.000000 417.738922 0.161000 281.475006
3732.125000 417.948364 0.161000 281.570007
3732.125000 418.157837 0.161000 281.674988
3732.125000 418.157837 0.153000 281.765015
3732.125000 418.387573 0.153000 281.875000
3732.125000 418.607513 0.153000 281.970001
3732.125000 418.817505 0.153000 282.075012
3732.250000 419.027496 0.153000 282.170013
3732.375000 419.277527 0.153000 282.274994
3732.750000 419.507538 0.153000 282.369995
3732.875000 419.717529 0.153000 282.459991
3733.000000 419.927521 0.153000 282.575012
3733.125000 420.137360 0.153000 282.670013
3733.375000 420.346863 0.152000 282.769989
3733.625000 420.555725 0.152000 282.875000
3733.750000 420.555725 0.152000 282.970001
3734.000000 420.783752 0.152000 283.070007
3734.125000 421.001343 0.152000 283.170013
3734.125000 421.208679 0.152000 283.269989
3734.625000 421.435486 0.152000 283.369995
3734.875000 421.671997 0.152000 283.475006
3735.125000 421.879303 0.152000 283.570007
3735.250000 422.087891 0.152000 283.674988
3735.500000 422.297577 0.168000 283.769989
3735.500000 422.497864 0.168000 283.880005
3735.625000 422.698364 0.168000 283.970001
3736.000000 422.899170 0.168000 284.070007
3736.250000 423.100220 0.168000 284.174988
3736.250000 423.301361 0.168000 284.274994
3736.375000 423.502533 0.168000 284.375000
3736.500000 423.703552 0.168000 284.470001
3737.000000 423.904449 0.168000 284.565002
3737.250000 424.112488 0.168000 284.670013
3737.625000 424.321167 0.158000 284.769989
3737.625000 424.321167 0.158000 284.875000
3737.875000 424.546661 0.158000 284.975006
3738.125000 424.751617 0.158000 285.070007
3738.500000 424.957764 0.158000 285.170013
3738.750000 425.180206 0.158000 285.269989
3739.125000 425.385620 0.158000 285.375000
3739.125000 425.385620 0.158000 285.475006
3739.375000 425.589935 0.158000 285.570007
3739.750000 425.792236 0.158000 285.674988
3739.750000 425.994659 0.191000 285.769989
3740.000000 425.994659 0.191000 285.875000
3740.250000 426.197327 0.191000 285.975006
3740.500000 426.415039 0.191000 286.070007
3740.500000 426.415039 0.191000 286.170013
3740.500000 426.618042 0.191000 286.274994
3740.500000 426.851318 0.191000 286.369995
3740.750000 427.054565 0.191000 286.475006
3741.000000 427.054565 0.191000 286.575012
3741.125000 427.257690 0.191000 286.674988
3741.125000 427.468231 0.211000 286.769989
3741.125000 427.468231 0.211000 286.869995
3741.125000 427.682251 0.211000 286.980011
3741.250000 427.919586 0.211000 287.075012
3741.500000 427.919586 0.211000 287.170013
3741.500000 428.122650 0.211000 287.265015
3741.750000 428.324036 0.211000 287.364990
3741.875000 428.525665 0.211000 287.470001
3741.875000 428.525665 0.211000 287.575012
3742.250000 428.743011 0.211000 287.674988
3742.375000 428.945984 0.211000 287.769989
3742.500000 429.149445 0.279000 287.875000
3742.750000 429.149445 0.279000 287.970001
3742.750000 429.353271 0.279000 288.075012
3743.000000 429.579987 0.279000 288.170013
3743.000000 429.579987 0.279000 288.274994
3743.125000 429.801819 0.279000 288.369995
3743.125000 430.030121 0.279000 288.475006
3743.125000 430.232056 0.279000 288.565002
3743.375000 430.441650 0.279000 288.670990
3743.500000 430.645721 0.279000 288.765015
3743.750000 430.852539 0.255000 288.875000
3744.000000 431.060913 0.255000 288.964996
3744.125000 431.269867 0.255000 289.075012
3744.125000 431.269867 0.255000 289.170013
3744.250000 431.508667 0.255000 289.274994
3744.375000 431.718018 0.255000 289.375000
3744.375000 431.927582 0.255000 289.464996
3744.500000 432.137299 0.255000 289.565002
3744.500000 432.347168 0.255000 289.674988
3744.625000 432.557098 0.255000 289.765015
3744.625000 432.766968 0.258000 289.869995
3744.750000 432.996857 0.258000 289.975006
3744.875000 433.206787 0.258000 290.075012
3744.875000 433.416718 0.258000 290.174988
3745.000000 433.626617 0.258000 290.279999
3745.000000 433.836456 0.258000 290.369995
3745.000000 434.046295 0.258000 290.470001
3745.000000 434.256195 0.258000 290.570007
3745.000000 434.466125 0.258000 290.674988
3745.000000 434.466125 0.238000 290.769989
3745.000000 434.676056 0.238000 290.875000
3745.000000 434.915924 0.238000 290.964996
3745.000000 435.125214 0.238000 291.075012
3745.000000 435.333557 0.238000 291.174988
3745.000000 435.541534 0.238000 291.269989
3745.000000 435.780060 0.238000 291.375000
3745.000000 436.019440 0.238000 291.475006
3745.000000 436.229340 0.238000 291.575012
3745.000000 436.429504 0.238000 291.670013
3745.125000 436.629822 0.225000 291.774994
3745.125000 436.830231 0.225000 291.875000
3745.250000 437.030670 0.225000 291.970001
3745.250000 437.231049 0.225000 292.070007
3745.500000 437.431427 0.225000 292.174988
3745.500000 437.631775 0.225000 292.269989
3745.625000 437.832062 0.225000 292.380005
3745.750000 438.032318 0.225000 292.475006
3745.875000 438.232605 0.225000 292.575012
3745.875000 438.432922 0.225000 292.670013
3745.875000 438.633240 0.244000 292.760010
3746.000000 438.833527 0.244000 292.869995
3746.000000 439.033630 0.244000 292.964996
3746.250000 439.243073 0.244000 293.075012
3746.250000 439.451965 0.244000 293.170013
3746.250000 439.660889 0.244000 293.269989
3746.375000 439.660889 0.244000 293.369995
3746.375000 439.880157 0.244000 293.475006
3746.625000 440.099762 0.244000 293.575012
3746.750000 440.309509 0.244000 293.670013
3746.750000 440.519318 0.201000 293.769989
3746.875000 440.729187 0.201000 293.875000
3746.875000 440.939087 0.201000 293.964996
3747.000000 441.149017 0.201000 294.070007
3747.000000 441.378815 0.201000 294.174988
3747.000000 441.618622 0.201000 294.269989
3747.125000 441.828491 0.201000 294.375000
3747.125000 442.038452 0.201000 294.470001
3747.625000 442.248383 0.201000 294.575012
3747.875000 442.458313 0.201000 294.670013
3748.625000 442.668274 0.202000 294.774994
3749.375000 442.668274 0.202000 294.869995
3750.000000 442.888275 0.202000 294.975006
3750.500000 443.108307 0.202000 295.070007
3751.500000 443.318298 0.202000 295.174988
3752.000000 443.518311 0.202000 295.274994
3752.875000 443.728302 0.202000 295.369995
3752.875000 443.938232 0.202000 295.475006
3754.125000 444.148163 0.202000 295.570007
3756.000000 444.377991 0.202000 295.670013
3756.875000 444.587799 0.175000 295.774994
3757.750000 444.797668 0.175000 295.875000
3757.750000 445.007599 0.175000 295.975006
3757.875000 445.217529 0.175000 296.075012
3758.125000 445.427460 0.175000 296.174988
3758.500000 445.637390 0.175000 296.269989
3758.625000 445.847290 0.175000 296.369995
3758.625000 446.057220 0.175000 296.470001
3759.000000 446.267151 0.175000 296.575012
3759.125000 446.267151 0.175000 296.670013
3759.375000 446.517029 0.157000 296.769989
3759.500000 446.726929 0.157000 296.869995
3759.625000 446.936829 0.157000 296.970001
3759.750000 447.146729 0.157000 297.070007
3759.875000 447.386597 0.157000 297.174988
3759.875000 447.596436 0.157000 297.274994
3760.000000 447.816254 0.157000 297.369995
3760.125000 448.026123 0.157000 297.475006
3760.250000 448.235992 0.157000 297.570007
3760.250000 448.445862 0.157000 297.670013
3760.250000 448.655762 0.157000 297.774994
3760.375000 448.655762 0.157000 297.869995
3760.375000 448.865662 0.157000 297.970001
3760.500000 449.105499 0.157000 298.075012
3760.500000 449.315369 0.157000 298.170013
3760.500000 449.525208 0.157000 298.274994
3760.625000 449.734894 0.157000 298.369995
3760.750000 449.974518 0.157000 298.475006
3760.875000 450.184265 0.157000 298.565002
3760.875000 450.414032 0.157000 298.670013
3760.875000 450.623871 0.174000 298.765015
3761.000000 450.833740 0.174000 298.880005
3761.000000 451.043610 0.174000 298.964996
3761.125000 451.253479 0.174000 299.070007
3761.125000 451.463348 0.174000 299.174988
3761.125000 451.463348 0.174000 299.269989
3761.250000 451.693237 0.174000 299.369995
3761.500000 451.903107 0.174000 299.470001
3761.625000 452.112976 0.174000 299.575012
3761.625000 452.322845 0.174000 299.670013
3761.875000 452.532715 0.140000 299.769989
3762.000000 452.742584 0.140000 299.869995
3762.000000 452.962433 0.140000 299.970001
3762.125000 453.172333 0.140000 300.075012
3762.125000 453.382263 0.140000 300.170013
3762.125000 453.592194 0.140000 300.274994
3762.250000 453.802124 0.140000 300.369995
3762.250000 454.012054 0.140000 300.475006
3762.375000 454.221985 0.140000 300.570007
3762.500000 454.431885 0.140000 300.674988
3762.500000 454.641785 0.150000 300.769989
3762.500000 454.851654 0.150000 300.869995
3762.500000 454.851654 0.150000 300.970001
3762.500000 455.071533 0.150000 301.070007
3762.500000 455.281464 0.150000 301.170013
3762.500000 455.511383 0.150000 301.269989
3762.500000 455.721313 0.150000 301.375000
3762.500000 455.931274 0.150000 301.470001
3762.500000 456.171204 0.150000 301.565002
3762.750000 456.381165 0.150000 301.670013
3762.875000 456.591095 0.147000 301.769989
3762.875000 456.800995 0.147000 301.875000
3763.000000 457.010925 0.147000 301.975006
3763.000000 457.220825 0.147000 302.070007
3763.000000 457.430725 0.147000 302.174988
3763.000000 457.640625 0.147000 302.269989
3763.000000 457.640625 0.147000 302.364990
3763.000000 458.060211 0.147000 302.475006
3763.125000 458.060211 0.147000 302.570007
3763.125000 458.279999 0.147000 302.670013
3763.125000 458.499634 0.148000 302.769989
3763.500000 458.700592 0.148000 302.875000
3763.750000 458.902557 0.148000 302.970001
3763.750000 459.107147 0.148000 303.075012
3764.125000 459.311310 0.148000 303.170013
3764.125000 459.311310 0.148000 303.274994
3764.125000 459.511597 0.148000 303.369995
3764.250000 459.725647 0.148000 303.470001
3764.375000 459.725647 0.148000 303.570007
3764.625000 459.931091 0.148000 303.674988
3764.625000 460.136444 0.163000 303.769989
3764.875000 460.338562 0.163000 303.869995
3765.000000 460.544006 0.163000 303.970001
3765.375000 460.752014 0.163000 304.075012
3765.875000 460.956268 0.163000 304.170013
3766.125000 460.956268 0.163000 304.265015
3766.375000 461.183289 0.163000 304.369995
3767.125000 461.402069 0.163000 304.475006
3767.250000 461.611450 0.163000 304.570007
3767.625000 461.817993 0.163000 304.679993
3768.625000 462.024323 0.183000 304.765015
3769.000000 462.266235 0.183000 304.869995
3769.875000 462.468079 0.183000 304.975006
3770.250000 462.468079 0.183000 305.065002
3770.250000 462.670197 0.183000 305.174988
3770.875000 462.880707 0.183000 305.274994
3771.375000 463.087128 0.183000 305.375000
3771.625000 463.087128 0.183000 305.475006
3772.750000 463.291840 0.183000 305.575012
3773.000000 463.503571 0.183000 305.670013
3773.750000 463.503571 0.237000 305.769989
3773.875000 463.722809 0.237000 305.869995
3774.625000 463.942078 0.237000 305.970001
3775.375000 464.148712 0.237000 306.075012
3775.875000 464.351135 0.237000 306.174988
3776.000000 464.351135 0.237000 306.269989
3776.250000 464.575806 0.237000 306.369995
3776.750000 464.778198 0.237000 306.470001
3777.000000 464.983032 0.237000 306.575012
3778.125000 465.188812 0.237000 306.670013
3778.750000 465.424194 0.193000 306.774994
3779.500000 465.640747 0.193000 306.869995
3780.625000 465.858704 0.193000 306.975006
3780.750000 466.067566 0.193000 307.075012
3781.125000 466.276886 0.193000 307.170013
3781.500000 466.486481 0.193000 307.274994
3782.000000 466.696228 0.193000 307.369995
3782.750000 466.696228 0.193000 307.470001
3783.250000 466.936005 0.193000 307.570007
3783.750000 467.145844 0.193000 307.665009
3784.875000 467.355682 0.170000 307.774994
3785.125000 467.565552 0.170000 307.875000
3785.750000 467.775391 0.170000 307.964996
3786.875000 468.015228 0.170000 308.065002
3787.125000 468.225128 0.170000 308.174988
3787.875000 468.435028 0.170000 308.274994
3788.625000 468.654846 0.170000 308.375000
3789.000000 468.864685 0.170000 308.470001
3790.000000 469.074310 0.170000 308.575012
3790.375000 469.283844 0.170000 308.670990
3792.250000 469.493530 0.182000 308.769989
3792.625000 469.493530 0.182000 308.869995
3792.875000 469.723267 0.182000 308.964996
3793.625000 469.943115 0.182000 309.070007
3794.375000 470.153015 0.182000 309.170013
3795.125000 470.362915 0.182000 309.279999
3796.000000 470.572845 0.182000 309.375000
3796.750000 470.782684 0.182000 309.464996
3798.375000 471.032501 0.182000 309.570007
3799.000000 471.242340 0.182000 309.674988
3799.375000 471.452209 0.174000 309.769989
3800.000000 471.661865 0.174000 309.869995
3800.375000 471.870697 0.174000 309.964996
3801.000000 472.078735 0.174000 310.070007
3801.375000 472.286804 0.174000 310.174988
3801.625000 472.286804 0.174000 310.269989
3802.500000 472.515533 0.174000 310.369995
3802.875000 472.734955 0.174000 310.475006
3803.500000 472.944733 0.174000 310.570007
3804.375000 473.154663 0.174000 310.674988
3804.500000 473.354706 0.170000 310.769989
3805.125000 473.554840 0.170000 310.869995
3805.375000 473.755035 0.170000 310.964996
3806.000000 473.955292 0.170000 311.075012
3806.250000 474.155518 0.170000 311.174988
3806.750000 474.355713 0.170000 311.269989
3808.000000 474.555878 0.170000 311.369995
3808.625000 474.756012 0.170000 311.475006
3808.625000 474.956116 0.170000 311.570007
3808.875000 475.156250 0.170000 311.674988
3809.750000 475.356415 0.167000 311.769989
3810.125000 475.556580 0.167000 311.869995
3810.375000 475.766449 0.167000 311.975006
3810.875000 475.976105 0.167000 312.075012
3811.250000 476.185608 0.167000 312.170013
3812.250000 476.415009 0.167000 312.269989
3813.375000 476.624634 0.167000 312.369995
3813.625000 476.834412 0.167000 312.470001
3814.250000 477.044250 0.167000 312.575012
3814.750000 477.254150 0.167000 312.674988
3815.000000 477.464081 0.149000 312.769989
3815.375000 477.673859 0.149000 312.875000
3815.875000 477.673859 0.149000 312.964996
3816.125000 477.903595 0.149000 313.070007
3816.750000 478.143280 0.149000 313.165009
3817.375000 478.382751 0.149000 313.269989
3817.750000 478.612274 0.149000 313.375000
3818.375000 478.821960 0.149000 313.470001
3818.625000 479.031799 0.149000 313.570007
3819.125000 479.241699 0.149000 313.670013
3819.875000 479.451630 0.151000 313.765015
3820.375000 479.661438 0.151000 313.864990
3821.250000 479.870514 0.151000 313.970001
3821.875000 479.870514 0.151000 314.065002
3822.625000 480.286530 0.151000 314.174988
3823.000000 480.286530 0.151000 314.274994
3824.000000 480.523376 0.151000 314.380005
3824.375000 480.741211 0.151000 314.475006
3824.750000 480.990112 0.151000 314.575012
3825.375000 481.199921 0.151000 314.674988
3825.875000 481.420135 0.167000 314.765015
3826.750000 481.620453 0.167000 314.869995
3828.500000 481.830383 0.167000 314.975006
3829.000000 482.040314 0.167000 315.075012
3829.250000 482.240601 0.167000 315.170013
3829.750000 482.441162 0.167000 315.269989
3830.000000 482.641846 0.167000 315.369995
3831.125000 482.842590 0.167000 315.464996
3831.875000 483.043427 0.167000 315.570007
3833.000000 483.244263 0.167000 315.674988
3833.375000 483.445099 0.145000 315.769989
3834.375000 483.645813 0.145000 315.869995
3835.000000 483.846344 0.145000 315.964996
3835.750000 484.046936 0.145000 316.075012
3836.375000 484.247620 0.145000 316.170013
3837.000000 484.448364 0.145000 316.269989
3837.500000 484.649048 0.145000 316.369995
3838.500000 484.849457 0.145000 316.470001
3839.000000 485.049927 0.145000 316.570007
3839.750000 485.250549 0.145000 316.670013
3840.000000 485.451294 0.156000 316.769989
3840.000000 485.652069 0.156000 316.869995
3842.125000 485.852448 0.156000 316.970001
3842.500000 486.057007 0.156000 317.075012
3843.125000 486.261505 0.156000 317.174988
3843.375000 486.261505 0.156000 317.274994
3843.875000 486.463379 0.156000 317.375000
3844.000000 486.675049 0.156000 317.470001
3844.000000 486.675049 0.156000 317.575012
3844.000000 486.902313 0.156000 317.674988
3844.000000 487.106689 0.148000 317.774994
3844.000000 487.312805 0.148000 317.875000
3844.125000 487.312805 0.148000 317.970001
3844.375000 487.513947 0.148000 318.075012
3844.500000 487.716461 0.148000 318.170013
3844.500000 487.716461 0.148000 318.269989
3844.750000 487.942505 0.148000 318.364990
3844.750000 488.147095 0.148000 318.470001
3844.750000 488.352325 0.148000 318.570007
3844.750000 488.352325 0.148000 318.670013
3845.000000 488.558044 0.148000 318.769989
3845.375000 488.767822 0.148000 318.875000
3845.500000 488.972931 0.148000 318.959991
3846.000000 489.180420 0.148000 319.075012
3846.000000 489.383850 0.148000 319.170013
3846.000000 489.589600 0.148000 319.274994
3846.375000 489.796112 0.148000 319.369995
3846.875000 490.002625 0.148000 319.475006
3847.625000 490.002625 0.148000 319.575012
3847.750000 490.208984 0.148000 319.670013
3848.125000 490.426270 0.127000 319.769989
3848.500000 490.634644 0.127000 319.880005
3848.875000 490.842987 0.127000 319.980011
3849.000000 491.051300 0.127000 320.075012
3849.250000 491.260040 0.127000 320.170013
3849.500000 491.469299 0.127000 320.274994
3850.375000 491.738800 0.127000 320.375000
3850.625000 491.948578 0.127000 320.475006
3850.625000 492.158539 0.127000 320.565002
3851.375000 492.358551 0.127000 320.670013
3851.500000 492.558563 0.129000 320.769989
3851.750000 492.768097 0.129000 320.864990
3852.250000 492.976837 0.129000 320.975006
3852.750000 492.976837 0.129000 321.065002
3854.000000 493.184784 0.129000 321.170013
3854.375000 493.411774 0.129000 321.274994
3855.625000 493.618805 0.129000 321.380005
3856.875000 493.826721 0.129000 321.475006
3857.625000 494.035553 0.129000 321.579987
3858.250000 494.244965 0.129000 321.674988
3859.875000 494.494843 0.114000 321.774994
3860.375000 494.704803 0.114000 321.875000
3861.250000 494.914490 0.114000 321.970001
3861.875000 495.124207 0.114000 322.075012
3862.500000 495.324280 0.114000 322.170013
3863.500000 495.524628 0.114000 322.269989
3865.250000 495.725128 0.114000 322.369995
3866.000000 495.925690 0.114000 322.480011
3867.625000 496.126282 0.114000 322.570007
3868.875000 496.326904 0.114000 322.674988
3871.000000 496.527557 0.121000 322.774994
3874.250000 496.728058 0.121000 322.875000
3877.500000 496.928253 0.121000 322.970001
3880.625000 497.138092 0.121000 323.075012
3885.375000 497.347748 0.121000 323.174988
3889.750000 497.556976 0.121000 323.279999
3897.750000 497.766235 0.121000 323.375000
3906.250000 497.974762 0.121000 323.475006
3914.750000 497.974762 0.121000 323.559998
3926.125000 498.179321 0.121000 323.674988
3937.125000 498.392151 0.151000 323.769989
3945.750000 498.634888 0.151000 323.875000
3954.750000 498.840668 0.151000 323.975006
3961.000000 499.047699 0.151000 324.075012
3969.375000 499.251404 0.151000 324.170013
3974.500000 499.458008 0.151000 324.274994
3979.875000 499.458008 0.151000 324.369995
3985.875000 499.686127 0.151000 324.475006
3991.625000 499.894714 0.151000 324.570007
3997.375000 500.101166 0.151000 324.674988
4003.250000 500.308960 0.174000 324.774994
4008.875000 500.520966 0.174000 324.864990
4015.500000 500.724396 0.174000 324.975006
4019.875000 500.928955 0.174000 325.065002
4023.375000 501.130951 0.174000 325.170013
4028.875000 501.336853 0.174000 325.265015
4033.000000 501.544800 0.174000 325.369995
4038.250000 501.544800 0.174000 325.464996
4041.500000 501.753784 0.174000 325.565002
4045.125000 502.003265 0.174000 325.674988
4050.000000 502.213165 0.179000 325.769989
4052.375000 502.413208 0.179000 325.869995
4055.125000 502.613220 0.179000 325.975006
4057.875000 502.823151 0.179000 326.075012
4060.125000 503.032837 0.179000 326.170013
4063.375000 503.272552 0.179000 326.274994
4066.375000 503.482422 0.179000 326.375000
4067.375000 503.702271 0.179000 326.464996
4071.375000 503.911621 0.179000 326.570007
4073.250000 504.121033 0.179000 326.674988
4076.125000 504.330658 0.167000 326.769989
4078.750000 504.540436 0.167000 326.869995
4080.375000 504.750275 0.167000 326.970001
4082.875000 504.750275 0.167000 327.070007
4085.750000 504.980133 0.167000 327.174988
4087.375000 505.190033 0.167000 327.274994
4089.375000 505.399994 0.167000 327.375000
4091.625000 505.609955 0.167000 327.475006
4094.875000 505.819733 0.167000 327.575012
4096.875000 506.029510 0.167000 327.670013
4098.500000 506.269287 0.155000 327.769989
4099.875000 506.479095 0.155000 327.875000
4101.625000 506.688873 0.155000 327.975006
4103.375000 506.908691 0.155000 328.070007
4104.375000 507.118530 0.155000 328.170013
4106.000000 507.328369 0.155000 328.269989
4108.250000 507.538208 0.155000 328.375000
4109.875000 507.748016 0.155000 328.475006
4110.750000 507.748016 0.155000 328.570007
4112.500000 507.957855 0.155000 328.670013
4114.375000 508.177704 0.169000 328.769989
4115.250000 508.397583 0.169000 328.869995
4116.750000 508.607483 0.169000 328.964996
4117.500000 508.814484 0.169000 329.070007
4119.500000 509.014618 0.169000 329.170013
4120.500000 509.221039 0.169000 329.274994
4121.250000 509.423492 0.169000 329.369995
4122.000000 509.423492 0.169000 329.475006
4122.625000 509.628693 0.169000 329.570007
4124.125000 509.832642 0.169000 329.665009
4125.125000 510.037384 0.146000 329.774994
4125.625000 510.037384 0.146000 329.875000
4128.500000 510.243195 0.146000 329.975006
4130.000000 510.448486 0.146000 330.065002
4132.375000 510.448486 0.146000 330.165009
4134.375000 510.651886 0.146000 330.274994
4136.250000 510.875458 0.146000 330.369995
4137.375000 511.076233 0.146000 330.480011
4139.375000 511.076233 0.146000 330.565002
4140.250000 511.277283 0.147000 330.665009
4141.750000 511.479218 0.147000 330.765015
4143.000000 511.479218 0.147000 330.864990
4145.500000 511.682556 0.147000 330.964996
4147.625000 511.886688 0.147000 331.075012
4149.375000 512.091370 0.147000 331.170013
4150.250000 512.293396 0.147000 331.269989
4152.750000 512.293396 0.147000 331.375000
4155.625000 512.509033 0.147000 331.470001
4158.000000 512.713379 0.147000 331.570007
4160.375000 512.915649 0.147000 331.674988
4163.000000 513.117432 0.162000 331.769989
4165.125000 513.347656 0.162000 331.864990
4168.000000 513.347656 0.162000 331.964996
4170.250000 513.551208 0.162000 332.075012
4173.750000 513.753296 0.162000 332.170013
4176.875000 513.959045 0.162000 332.269989
4179.250000 514.164307 0.162000 332.369995
4182.500000 514.164307 0.162000 332.470001
4186.250000 514.369812 0.162000 332.570007
4189.125000 514.590820 0.162000 332.670013
4191.750000 514.590820 0.171000 332.774994
4194.250000 514.805969 0.171000 332.864990
4198.375000 515.007080 0.171000 332.964996
4202.875000 515.226135 0.171000 333.070007
4208.250000 515.426880 0.171000 333.174988
4212.750000 515.632324 0.171000 333.265015
4218.625000 515.840271 0.171000 333.359985
4223.875000 516.049561 0.171000 333.475006
4231.750000 516.259521 0.171000 333.575012
4237.125000 516.459778 0.171000 333.670013
4242.625000 516.660034 0.182000 333.774994
4247.625000 516.860229 0.182000 333.875000
4253.750000 517.060242 0.182000 333.975006
4260.500000 517.270203 0.182000 334.070007
4267.375000 517.470276 0.182000 334.170013
4274.625000 517.670349 0.182000 334.269989
4281.750000 517.870361 0.182000 334.369995
4289.625000 518.080078 0.182000 334.480011
4295.750000 518.289734 0.182000 334.570007
4301.875000 518.499329 0.182000 334.674988
4309.625000 518.499329 0.202000 334.765015
4313.250000 518.708740 0.202000 334.875000
4316.375000 518.928284 0.202000 334.964996
4319.250000 519.138000 0.202000 335.070007
4321.625000 519.347778 0.202000 335.170013
4323.625000 519.557556 0.202000 335.269989
4325.250000 519.787231 0.202000 335.371002
4326.375000 520.016663 0.202000 335.475006
4329.000000 520.225952 0.202000 335.570007
4331.000000 520.435425 0.202000 335.674988
4332.250000 520.645081 0.202000 335.769989
4334.125000 520.854858 0.234000 335.869995
4335.750000 521.064697 0.234000 335.975006
4337.125000 521.274597 0.234000 336.065002
4337.875000 521.484253 0.234000 336.170013
4339.000000 521.484253 0.234000 336.269989
4341.500000 521.693481 0.234000 336.369995
4341.750000 521.922974 0.234000 336.475006
4342.500000 522.132690 0.234000 336.570007
4344.750000 522.342468 0.234000 336.674988
4346.625000 522.542603 0.204000 336.765015
4347.250000 522.742676 0.204000 336.869995
4348.500000 522.942688 0.204000 336.975006
4349.500000 523.143616 0.204000 337.065002
4351.625000 523.348389 0.204000 337.170013
4352.750000 523.549011 0.204000 337.269989
4354.000000 523.750671 0.204000 337.369995
4354.625000 523.959595 0.204000 337.470001
4355.875000 524.168823 0.204000 337.570007
4356.750000 524.378601 0.204000 337.674988
4357.875000 524.583435 0.201000 337.769989
4358.625000 524.784790 0.201000 337.875000
4359.625000 524.984802 0.201000 337.975006
4361.250000 525.184875 0.201000 338.070007
4361.375000 525.398254 0.201000 338.165009
4361.750000 525.618103 0.201000 338.274994
4362.750000 525.827881 0.201000 338.369995
4362.875000 526.067688 0.201000 338.480011
4363.250000 526.276978 0.201000 338.570007
4364.375000 526.482971 0.201000 338.674988
4364.875000 526.683411 0.168000 338.774994
4366.000000 526.683411 0.168000 338.869995
4367.000000 526.884460 0.168000 338.975006
4367.250000 527.090149 0.168000 339.070007
4368.000000 527.291138 0.168000 339.174988
4368.750000 527.291138 0.168000 339.260010
4369.375000 527.494446 0.168000 339.375000
4369.875000 527.712402 0.168000 339.480011
4370.500000 527.712402 0.168000 339.575012
4370.625000 527.912415 0.168000 339.670013
4370.875000 527.912415 0.160000 339.769989
4371.500000 527.912415 0.160000 339.875000
4371.625000 527.912415 0.160000 339.970001
4371.750000 527.912415 0.160000 340.075012
4372.000000 527.912415 0.160000 340.170013
4372.375000 527.912415 0.160000 340.274994
4372.375000 527.912415 0.160000 340.369995
4372.500000 527.912415 0.160000 340.480011
4372.875000 527.912415 0.160000 340.570007
4373.000000 527.912415 0.160000 340.670013
4373.375000 527.912415 0.162000 340.769989
4373.625000 527.912415 0.162000 340.869995
4374.500000 527.912415 0.162000 340.975006
4374.500000 527.912415 0.162000 341.065002
4374.625000 527.912415 0.162000 341.174988
4374.875000 527.912415 0.162000 341.274994
4375.750000 527.912415 0.162000 341.369995
4375.875000 527.912415 0.162000 341.459991
4375.875000 527.912415 0.162000 341.565002
4377.000000 527.912415 0.162000 341.670013
4377.750000 527.912415 0.155000 341.774994
4378.125000 527.912415 0.155000 341.869995
4379.250000 527.912415 0.155000 341.975006
4379.625000 527.912415 0.155000 342.075012
4379.750000 527.912415 0.155000 342.170013
4380.625000 527.912415 0.155000 342.269989
4381.625000 527.912415 0.155000 342.369995
4382.375000 527.912415 0.155000 342.475006
4382.875000 527.912415 0.155000 342.570007
4383.375000 527.912415 0.155000 342.679993
4384.000000 527.912415 0.156000 342.769989
4384.875000 527.912415 0.156000 342.875000
4385.500000 527.912415 0.156000 342.975006
4385.875000 527.912415 0.156000 343.075012
4386.750000 527.912415 0.156000 343.174988
4387.125000 527.912415 0.156000 343.274994
4387.750000 527.912415 0.156000 343.380005
4387.875000 527.912415 0.156000 343.470001
4388.000000 527.912415 0.156000 343.570007
4388.750000 527.912415 0.156000 343.670013
4389.625000 527.912415 0.146000 343.774994
4390.000000 527.912415 0.146000 343.869995
4390.250000 527.912415 0.146000 343.970001
4390.625000 527.912415 0.146000 344.075012
4391.625000 527.912415 0.146000 344.174988
4392.125000 527.912415 0.146000 344.274994
4392.375000 527.912415 0.146000 344.364990
4393.375000 527.912415 0.146000 344.480011
4393.875000 527.912415 0.146000 344.565002
4394.375000 527.912415 0.146000 344.665009
4395.375000 527.912415 0.159000 344.765015
4396.500000 527.912415 0.159000 344.869995
4396.625000 527.912415 0.159000 344.970001
4396.750000 527.912415 0.159000 345.065002
4398.250000 527.912415 0.159000 345.170013
4399.000000 527.912415 0.159000 345.274994
4399.500000 527.912415 0.159000 345.369995
4399.750000 527.912415 0.159000 345.470001
4401.000000 527.912415 0.159000 345.570007
4401.500000 527.912415 0.159000 345.670013
4401.875000 527.912415 0.153000 345.769989
4402.875000 527.912415 0.153000 345.875000
4403.500000 527.912415 0.153000 345.975006
4404.250000 527.912415 0.153000 346.079987
4404.750000 527.912415 0.153000 346.174988
4405.125000 527.912415 0.153000 346.274994
4405.750000 527.912415 0.153000 346.375000
4405.875000 527.912415 0.153000 346.475006
4407.250000 527.912415 0.153000 346.570007
4408.000000 527.912415 0.153000 346.674988
4408.375000 527.912415 0.151000 346.765015
4408.625000 527.912415 0.151000 346.880005
4409.500000 527.912415 0.151000 346.970001
4409.875000 527.912415 0.151000 347.070007
4410.125000 527.912415 0.151000 347.174988
4410.625000 527.912415 0.151000 347.269989
4411.750000 527.912415 0.151000 347.369995
4412.500000 527.912415 0.151000 347.475006
4412.750000 527.912415 0.151000 347.570007
4413.375000 527.912415 0.151000 347.670013
4414.000000 527.912415 0.165000 347.774994
4414.750000 527.912415 0.165000 347.869995
4415.250000 527.912415 0.165000 347.975006
4415.375000 527.912415 0.165000 348.075012
4416.250000 527.912415 0.165000 348.170013
4417.000000 527.912415 0.165000 348.274994
4417.875000 527.912415 0.165000 348.364990
4417.875000 527.912415 0.165000 348.470001
4418.125000 527.912415 0.165000 348.570007
4419.500000 527.912415 0.165000 348.670013
4419.625000 527.912415 0.151000 348.774994
4419.750000 527.912415 0.151000 348.880005
4420.250000 527.912415 0.151000 348.970001
4421.000000 527.912415 0.151000 349.070007
4421.125000 527.912415 0.151000 349.170013
4421.500000 527.912415 0.151000 349.269989
4421.750000 527.912415 0.151000 349.375000
4422.375000 527.912415 0.151000 349.475006
4423.000000 527.912415 0.151000 349.570007
4423.125000 527.912415 0.151000 349.670013
4423.875000 527.912415 0.152000 349.774994
4423.875000 527.912415 0.152000 349.875000
4424.125000 527.912415 0.152000 349.970001
4424.250000 527.912415 0.152000 350.070007
4425.000000 527.912415 0.152000 350.160004
4425.000000 527.912415 0.152000 350.269989
4425.375000 527.912415 0.152000 350.369995
4425.875000 527.912415 0.152000 350.475006
4426.625000 527.912415 0.152000 350.570007
4426.625000 527.912415 0.152000 350.674988
4427.250000 527.912415 0.150000 350.774994
4427.750000 527.912415 0.150000 350.869995
4428.625000 527.912415 0.150000 350.975006
4428.875000 527.912415 0.150000 351.075012
4429.375000 527.912415 0.150000 351.170013
4429.500000 527.912415 0.150000 351.265015
4430.375000 527.912415 0.150000 351.364990
4430.625000 527.912415 0.150000 351.475006
4431.375000 527.912415 0.150000 351.575012
4431.500000 527.912415 0.150000 351.670013
4432.125000 527.912415 0.166000 351.765015
4433.000000 527.912415 0.166000 351.875000
4433.375000 527.912415 0.166000 351.970001
4433.875000 527.912415 0.166000 352.059998
4434.000000 527.912415 0.166000 352.174988
4434.500000 527.912415 0.166000 352.279999
4435.250000 527.912415 0.166000 352.369995
4435.500000 527.912415 0.166000 352.470001
4435.875000 527.912415 0.166000 352.575012
4436.500000 527.912415 0.166000 352.670013
4436.625000 527.912415 0.170000 352.769989
4437.125000 527.912415 0.170000 352.875000
4437.625000 527.912415 0.170000 352.970001
4437.750000 527.912415 0.170000 353.065002
4438.000000 527.912415 0.170000 353.174988
4438.500000 527.912415 0.170000 353.269989
4439.000000 527.912415 0.170000 353.359985
4439.250000 527.912415 0.170000 353.475006
4439.625000 527.912415 0.170000 353.565002
4440.375000 527.912415 0.170000 353.670013
4440.875000 527.912415 0.148000 353.769989
4441.000000 527.912415 0.148000 353.869995
4441.250000 527.912415 0.148000 353.975006
4442.250000 527.912415 0.148000 354.075012
4442.500000 527.912415 0.148000 354.174988
4442.625000 527.912415 0.148000 354.269989
4443.000000 527.912415 0.148000 354.375000
4443.625000 527.912415 0.148000 354.470001
4444.000000 527.912415 0.148000 354.565002
4444.125000 527.912415 0.148000 354.674988
4444.750000 527.912415 0.144000 354.774994
4445.000000 527.912415 0.144000 354.869995
4445.375000 527.912415 0.144000 354.970001
4445.625000 527.912415 0.144000 355.075012
4446.000000 527.912415 0.144000 355.165009
4446.375000 527.912415 0.144000 355.274994
4446.625000 527.912415 0.144000 355.369995
4446.625000 527.912415 0.144000 355.475006
4446.750000 527.912415 0.144000 355.570007
4447.000000 527.912415 0.144000 355.665009
4447.375000 527.912415 0.140000 355.769989
4447.500000 527.912415 0.140000 355.869995
4447.875000 527.912415 0.140000 355.975006
4448.000000 527.912415 0.140000 356.065002
4448.250000 527.912415 0.140000 356.174988
4448.375000 527.912415 0.140000 356.274994
4448.625000 527.912415 0.140000 356.369995
4448.750000 527.912415 0.140000 356.475006
4448.875000 527.912415 0.140000 356.570007
4449.000000 527.912415 0.140000 356.670013
4449.125000 527.912415 0.147000 356.765015
4449.250000 527.912415 0.147000 356.875000
4449.500000 527.912415 0.147000 356.970001
4449.750000 527.912415 0.147000 357.065002
4450.125000 527.912415 0.147000 357.170013
4450.250000 527.912415 0.147000 357.274994
4450.250000 527.912415 0.147000 357.375000
4450.500000 527.912415 0.147000 357.470001
4450.875000 527.912415 0.147000 357.565002
4450.875000 527.912415 0.147000 357.665009
4451.000000 527.912415 0.147000 357.769989
4451.000000 527.912415 0.147000 357.864990
4451.375000 527.912415 0.147000 357.970001
4451.500000 527.912415 0.147000 358.075012
4451.625000 527.912415 0.147000 358.170013
4451.625000 527.912415 0.147000 358.274994
4451.750000 527.912415 0.147000 358.369995
4451.750000 527.912415 0.147000 358.475006
4451.875000 527.912415 0.147000 358.570007
4451.875000 527.912415 0.147000 358.670013
4452.000000 527.912415 0.140000 358.769989
4452.000000 527.912415 0.140000 358.864990
4452.125000 527.912415 0.140000 358.970001
4452.375000 527.912415 0.140000 359.075012
4452.500000 527.912415 0.140000 359.170013
4452.500000 527.912415 0.140000 359.274994
4452.750000 527.912415 0.140000 359.369995
4452.750000 527.912415 0.140000 359.470001
4453.000000 527.912415 0.140000 359.575012
4453.125000 527.912415 0.140000 359.665009
4453.500000 527.912415 0.141000 359.774994
4472.000000 527.912415 0.141000 359.875000
4492.875000 527.912415 0.141000 359.970001
4493.000000 527.912415 0.141000 360.065002
4493.000000 527.912415 0.141000 360.174988
4493.125000 527.912415 0.141000 360.269989
4493.125000 527.912415 0.141000 360.369995
4493.125000 527.912415 0.141000 360.475006
4493.125000 527.912415 0.141000 360.570007
4493.250000 527.912415 0.141000 360.670013
4493.375000 527.912415 0.168000 360.774994
4493.625000 527.912415 0.168000 360.864990
4493.875000 527.912415 0.168000 360.975006
4494.000000 527.912415 0.168000 361.075012
4494.250000 527.912415 0.168000 361.179993
4494.750000 527.912415 0.168000 361.279999
4494.875000 527.912415 0.168000 361.375000
4495.000000 527.912415 0.168000 361.480011
4495.000000 527.912415 0.168000 361.570007
4495.750000 527.912415 0.168000 361.674988
4495.875000 527.912415 0.159000 361.774994
4496.000000 527.912415 0.159000 361.869995
4496.500000 527.912415 0.159000 361.975006
4496.625000 527.912415 0.159000 362.070007
4496.625000 527.912415 0.159000 362.174988
4497.000000 527.912415 0.159000 362.269989
4497.125000 527.912415 0.159000 362.369995
4497.250000 527.912415 0.159000 362.470001
4497.750000 527.912415 0.159000 362.570007
4497.750000 527.912415 0.159000 362.670013
4497.875000 527.912415 0.153000 362.774994
4498.250000 527.912415 0.153000 362.864990
4498.500000 527.912415 0.153000 362.970001
4498.500000 527.912415 0.153000 363.070007
4498.625000 527.912415 0.153000 363.170013
4498.750000 527.912415 0.153000 363.269989
4499.250000 527.912415 0.153000 363.380005
4499.250000 527.912415 0.153000 363.470001
4499.375000 527.912415 0.153000 363.570007
4499.625000 527.912415 0.153000 363.674988
4499.625000 527.912415 0.157000 363.769989
4499.875000 527.912415 0.157000 363.875000
4499.875000 527.912415 0.157000 363.975006
4500.250000 527.912415 0.157000 364.070007
4500.500000 527.912415 0.157000 364.165009
4500.500000 527.912415 0.157000 364.269989
4500.750000 527.912415 0.157000 364.364990
4500.875000 527.912415 0.157000 364.470001
4501.500000 527.912415 0.157000 364.570007
4501.500000 527.912415 0.157000 364.670013
4501.875000 527.912415 0.146000 364.765015
4502.000000 527.912415 0.146000 364.875000
4502.375000 527.912415 0.146000 364.970001
4502.375000 527.912415 0.146000 365.075012
4502.625000 527.912415 0.146000 365.170013
4503.125000 527.912415 0.146000 365.274994
4503.125000 527.912415 0.146000 365.369995
4503.250000 527.912415 0.146000 365.475006
4503.250000 527.912415 0.146000 365.570007
4503.250000 527.912415 0.146000 365.670013
4503.250000 527.912415 0.141000 365.769989
4503.250000 527.912415 0.141000 365.869995
4503.250000 527.912415 0.141000 365.970001
4503.250000 527.912415 0.141000 366.075012
4503.500000 527.912415 0.141000 366.174988
4503.500000 527.912415 0.141000 366.269989
4503.625000 527.912415 0.141000 366.369995
4503.750000 527.912415 0.141000 366.475006
4503.875000 527.912415 0.141000 366.570007
4504.000000 527.912415 0.141000 366.674988
4504.125000 527.912415 0.169000 366.774994
4504.500000 527.912415 0.169000 366.880005
4504.500000 527.912415 0.169000 366.964996
4504.625000 527.912415 0.169000 367.075012
4504.750000 527.912415 0.169000 367.174988
4504.750000 527.912415 0.169000 367.274994
4504.875000 527.912415 0.169000 367.375000
4505.000000 527.912415 0.169000 367.459991
4505.000000 527.912415 0.169000 367.570007
4505.375000 527.912415 0.169000 367.670013
4505.375000 527.912415 0.144000 367.774994
4505.625000 527.912415 0.144000 367.869995
4505.750000 527.912415 0.144000 367.959991
4505.875000 527.912415 0.144000 368.065002
4506.000000 527.912415 0.144000 368.170013
4506.250000 527.912415 0.144000 368.269989
4506.625000 527.912415 0.144000 368.369995
4506.750000 527.912415 0.144000 368.470001
4506.750000 527.912415 0.144000 368.559998
4507.125000 527.912415 0.144000 368.670013
4507.250000 527.912415 0.146000 368.769989
4507.375000 527.912415 0.146000 368.875000
4507.750000 527.912415 0.146000 368.975006
4507.750000 527.912415 0.146000 369.070007
4507.875000 527.912415 0.146000 369.165009
4508.125000 527.912415 0.146000 369.265015
4508.125000 527.912415 0.146000 369.364990
4508.250000 527.912415 0.146000 369.480011
4508.375000 527.912415 0.146000 369.575012
4508.750000 527.912415 0.146000 369.674988
4508.875000 527.912415 0.148000 369.765015
4508.875000 527.912415 0.148000 369.869995
4508.875000 527.912415 0.148000 369.970001
4509.250000 527.912415 0.148000 370.070007
4509.375000 527.912415 0.148000 370.170013
4509.500000 527.912415 0.148000 370.269989
4509.625000 527.912415 0.148000 370.369995
4509.625000 527.912415 0.148000 370.464996
4510.125000 527.912415 0.148000 370.565002
4510.375000 527.912415 0.148000 370.670013
4510.750000 527.912415 0.153000 370.769989
4511.250000 527.912415 0.153000 370.869995
4511.250000 527.912415 0.153000 370.975006
4511.875000 527.912415 0.153000 371.075012
4512.000000 527.912415 0.153000 371.165009
4512.000000 527.912415 0.153000 371.274994
4512.750000 527.912415 0.153000 371.375000
4512.875000 527.912415 0.153000 371.464996
4512.875000 527.912415 0.153000 371.570007
4513.250000 527.912415 0.153000 371.674988
4513.500000 527.912415 0.153000 371.769989
4513.750000 527.912415 0.153000 371.864990
4513.875000 527.912415 0.153000 371.970001
4513.875000 527.912415 0.153000 372.070007
4514.125000 527.912415 0.153000 372.170013
4514.375000 527.912415 0.153000 372.274994
4514.500000 527.912415 0.153000 372.375000
4515.000000 527.912415 0.153000 372.475006
4515.125000 527.912415 0.153000 372.570007
4515.375000 527.912415 0.153000 372.674988
4515.500000 527.912415 0.153000 372.765015
4515.500000 527.912415 0.153000 372.875000
4516.000000 527.912415 0.153000 372.970001
4516.000000 527.912415 0.153000 373.075012
4516.125000 527.912415 0.153000 373.170013
4516.125000 527.912415 0.153000 373.274994
