69.250000 0.000000 0.107000 0.025000
91.875000 0.000000 0.107000 0.130000
106.125000 0.204900 0.107000 0.230000
118.125000 0.408784 0.107000 0.335000
128.375000 0.631564 0.107000 0.430000
138.250000 0.834307 0.107000 0.530000
149.625000 1.040555 0.107000 0.630000
157.625000 1.248554 0.107000 0.730000
166.500000 1.457433 0.081000 0.830000
174.250000 1.666779 0.081000 0.925000
181.500000 1.876387 0.081000 1.035000
188.875000 2.086150 0.081000 1.130000
195.875000 2.296007 0.081000 1.230000
202.750000 2.296007 0.081000 1.330000
210.375000 2.515876 0.081000 1.425000
218.500000 2.725745 0.081000 1.530000
227.625000 2.935601 0.081000 1.620000
238.125000 3.145429 0.081000 1.730000
248.500000 3.355243 0.147000 1.825000
260.500000 3.565061 0.147000 1.925000
272.000000 3.774890 0.147000 2.025000
287.125000 4.014745 0.147000 2.125000
299.625000 4.234618 0.147000 2.230000
313.250000 4.444545 0.147000 2.325000
325.250000 4.654510 0.147000 2.425000
336.125000 4.864468 0.147000 2.530000
346.500000 5.074266 0.147000 2.635000
357.625000 5.283906 0.147000 2.735000
365.375000 5.493584 0.147000 2.830000
375.125000 5.493584 0.211000 2.930000
383.375000 5.703347 0.211000 3.025000
391.875000 5.933162 0.211000 3.125000
399.625000 6.142995 0.211000 3.225000
406.000000 6.362754 0.211000 3.330000
413.500000 6.602439 0.211000 3.425000
422.250000 6.812228 0.211000 3.525000
429.375000 7.022056 0.211000 3.630000
436.500000 7.231913 0.211000 3.730000
444.875000 7.441777 0.211000 3.830000
449.750000 7.651661 0.190000 3.930000
458.125000 7.861236 0.190000 4.025000
463.500000 8.070143 0.190000 4.130000
470.125000 8.278343 0.190000 4.230000
478.250000 8.278343 0.190000 4.325000
484.750000 8.505577 0.190000 4.425000
491.625000 8.712446 0.190000 4.530000
496.500000 8.919232 0.190000 4.630000
502.125000 9.127140 0.190000 4.730000
506.250000 9.336084 0.189000 4.830000
509.000000 9.545713 0.189000 4.930000
511.875000 9.745803 0.189000 5.025000
515.500000 9.946178 0.189000 5.130000
518.750000 10.146715 0.189000 5.230000
522.250000 10.347344 0.189000 5.330000
524.750000 10.547977 0.189000 5.420000
528.125000 10.748588 0.189000 5.515000
533.125000 10.949163 0.189000 5.630000
536.125000 11.179798 0.189000 5.730000
539.250000 11.400394 0.179000 5.825000
541.875000 11.600929 0.179000 5.930000
544.875000 11.811336 0.179000 6.025000
548.500000 12.021256 0.179000 6.135000
552.125000 12.230997 0.179000 6.230000
556.750000 12.440684 0.179000 6.335000
560.875000 12.650293 0.179000 6.430000
562.875000 12.860070 0.179000 6.530000
567.875000 13.069977 0.179000 6.630000
570.375000 13.279935 0.179000 6.730000
573.500000 13.479940 0.174000 6.830000
576.750000 13.679989 0.174000 6.930000
578.875000 13.679989 0.174000 7.025000
584.000000 13.880052 0.174000 7.130000
587.875000 14.090014 0.174000 7.225000
590.250000 14.309919 0.174000 7.325000
593.875000 14.519863 0.174000 7.430000
596.750000 14.729859 0.174000 7.530000
599.500000 14.929893 0.174000 7.635000
601.750000 15.139877 0.174000 7.725000
603.750000 15.349775 0.181000 7.830000
607.125000 15.559634 0.181000 7.930000
610.875000 15.809259 0.181000 8.025000
614.000000 16.018452 0.181000 8.130000
617.125000 16.227388 0.181000 8.225000
619.625000 16.436592 0.181000 8.325000
622.625000 16.646067 0.181000 8.420000
625.875000 16.855700 0.181000 8.530000
627.875000 17.065445 0.181000 8.625000
631.750000 17.065445 0.181000 8.720000
634.500000 17.295284 0.165000 8.830000
637.375000 17.505161 0.165000 8.925000
641.750000 17.715061 0.165000 9.030000
643.750000 17.924992 0.165000 9.125000
645.625000 18.134924 0.165000 9.225000
648.875000 18.374863 0.165000 9.330000
653.125000 18.584814 0.165000 9.420000
656.125000 18.794773 0.165000 9.530000
659.625000 19.004723 0.165000 9.630000
662.250000 19.214674 0.165000 9.725000
664.375000 19.424612 0.161000 9.820000
667.625000 19.634560 0.161000 9.925000
670.250000 19.844517 0.161000 10.035000
673.375000 20.054487 0.161000 10.135000
677.000000 20.264465 0.161000 10.230000
679.750000 20.464481 0.161000 10.330000
683.750000 20.664484 0.161000 10.435000
686.375000 20.874451 0.161000 10.530000
689.000000 21.084398 0.161000 10.635000
692.250000 21.084398 0.161000 10.730000
694.875000 21.294312 0.170000 10.825000
698.125000 21.504238 0.170000 10.920000
700.875000 21.724205 0.170000 11.025000
703.625000 21.964174 0.170000 11.130000
707.875000 22.174168 0.170000 11.230000
710.125000 22.384130 0.170000 11.335000
712.625000 22.594090 0.170000 11.430000
715.750000 22.804049 0.170000 11.525000
718.625000 23.014015 0.170000 11.630000
721.750000 23.224014 0.170000 11.730000
723.625000 23.434013 0.158000 11.820000
727.000000 23.644003 0.158000 11.920000
729.750000 23.853973 0.158000 12.025000
732.750000 24.063971 0.158000 12.120000
735.750000 24.273968 0.158000 12.230000
738.875000 24.273968 0.158000 12.325000
741.125000 24.493963 0.158000 12.425000
744.125000 24.713961 0.158000 12.520000
745.625000 24.923954 0.158000 12.625000
749.000000 25.133911 0.158000 12.715000
751.750000 25.343868 0.150000 12.820000
753.750000 25.563761 0.150000 12.930000
756.500000 25.783295 0.150000 13.025000
759.625000 25.992773 0.150000 13.125000
762.000000 26.202414 0.150000 13.225000
764.000000 26.412180 0.150000 13.325000
765.500000 26.621920 0.150000 13.425000
768.500000 26.831419 0.150000 13.525000
770.250000 27.039928 0.150000 13.620000
772.625000 27.243559 0.150000 13.730000
774.625000 27.243559 0.162000 13.820000
777.250000 27.445551 0.162000 13.925000
779.625000 27.647602 0.162000 14.025000
782.875000 27.848362 0.162000 14.125000
786.375000 28.066956 0.162000 14.220000
788.750000 28.270815 0.162000 14.320000
790.000000 28.476694 0.162000 14.425000
793.000000 28.684320 0.162000 14.525000
796.250000 28.892876 0.162000 14.625000
800.375000 29.098986 0.162000 14.725000
802.375000 29.305853 0.162000 14.810000
805.625000 29.510359 0.174000 14.925000
809.500000 29.718859 0.174000 15.030000
811.125000 29.718859 0.174000 15.125000
814.250000 29.926598 0.174000 15.220000
817.000000 30.149351 0.174000 15.330000
820.000000 30.355040 0.174000 15.425000
823.875000 30.581087 0.174000 15.525000
826.125000 30.787428 0.174000 15.625000
828.375000 30.994284 0.174000 15.725000
830.375000 31.202265 0.168000 15.825000
834.375000 31.411020 0.168000 15.925000
836.125000 31.620281 0.168000 16.025000
838.500000 31.829437 0.168000 16.125000
839.625000 32.038754 0.168000 16.225000
843.500000 32.248337 0.168000 16.325001
845.875000 32.457447 0.168000 16.420000
848.875000 32.457447 0.168000 16.520000
850.500000 32.666035 0.168000 16.620001
853.125000 32.904465 0.168000 16.719999
856.375000 33.112617 0.184000 16.820000
858.625000 33.320831 0.184000 16.934999
860.750000 33.529140 0.184000 17.025000
863.250000 33.767895 0.184000 17.129999
865.875000 33.977337 0.184000 17.230000
869.000000 34.187035 0.184000 17.334999
871.625000 34.396893 0.184000 17.430000
874.500000 34.606831 0.184000 17.530001
877.875000 34.816792 0.184000 17.625000
880.875000 35.026768 0.184000 17.725000
884.375000 35.236763 0.169000 17.820000
887.500000 35.446758 0.169000 17.920000
889.625000 35.656517 0.169000 18.025000
894.000000 35.656517 0.169000 18.125000
897.125000 35.866077 0.169000 18.225000
900.000000 36.085705 0.169000 18.325001
902.625000 36.295460 0.169000 18.424999
904.875000 36.505291 0.169000 18.525000
907.750000 36.715157 0.169000 18.625000
911.000000 36.925056 0.169000 18.725000
913.625000 37.144951 0.188000 18.820000
915.875000 37.354836 0.188000 18.924999
917.875000 37.574635 0.188000 19.025000
920.750000 37.784405 0.188000 19.120001
923.875000 37.994133 0.188000 19.215000
927.750000 38.233841 0.188000 19.334999
930.625000 38.443672 0.188000 19.420000
935.125000 38.653496 0.188000 19.525000
939.250000 38.653496 0.188000 19.625000
943.375000 38.863308 0.188000 19.730000
946.625000 39.073086 0.188000 19.825001
951.125000 39.292816 0.183000 19.920000
954.500000 39.502636 0.183000 20.014999
959.875000 39.742443 0.183000 20.125000
965.625000 39.952267 0.183000 20.230000
970.500000 40.172104 0.183000 20.330000
974.750000 40.381996 0.183000 20.424999
977.625000 40.631897 0.183000 20.535000
982.750000 40.841808 0.183000 20.625000
987.000000 40.841808 0.183000 20.719999
989.250000 41.051712 0.183000 20.826000
992.375000 41.281521 0.227000 20.920000
998.125000 41.491306 0.227000 21.020000
1003.375000 41.700687 0.227000 21.125000
1009.750000 41.929897 0.227000 21.219999
1018.125000 42.159389 0.227000 21.325001
1025.125000 42.369156 0.227000 21.424999
1038.250000 42.579002 0.227000 21.525000
1046.125000 42.788822 0.227000 21.625000
1057.750000 43.008472 0.227000 21.725000
1068.375000 43.218258 0.227000 21.830000
1075.000000 43.428154 0.224000 21.924999
1081.000000 43.638119 0.224000 22.025000
1088.500000 43.848103 0.224000 22.125000
1093.750000 43.848103 0.224000 22.219999
1097.375000 44.058079 0.224000 22.330000
1099.375000 44.268063 0.224000 22.424999
1103.125000 44.508095 0.224000 22.520000
1109.625000 44.708141 0.224000 22.625000
1114.500000 44.908180 0.224000 22.719999
1119.250000 45.108204 0.224000 22.825001
1125.875000 45.308258 0.254000 22.930000
1130.625000 45.508339 0.254000 23.030001
1136.875000 45.708447 0.254000 23.129999
1141.625000 45.908520 0.254000 23.225000
1147.375000 46.108616 0.254000 23.325001
1154.250000 46.308685 0.254000 23.430000
1160.000000 46.508774 0.254000 23.520000
1165.000000 46.708870 0.254000 23.620001
1170.000000 46.908890 0.254000 23.735001
1174.000000 47.108894 0.254000 23.825001
1176.500000 47.308945 0.270000 23.920000
1178.000000 47.508980 0.270000 24.020000
1180.000000 47.709019 0.270000 24.115000
1182.625000 47.909054 0.270000 24.219999
1184.125000 48.109089 0.270000 24.320000
1185.375000 48.309128 0.270000 24.424999
1187.375000 48.509171 0.270000 24.525000
1189.125000 48.709190 0.270000 24.625000
1189.875000 48.919189 0.270000 24.725000
1190.375000 49.149254 0.270000 24.825001
1192.250000 49.349316 0.246000 24.924999
1193.625000 49.559303 0.246000 25.020000
1196.125000 49.769119 0.246000 25.120001
1197.375000 49.998661 0.246000 25.219999
1198.125000 50.208313 0.246000 25.325001
1200.125000 50.418056 0.246000 25.430000
1201.375000 50.627865 0.246000 25.525000
1203.625000 50.837746 0.246000 25.625000
1205.625000 51.047676 0.246000 25.730000
1206.750000 51.257626 0.246000 25.834999
1208.750000 51.257626 0.235000 25.930000
1210.625000 51.467571 0.235000 26.025000
1211.625000 51.687450 0.235000 26.129999
1213.000000 51.897091 0.235000 26.225000
1214.125000 52.106735 0.235000 26.330000
1215.750000 52.316471 0.235000 26.424999
1218.250000 52.526287 0.235000 26.530001
1219.625000 52.776169 0.235000 26.620001
1222.375000 52.986153 0.235000 26.725000
1223.875000 53.196152 0.235000 26.830000
1224.750000 53.396172 0.229000 26.924999
1226.625000 53.605972 0.229000 27.025000
1227.250000 53.815437 0.229000 27.125000
1229.250000 54.024811 0.229000 27.230000
1230.250000 54.234417 0.229000 27.325001
1231.750000 54.444221 0.229000 27.424999
1233.375000 54.444221 0.229000 27.525000
1234.500000 54.854225 0.229000 27.629999
1236.750000 54.854225 0.229000 27.719999
1237.375000 55.254539 0.229000 27.830000
1237.875000 55.254539 0.213000 27.924999
1239.500000 55.454720 0.213000 28.025000
1240.250000 55.684471 0.213000 28.125000
1241.250000 55.894196 0.213000 28.209999
1242.375000 56.104069 0.213000 28.330000
1242.875000 56.314003 0.213000 28.424999
1244.625000 56.543957 0.213000 28.530001
1245.750000 56.803917 0.213000 28.625000
1246.125000 57.013771 0.213000 28.730000
1247.125000 57.223400 0.181000 28.825001
1248.750000 57.433071 0.181000 28.924999
1249.750000 57.433071 0.181000 29.020000
1250.875000 57.642826 0.181000 29.125000
1251.375000 57.852619 0.181000 29.225000
1252.250000 58.082390 0.181000 29.325001
1253.250000 58.292206 0.181000 29.424999
1254.500000 58.502022 0.181000 29.530001
1255.250000 58.711857 0.181000 29.620001
1256.250000 58.921722 0.181000 29.725000
1257.750000 59.131577 0.200000 29.825001
1259.625000 59.341423 0.200000 29.930000
1260.750000 59.551277 0.200000 30.035000
1261.875000 59.761147 0.200000 30.125000
1263.625000 59.971039 0.200000 30.225000
1264.625000 60.180950 0.200000 30.320000
1265.250000 60.390873 0.200000 30.424999
1266.250000 60.600800 0.200000 30.535000
1268.000000 60.810738 0.200000 30.625000
1268.625000 61.020737 0.200000 30.719999
1269.125000 61.230515 0.180000 30.820000
1270.125000 61.440125 0.180000 30.924999
1271.375000 61.649693 0.180000 31.030001
1271.875000 61.649693 0.180000 31.125000
1272.500000 61.879284 0.180000 31.219999
1272.875000 62.089008 0.180000 31.325001
1273.875000 62.298748 0.180000 31.424999
1274.625000 62.508511 0.180000 31.525000
1275.250000 62.758358 0.180000 31.620001
1276.125000 62.968315 0.180000 31.730000
1276.625000 63.178288 0.166000 31.825001
1277.125000 63.388248 0.166000 31.924999
1278.250000 63.598198 0.166000 32.020000
1278.500000 63.808132 0.166000 32.125000
1279.375000 64.018059 0.166000 32.224998
1279.750000 64.227982 0.166000 32.330002
1280.625000 64.227982 0.166000 32.410000
1281.250000 64.647820 0.166000 32.529999
1281.500000 64.647820 0.166000 32.615002
1282.250000 64.857742 0.166000 32.724998
1282.750000 65.087662 0.172000 32.820000
1283.500000 65.317589 0.172000 32.919998
1284.375000 65.537521 0.172000 33.025002
1284.750000 65.767448 0.172000 33.119999
1285.500000 65.987373 0.172000 33.220001
1286.000000 66.197189 0.172000 33.325001
1286.750000 66.407120 0.172000 33.430000
1287.375000 66.617050 0.172000 33.529999
1288.000000 66.826981 0.172000 33.625000
1288.625000 67.036911 0.172000 33.730000
1289.500000 67.246841 0.157000 33.830002
1290.000000 67.246841 0.157000 33.924999
1290.500000 67.466766 0.157000 34.029999
1291.625000 67.676697 0.157000 34.130001
1291.750000 67.886627 0.157000 34.224998
1292.125000 68.096558 0.157000 34.330002
1292.875000 68.306488 0.157000 34.419998
1293.375000 68.516418 0.157000 34.520000
1294.250000 68.736313 0.157000 34.619999
1294.875000 68.945663 0.157000 34.724998
1295.375000 69.154655 0.151000 34.825001
1295.625000 69.363571 0.151000 34.924999
1296.000000 69.572533 0.151000 35.029999
1296.375000 69.781685 0.151000 35.125000
1296.500000 69.991119 0.151000 35.224998
1297.125000 70.200829 0.151000 35.330002
1297.875000 70.410263 0.151000 35.424999
1298.500000 70.618881 0.151000 35.525002
1299.375000 70.826805 0.151000 35.625000
1300.000000 70.826805 0.151000 35.724998
1300.125000 71.034546 0.148000 35.825001
1300.750000 71.262299 0.148000 35.924999
1301.375000 71.471008 0.148000 36.025002
1302.250000 71.710144 0.148000 36.125000
1303.125000 71.939705 0.148000 36.230000
1303.625000 72.149483 0.148000 36.320000
1304.500000 72.359352 0.148000 36.435001
1305.500000 72.569237 0.148000 36.525002
1306.500000 72.779160 0.148000 36.625000
1307.500000 72.989120 0.148000 36.724998
1307.625000 73.199066 0.151000 36.820000
1308.625000 73.408981 0.151000 36.919998
1309.250000 73.618935 0.151000 37.029999
1309.875000 73.618935 0.151000 37.125000
1310.500000 73.828880 0.151000 37.224998
1311.500000 74.048775 0.151000 37.325001
1312.375000 74.258675 0.151000 37.435001
1313.500000 74.468483 0.151000 37.529999
1313.875000 74.678360 0.151000 37.625000
1315.500000 74.888199 0.151000 37.724998
1316.625000 75.098114 0.159000 37.830002
1318.125000 75.348000 0.159000 37.924999
1318.875000 75.557877 0.159000 38.025002
1320.625000 75.767723 0.159000 38.134998
1321.750000 75.977547 0.159000 38.220001
1323.750000 76.187485 0.159000 38.325001
1324.750000 76.397453 0.159000 38.430000
1327.000000 76.607323 0.159000 38.520000
1328.000000 76.817307 0.159000 38.630001
1331.000000 77.027290 0.159000 38.735001
1332.750000 77.027290 0.123000 38.825001
1334.750000 77.256920 0.123000 38.924999
1337.875000 77.466507 0.123000 39.029999
1340.250000 77.676163 0.123000 39.125000
1344.125000 77.905838 0.123000 39.230000
1347.875000 78.125603 0.123000 39.330002
1352.500000 78.335426 0.123000 39.424999
1355.875000 78.545242 0.123000 39.529999
1361.625000 78.755043 0.123000 39.625000
1368.250000 78.964676 0.123000 39.735001
1372.875000 79.174446 0.146000 39.825001
1379.875000 79.383865 0.146000 39.930000
1387.375000 79.592094 0.146000 40.020000
1398.500000 79.592094 0.146000 40.130001
1407.500000 79.813797 0.146000 40.230000
1414.875000 80.047905 0.146000 40.325001
1423.250000 80.047905 0.146000 40.430000
1433.000000 80.264076 0.146000 40.525002
1440.125000 80.477112 0.146000 40.630001
1447.375000 80.477112 0.146000 40.724998
1452.375000 80.696823 0.160000 40.830002
1459.375000 80.902283 0.160000 40.930000
1466.250000 81.109222 0.160000 41.020000
1470.875000 81.109222 0.160000 41.130001
1477.250000 81.310661 0.160000 41.220001
1482.125000 81.513039 0.160000 41.325001
1485.750000 81.715836 0.160000 41.424999
1490.000000 81.715836 0.160000 41.535000
1494.500000 81.919090 0.160000 41.630001
1499.000000 82.138557 0.160000 41.730000
1502.875000 82.138557 0.173000 41.825001
1507.750000 82.351151 0.173000 41.924999
1511.500000 82.567215 0.173000 42.029999
1515.125000 82.771202 0.173000 42.130001
1517.750000 82.978233 0.173000 42.224998
1522.500000 83.181931 0.173000 42.325001
1525.875000 83.388733 0.173000 42.430000
1528.750000 83.597145 0.173000 42.529999
1531.000000 83.806320 0.173000 42.634998
1535.000000 83.806320 0.173000 42.724998
1539.750000 84.045609 0.148000 42.825001
1542.375000 84.255142 0.148000 42.935001
1544.875000 84.464844 0.148000 43.025002
1548.750000 84.674637 0.148000 43.119999
1552.875000 84.884476 0.148000 43.230000
1555.250000 85.094322 0.148000 43.320000
1558.750000 85.304176 0.148000 43.419998
1561.875000 85.544037 0.148000 43.529999
1565.500000 85.753960 0.148000 43.625000
1568.875000 85.963898 0.148000 43.720001
1571.000000 86.173836 0.203000 43.825001
1573.375000 86.383759 0.203000 43.935001
1576.250000 86.593513 0.203000 44.029999
1578.500000 86.803261 0.203000 44.125000
1580.500000 87.013016 0.203000 44.230000
1582.125000 87.013016 0.203000 44.330002
1584.375000 87.222809 0.203000 44.424999
1587.000000 87.442612 0.203000 44.525002
1588.750000 87.652428 0.203000 44.625000
1591.125000 87.862274 0.203000 44.730000
1593.375000 88.072128 0.174000 44.830002
1595.000000 88.311943 0.174000 44.919998
1597.125000 88.521805 0.174000 45.020000
1599.375000 88.741707 0.174000 45.115002
1601.875000 88.961632 0.174000 45.230000
1604.125000 89.181541 0.174000 45.334999
1605.500000 89.391434 0.174000 45.424999
1607.125000 89.601334 0.174000 45.525002
1608.875000 89.601334 0.174000 45.625000
1610.875000 89.811218 0.174000 45.724998
1612.750000 90.041100 0.161000 45.825001
1614.750000 90.250984 0.161000 45.930000
1617.000000 90.460899 0.161000 46.029999
1619.250000 90.670822 0.161000 46.125000
1620.375000 90.880737 0.161000 46.224998
1622.375000 91.110649 0.161000 46.325001
1623.375000 91.320587 0.161000 46.435001
1625.000000 91.550507 0.161000 46.520000
1626.750000 91.760429 0.161000 46.625000
1628.625000 91.970329 0.161000 46.735001
1630.125000 92.180222 0.161000 46.825001
1632.000000 92.390106 0.198000 46.930000
1632.750000 92.599968 0.198000 47.035000
1634.625000 92.599968 0.198000 47.125000
1635.500000 92.809799 0.198000 47.224998
1637.250000 93.029655 0.198000 47.325001
1638.500000 93.239555 0.198000 47.435001
1639.500000 93.449493 0.198000 47.529999
1640.500000 93.659454 0.198000 47.610001
1643.375000 93.869423 0.198000 47.724998
1645.250000 94.069420 0.174000 47.830002
1647.250000 94.279411 0.174000 47.930000
1649.250000 94.519371 0.174000 48.025002
1650.750000 94.729347 0.174000 48.130001
1651.375000 94.939308 0.174000 48.230000
1654.125000 95.159264 0.174000 48.325001
1656.625000 95.369225 0.174000 48.424999
1660.000000 95.579170 0.174000 48.520000
1661.625000 95.789124 0.174000 48.625000
1663.625000 95.989128 0.174000 48.730000
1667.000000 96.199112 0.169000 48.825001
1670.375000 96.409019 0.169000 48.930000
1671.500000 96.409019 0.169000 49.025002
1673.625000 96.638893 0.169000 49.125000
1677.375000 96.848801 0.169000 49.230000
1680.125000 97.058731 0.169000 49.334999
1683.125000 97.268677 0.169000 49.430000
1686.375000 97.478668 0.169000 49.520000
1690.625000 97.688660 0.169000 49.619999
1695.125000 97.898636 0.169000 49.730000
1698.625000 98.108612 0.161000 49.830002
1702.375000 98.338608 0.161000 49.919998
1706.875000 98.548637 0.161000 50.029999
1711.875000 98.748665 0.161000 50.130001
1717.875000 98.948677 0.161000 50.224998
1725.375000 99.158646 0.161000 50.330002
1733.000000 99.368591 0.161000 50.424999
1739.875000 99.578522 0.161000 50.525002
1747.000000 99.788292 0.161000 50.625000
1755.000000 99.997978 0.161000 50.735001
1761.625000 100.207756 0.187000 50.830002
1768.875000 100.207756 0.187000 50.930000
1774.000000 100.437561 0.187000 51.025002
1781.750000 100.647385 0.187000 51.119999
1788.000000 100.857201 0.187000 51.224998
1793.000000 101.067055 0.187000 51.320000
1797.125000 101.276932 0.187000 51.424999
1800.750000 101.506851 0.187000 51.535000
1808.000000 101.716789 0.187000 51.625000
1813.000000 101.926727 0.187000 51.730000
1817.500000 102.136665 0.187000 51.825001
1821.500000 102.346573 0.214000 51.924999
1823.125000 102.556435 0.214000 52.029999
1824.500000 102.766312 0.214000 52.125000
1825.625000 102.976189 0.214000 52.224998
1828.625000 103.186058 0.214000 52.325001
1829.625000 103.186058 0.214000 52.419998
1833.000000 103.605804 0.214000 52.529999
1834.875000 103.605804 0.214000 52.630001
1836.875000 103.815674 0.214000 52.724998
1837.250000 104.025589 0.214000 52.834999
1839.000000 104.245522 0.225000 52.924999
1841.125000 104.455460 0.225000 53.029999
1843.125000 104.665413 0.225000 53.130001
1845.500000 104.905304 0.225000 53.224998
1848.000000 105.115196 0.225000 53.320000
1849.125000 105.325111 0.225000 53.424999
1851.125000 105.535057 0.225000 53.529999
1853.000000 105.745010 0.225000 53.630001
1855.375000 105.964958 0.225000 53.730000
1856.125000 106.174896 0.225000 53.820000
1859.375000 106.384857 0.214000 53.930000
1862.000000 106.594795 0.214000 54.025002
1864.500000 106.594795 0.214000 54.125000
1866.250000 106.804359 0.214000 54.230000
1867.500000 107.033806 0.214000 54.325001
1869.125000 107.243462 0.214000 54.430000
1871.125000 107.453232 0.214000 54.525002
1873.250000 107.683090 0.214000 54.625000
1874.750000 107.893021 0.214000 54.724998
1875.875000 108.103012 0.198000 54.825001
1878.000000 108.323044 0.198000 54.930000
1879.125000 108.523109 0.198000 55.025002
1882.125000 108.723206 0.198000 55.134998
1882.500000 108.923325 0.198000 55.224998
1883.750000 109.123451 0.198000 55.330002
1884.625000 109.323547 0.198000 55.424999
1886.375000 109.523613 0.198000 55.525002
1887.375000 109.723671 0.198000 55.625000
1888.250000 109.923706 0.198000 55.724998
1890.625000 110.123718 0.204000 55.825001
1893.250000 110.323761 0.204000 55.930000
1894.000000 110.523796 0.204000 56.020000
1895.125000 110.723854 0.204000 56.119999
1895.750000 110.933815 0.204000 56.224998
1897.750000 111.143593 0.204000 56.330002
1899.500000 111.353401 0.204000 56.430000
1901.000000 111.573273 0.204000 56.535000
1902.875000 111.783173 0.204000 56.630001
1904.375000 111.992966 0.204000 56.735001
1905.625000 111.992966 0.204000 56.825001
1908.500000 112.202698 0.204000 56.924999
1909.625000 112.422432 0.204000 57.025002
1910.500000 112.631874 0.204000 57.119999
1911.625000 112.851334 0.204000 57.220001
1914.125000 113.061005 0.204000 57.325001
1915.875000 113.290756 0.204000 57.430000
1917.875000 113.510574 0.204000 57.525002
1920.250000 113.720459 0.204000 57.625000
1922.250000 113.930344 0.204000 57.730000
1924.125000 114.140228 0.183000 57.825001
1926.750000 114.350113 0.183000 57.924999
1930.125000 114.559998 0.183000 58.025002
1933.625000 114.769882 0.183000 58.119999
1936.000000 114.979774 0.183000 58.230000
1938.000000 115.189667 0.183000 58.325001
1941.000000 115.189667 0.183000 58.424999
1942.500000 115.399567 0.183000 58.525002
1944.625000 115.619537 0.183000 58.625000
1947.375000 115.829514 0.183000 58.720001
1949.625000 116.059433 0.194000 58.830002
1953.250000 116.269402 0.194000 58.924999
1956.000000 116.499367 0.194000 59.029999
1959.000000 116.709335 0.194000 59.125000
1960.250000 116.919250 0.194000 59.220001
1963.500000 117.149178 0.194000 59.325001
1967.000000 117.359146 0.194000 59.424999
1969.250000 117.569115 0.194000 59.529999
1971.750000 117.779083 0.194000 59.625000
1975.000000 117.989052 0.194000 59.724998
1977.750000 117.989052 0.199000 59.820000
1979.750000 118.408882 0.199000 59.935001
1982.250000 118.408882 0.199000 60.035000
1985.375000 118.638359 0.199000 60.130001
1988.000000 118.847900 0.199000 60.220001
1990.250000 119.087570 0.199000 60.325001
1991.875000 119.297363 0.199000 60.430000
1994.375000 119.507195 0.199000 60.525002
1996.125000 119.717033 0.199000 60.625000
1998.250000 119.926910 0.199000 60.735001
1999.875000 120.136765 0.199000 60.825001
2001.125000 120.346626 0.236000 60.930000
2002.375000 120.556511 0.236000 61.029999
2003.500000 120.766396 0.236000 61.130001
2004.375000 120.975868 0.236000 61.230000
2005.750000 121.184677 0.236000 61.330002
2006.500000 121.184677 0.236000 61.424999
2007.625000 121.413483 0.236000 61.520000
2008.500000 121.622780 0.236000 61.630001
2009.375000 121.832352 0.236000 61.730000
2010.875000 122.042076 0.236000 61.825001
2012.000000 122.251846 0.205000 61.930000
2012.375000 122.471619 0.205000 62.025002
2013.000000 122.691101 0.205000 62.130001
2013.625000 122.900307 0.205000 62.220001
2013.875000 123.109634 0.205000 62.325001
2014.000000 123.319130 0.205000 62.430000
2014.750000 123.528755 0.205000 62.525002
2015.375000 123.738457 0.205000 62.625000
2016.750000 123.948288 0.205000 62.724998
2017.375000 124.158157 0.183000 62.830002
2018.125000 124.368073 0.183000 62.935001
2018.750000 124.578011 0.183000 63.025002
2020.125000 124.578011 0.183000 63.119999
2021.125000 124.997841 0.183000 63.235001
2021.500000 124.997841 0.183000 63.325001
2021.625000 125.217758 0.183000 63.424999
2022.875000 125.427666 0.183000 63.525002
2024.000000 125.637581 0.183000 63.630001
2024.000000 125.847511 0.183000 63.730000
2024.375000 126.077461 0.183000 63.830002
2025.500000 126.297440 0.204000 63.924999
2026.250000 126.507439 0.204000 64.029999
2027.375000 126.717407 0.204000 64.129997
2028.000000 126.927330 0.204000 64.230003
2029.125000 127.137245 0.204000 64.324997
2030.125000 127.347214 0.204000 64.425003
2030.875000 127.557190 0.204000 64.519997
2031.750000 127.767159 0.204000 64.620003
2032.875000 127.977119 0.204000 64.730003
2033.625000 127.977119 0.204000 64.824997
2035.875000 128.187088 0.181000 64.930000
2037.000000 128.397064 0.181000 65.025002
2038.125000 128.616989 0.181000 65.120003
2039.375000 128.846878 0.181000 65.224998
2040.375000 129.096817 0.181000 65.330002
2041.250000 129.306793 0.181000 65.430000
2042.375000 129.516769 0.181000 65.525002
2043.625000 129.726746 0.181000 65.625000
2044.125000 129.936722 0.181000 65.720001
2045.250000 130.146667 0.157000 65.824997
2047.125000 130.356567 0.157000 65.925003
2047.875000 130.566467 0.157000 66.025002
2048.750000 130.566467 0.157000 66.120003
2050.125000 130.986267 0.157000 66.235001
2051.125000 130.986267 0.157000 66.324997
2053.375000 131.216156 0.157000 66.430000
2054.500000 131.426056 0.157000 66.525002
2057.375000 131.635956 0.157000 66.629997
2059.750000 131.845856 0.157000 66.724998
2063.375000 132.055756 0.168000 66.820000
2066.250000 132.295639 0.168000 66.919998
2069.875000 132.525543 0.168000 67.029999
2074.250000 132.735458 0.168000 67.129997
2078.500000 132.945374 0.168000 67.224998
2081.625000 133.155273 0.168000 67.324997
2086.125000 133.365173 0.168000 67.419998
2091.125000 133.575073 0.168000 67.525002
2096.625000 133.784973 0.168000 67.629997
2103.000000 133.784973 0.168000 67.724998
2109.250000 134.014862 0.156000 67.820000
2118.500000 134.254700 0.156000 67.925003
2126.625000 134.484177 0.156000 68.025002
2135.375000 134.693710 0.156000 68.129997
2142.250000 134.903397 0.156000 68.224998
2149.250000 135.113190 0.156000 68.330002
2156.000000 135.323074 0.156000 68.419998
2162.750000 135.532974 0.156000 68.525002
2167.375000 135.742935 0.156000 68.635002
2172.750000 135.952850 0.156000 68.730003
2178.375000 136.162735 0.156000 68.824997
2183.875000 136.372620 0.178000 68.925003
2188.250000 136.581375 0.178000 69.029999
2192.750000 136.581375 0.178000 69.125000
2197.250000 136.794830 0.178000 69.224998
2201.500000 136.996185 0.178000 69.324997
2205.250000 137.199051 0.178000 69.430000
2208.750000 137.402466 0.178000 69.535004
2211.500000 137.402466 0.178000 69.629997
2214.750000 137.602737 0.178000 69.724998
2218.000000 137.809143 0.171000 69.824997
2221.000000 137.809143 0.171000 69.930000
2224.250000 138.014114 0.171000 70.025002
2227.125000 138.218552 0.171000 70.125000
2230.000000 138.423157 0.171000 70.224998
2233.000000 138.423157 0.171000 70.330002
2236.000000 138.657883 0.171000 70.419998
2238.125000 138.858063 0.171000 70.525002
2240.875000 138.858063 0.171000 70.629997
2243.500000 139.059494 0.171000 70.730003
2245.500000 139.261551 0.153000 70.830002
2247.625000 139.464096 0.153000 70.925003
2249.500000 139.464096 0.153000 71.029999
2252.500000 139.667679 0.153000 71.135002
2255.500000 139.872101 0.153000 71.224998
2257.000000 140.072479 0.153000 71.334999
2259.625000 140.072479 0.153000 71.425003
2261.250000 140.276382 0.153000 71.535004
2263.375000 140.478577 0.153000 71.625000
2265.500000 140.679611 0.153000 71.720001
2267.125000 140.894699 0.183000 71.824997
2269.250000 141.111740 0.183000 71.930000
2272.000000 141.319336 0.183000 72.025002
2273.375000 141.527344 0.183000 72.125000
2275.375000 141.736145 0.183000 72.224998
2276.125000 141.975479 0.183000 72.334999
2278.250000 142.185226 0.183000 72.425003
2279.875000 142.395157 0.183000 72.535004
2282.375000 142.604889 0.183000 72.629997
2284.375000 142.604889 0.183000 72.724998
2286.000000 142.824219 0.180000 72.824997
2289.250000 143.033234 0.180000 72.934998
2293.375000 143.242386 0.180000 73.025002
2297.125000 143.452148 0.180000 73.125000
2301.500000 143.652344 0.180000 73.224998
2305.875000 143.892944 0.180000 73.320000
2309.750000 144.113693 0.180000 73.419998
2314.750000 144.314484 0.180000 73.525002
2318.750000 144.515182 0.180000 73.620003
2321.250000 144.725281 0.180000 73.724998
2323.250000 144.931503 0.182000 73.820000
2325.375000 145.131622 0.182000 73.925003
2328.500000 145.331833 0.182000 74.025002
2333.250000 145.534378 0.182000 74.125000
2337.250000 145.738617 0.182000 74.220001
2341.625000 145.947327 0.182000 74.330002
2345.000000 145.947327 0.182000 74.425003
2347.375000 146.155487 0.182000 74.525002
2351.000000 146.372620 0.182000 74.620003
2353.500000 146.573486 0.182000 74.730003
2361.000000 146.573486 0.182000 74.820000
2367.500000 146.779190 0.217000 74.930000
2373.125000 146.999374 0.217000 75.025002
2381.000000 147.204712 0.217000 75.129997
2385.625000 147.204712 0.217000 75.224998
2391.875000 147.410355 0.217000 75.324997
2397.375000 147.611252 0.217000 75.425003
2404.625000 147.823990 0.217000 75.535004
2411.375000 148.027039 0.217000 75.629997
2416.875000 148.027039 0.217000 75.720001
2422.375000 148.228821 0.217000 75.830002
2428.000000 148.441330 0.225000 75.925003
2431.750000 148.649078 0.225000 76.029999
2439.250000 148.849228 0.225000 76.129997
2445.375000 149.052628 0.225000 76.224998
2449.875000 149.258041 0.225000 76.320000
2456.625000 149.464264 0.225000 76.419998
2463.875000 149.670578 0.225000 76.535004
2469.125000 149.896286 0.225000 76.629997
2474.750000 150.102905 0.225000 76.724998
2476.875000 150.310715 0.225000 76.830002
2481.125000 150.519394 0.251000 76.930000
2484.250000 150.728333 0.251000 77.019997
2487.000000 150.936920 0.251000 77.125000
2490.000000 151.145798 0.251000 77.220001
2492.125000 151.355164 0.251000 77.324997
2494.625000 151.355164 0.251000 77.425003
2498.125000 151.564651 0.251000 77.529999
2500.875000 151.774261 0.251000 77.625000
2507.250000 151.994080 0.251000 77.730003
2509.250000 152.204071 0.251000 77.820000
2511.875000 152.414154 0.276000 77.930000
2513.875000 152.614273 0.276000 78.025002
2515.875000 152.814468 0.276000 78.125000
2517.500000 153.014694 0.276000 78.220001
2520.500000 153.255066 0.276000 78.330002
2522.375000 153.485458 0.276000 78.430000
2524.750000 153.685791 0.276000 78.525002
2526.750000 153.886124 0.276000 78.625000
2529.625000 154.106384 0.276000 78.720001
2532.125000 154.306595 0.276000 78.830002
2534.250000 154.506653 0.272000 78.925003
2536.625000 154.716599 0.272000 79.025002
2539.500000 154.936234 0.272000 79.135002
2542.250000 155.145828 0.272000 79.230003
2544.500000 155.355347 0.272000 79.324997
2545.500000 155.564972 0.272000 79.430000
2547.250000 155.564972 0.272000 79.525002
2548.750000 155.794540 0.272000 79.625000
2549.875000 156.004242 0.272000 79.724998
2551.125000 156.214020 0.272000 79.824997
2552.750000 156.423813 0.209000 79.930000
2554.750000 156.633652 0.209000 80.035004
2556.250000 156.843552 0.209000 80.129997
2558.500000 157.083481 0.209000 80.224998
2560.000000 157.293442 0.209000 80.324997
2561.750000 157.503342 0.209000 80.425003
2563.000000 157.713272 0.209000 80.525002
2565.375000 157.923172 0.209000 80.625000
2567.125000 158.133087 0.209000 80.724998
2568.875000 158.342804 0.209000 80.824997
2571.125000 158.552521 0.208000 80.925003
2572.375000 158.762329 0.208000 81.029999
2575.125000 158.762329 0.208000 81.120003
2577.375000 158.982239 0.208000 81.224998
2579.500000 159.192154 0.208000 81.330002
2581.125000 159.402100 0.208000 81.425003
2583.875000 159.611908 0.208000 81.529999
2585.875000 159.821564 0.208000 81.625000
2587.125000 160.031265 0.208000 81.735001
2588.125000 160.281052 0.208000 81.824997
2589.500000 160.490997 0.204000 81.930000
2591.750000 160.700607 0.204000 82.025002
2593.625000 160.910049 0.204000 82.125000
2595.625000 161.129639 0.204000 82.235001
2597.375000 161.339355 0.204000 82.324997
2598.875000 161.549149 0.204000 82.425003
2601.500000 161.758972 0.204000 82.529999
2603.250000 161.758972 0.204000 82.625000
2604.750000 161.968857 0.204000 82.724998
2606.750000 162.178787 0.220000 82.834999
2608.500000 162.388718 0.220000 82.925003
2610.750000 162.598587 0.220000 83.025002
2612.750000 162.808502 0.220000 83.129997
2614.250000 163.018402 0.220000 83.220001
2615.750000 163.228302 0.220000 83.324997
2616.750000 163.458145 0.220000 83.425003
2617.375000 163.668076 0.220000 83.529999
2619.625000 163.878006 0.220000 83.625000
2621.375000 164.087936 0.220000 83.724998
2624.000000 164.297882 0.220000 83.830002
2625.500000 164.507828 0.193000 83.919998
2627.250000 164.717743 0.193000 84.029999
2628.375000 164.927628 0.193000 84.120003
2629.750000 165.137512 0.193000 84.224998
2631.000000 165.137512 0.193000 84.320000
2632.750000 165.347397 0.193000 84.425003
2634.375000 165.577255 0.193000 84.529999
2636.750000 165.787170 0.193000 84.625000
2638.500000 165.997116 0.193000 84.730003
2640.500000 166.207062 0.197000 84.820000
2641.500000 166.417007 0.197000 84.925003
2642.250000 166.626953 0.197000 85.019997
2643.375000 166.836823 0.197000 85.120003
2644.500000 167.056732 0.197000 85.224998
2646.125000 167.266678 0.197000 85.320000
2648.125000 167.476624 0.197000 85.425003
2650.125000 167.686493 0.197000 85.525002
2652.375000 167.896408 0.197000 85.629997
2654.125000 168.116318 0.197000 85.730003
2655.500000 168.326263 0.185000 85.824997
2657.250000 168.536194 0.185000 85.925003
2659.125000 168.746017 0.185000 86.025002
2661.875000 168.955780 0.185000 86.135002
2664.125000 168.955780 0.185000 86.220001
2666.875000 169.165588 0.185000 86.330002
2669.875000 169.395081 0.185000 86.425003
2673.250000 169.604630 0.185000 86.525002
2675.875000 169.814346 0.185000 86.635002
2678.000000 170.024155 0.185000 86.724998
2682.750000 170.253967 0.183000 86.824997
2684.875000 170.473831 0.183000 86.930000
2688.125000 170.683746 0.183000 87.029999
2692.500000 170.893677 0.183000 87.125000
2697.375000 171.103592 0.183000 87.224998
2704.000000 171.313522 0.183000 87.324997
2707.125000 171.523468 0.183000 87.425003
2709.500000 171.733261 0.183000 87.525002
2714.250000 171.942719 0.183000 87.629997
2719.500000 172.151917 0.183000 87.735001
2723.375000 172.151917 0.183000 87.824997
2727.750000 172.371170 0.210000 87.925003
2733.500000 172.580688 0.210000 88.025002
2739.125000 172.790405 0.210000 88.120003
2744.625000 173.010223 0.210000 88.220001
2751.500000 173.220093 0.210000 88.330002
2759.875000 173.440079 0.210000 88.425003
2767.625000 173.650101 0.210000 88.529999
2774.750000 173.859863 0.210000 88.625000
2780.625000 174.068939 0.210000 88.724998
2789.125000 174.277237 0.210000 88.824997
2799.375000 174.485352 0.237000 88.930000
2808.625000 174.692993 0.237000 89.029999
2818.125000 174.900177 0.237000 89.129997
2826.875000 175.107697 0.237000 89.235001
2832.875000 175.314972 0.237000 89.330002
2836.875000 175.522156 0.237000 89.425003
2842.625000 175.730362 0.237000 89.535004
2846.750000 175.730362 0.237000 89.625000
2851.125000 175.938507 0.237000 89.735001
2856.000000 176.159424 0.237000 89.820000
2860.500000 176.365387 0.308000 89.925003
2867.000000 176.568817 0.308000 90.035004
2873.250000 176.768997 0.308000 90.125000
2878.750000 176.768997 0.308000 90.224998
2886.500000 176.972992 0.308000 90.320000
2891.125000 177.197235 0.308000 90.430000
2896.250000 177.197235 0.308000 90.529999
2900.250000 177.397812 0.308000 90.635002
2904.750000 177.642242 0.308000 90.724998
2908.750000 177.642242 0.308000 90.824997
2913.000000 177.843094 0.323000 90.930000
2916.375000 178.082016 0.323000 91.025002
2921.125000 178.082016 0.323000 91.125000
2925.750000 178.299316 0.323000 91.230003
2931.875000 178.509735 0.323000 91.324997
2935.250000 178.713028 0.323000 91.430000
2938.125000 178.713028 0.323000 91.519997
2940.375000 178.916534 0.323000 91.629997
2942.000000 179.118256 0.323000 91.730003
2943.750000 179.324341 0.323000 91.815002
2946.000000 179.526764 0.352000 91.919998
2948.500000 179.726929 0.352000 92.025002
2950.375000 179.726929 0.352000 92.120003
2953.250000 179.931107 0.352000 92.220001
2956.500000 180.137024 0.352000 92.324997
2958.250000 180.354263 0.352000 92.425003
2959.500000 180.562820 0.352000 92.525002
2960.750000 180.772171 0.352000 92.625000
2961.875000 180.982071 0.352000 92.730003
2963.125000 181.182297 0.352000 92.830002
2964.625000 181.382690 0.315000 92.934998
2966.625000 181.583145 0.315000 93.029999
2967.125000 181.783432 0.315000 93.129997
2968.875000 181.983475 0.315000 93.230003
2969.750000 182.183594 0.315000 93.334999
2970.000000 182.383804 0.315000 93.425003
2970.375000 182.584045 0.315000 93.525002
2971.625000 182.784317 0.315000 93.625000
2972.875000 182.984619 0.315000 93.720001
2973.750000 183.184967 0.264000 93.820000
2975.875000 183.385330 0.264000 93.919998
2977.250000 183.595718 0.264000 94.025002
2978.875000 183.796066 0.264000 94.129997
2979.875000 183.996368 0.264000 94.224998
2980.875000 184.196579 0.264000 94.334999
2982.000000 184.396652 0.264000 94.425003
2983.875000 184.606506 0.264000 94.529999
2985.250000 184.836349 0.264000 94.625000
2986.500000 185.046249 0.264000 94.730003
2987.500000 185.256042 0.264000 94.824997
2990.125000 185.475540 0.316000 94.930000
2990.875000 185.684860 0.316000 95.029999
2992.000000 185.894287 0.316000 95.125000
2992.875000 186.103943 0.316000 95.230003
2994.250000 186.313766 0.316000 95.324997
2995.125000 186.313766 0.316000 95.419998
2996.125000 186.523621 0.316000 95.525002
2997.375000 186.733536 0.316000 95.629997
2998.875000 186.973465 0.316000 95.724998
2999.750000 187.183395 0.316000 95.830002
3001.500000 187.393372 0.244000 95.925003
3002.875000 187.603363 0.244000 96.019997
3005.250000 187.843307 0.244000 96.129997
3007.375000 188.053070 0.244000 96.224998
3008.625000 188.282791 0.244000 96.330002
3009.500000 188.492630 0.244000 96.425003
3010.250000 188.702499 0.244000 96.529999
3011.250000 188.912415 0.244000 96.635002
3013.625000 189.122345 0.244000 96.730003
3015.750000 189.332306 0.244000 96.830002
3018.125000 189.332306 0.247000 96.930000
3019.500000 189.542191 0.247000 97.019997
3021.000000 189.751801 0.247000 97.125000
3023.375000 189.961334 0.247000 97.230003
3024.750000 190.171005 0.247000 97.324997
3026.500000 190.380737 0.247000 97.419998
3029.875000 190.620514 0.247000 97.525002
3031.000000 190.850327 0.247000 97.629997
3034.250000 191.060165 0.247000 97.724998
3036.625000 191.270020 0.247000 97.824997
3040.500000 191.479874 0.217000 97.930000
3042.375000 191.689758 0.217000 98.025002
3047.125000 191.899643 0.217000 98.125000
3051.000000 192.109467 0.217000 98.224998
3056.000000 192.109467 0.217000 98.315002
3059.750000 192.529221 0.217000 98.430000
3063.250000 192.529221 0.217000 98.525002
3066.875000 192.749115 0.217000 98.625000
3072.500000 192.959015 0.217000 98.724998
3075.625000 193.168915 0.217000 98.820000
3082.500000 193.378830 0.238000 98.930000
3088.250000 193.588745 0.238000 99.025002
3094.250000 193.818649 0.238000 99.135002
3099.375000 194.058502 0.238000 99.224998
3105.375000 194.288406 0.238000 99.334999
3110.500000 194.498322 0.238000 99.425003
3115.875000 194.708221 0.238000 99.529999
3121.500000 194.708221 0.238000 99.620003
3126.125000 195.127960 0.238000 99.735001
3131.625000 195.127960 0.238000 99.824997
3137.750000 195.337875 0.273000 99.925003
3142.500000 195.557785 0.273000 100.025002
3144.500000 195.767700 0.273000 100.120003
3146.625000 195.977615 0.273000 100.230003
3148.250000 196.187531 0.273000 100.330002
3149.500000 196.397446 0.273000 100.419998
3151.125000 196.637344 0.273000 100.525002
3151.500000 196.847260 0.273000 100.625000
3154.125000 197.057175 0.273000 100.735001
3157.500000 197.267090 0.273000 100.820000
3159.250000 197.496994 0.289000 100.934998
3160.625000 197.706909 0.289000 101.025002
3161.500000 197.916824 0.289000 101.129997
3163.125000 198.126678 0.289000 101.235001
3164.875000 198.126678 0.289000 101.324997
3165.875000 198.356491 0.289000 101.430000
3167.875000 198.566315 0.289000 101.529999
3169.375000 198.776154 0.289000 101.629997
3171.625000 198.985977 0.289000 101.730003
3172.500000 199.195847 0.289000 101.820000
3173.375000 199.415756 0.287000 101.925003
3174.000000 199.635666 0.287000 102.019997
3175.125000 199.865570 0.287000 102.129997
3176.625000 200.075485 0.287000 102.230003
3177.125000 200.285400 0.287000 102.330002
3177.375000 200.495331 0.287000 102.430000
3178.625000 200.705322 0.287000 102.529999
3180.000000 200.915314 0.287000 102.635002
3180.625000 200.915314 0.287000 102.724998
3180.875000 201.145294 0.287000 102.824997
3181.750000 201.355286 0.298000 102.934998
3182.250000 201.565308 0.298000 103.025002
3182.750000 201.775299 0.298000 103.125000
3183.000000 202.015213 0.298000 103.230003
3183.750000 202.235123 0.298000 103.330002
3184.875000 202.444992 0.298000 103.430000
3185.500000 202.654861 0.298000 103.529999
3185.750000 202.874725 0.298000 103.629997
3186.500000 203.084595 0.298000 103.730003
3186.875000 203.294479 0.298000 103.824997
3187.375000 203.504395 0.280000 103.930000
3188.250000 203.714371 0.280000 104.029999
3189.125000 203.714371 0.280000 104.125000
3189.875000 203.944321 0.280000 104.224998
3190.250000 204.164307 0.280000 104.320000
3190.625000 204.374298 0.280000 104.425003
3191.000000 204.584290 0.280000 104.519997
3191.375000 204.834244 0.280000 104.635002
3192.125000 205.054230 0.280000 104.730003
3192.250000 205.274170 0.280000 104.824997
3192.625000 205.484100 0.281000 104.925003
3193.125000 205.694046 0.281000 105.029999
3193.500000 205.903992 0.281000 105.120003
3193.750000 206.113968 0.281000 105.224998
3194.500000 206.323944 0.281000 105.330002
3194.625000 206.323944 0.281000 105.430000
3195.500000 206.533890 0.281000 105.525002
3195.625000 206.753830 0.281000 105.625000
3196.500000 206.963776 0.281000 105.724998
3196.500000 207.173737 0.281000 105.830002
3196.750000 207.383698 0.252000 105.925003
3197.250000 207.593658 0.252000 106.025002
3198.000000 207.823593 0.252000 106.129997
3198.250000 208.073532 0.252000 106.230003
3198.625000 208.283493 0.252000 106.324997
3198.750000 208.493469 0.252000 106.434998
3199.125000 208.703430 0.252000 106.529999
3199.875000 208.913391 0.252000 106.625000
3200.375000 208.913391 0.252000 106.724998
3200.375000 209.123245 0.252000 106.830002
3200.750000 209.333099 0.238000 106.925003
3201.125000 209.552979 0.238000 107.025002
3201.375000 209.762741 0.238000 107.125000
3201.750000 209.972549 0.238000 107.224998
3202.750000 210.182388 0.238000 107.324997
3203.625000 210.392273 0.238000 107.425003
3205.375000 210.602158 0.238000 107.525002
3206.500000 210.812042 0.238000 107.620003
3208.000000 211.021957 0.238000 107.720001
3210.125000 211.261887 0.238000 107.824997
3212.250000 211.471817 0.184000 107.925003
3215.250000 211.681763 0.184000 108.029999
3218.000000 211.891724 0.184000 108.125000
3219.875000 212.101669 0.184000 108.235001
3223.250000 212.101669 0.184000 108.320000
3226.250000 212.311630 0.184000 108.425003
3228.625000 212.521530 0.184000 108.529999
3230.125000 212.751404 0.184000 108.625000
3231.500000 212.961258 0.184000 108.724998
3232.375000 213.171143 0.184000 108.824997
3233.500000 213.381027 0.204000 108.925003
3234.125000 213.590912 0.204000 109.029999
3235.625000 213.800812 0.204000 109.125000
3237.625000 214.020615 0.204000 109.224998
3238.375000 214.239883 0.204000 109.330002
3239.500000 214.459137 0.204000 109.425003
3240.625000 214.668686 0.204000 109.525002
3241.500000 214.878403 0.204000 109.625000
3242.000000 215.088242 0.204000 109.735001
3242.875000 215.297882 0.188000 109.824997
3243.500000 215.297882 0.188000 109.919998
3243.875000 215.507294 0.188000 110.025002
3244.375000 215.745956 0.188000 110.120003
3244.750000 215.954636 0.188000 110.224998
3244.875000 216.163574 0.188000 110.324997
3245.625000 216.372910 0.188000 110.425003
3246.250000 216.582504 0.188000 110.519997
3246.375000 216.792221 0.188000 110.625000
3246.500000 217.022034 0.188000 110.724998
3247.125000 217.231995 0.187000 110.815002
3247.625000 217.462006 0.187000 110.925003
3248.375000 217.681793 0.187000 111.035004
3248.750000 217.890976 0.187000 111.125000
3249.375000 218.099487 0.187000 111.230003
3250.000000 218.099487 0.187000 111.324997
3250.125000 218.307861 0.187000 111.425003
3250.375000 218.535980 0.187000 111.529999
3250.750000 218.754486 0.187000 111.625000
3251.250000 218.999573 0.187000 111.724998
3252.000000 219.204239 0.159000 111.830002
3252.125000 219.412460 0.159000 111.925003
3252.250000 219.615372 0.159000 112.029999
3252.750000 219.615372 0.159000 112.129997
3252.750000 219.820190 0.159000 112.235001
3253.125000 220.042023 0.159000 112.324997
3253.250000 220.248413 0.159000 112.425003
3253.500000 220.456894 0.159000 112.525002
3253.625000 220.696503 0.159000 112.625000
3253.750000 220.904205 0.159000 112.724998
3253.875000 221.112717 0.158000 112.824997
3254.000000 221.318405 0.158000 112.925003
3254.500000 221.318405 0.158000 113.029999
3254.750000 221.543396 0.158000 113.125000
3255.125000 221.543396 0.158000 113.235001
3255.375000 221.543396 0.158000 113.324997
3255.750000 221.743759 0.158000 113.425003
3256.000000 221.743759 0.158000 113.525002
3256.250000 221.743759 0.158000 113.625000
3256.500000 221.743759 0.158000 113.724998
3256.625000 221.743759 0.154000 113.824997
3257.125000 221.743759 0.154000 113.930000
3257.500000 221.743759 0.154000 114.019997
3257.750000 221.943970 0.154000 114.135002
3258.000000 221.943970 0.154000 114.224998
3258.000000 221.943970 0.154000 114.330002
3258.375000 221.943970 0.154000 114.425003
3258.625000 221.943970 0.154000 114.529999
3258.625000 221.943970 0.154000 114.625000
3259.125000 221.943970 0.154000 114.724998
3259.250000 221.943970 0.149000 114.824997
3259.250000 221.943970 0.149000 114.930000
3259.250000 221.943970 0.149000 115.025002
3259.375000 221.943970 0.149000 115.129997
3259.375000 221.943970 0.149000 115.230003
3259.750000 221.943970 0.149000 115.324997
3260.125000 221.943970 0.149000 115.425003
3260.375000 222.162430 0.149000 115.525002
3260.500000 222.368591 0.149000 115.625000
3260.625000 222.569046 0.149000 115.730003
3261.125000 222.783325 0.159000 115.834999
3261.625000 222.985489 0.159000 115.930000
3261.750000 223.191376 0.159000 116.035004
3261.875000 223.191376 0.159000 116.125000
3262.125000 223.418991 0.159000 116.235001
3262.500000 223.637680 0.159000 116.330002
3262.500000 223.846893 0.159000 116.425003
3262.625000 224.056351 0.159000 116.529999
3263.375000 224.266006 0.159000 116.635002
3263.625000 224.475769 0.159000 116.724998
3263.625000 224.695557 0.137000 116.824997
3263.750000 224.925323 0.137000 116.925003
3263.875000 225.155106 0.137000 117.029999
3264.125000 225.364960 0.137000 117.129997
3264.750000 225.574844 0.137000 117.224998
3265.000000 225.784729 0.137000 117.330002
3265.125000 225.784729 0.137000 117.430000
3265.625000 226.004578 0.137000 117.540001
3265.750000 226.234329 0.137000 117.635002
3266.000000 226.443939 0.137000 117.730003
3266.375000 226.653564 0.145000 117.830002
3266.875000 226.863297 0.145000 117.930000
3267.125000 227.103088 0.145000 118.035004
3267.125000 227.313004 0.145000 118.125000
3267.250000 227.532974 0.145000 118.224998
3267.500000 227.732971 0.145000 118.330002
3267.625000 227.932983 0.145000 118.430000
3268.125000 228.133011 0.145000 118.519997
3268.125000 228.333038 0.145000 118.629997
3268.250000 228.533081 0.145000 118.730003
3268.500000 228.743118 0.161000 118.824997
3268.750000 228.953018 0.161000 118.930000
3269.125000 229.162781 0.161000 119.035004
3269.625000 229.372482 0.161000 119.125000
3269.875000 229.582275 0.161000 119.230003
3270.500000 229.582275 0.161000 119.324997
3271.500000 229.792130 0.161000 119.430000
3272.000000 230.022034 0.161000 119.525002
3272.875000 230.231979 0.161000 119.620003
3274.375000 230.441925 0.161000 119.730003
3275.250000 230.651901 0.184000 119.830002
3277.000000 230.851898 0.184000 119.925003
3279.500000 231.061813 0.184000 120.029999
3280.125000 231.311356 0.184000 120.125000
3280.250000 231.520935 0.184000 120.230003
3282.375000 231.730392 0.184000 120.324997
3283.000000 231.940018 0.184000 120.430000
3283.250000 232.149780 0.184000 120.525002
3283.250000 232.359589 0.184000 120.629997
3283.375000 232.569458 0.184000 120.730003
3283.875000 232.779404 0.184000 120.830002
3284.875000 232.979401 0.213000 120.925003
3284.875000 233.179413 0.213000 121.029999
3285.250000 233.379456 0.213000 121.135002
3285.375000 233.579483 0.213000 121.224998
3285.875000 233.789444 0.213000 121.330002
3286.000000 233.789444 0.213000 121.415001
3286.375000 233.999390 0.213000 121.519997
3286.750000 234.219391 0.213000 121.629997
3287.500000 234.429413 0.213000 121.720001
3287.500000 234.659439 0.213000 121.824997
3287.625000 234.869431 0.186000 121.930000
3287.750000 235.089447 0.186000 122.035004
3288.125000 235.339478 0.186000 122.129997
3288.250000 235.549347 0.186000 122.214996
3288.625000 235.759064 0.186000 122.320000
3288.625000 235.968842 0.186000 122.425003
3289.125000 236.178482 0.186000 122.530998
3289.125000 236.387878 0.186000 122.629997
3289.250000 236.387878 0.186000 122.720001
3289.625000 236.627365 0.186000 122.824997
3289.875000 236.837128 0.192000 122.925003
3289.875000 237.046967 0.192000 123.025002
3290.250000 237.256851 0.192000 123.125000
3290.250000 237.496674 0.192000 123.230003
3290.500000 237.736481 0.192000 123.330002
3290.625000 237.946350 0.192000 123.425003
3290.750000 238.156204 0.192000 123.519997
3290.875000 238.366043 0.192000 123.625000
3291.125000 238.575867 0.192000 123.730003
3291.125000 238.575867 0.178000 123.824997
3291.750000 238.815689 0.178000 123.930000
3291.750000 239.025543 0.178000 124.025002
3291.875000 239.235352 0.178000 124.129997
3292.750000 239.445099 0.178000 124.230003
3292.750000 239.654861 0.178000 124.334999
3293.250000 239.894623 0.178000 124.425003
3293.375000 240.104477 0.178000 124.529999
3293.875000 240.314362 0.178000 124.625000
3294.000000 240.524246 0.178000 124.730003
3294.125000 240.734116 0.178000 124.824997
3294.125000 240.943954 0.191000 124.925003
3294.125000 241.153809 0.191000 125.025002
3294.500000 241.363708 0.191000 125.120003
3294.500000 241.573608 0.191000 125.224998
3294.625000 241.783493 0.191000 125.330002
3294.875000 241.783493 0.191000 125.430000
3295.000000 242.013397 0.191000 125.529999
3295.125000 242.223297 0.191000 125.625000
3295.125000 242.433212 0.191000 125.724998
3295.250000 242.683075 0.191000 125.830002
3295.625000 242.922943 0.196000 125.925003
3295.875000 243.132828 0.196000 126.029999
3296.125000 243.342712 0.196000 126.129997
3296.125000 243.552597 0.196000 126.224998
3296.500000 243.762405 0.196000 126.330002
3296.625000 243.972214 0.196000 126.425003
3296.625000 243.972214 0.196000 126.519997
3296.625000 244.182022 0.196000 126.625000
3297.250000 244.411606 0.196000 126.735001
3297.250000 244.630905 0.196000 126.830002
3297.375000 244.840332 0.195000 126.934998
3297.375000 245.049866 0.195000 127.029999
3297.375000 245.259537 0.195000 127.125000
3297.375000 245.469299 0.195000 127.224998
3297.500000 245.679092 0.195000 127.334999
3297.625000 245.908890 0.195000 127.419998
3297.750000 246.128540 0.195000 127.529999
3297.750000 246.338287 0.195000 127.620003
3298.125000 246.548111 0.195000 127.730003
3298.750000 246.757019 0.195000 127.824997
3299.875000 246.963821 0.210000 127.930000
3300.125000 246.963821 0.210000 128.024994
3300.500000 247.171066 0.210000 128.130005
3301.000000 247.379150 0.210000 128.225006
3301.750000 247.587326 0.210000 128.330002
3302.125000 247.795319 0.210000 128.425003
3303.750000 248.003052 0.210000 128.524994
3304.250000 248.240112 0.210000 128.625000
3306.500000 248.457138 0.210000 128.735001
3307.375000 248.683853 0.210000 128.835007
3308.500000 248.900650 0.312000 128.925003
3308.750000 249.107681 0.312000 129.024994
3309.375000 249.315506 0.312000 129.119995
3310.625000 249.524704 0.312000 129.229996
3311.375000 249.724854 0.312000 129.324997
3311.875000 249.925568 0.312000 129.429993
3312.875000 250.126373 0.312000 129.524994
3314.250000 250.326447 0.312000 129.630005
3315.250000 250.532730 0.312000 129.729996
3317.000000 250.532730 0.312000 129.830002
3318.125000 250.745972 0.312000 129.929993
3318.500000 250.951477 0.346000 130.024994
3319.875000 251.176605 0.346000 130.130005
3320.125000 251.176605 0.346000 130.225006
3320.750000 251.379044 0.346000 130.324997
3321.125000 251.606918 0.346000 130.434998
3321.500000 251.808197 0.346000 130.524994
3321.875000 251.808197 0.346000 130.625000
3322.375000 252.014297 0.346000 130.720001
3323.125000 252.220291 0.346000 130.824997
3323.500000 252.420288 0.270000 130.934998
3324.500000 252.420288 0.270000 131.020004
3324.875000 252.621536 0.270000 131.125000
3325.125000 252.824707 0.270000 131.225006
3326.000000 252.824707 0.270000 131.330002
3327.625000 253.029037 0.270000 131.429993
3328.750000 253.233948 0.270000 131.529999
3332.750000 253.439133 0.270000 131.630005
3334.875000 253.439133 0.270000 131.729996
3337.250000 253.643402 0.270000 131.830002
3340.875000 253.850098 0.238000 131.934998
3342.875000 254.051712 0.238000 132.029999
3344.625000 254.258911 0.238000 132.119995
3345.750000 254.463257 0.238000 132.225006
3348.375000 254.463257 0.238000 132.324997
3351.875000 254.670227 0.238000 132.425003
3352.625000 254.882568 0.238000 132.524994
3353.750000 254.882568 0.238000 132.625000
3354.625000 255.087326 0.238000 132.720001
3355.625000 255.315674 0.238000 132.835007
3356.125000 255.521149 0.298000 132.925003
3357.750000 255.521149 0.298000 133.035004
3359.250000 255.726364 0.298000 133.130005
3361.750000 255.942368 0.298000 133.225006
3364.875000 256.146057 0.298000 133.320007
3365.625000 256.146057 0.298000 133.425003
3368.250000 256.350281 0.298000 133.535004
3369.500000 256.555603 0.298000 133.625000
3370.125000 256.756256 0.298000 133.735001
3370.625000 256.756256 0.298000 133.820007
3371.375000 256.961243 0.272000 133.925003
3373.750000 257.164520 0.272000 134.029999
3374.125000 257.164520 0.272000 134.125000
3374.500000 257.383972 0.272000 134.235001
3375.250000 257.613129 0.272000 134.320007
3375.375000 257.613129 0.272000 134.429993
3375.750000 257.829803 0.272000 134.520004
3375.750000 258.033264 0.272000 134.619995
3376.125000 258.237579 0.272000 134.729996
3376.500000 258.237579 0.272000 134.830002
3376.500000 258.442352 0.251000 134.925003
3376.875000 258.655548 0.251000 135.029999
3377.875000 258.860962 0.251000 135.130005
3379.125000 258.860962 0.251000 135.225006
3379.500000 259.076843 0.251000 135.330002
3380.125000 259.284332 0.251000 135.425003
3381.125000 259.486786 0.251000 135.524994
3382.875000 259.691772 0.251000 135.615005
3385.125000 259.896851 0.251000 135.725006
3386.500000 260.099579 0.251000 135.830002
3386.750000 260.302521 0.223000 135.934998
3387.250000 260.302521 0.223000 136.029999
3387.500000 260.514679 0.223000 136.125000
3388.125000 260.717834 0.223000 136.220001
3388.500000 260.919250 0.223000 136.324997
3389.000000 260.919250 0.223000 136.429993
3389.500000 261.124817 0.223000 136.524994
3390.375000 261.330658 0.223000 136.630005
3390.375000 261.536743 0.223000 136.735001
3390.375000 261.536743 0.223000 136.824997
3390.625000 261.743042 0.212000 136.925003
3390.750000 261.948212 0.212000 137.024994
3391.125000 262.153351 0.212000 137.134995
3392.125000 262.153351 0.212000 137.225006
3392.250000 262.360291 0.212000 137.330002
3392.250000 262.566681 0.212000 137.425003
3392.750000 262.566681 0.212000 137.524994
3392.750000 262.769562 0.212000 137.625000
3392.875000 262.769562 0.212000 137.729996
3393.000000 262.769562 0.212000 137.820007
3393.750000 262.769562 0.190000 137.929993
3393.750000 262.970886 0.190000 138.029999
3393.750000 262.970886 0.190000 138.130005
3393.750000 262.970886 0.190000 138.229996
3393.875000 262.970886 0.190000 138.330002
3393.875000 262.970886 0.190000 138.425003
3393.875000 262.970886 0.190000 138.524994
3393.875000 262.970886 0.190000 138.634995
3394.125000 262.970886 0.190000 138.729996
3394.250000 262.970886 0.172000 138.830002
3394.250000 262.970886 0.172000 138.925003
3394.250000 262.970886 0.172000 139.024994
3394.250000 262.970886 0.172000 139.125000
3394.250000 262.970886 0.172000 139.229996
3394.250000 262.970886 0.172000 139.330002
3394.250000 262.970886 0.172000 139.425003
3394.250000 262.970886 0.172000 139.529999
3394.250000 262.970886 0.172000 139.619995
3394.250000 262.970886 0.172000 139.729996
3394.375000 263.173920 0.164000 139.824997
3394.750000 263.375031 0.164000 139.929993
3395.250000 263.375031 0.164000 140.029999
3395.500000 263.578156 0.164000 140.125000
3395.500000 263.779572 0.164000 140.225006
3396.250000 263.779572 0.164000 140.324997
3396.750000 264.007568 0.164000 140.429993
3397.000000 264.215759 0.164000 140.524994
3397.375000 264.424500 0.164000 140.630005
3397.375000 264.634064 0.164000 140.725006
3398.000000 264.838562 0.200000 140.824997
3398.625000 265.041809 0.200000 140.934998
3398.875000 265.244293 0.200000 141.029999
3399.250000 265.244293 0.200000 141.125000
3399.500000 265.447845 0.200000 141.225006
3400.250000 265.655579 0.200000 141.324997
3400.375000 265.856995 0.200000 141.425003
3400.375000 265.856995 0.200000 141.520004
3400.625000 266.063324 0.200000 141.630005
3401.375000 266.269043 0.200000 141.725006
3402.250000 266.482544 0.200000 141.830002
3402.625000 266.482544 0.205000 141.925003
3403.000000 266.690643 0.205000 142.035004
3404.250000 266.894928 0.205000 142.130005
3404.625000 266.894928 0.205000 142.229996
3404.875000 266.894928 0.205000 142.324997
3405.125000 267.095978 0.205000 142.425003
3405.375000 267.095978 0.205000 142.529999
3405.750000 267.095978 0.205000 142.630005
3405.750000 267.095978 0.205000 142.725006
3405.750000 267.095978 0.205000 142.830002
3406.125000 267.095978 0.200000 142.934998
3406.125000 267.095978 0.200000 143.029999
3406.125000 267.095978 0.200000 143.125000
3406.125000 267.095978 0.200000 143.229996
3406.250000 267.095978 0.200000 143.324997
3406.250000 267.095978 0.200000 143.419998
3406.250000 267.095978 0.200000 143.524994
3406.250000 267.095978 0.200000 143.630005
3406.250000 267.295990 0.200000 143.729996
3406.250000 267.295990 0.200000 143.830002
3406.250000 267.295990 0.192000 143.929993
3406.250000 267.295990 0.192000 144.024994
3406.250000 267.295990 0.192000 144.125000
3406.250000 267.295990 0.192000 144.229996
3406.250000 267.500702 0.192000 144.330002
3406.250000 267.500702 0.192000 144.429993
3406.375000 267.706482 0.192000 144.529999
3406.500000 267.919495 0.192000 144.630005
3406.500000 268.123901 0.192000 144.725006
3406.625000 268.326477 0.194000 144.830002
3407.250000 268.532532 0.194000 144.929993
3407.625000 268.739380 0.194000 145.024994
3408.000000 268.946136 0.194000 145.130005
3408.000000 269.152740 0.194000 145.235001
3408.000000 269.359863 0.194000 145.326004
3408.375000 269.359863 0.194000 145.425003
3408.500000 269.777039 0.194000 145.535004
3408.625000 269.777039 0.194000 145.630005
3408.625000 269.986450 0.194000 145.720001
3408.625000 270.196106 0.194000 145.820007
3408.750000 270.405884 0.204000 145.929993
3408.875000 270.615753 0.204000 146.024994
3409.125000 270.825531 0.204000 146.130005
3409.125000 271.035065 0.204000 146.229996
3409.250000 271.244568 0.204000 146.324997
3409.375000 271.454193 0.204000 146.429993
3409.500000 271.673920 0.204000 146.524994
3409.500000 271.883698 0.204000 146.625000
3409.625000 272.103516 0.204000 146.725006
3409.750000 272.323364 0.188000 146.830002
3410.000000 272.533295 0.188000 146.929993
3410.000000 272.743225 0.188000 147.024994
3410.125000 272.953156 0.188000 147.125000
3410.250000 272.953156 0.188000 147.225006
3410.250000 273.163086 0.188000 147.330002
3410.375000 273.383026 0.188000 147.429993
3410.375000 273.602905 0.188000 147.520004
3410.375000 273.812561 0.188000 147.630005
3410.625000 274.021667 0.188000 147.729996
3410.750000 274.230072 0.188000 147.824997
3410.875000 274.457458 0.205000 147.925003
3410.875000 274.657562 0.205000 148.024994
3410.875000 274.866241 0.205000 148.134995
3410.875000 274.866241 0.205000 148.225006
3410.875000 275.070557 0.205000 148.324997
3410.875000 275.070557 0.205000 148.425003
3411.125000 275.070557 0.205000 148.529999
3411.125000 275.270935 0.205000 148.630005
3411.125000 275.270935 0.205000 148.735001
3411.250000 275.270935 0.205000 148.830002
3411.250000 275.270935 0.237000 148.919998
3411.250000 275.270935 0.237000 149.029999
3411.375000 275.270935 0.237000 149.125000
3411.500000 275.270935 0.237000 149.225006
3411.625000 275.270935 0.237000 149.330002
3411.625000 275.270935 0.237000 149.425003
3411.625000 275.270935 0.237000 149.524994
3411.750000 275.270935 0.237000 149.625000
3411.750000 275.270935 0.237000 149.725006
3411.875000 275.270935 0.237000 149.824997
3411.875000 275.270935 0.199000 149.934998
3411.875000 275.270935 0.199000 150.024994
3412.125000 275.270935 0.199000 150.125000
3412.250000 275.270935 0.199000 150.229996
3412.250000 275.270935 0.199000 150.324997
3412.500000 275.270935 0.199000 150.419998
3412.500000 275.270935 0.199000 150.524994
3412.750000 275.270935 0.199000 150.619995
3412.750000 275.270935 0.199000 150.725006
3412.750000 275.270935 0.199000 150.830002
3413.000000 275.270935 0.194000 150.929993
3413.000000 275.270935 0.194000 151.029999
3413.000000 275.270935 0.194000 151.130005
3413.000000 275.270935 0.194000 151.220001
3413.000000 275.495514 0.194000 151.330002
3413.125000 275.698456 0.194000 151.425003
3413.125000 275.901489 0.194000 151.520004
3413.125000 276.103149 0.194000 151.619995
3413.125000 276.103149 0.194000 151.720001
3413.125000 276.516327 0.197000 151.835007
3413.250000 276.516327 0.197000 151.925003
3413.250000 276.725098 0.197000 152.035004
3413.250000 276.964447 0.197000 152.125000
3413.250000 277.194244 0.197000 152.225006
3413.250000 277.414246 0.197000 152.330002
3413.250000 277.634399 0.197000 152.434998
3413.250000 277.854584 0.197000 152.524994
3413.250000 278.054688 0.197000 152.630005
3413.250000 278.254761 0.197000 152.725006
3413.375000 278.464691 0.197000 152.830002
3413.500000 278.674622 0.216000 152.925003
3413.500000 278.874664 0.216000 153.029999
3413.500000 279.074738 0.216000 153.130005
3413.625000 279.274872 0.216000 153.229996
3413.625000 279.475037 0.216000 153.330002
3413.750000 279.675140 0.216000 153.429993
3413.875000 279.885132 0.216000 153.524994
3413.875000 280.085175 0.216000 153.625000
3414.125000 280.285278 0.216000 153.725006
3414.500000 280.495209 0.216000 153.830002
3414.625000 280.704865 0.208000 153.925003
3414.750000 280.914368 0.208000 154.029999
3414.875000 280.914368 0.208000 154.130005
3415.125000 281.144012 0.208000 154.225006
3415.250000 281.363800 0.208000 154.320007
3415.500000 281.593292 0.208000 154.429993
3415.625000 281.822144 0.208000 154.524994
3415.625000 282.031128 0.208000 154.634995
3415.750000 282.260071 0.208000 154.725006
3415.750000 282.469482 0.208000 154.830002
3415.875000 282.679169 0.188000 154.925003
3416.000000 282.888611 0.188000 155.024994
3416.000000 283.097748 0.188000 155.130005
3416.125000 283.307251 0.188000 155.229996
3416.250000 283.307251 0.188000 155.324997
3416.250000 283.517242 0.188000 155.429993
3416.625000 283.747559 0.188000 155.529999
3416.750000 283.947968 0.188000 155.634995
3417.250000 284.148438 0.188000 155.729996
3417.250000 284.348969 0.188000 155.830002
3417.250000 284.549530 0.194000 155.925003
3417.375000 284.750183 0.194000 156.024994
3417.500000 284.950867 0.194000 156.130005
3417.500000 285.151581 0.194000 156.225006
3418.125000 285.352264 0.194000 156.324997
3418.625000 285.552948 0.194000 156.429993
3418.625000 285.753601 0.194000 156.524994
3419.125000 285.954254 0.194000 156.619995
3419.125000 286.205048 0.194000 156.725006
3419.375000 286.425751 0.181000 156.835007
3419.500000 286.635315 0.181000 156.934998
3419.875000 286.846344 0.181000 157.029999
3421.000000 286.846344 0.181000 157.125000
3422.125000 287.053467 0.181000 157.229996
3422.250000 287.053467 0.181000 157.324997
3422.250000 287.255951 0.181000 157.434998
3422.375000 287.255951 0.181000 157.524994
3422.625000 287.255951 0.181000 157.625000
3422.875000 287.255951 0.181000 157.725006
3422.875000 287.456604 0.127000 157.820007
3422.875000 287.456604 0.127000 157.934998
3423.125000 287.456604 0.127000 158.024994
3423.625000 287.456604 0.127000 158.119995
3423.625000 287.456604 0.127000 158.235001
3423.625000 287.456604 0.127000 158.324997
3423.625000 287.456604 0.127000 158.429993
3423.625000 287.456604 0.127000 158.529999
3423.625000 287.456604 0.127000 158.634995
3423.750000 287.456604 0.127000 158.725006
3423.750000 287.456604 0.119000 158.824997
3423.750000 287.456604 0.119000 158.929993
3423.875000 287.456604 0.119000 159.024994
3424.250000 287.456604 0.119000 159.125000
3424.250000 287.456604 0.119000 159.235001
3424.250000 287.456604 0.119000 159.324997
3424.250000 287.456604 0.119000 159.425003
3424.375000 287.456604 0.119000 159.529999
3424.375000 287.456604 0.119000 159.630005
3424.375000 287.456604 0.119000 159.725006
3424.500000 287.456604 0.132000 159.824997
3424.500000 287.456604 0.132000 159.925003
3424.625000 287.456604 0.132000 160.029999
3424.625000 287.456604 0.132000 160.125000
3424.625000 287.658813 0.132000 160.229996
3424.625000 287.863312 0.132000 160.324997
3424.750000 287.863312 0.132000 160.425003
3424.750000 288.089233 0.132000 160.535004
3424.750000 288.290375 0.132000 160.625000
3424.875000 288.496460 0.132000 160.725006
3424.875000 288.734863 0.123000 160.824997
3424.875000 288.974823 0.123000 160.925003
3424.875000 289.175323 0.123000 161.020004
3425.000000 289.376099 0.123000 161.125000
3425.125000 289.576996 0.123000 161.235001
3425.250000 289.777802 0.123000 161.324997
3425.250000 289.978241 0.123000 161.425003
3425.250000 290.198486 0.123000 161.529999
3425.250000 290.398834 0.123000 161.625000
3425.500000 290.619110 0.123000 161.735001
3425.750000 290.819305 0.132000 161.830002
3425.750000 291.019501 0.132000 161.929993
3425.750000 291.219574 0.132000 162.029999
3425.750000 291.429565 0.132000 162.134995
3425.750000 291.629730 0.132000 162.235001
3425.750000 291.830048 0.132000 162.324997
3425.750000 292.030396 0.132000 162.429993
3425.750000 292.230804 0.132000 162.524994
3425.750000 292.431213 0.132000 162.630005
3425.750000 292.631592 0.132000 162.720001
3425.750000 292.832001 0.160000 162.824997
3425.875000 293.032410 0.160000 162.919998
3425.875000 293.232483 0.160000 163.024994
3425.875000 293.441833 0.160000 163.125000
3426.000000 293.441833 0.160000 163.225006
3426.000000 293.680084 0.160000 163.324997
3426.000000 293.887695 0.160000 163.425003
3426.000000 294.094910 0.160000 163.520004
3426.000000 294.302246 0.160000 163.625000
3426.000000 294.510345 0.160000 163.729996
3426.000000 294.758728 0.159000 163.830002
3426.000000 294.967468 0.159000 163.919998
3426.000000 295.176636 0.159000 164.020004
3426.125000 295.386047 0.159000 164.130005
3426.125000 295.595703 0.159000 164.229996
3426.125000 295.805603 0.159000 164.330002
3426.125000 296.005646 0.159000 164.434998
3426.125000 296.205719 0.159000 164.529999
3426.125000 296.415436 0.159000 164.630005
3426.125000 296.624817 0.159000 164.735001
3426.125000 296.834167 0.166000 164.830002
3426.250000 296.834167 0.166000 164.929993
3426.250000 297.073578 0.166000 165.024994
3426.250000 297.283295 0.166000 165.125000
3426.375000 297.493103 0.166000 165.225006
3426.500000 297.702972 0.166000 165.324997
3426.625000 297.982880 0.166000 165.425003
3427.125000 298.202759 0.166000 165.535004
3427.125000 298.412689 0.166000 165.630005
3427.250000 298.412689 0.166000 165.720001
3427.250000 298.622284 0.151000 165.824997
3427.625000 298.831116 0.151000 165.929993
3427.750000 299.039673 0.151000 166.024994
3427.875000 299.248627 0.151000 166.130005
3428.000000 299.467743 0.151000 166.229996
3428.250000 299.706787 0.151000 166.330002
3428.625000 299.934052 0.151000 166.440002
3428.625000 300.150757 0.151000 166.535004
3428.625000 300.357819 0.151000 166.639999
3428.875000 300.357819 0.151000 166.729996
3429.250000 300.564117 0.163000 166.830002
3429.500000 300.770264 0.163000 166.934998
3429.500000 300.770264 0.163000 167.024994
3430.000000 300.975220 0.163000 167.134995
3430.125000 301.187958 0.163000 167.229996
3430.375000 301.394104 0.163000 167.335007
3430.625000 301.394104 0.163000 167.429993
3431.375000 301.600433 0.163000 167.524994
3431.750000 301.807190 0.163000 167.625000
3432.250000 301.807190 0.163000 167.735001
3432.375000 302.030457 0.173000 167.830002
3432.750000 302.232269 0.173000 167.929993
3433.000000 302.434052 0.173000 168.029999
3433.250000 302.434052 0.173000 168.130005
3433.875000 302.636261 0.173000 168.235001
3434.375000 302.839111 0.173000 168.339996
3434.875000 302.839111 0.173000 168.425003
3435.000000 303.042847 0.173000 168.524994
3435.625000 303.247437 0.173000 168.630005
3435.750000 303.452362 0.173000 168.735001
3436.125000 303.452362 0.170000 168.830002
3437.000000 303.680084 0.170000 168.934998
3437.500000 303.890472 0.170000 169.029999
3438.125000 304.097839 0.170000 169.130005
3439.250000 304.302002 0.170000 169.225006
3440.000000 304.504089 0.170000 169.335007
3441.000000 304.504089 0.170000 169.425003
3442.375000 304.729767 0.170000 169.535004
3442.625000 304.967651 0.170000 169.634995
3442.875000 305.176697 0.170000 169.735001
3442.875000 305.383789 0.192000 169.830002
3443.500000 305.620667 0.192000 169.934998
3443.625000 305.828156 0.192000 170.024994
3443.875000 306.030304 0.192000 170.134995
3444.250000 306.235321 0.192000 170.240005
3444.375000 306.441711 0.192000 170.335007
3444.750000 306.648468 0.192000 170.434998
3444.750000 306.855072 0.192000 170.529999
3445.000000 307.060974 0.192000 170.639999
3445.250000 307.060974 0.192000 170.729996
3445.750000 307.290955 0.192000 170.830002
3446.000000 307.499023 0.202000 170.929993
3446.375000 307.702972 0.202000 171.024994
3446.750000 307.702972 0.202000 171.139999
3447.000000 307.919281 0.202000 171.229996
3447.500000 307.919281 0.202000 171.330002
3447.625000 307.919281 0.202000 171.429993
3447.625000 308.120514 0.202000 171.539993
3447.625000 308.120514 0.202000 171.634995
3447.750000 308.120514 0.202000 171.729996
3447.875000 308.120514 0.202000 171.835007
3447.875000 308.120514 0.271000 171.929993
3447.875000 308.120514 0.271000 172.024994
3448.125000 308.120514 0.271000 172.130005
3448.250000 308.120514 0.271000 172.229996
3448.375000 308.120514 0.271000 172.324997
3448.500000 308.120514 0.271000 172.429993
3448.625000 308.120514 0.271000 172.529999
3448.750000 308.120514 0.271000 172.630005
3448.875000 308.120514 0.271000 172.729996
3449.000000 308.120514 0.271000 172.824997
3449.125000 308.120514 0.232000 172.925003
3449.250000 308.120514 0.232000 173.024994
3449.250000 308.120514 0.232000 173.130005
3449.375000 308.320526 0.232000 173.229996
3450.375000 308.320526 0.232000 173.324997
3450.750000 308.521973 0.232000 173.419998
3451.250000 308.723694 0.232000 173.524994
3452.375000 308.925934 0.232000 173.619995
3453.375000 309.127197 0.232000 173.720001
3454.000000 309.332703 0.232000 173.824997
3454.500000 309.540314 0.229000 173.919998
3455.000000 309.748260 0.229000 174.020004
3455.750000 309.955658 0.229000 174.130005
3456.750000 309.955658 0.229000 174.214996
3457.625000 310.370667 0.229000 174.330002
3458.500000 310.578888 0.229000 174.434998
3459.125000 310.578888 0.229000 174.524994
3459.500000 310.797638 0.229000 174.625000
3459.750000 311.006683 0.229000 174.729996
3460.000000 311.215881 0.229000 174.830002
3460.375000 311.425476 0.347000 174.925003
3460.375000 311.635345 0.347000 175.024994
3460.875000 311.845184 0.347000 175.130005
3461.125000 312.054993 0.347000 175.225006
3461.250000 312.284729 0.347000 175.324997
3461.250000 312.524231 0.347000 175.429993
3461.250000 312.731079 0.347000 175.524994
3461.625000 312.933441 0.347000 175.634995
3462.000000 312.933441 0.347000 175.729996
3462.000000 313.133850 0.347000 175.824997
3462.000000 313.133850 0.281000 175.925003
3462.000000 313.334351 0.281000 176.024994
3462.625000 313.334351 0.281000 176.130005
3462.750000 313.334351 0.281000 176.225006
3462.750000 313.334351 0.281000 176.330002
3463.000000 313.334351 0.281000 176.425003
3463.125000 313.334351 0.281000 176.524994
3463.375000 313.534576 0.281000 176.630005
3463.500000 313.534576 0.281000 176.729996
3463.625000 313.534576 0.281000 176.820007
3464.000000 313.534576 0.264000 176.925003
3464.125000 313.534576 0.264000 177.035004
3464.250000 313.534576 0.264000 177.125000
3464.625000 313.534576 0.264000 177.225006
3464.625000 313.534576 0.264000 177.330002
3464.625000 313.534576 0.264000 177.429993
3465.000000 313.534576 0.264000 177.524994
3465.375000 313.534576 0.264000 177.634995
3465.500000 313.534576 0.264000 177.725006
3465.750000 313.534576 0.264000 177.815002
3465.750000 313.534576 0.243000 177.925003
3466.000000 313.534576 0.243000 178.029999
3466.125000 313.534576 0.243000 178.130005
3466.125000 313.739868 0.243000 178.225006
3466.125000 313.739868 0.243000 178.330002
3466.625000 313.941925 0.243000 178.425003
3467.125000 314.147003 0.243000 178.529999
3467.750000 314.147003 0.243000 178.615005
3467.750000 314.351593 0.243000 178.729996
3468.000000 314.558685 0.243000 178.835007
3468.500000 314.760193 0.263000 178.929993
3468.625000 314.760193 0.263000 179.029999
3469.000000 314.963440 0.263000 179.130005
3469.000000 315.167572 0.263000 179.225006
3469.250000 315.372223 0.263000 179.330002
3469.375000 315.372223 0.263000 179.425003
3469.500000 315.579956 0.263000 179.529999
3469.625000 315.801453 0.263000 179.625000
3470.375000 316.007843 0.263000 179.729996
3470.875000 316.209930 0.263000 179.824997
3471.375000 316.413940 0.232000 179.925003
3471.375000 316.616791 0.232000 180.029999
3471.875000 316.616791 0.232000 180.125000
3472.125000 316.819275 0.232000 180.229996
3472.875000 316.819275 0.232000 180.324997
3473.250000 317.019348 0.232000 180.429993
3473.750000 317.019348 0.232000 180.529999
3474.000000 317.019348 0.232000 180.625000
3474.625000 317.220978 0.232000 180.725006
3474.750000 317.220978 0.232000 180.820007
3475.125000 317.220978 0.253000 180.925003
3475.375000 317.220978 0.253000 181.024994
3475.625000 317.220978 0.253000 181.130005
3476.000000 317.220978 0.253000 181.235001
3476.500000 317.220978 0.253000 181.324997
3476.625000 317.220978 0.253000 181.425003
3477.000000 317.220978 0.253000 181.524994
3477.500000 317.220978 0.253000 181.630005
3478.125000 317.220978 0.253000 181.729996
3478.125000 317.220978 0.253000 181.830002
3478.375000 317.220978 0.256000 181.925003
3478.625000 317.220978 0.256000 182.024994
3479.000000 317.220978 0.256000 182.125000
3479.000000 317.220978 0.256000 182.225006
3479.125000 317.220978 0.256000 182.335007
3479.125000 317.220978 0.256000 182.429993
3479.750000 317.220978 0.256000 182.529999
3480.500000 317.220978 0.256000 182.625000
3480.750000 317.220978 0.256000 182.720001
3480.875000 317.437500 0.256000 182.830002
3481.125000 317.643768 0.245000 182.929993
3481.500000 317.643768 0.245000 183.024994
3481.750000 317.861420 0.245000 183.125000
3481.875000 318.075500 0.245000 183.220001
3482.000000 318.276886 0.245000 183.330002
3482.000000 318.276886 0.245000 183.419998
3482.125000 318.495239 0.245000 183.535004
3482.125000 318.699829 0.245000 183.625000
3482.125000 318.699829 0.245000 183.725006
3482.375000 318.912018 0.245000 183.820007
3482.375000 319.123596 0.251000 183.929993
3482.375000 319.123596 0.251000 184.029999
3482.375000 319.326996 0.251000 184.130005
3482.375000 319.326996 0.251000 184.225006
3482.375000 319.326996 0.251000 184.330002
3482.500000 319.326996 0.251000 184.419998
3482.625000 319.527039 0.251000 184.535004
3482.750000 319.527039 0.251000 184.634995
3482.750000 319.527039 0.251000 184.720001
3482.750000 319.527039 0.251000 184.824997
3482.750000 319.527039 0.235000 184.934998
3482.750000 319.527039 0.235000 185.029999
3482.750000 319.527039 0.235000 185.130005
3482.750000 319.527039 0.235000 185.229996
3482.750000 319.527039 0.235000 185.335007
3482.750000 319.527039 0.235000 185.429993
3483.125000 319.527039 0.235000 185.529999
3483.125000 319.527039 0.235000 185.630005
3483.125000 319.527039 0.235000 185.725006
3483.125000 319.527039 0.235000 185.824997
3483.250000 319.527039 0.238000 185.925003
3483.500000 319.527039 0.238000 186.035004
3483.625000 319.727356 0.238000 186.130005
3483.750000 319.933075 0.238000 186.225006
3484.250000 319.933075 0.238000 186.335007
3484.250000 320.136353 0.238000 186.434998
3484.250000 320.353424 0.238000 186.524994
3484.375000 320.353424 0.238000 186.630005
3484.500000 320.574738 0.238000 186.725006
3484.500000 320.801697 0.238000 186.824997
3484.750000 321.009125 0.227000 186.929993
3484.875000 321.215820 0.227000 187.024994
3485.125000 321.215820 0.227000 187.134995
3486.250000 321.422333 0.227000 187.229996
3486.875000 321.627167 0.227000 187.330002
3487.625000 321.829224 0.227000 187.425003
3488.625000 321.829224 0.227000 187.529999
3489.625000 322.031006 0.227000 187.634995
3491.375000 322.248505 0.227000 187.729996
3493.125000 322.248505 0.227000 187.820007
3494.500000 322.466888 0.237000 187.929993
3496.875000 322.678467 0.237000 188.024994
3498.125000 322.883270 0.237000 188.119995
3499.125000 322.883270 0.237000 188.229996
3501.750000 323.086853 0.237000 188.330002
3503.625000 323.292725 0.237000 188.425003
3505.750000 323.509705 0.237000 188.529999
3508.125000 323.732178 0.237000 188.625000
3510.125000 323.937561 0.237000 188.725006
3512.375000 324.142548 0.237000 188.824997
3513.250000 324.350891 0.253000 188.919998
3516.250000 324.559418 0.253000 189.024994
3517.875000 324.559418 0.253000 189.134995
3518.625000 324.770416 0.253000 189.225006
3519.750000 324.991638 0.253000 189.330002
3520.625000 325.196045 0.253000 189.425003
3521.250000 325.196045 0.253000 189.524994
3522.375000 325.439331 0.253000 189.630005
3522.750000 325.439331 0.253000 189.725006
3524.375000 325.643707 0.253000 189.835007
3525.625000 325.869324 0.265000 189.929993
3526.000000 326.073273 0.265000 190.029999
3526.375000 326.073273 0.265000 190.130005
3527.000000 326.277924 0.265000 190.225006
3527.375000 326.484711 0.265000 190.335007
3528.250000 326.484711 0.265000 190.425003
3528.875000 326.693115 0.265000 190.524994
3530.250000 326.909973 0.265000 190.630005
3531.125000 327.113159 0.265000 190.729996
3531.500000 327.113159 0.265000 190.830002
3532.500000 327.317627 0.229000 190.934998
3532.750000 327.521606 0.229000 191.029999
3533.000000 327.521606 0.229000 191.130005
3533.250000 327.725830 0.229000 191.220001
3533.375000 327.725830 0.229000 191.335007
3533.375000 327.725830 0.229000 191.429993
3533.500000 327.926697 0.229000 191.524994
3533.750000 327.926697 0.229000 191.634995
3534.875000 327.926697 0.229000 191.725006
3535.500000 327.926697 0.229000 191.824997
3535.500000 327.926697 0.213000 191.925003
3535.625000 327.926697 0.213000 192.031006
3535.750000 327.926697 0.213000 192.119995
3535.875000 327.926697 0.213000 192.220001
3535.875000 327.926697 0.213000 192.335007
3536.000000 327.926697 0.213000 192.425003
3536.125000 327.926697 0.213000 192.535004
3536.125000 327.926697 0.213000 192.615005
3536.125000 327.926697 0.213000 192.729996
3536.250000 327.926697 0.213000 192.835007
3536.375000 327.926697 0.196000 192.925003
3536.375000 328.127045 0.196000 193.035004
3536.500000 328.127045 0.196000 193.134995
3536.500000 328.344147 0.196000 193.220001
3536.750000 328.344147 0.196000 193.320007
3537.250000 328.552399 0.196000 193.425003
3537.375000 328.753479 0.196000 193.529999
3537.375000 328.958405 0.196000 193.619995
3537.875000 328.958405 0.196000 193.725006
3538.125000 329.162140 0.196000 193.824997
3538.500000 329.369690 0.202000 193.919998
3538.500000 329.572083 0.202000 194.035004
3538.500000 329.572083 0.202000 194.130005
3538.500000 329.775055 0.202000 194.220001
3538.500000 329.985138 0.202000 194.330002
3538.875000 329.985138 0.202000 194.425003
3540.000000 330.189026 0.202000 194.524994
3540.750000 330.409332 0.202000 194.625000
3541.625000 330.409332 0.202000 194.720001
3542.000000 330.629547 0.202000 194.830002
3542.500000 330.831329 0.213000 194.929993
3542.750000 331.055847 0.213000 195.029999
3543.375000 331.260834 0.213000 195.130005
3543.375000 331.463531 0.213000 195.225006
3543.875000 331.669891 0.213000 195.324997
3543.875000 331.877930 0.213000 195.419998
3544.125000 332.086151 0.213000 195.524994
3544.125000 332.086151 0.213000 195.619995
3544.125000 332.293793 0.213000 195.729996
3545.250000 332.510437 0.213000 195.824997
3545.875000 332.716400 0.210000 195.925003
3546.000000 332.921844 0.210000 196.020004
3546.750000 333.155029 0.210000 196.125000
3547.250000 333.371216 0.210000 196.229996
3548.500000 333.574585 0.210000 196.324997
3549.750000 333.574585 0.210000 196.425003
3550.750000 333.780243 0.210000 196.529999
3550.875000 333.982117 0.210000 196.619995
3551.250000 333.982117 0.210000 196.714996
3552.375000 334.187531 0.205000 196.830002
3552.500000 334.394989 0.205000 196.929993
3552.875000 334.642395 0.205000 197.024994
3553.250000 334.642395 0.205000 197.130005
3554.000000 334.866058 0.205000 197.235001
3554.125000 335.073547 0.205000 197.330002
3554.375000 335.273590 0.205000 197.419998
3554.875000 335.476288 0.205000 197.524994
3556.000000 335.681274 0.205000 197.630005
3558.750000 335.681274 0.205000 197.729996
3559.500000 335.918854 0.169000 197.824997
3562.625000 336.119019 0.169000 197.929993
3563.625000 336.319580 0.169000 198.029999
3564.250000 336.552185 0.169000 198.125000
3565.375000 336.552185 0.169000 198.229996
3566.250000 336.762024 0.169000 198.324997
3567.250000 336.762024 0.169000 198.429993
3568.000000 336.762024 0.169000 198.529999
3568.250000 336.962280 0.169000 198.619995
3568.875000 336.962280 0.169000 198.729996
3569.125000 336.962280 0.156000 198.830002
3569.125000 336.962280 0.156000 198.934998
3569.500000 336.962280 0.156000 199.029999
3569.625000 336.962280 0.156000 199.130005
3569.750000 336.962280 0.156000 199.225006
3570.000000 336.962280 0.156000 199.335007
3570.500000 336.962280 0.156000 199.429993
3570.875000 336.962280 0.156000 199.524994
3571.000000 336.962280 0.156000 199.625000
3571.125000 336.962280 0.156000 199.725006
3571.250000 336.962280 0.150000 199.820007
3571.375000 336.962280 0.150000 199.929993
3571.500000 336.962280 0.150000 200.024994
3571.750000 336.962280 0.150000 200.130005
3572.125000 336.962280 0.150000 200.229996
3572.500000 336.962280 0.150000 200.324997
3572.500000 336.962280 0.150000 200.425003
3572.750000 336.962280 0.150000 200.529999
3573.125000 336.962280 0.150000 200.625000
3573.250000 336.962280 0.150000 200.729996
3573.500000 336.962280 0.147000 200.824997
3573.625000 336.962280 0.147000 200.925003
3574.125000 336.962280 0.147000 201.029999
3574.250000 336.962280 0.147000 201.125000
3574.250000 336.962280 0.147000 201.225006
3574.375000 337.169037 0.147000 201.335007
3574.500000 337.169037 0.147000 201.425003
3574.500000 337.371368 0.147000 201.526001
3574.500000 337.576080 0.147000 201.625000
3574.500000 337.800293 0.147000 201.735001
3574.625000 338.039825 0.160000 201.824997
3574.750000 338.251587 0.160000 201.929993
3574.750000 338.458649 0.160000 202.024994
3574.750000 338.664459 0.160000 202.125000
3574.750000 338.664459 0.160000 202.225006
3574.875000 338.873260 0.160000 202.330002
3574.875000 339.099915 0.160000 202.425003
3574.875000 339.099915 0.160000 202.529999
3575.000000 339.314240 0.160000 202.630005
3575.000000 339.520691 0.160000 202.725006
3575.000000 339.721344 0.167000 202.835007
3575.125000 339.721344 0.167000 202.929993
3575.125000 339.944550 0.167000 203.029999
3575.125000 339.944550 0.167000 203.125000
3575.125000 340.145538 0.167000 203.225006
3575.125000 340.145538 0.167000 203.330002
3575.125000 340.145538 0.167000 203.419998
3575.125000 340.145538 0.167000 203.520004
3575.125000 340.346527 0.167000 203.630005
3575.250000 340.346527 0.167000 203.720001
3575.250000 340.346527 0.167000 203.830002
3575.375000 340.346527 0.176000 203.929993
3575.500000 340.346527 0.176000 204.024994
3575.500000 340.346527 0.176000 204.134995
3575.500000 340.346527 0.176000 204.229996
3575.500000 340.346527 0.176000 204.324997
3575.500000 340.346527 0.176000 204.434998
3575.500000 340.346527 0.176000 204.524994
3575.500000 340.346527 0.176000 204.630005
3575.625000 340.346527 0.176000 204.729996
3575.750000 340.346527 0.173000 204.824997
3575.875000 340.561188 0.173000 204.925003
3576.125000 340.561188 0.173000 205.020004
3576.125000 340.773376 0.173000 205.134995
3576.250000 340.979340 0.173000 205.229996
3576.250000 340.979340 0.173000 205.330002
3576.250000 341.186798 0.173000 205.429993
3576.375000 341.389984 0.173000 205.520004
3576.375000 341.609314 0.173000 205.634995
3576.375000 341.609314 0.173000 205.735001
3576.375000 341.827728 0.159000 205.824997
3576.500000 342.044434 0.159000 205.925003
3576.625000 342.248505 0.159000 206.024994
3576.750000 342.449646 0.159000 206.130005
3577.375000 342.653839 0.159000 206.225006
3579.500000 342.859467 0.159000 206.324997
3579.750000 343.066742 0.159000 206.425003
3581.500000 343.275635 0.159000 206.524994
3582.125000 343.485565 0.159000 206.625000
3582.250000 343.685913 0.159000 206.725006
3583.250000 343.885925 0.166000 206.824997
3583.750000 344.091400 0.166000 206.929993
3584.375000 344.091400 0.166000 207.035004
3586.000000 344.310669 0.166000 207.119995
3586.250000 344.512390 0.166000 207.225006
3587.375000 344.512390 0.166000 207.330002
3587.625000 344.512390 0.166000 207.425003
3587.625000 344.714600 0.166000 207.529999
3587.750000 344.714600 0.166000 207.634995
3587.875000 344.714600 0.166000 207.725006
3588.125000 344.714600 0.170000 207.830002
3588.250000 344.714600 0.170000 207.929993
3588.375000 344.714600 0.170000 208.024994
3589.125000 344.714600 0.170000 208.119995
3589.250000 344.714600 0.170000 208.235001
3589.375000 344.714600 0.170000 208.324997
3589.375000 344.914642 0.170000 208.429993
3589.375000 344.914642 0.170000 208.529999
3589.750000 344.914642 0.170000 208.630005
3589.750000 344.914642 0.170000 208.725006
3589.750000 344.914642 0.159000 208.830002
3589.875000 344.914642 0.159000 208.925003
3590.000000 344.914642 0.159000 209.020004
3590.000000 344.914642 0.159000 209.125000
3590.000000 344.914642 0.159000 209.235001
3590.125000 344.914642 0.159000 209.330002
3590.125000 345.119873 0.159000 209.425003
3590.375000 345.119873 0.159000 209.529999
3590.500000 345.324005 0.159000 209.625000
3590.500000 345.548401 0.159000 209.729996
3590.875000 345.754242 0.189000 209.824997
3590.875000 345.957611 0.189000 209.929993
3591.125000 346.164062 0.189000 210.024994
3591.125000 346.372223 0.189000 210.125000
3591.125000 346.581207 0.189000 210.220001
3591.375000 346.790588 0.189000 210.330002
3591.500000 346.790588 0.189000 210.425003
3591.625000 347.020203 0.189000 210.529999
3591.750000 347.229950 0.189000 210.634995
3591.750000 347.449341 0.189000 210.735001
3592.250000 347.658783 0.190000 210.830002
3592.625000 347.868408 0.190000 210.929993
3592.875000 348.074738 0.190000 211.029999
3593.250000 348.290771 0.190000 211.125000
3593.375000 348.494873 0.190000 211.220001
3593.750000 348.494873 0.190000 211.324997
3594.125000 348.695770 0.190000 211.429993
3594.625000 348.915619 0.190000 211.524994
3594.625000 349.119415 0.190000 211.625000
3595.250000 349.119415 0.190000 211.725006
3595.375000 349.323944 0.171000 211.824997
3596.250000 349.527100 0.171000 211.929993
3596.625000 349.527100 0.171000 212.029999
3596.875000 349.732056 0.171000 212.125000
3597.125000 349.732056 0.171000 212.229996
3597.125000 349.934235 0.171000 212.335007
3597.250000 349.934235 0.171000 212.425003
3597.625000 349.934235 0.171000 212.524994
3597.625000 349.934235 0.171000 212.619995
3597.750000 349.934235 0.171000 212.729996
3597.750000 349.934235 0.187000 212.824997
3598.250000 350.134521 0.187000 212.925003
3598.250000 350.134521 0.187000 213.029999
3598.250000 350.134521 0.187000 213.119995
3598.250000 350.134521 0.187000 213.229996
3598.375000 350.134521 0.187000 213.330002
3598.875000 350.134521 0.187000 213.425003
3599.125000 350.134521 0.187000 213.535004
3599.125000 350.134521 0.187000 213.630005
3599.250000 350.134521 0.187000 213.729996
3599.250000 350.134521 0.178000 213.820007
3599.500000 350.134521 0.178000 213.925003
3599.500000 350.134521 0.178000 214.024994
3599.500000 350.134521 0.178000 214.134995
3599.500000 350.134521 0.178000 214.220001
3599.500000 350.134521 0.178000 214.324997
3599.500000 350.134521 0.178000 214.429993
3599.750000 350.134521 0.178000 214.524994
3599.875000 350.134521 0.178000 214.625000
3599.875000 350.134521 0.178000 214.729996
3599.875000 350.336304 0.163000 214.824997
3599.875000 350.336304 0.163000 214.934998
3600.000000 350.537964 0.163000 215.020004
3600.000000 350.738800 0.163000 215.125000
3600.125000 350.939758 0.163000 215.229996
3600.250000 350.939758 0.163000 215.324997
3600.375000 351.143677 0.163000 215.419998
3600.375000 351.364868 0.163000 215.529999
3600.375000 351.364868 0.163000 215.625000
3600.500000 351.570892 0.163000 215.725006
3600.625000 351.779633 0.184000 215.830002
3600.625000 351.980957 0.184000 215.929993
3600.625000 352.183380 0.184000 216.024994
3600.750000 352.388062 0.184000 216.119995
3600.875000 352.614716 0.184000 216.225006
3601.000000 352.843262 0.184000 216.330002
3601.125000 353.062744 0.184000 216.425003
3601.125000 353.272583 0.184000 216.524994
3601.250000 353.481415 0.184000 216.625000
3601.250000 353.684296 0.184000 216.725006
3601.250000 353.684296 0.172000 216.820007
3601.500000 353.885040 0.172000 216.929993
3601.500000 354.088440 0.172000 217.024994
3601.500000 354.291534 0.172000 217.130005
3601.625000 354.497162 0.172000 217.225006
3601.750000 354.738770 0.172000 217.324997
3601.875000 354.945099 0.172000 217.425003
3601.875000 355.152954 0.172000 217.524994
3601.875000 355.361267 0.172000 217.630005
3602.000000 355.569702 0.172000 217.725006
3602.000000 355.778412 0.172000 217.830002
3602.000000 355.987549 0.190000 217.925003
3602.125000 356.196381 0.190000 218.029999
3602.125000 356.196381 0.190000 218.125000
3602.250000 356.425049 0.190000 218.225006
3602.250000 356.644257 0.190000 218.330002
3602.375000 356.853577 0.190000 218.434998
3602.375000 357.063080 0.190000 218.529999
3602.375000 357.312744 0.190000 218.630005
3602.500000 357.522552 0.190000 218.729996
3602.500000 357.732361 0.177000 218.830002
3602.625000 357.942200 0.177000 218.929993
3602.750000 358.152069 0.177000 219.024994
3602.750000 358.361938 0.177000 219.125000
3602.875000 358.571777 0.177000 219.229996
3602.875000 358.781616 0.177000 219.324997
3602.875000 358.991241 0.177000 219.429993
3603.000000 358.991241 0.177000 219.524994
3603.000000 359.210358 0.177000 219.625000
3603.250000 359.418762 0.177000 219.720001
3603.375000 359.626556 0.177000 219.830002
3603.375000 359.833893 0.193000 219.925003
3603.500000 360.040924 0.193000 220.024994
3603.500000 360.247742 0.193000 220.130005
3603.750000 360.523438 0.193000 220.225006
3603.750000 360.731384 0.193000 220.330002
3603.875000 360.940582 0.193000 220.434998
3604.000000 361.150452 0.193000 220.535004
3604.000000 361.350830 0.193000 220.625000
3604.000000 361.551575 0.193000 220.735001
3604.000000 361.752441 0.193000 220.824997
3604.125000 361.952576 0.196000 220.929993
3604.250000 362.161011 0.196000 221.029999
3604.500000 362.161011 0.196000 221.125000
3604.625000 362.369324 0.196000 221.229996
3604.750000 362.596527 0.196000 221.330002
3604.875000 362.800171 0.196000 221.425003
3605.000000 362.800171 0.196000 221.524994
3605.000000 363.000916 0.196000 221.630005
3605.000000 363.208069 0.196000 221.725006
3605.000000 363.414062 0.179000 221.824997
3605.125000 363.414062 0.179000 221.929993
3605.250000 363.619965 0.179000 222.029999
3605.250000 363.832764 0.179000 222.130005
3605.250000 364.037659 0.179000 222.235001
3605.250000 364.245819 0.179000 222.330002
3605.250000 364.245819 0.179000 222.429993
3605.250000 364.448456 0.179000 222.524994
3605.375000 364.680664 0.179000 222.619995
3605.375000 364.680664 0.179000 222.725006
3605.625000 364.885712 0.179000 222.830002
3605.875000 365.090576 0.181000 222.929993
3605.875000 365.295654 0.181000 223.029999
3606.000000 365.295654 0.181000 223.125000
3606.000000 365.508484 0.181000 223.225006
3606.375000 365.729065 0.181000 223.330002
3606.625000 365.929443 0.181000 223.429993
3606.750000 366.133484 0.181000 223.524994
3606.875000 366.133484 0.181000 223.625000
3607.000000 366.340759 0.181000 223.725006
3607.750000 366.563721 0.181000 223.830002
3608.000000 366.766113 0.197000 223.925003
3608.000000 366.991669 0.197000 224.029999
3608.125000 367.192139 0.197000 224.130005
3608.250000 367.394165 0.197000 224.229996
3608.375000 367.394165 0.197000 224.320007
3608.500000 367.594482 0.197000 224.434998
3608.875000 367.828583 0.197000 224.529999
3609.250000 367.828583 0.197000 224.625000
3609.250000 368.046936 0.197000 224.725006
3609.250000 368.250305 0.197000 224.824997
3609.625000 368.453857 0.305000 224.919998
3610.125000 368.453857 0.305000 225.035004
3610.750000 368.656830 0.305000 225.125000
3611.250000 368.656830 0.305000 225.235001
3611.375000 368.869537 0.305000 225.324997
3611.375000 368.869537 0.305000 225.425003
3611.875000 368.869537 0.305000 225.529999
3612.375000 369.071381 0.305000 225.630005
3613.250000 369.071381 0.305000 225.725006
3613.250000 369.071381 0.305000 225.830002
3613.500000 369.071381 0.269000 225.925003
3614.000000 369.071381 0.269000 226.024994
3614.125000 369.071381 0.269000 226.130005
3614.750000 369.071381 0.269000 226.220001
3614.875000 369.071381 0.269000 226.324997
3616.000000 369.071381 0.269000 226.429993
3616.375000 369.071381 0.269000 226.529999
3616.875000 369.071381 0.269000 226.619995
3617.875000 369.071381 0.269000 226.725006
3618.500000 369.071381 0.269000 226.835007
3618.875000 369.071381 0.240000 226.925003
3619.000000 369.071381 0.240000 227.035004
3619.375000 369.071381 0.240000 227.125000
3619.375000 369.071381 0.240000 227.225006
3620.000000 369.071381 0.240000 227.324997
3620.125000 369.071381 0.240000 227.434998
3620.750000 369.071381 0.240000 227.529999
3621.125000 369.071381 0.240000 227.630005
3621.250000 369.071381 0.240000 227.725006
3621.375000 369.071381 0.240000 227.835007
3621.625000 369.071381 0.224000 227.929993
3621.625000 369.071381 0.224000 228.029999
3621.625000 369.071381 0.224000 228.130005
3622.000000 369.071381 0.224000 228.229996
3622.125000 369.071381 0.224000 228.320007
3622.375000 369.071381 0.224000 228.425003
3622.500000 369.071381 0.224000 228.529999
3622.750000 369.071381 0.224000 228.630005
3623.250000 369.071381 0.224000 228.729996
3623.500000 369.071381 0.224000 228.820007
3623.625000 369.071381 0.258000 228.929993
3624.125000 369.071381 0.258000 229.029999
3624.500000 369.071381 0.258000 229.119995
3624.500000 369.071381 0.258000 229.225006
3624.875000 369.271393 0.258000 229.330002
3625.000000 369.475983 0.258000 229.434998
3625.625000 369.475983 0.258000 229.524994
3625.875000 369.681885 0.258000 229.625000
3626.250000 369.887207 0.258000 229.725006
3626.625000 369.887207 0.258000 229.830002
3626.625000 370.110229 0.232000 229.929993
3626.750000 370.311890 0.232000 230.029999
3626.875000 370.512329 0.232000 230.125000
3627.375000 370.512329 0.232000 230.225006
3627.625000 370.714264 0.232000 230.330002
3628.000000 370.918030 0.232000 230.419998
3628.250000 371.122437 0.232000 230.529999
3628.250000 371.122437 0.232000 230.630005
3628.250000 371.326935 0.232000 230.725006
3628.625000 371.534241 0.232000 230.824997
3628.875000 371.740906 0.235000 230.925003
3628.875000 371.740906 0.235000 231.024994
3628.875000 371.942474 0.235000 231.130005
3629.000000 372.143463 0.235000 231.225006
3629.625000 372.350098 0.235000 231.335007
3629.625000 372.550598 0.235000 231.419998
3629.875000 372.755035 0.235000 231.529999
3630.250000 372.755035 0.235000 231.630005
3631.000000 372.963989 0.235000 231.729996
3631.125000 373.186432 0.235000 231.824997
3631.750000 373.392120 0.248000 231.929993
3631.750000 373.392120 0.248000 232.020004
3632.000000 373.593750 0.248000 232.130005
3632.500000 373.593750 0.248000 232.225006
3632.750000 373.794708 0.248000 232.324997
3633.250000 373.794708 0.248000 232.429993
3633.625000 373.794708 0.248000 232.535004
3634.000000 373.794708 0.248000 232.630005
3634.375000 373.794708 0.248000 232.729996
3634.625000 373.794708 0.248000 232.815002
3635.125000 373.995026 0.261000 232.929993
3635.375000 373.995026 0.261000 233.029999
3635.625000 373.995026 0.261000 233.134995
3635.625000 373.995026 0.261000 233.235001
3635.875000 373.995026 0.261000 233.330002
3635.875000 373.995026 0.261000 233.429993
3636.000000 373.995026 0.261000 233.529999
3636.250000 373.995026 0.261000 233.630005
3636.625000 373.995026 0.261000 233.725006
3636.875000 373.995026 0.261000 233.824997
3636.875000 373.995026 0.236000 233.925003
3637.125000 373.995026 0.236000 234.024994
3637.125000 373.995026 0.236000 234.119995
3637.375000 373.995026 0.236000 234.229996
3637.625000 373.995026 0.236000 234.330002
3637.625000 373.995026 0.236000 234.429993
3637.625000 373.995026 0.236000 234.529999
3637.625000 373.995026 0.236000 234.619995
3637.750000 373.995026 0.236000 234.735001
3637.875000 373.995026 0.236000 234.824997
3638.000000 373.995026 0.263000 234.934998
3638.000000 373.995026 0.263000 235.035004
3638.125000 374.202515 0.263000 235.130005
3638.125000 374.202515 0.263000 235.225006
3638.125000 374.407959 0.263000 235.330002
3638.125000 374.613831 0.263000 235.434998
3638.125000 374.815125 0.263000 235.524994
3638.125000 374.815125 0.263000 235.630005
3638.125000 375.016144 0.263000 235.720001
3638.125000 375.217987 0.263000 235.830002
3638.125000 375.421692 0.221000 235.934998
3638.250000 375.421692 0.221000 236.029999
3639.125000 375.627136 0.221000 236.125000
3639.125000 375.834045 0.221000 236.229996
3639.250000 375.834045 0.221000 236.324997
3639.500000 376.041779 0.221000 236.429993
3639.750000 376.242065 0.221000 236.524994
3640.000000 376.449799 0.221000 236.625000
3640.250000 376.449799 0.221000 236.720001
3640.250000 376.653992 0.221000 236.820007
3640.375000 376.860352 0.210000 236.934998
3640.625000 377.068542 0.210000 237.024994
3641.000000 377.277100 0.210000 237.125000
3641.250000 377.277100 0.210000 237.235001
3641.250000 377.481293 0.210000 237.324997
3641.250000 377.481293 0.210000 237.429993
3641.250000 377.481293 0.210000 237.524994
3641.250000 377.682892 0.210000 237.625000
3641.250000 377.682892 0.210000 237.725006
3641.250000 377.682892 0.210000 237.824997
3641.250000 377.682892 0.279000 237.925003
3641.500000 377.682892 0.279000 238.024994
3641.500000 377.682892 0.279000 238.125000
3641.750000 377.682892 0.279000 238.225006
3641.875000 377.682892 0.279000 238.335007
3641.875000 377.682892 0.279000 238.429993
3642.000000 377.682892 0.279000 238.524994
3642.125000 377.682892 0.279000 238.630005
3642.250000 377.682892 0.279000 238.725006
3642.250000 377.682892 0.279000 238.830002
3642.375000 377.682892 0.297000 238.929993
3642.375000 377.887665 0.297000 239.020004
3642.375000 378.089508 0.297000 239.130005
3642.375000 378.089508 0.297000 239.220001
3642.500000 378.318848 0.297000 239.330002
3642.500000 378.318848 0.297000 239.425003
3642.750000 378.524689 0.297000 239.529999
3642.750000 378.726654 0.297000 239.625000
3642.750000 378.929626 0.297000 239.725006
3642.875000 378.929626 0.297000 239.830002
3642.875000 379.147766 0.253000 239.925003
3643.125000 379.374451 0.253000 240.029999
3643.500000 379.580383 0.253000 240.125000
3643.750000 379.580383 0.253000 240.225006
3643.750000 379.788879 0.253000 240.324997
3643.750000 379.998016 0.253000 240.425003
3643.750000 380.202637 0.253000 240.529999
3643.875000 380.409943 0.253000 240.619995
3643.875000 380.658508 0.253000 240.729996
3644.250000 380.897980 0.253000 240.824997
3644.625000 381.107819 0.260000 240.925003
3644.750000 381.317749 0.260000 241.035004
3645.000000 381.517761 0.260000 241.125000
3645.125000 381.717804 0.260000 241.235001
3645.250000 381.917877 0.260000 241.330002
3645.250000 382.118011 0.260000 241.425003
3645.250000 382.318176 0.260000 241.529999
3645.375000 382.518341 0.260000 241.634995
3645.500000 382.718506 0.260000 241.725006
3645.500000 382.918579 0.260000 241.830002
3645.625000 383.128479 0.255000 241.929993
3645.875000 383.338318 0.255000 242.029999
3646.000000 383.547943 0.255000 242.130005
3646.000000 383.757507 0.255000 242.229996
3646.125000 383.757507 0.255000 242.330002
3646.125000 383.967010 0.255000 242.429993
3646.125000 384.176788 0.255000 242.535004
3646.375000 384.406830 0.255000 242.630005
3646.375000 384.606934 0.255000 242.725006
3646.500000 384.807098 0.255000 242.824997
3646.750000 385.007324 0.251000 242.929993
3646.750000 385.207611 0.251000 243.024994
3647.125000 385.407928 0.251000 243.119995
3647.375000 385.608276 0.251000 243.235001
3647.500000 385.818207 0.251000 243.324997
3647.500000 386.027588 0.251000 243.429993
3647.625000 386.267029 0.251000 243.529999
3647.625000 386.474945 0.251000 243.625000
3647.625000 386.684082 0.251000 243.725006
3647.875000 386.886505 0.251000 243.830002
3648.000000 386.886505 0.222000 243.925003
3648.250000 387.093353 0.222000 244.029999
3648.375000 387.319153 0.222000 244.134995
3648.500000 387.519440 0.222000 244.229996
3648.500000 387.519440 0.222000 244.324997
3648.750000 387.723602 0.222000 244.425003
3648.750000 387.925629 0.222000 244.535004
3649.000000 388.127319 0.222000 244.625000
3649.125000 388.127319 0.222000 244.725006
3649.125000 388.336304 0.222000 244.835007
3649.125000 388.545349 0.226000 244.925003
3649.250000 388.545349 0.226000 245.024994
3649.500000 388.753815 0.226000 245.119995
3649.500000 388.984222 0.226000 245.225006
3649.625000 388.984222 0.226000 245.330002
3649.875000 389.207245 0.226000 245.419998
3650.000000 389.409363 0.226000 245.524994
3650.000000 389.612396 0.226000 245.625000
3650.125000 389.612396 0.226000 245.729996
3650.500000 389.815857 0.226000 245.830002
3650.625000 390.019531 0.210000 245.929993
3650.625000 390.223846 0.210000 246.035004
3650.625000 390.223846 0.210000 246.130005
3650.625000 390.428253 0.210000 246.220001
3650.750000 390.631683 0.210000 246.335007
3650.875000 390.631683 0.210000 246.425003
3650.875000 390.834686 0.210000 246.535004
3650.875000 391.037659 0.210000 246.630005
3651.000000 391.240570 0.210000 246.740005
3651.000000 391.240570 0.210000 246.835007
3651.000000 391.443481 0.214000 246.934998
3651.000000 391.646515 0.214000 247.029999
3651.125000 391.849762 0.214000 247.139999
3651.125000 391.849762 0.214000 247.225006
3651.125000 392.054321 0.214000 247.330002
3651.250000 392.286133 0.214000 247.434998
3651.250000 392.494873 0.214000 247.524994
3651.250000 392.703644 0.214000 247.619995
3651.375000 392.907745 0.214000 247.725006
3651.375000 393.114471 0.215000 247.835007
3651.750000 393.322632 0.215000 247.940002
3651.875000 393.531586 0.215000 248.035004
3652.000000 393.531586 0.215000 248.130005
3652.250000 393.740967 0.215000 248.235001
3652.250000 393.980560 0.215000 248.324997
3652.375000 394.230347 0.215000 248.434998
3652.375000 394.480164 0.215000 248.529999
3652.625000 394.689972 0.215000 248.634995
3653.125000 394.899780 0.215000 248.729996
3653.750000 395.109344 0.215000 248.824997
3654.500000 395.318329 0.255000 248.925003
3654.875000 395.318329 0.255000 249.024994
3655.750000 395.527039 0.255000 249.130005
3657.625000 395.734619 0.255000 249.229996
3659.250000 395.951874 0.255000 249.330002
3660.250000 396.153046 0.255000 249.429993
3661.875000 396.153046 0.255000 249.524994
3663.125000 396.358490 0.255000 249.630005
3664.500000 396.592896 0.255000 249.725006
3666.125000 396.592896 0.255000 249.824997
3667.000000 396.804962 0.335000 249.919998
3667.625000 397.009003 0.335000 250.024994
3669.000000 397.009003 0.335000 250.130005
3669.625000 397.219513 0.335000 250.220001
3670.750000 397.219513 0.335000 250.320007
3671.750000 397.435364 0.335000 250.429993
3673.125000 397.435364 0.335000 250.524994
3673.625000 397.435364 0.335000 250.625000
3674.375000 397.435364 0.335000 250.725006
3675.375000 397.435364 0.335000 250.820007
3676.125000 397.435364 0.280000 250.934998
3676.875000 397.637695 0.280000 251.024994
3677.750000 397.637695 0.280000 251.130005
3678.625000 397.637695 0.280000 251.229996
3679.125000 397.637695 0.280000 251.335007
3680.000000 397.637695 0.280000 251.434998
3681.250000 397.637695 0.280000 251.529999
3682.375000 397.637695 0.280000 251.634995
3683.000000 397.637695 0.280000 251.729996
3683.500000 397.637695 0.280000 251.824997
3685.125000 397.637695 0.265000 251.934998
3686.375000 397.637695 0.265000 252.029999
3686.875000 397.859955 0.265000 252.130005
3687.500000 398.060211 0.265000 252.235001
3688.625000 398.060211 0.265000 252.324997
3689.750000 398.267181 0.265000 252.425003
3691.000000 398.472412 0.265000 252.535004
3692.250000 398.675476 0.265000 252.634995
3693.500000 398.882111 0.265000 252.729996
3694.000000 399.090515 0.265000 252.830002
3695.000000 399.329773 0.241000 252.940002
3696.000000 399.579315 0.241000 253.029999
3696.875000 399.788422 0.241000 253.130005
3698.250000 399.997528 0.241000 253.235001
3699.625000 400.206787 0.241000 253.330002
3700.625000 400.415894 0.241000 253.434998
3701.250000 400.415894 0.241000 253.529999
3702.625000 400.834595 0.241000 253.639999
3703.750000 400.834595 0.241000 253.729996
3705.625000 401.044250 0.241000 253.835007
3707.125000 401.264069 0.244000 253.929993
3708.250000 401.473969 0.244000 254.035004
3708.750000 401.683868 0.244000 254.130005
3710.000000 401.923767 0.244000 254.235001
3711.500000 402.143707 0.244000 254.335007
3713.875000 402.353668 0.244000 254.434998
3715.875000 402.563568 0.244000 254.535004
3719.125000 402.773438 0.244000 254.630005
3721.625000 402.983276 0.244000 254.740005
3724.875000 403.193115 0.244000 254.835007
3728.375000 403.402954 0.250000 254.929993
3732.000000 403.612793 0.250000 255.029999
3734.625000 403.612793 0.250000 255.130005
3738.375000 403.842651 0.250000 255.235001
3740.875000 404.052399 0.250000 255.339996
3744.375000 404.282196 0.250000 255.434998
3747.250000 404.492065 0.250000 255.535004
3750.500000 404.721954 0.250000 255.634995
3753.750000 404.941864 0.250000 255.729996
3757.000000 405.151825 0.250000 255.824997
3760.500000 405.361786 0.262000 255.929993
3763.750000 405.571747 0.262000 256.029999
3768.750000 405.781586 0.262000 256.135010
3773.000000 405.991394 0.262000 256.230011
3776.500000 406.201202 0.262000 256.329987
3780.875000 406.411102 0.262000 256.434998
3784.750000 406.411102 0.262000 256.529999
3790.125000 406.830902 0.262000 256.640015
3792.750000 406.830902 0.262000 256.734985
3796.625000 407.060822 0.262000 256.825012
3801.125000 407.270782 0.296000 256.934998
3803.250000 407.480652 0.296000 257.019989
3808.125000 407.690186 0.296000 257.135010
3812.875000 407.939667 0.296000 257.239990
3817.750000 408.149384 0.296000 257.325012
3822.875000 408.359192 0.296000 257.424988
3831.375000 408.589020 0.296000 257.540009
3836.500000 408.798859 0.296000 257.625000
3841.125000 409.008728 0.296000 257.734985
3844.000000 409.008728 0.296000 257.829987
3848.875000 409.428619 0.319000 257.940002
3853.250000 409.428619 0.319000 258.035004
3857.000000 409.658600 0.319000 258.130005
3860.875000 409.868530 0.319000 258.234985
3866.750000 410.078400 0.319000 258.334991
3870.000000 410.288300 0.319000 258.429993
3875.625000 410.528229 0.319000 258.535004
3880.000000 410.738190 0.319000 258.630005
3882.500000 410.948151 0.319000 258.734985
3885.500000 411.158142 0.319000 258.829987
3887.625000 411.368103 0.319000 258.924988
3889.125000 411.578033 0.342000 259.035004
3892.750000 411.787994 0.342000 259.130005
3893.750000 411.997925 0.342000 259.230011
3896.625000 412.207855 0.342000 259.329987
3899.125000 412.207855 0.342000 259.429993
3900.375000 412.427765 0.342000 259.529999
3902.250000 412.657684 0.342000 259.640015
3903.625000 412.867615 0.342000 259.730011
3904.375000 413.077545 0.342000 259.834991
3906.875000 413.287476 0.223000 259.934998
3907.500000 413.497284 0.223000 260.035004
3911.000000 413.726715 0.223000 260.130005
3911.750000 413.946259 0.223000 260.234985
3913.000000 414.155975 0.223000 260.334991
3915.000000 414.365753 0.223000 260.434998
3915.875000 414.575562 0.223000 260.524994
3916.000000 414.785431 0.223000 260.625000
3918.625000 414.995300 0.223000 260.725006
3918.750000 414.995300 0.223000 260.825012
3920.250000 415.225128 0.201000 260.929993
3921.000000 415.445007 0.201000 261.029999
3921.750000 415.654938 0.201000 261.130005
3923.125000 415.864868 0.201000 261.239990
3923.250000 416.074738 0.201000 261.334991
3924.500000 416.284607 0.201000 261.434998
3925.625000 416.494476 0.201000 261.524994
3926.375000 416.704346 0.201000 261.640015
3928.500000 416.964203 0.201000 261.734985
3929.875000 417.174103 0.201000 261.825012
3931.250000 417.384003 0.189000 261.929993
3932.250000 417.593903 0.189000 262.035004
3933.625000 417.803802 0.189000 262.130005
3934.125000 417.803802 0.189000 262.225006
3935.125000 418.023743 0.189000 262.329987
3936.500000 418.233673 0.189000 262.429993
3937.250000 418.443604 0.189000 262.519989
3938.125000 418.653564 0.189000 262.619995
3939.250000 418.863556 0.189000 262.725006
3940.875000 419.073547 0.172000 262.825012
3942.125000 419.283508 0.172000 262.929993
3942.625000 419.493439 0.172000 263.029999
3943.500000 419.723389 0.172000 263.125000
3944.375000 419.953339 0.172000 263.230011
3945.375000 420.163177 0.172000 263.329987
3946.875000 420.372833 0.172000 263.424988
3948.000000 420.582275 0.172000 263.535004
3949.000000 420.791565 0.172000 263.630005
3949.625000 421.001068 0.172000 263.730011
3951.125000 421.210815 0.183000 263.829987
3951.375000 421.210815 0.183000 263.929993
3952.000000 421.450684 0.183000 264.024994
3953.500000 421.660187 0.183000 264.125000
3954.625000 421.869202 0.183000 264.230011
3955.875000 422.107941 0.183000 264.329987
3957.500000 422.317230 0.183000 264.424988
3958.375000 422.526733 0.183000 264.529999
3959.250000 422.736359 0.183000 264.625000
3960.000000 422.946045 0.183000 264.720001
3960.625000 423.175751 0.183000 264.834991
3961.625000 423.385498 0.187000 264.924988
3963.125000 423.595306 0.187000 265.035004
3963.750000 423.595306 0.187000 265.125000
3964.500000 423.805176 0.187000 265.220001
3965.375000 424.025055 0.187000 265.325012
3966.625000 424.234924 0.187000 265.420013
3967.625000 424.444824 0.187000 265.529999
3969.250000 424.654755 0.187000 265.619995
3970.250000 424.914642 0.187000 265.725006
3970.750000 425.124481 0.170000 265.829987
3971.375000 425.354340 0.170000 265.924988
3972.500000 425.564178 0.170000 266.024994
3973.750000 425.774078 0.170000 266.135010
3976.000000 425.984009 0.170000 266.225006
3977.000000 426.193939 0.170000 266.329987
3978.375000 426.193939 0.170000 266.424988
3979.875000 426.403900 0.170000 266.524994
3980.500000 426.643799 0.170000 266.630005
3983.250000 426.853668 0.170000 266.720001
3984.750000 427.063538 0.175000 266.829987
3987.750000 427.273407 0.175000 266.924988
3990.125000 427.483307 0.175000 267.024994
3992.375000 427.703186 0.175000 267.130005
3994.125000 427.933044 0.175000 267.230011
3996.250000 428.142944 0.175000 267.325012
3998.500000 428.352844 0.175000 267.424988
4001.375000 428.562714 0.175000 267.529999
4004.125000 428.772614 0.175000 267.625000
4007.625000 428.982452 0.175000 267.720001
4011.000000 429.192291 0.175000 267.829987
4015.125000 429.402161 0.189000 267.929993
4019.375000 429.402161 0.189000 268.029999
4021.625000 429.631866 0.189000 268.125000
4024.625000 429.851349 0.189000 268.225006
4028.125000 430.060791 0.189000 268.329987
4031.125000 430.270355 0.189000 268.429993
4033.625000 430.509674 0.189000 268.524994
4036.750000 430.719238 0.189000 268.625000
4043.250000 430.928925 0.189000 268.730011
4048.750000 431.138489 0.189000 268.825012
4054.375000 431.347839 0.226000 268.934998
4059.500000 431.556793 0.226000 269.029999
4065.500000 431.761444 0.226000 269.125000
4071.375000 431.967621 0.226000 269.230011
4076.500000 431.967621 0.226000 269.329987
4083.000000 432.173767 0.226000 269.429993
4087.500000 432.377411 0.226000 269.535004
4092.750000 432.584320 0.226000 269.625000
4100.875000 432.584320 0.226000 269.734985
4106.875000 432.789429 0.226000 269.829987
4115.750000 433.016907 0.292000 269.924988
4123.750000 433.016907 0.292000 270.015015
4133.250000 433.221771 0.292000 270.130005
4142.000000 433.458160 0.292000 270.230011
4152.625000 433.660645 0.292000 270.334991
4162.375000 433.867523 0.292000 270.429993
4170.625000 434.071747 0.292000 270.529999
4179.000000 434.279449 0.292000 270.635010
4184.875000 434.279449 0.292000 270.725006
4189.875000 434.498962 0.292000 270.834991
4196.375000 434.729523 0.292000 270.929993
4200.750000 434.930420 0.425000 271.040009
4206.125000 435.131104 0.425000 271.135010
4211.875000 435.331635 0.425000 271.230011
4220.500000 435.555511 0.425000 271.329987
4224.375000 435.760559 0.425000 271.424988
4227.875000 435.760559 0.425000 271.535004
4231.625000 435.963959 0.425000 271.635010
4236.000000 436.172760 0.425000 271.725006
4239.375000 436.374420 0.425000 271.834991
4242.375000 436.374420 0.425000 271.929993
4244.625000 436.576691 0.405000 272.035004
4250.750000 436.779816 0.405000 272.140015
4254.375000 436.983978 0.405000 272.234985
4257.375000 436.983978 0.405000 272.339996
4259.125000 437.188782 0.405000 272.434998
4261.500000 437.394073 0.405000 272.524994
4263.750000 437.596100 0.405000 272.640015
4266.500000 437.596100 0.405000 272.725006
4268.500000 437.801392 0.405000 272.829987
4274.375000 438.009277 0.405000 272.924988
4279.000000 438.213318 0.362000 273.024994
4282.875000 438.420227 0.362000 273.135010
4285.750000 438.668488 0.362000 273.230011
4287.500000 438.877777 0.362000 273.329987
4288.500000 439.087402 0.362000 273.424988
4292.875000 439.297119 0.362000 273.540009
4295.625000 439.506897 0.362000 273.635010
4298.375000 439.716766 0.362000 273.734985
4299.250000 439.926666 0.362000 273.834991
4300.125000 440.136597 0.355000 273.924988
4301.125000 440.346497 0.355000 274.035004
4303.375000 440.556000 0.355000 274.135010
4304.500000 440.556000 0.355000 274.234985
4307.125000 440.784790 0.355000 274.334991
4308.375000 440.993744 0.355000 274.429993
4309.750000 441.202698 0.355000 274.529999
4311.000000 441.411926 0.355000 274.635010
4312.625000 441.621460 0.355000 274.730011
4313.625000 441.860901 0.355000 274.825012
4315.000000 442.070618 0.304000 274.934998
4317.000000 442.280365 0.304000 275.035004
4318.125000 442.499939 0.304000 275.130005
4318.625000 442.719757 0.304000 275.234985
4320.250000 442.929749 0.304000 275.329987
4321.625000 443.129852 0.304000 275.429993
4323.125000 443.331146 0.304000 275.524994
4323.500000 443.331146 0.304000 275.625000
4324.375000 443.539520 0.304000 275.725006
4325.000000 443.747620 0.304000 275.829987
4326.125000 443.964203 0.273000 275.929993
4327.750000 443.964203 0.273000 276.024994
4328.125000 444.179535 0.273000 276.130005
4329.125000 444.179535 0.273000 276.230011
4329.750000 444.381195 0.273000 276.334991
4329.750000 444.381195 0.273000 276.429993
4330.000000 444.381195 0.273000 276.529999
4330.625000 444.381195 0.273000 276.630005
4331.625000 444.381195 0.273000 276.725006
4332.000000 444.381195 0.273000 276.825012
4332.500000 444.381195 0.256000 276.929993
4333.125000 444.381195 0.256000 277.029999
4333.375000 444.381195 0.256000 277.125000
4333.375000 444.381195 0.256000 277.230011
4333.625000 444.381195 0.256000 277.334991
4334.125000 444.381195 0.256000 277.429993
4334.625000 444.381195 0.256000 277.529999
4334.750000 444.381195 0.256000 277.625000
4335.000000 444.381195 0.256000 277.734985
4335.125000 444.381195 0.256000 277.815002
4335.750000 444.381195 0.241000 277.924988
4336.125000 444.381195 0.241000 278.019989
4336.500000 444.381195 0.241000 278.130005
4337.250000 444.381195 0.241000 278.230011
4337.375000 444.381195 0.241000 278.329987
4337.500000 444.381195 0.241000 278.429993
4338.625000 444.381195 0.241000 278.524994
4338.625000 444.582245 0.241000 278.625000
4338.750000 444.582245 0.241000 278.734985
4339.500000 444.582245 0.241000 278.825012
4340.000000 444.582245 0.254000 278.924988
4340.250000 444.582245 0.254000 279.040009
4340.375000 444.582245 0.254000 279.130005
4340.750000 444.582245 0.254000 279.234985
4341.500000 444.582245 0.254000 279.329987
4341.625000 444.582245 0.254000 279.429993
4342.375000 444.582245 0.254000 279.535004
4342.375000 444.582245 0.254000 279.630005
4342.750000 444.582245 0.254000 279.739990
4343.250000 444.582245 0.254000 279.829987
4343.250000 444.582245 0.232000 279.929993
4343.375000 444.582245 0.232000 280.029999
4343.750000 444.582245 0.232000 280.140015
4344.625000 444.582245 0.232000 280.234985
4345.000000 444.582245 0.232000 280.329987
4345.500000 444.582245 0.232000 280.434998
4345.625000 444.582245 0.232000 280.529999
4346.375000 444.582245 0.232000 280.630005
4346.625000 444.582245 0.232000 280.739990
4346.750000 444.582245 0.232000 280.829987
4346.875000 444.582245 0.219000 280.929993
4347.125000 444.582245 0.219000 281.035004
4347.750000 444.582245 0.219000 281.135010
4347.875000 444.582245 0.219000 281.239990
4348.000000 444.582245 0.219000 281.329987
4348.375000 444.582245 0.219000 281.424988
4349.125000 444.582245 0.219000 281.529999
4349.375000 444.582245 0.219000 281.635010
4349.500000 444.582245 0.219000 281.734985
4349.625000 444.582245 0.219000 281.834991
4350.250000 444.582245 0.229000 281.934998
4350.625000 444.582245 0.229000 282.040009
4350.625000 444.582245 0.229000 282.135010
4350.750000 444.582245 0.229000 282.234985
4351.000000 444.582245 0.229000 282.334991
4351.500000 444.582245 0.229000 282.429993
4351.750000 444.582245 0.229000 282.529999
4352.125000 444.582245 0.229000 282.635010
4352.250000 444.582245 0.229000 282.730011
4352.250000 444.582245 0.229000 282.825012
4352.500000 444.582245 0.229000 282.929993
4352.500000 444.582245 0.229000 283.029999
4352.750000 444.582245 0.229000 283.125000
4352.750000 444.582245 0.229000 283.230011
4352.750000 444.582245 0.229000 283.325012
4352.875000 444.582245 0.229000 283.429993
4353.125000 444.582245 0.229000 283.524994
4353.125000 444.582245 0.229000 283.630005
4353.125000 444.582245 0.229000 283.730011
4353.125000 444.582245 0.229000 283.829987
4353.625000 444.582245 0.245000 283.929993
4353.625000 444.582245 0.245000 284.019989
4353.625000 444.582245 0.245000 284.119995
4353.625000 444.582245 0.245000 284.225006
4354.000000 444.582245 0.245000 284.325012
4354.250000 444.582245 0.245000 284.434998
4354.250000 444.582245 0.245000 284.529999
4354.250000 444.582245 0.245000 284.625000
4354.625000 444.582245 0.245000 284.725006
4354.750000 444.582245 0.245000 284.825012
4354.750000 444.582245 0.219000 284.929993
4354.875000 444.582245 0.219000 285.035004
4354.875000 444.582245 0.219000 285.119995
4355.375000 444.582245 0.219000 285.225006
4355.500000 444.582245 0.219000 285.325012
4355.625000 444.582245 0.219000 285.429993
4355.625000 444.582245 0.219000 285.529999
4355.625000 444.582245 0.219000 285.630005
4355.875000 444.582245 0.219000 285.730011
4356.000000 444.582245 0.219000 285.829987
4356.125000 444.582245 0.210000 285.920013
4356.125000 444.582245 0.210000 286.024994
4356.125000 444.582245 0.210000 286.130005
4356.375000 444.582245 0.210000 286.225006
4356.375000 444.582245 0.210000 286.325012
4356.375000 444.582245 0.210000 286.424988
4356.750000 444.582245 0.210000 286.524994
4356.750000 444.582245 0.210000 286.625000
4356.750000 444.582245 0.210000 286.720001
4357.250000 444.582245 0.210000 286.829987
4357.500000 444.582245 0.220000 286.929993
4357.500000 444.582245 0.220000 287.029999
4357.500000 444.582245 0.220000 287.130005
4357.500000 444.582245 0.220000 287.230011
4357.625000 444.582245 0.220000 287.325989
4358.375000 444.582245 0.220000 287.429993
4358.625000 444.582245 0.220000 287.529999
4358.625000 444.582245 0.220000 287.625000
4358.625000 444.582245 0.220000 287.725006
4359.000000 444.582245 0.220000 287.829987
4359.000000 444.582245 0.204000 287.924988
4359.000000 444.582245 0.204000 288.015015
4359.000000 444.582245 0.204000 288.125000
4359.125000 444.582245 0.204000 288.214996
4359.250000 444.582245 0.204000 288.329987
4359.375000 444.582245 0.204000 288.429993
4359.500000 444.582245 0.204000 288.529999
4359.500000 444.582245 0.204000 288.625000
4359.750000 444.582245 0.204000 288.730011
4360.000000 444.582245 0.204000 288.825012
4360.000000 444.582245 0.212000 288.924988
4360.000000 444.582245 0.212000 289.019989
4360.250000 444.582245 0.212000 289.130005
4360.375000 444.582245 0.212000 289.225006
4360.500000 444.582245 0.212000 289.320007
4360.500000 444.582245 0.212000 289.434998
4360.625000 444.582245 0.212000 289.524994
4360.625000 444.582245 0.212000 289.630005
4360.750000 444.582245 0.212000 289.730011
4360.875000 444.582245 0.212000 289.820007
4361.000000 444.582245 0.211000 289.924988
4361.000000 444.582245 0.211000 290.035004
4361.000000 444.582245 0.211000 290.125000
4361.000000 444.582245 0.211000 290.230011
4361.125000 444.582245 0.211000 290.329987
4361.250000 444.582245 0.211000 290.434998
4361.250000 444.582245 0.211000 290.524994
4361.250000 444.582245 0.211000 290.625000
4361.250000 444.582245 0.211000 290.725006
4361.500000 444.582245 0.211000 290.829987
4361.875000 444.582245 0.212000 290.934998
4361.875000 444.582245 0.212000 291.029999
4361.875000 444.582245 0.212000 291.125000
4362.375000 444.582245 0.212000 291.230011
4362.625000 444.582245 0.212000 291.329987
4363.000000 444.582245 0.212000 291.415009
4363.000000 444.582245 0.212000 291.529999
4363.125000 444.582245 0.212000 291.619995
4363.250000 444.582245 0.212000 291.720001
4363.250000 444.582245 0.212000 291.820007
4363.250000 444.582245 0.218000 291.929993
4363.375000 444.582245 0.218000 292.029999
4363.500000 444.582245 0.218000 292.125000
4363.750000 444.582245 0.218000 292.234985
4364.000000 444.582245 0.218000 292.320007
4364.000000 444.582245 0.218000 292.424988
4364.250000 444.582245 0.218000 292.519989
4364.250000 444.582245 0.218000 292.630005
4364.250000 444.582245 0.218000 292.725006
4364.250000 444.582245 0.218000 292.834991
4364.250000 444.582245 0.224000 292.929993
4364.375000 444.582245 0.224000 293.024994
4364.375000 444.582245 0.224000 293.130005
4364.375000 444.582245 0.224000 293.225006
4364.500000 444.582245 0.224000 293.325012
4364.750000 444.582245 0.224000 293.429993
4364.750000 444.582245 0.224000 293.524994
4364.750000 444.582245 0.224000 293.630005
4364.875000 444.582245 0.224000 293.730011
4364.875000 444.582245 0.224000 293.834991
4364.875000 444.582245 0.223000 293.924988
4364.875000 444.582245 0.223000 294.029999
4364.875000 444.582245 0.223000 294.130005
4364.875000 444.582245 0.223000 294.230011
4364.875000 444.582245 0.223000 294.325012
4364.875000 444.582245 0.223000 294.429993
4365.000000 444.582245 0.223000 294.519989
4365.000000 444.582245 0.223000 294.625000
4365.000000 444.582245 0.223000 294.720001
4365.000000 444.582245 0.223000 294.829987
4365.000000 444.582245 0.215000 294.934998
4365.000000 444.582245 0.215000 295.024994
4365.000000 444.582245 0.215000 295.125000
4365.000000 444.582245 0.215000 295.230011
4365.000000 444.582245 0.215000 295.329987
4365.000000 444.582245 0.215000 295.429993
4365.000000 444.582245 0.215000 295.529999
4365.000000 444.582245 0.215000 295.630005
4365.000000 444.582245 0.215000 295.726013
4365.000000 444.582245 0.215000 295.838013
4365.000000 444.582245 0.215000 295.933014
4365.000000 444.582245 0.215000 296.037994
4365.000000 444.582245 0.215000 296.127991
4365.000000 444.582245 0.215000 296.233002
4365.125000 444.582245 0.215000 296.333008
4365.125000 444.582245 0.215000 296.437988
4365.125000 444.582245 0.215000 296.528015
4365.125000 444.582245 0.215000 296.627991
4365.125000 444.582245 0.215000 296.738007
4365.125000 444.582245 0.215000 296.833008
4365.125000 444.582245 0.215000 296.933014
4365.125000 444.582245 0.215000 297.037994
