3.705523 1.500000 1.000000 0.000000 0.319769 0.000000 0.000000
3.942429 1.500000 1.000000 0.000000 0.240483 0.000000 0.170000
4.150877 1.500000 1.000000 0.000000 0.135934 0.000000 0.290000
4.357084 1.500000 1.000000 0.000000 0.077834 0.000000 0.400000
4.589907 1.500000 1.000000 0.000000 0.046900 0.000000 0.520000
4.796928 1.500000 1.000000 0.000000 0.033759 0.000000 0.625000
5.005443 1.500000 1.000000 0.000000 0.027127 0.000000 0.730000
5.214727 1.500000 1.000000 0.000000 0.022846 0.000000 0.835000
5.424333 1.500000 1.000000 0.000000 0.021620 0.000000 0.940000
5.654034 1.500000 1.000000 0.000000 0.020703 0.000000 1.055000
5.883794 1.500000 1.000000 0.000000 0.021036 0.000000 1.170000
6.093651 1.500000 1.000000 0.000000 0.020532 0.000000 1.275000
6.303538 1.500000 1.000000 0.000000 0.019868 0.000000 1.380000
6.513402 1.500000 1.000000 0.000000 0.020163 0.000000 1.485000
6.723268 1.500000 1.000000 0.000000 0.020277 0.000000 1.590000
6.933119 1.500000 1.000000 0.000000 0.020510 0.000000 1.695000
7.142990 1.500000 1.000000 0.000000 0.020038 0.000000 1.800000
7.382836 1.500000 1.000000 0.000000 0.020664 0.000000 1.920000
7.592709 1.500000 1.000000 0.000000 0.020429 0.000000 2.025000
7.802574 1.500000 1.000000 0.000000 0.020654 0.000000 2.130000
8.012440 1.500000 1.000000 0.000000 0.020513 0.000000 2.235000
8.262273 1.500000 1.000000 0.000000 0.020611 0.000000 2.360000
8.472154 1.500000 1.000000 0.000000 0.020693 0.000000 2.465000
8.682070 1.500000 1.000000 0.000000 0.019937 0.000000 2.570000
8.911952 1.500000 1.000000 0.000000 0.019777 0.000000 2.685000
9.121799 1.500000 1.000000 0.000000 0.020550 0.000000 2.790000
9.331658 1.500000 1.000000 0.000000 0.020107 0.000000 2.895000
9.541520 1.500000 1.000000 0.000000 0.020444 0.000000 3.000000
9.751400 1.500000 1.000000 0.000000 0.020470 0.000000 3.105000
9.961285 1.500000 1.000000 0.000000 0.019988 0.000000 3.210000
10.171131 1.500000 1.000000 0.000000 0.020382 0.000000 3.315000
10.380990 1.500000 1.000000 0.000000 0.020688 0.000000 3.420000
10.590880 1.500000 1.000000 0.000000 0.020653 0.000000 3.525000
10.800785 1.500000 1.000000 0.000000 0.020284 0.000000 3.630000
11.040664 1.500000 1.000000 0.000000 0.020833 0.000000 3.750000
11.250577 1.500000 1.000000 0.000000 0.020587 0.000000 3.855000
11.460502 1.500000 1.000000 0.000000 0.020355 0.000000 3.960000
11.670411 1.500000 1.000000 0.000000 0.020060 0.000000 4.065000
11.880304 1.500000 1.000000 0.000000 0.020303 0.000000 4.170000
12.090209 1.500000 1.000000 0.000000 0.020228 0.000000 4.275000
12.300095 1.500000 1.000000 0.000000 0.020496 0.000000 4.380000
12.509964 1.500000 1.000000 0.000000 0.020664 0.000000 4.485000
12.719870 1.500000 1.000000 0.000000 0.020379 0.000000 4.590000
12.929808 1.500000 1.000000 0.000000 0.020228 0.000000 4.695000
13.139752 1.500000 1.000000 0.000000 0.019999 0.000000 4.800000
13.359666 1.500000 1.000000 0.000000 0.020294 0.000000 4.910000
13.569571 1.500000 1.000000 0.000000 0.020264 0.000000 5.015000
13.779475 1.500000 1.000000 0.000000 0.020375 0.000000 5.120000
13.989375 1.500000 1.000000 0.000000 0.020786 0.000000 5.225000
14.199293 1.500000 1.000000 0.000000 0.020817 0.000000 5.330000
14.429220 1.500000 1.000000 0.000000 0.020468 0.000000 5.445000
14.669134 1.500000 1.000000 0.000000 0.020238 0.000000 5.565000
14.908835 1.502787 1.000000 -0.086722 0.019398 0.109920 5.685000
15.117498 1.514521 1.000000 -0.038399 0.022485 0.166792 5.790000
15.325657 1.531612 1.000000 -0.019269 0.025177 0.161780 5.895000
15.563709 1.554573 1.000000 -0.029993 0.023797 0.157266 6.015000
15.771894 1.578426 1.000000 -0.032661 0.023008 0.154127 6.120000
15.979808 1.606051 1.000000 -0.027101 0.021720 0.151627 6.225000
16.197321 1.638333 1.000000 -0.015133 0.020842 0.149539 6.335000
16.394905 1.669507 1.000000 -0.004555 0.020590 0.147992 6.435000
16.592468 1.701328 1.000000 0.005297 0.020241 0.146743 6.535000
16.790092 1.732868 1.000000 0.011951 0.019779 0.145727 6.635000
16.987839 1.763495 1.000000 0.014781 0.020260 0.144900 6.735000
17.185774 1.792941 1.000000 0.014363 0.020009 0.144233 6.835000
17.383883 1.821260 1.000000 0.011501 0.020019 0.143690 6.935000
17.612015 1.850924 1.000000 0.016800 0.019477 0.106889 7.050000
17.860346 1.878155 1.000000 0.031746 0.019544 0.038691 7.175000
18.069109 1.897362 1.000000 -0.003661 0.021147 0.044895 7.280000
18.277948 1.916785 1.000000 0.001209 0.021688 0.049977 7.385000
18.486952 1.936087 1.000000 0.009872 0.021422 0.054039 7.490000
18.696117 1.954412 1.000000 0.015061 0.020457 0.057291 7.595000
18.915396 1.972019 1.000000 0.015563 0.020363 0.060027 7.705000
19.124838 1.987268 1.000000 0.012307 0.020690 0.062122 7.810000
19.324409 2.000688 1.000000 0.008162 0.020091 0.063736 7.910000
19.534014 2.014086 1.000000 0.002943 0.020379 0.065097 8.015000
19.733637 2.026667 1.000000 -0.000956 0.020406 0.066145 8.115000
19.943241 2.040110 1.000000 -0.003346 0.020474 0.067035 8.220000
20.142839 2.053366 1.000000 -0.004003 0.020240 0.067718 8.320000
20.342396 2.067130 1.000000 -0.003374 0.020347 0.068276 8.420000
20.541920 2.081343 1.000000 -0.001947 0.020438 0.068727 8.520000
20.751431 2.094769 1.000000 0.078030 0.019993 -0.018373 8.625000
20.990776 2.102995 1.000000 0.002847 0.020802 -0.026694 8.745000
21.200241 2.109034 1.000000 0.004255 0.021991 -0.021460 8.850000
21.409849 2.114512 1.000000 0.012940 0.021804 -0.017258 8.955000
21.619579 2.118558 1.000000 0.017860 0.021441 -0.013869 9.060000
21.829391 2.120680 1.000000 0.017626 0.020879 -0.011155 9.165000
22.039236 2.120923 1.000000 0.013482 0.020903 -0.008963 9.270000
22.249100 2.119738 1.000000 0.007583 0.020434 -0.007192 9.375000
22.458950 2.117783 1.000000 0.000901 0.020636 -0.005784 9.480000
22.668835 2.115745 1.000000 -0.003874 0.020563 -0.004647 9.585000
22.878719 2.114124 1.000000 -0.006515 0.020039 -0.003734 9.690000
23.098583 2.113159 1.000000 -0.006775 0.020593 -0.002975 9.800000
23.308468 2.112969 1.000000 -0.005458 0.020451 -0.002388 9.905000
23.528347 2.113375 1.000000 -0.002918 0.020400 -0.001902 10.015000
23.738255 2.114078 1.000000 -0.000576 0.020238 -0.001530 10.120000
23.948139 2.114839 1.000000 0.001272 0.020561 -0.001232 10.225000
24.158024 2.115462 1.000000 0.002259 0.019954 -0.000990 10.330000
24.367908 2.115843 1.000000 0.002480 0.020811 -0.000796 10.435000
24.577803 2.115959 1.000000 0.002096 0.019780 -0.000643 10.540000
24.817652 2.115827 1.000000 0.001196 0.020285 -0.000501 10.660000
25.027496 2.115571 1.000000 0.000327 0.020126 -0.000403 10.765000
25.237324 2.115284 1.000000 -0.000439 0.020360 -0.000325 10.870000
25.447132 2.115044 1.000000 -0.000857 0.020840 -0.000262 10.975000
25.656963 2.114894 1.000000 -0.000977 0.020289 -0.000211 11.080000
25.866768 2.114847 1.000000 -0.000840 0.020662 -0.000170 11.185000
26.076588 2.114885 1.000000 -0.000501 0.020681 -0.000138 11.290000
26.286453 2.114976 1.000000 -0.000170 0.020550 -0.000112 11.395000
26.496359 2.115081 1.000000 0.000109 0.020507 -0.000090 11.500000
26.726269 2.115181 1.000000 0.000309 0.020256 -0.000072 11.615000
26.946178 2.115241 1.000000 0.000352 0.020621 -0.000058 11.725000
27.156103 2.115259 1.000000 0.000311 0.019905 -0.000048 11.830000
27.366028 2.115245 1.000000 0.000190 0.020750 -0.000039 11.935000
27.575953 2.115211 1.000000 0.000066 0.020142 -0.000033 12.040000
27.805822 2.115167 1.000000 -0.000045 0.020036 -0.000027 12.155000
28.015667 2.115131 1.000000 -0.000114 0.020961 -0.000022 12.260000
28.225550 2.115107 1.000000 -0.000135 0.020480 -0.000019 12.365000
28.435434 2.115097 1.000000 -0.000119 0.020310 -0.000016 12.470000
28.645321 2.115099 1.000000 -0.000080 0.020478 -0.000014 12.575000
28.855217 2.115110 1.000000 -0.000031 0.020651 -0.000012 12.680000
29.065142 2.115125 1.000000 0.000013 0.020626 -0.000011 12.785000
29.275101 2.115138 1.000000 0.000040 0.020634 -0.000009 12.890000
29.485094 2.115146 1.000000 0.000049 0.020288 -0.000009 12.995000
29.685099 2.115149 1.000000 0.000044 0.020200 -0.000008 13.095000
29.895084 2.115148 1.000000 0.000031 0.020012 -0.000007 13.200000
30.105042 2.115143 1.000000 0.000014 0.020005 -0.000007 13.305000
30.324961 2.115137 1.000000 -0.000000 0.020116 -0.000006 13.415000
30.534845 2.115132 1.000000 -0.000009 0.019920 -0.000006 13.520000
30.744730 2.115127 1.000000 -0.000014 0.020920 -0.000006 13.625000
30.954647 2.115122 1.000000 -0.000017 0.020756 -0.000006 13.730000
31.164572 2.115121 1.000000 -0.000015 0.020344 -0.000005 13.835000
31.384489 2.115121 1.000000 -0.000008 0.019730 -0.000005 13.945000
31.594374 2.115121 1.000000 -0.000002 0.020447 -0.000005 14.050000
31.804262 2.115121 1.000000 0.000001 0.020959 -0.000005 14.155000
32.014194 2.115121 1.000000 0.000003 0.020841 -0.000005 14.260000
32.224159 2.115121 1.000000 0.000004 0.020706 -0.000005 14.365000
32.434124 2.115121 1.000000 0.000004 0.020448 -0.000005 14.470000
32.644089 2.115121 1.000000 0.000004 0.020594 -0.000005 14.575000
32.864052 2.115121 1.000000 0.000005 0.019991 -0.000005 14.685000
33.074017 2.115121 1.000000 0.000005 0.020282 -0.000005 14.790000
33.283981 2.115121 1.000000 0.000005 0.020182 -0.000005 14.895000
33.493946 2.115118 1.000000 0.000003 0.019979 -0.000005 15.000000
33.703911 2.115113 1.000000 -0.000005 0.020284 -0.000005 15.105000
33.923874 2.115112 1.000000 -0.000008 0.019861 -0.000005 15.215000
34.133785 2.115112 1.000000 -0.000004 0.020402 -0.000005 15.320000
34.343674 2.115112 1.000000 -0.000000 0.020600 -0.000005 15.425000
34.553638 2.115112 1.000000 0.000002 0.020689 -0.000005 15.530000
34.803596 2.115112 1.000000 0.000003 0.020753 -0.000005 15.655000
35.013561 2.115112 1.000000 0.000004 0.020466 -0.000005 15.760000
35.223526 2.115112 1.000000 0.000004 0.020299 -0.000005 15.865000
35.433491 2.115109 1.000000 0.000004 0.020280 -0.000005 15.970000
35.643456 2.115104 1.000000 -0.000003 0.020173 -0.000005 16.075001
35.863354 2.115102 1.000000 -0.000009 0.020538 -0.000005 16.184999
36.073269 2.115102 1.000000 -0.000005 0.020359 -0.000005 16.290001
36.283234 2.115102 1.000000 -0.000001 0.020053 -0.000005 16.395000
36.493134 2.115102 1.000000 0.000002 0.020206 -0.000005 16.500000
36.703075 2.115102 1.000000 0.000003 0.020509 -0.000005 16.605000
36.923038 2.115102 1.000000 0.000004 0.020378 -0.000005 16.715000
37.133003 2.115102 1.000000 0.000004 0.020560 -0.000005 16.820000
37.342968 2.115102 1.000000 0.000005 0.019781 -0.000005 16.924999
37.552933 2.115097 1.000000 0.000000 0.019861 -0.000005 17.030001
37.762833 2.115093 1.000000 -0.000008 0.019830 -0.000005 17.135000
37.972717 2.115093 1.000000 -0.000008 0.021043 -0.000005 17.240000
38.242622 2.115093 1.000000 -0.000002 0.020700 -0.000005 17.375000
38.462585 2.115093 1.000000 0.000001 0.020495 -0.000005 17.485001
38.672550 2.115093 1.000000 0.000003 0.020510 -0.000005 17.590000
38.882515 2.115093 1.000000 0.000004 0.020041 -0.000005 17.695000
39.092480 2.115093 1.000000 0.000004 0.020210 -0.000005 17.799999
39.302444 2.115093 1.000000 0.000004 0.020637 -0.000005 17.905001
39.502487 2.115090 1.000000 0.000003 0.020163 -0.000005 18.004999
39.722473 2.115085 1.000000 -0.000004 0.019772 -0.000005 18.115000
39.932404 2.115083 1.000000 -0.000009 0.020488 -0.000005 18.219999
40.142349 2.115083 1.000000 -0.000005 0.020874 -0.000005 18.325001
40.352314 2.115083 1.000000 -0.000001 0.020677 -0.000005 18.430000
40.582275 2.115083 1.000000 0.000002 0.020763 -0.000005 18.545000
40.842155 2.116397 1.000000 -0.036337 0.018862 0.057778 18.674999
41.051701 2.121779 1.000000 -0.078122 0.019695 0.112168 18.780001
41.260273 2.135263 1.000000 -0.109276 0.024775 0.213918 18.885000
41.467518 2.158377 1.000000 -0.058288 0.028264 0.226314 18.990000
41.674049 2.188305 1.000000 -0.031645 0.026586 0.251860 19.094999
41.880249 2.222712 1.000000 -0.018695 0.025052 0.241755 19.200001
42.106045 2.263396 1.000000 -0.019781 0.022723 0.232958 19.315001
42.311985 2.303196 1.000000 -0.016889 0.021506 0.226632 19.420000
42.517662 2.345164 1.000000 -0.010817 0.020427 0.221546 19.525000
42.723125 2.388616 1.000000 -0.003122 0.020014 0.217429 19.629999
42.918743 2.430654 1.000000 0.002971 0.019324 0.214184 19.730000
43.114380 2.472707 1.000000 0.008261 0.019808 0.211561 19.830000
43.310154 2.514294 1.000000 0.011093 0.019098 0.209420 19.930000
43.506058 2.555131 1.000000 0.011576 0.018533 0.207700 20.030001
43.702084 2.595182 1.000000 0.000317 0.019385 0.211185 20.129999
43.936451 2.646400 1.000000 -0.078374 0.019695 0.324906 20.250000
44.177589 2.709460 1.000000 -0.054760 0.021970 0.379494 20.375000
44.378654 2.767491 1.000000 -0.011851 0.022615 0.380193 20.480000
44.579311 2.827914 1.000000 -0.018115 0.023299 0.372560 20.584999
44.778709 2.892820 1.000000 -0.043514 0.022744 0.410727 20.690001
44.976398 2.963084 1.000000 -0.031873 0.022548 0.404101 20.795000
45.163647 3.033603 1.000000 -0.027229 0.020416 0.399027 20.895000
45.349945 3.107048 1.000000 -0.019580 0.019337 0.394868 20.995001
45.535583 3.182620 1.000000 -0.008802 0.018771 0.391500 21.094999
45.720875 3.259336 1.000000 0.001377 0.018034 0.388759 21.195000
45.905880 3.336849 1.000000 -0.027067 0.016722 0.429037 21.295000
46.089989 3.416244 1.000000 0.008462 0.017039 0.425897 21.395000
46.274200 3.495415 1.000000 0.010032 0.017604 0.423328 21.495001
46.458645 3.574127 1.000000 0.005775 0.017262 0.421246 21.594999
46.643192 3.652748 1.000000 0.011241 0.007733 0.409562 21.695000
46.833092 3.732310 1.000000 -0.031096 -0.141651 0.422216 21.799999
47.023140 3.815545 1.000000 -0.073311 -0.105627 0.534947 21.915001
47.209389 3.907192 1.000000 -0.085588 -0.044006 0.631936 22.040001
47.394566 4.012386 1.000000 -0.067955 -0.007204 0.678415 22.174999
47.562546 4.121584 1.000000 -0.064701 0.007205 0.756973 22.305000
47.727036 4.245049 1.000000 -0.117637 0.015663 0.882259 22.440001
47.877163 4.382147 1.000000 -0.063723 0.021519 0.992887 22.575001
48.022404 4.534490 1.013989 -0.099210 0.026348 1.071217 22.715000
48.155148 4.697383 1.014311 -0.026837 0.023163 1.119232 22.855000
48.277248 4.860384 1.014561 -0.072598 0.023251 1.152444 22.990000
48.392345 5.029196 1.014764 -0.093825 0.022126 1.192115 23.125000
48.493984 5.204241 1.014849 -0.070455 -0.115628 1.192879 23.260000
48.587059 5.387450 1.014849 0.000362 -0.240563 1.025326 23.420000
48.671165 5.569491 1.014849 0.042418 -0.141921 0.773999 23.660000
48.741985 5.758928 1.014849 0.031982 -0.018543 0.145681 24.260000
48.904015 5.637181 1.014849 0.022616 0.216610 -1.032254 25.209999
49.029209 5.474285 1.014849 0.048448 0.112420 -1.223147 25.375000
49.140324 5.298199 1.014849 0.062170 0.068461 -1.308649 25.525000
49.234940 5.118555 1.014849 0.062501 0.050893 -1.357703 25.665001
49.315903 4.935416 1.014849 0.062762 0.035791 -1.345215 25.799999
49.387001 4.745379 1.014849 0.067683 0.023167 -1.335777 25.934999
49.447395 4.550409 1.014849 0.054790 0.015922 -1.328608 26.070000
49.499561 4.352428 1.001922 -0.007344 0.011216 -1.271687 26.205000
49.552773 4.154443 1.002886 -0.047427 0.091862 -1.171886 26.340000
49.616280 3.958889 1.003639 -0.101274 0.005902 -1.006374 26.469999
49.694740 3.770916 1.004257 -0.128187 0.001696 -0.828312 26.600000
49.793167 3.592643 1.004777 -0.135417 0.031443 -0.636235 26.735001
49.913509 3.424359 1.005215 -0.088349 0.043658 -0.592250 26.875000
50.055004 3.262355 1.005578 -0.106346 0.043146 -0.537230 27.020000
50.202499 3.125295 1.005851 -0.109871 0.038065 -0.478219 27.155001
50.363716 3.003242 1.006073 -0.099989 0.031934 -0.416758 27.290001
50.535904 2.895775 1.006252 -0.085713 0.026466 -0.354118 27.424999
50.729942 2.795041 1.006407 -0.072192 0.022346 -0.286183 27.570000
50.916401 2.712178 1.006525 -0.031846 0.029032 -0.269845 27.705000
51.106495 2.634558 1.006616 -0.062998 0.176656 -0.250630 27.834999
51.312809 2.558471 1.006689 -0.004857 0.119967 -0.262846 27.959999
51.507656 2.488903 1.006742 -0.009980 0.074654 -0.273992 28.070000
51.700157 2.421749 1.006784 -0.066136 0.050372 -0.251512 28.174999
51.897076 2.357822 1.006821 -0.062201 0.036153 -0.227852 28.280001
52.096943 2.298255 1.006851 -0.076407 0.028879 -0.183650 28.385000
52.298897 2.243847 1.006878 -0.055528 0.027597 -0.150803 28.490000
52.502365 2.194160 1.006900 0.006946 0.019607 -0.127549 28.594999
52.705975 2.144425 1.006919 0.020889 0.019236 -0.144020 28.700001
52.909313 2.092573 1.006935 0.001469 0.020688 -0.157206 28.805000
53.122513 2.037956 1.006950 -0.017824 0.021550 -0.168256 28.915001
53.336296 1.985099 1.006962 -0.028102 0.021074 -0.177040 29.025000
53.531288 1.939559 1.006971 -0.030132 0.019812 -0.183477 29.125000
53.726837 1.896575 1.006980 -0.024831 0.019834 -0.188684 29.225000
53.922806 1.855694 1.006987 -0.017906 0.018691 -0.192951 29.325001
54.119011 1.816164 1.006993 -0.007298 0.019556 -0.196362 29.424999
54.325130 1.775091 1.006998 0.000503 0.019427 -0.199269 29.530001
54.521557 1.737039 1.007002 -0.074705 0.018945 -0.118756 29.629999
54.728527 1.703621 1.007006 -0.017895 0.020918 -0.079414 29.735001
54.965393 1.668144 1.007009 0.006364 0.021151 -0.090287 29.855000
55.202393 1.632055 1.007012 -0.052994 0.021997 -0.066522 29.975000
55.410164 1.603585 1.007014 -0.022371 0.021491 -0.063636 30.080000
55.618313 1.579188 1.007017 -0.028408 0.022514 -0.023908 30.184999
55.826832 1.558370 1.007019 -0.018015 0.022625 -0.030652 30.290001
56.035690 1.539620 1.007020 -0.024360 0.022581 -0.036080 30.395000
56.244873 1.523429 1.007020 -0.026699 0.021060 -0.040361 30.500000
56.484192 1.508262 1.007020 -0.021089 0.020950 -0.044253 30.620001
56.693764 1.497333 1.007020 -0.012711 0.020707 -0.046964 30.725000
56.903408 1.487661 1.007020 -0.004042 0.020766 -0.049134 30.830000
57.113121 1.478308 1.007020 0.002984 0.020801 -0.050890 30.934999
57.352776 1.467071 1.007020 0.007408 0.019874 -0.052488 31.055000
57.592358 1.454679 1.007020 0.008364 0.020077 -0.053727 31.174999
57.801895 1.444477 1.007020 -0.014290 0.019826 -0.007882 31.280001
58.011417 1.436042 1.007020 -0.001124 0.021401 -0.010802 31.385000
58.221039 1.427855 1.007020 -0.023785 0.020321 -0.002520 31.490000
58.430477 1.423719 1.007020 -0.108614 -0.019469 0.123965 31.594999
58.632111 1.430027 1.007020 -0.111410 -0.126550 0.257663 31.700001
58.841587 1.448038 1.007020 -0.116503 -0.073403 0.338107 31.820000
59.041569 1.479830 1.007020 -0.104482 -0.019898 0.398821 31.945000
59.238319 1.526310 1.007020 -0.061932 0.003623 0.382702 32.075001
59.450638 1.591579 1.007020 -0.049421 0.010928 0.409372 32.220001
59.658051 1.668257 1.007020 -0.069676 0.012232 0.457758 32.365002
59.846146 1.750840 1.007020 -0.038656 0.012940 0.522514 32.500000
60.031059 1.840201 1.007020 0.052167 0.004006 0.449293 32.634998
60.217777 1.924441 1.007020 0.061373 0.011262 0.331175 32.770000
60.408165 1.998751 1.007020 0.056500 0.015141 0.237045 32.904999
60.601692 2.063596 1.007020 0.055120 0.016848 0.157016 33.040001
60.797905 2.118902 1.007020 0.059880 0.019250 0.084187 33.174999
60.996460 2.163766 1.007020 0.043466 0.020319 0.033311 33.310001
61.241840 2.205640 1.007020 0.040548 0.019930 -0.010295 33.474998
61.451908 2.231546 1.007020 0.031068 0.058822 -0.017073 33.615002
61.658501 2.248193 1.007020 0.019761 0.173717 -0.028287 33.744999
61.861828 2.258693 1.007020 0.005018 0.119679 -0.014415 33.860001
62.068817 2.267778 1.007020 0.006250 0.073798 -0.003995 33.970001
62.272522 2.275722 1.007020 0.006310 0.048706 0.003946 34.075001
62.479359 2.283016 1.007020 0.004835 0.033999 0.010350 34.180000
62.687737 2.289860 1.007020 0.002149 0.026803 0.015420 34.285000
62.896847 2.296530 1.007020 -0.000213 0.023376 0.019508 34.389999
63.106293 2.303277 1.007020 -0.001900 0.022402 0.022798 34.494999
63.315948 2.310278 1.007020 -0.002555 0.020879 0.025434 34.599998
63.525673 2.317605 1.007020 -0.002329 0.020789 0.027578 34.705002
63.745396 2.325604 1.007020 -0.001392 0.020930 0.029358 34.814999
63.955200 2.333455 1.007020 -0.000260 0.020444 0.030706 34.919998
64.164940 2.341398 1.007020 0.000712 0.020351 0.031794 35.025002
64.374664 2.349328 1.007020 0.001443 0.020172 0.032661 35.130001
64.584389 2.357171 1.007020 0.001787 0.020079 0.033360 35.235001
64.794113 2.364892 1.007020 0.001768 0.020180 0.033922 35.340000
65.033798 2.373574 1.007020 0.001433 0.020317 0.034428 35.459999
65.243523 2.381084 1.007020 0.001052 0.020060 0.034780 35.564999
65.463234 2.388914 1.007020 0.000608 0.021253 0.035077 35.674999
65.672958 2.396398 1.007020 0.000409 0.020050 0.035302 35.779999
65.882683 2.403915 1.007020 0.000296 0.020249 0.035481 35.884998
66.092407 2.411476 1.007020 0.000312 0.020448 0.035625 35.990002
66.302238 2.419079 1.007020 0.000421 0.020105 0.035742 36.095001
66.502129 2.426347 1.007020 0.000542 0.020700 0.035832 36.195000
66.702019 2.433632 1.007020 0.000688 0.020334 0.035904 36.294998
66.901909 2.440918 1.007020 0.000794 0.020204 0.035962 36.395000
67.111748 2.448558 1.007020 0.000880 0.019811 0.036010 36.500000
67.331459 2.456543 1.007020 0.000846 0.020858 0.036050 36.610001
67.561241 2.463112 1.007020 0.019148 0.020013 -0.010210 36.724998
67.770966 2.466534 1.007020 0.043355 0.020625 -0.041860 36.830002
67.980606 2.467111 1.007020 -0.004904 0.020507 -0.052427 36.935001
68.190186 2.465938 1.007020 0.001023 0.021038 -0.077646 37.040001
68.399666 2.462169 1.007020 0.001608 0.021027 -0.103064 37.145000
68.649033 2.455330 1.007020 0.020532 0.021484 -0.136243 37.270000
68.868362 2.446755 1.007020 -0.002564 0.021661 -0.122682 37.380001
69.077866 2.438321 1.007020 0.005935 0.022545 -0.112217 37.485001
69.287430 2.428916 1.007020 0.014669 0.022126 -0.103913 37.590000
69.496994 2.417707 1.007020 0.017691 0.021563 -0.097228 37.695000
69.706558 2.404423 1.007020 0.015390 0.021004 -0.091852 37.799999
69.925941 2.388736 1.007020 -0.041297 0.017713 -0.047877 37.910000
70.135345 2.375829 1.007020 -0.047285 0.018506 -0.007415 38.014999
70.344536 2.367787 1.007020 -0.034729 0.022524 0.033069 38.119999
70.563751 2.363925 1.007020 -0.028516 0.023623 0.031286 38.230000
70.773109 2.364828 1.007020 -0.053125 0.023176 0.071894 38.334999
71.032173 2.373727 1.007020 -0.029064 0.022747 0.069011 38.465000
71.241417 2.384725 1.007020 -0.022086 0.021711 0.067174 38.570000
71.450691 2.398168 1.007020 -0.013581 0.020802 0.065709 38.674999
71.659935 2.413110 1.007020 -0.003471 0.020747 0.064544 38.779999
71.869232 2.428534 1.007020 0.004153 0.020704 0.063603 38.884998
72.078636 2.443628 1.007020 0.008689 0.019870 0.062833 38.990002
72.288040 2.457905 1.007020 0.010669 0.020418 0.062220 39.095001
72.517532 2.471709 1.007020 0.079435 0.018977 -0.001681 39.209999
72.736809 2.476321 1.007020 0.097849 0.023054 -0.106467 39.320000
72.945518 2.471369 1.007020 0.018003 0.024900 -0.118010 39.424999
73.154396 2.463552 1.007020 0.012996 0.024664 -0.110834 39.529999
73.363556 2.453954 1.007020 0.022275 0.024007 -0.105096 39.634998
73.572800 2.441723 1.007020 0.025834 0.023074 -0.100466 39.740002
73.782043 2.426533 1.007020 0.022221 0.021858 -0.096778 39.845001
74.011116 2.406991 1.007020 0.013653 0.020812 -0.093548 39.959999
74.220200 2.387434 1.007020 0.004263 0.020457 -0.091218 40.064999
74.429283 2.367289 1.007020 -0.003865 0.019901 -0.089355 40.169998
74.658279 2.345540 1.007020 -0.009615 0.020300 -0.087707 40.285000
74.867363 2.326559 1.007020 -0.011653 0.020474 -0.086524 40.389999
75.076591 2.308635 1.007020 -0.010890 0.019980 -0.085571 40.494999
75.305763 2.290097 1.007020 -0.007416 0.020162 -0.084747 40.610001
75.525101 2.273062 1.007020 -0.003753 0.020268 -0.084121 40.720001
75.734505 2.257039 1.007020 -0.000662 0.020295 -0.083642 40.825001
75.933937 2.241699 1.007020 0.001187 0.020379 -0.083270 40.924999
76.133369 2.226091 1.007020 0.002118 0.020850 -0.082971 41.025002
76.332802 2.210126 1.007020 0.001942 0.020376 -0.082730 41.125000
76.532158 2.193827 1.007020 0.001071 0.020280 -0.082533 41.224998
76.741402 2.176444 1.007020 -0.000135 0.020021 -0.082364 41.330002
76.950645 2.158918 1.007020 -0.001408 0.020085 -0.082231 41.435001
77.199745 2.138052 1.007020 -0.002442 0.020541 -0.082105 41.560001
77.428917 2.118970 1.007020 -0.002864 0.020185 -0.082014 41.674999
77.638161 2.101699 1.007020 -0.002926 0.019853 -0.081952 41.779999
77.847404 2.084574 1.007020 -0.002500 0.019750 -0.081903 41.884998
78.056648 2.067548 1.007020 -0.002012 0.019738 -0.081861 41.990002
78.265892 2.050567 1.007020 -0.001457 0.020456 -0.081826 42.095001
78.475136 2.033574 1.007020 -0.001189 0.020555 -0.081799 42.200001
78.674507 2.017354 1.007020 -0.001103 0.019758 -0.081776 42.299999
78.883751 2.000278 1.007020 -0.001050 0.020379 -0.081758 42.404999
79.083138 1.983967 1.007020 -0.001172 0.020022 -0.081744 42.505001
79.312485 1.965166 1.007020 -0.001355 0.020060 -0.081734 42.619999
79.521767 1.947983 1.007020 -0.001468 0.020521 -0.081729 42.724998
79.721176 1.932032 1.007020 -0.062886 0.018217 -0.029804 42.825001
79.930580 1.918679 1.007020 -0.007233 0.020625 -0.032634 42.930000
80.139984 1.906314 1.007020 -0.003545 0.020927 -0.035317 43.035000
80.369431 1.893206 1.007020 -0.032520 0.020968 -0.023120 43.150002
80.588936 1.885336 1.007020 -0.053062 0.021585 0.055339 43.259998
80.798355 1.883493 1.007020 -0.008435 0.022233 0.049425 43.365002
81.007919 1.883041 1.007020 -0.049283 0.022349 0.068069 43.470001
81.237228 1.888557 1.007020 -0.032701 0.023541 0.111983 43.584999
81.446457 1.898270 1.007020 -0.012417 0.022597 0.103990 43.689999
81.655746 1.909702 1.007020 -0.012590 0.022249 0.097576 43.794998
81.905037 1.925366 1.007020 -0.012271 0.020921 0.091566 43.919998
82.114365 1.940162 1.007020 -0.008648 0.020918 0.087577 44.025002
82.323608 1.956062 1.007020 -0.004216 0.020081 0.084375 44.130001
82.532852 1.972550 1.007020 0.000730 0.019727 0.081815 44.235001
82.762024 1.990664 1.007020 0.004956 0.020213 0.079610 44.349998
82.991196 2.008341 1.007020 0.006717 0.020575 0.077859 44.465000
83.200531 2.023906 1.007020 0.006617 0.020466 0.076586 44.570000
83.409935 2.038934 1.007020 0.005382 0.020172 0.075569 44.674999
83.619339 2.053553 1.007020 0.003611 0.020010 0.074749 44.779999
83.828743 2.067952 1.007020 0.001579 0.020153 0.074098 44.884998
84.038147 2.082332 1.007020 0.000265 0.020066 0.073569 44.990002
84.247551 2.096835 1.007020 -0.000520 0.020540 0.073141 45.095001
84.456955 2.111543 1.007020 -0.000624 0.020555 0.072799 45.200001
84.696274 2.128608 1.007020 -0.000108 0.020328 0.072489 45.320000
84.905342 2.143951 1.007020 -0.064451 -0.059979 0.159511 45.424999
85.113091 2.165598 1.007020 -0.145429 -0.129309 0.370596 45.535000
85.323288 2.203626 1.007020 -0.174675 -0.048348 0.553118 45.660000
85.518311 2.263396 1.007020 -0.171460 0.014790 0.699925 45.790001
85.720360 2.361375 1.007020 -0.157380 0.046486 0.858456 45.939999
85.889305 2.479660 1.007020 -0.105548 0.046334 0.965462 46.080002
86.046562 2.623793 1.007020 -0.141899 0.048151 1.125949 46.224998
86.181000 2.788092 1.007020 -0.140874 0.053109 1.283357 46.369999
86.293449 2.976148 1.007020 -0.130868 0.053765 1.425495 46.520000
86.375557 3.164280 1.007020 -0.083531 0.046621 1.483008 46.660000
86.445168 3.375303 1.007020 -0.093814 0.040527 1.539969 46.810001
86.495758 3.600870 1.007020 -0.085127 0.033570 1.598291 46.965000
86.522217 3.801265 1.007020 -0.094507 0.029526 1.661406 47.099998
86.531761 4.003366 1.007020 -0.087959 0.027343 1.729510 47.235001
86.525208 4.205818 1.007020 -0.047326 0.023816 1.770718 47.369999
86.508850 4.408586 1.007020 -0.024301 0.018946 1.755595 47.505001
86.484924 4.619531 1.007020 -0.050600 0.174558 1.777541 47.639999
86.445946 4.853864 1.007020 -0.048510 0.121061 1.823702 47.775002
86.406281 5.057221 1.007020 0.026059 0.071052 1.813735 47.884998
86.368889 5.257580 1.007020 0.036179 0.044681 1.799990 47.990002
86.330864 5.480989 1.007020 0.024775 0.030796 1.788167 48.105000
86.296608 5.686512 1.007020 -0.035041 0.026635 1.839140 48.209999
86.259087 5.891995 1.007020 0.000165 0.024322 1.825435 48.314999
86.220772 6.097834 1.007020 -0.003227 0.022711 1.816432 48.419998
86.181564 6.303845 1.007020 -0.009811 0.022077 1.809203 48.525002
86.135925 6.539344 1.007020 0.062889 0.016643 1.724440 48.645000
86.099037 6.765704 1.007020 0.083694 0.019970 1.609454 48.759998
86.074722 6.972819 1.007020 0.053365 0.024707 1.539139 48.865002
86.056396 7.180363 1.007020 0.022402 0.027902 1.546883 48.970001
86.041023 7.388673 1.007020 0.037718 0.027222 1.553214 49.075001
86.029404 7.607628 1.007020 0.047445 0.024990 1.558514 49.185001
86.023506 7.817082 1.007020 0.043822 0.022810 1.562546 49.290001
86.022232 8.026753 1.007020 0.031810 0.020747 1.565785 49.395000
86.024231 8.236500 1.007020 0.014440 0.020452 1.568374 49.500000
86.028030 8.456264 1.007020 0.047536 0.019330 1.534613 49.610001
86.035042 8.675850 1.007020 -0.005455 0.020396 1.524125 49.720001
86.041702 8.885455 1.007020 -0.015118 0.020645 1.527957 49.825001
86.046883 9.095144 1.007020 -0.011682 0.020978 1.531044 49.930000
86.050934 9.304930 1.007020 -0.005314 0.020845 1.533519 50.035000
86.055008 9.544758 1.007020 0.001313 0.020556 1.535749 50.154999
86.058807 9.754628 1.007020 0.004977 0.020389 1.537301 50.259998
86.063202 9.964493 1.007020 0.006384 0.020404 1.538550 50.365002
86.068344 10.174338 1.007020 0.005679 0.020631 1.539543 50.470001
86.074150 10.384175 1.007020 0.003737 0.020747 1.540345 50.575001
86.080406 10.594020 1.007020 0.001476 0.020178 1.540991 50.680000
86.086815 10.803857 1.007020 -0.000781 0.020662 1.541508 50.785000
86.093224 11.013686 1.007020 -0.002170 0.020315 1.541928 50.889999
86.099480 11.223506 1.007020 -0.003009 0.019722 1.542265 50.994999
86.105484 11.433290 1.007020 -0.002991 0.020089 1.542530 51.099998
86.111214 11.643055 1.007020 -0.002398 0.020259 1.542744 51.205002
86.117020 11.862829 1.007020 -0.001506 0.020712 1.542925 51.314999
86.122467 12.072649 1.007020 -0.000658 0.020621 1.543064 51.419998
86.127647 12.282191 1.007020 -0.060028 -0.059804 1.627738 51.525002
86.128189 12.482379 1.007020 -0.087174 -0.131233 1.732920 51.630001
86.118050 12.715934 1.007020 -0.105202 -0.065470 1.832538 51.764999
86.095139 12.915348 1.007020 -0.107136 -0.015967 1.910511 51.889999
86.056061 13.112545 1.007020 -0.068807 0.007818 1.956793 52.020000
86.001678 13.319225 1.007020 -0.033296 0.011957 1.938672 52.160000
85.942795 13.516273 1.007020 -0.024528 0.011813 1.925479 52.294998
85.880325 13.712166 1.007020 0.029911 0.009063 1.842763 52.430000
85.821793 13.910219 1.007020 0.056431 0.141990 1.745383 52.564999
85.772957 14.111912 1.007020 0.063533 0.138939 1.652778 52.689999
85.735825 14.310969 1.007020 0.072709 -0.050000 1.527505 52.805000
85.707466 14.511336 1.007020 0.094887 -0.044719 1.448142 52.924999
85.691040 14.717775 1.007020 0.111957 -0.004987 1.373324 53.055000
85.692909 14.925223 1.007020 0.089576 0.016318 1.321546 53.189999
85.710815 15.129373 1.007020 0.080227 0.018824 1.316527 53.325001
85.741577 15.331528 1.007020 0.047520 0.017372 1.314782 53.459999
85.781471 15.532355 1.007020 0.013025 0.011985 1.342420 53.595001
85.820641 15.732926 1.007020 -0.084337 0.010080 1.558365 53.730000
85.845474 15.933552 1.007020 -0.091115 0.021437 1.731206 53.865002
85.853119 16.140738 1.007020 -0.104572 0.034552 1.888407 54.005001
85.837029 16.360085 1.007020 -0.101252 0.046103 2.036836 54.154999
85.797806 16.560711 1.007020 -0.134223 0.052969 2.174580 54.294998
85.731941 16.753143 1.007020 -0.150619 0.059841 2.322968 54.435001
85.637650 16.932608 1.007020 -0.134335 0.060828 2.452975 54.575001
85.523186 17.103241 1.007020 0.003943 0.034718 2.289049 54.715000
85.398056 17.281422 1.007020 -0.047822 0.021131 2.265735 54.860001
85.273636 17.443905 1.007020 -0.038528 0.014105 2.259108 54.994999
85.143364 17.602839 1.007020 -0.017418 0.010119 2.254172 55.130001
85.010406 17.760021 1.007020 0.001190 0.010022 2.250415 55.264999
84.877388 17.917440 1.007020 0.012035 0.009171 2.247579 55.400002
84.745865 18.076185 1.007020 0.015888 0.008279 2.245449 55.535000
84.620522 18.233875 1.007020 0.096811 0.013441 2.125449 55.665001
84.506302 18.400280 1.007020 0.101831 0.001944 1.944134 55.794998
84.404694 18.578829 1.007020 0.095607 0.016328 1.783909 55.930000
84.317810 18.761961 1.007020 0.055459 0.024176 1.728459 56.064999
84.241180 18.949287 1.007020 0.073087 0.029334 1.677694 56.200001
84.177429 19.141382 1.007020 0.090147 0.031519 1.619848 56.334999
84.128761 19.337942 1.007020 0.051838 0.028390 1.609933 56.470001
84.087791 19.552809 1.007020 0.074540 0.022428 1.602899 56.615002
84.061264 19.770330 1.007020 0.082727 0.020858 1.526541 56.759998
84.051788 19.973970 1.007020 0.065537 0.019785 1.459895 56.895000
84.054115 20.176207 1.007020 0.054634 0.175639 1.417382 57.025002
84.066452 20.410248 1.007020 -0.007097 0.124629 1.422777 57.160000
84.078796 20.615387 1.007020 0.002132 0.078975 1.433109 57.270000
84.092125 20.817816 1.007020 0.014990 0.052338 1.441001 57.375000
84.107788 21.023560 1.007020 0.020963 0.037242 1.447354 57.480000
84.126114 21.230881 1.007020 0.019195 0.029122 1.452417 57.584999
84.146782 21.438921 1.007020 0.013147 0.024514 1.456488 57.689999
84.169060 21.647289 1.007020 0.004243 0.022393 1.459726 57.794998
84.195320 21.885641 1.007020 -0.003223 0.020314 1.462685 57.915001
84.218163 22.094278 1.007020 -0.008282 0.020388 1.464736 58.020000
84.240341 22.303051 1.007020 -0.010201 0.020943 1.466382 58.125000
84.260658 22.502039 1.007020 -0.009766 0.020525 1.467654 58.224998
84.280212 22.701130 1.007020 -0.007839 0.020077 1.468685 58.325001
84.299194 22.900265 1.007020 -0.005071 0.020126 1.469522 58.424999
84.317863 23.099430 1.007020 -0.002358 0.020463 1.470202 58.525002
84.336479 23.298595 1.007020 -0.000248 0.020377 1.470752 58.625000
84.355263 23.497753 1.007020 0.000877 0.019736 1.471204 58.724998
84.374290 23.696857 1.007020 0.001226 0.020016 1.471566 58.825001
84.394577 23.905855 1.007020 0.000810 0.020207 1.471875 58.930000
84.415154 24.114813 1.007020 -0.000119 0.019995 1.472123 59.035000
84.435905 24.323757 1.007020 -0.001153 0.020910 1.472323 59.139999
84.455742 24.522808 1.007020 -0.002040 0.020469 1.472476 59.240002
84.477562 24.741823 1.007020 -0.002707 0.020417 1.472613 59.349998
84.497261 24.940950 1.007020 -0.002967 0.020040 1.472711 59.450001
84.517838 25.150034 1.007020 -0.002912 0.019656 1.472795 59.555000
84.537346 25.349129 1.007020 -0.002548 0.020081 1.472859 59.654999
84.556801 25.548216 1.007020 0.036891 0.019757 1.448232 59.755001
84.581474 25.756615 1.007020 0.079714 0.020506 1.351079 59.860001
84.614822 25.963200 1.007020 0.080235 0.023326 1.261601 59.965000
84.657288 26.167419 1.007020 0.085958 0.027475 1.177211 60.070000
84.715065 26.387726 1.007020 0.071890 0.031409 1.104479 60.185001
84.776093 26.586607 1.007020 0.029570 0.031481 1.118913 60.290001
84.841614 26.784948 1.007020 0.042439 0.028770 1.130618 60.395000
84.911697 26.982391 1.007020 -0.020711 0.019880 1.209350 60.500000
84.981331 27.180231 1.007020 0.015992 0.018526 1.264802 60.605000
85.055626 27.387171 1.007020 0.014877 0.019157 1.266455 60.715000
85.137199 27.602350 1.007020 0.069071 0.018133 1.168955 60.830002
85.213516 27.787340 1.007020 -0.014488 0.018129 1.153191 60.930000
85.289444 27.972582 1.007020 -0.030113 0.017157 1.157961 61.029999
85.363312 28.158772 1.007020 -0.019391 0.017891 1.161830 61.130001
85.435898 28.345558 1.007020 -0.006655 0.018200 1.164983 61.230000
85.507828 28.532661 1.007020 -0.061769 0.015890 1.226123 61.330002
85.574852 28.721292 1.007020 -0.082202 0.017737 1.327241 61.430000
85.637184 28.921318 1.007020 -0.086070 0.021858 1.421894 61.535000
85.690506 29.123089 1.007020 -0.093585 0.027601 1.506081 61.639999
85.733559 29.326483 1.007020 -0.112785 0.034327 1.589190 61.744999
85.766289 29.541113 1.007020 -0.054423 0.036411 1.610074 61.855000
85.791389 29.757427 1.007020 -0.048975 0.034120 1.594116 61.965000
85.809738 29.965336 1.007020 -0.053997 0.029910 1.581876 62.070000
85.822319 30.174212 1.007020 -0.049260 0.025292 1.572066 62.174999
85.829712 30.383612 1.007020 -0.035246 0.022225 1.564172 62.279999
85.833473 30.593266 1.007020 -0.015576 0.021459 1.557832 62.384998
85.835709 30.803064 1.007020 0.002777 0.021266 1.552807 62.490002
85.838303 31.012936 1.007020 0.012969 0.020133 1.548696 62.595001
85.842384 31.222776 1.007020 0.018695 0.019956 1.545414 62.700001
85.848495 31.432539 1.007020 0.017973 0.020248 1.542780 62.805000
85.857391 31.662231 1.007020 0.012116 0.020584 1.540501 62.919998
85.866966 31.871916 1.007020 0.005883 0.020086 1.538836 63.025002
85.877174 32.081615 1.007020 -0.000692 0.020851 1.537495 63.130001
85.887383 32.291340 1.007020 -0.005216 0.020802 1.536422 63.235001
85.896667 32.491135 1.007020 -0.007366 0.020770 1.535597 63.334999
85.905319 32.690948 1.007020 -0.007518 0.020754 1.534929 63.435001
85.913300 32.890835 1.007020 -0.006548 0.019590 1.534384 63.535000
85.921104 33.100658 1.007020 -0.004041 0.020584 1.533924 63.639999
85.928551 33.310490 1.007020 -0.001654 0.020630 1.533551 63.744999
85.936623 33.540363 1.007020 0.000458 0.020450 1.533228 63.860001
85.944107 33.750217 1.007020 0.001523 0.019932 1.532992 63.965000
85.951851 33.960022 1.007020 0.001809 0.020452 1.532804 64.070000
85.959846 34.169827 1.007020 0.001420 0.020345 1.532652 64.175003
85.968086 34.379631 1.007020 0.000610 0.020427 1.532531 64.279999
85.976418 34.589436 1.007020 -0.000248 0.020494 1.532433 64.385002
85.984909 34.799240 1.007020 -0.001004 0.020501 1.532353 64.489998
85.993271 35.009045 1.007020 -0.001556 0.020098 1.532289 64.595001
86.002594 35.218758 1.007020 0.072283 0.018968 1.459462 64.699997
86.019234 35.427483 1.007020 0.089935 0.022185 1.360048 64.805000
86.048828 35.653999 1.007020 0.092525 0.027182 1.264665 64.919998
86.085312 35.858906 1.007020 0.027897 0.029333 1.255272 65.025002
86.126152 36.063576 1.007020 0.033375 0.028480 1.263363 65.129997
86.171318 36.267952 1.007020 0.045085 0.025565 1.269941 65.235001
86.221764 36.471470 1.007020 0.046582 0.022615 1.275177 65.339996
86.277397 36.673866 1.007020 0.035034 0.020605 1.279344 65.445000
86.334114 36.865753 1.007020 0.018778 0.019834 1.282583 65.544998
86.401825 37.085854 1.007020 0.000488 0.018895 1.285558 65.660004
86.469971 37.305885 1.007020 -0.014075 0.019022 1.287898 65.775002
86.528236 37.497566 1.007020 -0.020808 0.018060 1.289531 65.875000
86.587708 37.699310 1.007020 -0.021785 0.018748 1.290905 65.980003
86.642639 37.891941 1.007020 -0.018896 0.018701 1.291962 66.080002
86.696198 38.084961 1.007020 -0.030953 0.018080 1.302634 66.180000
86.746109 38.278778 1.007020 -0.042957 0.018004 1.369348 66.279999
86.794670 38.483013 1.007020 0.005522 0.019668 1.361351 66.385002
86.842964 38.687332 1.007020 -0.060426 0.020097 1.420468 66.489998
86.885635 38.892532 1.007020 -0.062997 0.021803 1.499976 66.595001
86.923050 39.098392 1.007020 -0.002019 0.022260 1.487720 66.699997
86.961601 39.314388 1.007020 -0.055695 0.023543 1.505775 66.809998
86.994141 39.521206 1.007020 -0.034037 0.024087 1.515136 66.915001
87.022820 39.728703 1.007020 -0.032736 0.023564 1.506899 67.019997
87.048080 39.936829 1.007020 -0.032588 0.022822 1.500259 67.125000
87.070007 40.145485 1.007020 -0.027731 0.021095 1.494911 67.230003
87.089211 40.354485 1.007020 -0.018139 0.020031 1.490637 67.334999
87.106728 40.563633 1.007020 -0.007321 0.019777 1.487206 67.440002
87.122978 40.792816 1.007020 -0.013781 0.020511 1.530154 67.555000
87.135780 41.002155 1.007020 -0.033652 0.021483 1.549680 67.660004
87.146965 41.211620 1.007020 0.004967 0.020590 1.552074 67.764999
87.158424 41.421104 1.007020 0.009319 0.020920 1.545829 67.870003
87.170853 41.630589 1.007020 0.004653 0.019781 1.540819 67.974998
87.183777 41.840046 1.007020 -0.011505 0.021016 1.541570 68.080002
87.193794 42.049515 1.007020 -0.033297 0.020860 1.598308 68.184998
87.200058 42.258972 1.007020 -0.003026 0.021026 1.589928 68.290001
87.205757 42.468494 1.007020 -0.003240 0.021444 1.583221 68.394997
87.211044 42.678135 1.007020 -0.006295 0.021589 1.577812 68.500000
87.215645 42.887886 1.007020 -0.007620 0.021135 1.573479 68.605003
87.219757 43.117725 1.007020 -0.006777 0.020538 1.569723 68.720001
87.223145 43.357594 1.007020 -0.004185 0.020381 1.566625 68.839996
87.225861 43.587467 1.007020 -0.001435 0.020523 1.564290 68.955002
87.228149 43.797352 1.007020 0.000790 0.020307 1.562598 69.059998
87.229034 44.007183 1.007020 -0.038910 0.020193 1.623300 69.165001
87.226280 44.216835 1.007020 -0.006743 0.021753 1.621738 69.269997
87.222458 44.426559 1.007020 -0.009896 0.021433 1.620340 69.375000
87.217133 44.646355 1.007020 -0.015061 0.021138 1.619167 69.485001
87.210312 44.856113 1.007020 -0.015811 0.020724 1.618271 69.589996
87.201714 45.065838 1.007020 -0.012308 0.020922 1.617556 69.695000
87.191742 45.275497 1.007020 -0.007008 0.020676 1.616976 69.800003
87.180916 45.485142 1.007020 -0.001356 0.020367 1.616511 69.904999
87.168816 45.714752 1.007020 0.003757 0.020006 1.616107 70.019997
87.158081 45.924397 1.007020 0.006362 0.020688 1.615812 70.125000
87.147926 46.134109 1.007020 0.007003 0.020486 1.615574 70.230003
87.138412 46.343834 1.007020 0.005878 0.020720 1.615385 70.334999
87.129433 46.553627 1.007020 0.004275 0.019940 1.615231 70.440002
87.120392 46.773422 1.007020 0.002009 0.020083 1.615102 70.550003
87.111092 47.003166 1.007020 -0.000007 0.020222 1.614995 70.665001
87.101257 47.242851 1.007020 -0.001257 0.020739 1.614909 70.785004
87.092392 47.452633 1.007020 -0.001437 0.020604 1.614849 70.889999
87.083740 47.652447 1.007020 -0.001049 0.020830 1.614803 70.989998
87.074905 47.852261 1.007020 -0.000399 0.020167 1.614766 71.089996
87.065475 48.062016 1.007020 0.000406 0.020550 1.614735 71.195000
87.056023 48.271767 1.007020 0.001129 0.020138 1.614709 71.300003
87.046570 48.481544 1.007020 0.001567 0.020566 1.614689 71.404999
87.037689 48.681358 1.007020 0.001744 0.020376 1.614672 71.504997
87.028839 48.881172 1.007020 0.001647 0.020090 1.614659 71.605003
87.019707 49.090912 1.007020 0.001377 0.020306 1.614648 71.709999
87.010574 49.300636 1.007020 0.001048 0.020132 1.614639 71.815002
87.001442 49.510361 1.007020 0.000832 0.020187 1.614632 71.919998
86.992310 49.720085 1.007020 0.000675 0.020671 1.614627 72.025002
86.981873 49.959816 1.007020 0.000614 0.020372 1.614622 72.144997
86.973175 50.159630 1.007020 0.000593 0.020278 1.614618 72.245003
86.963173 50.389416 1.007020 0.000575 0.020198 1.614616 72.360001
86.953979 50.599190 1.007020 0.000571 0.020415 1.614613 72.464996
86.944527 50.808903 1.007020 -0.051052 0.018898 1.652719 72.570000
86.929909 51.017994 1.007020 -0.090354 0.020946 1.755807 72.675003
86.905556 51.225445 1.007020 -0.091393 0.025322 1.847083 72.779999
86.873314 51.431423 1.007020 -0.012204 0.026461 1.840002 72.885002
86.838539 51.637470 1.007020 -0.015400 0.026136 1.830285 72.989998
86.801308 51.843590 1.007020 -0.027298 0.023337 1.822550 73.095001
86.760689 52.049309 1.007020 -0.030787 0.022581 1.816327 73.199997
86.716469 52.254471 1.007020 -0.025216 0.021174 1.811339 73.305000
86.671486 52.449371 1.007020 -0.015724 0.019991 1.807498 73.404999
86.624756 52.643951 1.007020 -0.003479 0.019740 1.804401 73.504997
86.577309 52.838409 1.007020 -0.037233 0.019229 1.831116 73.605003
86.526115 53.031807 1.007020 -0.071509 0.019527 1.923633 73.705002
86.461853 53.241768 1.007020 -0.070626 0.021366 2.013968 73.815002
86.389137 53.448261 1.007020 -0.077387 0.024718 2.098694 73.925003
86.311050 53.641384 1.007020 -0.095814 0.030438 2.177629 74.029999
86.222694 53.829342 1.007020 -0.117963 0.037291 2.255453 74.135002
86.122185 54.010521 1.007020 -0.136146 0.042789 2.331069 74.239998
85.996643 54.199131 1.007020 -0.115692 0.044350 2.396341 74.355003
85.870323 54.363842 1.007020 -0.067700 0.038311 2.381702 74.459999
85.736702 54.524544 1.007020 -0.064647 0.029724 2.369812 74.565002
85.595810 54.680080 1.007020 -0.133624 0.026178 2.437205 74.669998
85.446144 54.827385 1.007020 -0.040141 0.022395 2.435010 74.775002
85.300041 54.964684 1.007020 -0.040929 0.020038 2.447072 74.875000
85.144630 55.107235 1.007020 0.008504 0.016092 2.422712 74.980003
84.996925 55.243626 1.007020 0.018931 0.014990 2.410079 75.080002
84.843102 55.388325 1.007020 0.017714 0.015379 2.404242 75.184998
84.697746 55.527454 1.007020 0.012736 0.015205 2.399697 75.285004
84.553154 55.667484 1.007020 0.005971 0.014352 2.396034 75.385002
84.408920 55.807899 1.007020 -0.000749 0.015194 2.393080 75.485001
84.264603 55.948261 1.007020 -0.004827 0.014902 2.390652 75.584999
84.118431 56.086468 1.007020 -0.072661 0.015022 2.478605 75.684998
83.968689 56.220329 1.007020 -0.025911 0.017200 2.475461 75.785004
83.816086 56.350708 1.007020 -0.097603 0.018266 2.567131 75.885002
83.658356 56.473881 1.007020 -0.069733 0.021015 2.612763 75.985001
83.487938 56.596123 1.007020 -0.054120 0.023908 2.655268 76.089996
83.313705 56.713123 1.007020 -0.067051 0.022974 2.661062 76.195000
83.135406 56.823872 1.007020 -0.067805 0.023285 2.697335 76.300003
82.952866 56.927402 1.007020 -0.090679 0.022938 2.734101 76.404999
82.756973 57.026386 1.007020 -0.141629 -0.047411 2.839377 76.514999
82.564537 57.108097 1.007020 -0.134876 -0.120322 2.974478 76.625000
82.368324 57.176105 1.007020 -0.118095 -0.063769 3.041662 76.745003
82.173447 57.228024 1.007020 -0.109406 -0.017233 3.107512 76.870003
81.974930 57.264160 1.007020 -0.103661 0.007072 -3.106119 77.000000
81.770576 57.281784 1.007020 -0.125071 0.022569 -2.951539 77.135002
81.567879 57.279018 1.007020 -0.062445 0.025381 -2.898623 77.269997
81.343300 57.261227 1.007020 -0.057525 0.023905 -2.841404 77.419998
81.142220 57.233482 1.007020 -0.062265 0.023674 -2.784858 77.555000
80.943062 57.193863 1.007020 -0.040593 0.022934 -2.749756 77.690002
80.745079 57.145813 1.007020 -0.021477 0.018880 -2.770329 77.824997
80.547394 57.092976 1.007020 -0.025365 0.015690 -2.785124 77.959999
80.350571 57.035160 1.007020 -0.022421 0.013968 -2.796367 78.095001
80.156281 56.973534 1.007020 -0.012531 0.171103 -2.804584 78.224998
79.940720 56.901775 1.007020 0.022169 0.119568 -2.824943 78.355003
79.744270 56.839764 1.007020 0.085134 0.074570 -2.933047 78.464996
79.548630 56.787773 1.007020 0.085518 0.052554 -3.024237 78.570000
79.348206 56.744415 1.007020 0.091271 0.042700 -3.109705 78.675003
79.135132 56.709641 1.007020 0.107094 0.041543 3.087088 78.785004
78.929871 56.688095 1.007020 0.057919 0.040269 3.054357 78.889999
78.723053 56.673954 1.007020 0.046684 0.036480 3.067643 78.995003
78.514885 56.665268 1.007020 0.054983 0.031505 3.078396 79.099998
78.305893 56.662716 1.007020 0.085911 0.027528 3.068212 79.205002
78.087051 56.670635 1.007020 0.087754 0.026779 2.996188 79.315002
77.878754 56.687813 1.007020 0.020764 0.024580 3.007045 79.419998
77.670410 56.708244 1.007020 0.067793 0.023096 2.965687 79.525002
77.432961 56.737602 1.007020 -0.037735 0.019276 2.994102 79.644997
77.195183 56.762848 1.007020 -0.088197 0.020199 3.125556 79.764999
76.986900 56.775093 1.007020 -0.089390 0.024735 -3.058726 79.870003
76.778893 56.777454 1.007020 -0.095017 0.029673 -2.969215 79.974998
76.571213 56.771141 1.007020 -0.022341 0.030255 -2.971232 80.080002
76.363037 56.761082 1.007020 -0.033110 0.030365 -2.983963 80.184998
76.154465 56.746864 1.007020 -0.045472 0.027525 -2.990957 80.290001
75.945915 56.727417 1.007020 -0.046725 0.023210 -2.996548 80.394997
75.737732 56.702827 1.007020 -0.035250 0.021877 -3.001059 80.500000
75.510124 56.671444 1.007020 -0.016784 0.020634 -3.004979 80.614998
75.302383 56.642212 1.007020 0.077898 0.019539 -3.093058 80.720001
75.094330 56.619083 1.007020 0.020473 0.022470 -3.109813 80.824997
74.885956 56.598660 1.007020 0.019763 0.023193 -3.105926 80.930000
74.677208 56.580368 1.007020 0.028700 0.022658 -3.102823 81.035004
74.468086 56.565037 1.007020 0.030672 0.021919 -3.100327 81.139999
74.238716 56.551868 1.007020 0.025285 0.020723 -3.098132 81.254997
74.029114 56.542538 1.007020 0.014826 0.020799 -3.096554 81.360001
73.819389 56.534649 1.007020 0.004815 0.020476 -3.095279 81.464996
73.609665 56.527142 1.007020 -0.003443 0.020022 -3.094255 81.570000
73.399971 56.520657 1.007020 0.024726 0.019007 3.132235 81.675003
73.190407 56.516708 1.007020 0.003281 0.020952 3.132524 81.779999
72.980766 56.513390 1.007020 0.009172 0.021480 3.132852 81.885002
72.771042 56.511131 1.007020 0.014569 0.021005 3.133116 81.989998
72.561172 56.510422 1.007020 0.015632 0.020685 3.133329 82.095001
72.351288 56.511391 1.007020 0.012531 0.020701 3.133500 82.199997
72.141403 56.513695 1.007020 0.007444 0.020735 3.133636 82.305000
71.921524 56.516949 1.007020 0.001840 0.020271 3.133750 82.415001
71.711639 56.520283 1.007020 -0.002863 0.020577 3.133837 82.519997
71.501755 56.523323 1.007020 -0.005398 0.019789 3.133907 82.625000
71.291870 56.525810 1.007020 -0.006019 0.020514 3.133962 82.730003
71.081985 56.527683 1.007020 -0.005094 0.020637 3.134007 82.834999
70.872101 56.529030 1.007020 -0.003361 0.020839 3.134044 82.940002
70.632233 56.530170 1.007020 -0.000998 0.020185 3.134076 83.059998
70.422348 56.531052 1.007020 0.000676 0.020011 3.134098 83.165001
70.212463 56.532040 1.007020 0.001718 0.020067 3.134117 83.269997
70.002579 56.533226 1.007020 0.002070 0.019962 3.134132 83.375000
69.792694 56.534645 1.007020 0.001805 0.020343 3.134143 83.480003
69.582809 56.536266 1.007020 0.001165 0.020354 3.134153 83.584999
69.372925 56.538013 1.007020 0.000364 0.020116 3.134161 83.690002
69.163040 56.539829 1.007020 -0.000338 0.020020 3.134166 83.794998
68.953156 56.541592 1.007020 -0.000813 0.020458 3.134171 83.900002
68.743271 56.543301 1.007020 -0.000969 0.020894 3.134176 84.004997
68.493408 56.545227 1.007020 -0.000856 0.020602 3.134180 84.129997
68.283493 56.546753 1.007020 -0.000602 0.021135 3.134182 84.235001
68.083450 56.548164 1.007020 -0.000355 0.020299 3.134182 84.334999
67.853477 56.549744 1.007020 -0.000064 0.020019 3.134182 84.449997
67.633598 56.551266 1.007020 0.000156 0.020572 3.134182 84.559998
67.423714 56.552788 1.007020 0.000184 0.020516 3.134182 84.665001
67.183846 56.554527 1.007020 0.000118 0.020502 3.134182 84.785004
66.973961 56.556126 1.007020 0.000016 0.020796 3.134182 84.889999
66.763977 56.557728 1.007020 -0.000150 0.020313 3.134182 84.995003
66.563934 56.559254 1.007020 -0.000249 0.020449 3.134182 85.095001
66.363892 56.560780 1.007020 -0.000312 0.020265 3.134182 85.195000
66.153923 56.562340 1.007020 -0.000339 0.019787 3.134182 85.300003
65.924049 56.564007 1.007020 -0.000222 0.020390 3.134182 85.415001
65.714165 56.565529 1.007020 -0.000121 0.020700 3.134182 85.519997
65.504280 56.567051 1.007020 -0.000063 0.020734 3.134182 85.625000
65.294327 56.568573 1.007020 -0.000031 0.020916 3.134182 85.730003
65.094284 56.570042 1.007020 -0.000014 0.020393 3.134182 85.830002
64.884308 56.571644 1.007020 -0.000102 0.020291 3.134182 85.934998
64.674423 56.573246 1.007020 -0.000219 0.020346 3.134182 86.040001
64.434555 56.575062 1.007020 -0.000305 0.020325 3.134182 86.160004
64.224670 56.576584 1.007020 -0.000239 0.020911 3.134182 86.264999
64.014786 56.578106 1.007020 -0.000151 0.020406 3.134182 86.370003
63.804825 56.579628 1.007020 -0.000084 0.020544 3.134182 86.474998
63.594860 56.581150 1.007020 -0.000043 0.020134 3.134182 86.580002
63.384895 56.582710 1.007020 -0.000032 0.020477 3.134182 86.684998
63.174931 56.584312 1.007020 -0.000133 0.020064 3.134182 86.790001
62.964966 56.585915 1.007020 -0.000241 0.020354 3.134182 86.894997
62.755001 56.587486 1.007020 -0.000298 0.020404 3.134182 87.000000
62.545036 56.589008 1.007020 -0.000226 0.020241 3.134182 87.105003
62.335072 56.590530 1.007020 -0.000136 0.019946 3.134182 87.209999
62.105133 56.592197 1.007020 -0.000067 0.020594 3.134182 87.324997
61.895168 56.593719 1.007020 -0.000033 0.021043 3.134182 87.430000
61.695133 56.595230 1.007020 -0.000058 0.020661 3.134182 87.529999
61.495090 56.596756 1.007020 -0.000162 0.020477 3.134182 87.629997
61.295048 56.598282 1.007020 -0.000253 0.020293 3.134182 87.730003
61.085060 56.599838 1.007020 -0.000289 0.020333 3.134182 87.834999
60.875095 56.601360 1.007020 -0.000206 0.020468 3.134182 87.940002
60.665131 56.602882 1.007020 -0.000117 0.020442 3.134182 88.044998
60.425171 56.604622 1.007020 -0.000056 0.020281 3.134182 88.165001
60.215286 56.606144 1.007020 -0.000027 0.020102 3.134182 88.269997
60.005402 56.607742 1.007020 -0.000071 0.020323 3.134182 88.375000
59.795490 56.609344 1.007020 -0.000188 0.020286 3.134182 88.480003
59.585526 56.610947 1.007020 -0.000274 0.020642 3.134182 88.584999
59.375561 56.612484 1.007020 -0.000289 0.019914 3.134182 88.690002
59.165600 56.614006 1.007020 -0.000202 0.019708 3.134182 88.794998
58.955715 56.615528 1.007020 -0.000105 0.020469 3.134182 88.900002
58.745770 56.617050 1.007020 -0.000052 0.020773 3.134182 89.004997
58.505810 56.618801 1.007020 -0.000021 0.020510 3.134182 89.125000
58.295845 56.620403 1.007020 -0.000091 0.020616 3.134182 89.230003
58.085880 56.622005 1.007020 -0.000213 0.020489 3.134182 89.334999
57.885883 56.623531 1.007020 -0.000283 0.020707 3.134182 89.434998
57.685860 56.624992 1.007020 -0.000284 0.020357 3.134182 89.535004
57.445881 56.626732 1.007020 -0.000170 0.020620 3.134182 89.654999
57.235950 56.626637 1.007020 -0.080654 0.018986 -3.060238 89.760002
57.026550 56.620403 1.007020 -0.010192 0.021467 -3.055099 89.864998
56.817402 56.610611 1.007020 -0.048581 0.022110 -2.993926 89.970001
56.608704 56.595787 1.007020 -0.019469 0.023917 -2.999106 90.074997
56.399956 56.578289 1.007020 -0.024555 0.023362 -3.003129 90.180000
56.191284 56.557819 1.007020 -0.027694 0.021653 -3.006346 90.285004
55.982853 56.534172 1.007020 -0.024532 0.020961 -3.008941 90.389999
55.774685 56.507755 1.007020 -0.014926 0.020863 -3.011014 90.495003
55.566681 56.479553 1.007020 -0.004724 0.019814 -3.012674 90.599998
55.358757 56.450668 1.007020 0.004844 0.020067 -3.014013 90.705002
55.140858 56.420738 1.007020 0.011335 0.020322 -3.015124 90.815002
54.932690 56.393135 1.007020 0.013333 0.020298 -3.015975 90.919998
54.734261 56.367928 1.007020 0.012234 0.020211 -3.016629 91.019997
54.535698 56.343685 1.007020 0.009807 0.019396 -3.017165 91.120003
54.327175 56.318996 1.007020 0.005417 0.019937 -3.017613 91.224998
54.118492 56.296158 1.007020 0.019848 0.019832 -3.059886 91.330002
53.909664 56.275326 1.007020 -0.009879 0.020475 -3.054250 91.434998
53.700939 56.253414 1.007020 -0.012964 0.020332 -3.049739 91.540001
53.492340 56.229984 1.007020 -0.009062 0.020662 -3.046076 91.644997
53.254002 56.202957 1.007020 0.033410 0.019075 -3.093786 91.764999
53.045364 56.182175 1.007020 0.007508 0.021268 -3.088409 91.870003
52.836555 56.162285 1.007020 0.010117 0.021352 -3.084088 91.974998
52.627575 56.143398 1.007020 0.013862 0.020887 -3.080609 92.080002
52.418423 56.126274 1.007020 0.057122 0.020967 -3.115905 92.184998
52.209759 56.113716 1.007020 0.087039 -0.087609 3.072381 92.290001
52.003479 56.109390 1.007020 0.130138 -0.119648 2.893007 92.400002
51.799587 56.118118 1.007020 0.117835 -0.051250 2.767165 92.519997
51.573547 56.149006 1.007020 0.102205 0.002197 2.681100 92.665001
51.372276 56.191013 1.007020 -0.036608 0.008805 2.919701 92.800003
51.170815 56.228249 1.007020 -0.035716 0.006442 3.111965 92.934998
50.969917 56.259117 1.007020 -0.045975 0.010079 -3.016498 93.070000
50.755444 56.282059 1.007020 -0.085210 0.027642 -2.860200 93.214996
50.528088 56.286053 1.007020 -0.127937 0.051003 -2.706318 93.370003
50.312038 56.260109 1.007020 -0.141484 0.063693 -2.567203 93.519997
50.111805 56.204521 1.007020 -0.113063 -0.093676 -2.416911 93.665001
49.919205 56.135757 1.007020 -0.107757 -0.202750 -2.238889 93.834999
49.728710 56.072559 1.007020 -0.090386 -0.088857 -1.956137 94.105003
49.533791 56.027210 1.007020 -0.016418 0.005328 -1.045047 94.974998
49.740913 56.057720 1.007020 -0.004250 0.318845 0.153136 96.514999
49.946182 56.088326 1.007020 -0.017215 0.238703 0.165494 96.660004
50.151352 56.122417 1.007020 -0.023849 0.135062 0.173248 96.779999
50.353703 56.159420 1.007020 -0.024129 0.079252 0.180048 96.889999
50.553078 56.198799 1.007020 -0.019052 0.049955 0.186324 96.995003
50.755367 56.241024 1.007020 -0.010164 0.034569 0.189106 97.099998
50.959114 56.284885 1.007020 -0.000921 0.027605 0.192129 97.205002
51.183186 56.333530 1.007020 0.006912 0.022804 0.193912 97.320000
51.388275 56.377617 1.007020 0.010951 0.021500 0.195477 97.425003
51.603554 56.422947 1.007020 0.012114 0.020448 0.196603 97.535004
51.799568 56.463280 1.007020 0.011090 0.019498 0.197332 97.635002
51.995762 56.502861 1.007020 0.008659 0.019220 0.197931 97.735001
52.192051 56.541939 1.007020 0.004878 0.019902 0.198629 97.834999
52.388420 56.580849 1.007020 0.002561 0.019073 0.199042 97.934998
52.584763 56.619820 1.007020 0.000745 0.019027 0.199311 98.035004
52.781040 56.659016 1.007020 -0.000189 0.019441 0.199533 98.135002
52.977268 56.698536 1.007020 -0.000126 0.018994 0.199709 98.235001
53.173424 56.738354 1.007020 0.000464 0.019846 0.199982 98.334999
53.369576 56.778419 1.007020 0.001663 0.019953 0.200075 98.434998
53.565727 56.818619 1.007020 0.002857 0.019060 0.200147 98.535004
53.761879 56.858826 1.007020 0.003496 0.019682 0.200314 98.635002
53.964188 56.902512 1.007020 -0.101413 -0.131686 0.383443 98.739998
54.174042 56.958122 1.007020 -0.095632 -0.098875 0.507925 98.860001
54.370739 57.022167 1.007020 -0.095678 -0.034902 0.573177 98.985001
54.560673 57.097878 1.007020 -0.054509 -0.002334 0.571590 99.114998
54.755756 57.189541 1.007020 -0.076994 0.010559 0.623588 99.254997
54.936184 57.289013 1.007020 -0.039232 0.012055 0.604552 99.389999
55.119095 57.399151 1.007020 -0.056650 0.010423 0.619003 99.529999
55.289623 57.511337 1.007020 -0.025117 -0.138856 0.712888 99.665001
55.459774 57.625542 1.007020 -0.052627 -0.237743 0.880445 99.824997
55.630535 57.732960 1.007020 -0.069913 -0.128074 1.137016 100.070000
55.808083 57.827015 1.007020 -0.034035 -0.010730 1.781057 100.684998
55.667828 57.972466 1.007020 -0.017466 0.226460 2.610811 101.834999
55.491276 58.078224 1.007020 -0.009936 0.090711 2.772003 101.995003
55.293423 58.189796 1.007020 -0.033261 0.040455 2.936184 102.154999
55.112228 58.284229 1.007020 -0.027930 0.034269 2.991209 102.294998
54.925037 58.372662 1.007020 -0.075906 0.040532 3.043884 102.434998
54.737671 58.444721 1.007020 -0.106052 0.043194 3.100928 102.570000
54.543812 58.498848 1.007020 -0.074146 0.037160 3.117008 102.705002
54.330101 58.541298 1.007020 -0.067753 0.025279 3.101372 102.849998
54.127926 58.568596 1.007020 -0.056305 0.018586 3.090533 102.985001
53.924065 58.587059 1.007020 -0.024478 0.013408 3.051397 103.120003
53.697563 58.606853 1.007020 0.045511 0.169789 2.953016 103.264999
53.490257 58.633778 1.007020 0.040221 0.126809 2.869401 103.385002
53.288734 58.667622 1.007020 0.053229 0.081863 2.790431 103.495003
53.092094 58.708530 1.007020 0.078574 0.053367 2.714136 103.599998
52.895504 58.759499 1.007020 0.100724 0.053483 2.641241 103.705002
52.673641 58.832890 1.022631 0.131247 0.053421 2.555660 103.824997
52.487137 58.911980 1.022636 0.190887 -0.088996 2.395960 103.930000
52.278843 59.027405 1.022642 0.215261 -0.051603 2.205506 104.065002
52.118599 59.147217 1.022645 0.157064 0.004970 2.145729 104.190002
51.969410 59.291168 1.022648 0.130276 0.023247 2.096370 104.324997
51.834938 59.455273 1.022651 0.107486 0.025107 2.035316 104.464996
51.721092 59.624779 1.022654 0.064038 0.020312 1.998649 104.599998
51.605656 59.828773 1.022656 0.114004 0.021965 1.839079 104.754997
51.524467 60.014400 1.022656 0.097213 0.026335 1.691280 104.889999
51.458752 60.205143 1.022656 0.061639 0.028624 1.638875 105.025002
51.404350 60.399887 1.022656 0.074393 0.030063 1.580512 105.160004
51.363281 60.598160 1.022656 0.083088 0.030195 1.520850 105.294998
51.335896 60.813988 1.022656 0.083862 0.028886 1.458497 105.440002
51.326397 61.016396 1.022656 0.078988 0.026746 1.400314 105.574997
51.331612 61.234230 1.022656 0.031418 0.022461 1.394431 105.720001
51.345772 61.460552 1.022656 0.022341 0.069248 1.410751 105.870003
51.363632 61.659828 1.022656 0.058645 0.169517 1.401795 105.995003
51.391262 61.870583 1.022656 0.016407 0.114032 1.383616 106.114998
51.422028 62.075321 1.022656 -0.000171 0.072716 1.391007 106.224998
51.452866 62.276714 1.022656 -0.002806 0.046468 1.396629 106.330002
51.490284 62.520317 1.022656 -0.003438 0.032721 1.401929 106.455002
51.523426 62.736427 1.022656 -0.003685 0.025588 1.405565 106.565002
51.555069 62.943424 1.022656 -0.003648 0.022388 1.408344 106.669998
51.586006 63.160767 1.022656 -0.089087 0.018811 1.513160 106.779999
51.606384 63.368679 1.022656 -0.099198 0.023228 1.612671 106.885002
51.615807 63.576557 1.022656 -0.103841 0.029231 1.703055 106.989998
51.613476 63.783943 1.022656 -0.111385 0.034876 1.786920 107.095001
51.598454 63.990284 1.022656 -0.122216 0.039932 1.866117 107.199997
51.569527 64.194756 1.022656 -0.091742 0.042092 1.921595 107.305000
51.527821 64.407768 1.022656 -0.047246 0.036524 1.898523 107.415001
51.481602 64.611023 1.022656 -0.047414 0.030000 1.885677 107.519997
51.429684 64.813744 1.022656 -0.041496 0.025245 1.872459 107.625000
51.372910 65.015686 1.022656 -0.027650 0.021832 1.864774 107.730003
51.315723 65.207428 1.022656 -0.012152 0.020376 1.859296 107.830002
51.257004 65.398888 1.022656 0.001655 0.018517 1.855711 107.930000
51.198154 65.590347 1.022656 0.014408 0.019188 1.852147 108.029999
51.140308 65.782150 1.022656 0.020846 0.018932 1.849801 108.129997
51.084034 65.974449 1.022656 0.021267 0.018976 1.848229 108.230003
51.029369 66.167229 1.022656 0.018026 0.018638 1.847164 108.330002
50.976063 66.360374 1.022656 0.012883 0.018638 1.846348 108.430000
50.923611 66.553749 1.022656 0.007696 0.017948 1.845789 108.529999
50.870018 66.755989 1.022656 0.086881 -0.108007 1.714394 108.635002
50.823936 66.956024 1.022656 0.132228 -0.123312 1.554185 108.745003
50.791607 67.156364 1.022656 0.164912 -0.043742 1.381324 108.864998
50.781349 67.359718 1.022656 0.152425 0.013182 1.242649 108.995003
50.796806 67.570297 1.022656 0.110240 0.033693 1.194113 109.135002
50.832661 67.769318 1.022656 0.096853 0.032850 1.143130 109.269997
50.886391 67.964592 1.022656 0.077199 0.027230 1.096381 109.404999
50.960835 68.169601 1.022656 0.081473 0.024916 1.015878 109.550003
51.044975 68.354729 1.022656 0.075980 0.023218 0.945499 109.684998
51.145679 68.540245 1.022656 0.070637 0.021877 0.875233 109.824997
51.255135 68.711929 1.022656 0.093285 0.022654 0.761804 109.959999
51.376369 68.875366 1.022656 0.058956 0.022489 0.740425 110.095001
51.506069 69.033150 1.022656 0.028455 0.018895 0.738044 110.230003
51.641830 69.186989 1.029164 0.071752 0.016186 0.693339 110.364998
51.785160 69.334015 1.038939 0.028696 0.014065 0.698160 110.500000
51.932968 69.477249 1.058869 0.022167 0.011358 0.712184 110.635002
52.083763 69.617821 1.057941 0.017425 0.009715 0.719954 110.769997
52.255634 69.769226 1.068517 0.057697 0.010018 0.623376 110.919998
52.414864 69.894592 1.061663 0.067279 0.169816 0.543191 111.050003
52.584385 70.012703 1.055501 0.051544 0.134545 0.468007 111.169998
52.755989 70.122063 1.055259 0.054483 0.085570 0.392675 111.279999
52.929466 70.223915 1.055063 0.068499 0.054597 0.318953 111.385002
53.108353 70.319801 1.054897 0.084184 -0.014251 0.258411 111.489998
53.292549 70.407860 1.054749 0.135757 -0.097200 0.138078 111.599998
53.482559 70.483360 1.054614 0.149051 -0.044291 0.068391 111.720001
53.688766 70.543968 1.054489 0.140887 -0.001603 0.023435 111.855003
53.885395 70.580666 1.054390 0.083909 0.011657 0.025310 111.985001
54.089802 70.603951 1.054307 0.055782 0.012175 0.037919 112.120003
54.325008 70.618889 1.054230 0.027067 0.011435 0.048690 112.275002
54.530098 70.626785 1.054178 0.003124 0.011906 0.055613 112.410004
54.751316 70.634850 1.054131 -0.012022 0.129704 0.061132 112.555000
54.966389 70.645302 1.054098 -0.019066 0.153727 0.064868 112.684998
55.174976 70.658455 1.054073 -0.019060 0.100152 0.067429 112.800003
55.374615 70.673325 1.054055 -0.014266 0.062515 0.069277 112.904999
55.588665 70.690994 1.054038 -0.006953 0.041902 0.070824 113.014999
55.805283 70.709808 1.054025 0.000087 0.030304 0.072058 113.125000
56.013264 70.728020 1.054013 0.005364 0.025930 0.073002 113.230003
56.261719 70.745735 1.054002 0.093292 0.022990 -0.037837 113.355003
56.490276 70.750198 1.053994 0.097795 0.026495 -0.138156 113.470001
56.698181 70.742928 1.053987 0.098924 0.030658 -0.223192 113.574997
56.904766 70.724274 1.053982 0.105221 0.035016 -0.301953 113.680000
57.108982 70.693398 1.053977 0.142946 -0.052192 -0.421892 113.785004
57.309708 70.650146 1.053972 0.057484 -0.115273 -0.397437 113.894997
57.509789 70.600304 1.053969 0.050132 -0.066337 -0.348450 114.014999
57.727882 70.540482 1.053966 -0.021792 -0.028133 -0.220154 114.154999
57.923801 70.488220 1.053962 -0.024950 -0.007056 -0.120919 114.285004
58.124706 70.439041 1.053959 -0.014919 0.007146 -0.068178 114.419998
58.347569 70.390991 1.053957 -0.064932 0.017259 0.002080 114.570000
58.549164 70.359505 1.053957 -0.077228 0.022844 0.071377 114.705002
58.766823 70.340439 1.053957 -0.080602 0.024004 0.133489 114.849998
58.969791 70.337723 1.053957 -0.086746 0.026313 0.207356 114.985001
59.179806 70.350845 1.053957 -0.038360 0.023096 0.225330 115.125000
59.379734 70.372002 1.053957 -0.023666 0.177237 0.212424 115.254997
59.584007 70.399986 1.053957 -0.030404 0.138037 0.203310 115.375000
59.785160 70.432640 1.053957 -0.027035 0.088163 0.196699 115.485001
59.984219 70.467903 1.053957 0.049729 0.052768 0.132830 115.589996
60.187416 70.499260 1.053957 0.083799 0.037167 0.029120 115.695000
60.392841 70.521797 1.053957 0.070329 0.034121 -0.050896 115.800003
60.599552 70.537384 1.053957 0.022658 0.032448 -0.041940 115.904999
60.827225 70.549812 1.053957 0.062451 0.030665 -0.073977 116.019997
61.035820 70.554100 1.053957 0.050773 0.028626 -0.067505 116.125000
61.244915 70.552658 1.053957 0.048383 0.025593 -0.062231 116.230003
61.454216 70.545891 1.053957 0.038422 0.022817 -0.058034 116.334999
61.683456 70.536507 1.053957 -0.065052 0.019326 0.054943 116.449997
61.902447 70.533089 1.053957 -0.005389 0.020705 0.069273 116.559998
62.111500 70.531303 1.053957 -0.009583 0.023336 0.063824 116.665001
62.320797 70.530884 1.053957 -0.025163 0.023744 0.059467 116.769997
62.530296 70.533318 1.053957 -0.032309 0.022254 0.055968 116.875000
62.739841 70.539291 1.053957 -0.030213 0.021179 0.053156 116.980003
62.949299 70.548492 1.053957 -0.020185 0.021169 0.050902 117.084999
63.158703 70.559914 1.053957 -0.009231 0.018495 0.049080 117.190002
63.367031 70.572220 1.053957 0.002303 -0.034063 0.047623 117.294998
63.569138 70.583656 1.053957 0.055276 -0.091186 -0.011303 117.400002
63.776581 70.589973 1.053957 0.072679 -0.124042 -0.109345 117.514999
63.981934 70.587708 1.053957 0.099873 0.009455 -0.195426 117.639999
64.193260 70.569199 1.053957 0.090182 0.155789 -0.272737 117.769997
64.393791 70.535385 1.053957 0.078953 0.119525 -0.343574 117.885002
64.593849 70.489090 1.053957 0.063917 0.080856 -0.411104 117.995003
64.816612 70.427330 1.053957 0.080100 0.054554 -0.450883 118.114998
65.030647 70.357506 1.053957 0.096836 0.043815 -0.503210 118.230003
65.224174 70.283936 1.053957 0.033447 0.022116 -0.505010 118.334999
65.424118 70.202362 1.053957 0.049615 -0.047847 -0.502151 118.445000
65.630402 70.110527 1.053957 0.070815 -0.104712 -0.566009 118.565002
65.822250 70.016022 1.053957 0.106911 -0.031708 -0.643559 118.684998
66.000587 69.913979 1.053957 0.147022 -0.048590 -0.819521 118.805000
66.164047 69.797997 1.053957 0.149941 -0.004193 -0.976696 118.930000
66.317398 69.659660 1.053957 0.142664 0.027227 -1.121803 119.065002
66.448761 69.507858 1.053957 0.101058 -0.082831 -1.134006 119.199997
66.568451 69.346268 1.053957 0.030120 -0.242566 -0.971686 119.355003
66.681839 69.178894 1.053957 -0.026386 -0.153089 -0.725587 119.589996
66.782280 69.005241 1.053957 -0.032931 -0.028032 -0.154846 120.135002
66.857193 69.211235 1.049200 0.065342 0.194260 1.368998 121.820000
66.913124 69.424515 1.067931 -0.066330 0.038328 1.183114 121.980003
66.954399 69.622826 1.066377 -0.074966 -0.008756 1.065088 122.120003
66.987785 69.822945 1.065104 0.076264 0.025613 0.877943 122.260002
67.037231 70.022362 1.064044 0.155568 0.077855 0.682174 122.404999
67.137260 70.233276 1.063069 0.203886 0.115775 0.455593 122.574997
67.268639 70.391129 1.062399 0.167346 0.107805 0.358569 122.724998
67.445511 70.530785 1.061835 0.175834 0.084213 0.241255 122.885002
67.623962 70.624565 1.083498 0.155861 0.065716 0.131318 123.025002
67.817116 70.690590 1.084907 0.132389 0.053715 -0.007925 123.165001
68.040459 70.735596 1.086144 0.058870 0.039255 -0.080828 123.320000
68.269447 70.766220 1.087126 0.025273 0.028525 -0.062846 123.474998
68.479439 70.787544 1.112858 0.039244 0.022174 -0.043461 123.614998
68.698723 70.801704 1.119145 0.039841 0.016521 -0.028505 123.760002
68.903610 70.807625 1.134835 0.029627 0.013778 -0.018071 123.894997
69.108780 70.808411 1.135363 0.014403 0.012497 -0.010302 124.029999
69.313950 70.805740 1.135795 0.045558 0.011954 -0.066360 124.165001
69.514488 70.798035 1.136136 -0.016293 0.167072 -0.069980 124.294998
69.727432 70.790817 1.136404 -0.017742 0.138317 -0.061555 124.419998
69.930511 70.785561 1.136600 -0.009168 0.087899 -0.055731 124.529999
70.132240 70.781013 1.136758 -0.001398 0.055754 -0.051312 124.635002
70.377426 70.775307 1.136915 0.004408 0.036375 -0.047187 124.760002
70.585449 70.769836 1.137027 0.006274 0.029137 -0.044427 124.864998
70.794373 70.763451 1.137120 0.051037 0.023932 -0.071378 124.970001
71.003235 70.751595 1.137200 0.089578 0.023600 -0.169278 125.074997
71.210884 70.729988 1.137269 0.085721 0.025691 -0.256728 125.180000
71.416573 70.698639 1.137327 0.086676 0.009089 -0.338810 125.285004
71.616997 70.658401 1.137376 0.095551 -0.053015 -0.416847 125.389999
71.831787 70.604355 1.137423 0.067770 -0.101694 -0.443824 125.510002
72.027748 70.546425 1.137462 0.121660 0.003431 -0.480315 125.629997
72.231430 70.466179 1.137497 0.124898 0.140530 -0.565542 125.760002
72.415779 70.371407 1.137523 0.101906 0.108089 -0.641434 125.875000
72.593521 70.263664 1.137544 0.087431 0.073004 -0.718171 125.985001
72.761368 70.148804 1.137560 0.085031 0.052192 -0.792693 126.089996
72.925087 70.024010 1.137575 0.092231 0.042347 -0.866210 126.195000
73.082642 69.889900 1.137587 0.109363 0.040506 -0.940553 126.300003
73.232018 69.746147 1.137597 0.078313 0.039892 -0.985092 126.404999
73.388565 69.580284 1.137606 0.109051 0.035245 -1.005694 126.519997
73.523712 69.421127 1.137614 0.135354 0.033478 -1.057541 126.625000
73.648659 69.253815 1.137620 0.081386 0.031645 -1.059860 126.730003
73.766029 69.080345 1.137625 0.130857 0.025533 -1.103520 126.834999
73.882874 68.882935 1.137631 0.133472 0.026240 -1.170431 126.949997
73.977837 68.696350 1.137634 0.083194 0.026821 -1.196763 127.055000
74.073990 68.487770 1.137637 0.064800 -0.027026 -1.234910 127.169998
74.152809 68.301155 1.137639 0.094800 -0.136051 -1.375618 127.275002
74.222878 68.110992 1.137642 0.105491 -0.081877 -1.493456 127.389999
74.286041 67.900818 1.137645 0.073052 -0.019777 -1.533795 127.525002
74.332291 67.703491 1.137648 0.088380 0.006552 -1.566997 127.654999
74.365128 67.499535 1.137648 0.082090 0.015926 -1.619824 127.790001
74.383408 67.295601 1.137648 0.069748 0.019127 -1.676970 127.925003
74.389679 67.091583 1.137648 0.021367 0.017605 -1.687108 128.059998
74.390724 66.887115 1.137648 0.019429 0.015713 -1.671509 128.195007
74.387939 66.682137 1.137648 0.020501 0.075254 -1.659732 128.330002
74.380974 66.481087 1.137648 -0.025960 0.165642 -1.624842 128.455002
74.375237 66.276840 1.137648 -0.036358 0.111901 -1.557814 128.570007
74.374306 66.060555 1.137648 -0.000788 0.070006 -1.498598 128.684998
74.375214 65.857277 1.137648 0.010212 0.048837 -1.502322 128.789993
74.375641 65.650818 1.137648 -0.008951 0.036443 -1.505326 128.895004
74.377380 65.442688 1.137648 -0.026378 0.028714 -1.507729 129.000000
74.382195 65.233818 1.137648 -0.072477 0.024630 -1.485090 129.104996
74.395691 65.005257 1.137648 -0.043971 0.024181 -1.450407 129.220001
74.413887 64.796814 1.152095 -0.029294 0.023228 -1.452013 129.324997
74.437386 64.588776 1.152276 -0.105127 0.022040 -1.360419 129.429993
74.474998 64.352783 1.152449 -0.059200 0.023629 -1.334024 129.550003
74.514404 64.139915 1.152583 0.076628 -0.131372 -1.516447 129.660004
74.545723 63.933842 1.152700 0.157184 -0.104342 -1.723173 129.774994
74.558342 63.729527 1.152806 0.185888 -0.017326 -1.900039 129.899994
74.542549 63.524120 1.152899 0.175311 0.034336 -2.052802 130.035004
74.490524 63.308205 1.152982 0.125896 0.047214 -2.142679 130.184998
74.414955 63.115654 1.153043 0.134554 0.045426 -2.288074 130.324997
74.315712 62.934017 1.153093 0.097932 0.039947 -2.391438 130.464996
74.202095 62.769306 1.153132 0.076340 0.036371 -2.481106 130.600006
74.075012 62.613331 1.153164 0.071106 0.032901 -2.526979 130.735001
73.935715 62.467007 1.153189 0.083433 0.032498 -2.608303 130.869995
73.767662 62.316940 1.153212 0.037717 0.024869 -2.620696 131.020004
73.609322 62.187832 1.153229 0.037330 0.018514 -2.596276 131.154999
73.445808 62.063759 1.153242 0.074462 0.015613 -2.616070 131.289993
73.275261 61.949520 1.153252 0.074672 0.015519 -2.692283 131.425003
73.097977 61.846485 1.153262 0.058956 0.015475 -2.763219 131.559998
72.915840 61.752720 1.153268 0.051540 0.015437 -2.829995 131.695007
72.729599 61.667171 1.153274 0.059418 0.105469 -2.895475 131.830002
72.532669 61.590958 1.153279 0.065235 0.165377 -2.964626 131.960007
72.336784 61.528992 1.153282 0.073009 0.114222 -3.034767 132.074997
72.136574 61.477470 1.153284 0.089418 0.079769 -3.110017 132.184998
71.938309 61.438122 1.153287 0.102477 0.061075 3.103810 132.289993
71.735886 61.410393 1.153289 0.097448 0.051169 3.042674 132.395004
71.531784 61.392960 1.153291 0.059987 -0.005800 3.057171 132.500000
71.312576 61.381569 1.153291 0.065084 0.006457 3.069772 132.615005
71.105034 61.378529 1.153291 0.059560 0.061348 3.079378 132.725006
70.902992 61.382549 1.153291 0.046861 0.051710 3.086702 132.830002
70.697739 61.391750 1.153291 0.025427 0.039091 3.092594 132.934998
70.440987 61.406734 1.153291 -0.000910 0.028646 3.098309 133.065002
70.232491 61.419006 1.153291 -0.017301 0.024844 3.101912 133.169998
70.023438 61.429543 1.153291 -0.024979 0.022772 3.104805 133.274994
69.804047 61.437813 1.153291 -0.051365 0.020036 3.123691 133.384995
69.594688 61.439304 1.153291 -0.099367 0.020425 -3.052823 133.490005
69.385872 61.432228 1.153291 -0.022747 0.024306 -3.056656 133.595001
69.176880 61.422150 1.153291 -0.014325 0.023748 -3.059748 133.699997
68.947746 61.409077 1.153291 -0.013691 0.022322 -3.062441 133.815002
68.738403 61.397007 1.153291 0.066189 0.019384 3.133783 133.919998
68.529205 61.391293 1.153291 0.023945 0.021164 3.076934 134.024994
68.320076 61.388962 1.153291 0.003931 0.022965 3.082393 134.130005
68.070770 61.387337 1.153291 0.018942 0.023332 3.087543 134.255005
67.861099 61.388264 1.153291 0.028068 0.021869 3.090929 134.360001
67.651375 61.392277 1.153291 0.028167 0.021727 3.093633 134.464996
67.441650 61.399242 1.153291 -0.024350 0.019469 3.128863 134.570007
67.232063 61.405796 1.153291 0.004903 0.019899 3.140072 134.675003
67.022499 61.412426 1.153291 -0.002225 0.021353 3.140072 134.779999
66.812782 61.418724 1.153291 -0.013331 0.020866 3.140072 134.884995
66.603058 61.423550 1.153291 -0.019866 0.020395 3.140072 134.990005
66.393303 61.426277 1.153291 -0.019596 0.021259 3.140072 135.095001
66.183418 61.426933 1.153291 -0.015183 0.021001 3.140072 135.199997
65.943550 61.425556 1.153291 -0.060430 0.019678 -3.102379 135.320007
65.733994 61.418411 1.153291 -0.029834 0.020953 -3.044928 135.425003
65.524750 61.407436 1.153291 0.003237 0.021280 -3.050349 135.529999
65.315361 61.396400 1.153291 0.001367 0.020442 -3.054679 135.634995
65.076042 61.383686 1.153291 0.026711 0.020243 -3.078978 135.755005
64.866554 61.375717 1.153291 0.074250 0.019573 3.098553 135.860001
64.647537 61.375889 1.153291 0.079242 0.022806 2.998207 135.970001
64.439430 61.385143 1.153291 0.084447 0.027261 2.911768 136.074997
64.222168 61.402451 1.153291 0.032022 0.028640 2.922574 136.184998
64.015511 61.424252 1.153291 0.009588 -0.069761 2.972635 136.289993
63.809601 61.448154 1.153291 -0.022787 -0.130203 3.081360 136.399994
63.603382 61.470745 1.153291 0.002287 -0.075685 3.106641 136.520004
63.401939 61.492916 1.153291 -0.050258 -0.029827 -3.122145 136.645004
63.199532 61.509937 1.153291 -0.062509 -0.003714 -3.068521 136.774994
62.969872 61.519665 1.153291 -0.022119 0.009146 -3.071640 136.925003
62.764248 61.522896 1.153291 -0.042455 0.012820 -3.045681 137.059998
62.559067 61.519520 1.153291 -0.040311 0.013575 -3.040970 137.195007
62.352238 61.507584 1.153291 -0.031869 0.159274 -2.984463 137.330002
62.142586 61.487747 1.153291 0.006411 0.143068 -2.996410 137.455002
61.942738 61.468246 1.153291 0.002557 0.049658 -3.004700 137.565002
61.737137 61.448032 1.153291 0.000633 0.065330 -3.011296 137.675003
61.526440 61.426945 1.153291 0.012379 0.052189 -3.024058 137.785004
61.321625 61.409168 1.153291 0.080458 0.037106 -3.132493 137.889999
61.114853 61.399651 1.153291 0.080262 0.031819 3.056722 137.994995
60.907513 61.399231 1.153291 0.083418 0.031370 2.970269 138.100006
60.680862 61.409904 1.153291 0.099825 0.035202 2.881078 138.214996
60.475185 61.429974 1.153291 0.045906 -0.006862 2.875018 138.320007
60.273975 61.455112 1.153291 0.055539 -0.070316 2.885447 138.425003
60.066074 61.487003 1.153291 0.032897 -0.081539 2.908959 138.539993
59.858284 61.521576 1.153291 -0.030383 0.092566 3.026592 138.660004
59.659767 61.550781 1.153291 -0.035663 0.086465 3.120069 138.770004
59.443691 61.578987 1.153291 -0.010224 0.061278 -3.130649 138.884995
59.242111 61.603985 1.153291 -0.076122 -0.048801 -3.049088 138.990005
59.039127 61.623169 1.153291 -0.117554 -0.102719 -2.971520 139.100006
58.835213 61.630573 1.153291 -0.100977 -0.048993 -2.927065 139.220001
58.604099 61.622734 1.153291 -0.074362 -0.010271 -2.946584 139.365005
58.403713 61.603352 1.153291 -0.056714 0.003104 -2.959736 139.494995
58.198982 61.573727 1.153291 -0.032120 0.007542 -2.970027 139.630005
57.996029 61.538376 1.153291 -0.006816 -0.030608 -2.976856 139.764999
57.776089 61.497341 1.153291 0.027468 -0.251117 -3.128697 139.925003
57.577431 61.454781 1.153291 0.059603 -0.168381 2.934580 140.134995
57.380993 61.399799 1.153291 0.050753 -0.041573 2.484292 140.565002
57.585865 61.431690 1.153291 0.030299 0.149964 0.163256 143.225006
57.785816 61.476814 1.153291 0.007761 0.068985 0.072233 143.375000
57.999210 61.521744 1.153291 -0.016677 0.034280 0.054290 143.524994
58.203381 61.565071 1.153291 0.073731 0.026557 -0.001417 143.664993
58.403034 61.596836 1.153291 0.110425 0.029354 -0.096667 143.800003
58.604061 61.610783 1.153291 0.079014 0.030731 -0.180528 143.934998
58.806042 61.610691 1.153291 0.070540 0.027927 -0.214790 144.070007
59.008308 61.598217 1.153291 0.037328 0.023501 -0.229916 144.205002
59.210888 61.577309 1.153291 0.031418 0.019368 -0.215596 144.339996
59.413635 61.550190 1.153291 0.029606 0.016255 -0.204867 144.475006
59.631050 61.514965 1.153291 -0.006579 0.011998 -0.168421 144.619995
59.856087 61.479160 1.153291 -0.038237 0.011886 -0.054729 144.770004
60.055157 61.454967 1.153291 -0.056043 0.168572 0.029155 144.899994
60.258236 61.439892 1.153291 -0.033639 0.141021 0.069097 145.020004
60.459690 61.429745 1.153291 0.010870 0.090764 0.071626 145.130005
60.660233 61.420418 1.153291 -0.006037 0.061229 0.060774 145.235001
60.865284 61.412361 1.153291 -0.028536 0.042810 0.052093 145.339996
61.102352 61.407257 1.153291 -0.039576 0.014527 0.044212 145.460007
61.318359 61.407360 1.153291 -0.002615 -0.009848 0.018230 145.570007
61.522133 61.408939 1.153291 -0.023390 0.036605 -0.001831 145.675003
61.727497 61.412609 1.153291 -0.021560 0.037410 -0.000489 145.779999
61.934704 61.418388 1.153291 -0.007958 0.030899 0.000586 145.884995
62.143105 61.424843 1.153291 0.006675 0.027411 0.001451 145.990005
62.352207 61.429733 1.153291 0.085010 0.023910 -0.060828 146.095001
62.571175 61.426323 1.153291 0.032676 0.024722 -0.100101 146.205002
62.800137 61.417553 1.153291 0.010194 0.023591 -0.092776 146.320007
63.009441 61.407997 1.153291 0.012137 0.022529 -0.087420 146.425003
63.218845 61.396938 1.153291 0.013699 0.021629 -0.083079 146.529999
63.427586 61.385662 1.153291 -0.017159 -0.090209 0.012149 146.634995
63.665112 61.373970 1.153291 -0.044047 -0.317230 0.148285 146.764999
63.874157 61.360607 1.153291 -0.078728 -0.259312 0.305365 146.914993
64.076599 61.340549 1.153291 -0.087075 -0.135207 0.540984 147.139999
64.274887 61.307331 1.153291 -0.048608 -0.019973 1.054110 147.630005
64.413864 61.453037 1.162594 -0.081856 0.293148 1.241833 148.785004
64.462601 61.664436 1.140924 0.036043 0.119156 1.240455 148.960007
64.513313 61.858200 1.141047 0.092249 0.046277 1.260045 149.104996
64.578033 62.047642 1.141199 0.100837 0.014274 1.277070 149.240005
64.658920 62.233494 1.141321 0.058224 0.011609 1.259366 149.375000
64.759796 62.437019 1.141430 0.000034 0.014902 1.245554 149.524994
64.852951 62.628334 1.141512 -0.050629 0.017001 1.292200 149.664993
64.935020 62.816360 1.141576 -0.034731 0.015809 1.277239 149.800003
65.009277 63.002728 1.141626 -0.089842 0.163282 1.302431 149.929993
65.083412 63.220608 1.141668 -0.019027 0.133801 1.293745 150.065002
65.143578 63.414890 1.141695 -0.091610 0.086033 1.371701 150.175003
65.194839 63.609550 1.141718 -0.062484 0.059047 1.414115 150.279999
65.242256 63.809265 1.141738 -0.048481 0.043631 1.431518 150.384995
65.287437 64.011818 1.141754 -0.029506 0.031984 1.446861 150.490005
65.330688 64.215965 1.141768 -0.052575 0.027312 1.474344 150.595001
65.368912 64.421371 1.141780 -0.059206 0.026054 1.539683 150.699997
65.401642 64.627686 1.141790 -0.047161 0.025731 1.546724 150.804993
65.431908 64.864296 1.141800 -0.065379 0.029103 1.615139 150.925003
65.450562 65.072105 1.141807 -0.035045 0.029314 1.602193 151.029999
65.465096 65.280731 1.141813 -0.039859 0.026801 1.591902 151.134995
65.475296 65.489967 1.141818 -0.040910 0.024205 1.583623 151.240005
65.481995 65.749504 1.141825 -0.030820 0.021499 1.575619 151.369995
65.483749 65.969231 1.141828 -0.015436 0.021296 1.570337 151.479996
65.483749 66.189110 1.141830 -0.001447 0.020592 1.566126 151.589996
65.483643 66.398994 1.141833 0.009088 0.021155 1.562922 151.695007
65.484566 66.608887 1.141835 0.014334 0.021096 1.560355 151.800003
65.486862 66.808929 1.141838 0.014836 0.020484 1.558378 151.899994
65.491058 67.028839 1.141840 0.011300 0.020540 1.556637 152.009995
65.497147 67.268707 1.141841 0.005495 0.020006 1.555144 152.130005
65.503151 67.478592 1.141841 0.000450 0.020378 1.554101 152.235001
65.509216 67.688477 1.141841 -0.003582 0.020205 1.553276 152.339996
65.513084 67.898308 1.141841 -0.014827 0.020122 1.588746 152.445007
65.517174 68.122627 1.141841 -0.027065 -0.140749 1.591283 152.559998
65.522133 68.328133 1.141841 0.096196 -0.107207 1.417926 152.675003
65.538857 68.532097 1.141841 0.136932 -0.036091 1.214461 152.800003
65.574867 68.729317 1.141841 0.134846 0.012817 1.056105 152.929993
65.632278 68.923370 1.161458 0.086543 0.031052 0.985505 153.065002
65.704582 69.112045 1.177818 0.077711 0.030975 0.970409 153.199997
65.790825 69.295670 1.176939 0.089469 0.028142 0.905963 153.335007
65.892113 69.471916 1.176217 0.082340 0.025653 0.841095 153.470001
66.005859 69.639709 1.175901 0.049782 -0.106032 0.875702 153.604996
66.130180 69.806976 1.175901 -0.009673 -0.243509 1.043254 153.764999
66.256035 69.963943 1.175901 -0.048075 -0.145798 1.289347 153.994995
66.393806 70.111786 1.175901 -0.035921 -0.021722 1.875782 154.554993
66.198181 70.211113 1.175901 0.008631 0.206267 2.962441 155.869995
65.999420 70.258606 1.175901 -0.050494 0.088907 2.953100 156.024994
65.801361 70.298058 1.167574 -0.019471 0.040205 2.889923 156.164993
65.603683 70.332542 1.167635 -0.047579 0.021048 2.895581 156.300003
65.387077 70.362473 1.167724 -0.030621 0.106299 2.910266 156.445007
65.185394 70.387367 1.167787 -0.004016 0.165177 2.919916 156.570007
64.980942 70.414589 1.167835 0.024224 0.109498 2.926755 156.684998
64.774986 70.445671 1.155747 -0.032199 0.065523 2.989816 156.794998
64.572922 70.473793 1.142131 -0.064692 0.041860 3.099200 156.899994
64.368156 70.494858 1.142504 -0.098486 0.033926 -3.050242 157.005005
64.162582 70.506050 1.142821 -0.064178 0.035353 -2.991688 157.110001
63.936554 70.510017 1.143114 -0.052717 0.040376 -2.980278 157.225006
63.729233 70.506660 1.143340 -0.075473 0.008390 -2.986753 157.330002
63.524876 70.495255 1.143531 -0.082843 -0.056343 -2.991899 157.434998
63.293758 70.474174 1.143721 -0.003446 -0.049625 -3.108418 157.559998
63.087761 70.452423 1.143866 -0.047259 0.080586 -3.115363 157.675003
62.884243 70.426453 1.143983 -0.023726 0.074116 -3.106430 157.785004
62.684048 70.399139 1.144078 0.019646 0.056279 -3.104126 157.889999
62.479919 70.375984 1.144158 0.118311 0.043938 3.086401 157.994995
62.273849 70.365494 1.144227 0.131170 0.041627 3.000264 158.100006
62.067413 70.369553 1.144285 0.087479 0.040121 2.943666 158.205002
61.831062 70.386002 1.144342 0.031623 0.034205 2.961246 158.324997
61.623375 70.405014 1.144383 0.027560 0.028530 2.973382 158.429993
61.415314 70.427422 1.144417 0.023525 0.024489 2.983055 158.535004
61.177460 70.456474 1.144450 0.013979 0.022138 2.991855 158.654999
60.949448 70.484314 1.144477 -0.093703 0.016349 3.110662 158.770004
60.741413 70.499969 1.144497 -0.109388 0.022893 -3.046392 158.875000
60.533661 70.506042 1.144515 -0.024717 0.029206 -3.060130 158.979996
60.325241 70.508629 1.144530 -0.028231 0.028553 -3.067463 159.085007
60.116222 70.507835 1.144542 -0.037333 0.025746 -3.072983 159.190002
59.906921 70.502892 1.144552 -0.037213 0.023205 -3.077411 159.294998
59.698257 70.494469 1.144562 0.001187 -0.017713 -3.119682 159.399994
59.474678 70.484695 1.144570 -0.004001 -0.054359 -3.122109 159.514999
59.272148 70.475082 1.144571 0.020455 -0.238355 3.066457 159.625000
59.046738 70.462128 1.144571 0.061596 -0.285118 2.909379 159.774994
58.845566 70.444244 1.144571 0.082217 -0.169607 2.699943 159.975006
58.647198 70.414955 1.144571 0.061671 -0.045125 2.296778 160.360001
58.445004 70.404091 1.144571 0.063473 0.321516 2.973602 161.235001
58.247124 70.455528 1.144571 -0.023867 0.175266 3.030299 161.429993
58.048248 70.498016 1.144571 -0.082053 0.079381 3.058879 161.580002
57.846867 70.523422 1.134773 -0.087428 0.038897 3.078590 161.720001
57.646297 70.533951 1.152578 -0.066002 0.019488 3.072218 161.854996
57.442898 70.533730 1.152507 -0.054807 0.106182 3.092687 161.990005
57.222778 70.525688 1.152449 -0.017128 0.156831 3.100573 162.125000
56.978123 70.514587 1.152403 -0.011710 0.094850 -3.131170 162.259995
56.768242 70.502403 1.152371 -0.011325 0.057909 -3.056724 162.369995
56.563557 70.489601 1.152346 0.083795 0.039432 -3.097374 162.475006
56.356369 70.482040 1.175312 0.057490 0.030755 -3.124666 162.580002
56.148033 70.476532 1.175366 -0.029321 0.026761 -3.057553 162.684998
55.939281 70.467850 1.175411 -0.015067 0.025135 -3.061109 162.789993
55.730164 70.459930 1.175449 0.048932 0.020976 3.122096 162.895004
55.520947 70.456047 1.175480 0.046541 0.012253 3.084155 163.000000
55.316620 70.455681 1.175480 0.010259 -0.197747 -3.089076 163.104996
55.113777 70.458229 1.175480 -0.036963 -0.321254 -2.963414 163.225006
54.909637 70.465706 1.175480 -0.072002 -0.232746 -2.790629 163.389999
54.700832 70.482925 1.175480 -0.075843 -0.096788 -2.492182 163.675003
54.502140 70.505951 1.175480 -0.000541 -0.006333 -1.952800 164.925003
54.288612 70.503944 1.175480 0.031497 0.245360 3.072707 166.684998
54.088181 70.518143 1.175480 0.020641 0.108352 -3.139021 166.845001
53.883751 70.535385 1.175480 -0.016135 0.052381 -3.054856 166.990005
53.678291 70.547928 1.175480 -0.046195 0.033841 -2.978880 167.130005
53.477016 70.552902 1.175480 -0.019390 0.026054 -2.983529 167.264999
53.273804 70.552696 1.175480 -0.043842 0.023317 -2.994508 167.399994
53.069691 70.544334 1.175480 -0.048856 0.018790 -3.002835 167.535004
52.866844 70.521767 1.175480 -0.129337 0.021471 -2.822231 167.669998
52.669151 70.477219 1.175480 -0.099671 0.026095 -2.666744 167.804993
52.477322 70.414795 1.175480 -0.081506 0.026315 -2.526293 167.940002
52.291939 70.337593 1.175480 -0.087609 0.031317 -2.392098 168.074997
52.095844 70.234024 1.175480 -0.102314 0.040281 -2.248483 168.225006
51.925331 70.118881 1.175480 -0.118664 0.049184 -2.118197 168.365005
51.765564 69.979507 1.175480 -0.131548 0.056601 -1.983364 168.509995
51.606899 69.797287 1.175480 -0.095227 0.051829 -1.924851 168.675003
51.481205 69.613960 1.175480 -0.106859 0.043700 -1.867132 168.824997
51.382099 69.429955 1.175480 -0.103811 0.036084 -1.807661 168.964996
51.303616 69.243431 1.175480 -0.093488 0.030287 -1.747820 169.100006
51.240829 69.050461 1.175480 -0.081207 0.026218 -1.684257 169.235001
51.192089 68.853043 1.175480 -0.072326 0.023947 -1.620582 169.369995
51.156029 68.652718 1.175480 -0.065221 0.022275 -1.557123 169.505005
51.133408 68.450806 1.175480 -0.072048 0.181082 -1.493673 169.634995
51.120903 68.224541 1.175480 0.010173 0.123701 -1.505772 169.764999
51.111046 68.018982 1.175480 -0.005871 0.078737 -1.518452 169.875000
51.102921 67.816139 1.175480 -0.022915 0.053171 -1.528119 169.979996
51.097534 67.609833 1.175480 -0.030446 0.038166 -1.535897 170.085007
51.095512 67.401711 1.175480 -0.028931 0.029124 -1.542150 170.190002
51.096535 67.192673 1.175480 -0.021093 0.024455 -1.547197 170.294998
51.099754 66.983231 1.175480 -0.009088 0.022499 -1.551231 170.399994
51.103970 66.773628 1.175480 0.001575 0.021050 -1.554463 170.505005
51.109737 66.543961 1.175480 -0.064928 0.021319 -1.482036 170.619995
51.121445 66.334763 1.175480 -0.015340 0.020039 -1.428744 170.725006
51.135624 66.125839 1.175480 0.020019 0.019974 -1.439882 170.830002
51.148254 65.916702 1.175480 0.009404 0.021411 -1.448786 170.934998
51.160187 65.707367 1.175480 -0.004841 0.021712 -1.455960 171.039993
51.174805 65.468048 1.175480 -0.014976 0.021160 -1.462464 171.160004
51.190266 65.248833 1.175480 -0.017760 0.021461 -1.467132 171.270004
51.207153 65.039597 1.175480 -0.014984 0.020903 -1.470715 171.375000
51.225800 64.830513 1.175480 -0.009154 0.020061 -1.473574 171.479996
51.245571 64.621529 1.175480 -0.001948 0.020360 -1.475874 171.585007
51.265724 64.412605 1.175480 0.003850 0.020058 -1.477720 171.690002
51.285622 64.203606 1.175480 0.007809 0.020363 -1.479194 171.794998
51.304913 63.994522 1.175480 -0.023597 0.019835 -1.460645 171.899994
51.327480 63.785988 1.175480 -0.079830 0.020234 -1.356585 172.005005
51.364014 63.549908 1.175480 -0.087535 0.025076 -1.252126 172.125000
51.406189 63.345913 1.175480 -0.010523 0.021464 -1.252722 172.229996
51.457245 63.103168 1.175480 0.040485 0.022633 -1.375881 172.354996
51.496227 62.898018 1.175480 -0.012603 0.024099 -1.377159 172.460007
51.540089 62.658283 1.175480 0.078111 -0.136840 -1.570278 172.585007
51.570438 62.455700 1.175480 0.047949 -0.095592 -1.607277 172.699997
51.596107 62.251118 1.175480 0.041963 -0.038164 -1.592822 172.824997
51.615993 62.046928 1.175480 0.046011 -0.009531 -1.581287 172.955002
51.628410 61.846550 1.175480 0.039946 0.002849 -1.572422 173.085007
51.632946 61.640224 1.175480 0.026834 0.008398 -1.594248 173.220001
51.632175 61.419399 1.175480 0.003048 0.011398 -1.584258 173.365005
51.630390 61.213921 1.175480 0.030586 0.012059 -1.616010 173.500000
51.623550 61.013226 1.175480 0.053523 0.163196 -1.696019 173.630005
51.603596 60.774708 1.175480 0.030754 0.130251 -1.782335 173.770004
51.579838 60.572762 1.175480 0.036032 0.085741 -1.855420 173.880005
51.550911 60.374058 1.175480 0.002438 0.056480 -1.888996 173.985001
51.518929 60.171917 1.175480 0.006890 0.044649 -1.879078 174.089996
51.484386 59.967651 1.175480 0.041188 0.037408 -1.871025 174.195007
51.444382 59.763000 1.175480 0.063082 0.030792 -1.864586 174.300003
51.389744 59.530197 1.175480 0.061712 0.025038 -1.858813 174.419998
51.334454 59.327938 1.175480 0.044689 0.021559 -1.854796 174.524994
51.274113 59.126820 1.175480 0.021064 0.020439 -1.851559 174.630005
51.214275 58.935791 1.175480 -0.001776 0.019782 -1.849087 174.729996
51.154266 58.744652 1.175480 -0.018966 0.019834 -1.847086 174.830002
51.095711 58.553005 1.175480 -0.027888 0.018764 -1.845478 174.929993
51.037418 58.361324 1.175480 0.051137 0.017340 -1.936743 175.029999
50.971100 58.162128 1.175480 0.061172 0.018252 -2.027760 175.134995
50.898182 57.966850 1.175480 0.106842 -0.089153 -2.170077 175.240005
50.809769 57.762817 1.175480 0.160221 -0.103889 -2.356364 175.360001
50.715206 57.586445 1.175480 0.160796 -0.024805 -2.480145 175.479996
50.590569 57.407684 1.175480 0.146342 0.023307 -2.538462 175.619995
50.442017 57.246159 1.175480 0.134639 0.032535 -2.600877 175.764999
50.286888 57.115116 1.175480 0.112846 0.030217 -2.662743 175.899994
50.099857 56.988205 1.175480 0.085648 0.024603 -2.733043 176.050003
49.922405 56.887402 1.175480 0.032513 0.018480 -2.766359 176.184998
49.740993 56.792179 1.175480 0.012607 0.013804 -2.749732 176.320007
49.544285 56.691917 1.175480 0.051642 0.062130 -2.753364 176.464996
49.362453 56.608604 1.192284 -0.005539 0.134585 -2.741154 176.589996
49.150658 56.509804 1.192066 -0.038207 0.095481 -2.626025 176.725006
48.972221 56.418613 1.191917 -0.004609 0.093854 -2.631550 176.835007
48.769314 56.312855 1.191784 -0.007634 0.059006 -2.634616 176.955002
48.570415 56.207298 1.191676 -0.010767 0.038506 -2.636323 177.070007
48.387299 56.108181 1.191592 -0.050243 0.026803 -2.610258 177.175003
48.206188 56.003479 1.191522 -0.058417 0.019663 -2.529886 177.279999
48.029041 55.893646 1.191463 -0.015912 -0.036252 -2.533058 177.384995
47.858227 55.785278 1.191411 -0.017654 -0.096473 -2.535457 177.490005
47.684128 55.672478 1.191364 -0.018131 -0.135781 -2.537549 177.604996
47.514507 55.559361 1.191322 -0.025063 -0.079284 -2.502918 177.729996
47.348648 55.438820 1.191285 -0.106673 0.010498 -2.326359 177.865005
47.196369 55.305752 1.191254 -0.093456 0.024236 -2.165430 178.000000
47.056736 55.160679 1.191229 -0.088871 0.027896 -2.018758 178.134995
46.930260 55.005215 1.191209 -0.097391 0.034474 -1.883234 178.270004
46.804268 54.814438 1.191191 -0.114085 0.044497 -1.736190 178.425003
46.701237 54.604061 1.191176 -0.137874 0.056464 -1.581054 178.585007
46.639023 54.410015 1.191166 -0.136845 0.060453 -1.450971 178.725006
46.604603 54.209583 1.191158 -0.137695 0.061304 -1.321246 178.865005
46.599461 53.991840 1.191151 -0.134859 0.060248 -1.180132 179.014999
46.628883 53.760761 1.191145 -0.107903 0.054278 -1.075472 179.175003
46.680614 53.553730 1.191142 -0.079804 0.043976 -1.025908 179.320007
46.748608 53.356781 1.191138 -0.076407 0.034620 -0.979945 179.460007
46.829174 53.171257 1.191135 -0.079503 0.029876 -0.924157 179.595001
46.922844 52.990971 1.191132 -0.031207 0.022626 -0.930580 179.729996
47.027435 52.806404 1.191131 -0.025070 0.016387 -0.955518 179.869995
47.145203 52.610744 1.191131 -0.021482 0.012498 -0.971620 180.020004
47.259369 52.430119 1.191131 -0.013253 0.050398 -0.979322 180.160004
47.368565 52.261982 1.191131 0.048636 0.168208 -1.018468 180.285004
47.475327 52.088367 1.191131 0.009840 0.117564 -1.068944 180.399994
47.580631 51.909794 1.191131 0.060799 0.072654 -1.135971 180.509995
47.678551 51.731052 1.191131 0.033230 0.046489 -1.197586 180.615005
47.773060 51.547272 1.191131 0.075883 0.036768 -1.262213 180.720001
47.860779 51.359028 1.191131 0.098482 0.034804 -1.343173 180.824997
47.938526 51.166481 1.191131 0.114485 0.037338 -1.419454 180.929993
48.007004 50.970348 1.191131 0.048899 0.034481 -1.398634 181.035004
48.070221 50.771515 1.191131 0.059595 0.031780 -1.387714 181.139999
48.127533 50.570168 1.191131 0.066423 0.026537 -1.379012 181.244995
48.185104 50.337502 1.191131 0.094468 0.022492 -1.396740 181.365005
48.227108 50.132004 1.191131 0.044146 0.021877 -1.403461 181.470001
48.264530 49.925491 1.191131 0.017560 0.021092 -1.398648 181.574997
48.300419 49.718582 1.191131 0.002778 0.020564 -1.394797 181.679993
48.334629 49.521461 1.191131 -0.006315 0.020412 -1.391821 181.779999
48.369743 49.324471 1.191131 -0.010837 0.019050 -1.389418 181.880005
48.406166 49.127747 1.191131 -0.011257 0.020000 -1.387471 181.979996
48.443924 48.931267 1.191131 -0.008557 0.019743 -1.385883 182.080002
48.482731 48.734974 1.191131 0.013929 0.019874 -1.394286 182.179993
48.520981 48.528515 1.191131 0.047610 0.019681 -1.472725 182.285004
48.554943 48.321583 1.191131 0.002779 0.021101 -1.462343 182.389999
48.588501 48.114491 1.191131 0.006174 0.020676 -1.457521 182.494995
48.621471 47.907207 1.191131 0.015587 0.020912 -1.453653 182.600006
48.652004 47.699558 1.191131 0.092792 0.020887 -1.517521 182.705002
48.674793 47.471539 1.191131 0.106895 0.025141 -1.619492 182.820007
48.683342 47.263329 1.191131 0.105453 0.029841 -1.706169 182.925003
48.681664 47.055347 1.191131 0.027253 0.029928 -1.710592 183.029999
48.675995 46.846886 1.191131 0.022810 0.027449 -1.698706 183.134995
48.665405 46.598186 1.191131 0.031480 0.025187 -1.687560 183.259995
48.652576 46.389122 1.191131 0.030986 0.022708 -1.680224 183.365005
48.636280 46.180153 1.191131 0.023257 0.021301 -1.674321 183.470001
48.617390 45.971298 1.191131 0.010522 0.021534 -1.669589 183.574997
48.597198 45.762428 1.191131 0.000371 0.020248 -1.665734 183.679993
48.576881 45.553505 1.191131 -0.008736 0.019772 -1.662680 183.785004
48.557350 45.344540 1.191131 -0.013482 0.020145 -1.660209 183.889999
48.539070 45.135471 1.191131 -0.014318 0.019655 -1.658231 183.994995
48.522099 44.926292 1.191131 -0.011141 0.020764 -1.656649 184.100006
48.506134 44.716995 1.191131 -0.007432 0.019925 -1.655371 184.205002
48.489334 44.487736 1.191131 -0.002503 0.020153 -1.654253 184.320007
48.474102 44.278412 1.191131 0.000959 0.020784 -1.653442 184.425003
48.458618 44.069088 1.191131 0.002932 0.020395 -1.652791 184.529999
48.442661 43.859764 1.191131 0.003301 0.020800 -1.652270 184.634995
48.426189 43.650448 1.191131 0.002415 0.019909 -1.651857 184.740005
48.406868 43.411312 1.191131 0.000579 0.019983 -1.651479 184.860001
48.389732 43.202068 1.191131 -0.001081 0.019943 -1.651217 184.964996
48.372547 42.992832 1.191131 -0.002434 0.019717 -1.651006 185.070007
48.355473 42.783630 1.191131 -0.003163 0.020565 -1.650841 185.175003
48.338577 42.574387 1.191131 -0.003279 0.020156 -1.650707 185.279999
48.321865 42.365143 1.191131 -0.002975 0.020014 -1.650597 185.384995
48.305309 42.155899 1.191131 -0.002437 0.019717 -1.650509 185.490005
48.288853 41.946655 1.191131 -0.001714 0.020579 -1.650439 185.595001
48.272430 41.737400 1.191131 -0.001178 0.020542 -1.650384 185.699997
48.255951 41.528076 1.191131 -0.000875 0.020283 -1.650336 185.804993
48.239414 41.318783 1.191131 -0.000811 0.020210 -1.650298 185.910004
48.222805 41.109509 1.191131 -0.000901 0.020610 -1.650268 186.014999
48.205349 40.890236 1.191131 -0.001145 0.020221 -1.650245 186.125000
48.188629 40.680931 1.191131 -0.001309 0.021004 -1.650225 186.229996
48.172684 40.481556 1.191131 -0.001593 0.020185 -1.650212 186.330002
48.155952 40.272224 1.191131 -0.001751 0.020089 -1.650202 186.434998
48.139290 40.062916 1.191131 -0.001783 0.019856 -1.650192 186.539993
48.119453 39.813755 1.191131 -0.001691 0.020143 -1.650180 186.664993
48.102829 39.604454 1.191131 -0.001613 0.020265 -1.650173 186.770004
48.085457 39.385174 1.191131 -0.001448 0.020547 -1.650173 186.880005
48.068871 39.175850 1.191131 -0.001305 0.020838 -1.650173 186.985001
48.052208 38.966526 1.191131 -0.001373 0.019687 -1.650173 187.089996
48.035545 38.757214 1.191131 -0.001466 0.019536 -1.650173 187.195007
48.018883 38.547970 1.191131 -0.001510 0.019893 -1.650173 187.300003
48.001427 38.328762 1.191131 -0.001476 0.021060 -1.650173 187.410004
47.983971 38.109478 1.191131 -0.001539 0.020506 -1.650173 187.520004
47.967308 37.900154 1.191131 -0.001573 0.020112 -1.650173 187.625000
47.950645 37.690830 1.191131 -0.001566 0.020211 -1.650173 187.729996
47.934059 37.481491 1.191131 -0.001483 0.020545 -1.650173 187.835007
47.918266 37.282108 1.191131 -0.001409 0.019760 -1.650173 187.934998
47.899246 37.042881 1.191131 -0.001313 0.020423 -1.650173 188.054993
47.881790 36.823589 1.191131 -0.001390 0.020451 -1.650173 188.164993
47.865921 36.624157 1.191131 -0.001504 0.019691 -1.650173 188.264999
47.849258 36.414829 1.191131 -0.001553 0.019546 -1.650173 188.369995
47.832596 36.205559 1.191131 -0.001518 0.020407 -1.650173 188.475006
47.815933 35.996254 1.191131 -0.001525 0.020619 -1.650173 188.580002
47.799271 35.786930 1.191131 -0.001588 0.019908 -1.650173 188.684998
47.782795 35.577606 1.191131 -0.053275 0.018184 -1.612231 188.789993
47.771671 35.368359 1.191131 -0.095108 0.020654 -1.506608 188.895004
47.769802 35.159531 1.191131 -0.026723 0.024945 -1.478471 189.000000
47.771790 34.950584 1.191131 -0.017260 0.024924 -1.484418 189.104996
47.776306 34.731331 1.191131 -0.027864 0.024690 -1.489406 189.214996
47.783863 34.521854 1.191131 -0.031354 0.022626 -1.493192 189.320007
47.794926 34.312397 1.191131 -0.027049 0.021454 -1.496259 189.425003
47.809010 34.103039 1.191131 -0.016668 0.020725 -1.498698 189.529999
47.825027 33.893776 1.191131 -0.005733 0.020647 -1.500671 189.634995
47.841785 33.684532 1.191131 0.004812 0.020409 -1.502247 189.740005
47.858166 33.475288 1.191131 0.011291 0.020398 -1.503510 189.845001
47.874161 33.256016 1.191131 0.013777 0.020532 -1.504566 189.955002
47.888081 33.046600 1.191131 0.012373 0.020384 -1.505365 190.059998
47.901421 32.827141 1.191131 0.008874 0.019778 -1.506037 190.169998
47.914452 32.597672 1.191131 0.003793 0.020328 -1.506596 190.285004
47.926071 32.388107 1.191131 -0.000217 0.020796 -1.506997 190.389999
47.937855 32.178543 1.191131 -0.002519 0.020055 -1.507325 190.494995
47.950043 31.969009 1.191131 -0.003457 0.019684 -1.507583 190.600006
47.962719 31.759539 1.191131 -0.003025 0.020204 -1.507794 190.705002
47.977108 31.530148 1.191131 -0.001536 0.020655 -1.507978 190.820007
47.990555 31.320704 1.191131 0.000106 0.020716 -1.508113 190.925003
48.004093 31.111233 1.191131 0.001543 0.019645 -1.508220 191.029999
48.017609 30.901787 1.191131 0.002544 0.020673 -1.508305 191.134995
48.030987 30.692303 1.191131 0.002960 0.020404 -1.508373 191.240005
48.048191 30.463215 1.191131 -0.082994 0.019967 -1.400601 191.354996
48.071915 30.255342 1.191131 -0.011059 0.021679 -1.375500 191.460007
48.102444 30.028345 1.191131 -0.031851 0.022531 -1.322305 191.574997
48.135880 29.811819 1.191131 -0.009675 0.023852 -1.331453 191.684998
48.169331 29.605047 1.191131 0.038680 0.020378 -1.385755 191.789993
48.199692 29.397686 1.191131 0.060201 0.018932 -1.495099 191.895004
48.223717 29.189924 1.191131 0.062720 0.020541 -1.591310 192.000000
48.240570 28.982199 1.191131 0.081141 0.026624 -1.680303 192.104996
48.248440 28.764971 1.191131 0.122343 -0.018932 -1.792620 192.214996
48.243073 28.557388 1.191131 0.190287 -0.105319 -1.980821 192.324997
48.214493 28.330946 1.191131 0.185664 -0.023487 -2.105468 192.460007
48.161026 28.135656 1.191131 0.166445 0.025058 -2.211876 192.589996
48.079433 27.949129 1.191131 0.128970 0.034198 -2.261941 192.725006
47.976593 27.774370 1.191131 0.077628 0.028033 -2.300497 192.860001
47.861202 27.606482 1.191131 0.049652 -0.221043 -2.408680 193.000000
47.746651 27.440796 1.191131 0.071379 -0.203485 -2.597172 193.179993
47.639835 27.271593 1.191131 0.069102 -0.077899 -2.921799 193.490005
47.797546 27.404104 1.191131 -0.010994 0.271856 0.972848 196.514999
47.932667 27.587637 1.191131 0.000675 0.140220 1.058326 196.649994
48.068066 27.776396 1.191131 -0.028151 0.074533 1.144818 196.774994
48.182190 27.943151 1.191131 -0.012091 0.052870 1.177645 196.880005
48.295803 28.114681 1.191131 -0.030556 0.043769 1.164902 196.985001
48.407257 28.290483 1.191131 -0.075130 0.036308 1.161087 197.089996
48.510681 28.472006 1.191131 -0.108541 0.031889 1.201290 197.195007
48.604301 28.659092 1.191131 -0.026191 0.023706 1.135481 197.300003
48.708305 28.875059 1.191131 -0.026648 0.014690 1.045667 197.419998
48.797138 29.064735 1.191131 -0.037854 -0.013986 1.051150 197.524994
48.889523 29.271160 1.191131 -0.033009 0.010098 1.074980 197.639999
48.968925 29.457850 1.191131 -0.074981 -0.122026 1.269067 197.744995
49.042797 29.650726 1.191131 -0.102424 -0.100836 1.457867 197.860001
49.105656 29.846346 1.191131 -0.128607 -0.031184 1.621655 197.985001
49.151924 30.057030 1.191131 -0.153326 0.026152 1.781586 198.125000
49.168152 30.256578 1.191131 -0.153408 0.052173 1.918513 198.259995
49.154232 30.460546 1.191131 -0.148333 0.059165 2.052643 198.399994
49.110260 30.659542 1.191131 -0.131559 0.057237 2.179118 198.539993
49.039326 30.851135 1.191131 -0.121480 0.053030 2.307276 198.679993
48.940361 31.038757 1.191131 -0.118676 0.050739 2.445052 198.824997
48.822716 31.206835 1.191131 -0.117865 0.049579 2.574727 198.964996
48.675156 31.369831 1.191131 -0.122423 0.050630 2.713485 199.115005
48.507404 31.511568 1.191131 -0.126967 0.053009 2.853993 199.264999
48.334934 31.622154 1.191131 -0.092135 0.050727 2.936113 199.404999
48.137062 31.721535 1.191131 -0.096181 0.044410 2.986104 199.554993
47.949757 31.794504 1.191131 -0.013405 0.028480 2.940241 199.690002
47.759018 31.864244 1.191131 0.042032 0.014163 2.722855 199.824997
47.570557 31.941122 1.191131 0.044540 0.009120 2.540310 199.960007
47.386948 32.025379 1.191131 0.064067 0.015900 2.379810 200.095001
47.204674 32.123650 1.191131 0.099599 0.035448 2.231506 200.235001
47.035145 32.238659 1.191131 0.128650 0.053371 2.094025 200.375000
46.883591 32.374249 1.191131 0.145733 0.063423 1.960682 200.514999
46.754467 32.530640 1.191131 0.136484 0.064614 1.837780 200.654999
46.647133 32.704456 1.191131 0.104982 0.055105 1.794170 200.794998
46.557808 32.891315 1.191131 0.102110 0.042904 1.742121 200.934998
46.486633 33.087738 1.191131 0.095002 0.034086 1.683021 201.074997
46.430042 33.297939 1.191131 0.040742 0.024784 1.680290 201.220001
46.382507 33.511982 1.191131 0.034245 0.017433 1.693972 201.365005
46.342876 33.720673 1.191131 0.028794 0.014186 1.703872 201.505005
46.309406 33.923401 1.191131 0.019282 0.093201 1.710916 201.639999
46.279381 34.124283 1.191131 0.009513 0.164561 1.715975 201.764999
46.250309 34.328297 1.191131 0.057939 0.112585 1.680450 201.880005
46.226799 34.535160 1.191131 0.068646 0.068869 1.592395 201.990005
46.211121 34.738392 1.191131 -0.003090 0.044929 1.555380 202.095001
46.195992 34.944408 1.191131 -0.024773 0.032375 1.567147 202.199997
46.179325 35.151855 1.191131 0.029017 0.028430 1.537530 202.304993
46.163425 35.380013 1.191131 0.008636 0.025436 1.551518 202.419998
46.150120 35.588898 1.191131 0.016102 0.023862 1.561636 202.524994
46.138565 35.798141 1.191131 0.021526 0.022217 1.569899 202.630005
46.125008 36.047310 1.191131 -0.032289 0.019954 1.653042 202.755005
46.110912 36.256355 1.191131 0.010013 0.020645 1.670138 202.860001
46.097195 36.465511 1.191131 0.013977 0.020596 1.666284 202.964996
46.080456 36.704376 1.191131 -0.082474 0.020448 1.764128 203.085007
46.056664 36.911701 1.191131 -0.103571 0.026633 1.857830 203.190002
46.021183 37.116474 1.191131 -0.115031 0.033685 1.944728 203.294998
45.972713 37.317966 1.191131 -0.122418 0.038575 2.026922 203.399994
45.910549 37.515308 1.191131 -0.126515 0.041771 2.104071 203.505005
45.830368 37.716553 1.191131 -0.130788 0.043109 2.182555 203.615005
45.734795 37.911015 1.191131 -0.136773 0.043936 2.262118 203.725998
45.629292 38.089035 1.191131 -0.138826 0.044224 2.338181 203.830002
45.510315 38.258568 1.191131 -0.136502 0.043214 2.411931 203.934998
45.359055 38.440960 1.191131 -0.094763 0.040199 2.473170 204.054993
45.210178 38.600540 1.191131 -0.045940 0.031979 2.456606 204.164993
45.048977 38.763645 1.191131 -0.045798 -0.002313 2.442971 204.279999
44.900124 38.907104 1.191131 -0.041408 -0.060860 2.432954 204.384995
44.749298 39.049271 1.197429 0.034122 -0.107784 2.311378 204.494995
44.599106 39.195465 1.210894 0.060223 -0.120376 2.209553 204.615005
44.439774 39.359859 1.210063 -0.037881 -0.026849 2.289634 204.759995
44.294434 39.503292 1.209440 -0.053223 0.010213 2.486866 204.895004
44.143303 39.639210 1.208939 -0.049909 0.012312 2.650376 205.029999
43.981186 39.771854 1.208514 -0.046424 0.017912 2.782091 205.169998
43.800861 39.903290 1.208154 -0.067671 0.033110 2.864872 205.320007
43.611099 40.020817 1.207869 -0.097785 0.040100 2.923496 205.470001
43.410080 40.118614 1.207641 -0.088137 0.038296 2.966979 205.619995
43.213833 40.193268 1.207472 -0.064932 0.027293 2.946901 205.759995
43.018978 40.252464 1.207341 -0.096609 0.022194 3.003676 205.895004
42.820080 40.298080 1.207234 -0.030691 0.016826 2.986732 206.029999
42.619194 40.337589 1.207147 -0.028559 0.014308 3.005021 206.164993
42.421047 40.371815 1.207079 -0.035092 0.166535 3.021039 206.294998
42.218651 40.403198 1.207029 0.009192 0.137402 3.012338 206.414993
42.018246 40.434940 1.206989 0.010625 0.086988 3.006027 206.524994
41.819126 40.465931 1.206958 -0.009277 0.056714 3.038713 206.634995
41.618572 40.493427 1.206931 -0.104367 -0.106627 -3.072658 206.740005
41.379570 40.513767 1.206901 -0.107424 -0.077442 -2.933607 206.875000
41.176201 40.517498 1.206878 -0.108727 -0.020787 -2.875588 207.000000
40.974693 40.505005 1.206860 -0.110130 0.011076 -2.814047 207.130005
40.763710 40.474094 1.206843 -0.051448 0.016962 -2.831406 207.270004
40.562565 40.434063 1.206830 -0.039806 0.014275 -2.848528 207.404999
40.362892 40.386768 1.206821 -0.024200 0.013322 -2.861418 207.539993
40.164116 40.334846 1.206812 -0.009476 0.011529 -2.871208 207.669998
39.965649 40.280910 1.206805 0.004001 0.061550 -2.878651 207.804993
39.771721 40.228523 1.206799 0.012736 0.164853 -2.883866 207.929993
39.556313 40.172039 1.206795 0.016057 0.109923 -2.888129 208.054993
39.354630 40.120872 1.206792 0.015637 0.067969 -2.890824 208.164993
39.156303 40.071915 1.206790 0.012602 0.044865 -2.892876 208.270004
38.954914 40.023193 1.206787 0.009048 0.032343 -2.894542 208.375000
38.751942 39.974636 1.206785 0.005049 0.025858 -2.895882 208.479996
38.548206 39.926018 1.206782 0.001894 0.021768 -2.896954 208.585007
38.347366 39.877792 1.206782 0.000968 -0.168444 -2.959872 208.690002
38.137112 39.825657 1.206782 0.039559 -0.322541 -3.090770 208.815002
37.929794 39.768860 1.206782 0.075176 -0.233233 3.014395 208.985001
37.725067 39.702000 1.206782 0.077659 -0.095841 2.710712 209.274994
37.541435 39.619949 1.206782 0.012588 0.004376 1.694938 210.244995
37.567173 39.820999 1.206782 0.019352 0.243606 1.351091 210.929993
37.610069 40.018425 1.206782 0.033780 0.103622 1.183435 211.089996
37.661510 40.215664 1.195104 0.040670 0.047735 1.006299 211.235001
37.721325 40.409351 1.194245 0.037988 0.037518 0.926118 211.375000
37.797527 40.615616 1.193600 0.130377 0.044502 0.789978 211.524994
37.893917 40.803574 1.193102 0.091145 0.056950 0.696276 211.669998
38.010460 40.982964 1.184939 0.048660 0.040122 0.795551 211.815002
38.146648 41.172844 1.179643 0.031441 0.012508 0.963608 211.970001
38.270500 41.335785 1.179598 0.005592 0.003536 1.084823 212.104996
38.408390 41.515701 1.179559 -0.008134 0.011952 1.160599 212.255005
38.529346 41.679783 1.179530 -0.035138 0.021871 1.178298 212.389999
38.644348 41.848866 1.179507 -0.056652 0.022851 1.165554 212.524994
38.751133 42.024063 1.179488 -0.087698 0.017981 1.173277 212.660004
38.844376 42.206512 1.179472 -0.101147 0.018257 1.253336 212.794998
38.922001 42.398151 1.179459 -0.043139 0.163386 1.299747 212.929993
38.989162 42.588711 1.179450 -0.027299 0.150157 1.299603 213.050003
39.062344 42.816582 1.179442 -0.025812 0.086801 1.362653 213.179993
39.119976 43.010212 1.179437 0.015356 0.056072 1.349147 213.285004
39.179634 43.207523 1.179432 -0.044656 0.037947 1.378971 213.389999
39.237568 43.407360 1.179428 -0.017438 0.030281 1.364339 213.494995
39.293896 43.608818 1.179426 -0.024926 0.025579 1.359168 213.600006
39.347149 43.811634 1.179423 -0.102904 0.022592 1.420606 213.705002
39.395535 44.045666 1.179420 -0.120144 0.026792 1.526160 213.824997
39.424099 44.251949 1.179418 -0.115021 0.031208 1.610545 213.929993
39.439911 44.458996 1.179415 -0.114253 0.034999 1.691926 214.035004
39.442829 44.666168 1.179414 -0.117090 0.038242 1.769891 214.139999
39.432781 44.872841 1.179414 -0.060788 0.037926 1.794007 214.244995
39.410690 45.119183 1.179414 -0.038999 0.032449 1.778417 214.369995
39.386696 45.326561 1.179414 -0.042615 0.027491 1.768209 214.475006
39.358059 45.533859 1.179414 0.019776 0.021391 1.712402 214.580002
39.330814 45.741425 1.179414 0.063052 0.019218 1.599660 214.684998
39.307865 45.949188 1.179414 -0.005349 0.021652 1.599346 214.789993
39.285053 46.157188 1.179414 0.009800 0.024091 1.603550 214.895004
39.263439 46.365616 1.179414 0.062634 0.022637 1.585423 215.000000
39.248295 46.574326 1.179414 0.060266 0.024534 1.546043 215.104996
39.239426 46.813213 1.179414 0.048121 0.024825 1.549522 215.225006
39.237312 47.022644 1.179414 0.041267 0.023034 1.551944 215.330002
39.239639 47.232273 1.179414 0.029027 0.021148 1.553878 215.434998
39.245075 47.441917 1.179414 0.013330 0.020700 1.555432 215.539993
39.252941 47.681534 1.179414 -0.003190 0.021097 1.556847 215.660004
39.257992 47.891186 1.179414 -0.054907 0.019666 1.622856 215.764999
39.257557 48.100590 1.179414 -0.069038 0.021912 1.649570 215.869995
39.249290 48.309429 1.179414 -0.116486 0.024847 1.750438 215.975006
39.228355 48.516563 1.179414 -0.118668 0.030431 1.842577 216.080002
39.194263 48.721344 1.179414 -0.115746 0.034587 1.927801 216.184998
39.149399 48.924072 1.179414 -0.034291 0.032683 1.914960 216.289993
39.099499 49.126583 1.179414 -0.032350 0.028620 1.905704 216.395004
39.045357 49.328819 1.179414 -0.035798 0.025006 1.898258 216.500000
38.986862 49.530354 1.179414 -0.065279 0.021543 1.912954 216.604996
38.917320 49.738792 1.179414 -0.112849 0.022601 2.017617 216.714996
38.835125 49.941898 1.179414 -0.104898 0.026444 2.112116 216.824997
38.745583 50.130459 1.179414 -0.097482 0.028543 2.194543 216.929993
38.647751 50.314850 1.179414 -0.021089 0.026857 2.191321 217.035004
38.546444 50.498226 1.179414 -0.025587 0.025211 2.180948 217.139999
38.431656 50.697735 1.179414 -0.036977 0.021495 2.172003 217.255005
38.310669 50.893833 1.179414 -0.079489 0.020313 2.230457 217.369995
38.198635 51.059849 1.179414 -0.036898 0.019824 2.224417 217.470001
38.083038 51.223690 1.179414 -0.072317 0.017736 2.250557 217.570007
37.959007 51.389889 1.179414 -0.014496 -0.172425 2.161003 217.675003
37.835545 51.549801 1.179414 0.037962 -0.324179 2.040577 217.789993
37.710075 51.705574 1.179414 0.073625 -0.252252 1.883497 217.940002
37.578285 51.857040 1.179414 0.083121 -0.129022 1.637404 218.175003
37.435951 51.998154 1.179414 0.040290 -0.012200 1.056204 218.729996
37.617149 52.089664 1.179414 0.016993 0.319716 0.172837 220.029999
37.815292 52.123608 1.179414 0.009101 0.236515 0.100396 220.169998
38.019646 52.156017 1.179414 -0.062760 0.128765 0.079631 220.289993
38.221016 52.190613 1.179414 -0.030530 0.077680 0.043991 220.399994
38.419888 52.226662 1.179414 -0.003700 0.054073 0.051815 220.505005
38.632324 52.264740 1.179414 0.039739 0.041100 0.058338 220.615005
38.837788 52.297012 1.179414 0.062696 0.032615 0.063308 220.720001
39.045048 52.322819 1.179414 0.064427 0.026477 0.067272 220.824997
39.253464 52.341961 1.179414 0.050915 0.023214 0.070473 220.929993
39.462559 52.355835 1.179414 0.029716 0.021406 0.073049 221.035004
39.672043 52.366261 1.179414 0.071645 0.020902 0.020367 221.139999
39.921635 52.370720 1.179414 -0.006183 0.020308 -0.015372 221.264999
40.131279 52.373867 1.179414 -0.034959 0.019272 -0.005186 221.369995
40.350861 52.380932 1.179414 -0.031236 0.019928 0.003455 221.479996
40.560417 52.390945 1.179414 -0.018853 0.019582 0.009942 221.585007
40.766056 52.400101 1.179414 0.120439 -0.134133 -0.191900 221.690002
40.971958 52.398167 1.179414 0.179812 -0.082135 -0.374370 221.804993
41.173164 52.375313 1.179414 0.195205 -0.003622 -0.533386 221.929993
41.370609 52.322002 1.179414 0.183372 0.041965 -0.685278 222.065002
41.559116 52.236874 1.179414 0.109162 0.047101 -0.739343 222.205002
41.731480 52.134125 1.227234 0.095006 0.038627 -0.790677 222.339996
41.887520 52.018387 1.291891 0.129118 0.035622 -0.934531 222.470001
42.029255 51.886246 1.354836 0.111952 0.035685 -1.070671 222.600006
42.156769 51.740986 1.414572 0.096651 0.035008 -1.192329 222.729996
42.274628 51.579174 1.477297 0.105771 0.038291 -1.321390 222.865005
42.371914 51.413940 1.537724 0.114641 0.045179 -1.446609 222.994995
42.453030 51.233429 1.600425 0.129430 0.053667 -1.576299 223.130005
42.512531 51.045307 1.662206 0.143245 0.055956 -1.691890 223.264999
42.550102 50.837124 1.727672 0.104730 0.055594 -1.749316 223.410004
42.563438 50.646214 1.786485 0.108348 0.047673 -1.798562 223.539993
42.557358 50.453556 1.847680 0.094038 0.039059 -1.847173 223.669998
42.530247 50.254684 1.877459 0.127745 0.033740 -1.984553 223.804993
42.480907 50.060749 1.929684 0.053405 0.034034 -2.030998 223.940002
42.414581 49.871029 1.968935 0.062507 0.028792 -2.115691 224.074997
42.337639 49.692272 2.015614 0.070430 0.025634 -2.135411 224.205002
42.251514 49.516247 2.056721 -0.013778 0.016164 -2.067266 224.335007
42.165188 49.339130 2.094273 -0.001047 0.011814 -1.983710 224.464996
42.078815 49.161533 2.062350 0.015864 0.011596 -1.990712 224.595001
41.986584 48.977924 2.044153 -0.000321 0.011479 -1.995219 224.729996
41.893974 48.794159 2.018966 -0.012453 0.010406 -1.996797 224.865005
41.803013 48.609497 2.018850 -0.017676 0.009907 -1.998114 225.000000
41.716503 48.427685 2.018776 -0.018820 0.162184 -1.999009 225.130005
41.619804 48.217148 2.018713 -0.013514 0.132288 -1.999528 225.264999
41.535698 48.030613 2.018670 -0.008026 0.083706 -1.999789 225.375000
41.452717 47.845596 1.997657 -0.002695 0.051270 -1.999986 225.479996
41.368019 47.657135 1.964378 0.000744 0.035420 -2.000145 225.585007
41.286148 47.476109 1.930164 0.001935 0.027095 -2.000269 225.684998
41.203346 47.294392 1.896563 0.001599 0.022581 -2.000369 225.785004
41.119858 47.112404 1.863558 0.000180 0.020006 -2.000449 225.884995
41.036137 46.930222 1.831616 -0.055893 0.017006 -1.960884 225.985001
40.956852 46.746304 1.798995 -0.094147 0.018325 -1.861452 226.085007
40.883884 46.560242 1.766682 -0.072675 0.021096 -1.830108 226.184998
40.817471 46.372181 1.735407 -0.103354 0.024669 -1.742494 226.285004
40.760925 46.181740 1.704188 -0.114185 0.030097 -1.661047 226.384995
40.715637 45.989101 1.672760 -0.124778 0.036582 -1.583002 226.485001
40.681465 45.784840 1.639976 -0.134326 0.041537 -1.503547 226.589996
40.661282 45.579086 1.626616 -0.049627 0.037265 -1.527027 226.695007
40.647930 45.371834 1.627899 0.008607 0.030512 -1.592988 226.800003
40.634392 45.143612 1.629089 -0.058781 0.022378 -1.624221 226.914993
40.627525 44.934628 1.629999 -0.061646 0.019685 -1.619557 227.020004
40.627216 44.695457 1.630875 -0.030995 0.020486 -1.615326 227.139999
40.630981 44.456062 1.624557 0.033237 0.020806 -1.633070 227.259995
40.631607 44.246685 1.617831 0.033366 0.023245 -1.650837 227.365005
40.628139 44.037327 1.609178 0.037299 0.023173 -1.647858 227.470001
40.620934 43.837952 1.573666 0.039029 0.022559 -1.645573 227.570007
40.609852 43.638615 1.538717 0.032281 0.022130 -1.643724 227.669998
40.595554 43.439362 1.505323 0.021207 0.020705 -1.642227 227.770004
40.579224 43.240204 1.480836 -0.031441 0.019715 -1.615990 227.869995
40.566040 43.041031 1.450646 -0.089194 0.021072 -1.518041 227.970001
40.561543 42.842216 1.417418 -0.100053 0.026296 -1.428784 228.070007
40.567707 42.634312 1.391748 -0.103783 0.031511 -1.343989 228.175003
40.585842 42.427780 1.380345 -0.115062 0.036765 -1.262877 228.279999
40.616676 42.224472 1.347656 -0.120590 -0.012870 -1.185354 228.384995
40.661037 42.020950 1.331540 -0.125008 -0.065748 -1.109515 228.494995
40.723057 41.808605 1.309668 -0.133392 -0.021389 -1.033271 228.619995
40.798717 41.617249 1.304140 -0.131133 0.129231 -0.965519 228.740005
40.894108 41.432739 1.304554 -0.115771 0.109384 -0.895772 228.854996
41.003525 41.257587 1.304886 -0.113518 -0.041810 -0.779783 228.964996
41.129311 41.081551 1.305189 -0.090058 -0.089762 -0.716756 229.085007
41.254223 40.924332 1.305439 -0.112840 -0.041489 -0.635739 229.205002
41.393696 40.773083 1.305663 -0.096569 -0.002957 -0.549004 229.335007
41.539417 40.635929 1.305847 -0.058354 0.010734 -0.548872 229.464996
41.696770 40.502674 1.306002 -0.072375 0.015586 -0.539206 229.600006
41.861729 40.379917 1.306129 -0.063412 0.014814 -0.491175 229.735001
42.034706 40.270081 1.306231 -0.072187 0.017592 -0.391021 229.869995
42.213306 40.169971 1.306314 -0.011884 0.014457 -0.404316 230.005005
42.393784 40.072048 1.306381 -0.013043 0.013002 -0.423894 230.139999
42.575665 39.975796 1.306436 -0.017223 0.011328 -0.432624 230.274994
42.765797 39.878448 1.306481 -0.015902 0.010474 -0.439021 230.414993
42.957191 39.783432 1.306517 -0.011321 0.009709 -0.443775 230.554993
43.142559 39.693485 1.306545 -0.039674 0.009250 -0.413816 230.690002
43.339478 39.605587 1.306570 -0.068278 0.156320 -0.321295 230.830002
43.570702 39.519012 1.306590 0.000320 0.134126 -0.253347 230.975006
43.762802 39.450417 1.306603 0.034871 0.082462 -0.266279 231.085007
43.952320 39.379478 1.306613 0.013365 0.052498 -0.276133 231.190002
44.145126 39.305988 1.306621 -0.012283 0.037473 -0.284047 231.294998
44.339901 39.233070 1.306629 -0.029877 -0.009176 -0.290412 231.399994
44.532188 39.163925 1.306635 -0.035650 -0.079863 -0.295490 231.505005
44.741009 39.092419 1.306640 0.022834 -0.031881 -0.338762 231.625000
44.978149 39.006466 1.306646 0.058832 0.087967 -0.463803 231.764999
45.168724 38.927696 1.306649 0.061747 0.071258 -0.551799 231.875000
45.351967 38.842854 1.306651 0.076052 0.055093 -0.634534 231.979996
45.533382 38.748135 1.306654 0.091756 0.046943 -0.711893 232.085007
45.710255 38.642719 1.306656 0.115324 0.045574 -0.787171 232.190002
45.880020 38.525391 1.306659 0.136428 0.047023 -0.861629 232.294998
46.040203 38.395405 1.306661 0.145406 0.016844 -0.934997 232.399994
46.206844 38.235504 1.306661 0.144999 -0.052170 -1.017487 232.520004
46.339924 38.085804 1.306661 0.137844 -0.090809 -1.087880 232.630005
46.469841 37.910419 1.306661 0.179849 -0.034875 -1.265551 232.759995
46.569218 37.732967 1.306661 0.164102 0.011891 -1.415459 232.889999
46.643852 37.543751 1.306661 0.143851 0.035506 -1.557019 233.024994
46.695000 37.349602 1.306661 0.081374 0.036749 -1.600799 233.160004
46.730618 37.151360 1.306661 0.079113 0.033199 -1.647749 233.294998
46.751545 36.950344 1.306661 0.081466 0.030103 -1.703331 233.429993
46.757416 36.747963 1.306661 0.079134 0.027719 -1.762171 233.565002
46.748486 36.545464 1.306661 0.075009 0.026020 -1.823247 233.699997
46.726509 36.343590 1.306661 0.025904 0.020705 -1.825444 233.835007
46.694717 36.119125 1.306661 0.023118 0.017084 -1.809121 233.985001
46.659950 35.910660 1.306661 0.018212 0.173255 -1.798340 234.119995
46.610123 35.670296 1.306661 0.055210 0.117161 -1.868570 234.259995
46.557178 35.460556 1.306661 0.000888 0.072809 -1.860254 234.375000
46.506161 35.263157 1.306661 -0.002035 0.048052 -1.855383 234.479996
46.453968 35.062790 1.306661 0.001464 0.033841 -1.851526 234.585007
46.401669 34.864483 1.306661 0.020596 -0.166478 -1.956076 234.690002
46.344891 34.649284 1.306661 0.062623 -0.316600 -2.092211 234.820007
46.297245 34.454494 1.306661 0.087997 -0.227590 -2.259760 234.979996
46.257282 34.258377 1.306661 0.084644 -0.103051 -2.532027 235.240005
46.228588 34.060307 1.306661 0.013668 -0.019108 -2.285939 235.994995
46.244816 33.860241 1.306661 -0.026270 0.320038 -1.378043 237.240005
46.285885 33.661949 1.306661 -0.034440 0.271772 -1.293216 237.399994
46.334888 33.467163 1.306661 -0.048840 0.025044 -1.129493 237.524994
46.400131 33.249008 1.306661 -0.077685 -0.028003 -0.948107 237.664993
46.469242 33.059525 1.306661 -0.107249 0.007472 -0.806580 237.794998
46.553944 32.874908 1.306661 -0.090959 0.033723 -0.767285 237.929993
46.654133 32.699993 1.306661 -0.091774 0.040588 -0.729399 238.065002
46.770164 32.534138 1.306661 -0.080324 0.032500 -0.752034 238.199997
46.899349 32.376163 1.306661 -0.073375 0.020940 -0.762590 238.335007
47.039192 32.226051 1.306661 -0.027616 0.011231 -0.799218 238.470001
47.180553 32.081940 1.306661 0.003714 -0.190596 -0.766204 238.604996
47.319138 31.937626 1.306661 -0.030934 -0.231542 -0.593417 238.770004
47.459831 31.778696 1.306661 -0.057190 -0.106010 -0.289729 239.059998
47.577103 31.616671 1.306661 -0.012920 0.001863 0.731288 240.035004
47.576405 31.838537 1.306661 -0.027271 0.320542 1.661052 241.360001
47.557838 32.038944 1.306661 -0.009017 0.241635 1.728929 241.500000
47.535446 32.254623 1.306661 0.074431 0.122878 1.743489 241.625000
47.520603 32.459915 1.306661 0.010554 0.072705 1.766431 241.735001
47.508278 32.662479 1.306661 0.011719 0.049043 1.760210 241.839996
47.491585 32.927517 1.306661 -0.030649 0.036811 1.749207 241.975006
47.474434 33.135151 1.306661 -0.050138 0.030724 1.742570 242.080002
47.451492 33.342979 1.306661 -0.051927 0.026403 1.737227 242.184998
47.422726 33.550495 1.306661 -0.041652 0.022895 1.732943 242.289993
47.389366 33.757572 1.306661 -0.021906 0.021524 1.729508 242.395004
47.353474 33.964428 1.306661 -0.002368 0.020682 1.726764 242.500000
47.317650 34.167587 1.306661 0.001699 -0.179355 1.789483 242.604996
47.282730 34.371822 1.306661 -0.034510 -0.321818 1.915148 242.725006
47.252216 34.574116 1.306661 -0.068682 -0.242245 2.082699 242.884995
47.229584 34.779842 1.306661 -0.076644 -0.109781 2.360202 243.149994
47.185051 34.979061 1.306661 -0.046065 0.309521 2.787133 243.820007
46.974911 35.054508 1.289944 -0.028826 0.194703 2.779604 244.070007
46.779625 35.118763 1.290174 0.002198 0.085361 2.718951 244.225006
46.588837 35.185822 1.292357 0.029589 0.043672 2.708201 244.365005
46.401524 35.258507 1.313131 0.071372 0.027454 2.617320 244.500000
46.218746 35.345047 1.311872 0.071061 0.025040 2.482130 244.634995
46.040569 35.442318 1.310852 0.007500 0.019325 2.497761 244.770004
45.844231 35.556271 1.309943 0.038660 0.018283 2.452332 244.919998
45.652000 35.678524 1.302590 0.025671 0.014637 2.467727 245.070007
45.481441 35.793499 1.297425 0.025921 0.012223 2.478042 245.205002
45.301029 35.921642 1.297670 0.000689 0.009836 2.502624 245.350006
45.133076 36.041080 1.279866 -0.033940 0.008071 2.605148 245.485001
44.954304 36.160145 1.280477 -0.054647 0.146124 2.697168 245.625000
44.766933 36.270679 1.280938 -0.054099 0.146094 2.778257 245.755005
44.589691 36.363625 1.281262 -0.084326 0.058726 2.874413 245.865005
44.407017 36.448879 1.281534 -0.085583 -0.086794 2.955215 245.975006
44.217121 36.527950 1.281784 -0.102896 -0.055687 3.021411 246.095001
44.027237 36.594402 1.281999 -0.071755 -0.014538 3.025922 246.220001
43.825237 36.652733 1.282188 -0.068020 0.003155 3.012048 246.354996
43.623283 36.699097 1.282342 -0.057760 0.008795 3.001435 246.490005
43.420368 36.734406 1.282466 -0.113309 0.012440 3.093377 246.625000
43.216499 36.752186 1.282567 -0.084843 0.018082 -3.060276 246.759995
43.012531 36.756390 1.282649 -0.030541 0.016441 -3.000552 246.895004
42.808537 36.754120 1.282717 -0.031426 0.016211 -2.942841 247.029999
42.589870 36.744686 1.282775 -0.046409 0.018947 -2.878654 247.175003
42.364231 36.726482 1.282822 -0.015933 0.018785 -2.891338 247.324997
42.153301 36.704933 1.282858 -0.028836 0.017600 -2.908959 247.464996
41.950073 36.678471 1.282886 -0.033142 0.015430 -2.921751 247.600006
41.725025 36.641861 1.282910 -0.025039 0.043146 -2.932232 247.750000
41.521355 36.603386 1.282926 -0.014363 0.169490 -2.938994 247.880005
41.322365 36.563202 1.282939 -0.001995 0.119787 -2.943605 247.994995
41.082390 36.514168 1.282951 0.009814 0.067784 -2.947637 248.125000
40.853172 36.468372 1.282959 0.015573 0.042061 -2.950542 248.244995
40.620289 36.423634 1.282967 0.016114 0.030122 -2.952790 248.365005
40.414928 36.385708 1.282972 0.013279 0.025156 -2.954356 248.470001
40.208744 36.348721 1.282977 0.008684 0.023157 -2.955616 248.574997
39.992264 36.310516 1.282982 0.004422 0.020608 -2.956657 248.684998
39.785484 36.274139 1.282984 0.000849 0.020277 -2.957460 248.789993
39.588493 36.239281 1.282987 -0.001296 0.020322 -2.958069 248.889999
39.391544 36.203999 1.282989 -0.001890 0.020115 -2.958568 248.990005
39.194572 36.168888 1.282991 0.034925 0.018525 -3.001972 249.089996
38.987503 36.134365 1.282994 0.005046 0.020043 -3.000150 249.195007
38.780327 36.100323 1.282996 0.007200 0.020511 -2.999352 249.300003
38.582859 36.068405 1.282996 0.001660 0.019654 -2.993297 249.399994
38.376015 36.032776 1.282996 -0.076155 0.018515 -2.880976 249.505005
38.163174 35.987007 1.300079 -0.116754 -0.108432 -2.709383 249.615005
37.976093 35.936691 1.368665 -0.139156 -0.107195 -2.578598 249.720001
37.793243 35.873688 1.433789 -0.174608 -0.038340 -2.421220 249.835007
37.616501 35.790295 1.498597 -0.175965 0.018388 -2.295192 249.960007
37.453587 35.683098 1.561732 -0.167441 0.045292 -2.158437 250.089996
37.310764 35.555141 1.623376 -0.115974 0.049153 -2.062072 250.220001
37.174034 35.399590 1.689737 -0.048787 0.037841 -2.031023 250.360001
37.056831 35.244488 1.751664 -0.056669 0.030433 -1.987860 250.490005
36.944290 35.077347 1.777930 -0.054005 -0.133102 -1.913779 250.625000
36.833752 34.908150 1.777930 -0.078396 -0.229233 -1.746222 250.785004
36.718182 34.742695 1.777930 -0.082362 -0.113528 -1.484414 251.035004
36.590115 34.588493 1.777930 -0.031267 -0.003871 -0.798479 251.690002
36.800018 34.579147 1.777930 -0.022282 0.319248 0.138950 253.014999
37.034691 34.613060 1.769019 0.042503 0.207874 0.197885 253.175003
37.236038 34.641106 1.762961 0.055117 0.115179 0.218758 253.289993
37.441868 34.665245 1.762855 0.041602 0.067880 0.210685 253.399994
37.644646 34.685696 1.762769 -0.000259 0.046787 0.204548 253.505005
37.869987 34.709564 1.762690 -0.036952 0.036677 0.199163 253.619995
38.076809 34.736050 1.762629 -0.049807 0.029414 0.195268 253.725006
38.283562 34.768295 1.762578 -0.046965 0.024213 0.192148 253.830002
38.489788 34.805897 1.762533 -0.035787 0.020602 0.189622 253.934998
38.695435 34.847420 1.762496 -0.014159 0.020697 0.187615 254.039993
38.900852 34.890759 1.762464 0.001916 0.019403 0.185986 254.145004
39.125893 34.938122 1.762436 0.018099 0.020280 0.184592 254.259995
39.331753 34.979774 1.762413 0.023501 0.020143 0.183574 254.365005
39.528252 35.017460 1.762395 0.022681 0.019803 0.182788 254.464996
39.725121 35.053307 1.762380 0.018009 0.019506 0.182148 254.565002
39.922241 35.087727 1.733625 0.011294 0.019644 0.181628 254.664993
40.119461 35.121376 1.707516 0.004322 0.019517 0.181215 254.764999
40.326542 35.156593 1.699062 -0.001104 0.019670 0.180859 254.869995
40.523869 35.189167 1.682708 0.074649 0.017249 0.096821 254.970001
40.721592 35.214973 1.656983 0.092442 0.021253 -0.000591 255.070007
40.949165 35.233307 1.657541 0.097317 0.027362 -0.099996 255.184998
41.156380 35.238941 1.643241 0.015661 -0.058722 -0.052586 255.289993
41.354496 35.242851 1.609571 -0.072577 -0.132487 0.145248 255.395004
41.561691 35.253548 1.575057 -0.062186 -0.074161 0.226788 255.514999
41.762413 35.272015 1.542311 -0.108215 -0.023108 0.350781 255.639999
41.967186 35.307629 1.500349 -0.126921 0.014188 0.512837 255.774994
42.182106 35.371517 1.481112 -0.122611 0.036823 0.669212 255.925003
42.365837 35.449982 1.460780 -0.078446 0.040058 0.719114 256.059998
42.543530 35.543774 1.468051 -0.087263 0.036875 0.769296 256.195007
42.714001 35.652245 1.448656 -0.046820 0.029898 0.787511 256.329987
42.880020 35.770519 1.417750 -0.042621 0.021437 0.768326 256.464996
43.042168 35.896149 1.389912 -0.040125 0.015114 0.753890 256.600006
43.201351 36.026348 1.377281 0.078189 0.002197 0.582175 256.734985
43.365028 36.148243 1.376947 0.048080 0.012154 0.432575 256.869995
43.532513 36.263760 1.377778 0.028468 0.018125 0.425869 257.005005
43.703915 36.374302 1.378456 0.047233 0.021144 0.380077 257.140015
43.887241 36.480957 1.356875 0.047239 0.019210 0.391928 257.279999
44.075592 36.580101 1.358591 0.046792 0.013917 0.400677 257.420013
44.268021 36.671711 1.359979 0.035172 0.010759 0.407250 257.559998
44.457008 36.751801 1.361062 0.113952 0.011313 0.250597 257.695007
44.650784 36.814095 1.361936 0.098345 0.019739 0.081423 257.829987
44.847710 36.858826 1.362651 0.092843 0.025365 -0.072599 257.964996
45.046104 36.886429 1.363230 0.097905 0.033818 -0.215430 258.100006
45.267139 36.896465 1.363745 0.080988 0.040479 -0.310529 258.250000
45.474052 36.888271 1.364129 0.081239 0.041307 -0.354039 258.390015
45.688084 36.861649 1.364446 0.091127 0.037684 -0.406996 258.535004
45.891922 36.816151 1.364695 0.136606 0.036338 -0.530164 258.674988
46.087208 36.745823 1.364895 0.128434 0.041389 -0.683435 258.815002
46.271408 36.651760 1.365057 0.107237 0.040867 -0.815869 258.954987
46.444206 36.538113 1.365187 0.102537 0.040543 -0.945118 259.095001
46.603790 36.407108 1.365290 0.118224 0.044515 -1.085528 259.234985
46.755730 36.247765 1.365380 0.121157 0.050677 -1.226860 259.385010
46.877575 36.082767 1.365447 0.117884 0.049600 -1.337069 259.524994
46.981026 35.897884 1.365502 0.105208 0.055303 -1.459822 259.670013
47.064297 35.701187 1.365545 0.059126 0.042493 -1.428403 259.815002
47.135910 35.496071 1.365581 0.066596 0.028350 -1.405292 259.959991
47.191372 35.299854 1.365607 0.056322 0.019044 -1.389182 260.095001
47.237690 35.100487 1.365629 0.034087 0.014244 -1.377025 260.230011
47.278511 34.899487 1.365646 0.011170 0.012276 -1.367878 260.364990
47.317757 34.697956 1.365660 -0.005669 0.011960 -1.361032 260.500000
47.358089 34.497288 1.365668 -0.004192 -0.098884 -1.415345 260.635010
47.399784 34.301220 1.365668 0.033669 -0.253022 -1.572429 260.785004
47.447971 34.105076 1.365668 0.063673 -0.146913 -1.808056 261.010010
47.509365 33.913963 1.365668 0.043976 -0.026287 -2.326433 261.505005
47.472958 33.705883 1.365668 0.001058 0.318603 -1.951582 262.315002
47.395073 33.516171 1.365668 -0.010682 0.290639 -1.880723 262.480011
47.322201 33.324577 1.365668 -0.010521 0.166982 -1.806766 262.606995
47.248459 33.118336 1.365668 -0.031280 0.091281 -1.724394 262.725006
47.185852 32.928276 1.365668 -0.009790 0.061252 -1.692710 262.829987
47.124317 32.733231 1.365668 -0.019291 0.047806 -1.706613 262.934998
47.056580 32.506107 1.365668 -0.063612 0.038122 -1.716879 263.054993
47.001545 32.294418 1.365668 -0.079795 0.030117 -1.724319 263.165009
46.957153 32.089863 1.365668 -0.073237 0.024682 -1.729987 263.269989
46.920006 31.883574 1.365668 -0.053465 0.021051 -1.734525 263.375000
46.887966 31.676237 1.365668 -0.025511 0.020664 -1.738174 263.480011
46.858391 31.470802 1.365668 0.006359 -0.149738 -1.791131 263.584991
46.829800 31.268524 1.365668 0.043974 -0.321443 -1.911563 263.700012
46.803204 31.056072 1.365668 0.077831 -0.248340 -2.079120 263.859985
46.785782 30.855526 1.365668 0.083784 -0.122535 -2.330452 264.100006
46.783348 30.655390 1.365668 0.037740 -0.009290 -2.943054 264.684998
46.846050 30.866604 1.365668 0.016823 0.315561 1.335533 267.045013
46.887592 31.068007 1.365668 -0.063991 0.207234 1.334519 267.179993
46.922585 31.268456 1.365668 -0.034707 0.120675 1.339337 267.295013
46.958454 31.492485 1.365668 0.001287 0.068821 1.343289 267.415009
46.991592 31.694450 1.365668 0.022683 0.045572 1.346025 267.519989
47.026527 31.898930 1.365668 -0.043886 0.029940 1.431384 267.625000
47.057739 32.105087 1.365668 -0.049712 0.023596 1.525946 267.730011
47.083401 32.311966 1.365668 -0.065109 0.024518 1.615299 267.834991
47.101841 32.519081 1.365668 -0.086439 0.029913 1.696520 267.940002
47.112896 32.726406 1.365668 -0.033496 0.032952 1.684813 268.045013
47.119892 32.974312 1.365668 -0.098060 0.033446 1.697123 268.170013
47.115734 33.182842 1.365668 -0.117536 0.032922 1.729842 268.274994
47.098640 33.390621 1.365668 -0.086639 0.030829 1.781881 268.380005
47.071594 33.597546 1.365668 -0.042420 0.027454 1.774538 268.484985
47.040054 33.801075 1.365668 -0.039659 -0.162535 1.881938 268.589996
47.003910 34.021744 1.365668 -0.070992 -0.315325 2.018074 268.720001
46.973949 34.226196 1.365668 -0.093187 -0.225651 2.190859 268.885010
46.952263 34.434425 1.365668 -0.084778 -0.092367 2.484070 269.165009
46.946804 34.634678 1.365668 -0.011214 -0.011006 2.332228 270.070007
46.858524 34.819572 1.365668 0.014892 0.262075 2.010460 270.704987
46.771832 35.003796 1.365668 -0.036121 0.110064 1.891720 270.869995
46.678730 35.200954 1.365668 -0.009243 0.042874 1.763840 271.024994
46.591679 35.386303 1.365668 0.008266 0.027874 1.722905 271.165009
46.510185 35.569313 1.365668 0.066633 0.035555 1.667519 271.299988
46.440453 35.758049 1.365668 0.101701 0.039913 1.607018 271.434998
46.387558 35.952591 1.365668 0.068618 0.036059 1.600302 271.570007
46.347656 36.151787 1.365668 0.063714 0.025470 1.616395 271.704987
46.318836 36.354004 1.365668 0.053294 0.018047 1.628613 271.839996
46.299046 36.558014 1.365668 -0.008962 0.074644 1.662469 271.975006
46.278511 36.758015 1.365668 -0.049196 0.166004 1.765042 272.100006
46.247795 36.968723 1.365668 -0.045177 0.110832 1.857699 272.220001
46.210220 37.171619 1.365668 -0.060273 0.072687 1.941158 272.329987
46.165279 37.368591 1.365668 -0.079298 0.055496 2.018979 272.434998
46.109833 37.565231 1.365668 -0.107899 0.051118 2.096321 272.540009
46.043404 37.759956 1.365668 -0.112519 0.047736 2.130503 272.644989
45.960144 37.959526 1.365668 -0.164095 -0.002182 2.235940 272.755005
45.864231 38.144402 1.365668 -0.142561 -0.106886 2.319900 272.864990
45.759190 38.314671 1.365668 -0.133010 -0.066098 2.383757 272.980011
45.638802 38.478016 1.365668 -0.116490 -0.019000 2.443770 273.105011
45.504646 38.630104 1.365668 -0.099083 0.004567 2.505664 273.234985
45.355469 38.773426 1.356496 -0.053871 0.011419 2.547497 273.369995
45.198929 38.906967 1.343143 -0.034409 0.013921 2.568502 273.505005
45.025761 39.044506 1.323655 -0.044461 0.011801 2.571380 273.649994
44.859119 39.165668 1.325650 -0.090604 0.092735 2.659233 273.785004
44.663921 39.284477 1.327353 -0.078534 0.160589 2.746486 273.924988
44.471508 39.383869 1.328542 -0.060169 0.101385 2.822636 274.045013
44.256477 39.485134 1.329570 -0.023057 0.060625 2.844219 274.170013
44.069675 39.568810 1.330298 -0.031451 0.043913 2.890531 274.274994
43.878990 39.649612 1.330916 -0.020911 0.035769 2.876731 274.380005
43.685738 39.728481 1.331435 -0.041174 0.029432 2.865731 274.484985
43.490105 39.803551 1.331876 -0.051659 0.025517 2.856903 274.589996
43.292271 39.873859 1.332249 -0.048445 0.021688 2.849854 274.695007
43.102234 39.936695 1.332555 -0.036880 0.019498 2.844384 274.795013
42.911140 39.996593 1.332819 -0.021550 0.018895 2.839890 274.894989
42.719521 40.055019 1.333044 0.012130 0.017347 2.825147 274.994995
42.529079 40.116211 1.333236 0.096059 0.016843 2.714645 275.095001
42.333546 40.190109 1.333408 0.116761 0.024361 2.611511 275.200012
42.135460 40.279808 1.333560 0.117758 -0.011764 2.515433 275.309998
41.940529 40.384045 1.333695 0.115983 -0.069978 2.426283 275.424988
41.763916 40.493221 1.317481 0.116799 -0.106031 2.348487 275.540009
41.601837 40.608894 1.287457 0.098351 0.036263 2.292169 275.660004
41.447273 40.736580 1.287417 0.047959 0.147808 2.307426 275.779999
41.293236 40.875988 1.287422 0.048386 0.106787 2.318997 275.894989
41.142609 41.021618 1.287427 0.039748 0.064598 2.327707 276.005005
40.984310 41.181992 1.287431 0.022249 0.039526 2.334938 276.119995
40.839539 41.332321 1.287434 0.005154 0.027024 2.340168 276.225006
40.694309 41.483887 1.287436 -0.007891 -0.007775 2.344369 276.329987
40.550503 41.632771 1.287439 -0.014713 -0.074539 2.347749 276.434998
40.393318 41.792904 1.287441 0.002950 -0.127962 2.331122 276.554993
40.251064 41.937553 1.287442 0.024824 -0.282013 2.211149 276.674988
40.106476 42.081726 1.287442 0.059374 -0.246422 2.048836 276.829987
39.958729 42.219097 1.287442 0.074261 -0.129847 1.797507 277.070007
39.800499 42.344742 1.287442 0.035747 -0.010837 1.174420 277.665009
39.936722 42.197422 1.287442 0.015143 0.204120 -0.764482 279.834991
40.083431 42.054283 1.287442 0.030010 0.090982 -0.794955 279.989990
40.226437 41.910316 1.287442 -0.008414 0.041285 -0.729286 280.130005
40.369938 41.768139 1.287442 0.012870 0.019235 -0.679694 280.265015
40.529667 41.606659 1.287442 0.022247 0.011327 -0.696997 280.415009
40.692390 41.436176 1.287442 0.005919 0.170992 -0.709705 280.565002
40.833965 41.292866 1.287442 -0.095591 0.129378 -0.640064 280.679993
40.986938 41.155903 1.287442 -0.048525 0.082073 -0.597164 280.790009
41.142815 41.026043 1.287442 -0.022926 0.053504 -0.605298 280.894989
41.304092 40.896595 1.287442 -0.099701 0.037112 -0.555142 281.000000
41.496861 40.756798 1.287442 -0.090938 0.030449 -0.493863 281.119995
41.672302 40.643333 1.287442 -0.117589 0.029900 -0.405538 281.225006
41.853439 40.539017 1.287442 -0.035625 0.026788 -0.404755 281.329987
42.037495 40.438541 1.287442 -0.088869 0.025588 -0.368221 281.434998
42.261879 40.329597 1.287442 -0.080296 0.025968 -0.287856 281.559998
42.453621 40.245544 1.277380 -0.000069 0.021102 -0.364690 281.665009
42.645863 40.161541 1.274745 0.018972 0.019380 -0.406556 281.769989
42.837341 40.075367 1.275474 0.009915 0.017649 -0.477547 281.875000
43.018921 39.991447 1.276070 -0.008282 0.019716 -0.476786 281.975006
43.200817 39.907513 1.276582 0.003297 0.018961 -0.476164 282.075012
43.382496 39.822636 1.277016 0.016796 0.017848 -0.475666 282.174988
43.563396 39.735947 1.277388 -0.023217 0.016395 -0.442498 282.274994
43.744873 39.650734 1.277710 -0.011510 0.015738 -0.382994 282.375000
43.926785 39.566750 1.277984 0.008418 0.018279 -0.387835 282.475006
44.108456 39.481926 1.278218 -0.003320 0.018698 -0.390815 282.575012
44.289486 39.395504 1.278419 0.064617 0.016083 -0.488537 282.674988
44.467575 39.303646 1.278591 0.064475 0.016593 -0.580804 282.774994
44.650604 39.200951 1.278747 0.070255 0.019591 -0.672267 282.880005
44.828918 39.091534 1.278878 0.081145 0.023912 -0.754522 282.984985
45.001431 38.974377 1.278991 0.099986 0.030427 -0.831039 283.089996
45.166473 38.847931 1.279085 0.128187 0.038278 -0.908005 283.195007
45.322235 38.710911 1.279166 0.081962 0.025773 -0.925665 283.299988
45.470093 38.567612 1.279234 0.098003 -0.045396 -0.930995 283.404999
45.611774 38.416534 1.279295 0.082597 -0.102737 -0.946481 283.515015
45.742393 38.263199 1.279348 0.063918 -0.021110 -0.966882 283.630005
45.891361 38.071846 1.279401 0.031280 0.117010 -0.951257 283.769989
46.012325 37.908672 1.279435 0.013023 0.087313 -0.942636 283.880005
46.131527 37.745712 1.279463 -0.002818 0.057268 -0.936092 283.984985
46.253868 37.579433 1.279487 -0.013496 0.037481 -0.930839 284.089996
46.379005 37.412216 1.279507 -0.018193 0.025754 -0.926628 284.195007
46.506470 37.245396 1.279524 -0.016033 -0.005386 -0.923270 284.299988
46.650719 37.058392 1.279540 0.050944 -0.080909 -1.000715 284.420013
46.773098 36.894199 1.279553 0.018314 -0.123772 -1.010245 284.529999
46.894745 36.727386 1.279564 0.075470 0.013931 -1.052718 284.649994
47.008553 36.555550 1.279574 0.080684 0.128020 -1.124129 284.769989
47.109764 36.382229 1.279582 0.072340 0.096968 -1.199621 284.880005
47.206295 36.196857 1.279587 0.074711 0.066801 -1.278120 284.989990
47.292023 36.012100 1.279592 0.091145 0.051334 -1.352148 285.095001
47.368866 35.821518 1.279597 0.111289 0.046763 -1.428064 285.200012
47.434086 35.626053 1.279600 0.131142 0.047564 -1.500759 285.304993
47.490490 35.407238 1.279603 0.076885 0.044598 -1.513354 285.420013
47.532578 35.203995 1.279606 0.077167 0.037479 -1.503454 285.524994
47.566582 34.998405 1.279607 0.057415 -0.027732 -1.497628 285.630005
47.594105 34.799683 1.279607 0.041760 -0.237732 -1.591877 285.734985
47.621586 34.600441 1.279607 0.068993 -0.302968 -1.722778 285.859985
47.653351 34.401237 1.279607 0.089259 -0.195225 -1.906039 286.035004
47.692486 34.204464 1.279607 0.077701 -0.077493 -2.214959 286.329987
47.712711 34.005180 1.279607 -0.011659 0.242427 -1.964007 287.089996
47.633884 33.791420 1.279607 -0.006458 0.319292 -1.919970 287.364990
47.563629 33.598320 1.279607 -0.019907 0.232223 -1.905619 287.505005
47.497631 33.408405 1.279607 -0.028712 0.130743 -1.896655 287.619995
47.432766 33.212036 1.279607 -0.031915 0.075009 -1.889815 287.730011
47.371670 33.017334 1.279607 -0.028952 0.045911 -1.884632 287.834991
47.298115 32.771240 1.279607 -0.018870 0.029965 -1.879599 287.964996
47.239967 32.570435 1.279607 -0.010024 0.023855 -1.876424 288.070007
47.182354 32.368828 1.279607 -0.053106 0.019323 -1.835290 288.174988
47.127728 32.166229 1.279607 -0.005572 0.020693 -1.820853 288.279999
47.073631 31.963314 1.279607 0.004757 0.020523 -1.822317 288.385010
47.021370 31.770090 1.279607 0.001665 0.019924 -1.823426 288.484985
46.966660 31.569502 1.279607 -0.004374 -0.150613 -1.865508 288.589996
46.913311 31.371845 1.279607 0.028360 -0.321640 -1.985937 288.704987
46.860729 31.163601 1.279607 0.065947 -0.252463 -2.153486 288.864990
46.818481 30.965864 1.279607 0.077729 -0.125279 -2.404810 289.105011
46.791046 30.767462 1.279607 0.037848 -0.011744 -3.012175 289.684998
46.859959 30.960510 1.279607 0.019268 0.319662 1.273568 292.029999
46.919548 31.163177 1.279607 -0.027685 0.210530 1.234892 292.170013
46.976273 31.358541 1.279607 -0.041514 0.116096 1.192806 292.285004
47.031567 31.558474 1.279607 -0.051718 0.066992 1.206787 292.394989
47.082024 31.756214 1.279607 -0.011595 0.045432 1.215766 292.500000
47.132763 31.955927 1.279607 0.037109 -0.088671 1.150672 292.605011
47.192978 32.182304 1.279607 0.078166 -0.305948 1.014532 292.734985
47.243069 32.376163 1.279607 0.099934 -0.256195 0.862684 292.880005
47.287422 32.573399 1.279607 0.097243 -0.127115 0.627057 293.105011
47.318577 32.771542 1.279607 0.049339 -0.015607 0.108678 293.595001
47.417564 32.593529 1.279607 0.037934 0.320361 -1.285180 295.385010
47.476288 32.396084 1.279607 0.011762 0.206378 -1.361989 295.519989
47.532524 32.200111 1.279607 -0.003299 0.115527 -1.400128 295.635010
47.591934 32.001305 1.279607 -0.042564 0.066870 -1.387760 295.744995
47.661839 31.778620 1.279607 0.040163 0.045462 -1.430191 295.864990
47.720016 31.580013 1.279607 0.052833 0.038127 -1.424875 295.970001
47.772846 31.378496 1.279607 0.074053 0.032143 -1.420409 296.075012
47.818233 31.174463 1.279607 0.077936 0.026243 -1.416773 296.179993
47.855816 30.968493 1.279607 0.063193 0.022447 -1.413872 296.285004
47.887241 30.761242 1.279607 0.037894 0.021092 -1.411567 296.390015
47.915131 30.553291 1.279607 0.012678 0.020650 -1.409708 296.494995
47.943932 30.330877 1.279607 -0.028475 -0.209350 -1.294512 296.609985
47.969204 30.131239 1.279607 -0.066745 -0.313359 -1.168845 296.730011
47.990723 29.930233 1.279607 -0.089643 -0.222187 -0.996052 296.894989
48.003799 29.725906 1.279607 -0.082599 -0.091175 -0.702828 297.174988
47.996246 29.524733 1.279607 -0.011479 0.005097 0.333930 298.165009
48.100697 29.707220 1.279607 0.001412 0.227558 1.132755 299.315002
48.191826 29.890337 1.279607 0.032221 0.098322 1.193455 299.475006
48.291920 30.079521 1.279607 0.007151 0.041147 1.257113 299.625000
48.392136 30.268972 1.279607 -0.037108 0.029172 1.326521 299.769989
48.488708 30.471178 1.279607 -0.076327 0.030323 1.402190 299.920013
48.569633 30.680576 1.279607 -0.098367 0.033098 1.476497 300.070007
48.624729 30.874954 1.279607 -0.101147 0.032415 1.543018 300.204987
48.661510 31.077295 1.279607 -0.108456 0.186271 1.607026 300.339996
48.678696 31.296772 1.279607 -0.021074 0.146336 1.627977 300.470001
48.687145 31.497646 1.279607 -0.030477 -0.035366 1.582855 300.579987
48.692558 31.699238 1.279607 0.001347 -0.263836 1.462424 300.695007
48.694664 31.903685 1.279607 0.046631 -0.272569 1.310575 300.839996
48.689472 32.114929 1.279607 0.071855 -0.147544 1.069712 301.070007
48.670666 32.315224 1.279607 0.046345 -0.025449 0.561806 301.554993
48.626183 32.104916 1.279607 0.017735 0.308261 -1.688094 304.125000
48.607742 31.894964 1.279607 -0.073691 0.191613 -1.691610 304.260010
48.597450 31.688999 1.279607 -0.044743 0.110547 -1.685290 304.375000
48.591129 31.480091 1.279607 -0.005095 0.066106 -1.680554 304.484985
48.584229 31.275473 1.279607 0.075908 0.045119 -1.722929 304.589996
48.570667 31.069027 1.279607 0.090231 0.036852 -1.761427 304.695007
48.548531 30.862280 1.279607 0.099971 0.032526 -1.805615 304.799988
48.516438 30.656469 1.279607 0.033908 0.028010 -1.831310 304.904999
48.477585 30.441175 1.279607 0.013813 0.025525 -1.820838 305.015015
48.438282 30.235512 1.279607 0.014523 0.023486 -1.812825 305.119995
48.396946 30.029892 1.279607 0.013930 0.021775 -1.806353 305.225006
48.353710 29.824457 1.279607 0.010057 0.021192 -1.801116 305.329987
48.311195 29.628946 1.279607 0.004136 0.020374 -1.797145 305.429993
48.265839 29.424011 1.279607 0.001602 -0.060111 -1.836838 305.535004
48.220608 29.220591 1.279607 0.032036 -0.280111 -1.952023 305.644989
48.178383 29.023701 1.279607 0.068724 -0.300581 -2.088151 305.774994
48.141064 28.823545 1.279607 0.088303 -0.181453 -2.287106 305.964996
48.114159 28.624456 1.279607 0.069646 -0.057289 -2.648368 306.309998
48.093979 28.423861 1.279607 -0.014283 0.312243 -1.648857 307.875000
48.081142 28.214809 1.279607 -0.013468 0.318931 -1.601247 308.114990
48.074158 28.002106 1.279607 0.018224 0.218788 -1.536111 308.260010
48.067036 27.801546 1.279607 0.064783 0.125547 -1.547750 308.375000
48.053417 27.596081 1.279607 0.033142 0.076951 -1.556623 308.484985
48.037083 27.393452 1.279607 -0.001909 0.051678 -1.563341 308.589996
48.021187 27.187429 1.279607 -0.027599 0.037018 -1.568753 308.695007
48.008331 26.979548 1.279607 -0.040759 0.028713 -1.573077 308.799988
47.998653 26.730852 1.279607 -0.037858 0.024537 -1.577120 308.924988
47.994930 26.521385 1.279607 -0.026322 0.022970 -1.579810 309.029999
47.994785 26.311657 1.279607 -0.083824 0.020277 -1.516627 309.135010
48.003044 26.102404 1.279607 -0.092543 0.022262 -1.419142 309.239990
48.024666 25.864779 1.279607 -0.081107 0.025438 -1.321044 309.359985
48.053585 25.658606 1.279607 -0.049003 0.027545 -1.262861 309.464996
48.088501 25.453270 1.279607 -0.017095 0.028728 -1.275548 309.570007
48.130226 25.228180 1.279607 -0.034595 0.027845 -1.285007 309.684998
48.172829 25.022989 1.279607 -0.025370 0.023467 -1.303285 309.790009
48.217155 24.817949 1.279607 0.047374 0.017599 -1.422350 309.894989
48.256802 24.612410 1.279607 0.032778 0.019261 -1.503400 310.000000
48.293251 24.406586 1.279607 -0.001453 0.022698 -1.495079 310.105011
48.334660 24.170929 1.279607 0.022246 0.024564 -1.487539 310.225006
48.368610 23.964024 1.279607 0.039648 0.024097 -1.482280 310.329987
48.398521 23.756336 1.279607 0.044894 0.022440 -1.478105 310.434998
48.423859 23.547987 1.279607 0.038791 0.020695 -1.474760 310.540009
48.444309 23.339155 1.279607 0.100361 0.019486 -1.543708 310.644989
48.456600 23.100199 1.279607 0.021803 0.021742 -1.577110 310.765015
48.463726 22.890987 1.279607 -0.006937 0.021820 -1.568101 310.869995
48.471447 22.681606 1.279607 -0.009948 0.021258 -1.560964 310.975006
48.480209 22.472132 1.279607 -0.006855 0.021141 -1.555163 311.079987
48.489685 22.262606 1.279607 -0.001986 0.021126 -1.550559 311.184998
48.499378 22.053032 1.279607 0.002105 0.020697 -1.546860 311.290009
48.508884 21.843397 1.279607 0.004768 0.020784 -1.543894 311.394989
48.517933 21.633715 1.279607 0.005740 0.019733 -1.541499 311.500000
48.527225 21.404070 1.279607 0.004957 0.020291 -1.539432 311.614990
48.535233 21.194363 1.279607 0.003322 0.020737 -1.537922 311.720001
48.542950 20.984610 1.279607 0.001561 0.020833 -1.536712 311.825012
48.550560 20.774811 1.279607 0.000050 0.020822 -1.535742 311.929993
48.560101 20.515053 1.279607 -0.000991 0.020455 -1.534802 312.059998
48.568382 20.295258 1.279607 -0.001167 0.020119 -1.534184 312.170013
48.576488 20.085493 1.279607 -0.000866 0.020222 -1.533713 312.274994
48.584763 19.875765 1.279607 -0.000239 0.020565 -1.533336 312.380005
48.593136 19.666021 1.279607 0.000432 0.020199 -1.533034 312.484985
48.601547 19.456284 1.279607 0.001021 0.020281 -1.532790 312.589996
48.607857 19.246595 1.279607 0.018702 0.020615 -1.579380 312.695007
48.611801 19.036926 1.279607 0.005618 0.021230 -1.576978 312.799988
48.615032 18.827168 1.279607 0.006726 0.020938 -1.575038 312.904999
48.617805 18.587391 1.279607 0.008344 0.020556 -1.573281 313.024994
48.619278 18.377577 1.279607 0.007503 0.021142 -1.572071 313.130005
48.619946 18.167707 1.279607 0.005293 0.020651 -1.571101 313.234985
48.621891 17.957930 1.279607 -0.077644 0.019331 -1.480389 313.339996
48.631874 17.688856 1.279607 -0.003592 0.021683 -1.481277 313.475006
48.640961 17.479542 1.279607 -0.009434 0.022700 -1.484278 313.579987
48.651333 17.270096 1.279607 -0.007144 0.021654 -1.492174 313.684998
48.661057 17.060589 1.279607 0.006066 0.019932 -1.553834 313.790009
48.669689 16.851086 1.279607 -0.007283 0.020795 -1.554125 313.894989
48.678898 16.641548 1.279607 0.004205 0.020876 -1.554358 314.000000
48.687614 16.431910 1.279607 0.015118 0.020954 -1.554544 314.105011
48.694759 16.222160 1.279607 0.019489 0.021126 -1.554690 314.209991
48.700264 15.992313 1.279607 0.017737 0.021169 -1.554823 314.325012
48.703327 15.782358 1.279607 0.012601 0.020717 -1.554920 314.429993
48.705032 15.582355 1.279607 0.006235 0.020614 -1.554992 314.529999
48.705933 15.382322 1.279607 0.053099 0.019452 -1.594106 314.630005
48.702171 15.172525 1.279607 0.013417 0.020243 -1.637922 314.734985
48.696278 14.962891 1.279607 -0.013696 0.020989 -1.630924 314.839996
48.691540 14.753153 1.279607 -0.010820 0.020566 -1.625349 314.945007
48.687618 14.533361 1.279607 -0.002510 0.020480 -1.620643 315.054993
48.683662 14.303547 1.279607 0.005332 0.021121 -1.616756 315.170013
48.679379 14.093669 1.279607 0.008955 0.020402 -1.613943 315.274994
48.674042 13.883821 1.279607 0.009321 0.020658 -1.611661 315.380005
48.667656 13.673997 1.279607 0.007272 0.020691 -1.609854 315.484985
48.660027 13.464180 1.279607 0.055872 0.020400 -1.652117 315.589996
48.649014 13.254587 1.279607 -0.003251 0.020332 -1.644631 315.695007
48.637966 13.044969 1.279607 -0.014451 0.020025 -1.638624 315.799988
48.628262 12.835285 1.279607 -0.013419 0.020283 -1.633803 315.904999
48.619835 12.625534 1.279607 -0.008856 0.020070 -1.629955 316.010010
48.611485 12.395770 1.279607 -0.003139 0.019728 -1.626612 316.125000
48.602791 12.186155 1.279607 0.024696 0.019833 -1.665787 316.230011
48.591263 11.976854 1.279607 0.009364 0.020750 -1.662601 316.334991
48.578403 11.767596 1.279607 0.011468 0.021121 -1.660026 316.440002
48.564121 11.558342 1.279607 0.012442 0.021495 -1.657978 316.545013
48.545673 11.349477 1.279607 0.092745 0.021505 -1.757906 316.649994
48.512791 11.112778 1.279607 0.047526 0.023238 -1.830098 316.769989
48.476513 10.907104 1.279607 0.022036 0.024481 -1.853630 316.875000
48.435162 10.691988 1.279607 0.004107 0.023955 -1.843262 316.984985
48.394436 10.486479 1.279607 0.013056 0.022826 -1.835267 317.089996
48.351761 10.281108 1.279607 0.020548 0.021972 -1.828861 317.195007
48.306477 10.076146 1.279607 0.021041 0.020574 -1.823723 317.299988
48.251583 9.842498 1.279607 0.013970 0.020059 -1.819071 317.420013
48.203953 9.648135 1.279607 0.005667 0.019421 -1.815990 317.519989
48.155151 9.454014 1.279607 0.055135 0.018874 -1.859075 317.619995
48.098431 9.251866 1.279607 0.075613 0.019767 -1.951737 317.725006
48.033840 9.052624 1.279607 0.017475 0.020056 -1.992843 317.829987
47.966156 8.854409 1.279607 -0.003901 0.021697 -1.982232 317.934998
47.897953 8.655956 1.279607 0.007418 0.020938 -1.974697 318.040009
47.831612 8.467138 1.279607 0.019032 0.020192 -1.968891 318.140015
47.763023 8.278971 1.279607 0.023629 0.019803 -1.964219 318.239990
47.680950 8.063642 1.279607 0.020165 0.018732 -1.959918 318.355011
47.592224 7.840044 1.279607 0.010744 0.018485 -1.956412 318.475006
47.516792 7.654223 1.279607 0.001580 0.018432 -1.954069 318.575012
47.440891 7.468524 1.279607 -0.006482 0.017632 -1.952189 318.674988
47.365246 7.282719 1.279607 -0.011867 0.017489 -1.950659 318.774994
47.290337 7.096633 1.279607 -0.014440 0.016785 -1.949422 318.875000
47.216393 6.910228 1.279607 -0.014184 0.016642 -1.948411 318.975006
47.143330 6.723518 1.279607 -0.010889 0.017990 -1.947595 319.075012
47.070877 6.536542 1.279607 -0.007805 0.017427 -1.946930 319.174988
46.998741 6.349452 1.279607 -0.004214 0.018030 -1.946386 319.274994
46.928368 6.161773 1.279607 -0.028492 0.017639 -1.891142 319.375000
46.856972 5.963889 1.279607 -0.000974 0.018489 -1.894689 319.480011
46.788876 5.775389 1.279607 -0.001274 0.019068 -1.897355 319.579987
46.720592 5.586882 1.279607 -0.005083 0.018072 -1.899522 319.679993
46.652451 5.398295 1.279607 -0.008745 0.017688 -1.901259 319.779999
46.584778 5.209548 1.279607 -0.010347 0.017660 -1.902681 319.880005
46.516003 5.021340 1.279607 0.073578 0.015447 -2.000316 319.980011
46.436737 4.827144 1.279607 0.087522 0.019517 -2.099132 320.084991
46.348442 4.637752 1.279607 0.095400 0.025124 -2.190677 320.190002
46.250401 4.453956 1.279607 0.110463 0.032012 -2.274729 320.295013
46.141571 4.276901 1.279607 0.121643 0.036780 -2.354419 320.399994
46.021275 4.108138 1.279607 0.131309 0.005683 -2.432419 320.505005
45.879135 3.936793 1.279607 0.140988 0.035318 -2.512353 320.619995
45.738171 3.792646 1.279607 0.146888 0.063023 -2.584761 320.725006
45.584305 3.659448 1.279607 0.141494 0.058055 -2.655120 320.829987
45.419594 3.536437 1.279607 0.118132 0.048331 -2.693572 320.934998
45.247051 3.421369 1.279607 0.049067 0.036699 -2.685654 321.040009
45.042850 3.298052 1.279607 0.082647 0.030909 -2.752142 321.160004
44.858967 3.197940 1.279607 0.035191 0.025770 -2.739154 321.265015
44.681583 3.105484 1.279607 0.029897 0.022755 -2.729178 321.364990
44.502590 3.015242 1.279607 0.026918 0.019656 -2.721121 321.464996
44.313362 2.922565 1.279607 0.019828 0.018437 -2.714259 321.570007
44.132244 2.835873 1.279607 0.062302 0.017823 -2.741934 321.670013
43.939785 2.750295 1.279607 0.091708 0.019055 -2.835942 321.774994
43.744286 2.673685 1.279607 0.088436 0.022571 -2.922728 321.880005
43.546242 2.606173 1.279607 0.090864 0.026103 -3.004475 321.984985
43.346302 2.545936 1.279607 0.018804 0.025934 -2.994331 322.089996
43.145180 2.488186 1.279607 0.031721 0.026825 -2.982394 322.195007
42.923332 2.428663 1.279607 0.047160 0.025158 -2.971958 322.309998
42.709518 2.376923 1.279607 0.048336 0.022435 -2.964028 322.420013
42.514015 2.334451 1.279607 0.039465 0.020368 -2.958255 322.519989
42.317772 2.295463 1.279607 0.024575 0.020002 -2.953581 322.619995
42.110989 2.258514 1.279607 0.086559 0.020482 -3.035339 322.725006
41.883442 2.227464 1.279607 0.016878 0.020603 -3.084381 322.839996
41.655586 2.199529 1.279607 -0.008112 0.021376 -3.074977 322.954987
41.447491 2.173187 1.279607 -0.000070 0.021345 -3.068056 323.059998
41.239235 2.146790 1.279607 0.010435 0.021299 -3.062468 323.165009
41.030781 2.121377 1.279607 0.016690 0.020627 -3.057970 323.269989
40.832039 2.098840 1.279607 0.067974 0.020432 -3.088007 323.369995
40.623058 2.079725 1.279607 0.015070 0.020262 -3.089179 323.475006
40.403969 2.062028 1.279607 0.036637 0.021855 -3.117667 323.584991
40.194653 2.047448 1.279607 -0.009337 0.019816 -3.107053 323.690002
39.985386 2.032011 1.279607 -0.014414 0.020211 -3.098409 323.795013
39.776196 2.015028 1.279607 -0.010045 0.020211 -3.091455 323.899994
39.567032 1.996919 1.279607 -0.003461 0.020653 -3.085878 324.005005
39.337948 1.976588 1.279607 0.002958 0.020629 -3.081022 324.119995
39.118824 1.957353 1.279607 0.006797 0.020378 -3.077328 324.230011
38.909557 1.941370 1.279607 0.027570 0.020249 -3.119487 324.334991
38.660316 1.926676 1.279607 0.032648 0.020840 3.129765 324.459991
38.440922 1.916598 1.279607 -0.003291 0.021070 3.138435 324.570007
38.211449 1.905930 1.279607 -0.000087 0.021270 -3.137389 324.684998
38.001827 1.896211 1.279607 0.005896 0.020192 -3.132053 324.790009
37.792183 1.887144 1.279607 0.010058 0.020117 -3.127798 324.894989
37.582539 1.879120 1.279607 0.010853 0.020259 -3.124339 325.000000
37.372837 1.872197 1.279607 0.008666 0.020664 -3.121581 325.105011
37.143139 1.865613 1.279607 0.005065 0.020266 -3.119178 325.220001
36.933414 1.860126 1.279607 0.001325 0.020574 -3.117426 325.325012
36.723690 1.854735 1.279607 -0.001511 0.020330 -3.116018 325.429993
36.513954 1.849130 1.279607 -0.003172 0.020966 -3.114882 325.535004
36.274178 1.842241 1.279607 -0.003400 0.020815 -3.113867 325.654999
36.054382 1.835448 1.279607 -0.002519 0.020159 -3.113133 325.765015
35.844578 1.828632 1.279607 -0.001187 0.020073 -3.112567 325.869995
35.634781 1.821639 1.279607 0.000240 0.020050 -3.112117 325.975006
35.425056 1.814618 1.279607 0.001384 0.020145 -3.111761 326.079987
35.215290 1.807684 1.279607 0.001977 0.020249 -3.111467 326.184998
35.005539 1.800900 1.279607 0.002108 0.020251 -3.111238 326.290009
34.795815 1.794274 1.279607 0.001897 0.019854 -3.111048 326.394989
34.586090 1.787779 1.279607 0.001368 0.020253 -3.110900 326.500000
34.376366 1.781361 1.279607 0.000812 0.020245 -3.110783 326.605011
34.136681 1.774049 1.279607 0.000314 0.020393 -3.110676 326.725006
33.926956 1.767622 1.279607 0.000075 0.020815 -3.110596 326.829987
33.717232 1.761137 1.279607 0.000028 0.020679 -3.110534 326.934998
33.477547 1.753651 1.279607 0.000157 0.020709 -3.110478 327.054993
33.237770 1.746102 1.279607 0.000388 0.020108 -3.110432 327.174988
33.028004 1.739470 1.279607 0.000578 0.020517 -3.110410 327.279999
32.818214 1.732836 1.279607 0.000742 0.020347 -3.110390 327.385010
32.608410 1.726215 1.279607 0.000828 0.020252 -3.110370 327.489990
32.398605 1.719626 1.279607 0.019685 0.019187 -3.121173 327.595001
32.188953 1.715750 1.279607 0.021449 0.020558 3.116393 327.700012
31.980556 1.715563 1.279607 0.101220 -0.102158 2.989135 327.804993
31.758993 1.725435 1.279607 0.113846 -0.107753 2.855100 327.924988
31.534491 1.750592 1.279607 0.116849 -0.038688 2.772265 328.059998
31.333984 1.790701 1.279607 0.109101 -0.000520 2.707369 328.190002
31.128756 1.851984 1.279607 0.095598 0.016296 2.637080 328.329987
30.931797 1.930597 1.279607 0.080426 0.020360 2.568661 328.470001
30.728397 2.030897 1.279607 0.036736 0.018477 2.520451 328.619995
30.528278 2.139071 1.297295 -0.060121 0.007427 2.657639 328.769989
30.344507 2.228409 1.297313 -0.038739 0.009894 2.835177 328.904999
30.158339 2.311193 1.297293 -0.063244 0.013735 2.904596 329.040009
29.969587 2.386928 1.297276 -0.064098 0.021239 2.983785 329.174988
29.769857 2.453540 1.297263 -0.078356 0.025781 3.058830 329.315002
29.551306 2.508472 1.297252 -0.085025 0.027681 3.134157 329.464996
29.351345 2.541929 1.297242 -0.084303 0.027622 -3.083334 329.600006
29.149275 2.561162 1.297236 -0.036455 0.023697 -3.075461 329.734985
28.938026 2.572990 1.297229 -0.032782 0.018616 -3.090199 329.875000
28.733366 2.578293 1.297226 -0.029516 0.035377 -3.100962 330.010010
28.527084 2.578081 1.297223 -0.020989 0.168527 -3.108753 330.140015
28.324806 2.574273 1.297220 -0.011282 0.120862 -3.114100 330.255005
28.099588 2.568395 1.297217 0.001007 0.074051 -3.118470 330.375000
27.896185 2.563135 1.297215 0.008420 0.025383 -3.121474 330.480011
27.692823 2.559139 1.297213 0.047377 -0.019646 3.115530 330.584991
27.491713 2.558573 1.297213 0.008903 0.046320 3.119821 330.690002
27.288074 2.559205 1.297213 0.001959 0.045736 3.123336 330.795013
27.081766 2.560154 1.297213 0.000278 0.035705 3.126156 330.899994
26.873774 2.561193 1.297213 -0.000453 0.028995 3.128417 331.005005
26.634951 2.562369 1.297213 -0.000861 0.024102 3.130462 331.125000
26.425499 2.563334 1.297213 -0.000961 0.022569 3.131883 331.230011
26.185820 2.564342 1.297213 -0.000824 0.021601 3.133152 331.350006
25.946171 2.565261 1.297213 -0.000455 0.002244 3.134141 331.470001
25.738567 2.566015 1.297213 -0.000208 0.006614 3.134837 331.575012
25.532471 2.564659 1.297213 -0.079272 0.030632 -3.053898 331.679993
25.326069 2.555041 1.297213 -0.045596 0.031935 -2.983077 331.785004
25.119110 2.540209 1.297213 0.005836 0.028799 -2.994094 331.890015
24.911198 2.525139 1.297213 -0.000073 0.026787 -3.003044 331.994995
24.702621 2.509565 1.297213 -0.010478 0.024109 -3.010268 332.100006
24.473890 2.490786 1.297213 -0.016908 0.022947 -3.016493 332.214996
24.255066 2.470514 1.297213 -0.016197 0.021562 -3.021224 332.325012
24.046276 2.449142 1.297213 -0.011555 0.020846 -3.024860 332.429993
23.837606 2.426318 1.297213 -0.005380 0.019510 -3.027786 332.535004
23.609175 2.400518 1.297213 0.002978 0.020686 -3.030271 332.649994
23.360821 2.372616 1.297213 0.007787 0.020555 -3.032407 332.774994
23.152081 2.349826 1.297213 0.009424 0.020006 -3.033827 332.880005
22.943251 2.327816 1.297213 0.009063 0.019397 -3.034962 332.984985
22.734371 2.306535 1.297213 0.006917 0.019819 -3.035868 333.089996
22.525448 2.285758 1.297213 0.004072 0.020096 -3.036590 333.195007
22.316498 2.265196 1.297213 0.001698 0.019658 -3.037172 333.299988
22.077730 2.241644 1.297213 -0.000257 0.019869 -3.037700 333.420013
21.868862 2.220803 1.297213 -0.000945 0.020211 -3.038064 333.524994
21.660034 2.199666 1.297213 -0.000750 0.020246 -3.038354 333.630005
21.451210 2.178251 1.297213 -0.000018 0.020726 -3.038590 333.734985
21.242367 2.156636 1.297213 0.001009 0.019952 -3.038783 333.839996
21.033531 2.134933 1.297213 0.001909 0.020451 -3.038935 333.945007
20.824701 2.113242 1.297213 0.002606 0.019957 -3.039064 334.049988
20.595964 2.089577 1.297213 0.002950 0.019918 -3.039169 334.165009
20.387115 2.068089 1.297213 0.002898 0.019886 -3.039243 334.269989
20.178263 2.046708 1.297213 0.002533 0.020545 -3.039303 334.375000
19.969364 2.025397 1.297213 0.002248 0.019901 -3.039346 334.480011
19.760481 2.004125 1.297213 0.001947 0.019333 -3.039386 334.584991
19.551638 1.982864 1.297213 0.001649 0.019582 -3.039418 334.690002
19.342834 1.961580 1.297213 0.001392 0.020612 -3.039438 334.795013
19.133989 1.940245 1.297213 0.001404 0.020358 -3.039458 334.899994
18.895266 1.915799 1.297213 0.001537 0.020232 -3.039481 335.019989
18.676435 1.893352 1.297213 0.001712 0.020140 -3.039502 335.130005
18.467537 1.871908 1.297213 0.001808 0.020775 -3.039506 335.234985
18.268562 1.851482 1.297213 0.001955 0.020289 -3.039506 335.334991
18.069603 1.831072 1.297213 0.002071 0.019614 -3.039506 335.434998
17.860720 1.809666 1.297213 0.001988 0.020437 -3.039506 335.540009
17.651836 1.788278 1.297213 0.001991 0.019903 -3.039506 335.644989
17.423065 1.764868 1.297213 0.001890 0.020175 -3.039506 335.760010
17.214169 1.743496 1.297213 0.001824 0.020280 -3.039506 335.864990
17.005245 1.722118 1.297213 0.001838 0.019743 -3.039506 335.970001
16.796349 1.700740 1.297213 0.001773 0.020293 -3.039506 336.075012
16.587465 1.679357 1.297213 0.001841 0.019538 -3.039506 336.179993
16.378582 1.657972 1.297213 0.001817 0.019904 -3.039506 336.285004
16.169701 1.636582 1.297213 0.001862 0.019571 -3.039506 336.390015
15.960855 1.615193 1.297213 0.001791 0.020565 -3.039506 336.494995
15.751969 1.593750 1.297213 -0.031768 0.019191 -3.017818 336.600006
15.543828 1.568185 1.297213 -0.088317 0.019553 -2.910262 336.704987
15.337899 1.533072 1.297213 -0.096950 0.024897 -2.813801 336.809998
15.134863 1.487248 1.297213 -0.101227 0.030630 -2.728373 336.915009
14.935263 1.430115 1.297213 -0.110769 0.035487 -2.647148 337.019989
14.739163 1.362199 1.297213 -0.043409 0.034406 -2.641952 337.125000
14.544306 1.288105 1.297213 -0.046650 0.031037 -2.652919 337.230011
14.350782 1.208286 1.297213 -0.053025 0.026728 -2.661790 337.334991
14.150133 1.118281 1.297213 -0.047095 0.021770 -2.669143 337.445007
13.933657 1.013811 1.297213 -0.028193 0.019249 -2.675506 337.565002
13.736667 0.914400 1.297213 -0.008554 0.017680 -2.680129 337.674988
13.558003 0.822891 1.297213 0.007501 0.017486 -2.683511 337.774994
13.379042 0.731784 1.297213 0.019291 0.017305 -2.686221 337.875000
13.199329 0.642041 1.297213 0.024281 0.016406 -2.688416 337.975006
13.018754 0.554072 1.297213 0.023603 0.015946 -2.690203 338.075012
12.828189 0.463823 1.297213 0.075588 0.015738 -2.736308 338.179993
12.644366 0.383710 1.297213 0.040355 0.016790 -2.792694 338.279999
12.459113 0.307535 1.297213 0.054321 0.018613 -2.821327 338.380005
12.272726 0.234497 1.297213 0.047564 0.019557 -2.850813 338.480011
12.075454 0.162645 1.297213 0.032392 0.019790 -2.904116 338.584991
11.876527 0.096836 1.297213 0.094055 0.023282 -2.990573 338.690002
11.675560 0.040610 1.297213 0.060183 0.029052 -3.036464 338.795013
11.472751 -0.008691 1.297213 0.042072 0.029106 -3.025434 338.899994
11.268337 -0.053453 1.297213 0.083753 0.026531 -3.036732 339.005005
11.032808 -0.094384 1.297213 0.065106 0.026369 -3.065904 339.125000
10.825394 -0.122242 1.297213 0.050425 0.024494 -3.060658 339.230011
10.617072 -0.144888 1.297213 0.037383 0.022351 -3.056503 339.334991
10.378317 -0.166213 1.297213 0.020209 0.020845 -3.052730 339.454987
10.159172 -0.183475 1.297213 0.003331 0.020647 -3.050012 339.565002
9.949912 -0.199773 1.297213 -0.008559 0.020254 -3.047940 339.670013
9.740732 -0.217175 1.297213 -0.014882 0.020269 -3.046282 339.774994
9.531693 -0.236333 1.297213 -0.015590 0.020325 -3.044955 339.880005
9.322793 -0.257294 1.297213 -0.012220 0.019939 -3.043889 339.984985
9.114027 -0.279668 1.297213 -0.006535 0.019368 -3.043040 340.089996
8.905371 -0.302850 1.297213 0.000154 0.020227 -3.042353 340.195007
8.696746 -0.326190 1.297213 0.004926 0.020328 -3.041803 340.299988
8.468211 -0.351344 1.297213 0.008059 0.019557 -3.041323 340.415009
8.249564 -0.374670 1.297213 0.008202 0.020680 -3.040957 340.524994
8.040751 -0.396240 1.297213 0.007263 0.019573 -3.040677 340.630005
7.831897 -0.417255 1.297213 0.004676 0.020543 -3.040456 340.734985
7.583199 -0.441905 1.297213 0.001984 0.020270 -3.040245 340.859985
7.374274 -0.462582 1.297213 0.000466 0.020042 -3.040106 340.964996
7.165380 -0.483404 1.297213 -0.000434 0.020139 -3.039993 341.070007
6.956522 -0.504466 1.297213 -0.000569 0.020001 -3.039908 341.174988
6.747640 -0.524099 1.297213 0.029942 0.019487 -3.096592 341.279999
6.538640 -0.540476 1.297213 0.013856 0.021181 -3.096952 341.385010
6.329444 -0.555242 1.297213 0.019012 0.021294 -3.097246 341.489990
6.120107 -0.567980 1.297213 0.059323 -0.019780 -3.140641 341.595001
5.917572 -0.574011 1.297213 0.118674 -0.134099 2.977410 341.700012
5.698456 -0.566943 1.297213 0.137746 -0.072809 2.871957 341.825012
5.482420 -0.539725 1.297213 0.131034 -0.015824 2.785331 341.959991
5.286923 -0.493874 1.297213 0.112463 0.009645 2.708470 342.089996
5.092481 -0.428120 1.297213 0.087100 0.018269 2.636821 342.225006
4.904566 -0.347483 1.297213 0.065404 0.018113 2.571851 342.359985
4.721853 -0.255678 1.297213 0.019723 0.015711 2.538788 342.494995
4.540992 -0.158793 1.297213 0.003583 0.064503 2.552682 342.630005
4.327438 -0.040795 1.297213 0.010148 0.160024 2.564361 342.779999
4.146955 0.062883 1.297213 0.018287 0.104068 2.571119 342.894989
3.974810 0.165098 1.297213 0.017843 0.063356 2.575990 343.000000
3.799336 0.272026 1.297213 0.011778 0.040336 2.579888 343.105011
3.622329 0.381737 1.297213 0.003784 0.028624 2.583039 343.209991
3.435988 0.498097 1.297213 -0.003930 0.021593 2.585679 343.320007
3.265972 0.604153 1.297213 -0.009183 0.019148 2.587608 343.420013
3.095339 0.709885 1.297213 -0.011542 0.017746 2.589158 343.519989
2.915521 0.820265 1.297213 -0.011383 0.016652 2.590482 343.625000
2.743759 0.924732 1.297213 -0.009877 0.015634 2.591509 343.725006
2.570860 1.027125 1.297213 -0.028078 0.015897 2.640491 343.825012
2.387069 1.130317 1.297213 -0.086257 0.017553 2.728896 343.929993
2.208771 1.221450 1.297213 -0.038350 0.019159 2.780121 344.029999
2.028795 1.308808 1.297213 -0.058745 0.020645 2.812013 344.130005
1.837765 1.395502 1.297213 -0.034848 0.021304 2.854237 344.234985
1.645087 1.478361 1.297213 -0.016670 0.022987 2.840428 344.339996
1.413155 1.571095 1.297213 -0.072581 0.025415 2.915751 344.464996
1.215576 1.641316 1.297213 -0.032827 0.024165 2.903918 344.570007
1.016612 1.708383 1.297213 0.017487 0.018280 2.853376 344.674988
0.826950 1.772100 1.318952 -0.023815 0.019871 2.837240 344.774994
0.636659 1.834231 1.319225 -0.027508 0.018671 2.833910 344.875000
0.445667 1.894382 1.319434 -0.014908 0.019177 2.831224 344.975006
0.254307 1.953644 1.319610 -0.002052 0.019394 2.829059 345.075012
0.063730 2.014930 1.319763 0.109558 0.015433 2.708290 345.174988
-0.122094 2.085665 1.343264 0.060645 -0.049867 2.702747 345.274994
-0.306759 2.163121 1.343407 -0.048994 -0.139308 2.794607 345.380005
-0.493449 2.239670 1.343526 -0.009081 -0.089425 2.795684 345.494995
-0.682559 2.316607 1.343530 -0.019292 -0.281090 2.879103 345.625000
-0.869629 2.396685 1.343530 -0.053819 -0.218240 3.062352 345.799988
-1.049927 2.484293 1.343530 -0.065056 -0.092357 -2.911929 346.095001
-1.244189 2.435416 1.343530 -0.011392 0.297476 -1.756396 347.535004
-1.274861 2.218354 1.343530 0.027348 0.119726 -1.623876 347.720001
-1.304154 2.018186 1.343530 0.035041 0.048955 -1.551382 347.864990
-1.337485 1.816501 1.343530 -0.008609 0.030863 -1.494591 348.005005
-1.369247 1.603543 1.343530 -0.049724 0.029535 -1.433401 348.149994
-1.386742 1.403541 1.343530 -0.126497 0.037912 -1.293206 348.285004
-1.380066 1.197916 1.343530 -0.142511 0.050975 -1.138200 348.424988
-1.342540 0.989979 1.343530 -0.140790 0.056235 -0.989265 348.570007
-1.272005 0.783397 1.343530 -0.126008 0.055265 -0.849405 348.720001
-1.172591 0.588356 1.343530 -0.122872 0.052571 -0.704524 348.869995
-1.042844 0.402442 1.343530 -0.116748 0.050501 -0.563169 349.024994
-0.899530 0.245729 1.343530 -0.126134 0.051960 -0.422592 349.170013
-0.737162 0.108880 1.343530 -0.087727 0.049800 -0.334706 349.315002
-0.560161 -0.012120 1.343530 -0.084329 0.041813 -0.295916 349.459991
-0.384810 -0.111116 1.343530 -0.127419 0.037919 -0.207990 349.595001
-0.200138 -0.189798 1.343530 -0.134411 0.040706 -0.063711 349.730011
-0.001223 -0.247992 1.343530 -0.093237 0.039247 0.026148 349.869995
0.195436 -0.286572 1.343530 -0.080191 0.036294 0.075335 350.005005
0.395436 -0.310216 1.343530 -0.084556 0.032894 0.131434 350.140015
0.597245 -0.318180 1.343530 -0.086225 0.030499 0.191688 350.274994
0.806904 -0.309540 1.343530 -0.080704 0.027900 0.256494 350.415009
1.008570 -0.287035 1.343530 -0.027605 0.021863 0.257156 350.549988
1.210485 -0.257946 1.343530 -0.022408 0.017092 0.240618 350.684998
1.412454 -0.224276 1.343530 -0.018064 0.064914 0.228235 350.820007
1.609341 -0.187487 1.343530 -0.012084 0.170686 0.219406 350.945007
1.809336 -0.147461 1.343530 -0.005318 0.117534 0.213130 351.059998
2.012332 -0.105665 1.343530 0.002041 0.072163 0.208405 351.170013
2.212001 -0.064434 1.343530 0.007969 0.048067 0.204776 351.274994
2.424577 -0.021133 1.343530 0.011667 0.033025 0.201746 351.385010
2.629224 0.019604 1.343530 0.012649 0.025355 0.199437 351.489990
2.834584 0.060313 1.343530 -0.059440 0.022653 0.260403 351.595001
3.038682 0.106969 1.343530 -0.075728 0.022303 0.352378 351.700012
3.249697 0.164829 1.343530 -0.081356 0.025205 0.441588 351.809998
3.466383 0.235939 1.343530 -0.095661 0.030512 0.530261 351.924988
3.659661 0.311818 1.343530 -0.114779 0.036594 0.610120 352.029999
3.848159 0.398567 1.343530 -0.050590 0.035856 0.611814 352.135010
4.069853 0.510630 1.343530 -0.053175 0.030988 0.595998 352.260010
4.279797 0.626347 1.343530 -0.054157 0.024410 0.584351 352.380005
4.452137 0.728478 1.343530 -0.042438 0.021088 0.576579 352.480011
4.622512 0.834539 1.343530 -0.024545 0.018352 0.570353 352.579987
4.800152 0.948352 1.343530 -0.005090 0.016903 0.565051 352.684998
4.969864 1.055831 1.343530 0.088705 0.013322 0.466747 352.785004
5.142947 1.156319 1.343530 0.046807 0.019265 0.422193 352.885010
5.327217 1.257040 1.343530 0.034408 0.022299 0.425209 352.989990
5.504597 1.350091 1.343530 0.042287 0.020032 0.427499 353.089996
5.683889 1.439806 1.343530 0.043304 0.018400 0.429360 353.190002
5.864928 1.526106 1.343530 0.037464 0.017034 0.430882 353.290009
6.047320 1.609585 1.343530 0.024274 0.017850 0.432117 353.390015
6.230547 1.691391 1.343530 0.010922 0.017098 0.433107 353.489990
6.414041 1.772653 1.343530 0.000813 0.016558 0.433920 353.589996
6.597353 1.854274 1.343530 -0.007477 0.017318 0.434569 353.690002
6.780210 1.936921 1.343530 -0.020047 0.017409 0.440088 353.790009
6.961230 2.023170 1.343530 -0.093353 0.016644 0.541670 353.890015
7.146227 2.122331 1.343530 -0.096310 0.021189 0.636430 353.994995
7.325237 2.230705 1.343530 -0.097517 0.025577 0.723946 354.100006
7.497841 2.348107 1.343530 -0.101361 0.029209 0.803994 354.204987
7.663204 2.474768 1.343530 -0.117493 0.034722 0.883214 354.309998
7.834198 2.625112 1.343530 -0.130945 0.039496 0.966461 354.424988
7.980546 2.772744 1.343530 -0.117944 0.039339 1.006100 354.529999
8.117249 2.929639 1.343530 -0.142430 0.040207 1.081602 354.635010
8.243465 3.095347 1.343530 -0.061671 0.034298 1.073316 354.739990
8.372920 3.284190 1.343530 -0.103835 0.031934 1.141032 354.855011
8.487112 3.471529 1.343530 -0.048642 0.026787 1.127347 354.964996
8.590261 3.654410 1.343530 -0.116829 0.025765 1.193432 355.070007
8.684368 3.842006 1.343530 -0.033036 0.022642 1.194314 355.174988
8.773046 4.032014 1.343530 -0.040608 -0.008865 1.237670 355.279999
8.856432 4.220130 1.343530 -0.016689 -0.071955 1.226135 355.385010
8.938411 4.407746 1.343530 -0.018629 -0.122904 1.216574 355.494995
9.019266 4.596036 1.343530 -0.063671 -0.071187 1.236193 355.614990
9.092135 4.786665 1.343530 -0.080028 0.136318 1.319440 355.739990
9.154758 4.986954 1.343530 -0.062169 0.121970 1.402325 355.859985
9.208773 5.184390 1.343530 0.023292 0.077705 1.403854 355.970001
9.263240 5.379187 1.343530 0.014210 0.052851 1.392188 356.075012
9.319870 5.577416 1.343530 -0.009959 0.038629 1.382744 356.179993
9.374332 5.778239 1.343530 -0.047199 0.031663 1.418418 356.285004
9.423862 5.981216 1.343530 -0.039268 0.027133 1.410813 356.390015
9.468764 6.185788 1.343530 -0.069300 0.024398 1.440888 356.494995
9.507514 6.391768 1.343530 -0.037688 0.023697 1.435690 356.600006
9.543170 6.618601 1.343530 -0.060263 0.023572 1.513693 356.714996
9.569380 6.826536 1.343530 -0.007083 0.022323 1.503596 356.820007
9.594678 7.034777 1.343530 -0.003064 0.021610 1.495494 356.924988
9.619748 7.243192 1.343530 -0.005986 0.020257 1.488908 357.029999
9.644309 7.451696 1.343530 -0.008684 0.020644 1.483668 357.135010
9.667768 7.660311 1.343530 -0.069778 0.018768 1.526535 357.239990
9.686160 7.869103 1.343530 -0.024845 0.022274 1.538383 357.345001
9.701578 8.078153 1.343530 -0.017782 0.022224 1.534985 357.450012
9.717464 8.327328 1.343530 -0.018101 0.021321 1.531792 357.575012
9.729300 8.546815 1.343530 -0.015422 0.020696 1.529600 357.684998
9.739056 8.756451 1.343530 -0.009825 0.020458 1.527949 357.790009
9.747889 8.966146 1.343530 -0.003646 0.020928 1.526622 357.894989
9.756433 9.175870 1.343530 0.001079 0.020009 1.525555 358.000000
9.766057 9.405564 1.343530 0.004453 0.020042 1.524622 358.114990
9.775430 9.615240 1.343530 0.005313 0.020164 1.523947 358.220001
9.785460 9.824875 1.343530 0.004414 0.020520 1.523404 358.325012
9.796056 10.034499 1.343530 0.002559 0.020799 1.522963 358.429993
9.807020 10.244142 1.343530 0.000378 0.020582 1.522613 358.535004
9.817788 10.453772 1.343530 -0.062488 0.017576 1.573762 358.640015
9.824505 10.663222 1.343530 -0.018674 0.021601 1.584781 358.744995
9.829003 10.882685 1.343530 -0.017667 0.021532 1.583811 358.855011
9.831281 11.092295 1.343530 -0.020961 0.021769 1.583082 358.959991
9.831309 11.302027 1.343530 -0.019394 0.021029 1.582499 359.065002
9.829280 11.511817 1.343530 -0.013873 0.021138 1.582028 359.170013
9.825786 11.721652 1.343530 -0.006804 0.020990 1.581647 359.274994
9.821595 11.931533 1.343530 -0.000121 0.020480 1.581339 359.380005
9.817409 12.141437 1.343530 0.004946 0.019737 1.581093 359.484985
9.813738 12.351321 1.343530 0.007562 0.020155 1.580895 359.589996
9.810843 12.561219 1.343530 0.007626 0.020830 1.580733 359.695007
9.808738 12.771138 1.343530 0.006014 0.020412 1.580603 359.799988
9.807077 13.011012 1.343530 0.002954 0.020439 1.580488 359.920013
9.805961 13.220893 1.343530 0.000295 0.020539 1.580409 360.024994
9.804857 13.430784 1.343530 -0.001608 0.020730 1.580344 360.130005
9.803564 13.640687 1.343530 -0.002552 0.020903 1.580292 360.234985
9.801978 13.850606 1.343530 -0.002628 0.020728 1.580251 360.339996
9.800094 14.060535 1.343530 -0.002016 0.020954 1.580216 360.445007
9.797661 14.300460 1.343530 -0.000948 0.020146 1.580189 360.565002
9.795409 14.540326 1.343530 0.060768 0.018093 1.531448 360.684998
9.796782 14.750009 1.343530 0.008195 0.020553 1.533974 360.790009
9.799832 14.959635 1.343530 0.068800 0.019536 1.483314 360.894989
9.809024 15.168661 1.343530 0.029895 0.023067 1.446939 361.000000
9.822288 15.377465 1.343530 0.015090 0.023471 1.452273 361.105011
9.838353 15.596359 1.343530 0.017934 0.022400 1.456717 361.214996
9.855904 15.805325 1.343530 0.017649 0.021959 1.460135 361.320007
9.875554 16.014252 1.343530 0.013908 0.020534 1.462860 361.424988
9.896866 16.223078 1.343530 0.006923 0.021009 1.465067 361.529999
9.919137 16.431881 1.343530 0.000465 0.020778 1.466856 361.635010
9.944844 16.670513 1.343530 -0.005855 0.020249 1.468446 361.755005
9.967943 16.889328 1.343530 -0.008769 0.020264 1.469600 361.864990
9.989250 17.098289 1.343530 -0.009171 0.020132 1.470480 361.970001
10.008820 17.297371 1.343530 -0.008026 0.019631 1.471158 362.070007
10.028737 17.506414 1.343530 -0.005747 0.019460 1.471731 362.174988
10.048258 17.715431 1.343530 -0.002979 0.019719 1.472194 362.279999
10.067659 17.924410 1.343530 -0.000685 0.019950 1.472564 362.385010
10.087171 18.133375 1.343530 -0.025015 0.020165 1.487737 362.489990
10.103886 18.342472 1.343530 -0.019174 0.020446 1.535753 362.595001
10.118059 18.551708 1.343530 -0.008391 0.021474 1.535207 362.700012
10.131262 18.761105 1.343530 -0.014383 0.021262 1.534769 362.804993
10.144515 19.000624 1.343530 -0.018200 0.021291 1.534368 362.924988
10.154126 19.210365 1.343530 -0.017480 0.020139 1.534090 363.029999
10.161990 19.420185 1.343530 -0.012297 0.020922 1.533867 363.135010
10.169494 19.660051 1.343530 -0.005587 0.020290 1.533663 363.255005
10.175761 19.879930 1.343530 0.000447 0.020641 1.533521 363.364990
10.181870 20.089842 1.343530 0.004173 0.020191 1.533411 363.470001
10.188260 20.299726 1.343530 -0.048664 0.020128 1.572896 363.575012
10.190235 20.509497 1.343530 -0.023342 0.020163 1.632439 363.679993
10.189105 20.719126 1.343530 0.006830 0.020967 1.626770 363.785004
10.188242 20.928869 1.343530 -0.001688 0.021559 1.622188 363.890015
10.186970 21.138727 1.343530 -0.012085 0.021073 1.618523 363.994995
10.184263 21.348585 1.343530 -0.017895 0.021008 1.615582 364.100006
10.178701 21.588343 1.343530 -0.017662 0.020266 1.612934 364.220001
10.171741 21.798054 1.343530 -0.012545 0.020111 1.611105 364.325012
10.163376 22.007704 1.343530 -0.005775 0.020004 1.609633 364.429993
10.154329 22.217308 1.343530 0.000830 0.020030 1.608451 364.535004
10.145306 22.426912 1.343530 0.005656 0.019974 1.607498 364.640015
10.135663 22.666473 1.343530 0.008163 0.021049 1.606649 364.760010
10.127720 22.886160 1.343530 0.007696 0.020764 1.606036 364.869995
10.120894 23.095938 1.343530 0.005676 0.020805 1.605563 364.975006
10.114592 23.305742 1.343530 0.003234 0.019939 1.605187 365.079987
10.108540 23.515528 1.343530 0.000582 0.020541 1.604883 365.184998
10.102465 23.725332 1.343530 -0.001203 0.020467 1.604641 365.290009
10.096181 23.935133 1.343530 -0.002144 0.020162 1.604445 365.394989
10.089601 24.144884 1.343530 -0.002103 0.020575 1.604286 365.500000
10.081726 24.384558 1.343530 -0.001302 0.020057 1.604147 365.619995
10.074269 24.604235 1.343530 -0.000185 0.021078 1.604044 365.730011
10.067053 24.813984 1.343530 0.000768 0.020912 1.603967 365.834991
10.059850 25.023775 1.343530 0.001411 0.020060 1.603901 365.940002
10.050714 25.293509 1.343530 0.001749 0.020313 1.603840 366.075012
10.043741 25.503273 1.343530 0.001677 0.019877 1.603801 366.179993
10.036875 25.713032 1.343530 0.001311 0.020731 1.603771 366.285004
10.030075 25.922810 1.343530 0.000920 0.020732 1.603749 366.390015
10.023306 26.132603 1.343530 0.000582 0.020226 1.603729 366.494995
10.016528 26.342363 1.343530 0.000355 0.019866 1.603711 366.600006
10.009720 26.552088 1.343530 0.000226 0.020437 1.603701 366.704987
10.002541 26.771799 1.343530 0.000248 0.020519 1.603691 366.815002
9.995644 26.981508 1.343530 0.000373 0.020396 1.603681 366.920013
9.988719 27.191229 1.343530 0.000520 0.020375 1.603671 367.024994
9.981775 27.400980 1.343530 0.000653 0.020769 1.603666 367.130005
9.974832 27.610752 1.343530 0.000782 0.020022 1.603666 367.234985
9.966588 27.860472 1.343530 0.000814 0.020346 1.603666 367.359985
9.959681 28.070236 1.343530 0.000783 0.020883 1.603666 367.464996
9.952791 28.280039 1.343530 0.000735 0.020855 1.603666 367.570007
9.945902 28.489876 1.343530 0.000682 0.020737 1.603666 367.674988
9.939030 28.699699 1.343530 0.000668 0.019724 1.603666 367.779999
9.932160 28.909458 1.343530 0.000607 0.020148 1.603666 367.885010
9.925289 29.119183 1.343530 0.000568 0.020305 1.603666 367.989990
9.918400 29.328896 1.343530 0.000580 0.020071 1.603666 368.095001
9.911510 29.538580 1.343530 0.000593 0.020473 1.603666 368.200012
9.903637 29.778219 1.343530 0.000612 0.020381 1.603666 368.320007
9.896730 29.987921 1.343530 0.000635 0.020466 1.603666 368.424988
9.890241 30.197660 1.343530 0.061761 0.019277 1.552707 368.529999
9.887675 30.407318 1.343530 0.005395 0.020646 1.546748 368.635010
9.885812 30.656923 1.343530 -0.001373 0.021383 1.551732 368.760010
9.884203 30.866699 1.343530 0.002384 0.021022 1.554991 368.864990
9.882855 31.086517 1.343530 0.005643 0.020383 1.557701 368.975006
9.882212 31.296345 1.343530 0.006646 0.020871 1.559787 369.079987
9.882294 31.506203 1.343530 0.005804 0.021222 1.561459 369.184998
9.882998 31.716112 1.343530 0.003911 0.020470 1.562806 369.290009
9.884125 31.925999 1.343530 0.001682 0.019674 1.563894 369.394989
9.885419 32.135868 1.343530 -0.000695 0.020823 1.564762 369.500000
9.886647 32.345783 1.343530 -0.002113 0.020361 1.565461 369.605011
9.888949 32.575607 1.343530 0.074993 0.018764 1.487477 369.720001
9.897127 32.784874 1.343530 0.011329 0.021500 1.472303 369.825012
9.907294 32.994072 1.343530 0.003477 0.021893 1.477298 369.929993
9.918160 33.203419 1.343530 0.009582 0.022279 1.481298 370.035004
9.930250 33.412842 1.343530 0.013189 0.021119 1.484534 370.140015
9.948112 33.682076 1.343530 0.012008 0.021320 1.487741 370.274994
9.963667 33.891468 1.343530 0.008761 0.019891 1.489712 370.380005
9.980241 34.100758 1.343530 0.003073 0.020434 1.491270 370.484985
9.997260 34.310020 1.343530 -0.002044 0.020723 1.492525 370.589996
10.013405 34.509377 1.343530 -0.005277 0.020573 1.493490 370.690002
10.029943 34.718700 1.343530 -0.006953 0.020142 1.494304 370.795013
10.045896 34.928093 1.343530 -0.006813 0.020294 1.494961 370.899994
10.060570 35.127567 1.343530 -0.005435 0.020695 1.495461 371.000000
10.074868 35.327118 1.343530 -0.003875 0.020029 1.495870 371.100006
10.091037 35.556576 1.343530 -0.001704 0.019891 1.496243 371.214996
10.105758 35.766060 1.343530 -0.000161 0.020216 1.496514 371.320007
10.121324 35.985519 1.343530 0.000656 0.020547 1.496742 371.429993
10.135680 36.185028 1.343530 0.000712 0.019696 1.496908 371.529999
10.150970 36.394440 1.343530 0.000288 0.019738 1.497050 371.635010
10.166435 36.603844 1.343530 -0.000413 0.019739 1.497160 371.739990
10.184744 36.822960 1.343530 0.044478 0.019751 1.440055 371.850006
10.209406 37.041069 1.343530 0.090926 0.021502 1.334589 371.959991
10.241547 37.247540 1.343530 0.057813 0.024359 1.296817 372.065002
10.281017 37.452454 1.343530 0.101436 0.027635 1.206627 372.170013
10.331292 37.654057 1.343530 0.060105 0.003670 1.157904 372.274994
10.387887 37.850346 1.343530 0.042579 -0.060422 1.169061 372.380005
10.449166 38.044945 1.343530 0.085903 -0.109914 1.124127 372.489990
10.520733 38.245190 1.343530 0.071911 -0.116381 1.103196 372.614990
10.606265 38.459717 1.343530 -0.059283 0.141414 1.196415 372.760010
10.676879 38.653713 1.343530 -0.054854 0.130593 1.301524 372.880005
10.739230 38.846756 1.343530 -0.043713 0.085777 1.388819 372.989990
10.795144 39.039429 1.343530 -0.056302 0.058386 1.470905 373.095001
10.845828 39.237118 1.343530 -0.016766 0.045336 1.493213 373.200012
10.893829 39.438000 1.343530 -0.039615 0.025479 1.484779 373.304993
10.941228 39.658268 1.343530 -0.070230 -0.051359 1.477418 373.420013
10.978775 39.861370 1.343530 -0.017582 -0.111430 1.379189 373.529999
11.019140 40.091892 1.343530 -0.005202 0.009330 1.281917 373.665009
11.051998 40.295803 1.343530 -0.095563 0.118704 1.381265 373.785004
11.074576 40.495968 1.343530 -0.050063 0.091545 1.476909 373.894989
11.091634 40.695572 1.343530 -0.019774 0.057642 1.562938 374.000000
11.107439 40.918922 1.343530 -0.029461 0.037508 1.656634 374.114990
11.122128 41.164169 1.343530 0.016749 0.031010 1.659125 374.239990
11.135489 41.371609 1.343530 -0.012557 0.031021 1.648085 374.345001
11.147704 41.599987 1.343530 -0.050886 0.029245 1.638630 374.459991
11.153067 41.809147 1.343530 -0.064386 0.026349 1.631710 374.565002
11.151501 42.018536 1.343530 -0.059443 0.023158 1.626204 374.670013
11.143624 42.227905 1.343530 -0.042213 0.021466 1.621736 374.774994
11.131359 42.437191 1.343530 -0.019404 0.020330 1.618167 374.880005
11.117120 42.646435 1.343530 0.003561 0.021120 1.615280 374.984985
11.103242 42.855770 1.343530 0.018975 0.020465 1.612978 375.089996
11.091334 43.065220 1.343530 0.025877 0.020165 1.611135 375.195007
11.082082 43.274765 1.343530 0.024377 0.020225 1.609667 375.299988
11.075327 43.484394 1.343530 0.017817 0.020320 1.608475 375.404999
11.070169 43.704025 1.343530 0.008493 0.020411 1.607477 375.515015
11.066103 43.913750 1.343530 -0.000123 0.020893 1.606712 375.619995
11.061953 44.123474 1.343530 -0.006035 0.021156 1.606094 375.725006
11.057083 44.333271 1.343530 -0.008777 0.021077 1.605601 375.829987
11.051209 44.543076 1.343530 -0.008553 0.020174 1.605205 375.934998
11.044358 44.752811 1.343530 -0.006197 0.020117 1.604889 376.040009
11.036050 44.982452 1.343530 -0.002383 0.020433 1.604611 376.154999
11.028117 45.192150 1.343530 0.000849 0.020976 1.604410 376.260010
11.019833 45.411869 1.343530 0.003113 0.020781 1.604240 376.369995
11.012191 45.621674 1.343530 0.004132 0.020192 1.604110 376.475006
11.004916 45.831478 1.343530 0.004188 0.019538 1.604007 376.579987
10.998009 46.041214 1.343530 0.003270 0.019991 1.603926 376.684998
10.991372 46.250938 1.343530 0.002021 0.020631 1.603860 376.790009
10.984874 46.460663 1.343530 0.000812 0.020278 1.603805 376.894989
10.977455 46.700378 1.343530 -0.000280 0.021255 1.603758 377.015015
10.970860 46.910183 1.343530 -0.000651 0.020298 1.603726 377.119995
10.964125 47.119987 1.343530 -0.000637 0.020573 1.603700 377.225006
10.957255 47.329792 1.343530 -0.000313 0.020502 1.603680 377.329987
10.950285 47.539597 1.343530 0.000114 0.020816 1.603660 377.434998
10.943261 47.749401 1.343530 0.000588 0.020488 1.603650 377.540009
10.935228 47.989208 1.343530 0.000958 0.020538 1.603638 377.660004
10.927568 48.219082 1.343530 0.001117 0.020815 1.603628 377.774994
10.920625 48.428967 1.343530 0.001142 0.020053 1.603617 377.880005
10.913733 48.638851 1.343530 0.001005 0.020721 1.603611 377.984985
10.906878 48.848736 1.343530 0.000854 0.020151 1.603611 378.089996
10.900049 49.058609 1.343530 0.000710 0.019590 1.603611 378.195007
10.893220 49.268414 1.343530 0.000540 0.020440 1.603611 378.299988
10.886386 49.478218 1.343530 0.000458 0.020576 1.603611 378.404999
10.878551 49.717995 1.343530 0.000465 0.020130 1.603611 378.524994
10.871674 49.927799 1.343530 0.000477 0.020886 1.603611 378.630005
10.864779 50.137604 1.343530 0.000557 0.020513 1.603611 378.734985
10.856553 50.387371 1.343530 0.000656 0.020157 1.603611 378.859985
10.849644 50.597176 1.343530 0.000690 0.020947 1.603611 378.964996
10.842745 50.806980 1.343530 0.000724 0.020681 1.603611 379.070007
10.835855 51.016865 1.343530 0.000721 0.020332 1.603611 379.174988
10.828966 51.226749 1.343530 0.000710 0.020057 1.603611 379.279999
10.822096 51.436558 1.343530 0.000686 0.019998 1.603611 379.385010
10.815227 51.646362 1.343530 0.000659 0.019701 1.603611 379.489990
10.808357 51.856106 1.343530 0.000626 0.019916 1.603611 379.595001
10.800834 52.085823 1.343530 0.000572 0.021239 1.603611 379.709991
10.793291 52.315636 1.343530 0.000604 0.020580 1.603611 379.825012
10.786809 52.525520 1.343530 0.061325 0.019444 1.553381 379.929993
10.786264 52.735119 1.343530 0.086180 0.021473 1.456651 380.035004
10.795103 52.942860 1.343530 0.115658 -0.095243 1.306596 380.140015
10.815622 53.163563 1.343530 0.088973 -0.108806 1.229112 380.260010
10.843260 53.364189 1.343530 0.094958 -0.049375 1.219284 380.380005
10.890493 53.589699 1.343530 0.110940 -0.004189 1.138726 380.524994
10.957944 53.810574 1.343530 0.065839 0.008956 1.129670 380.674988
11.039004 54.024498 1.343530 0.030601 0.011899 1.102968 380.825012
11.124928 54.227894 1.343530 0.013049 0.010589 1.116805 380.970001
11.217013 54.437000 1.343530 0.005304 0.011024 1.127359 381.119995
11.317123 54.659809 1.343530 -0.003719 0.168520 1.135276 381.274994
11.400177 54.844044 1.343530 -0.006255 0.122834 1.139710 381.390015
11.484725 55.032246 1.343530 -0.008233 0.075645 1.143040 381.500000
11.567741 55.218178 1.343530 -0.008846 0.047861 1.145576 381.605011
11.659700 55.425613 1.343530 -0.008431 0.032114 1.147793 381.720001
11.743944 55.616875 1.343530 -0.007421 0.024291 1.149415 381.825012
11.826397 55.809715 1.343530 -0.024680 0.021002 1.198677 381.929993
11.902802 55.994572 1.343530 -0.006833 0.019629 1.197289 382.029999
11.979288 56.179623 1.343530 0.055778 0.017117 1.142411 382.130005
12.060599 56.362423 1.343530 0.083044 0.018377 1.043304 382.230011
12.154039 56.549942 1.343530 0.087527 0.022180 0.950536 382.334991
12.254405 56.733490 1.343530 0.015212 0.023817 0.953391 382.440002
12.357529 56.916126 1.343530 0.022886 0.023790 0.960823 382.545013
12.468799 57.106274 1.343530 0.036946 0.020850 0.966985 382.654999
12.578980 57.282715 1.343530 0.120290 -0.124451 0.825852 382.760010
12.695621 57.447090 1.343530 0.176089 -0.107808 0.654271 382.869995
12.831541 57.603626 1.343530 0.190031 -0.027808 0.480179 382.994995
12.982519 57.735878 1.343530 0.174773 0.025731 0.329624 383.125000
13.158613 57.848213 1.343530 0.152581 0.044579 0.187623 383.265015
13.346907 57.932789 1.343530 0.133130 0.048968 0.048557 383.404999
13.558305 57.994770 1.343530 0.109627 0.048420 -0.088442 383.554993
13.761544 58.030685 1.343530 0.075808 0.042071 -0.129349 383.695007
13.961227 58.050373 1.343530 0.080821 0.036123 -0.174630 383.829987
14.162770 58.054661 1.343530 0.056722 0.031105 -0.207311 383.964996
14.365490 58.047218 1.343530 0.040501 0.023960 -0.187936 384.100006
14.568995 58.031769 1.343530 0.039255 0.017990 -0.173304 384.234985
14.772448 58.009064 1.343530 0.028329 0.014895 -0.162251 384.369995
14.975471 57.980396 1.343530 0.056564 0.013544 -0.207574 384.505005
15.199882 57.935501 1.343530 0.063066 0.172207 -0.297649 384.649994
15.412810 57.879356 1.343530 0.039798 0.115893 -0.380730 384.774994
15.610197 57.819862 1.343530 0.038517 0.074017 -0.456926 384.885010
15.802331 57.756145 1.343530 -0.006967 0.046813 -0.482789 384.989990
15.997096 57.690125 1.343530 -0.007544 0.036975 -0.462916 385.095001
16.193703 57.622883 1.343530 0.025056 0.032961 -0.452648 385.200012
16.418352 57.541283 1.343530 0.048021 0.027738 -0.443350 385.320007
16.613474 57.463951 1.343530 0.049530 0.023128 -0.436961 385.424988
16.797579 57.385201 1.343530 0.038948 0.019683 -0.432054 385.524994
16.980204 57.302555 1.343530 0.021990 0.018403 -0.428037 385.625000
17.161945 57.217598 1.343530 0.003554 0.017692 -0.424785 385.725006
17.343494 57.131996 1.343530 -0.011970 0.017504 -0.422158 385.825012
17.525558 57.047413 1.343530 -0.078926 0.015751 -0.374322 385.924988
17.709974 56.969360 1.343530 -0.112113 0.019179 -0.275881 386.024994
17.906527 56.896626 1.343530 -0.036352 0.022391 -0.266266 386.130005
18.104599 56.827904 1.343530 -0.033974 0.008288 -0.269269 386.234985
18.301693 56.763031 1.343530 -0.039426 -0.059050 -0.271640 386.339996
18.517981 56.696251 1.343530 -0.051531 -0.115826 -0.255770 386.459991
18.717981 56.639927 1.343530 -0.049873 -0.140716 -0.211949 386.579987
18.934658 56.588657 1.343530 -0.036373 0.114689 -0.145320 386.720001
19.132410 56.548779 1.343530 0.024561 0.142852 -0.159824 386.839996
19.374464 56.497025 1.343530 -0.029407 0.089533 -0.142912 386.975006
19.571909 56.455929 1.343530 -0.053864 0.057021 -0.100474 387.079987
19.773806 56.417770 1.343530 0.005302 0.038635 -0.102641 387.184998
19.977873 56.379951 1.343530 -0.063629 0.032212 -0.057733 387.290009
20.183495 56.345749 1.343530 -0.008803 0.026897 -0.074193 387.394989
20.390017 56.312775 1.343530 -0.009988 0.024877 -0.084761 387.500000
20.597155 56.280811 1.343530 -0.017382 0.022951 -0.093260 387.605011
20.814751 56.249950 1.343530 -0.091673 0.023098 -0.037193 387.720001
21.033026 56.228653 1.343530 -0.046571 0.024535 0.012504 387.829987
21.241800 56.215591 1.343530 -0.035768 0.024143 0.042439 387.934998
21.450861 56.206799 1.343530 -0.060289 0.024612 0.072548 388.040009
21.660036 56.202137 1.343530 -0.002965 0.022280 0.066249 388.144989
21.869362 56.199081 1.343530 -0.071061 0.024435 0.111852 388.250000
22.098549 56.200855 1.343530 -0.017239 0.023812 0.097400 388.364990
22.317932 56.205311 1.343530 -0.023546 0.023768 0.089800 388.475006
22.527454 56.212379 1.343530 -0.027818 0.022673 0.083946 388.579987
22.746937 56.223148 1.343530 -0.025427 0.021088 0.079079 388.690002
22.956341 56.236298 1.343530 -0.016813 0.021137 0.075386 388.795013
23.165680 56.251343 1.343530 -0.006755 0.020814 0.072413 388.899994
23.374975 56.267208 1.343530 0.002671 0.020164 0.070035 389.005005
23.624187 56.285816 1.343530 0.010202 0.019954 0.067819 389.130005
23.833591 56.300446 1.343530 0.012190 0.019711 0.066336 389.234985
24.043041 56.313934 1.343530 0.011190 0.019931 0.065147 389.339996
24.252544 56.325951 1.343530 0.069787 0.017948 0.010722 389.445007
24.491934 56.334465 1.343530 0.007220 0.021225 0.009109 389.565002
24.711468 56.341030 1.343530 -0.038658 0.020691 0.037760 389.674988
24.940670 56.352982 1.343530 -0.080291 0.021003 0.147341 389.790009
25.148815 56.372646 1.343530 -0.019406 0.022608 0.195349 389.894989
25.356644 56.395641 1.343530 -0.002728 0.023562 0.189600 390.000000
25.564682 56.419659 1.343530 -0.019351 0.023741 0.185029 390.105011
25.772655 56.446178 1.343530 -0.030303 0.022749 0.181352 390.209991
26.000040 56.479324 1.343530 -0.031145 0.021399 0.178130 390.325012
26.207182 56.513351 1.343530 -0.023601 0.020376 0.175784 390.429993
26.413929 56.550159 1.343530 -0.011996 0.019723 0.173900 390.535004
26.610630 56.586643 1.343530 0.000182 0.020356 0.172454 390.630005
26.807034 56.624939 1.343530 -0.067139 0.019442 0.252020 390.730011
27.012125 56.669918 1.343530 0.015583 0.018506 0.249382 390.834991
27.217365 56.714199 1.343530 0.024475 0.019474 0.242301 390.940002
27.413315 56.754478 1.343530 0.016550 0.019669 0.236854 391.040009
27.639044 56.799423 1.343530 0.005325 0.019731 0.231808 391.154999
27.864864 56.844212 1.343530 -0.003985 0.020026 0.227873 391.269989
28.061108 56.883911 1.343530 -0.007991 0.019968 0.225107 391.369995
28.257132 56.924698 1.343530 -0.008773 0.019055 0.222891 391.470001
28.452877 56.966637 1.343530 -0.006715 0.019458 0.221076 391.570007
28.648073 57.010780 1.343530 -0.031667 0.019418 0.266673 391.670013
28.842449 57.058109 1.343530 -0.002688 0.020404 0.263003 391.769989
29.036732 57.106194 1.343530 0.001331 0.019469 0.260296 391.869995
29.230999 57.154549 1.343530 0.000800 0.019403 0.258091 391.975006
29.425222 57.203194 1.343530 0.000274 0.019297 0.256298 392.075012
29.629087 57.254620 1.343530 0.000514 0.018855 0.254774 392.179993
29.823164 57.303898 1.343530 0.001284 0.019201 0.253602 392.279999
30.017210 57.353390 1.343530 0.002405 0.019516 0.252664 392.380005
30.211264 57.402996 1.343530 0.003362 0.019537 0.251889 392.480011
30.405338 57.452625 1.343530 0.004289 0.018864 0.251272 392.579987
30.599392 57.502174 1.343530 0.004706 0.018909 0.250768 392.679993
30.793480 57.551605 1.343530 0.004828 0.018694 0.250356 392.779999
30.987572 57.600918 1.343530 0.004543 0.019057 0.250025 392.880005
31.181677 57.650135 1.343530 0.004282 0.018383 0.249753 392.980011
31.375769 57.699276 1.343530 0.003741 0.019029 0.249539 393.079987
31.569860 57.748409 1.343530 0.003338 0.019334 0.249365 393.179993
31.763985 57.797565 1.343530 0.003102 0.019147 0.249221 393.279999
31.958042 57.847015 1.343530 -0.053111 0.017439 0.292358 393.380005
32.160007 57.904194 1.343530 -0.087558 0.019227 0.393173 393.484985
32.359264 57.968632 1.343530 -0.056858 0.021644 0.425416 393.589996
32.557201 58.037060 1.343530 0.053040 0.019109 0.354716 393.695007
32.756653 58.101562 1.343530 0.071348 0.019310 0.246434 393.799988
32.967522 58.162132 1.343530 0.003506 0.020088 0.201992 393.910004
33.188381 58.224342 1.343530 -0.002953 0.021039 0.206941 394.024994
33.399479 58.283939 1.343530 0.087035 -0.067986 0.119340 394.135010
33.601368 58.333855 1.343530 0.121645 -0.121283 0.010834 394.244995
33.836781 58.375957 1.343530 0.131144 -0.049937 -0.078493 394.385010
34.057903 58.393711 1.343530 0.119831 -0.003084 -0.154920 394.524994
34.287556 58.388382 1.343530 0.079795 0.013814 -0.201618 394.674988
34.491634 58.369427 1.343530 0.028124 0.014938 -0.190974 394.809998
34.695187 58.344620 1.343530 0.013558 0.014001 -0.175519 394.945007
34.898670 58.317032 1.343530 0.006014 0.011143 -0.163765 395.079987
35.103298 58.288029 1.343530 -0.004979 0.141233 -0.155014 395.214996
35.309769 58.258942 1.343530 -0.008660 0.151624 -0.148814 395.339996
35.536377 58.227837 1.343530 -0.009469 0.092452 -0.144053 395.464996
35.745586 58.199982 1.343530 -0.009065 0.056819 -0.140776 395.575012
35.949661 58.173492 1.343530 -0.007575 0.038573 -0.138274 395.679993
36.165733 58.146000 1.343530 -0.005184 0.028948 -0.136191 395.790009
36.373058 58.119915 1.343530 -0.002974 0.024167 -0.134603 395.894989
36.580875 58.093815 1.343530 -0.001119 0.022409 -0.133340 396.000000
36.788944 58.067543 1.343530 -0.000207 0.021745 -0.132314 396.100006
37.007061 58.039757 1.343530 -0.000103 0.020338 -0.131460 396.209991
37.234779 58.008633 1.343530 0.078151 0.019662 -0.219842 396.325012
37.441307 57.973442 1.343530 0.006105 0.021562 -0.232384 396.429993
37.647663 57.936592 1.343530 -0.003464 0.021441 -0.225774 396.535004
37.854179 57.899551 1.343530 0.003037 0.021143 -0.220454 396.640015
38.090343 57.857643 1.343530 -0.069584 0.016803 -0.128523 396.760010
38.297565 57.827728 1.343530 -0.047447 0.020940 -0.049225 396.864990
38.505188 57.802738 1.343530 -0.006486 0.022725 -0.053769 396.970001
38.713173 57.778767 1.343530 -0.016966 0.022751 -0.056811 397.075012
38.921570 57.756603 1.343530 -0.028396 0.023234 -0.059274 397.179993
39.130440 57.737339 1.343530 -0.032038 0.021359 -0.061252 397.285004
39.339657 57.721310 1.343530 -0.027170 0.020759 -0.062827 397.390015
39.549099 57.708019 1.343530 -0.051318 0.019632 -0.042694 397.494995
39.758591 57.700573 1.343530 -0.096137 0.020525 0.061202 397.600006
39.987358 57.704166 1.343530 -0.092670 0.024993 0.162138 397.714996
40.204941 57.719246 1.343530 -0.094033 0.029600 0.251945 397.825012
40.411430 57.742950 1.343530 -0.022509 0.029710 0.257612 397.929993
40.618065 57.770416 1.343530 -0.027692 0.028622 0.246567 398.035004
40.824455 57.802814 1.343530 -0.063761 0.028665 0.273007 398.140015
41.029087 57.844769 1.343530 -0.129069 0.029001 0.358319 398.244995
41.250137 57.903202 1.343530 -0.040671 0.027143 0.344352 398.359985
41.450985 57.962208 1.343530 -0.060849 0.024671 0.355586 398.464996
41.669384 58.033363 1.343530 -0.020450 0.021784 0.363259 398.579987
41.868511 58.099655 1.343530 0.084510 0.014691 0.249452 398.684998
42.069408 58.157692 1.343530 0.112560 0.021460 0.136841 398.790009
42.272278 58.203865 1.343530 0.122597 0.030148 0.037903 398.894989
42.476891 58.236790 1.343530 0.126206 0.037084 -0.047994 399.000000
42.702393 58.256855 1.343530 0.080841 0.039267 -0.105195 399.114990
42.919388 58.265213 1.343530 0.046147 0.035726 -0.090572 399.225006
43.127743 58.267555 1.343530 0.046144 0.030773 -0.079423 399.329987
43.336807 58.264698 1.343530 0.041461 0.025900 -0.070493 399.434998
43.546139 58.257236 1.343530 0.031071 0.022130 -0.063287 399.540009
43.775398 58.245331 1.343530 0.011528 0.021359 -0.057038 399.654999
44.004753 58.231831 1.343530 -0.004811 0.020989 -0.052110 399.769989
44.214264 58.219891 1.343530 -0.014496 0.020772 -0.048530 399.875000
44.423882 58.209408 1.343530 -0.018469 0.019975 -0.045641 399.980011
44.633526 58.200775 1.343530 -0.017470 0.020002 -0.043312 400.084991
44.843201 58.193859 1.343530 -0.012530 0.020569 -0.041464 400.190002
45.052925 58.188171 1.343530 -0.005965 0.020606 -0.039990 400.295013
45.262650 58.183002 1.343530 -0.000095 0.020887 -0.038804 400.399994
45.472374 58.177765 1.343530 0.004026 0.020376 -0.037852 400.505005
45.701733 58.171455 1.343530 0.007521 -0.068942 -0.084447 400.619995
45.908562 58.165443 1.343530 0.035390 -0.288042 -0.199642 400.730011
46.113842 58.161396 1.343530 0.072441 -0.290609 -0.341018 400.864990
46.320618 58.163361 1.343530 0.089237 -0.170197 -0.550464 401.065002
46.520359 58.176365 1.343530 0.065785 -0.047307 -0.937939 401.434998
46.340725 58.081917 1.343530 0.002590 0.144424 -2.678475 403.894989
46.139824 57.991714 1.343530 -0.032589 0.057607 -2.485837 404.054993
45.957939 57.902084 1.343530 -0.015920 0.035991 -2.414086 404.195007
45.774548 57.805878 1.343530 -0.012088 0.031012 -2.410211 404.334991
45.592869 57.705013 1.343530 -0.070610 -0.225383 -2.306905 404.480011
45.414639 57.606201 1.343530 -0.087745 -0.182934 -2.107950 404.670013
45.232815 57.516056 1.343530 -0.069489 -0.057575 -1.746689 405.015015
45.424656 57.447548 1.343530 0.054079 0.297576 -0.013080 407.170013
45.627346 57.436150 1.343530 0.053988 0.180215 -0.021702 407.295013
45.826931 57.419991 1.343530 -0.008143 0.101282 0.009107 407.404999
46.055862 57.402290 1.343530 0.003156 0.058278 -0.001461 407.524994
46.260937 57.386578 1.343530 -0.012231 0.040734 -0.008781 407.630005
46.468307 57.372162 1.343530 -0.023072 0.030807 -0.014612 407.734985
46.676891 57.360153 1.343530 -0.026202 0.025345 -0.019351 407.839996
46.906040 57.350071 1.343530 -0.020838 0.022806 -0.023380 407.954987
47.115597 57.343147 1.343530 -0.013029 0.021747 -0.026345 408.059998
47.335278 57.339043 1.343530 -0.043695 0.020441 0.034830 408.170013
47.544922 57.339294 1.343530 0.004703 0.021476 0.027480 408.274994
47.754631 57.339306 1.343530 0.011403 0.021332 0.021462 408.380005
47.964455 57.338226 1.343530 0.008786 0.020794 0.016631 408.484985
48.174339 57.336300 1.343530 0.004050 0.020271 0.012749 408.589996
48.384102 57.336163 1.343530 -0.019743 0.020902 0.059830 408.695007
48.593746 57.338589 1.343530 -0.006022 0.021495 0.054403 408.799988
48.803432 57.341900 1.343530 -0.008824 0.021391 0.050053 408.904999
49.043182 57.347012 1.343530 -0.011106 0.020891 0.046123 409.024994
49.252987 57.352844 1.343530 -0.010003 0.020241 0.043392 409.130005
49.462723 57.360146 1.343530 -0.065082 0.019102 0.088249 409.234985
49.701935 57.373779 1.343530 -0.006013 0.021682 0.092624 409.355011
49.911224 57.387104 1.343530 0.001726 0.021647 0.087744 409.459991
50.130627 57.401119 1.343530 0.001214 0.021265 0.083626 409.570007
50.339931 57.416142 1.343530 -0.080856 0.019995 0.167400 409.674988
50.547829 57.439499 1.343530 -0.094025 0.023776 0.260612 409.779999
50.753490 57.473312 1.343530 -0.099459 0.029042 0.347689 409.885010
50.956509 57.517918 1.343530 -0.046528 0.031795 0.386676 409.989990
51.158440 57.569130 1.343530 -0.034748 0.030228 0.377225 410.095001
51.359894 57.625134 1.343530 -0.049088 0.027547 0.369667 410.200012
51.560154 57.686935 1.343530 -0.051788 0.023661 0.363565 410.304993
51.777676 57.761284 1.343530 -0.039749 0.020890 0.358242 410.420013
51.974888 57.833904 1.343530 -0.020723 0.019184 0.354380 410.524994
52.162025 57.905430 1.343530 -0.002853 0.018804 0.351396 410.625000
52.349476 57.976063 1.343530 0.090167 0.016899 0.263348 410.725006
52.548462 58.041634 1.343530 0.112742 0.022559 0.162775 410.829987
52.749847 58.095341 1.343530 0.120133 0.029698 0.071239 410.934998
52.953369 58.136024 1.343530 0.125223 0.036170 -0.012265 411.040009
53.178329 58.167782 1.343530 0.046660 0.034651 -0.001611 411.154999
53.385372 58.190884 1.343530 0.046515 0.030955 0.009682 411.260010
53.613045 58.210415 1.343530 0.045966 -0.011008 0.019525 411.375000
53.826641 58.223598 1.343530 0.034611 -0.077129 0.026993 411.484985
54.028770 58.232552 1.343530 0.019861 -0.122739 0.032934 411.595001
54.261948 58.238449 1.343530 0.075412 0.095227 -0.032368 411.730011
54.467976 58.233658 1.343530 0.058016 0.104257 -0.117684 411.845001
54.684021 58.220871 1.343530 -0.031434 0.066146 -0.142658 411.959991
54.887039 58.210384 1.343530 -0.043312 0.043447 -0.129138 412.065002
55.093266 58.203548 1.343530 -0.016829 0.034264 -0.118247 412.170013
55.301235 58.197998 1.343530 0.007069 0.029150 -0.109454 412.274994
55.510071 58.191231 1.343530 0.024697 0.026430 -0.102453 412.380005
55.719265 58.181561 1.343530 0.030434 0.024240 -0.096803 412.484985
55.928555 58.168434 1.343530 0.028023 0.021495 -0.092258 412.589996
56.137703 58.152218 1.343530 0.017839 0.021113 -0.088610 412.695007
56.346771 58.133957 1.343530 0.006796 0.020538 -0.085671 412.799988
56.555775 58.114872 1.343530 -0.003765 0.019999 -0.083324 412.904999
56.784756 58.094288 1.343530 -0.011350 0.020155 -0.081284 413.019989
56.993896 58.076565 1.343530 -0.013732 0.020419 -0.079811 413.125000
57.203171 58.060127 1.343530 -0.012472 0.020568 -0.078626 413.230011
57.412552 58.044865 1.343530 -0.009197 0.020224 -0.077666 413.334991
57.641899 58.029076 1.343530 -0.004569 0.019951 -0.076829 413.450012
57.901161 58.011673 1.343530 0.000414 0.020896 -0.076100 413.579987
58.110565 57.997414 1.343530 0.002576 0.019969 -0.075636 413.684998
58.319969 57.982723 1.343530 0.003331 0.020284 -0.075269 413.790009
58.529373 57.967533 1.343530 0.002695 0.020420 -0.074973 413.894989
58.738739 57.951912 1.343530 0.010855 0.020486 -0.079661 414.000000
58.947815 57.933830 1.343530 0.013305 0.019856 -0.120951 414.105011
59.156658 57.913692 1.343530 0.001101 0.020829 -0.118616 414.209991
59.385391 57.891121 1.343530 0.003006 0.020933 -0.116573 414.325012
59.594234 57.869934 1.343530 0.004927 0.020435 -0.115096 414.429993
59.803078 57.848003 1.343530 0.005094 0.021039 -0.113902 414.535004
60.001926 57.826412 1.343530 0.003630 0.020057 -0.112996 414.635010
60.200703 57.804279 1.343530 0.001461 0.020311 -0.112255 414.734985
60.399448 57.781826 1.343530 -0.001067 0.020199 -0.111660 414.834991
60.598194 57.759266 1.343530 -0.003069 0.020074 -0.111175 414.934998
60.796940 57.736828 1.343530 -0.004255 0.020055 -0.110783 415.035004
61.045372 57.709099 1.343530 -0.004637 0.020325 -0.110394 415.160004
61.254097 57.686111 1.343530 -0.004215 0.020246 -0.110138 415.265015
61.462860 57.663353 1.343530 -0.003460 0.019618 -0.109932 415.369995
61.671623 57.640743 1.343530 -0.002502 0.019942 -0.109765 415.475006
61.880386 57.618183 1.343530 -0.001714 0.019777 -0.109627 415.579987
62.089096 57.595592 1.343530 -0.001052 0.020595 -0.109520 415.684998
62.297859 57.572906 1.343530 -0.000962 0.019764 -0.109432 415.790009
62.496681 57.551201 1.343530 -0.001045 0.020115 -0.109367 415.890015
62.695503 57.529408 1.343530 -0.001323 0.019802 -0.109312 415.989990
62.904194 57.506466 1.343530 -0.001715 0.019437 -0.109270 416.095001
63.112877 57.483475 1.343530 -0.002061 0.019825 -0.109235 416.200012
63.331497 57.459408 1.343530 -0.002252 0.020546 -0.109205 416.309998
63.530308 57.437588 1.343530 -0.002325 0.020221 -0.109186 416.410004
63.739071 57.414677 1.343530 -0.002277 0.020321 -0.109168 416.515015
63.947834 57.391838 1.343530 -0.002146 0.020436 -0.109151 416.619995
64.156601 57.369007 1.343530 -0.002038 0.019978 -0.109139 416.725006
64.355423 57.347263 1.343530 -0.002052 0.019204 -0.109130 416.825012
64.554245 57.325520 1.343530 -0.001846 0.019952 -0.109205 416.924988
64.763008 57.302921 1.343530 -0.055313 0.019233 -0.068402 417.029999
64.971931 57.284073 1.343530 -0.008776 0.020789 -0.051780 417.135010
65.181015 57.266499 1.343530 0.000911 0.021397 -0.056124 417.239990
65.429924 57.245441 1.343530 -0.003267 0.020465 -0.060151 417.364990
65.639153 57.227985 1.343530 -0.006738 0.020378 -0.062841 417.470001
65.848396 57.211124 1.343530 -0.008233 0.020876 -0.064991 417.575012
66.067741 57.194260 1.343530 -0.007841 0.020245 -0.066795 417.684998
66.277145 57.178856 1.343530 -0.005862 0.020699 -0.068170 417.790009
66.476692 57.165157 1.343530 -0.068954 0.019769 -0.014566 417.890015
66.686256 57.154495 1.343530 -0.022406 0.020297 -0.008960 417.994995
66.895821 57.146664 1.343530 -0.004650 0.020601 0.025974 418.100006
67.105385 57.139961 1.343530 0.002735 0.020657 0.020282 418.204987
67.314980 57.133175 1.343530 -0.008641 0.021483 0.015687 418.309998
67.534706 57.127129 1.343530 -0.017339 0.021901 0.011842 418.420013
67.744591 57.123260 1.343530 -0.019433 0.021027 0.008887 418.524994
67.954475 57.121487 1.343530 -0.016662 0.020651 0.006518 418.630005
68.164360 57.121487 1.343530 -0.010558 0.020827 0.004616 418.734985
68.404228 57.122822 1.343530 -0.003212 0.020111 0.002896 418.855011
68.644096 57.124599 1.343530 0.003289 0.020139 0.001550 418.975006
68.853981 57.125793 1.343530 0.006589 0.020367 0.000621 419.079987
69.063866 57.126286 1.343530 0.007417 0.020761 -0.000121 419.184998
69.273750 57.126427 1.343530 -0.055446 0.019699 0.048605 419.290009
69.483360 57.131317 1.343530 -0.015067 0.020731 0.088919 419.394989
69.692825 57.138737 1.343530 -0.000817 0.021587 0.084729 419.500000
69.912399 57.146862 1.343530 0.039213 0.019366 0.043696 419.609985
70.131981 57.150764 1.343530 0.074072 0.019615 -0.070097 419.720001
70.341133 57.147930 1.343530 -0.000869 0.021833 -0.084008 419.825012
70.550385 57.144352 1.343530 0.000772 0.022974 -0.079718 419.929993
70.759720 57.139027 1.343530 0.031733 0.023634 -0.111844 420.035004
70.968819 57.128464 1.343530 0.040063 0.024650 -0.144104 420.140015
71.177742 57.113087 1.343530 0.023049 0.023976 -0.137210 420.244995
71.416420 57.091988 1.343530 0.022411 0.022116 -0.130973 420.364990
71.625145 57.070683 1.343530 0.018795 0.021341 -0.126686 420.470001
71.833748 57.047169 1.343530 0.011914 0.020520 -0.123234 420.575012
72.042191 57.022182 1.343530 0.003757 0.019962 -0.120454 420.679993
72.240707 56.997860 1.343530 -0.003797 0.019783 -0.118348 420.779999
72.449150 56.972515 1.343530 -0.008830 0.019476 -0.116538 420.885010
72.657593 56.947906 1.343530 -0.010973 0.020691 -0.115097 420.989990
72.866173 56.924229 1.343530 -0.010816 0.019671 -0.113929 421.095001
73.074875 56.901436 1.343530 -0.008013 0.020185 -0.113005 421.200012
73.283638 56.879242 1.343530 -0.004730 0.020329 -0.112260 421.304993
73.492470 56.857330 1.343530 -0.001952 0.019545 -0.111668 421.410004
73.740997 56.831203 1.343530 0.000533 0.020009 -0.111107 421.535004
73.949760 56.808975 1.343530 0.001367 0.019694 -0.110733 421.640015
74.158524 56.786392 1.343530 0.001218 0.020704 -0.110439 421.744995
74.377197 56.762337 1.343530 0.034268 0.018934 -0.131823 421.855011
74.594940 56.733543 1.343530 0.051562 0.020142 -0.218992 421.964996
74.821335 56.696964 1.343530 0.051454 0.022000 -0.240859 422.079987
75.026733 56.657417 1.343530 0.050327 0.023716 -0.303642 422.184998
75.230827 56.611637 1.343530 0.025254 0.024647 -0.294877 422.290009
75.434509 56.562359 1.343530 0.028603 0.023198 -0.289477 422.394989
75.656975 56.504356 1.343530 0.027860 0.020820 -0.285332 422.510010
75.878609 56.442406 1.343530 0.018556 0.020047 -0.282945 422.625000
76.070824 56.386204 1.343530 0.008008 0.019247 -0.280837 422.725006
76.262794 56.329044 1.343530 -0.050577 0.016425 -0.241605 422.825012
76.465042 56.272350 1.343530 -0.086355 0.018935 -0.174526 422.929993
76.668732 56.224159 1.343530 -0.107926 0.023646 -0.078569 423.035004
76.873787 56.185276 1.343530 -0.095741 0.027558 -0.033905 423.140015
77.109543 56.153305 1.343530 -0.120030 0.033095 0.063390 423.260010
77.316261 56.139317 1.343530 -0.123804 0.010560 0.145092 423.364990
77.519646 56.138653 1.343530 -0.123491 -0.039307 0.223355 423.470001
77.722763 56.150810 1.343530 -0.121773 -0.077633 0.297459 423.579987
77.923927 56.177620 1.343530 -0.131510 0.098446 0.365380 423.695007
78.144989 56.229206 1.343530 -0.075485 0.098414 0.413979 423.820007
78.344162 56.290207 1.343530 -0.043623 0.069846 0.422857 423.929993
78.536644 56.357834 1.343530 -0.091428 0.050239 0.481873 424.035004
78.763733 56.452251 1.343530 -0.052142 0.035953 0.551155 424.160004
78.951942 56.540676 1.343530 -0.084824 0.032907 0.614283 424.265015
79.136047 56.637707 1.343530 -0.052527 0.003415 0.656184 424.369995
79.313812 56.739994 1.343530 -0.089817 -0.057828 0.718718 424.475006
79.486465 56.849724 1.343530 -0.111620 -0.053271 0.793750 424.584991
79.656082 56.968132 1.343530 0.048979 0.077771 0.656018 424.700012
79.841949 57.092392 1.343530 0.065523 0.068720 0.522291 424.820007
80.022163 57.202854 1.343530 0.068241 0.050420 0.416074 424.929993
80.200882 57.303036 1.343530 0.083196 0.041182 0.325031 425.035004
80.420898 57.411808 1.343530 0.115592 0.041599 0.223177 425.160004
80.611626 57.490685 1.343530 0.136489 0.045129 0.142959 425.265015
80.816650 57.560062 1.343530 0.073049 0.042957 0.151730 425.375000
81.025856 57.620724 1.343530 0.075912 0.035236 0.165763 425.484985
81.228661 57.670845 1.343530 0.075151 0.027084 0.175258 425.589996
81.433640 57.713558 1.343530 0.060499 0.022251 0.179623 425.695007
81.640083 57.749996 1.343530 0.074021 0.020773 0.143379 425.800995
81.847588 57.780487 1.343530 0.014267 0.021205 0.148275 425.904999
82.075180 57.812344 1.343530 -0.006261 0.020401 0.151188 426.019989
82.283104 57.841000 1.343530 0.008094 0.019816 0.112205 426.125000
82.491089 57.869106 1.343530 -0.022480 0.019777 0.119650 426.230011
82.698776 57.899632 1.343530 -0.021546 0.020154 0.125652 426.334991
82.906166 57.932602 1.343530 -0.012857 0.019789 0.130489 426.440002
83.133064 57.970402 1.343530 -0.000371 0.019913 0.134639 426.554993
83.359970 58.008507 1.343530 0.008345 0.020517 0.137933 426.670013
83.557465 58.041058 1.343530 0.012491 0.020199 0.140236 426.769989
83.755127 58.072624 1.343530 0.013532 0.019965 0.142092 426.869995
83.952942 58.103081 1.343530 0.046103 0.018702 0.122184 426.970001
84.160980 58.131477 1.343530 0.019783 0.019769 0.103226 427.075012
84.369255 58.157631 1.343530 0.009032 0.020650 0.105501 427.179993
84.577667 58.182953 1.343530 0.008251 0.019823 0.107333 427.285004
84.786110 58.207603 1.343530 0.007710 0.019859 0.108804 427.390015
84.994591 58.232056 1.343530 -0.015282 -0.011100 0.118998 427.494995
85.197044 58.255592 1.343530 0.027218 -0.178807 0.023048 427.600006
85.399178 58.278263 1.343530 0.048602 -0.314306 -0.102620 427.720001
85.598145 58.304436 1.343530 0.076856 -0.233773 -0.270177 427.880005
85.795563 58.338902 1.343530 0.080023 -0.106546 -0.542456 428.140015
85.988708 58.390839 1.343530 0.023466 0.000608 -1.333115 428.894989
85.980103 58.187611 1.343530 0.027973 0.320101 -1.773022 429.734985
85.939896 57.990147 1.343530 -0.054514 0.255262 -1.779652 429.880005
85.901016 57.761074 1.343530 -0.038657 0.130237 -1.773238 430.015015
85.870781 57.557404 1.343530 -0.012371 0.076791 -1.769161 430.125000
85.840393 57.356434 1.343530 0.024733 0.050192 -1.800583 430.230011
85.806259 57.152763 1.343530 0.012694 0.035757 -1.793620 430.334991
85.769585 56.947777 1.343530 0.072252 0.028309 -1.833016 430.440002
85.727592 56.743118 1.343530 0.018966 0.025054 -1.831570 430.545013
85.676208 56.509304 1.343530 0.010164 0.022324 -1.824668 430.665009
85.629532 56.304722 1.343530 0.007725 0.021015 -1.819893 430.769989
85.583931 56.109947 1.343530 0.004573 0.020294 -1.816209 430.869995
85.537476 55.915272 1.343530 0.039757 0.019310 -1.837357 430.970001
85.488167 55.721325 1.343530 0.001215 0.019130 -1.849411 431.070007
85.438080 55.527561 1.343530 -0.017215 0.018457 -1.842403 431.170013
85.389160 55.333485 1.343530 -0.018338 0.019191 -1.836672 431.269989
85.334488 55.109844 1.343530 -0.013616 0.019256 -1.831460 431.385010
85.287926 54.915104 1.343530 -0.008863 0.018380 -1.827805 431.484985
85.241791 54.720249 1.343530 -0.013672 0.009087 -1.813905 431.584991
85.197357 54.519787 1.343530 -0.080431 -0.143553 -1.639391 431.690002
85.157829 54.300240 1.343530 -0.104096 -0.090224 -1.537714 431.815002
85.134003 54.097042 1.343530 -0.112818 -0.028537 -1.457160 431.940002
85.126900 53.894608 1.343530 -0.108325 0.004775 -1.382120 432.070007
85.141319 53.659199 1.343530 -0.090929 0.019130 -1.302646 432.225006
85.171677 53.457592 1.343530 -0.076067 0.021995 -1.235475 432.359985
85.215950 53.258717 1.343530 -0.062504 0.020542 -1.171590 432.494995
85.271751 53.062729 1.343530 -0.001523 0.014867 -1.165713 432.630005
85.329346 52.859753 1.343530 0.076861 0.169628 -1.298464 432.765015
85.375023 52.659149 1.343530 0.046291 -0.018818 -1.464852 432.885010
85.413948 52.459980 1.343530 0.041931 -0.058347 -1.556754 433.005005
85.445862 52.262302 1.343530 0.084322 -0.016844 -1.687807 433.130005
85.466202 52.062984 1.343530 0.104060 0.014133 -1.753150 433.260010
85.469307 51.859074 1.343530 0.118139 0.028980 -1.831279 433.394989
85.450958 51.657707 1.343530 0.111232 0.032034 -1.901961 433.529999
85.415382 51.458866 1.343530 0.067060 -0.217240 -2.043486 433.670013
85.375038 51.246197 1.343530 0.081721 -0.183068 -2.252913 433.869995
85.346428 51.044292 1.343530 0.066762 -0.058178 -2.619410 434.220001
85.307663 50.847481 1.343530 -0.010267 0.301607 -2.132541 435.584991
85.201889 50.674004 1.343530 -0.008296 0.318447 -2.085383 435.815002
85.084190 50.467964 1.343530 -0.020014 0.211753 -1.988648 435.975006
84.988197 50.288662 1.343530 -0.018079 0.116406 -1.914599 436.089996
84.894073 50.104553 1.343530 -0.041423 0.070073 -1.838862 436.200012
84.807205 49.921589 1.343530 -0.083449 0.055468 -1.762850 436.304993
84.718094 49.705303 1.343530 -0.081812 0.051427 -1.702859 436.424988
84.649300 49.510754 1.343530 -0.068241 0.045852 -1.718199 436.529999
84.587509 49.312145 1.343530 -0.083645 0.036778 -1.730481 436.635010
84.534096 49.110214 1.343530 -0.082790 0.029584 -1.740424 436.739990
84.487411 48.885910 1.343530 -0.071092 0.025080 -1.712369 436.855011
84.452835 48.669277 1.343530 -0.069028 0.023365 -1.662405 436.964996
84.426224 48.461445 1.343530 -0.003552 0.021734 -1.673110 437.070007
84.400024 48.253384 1.343530 0.010913 0.020491 -1.680335 437.174988
84.372543 48.045376 1.343530 0.012578 0.020282 -1.686170 437.279999
84.343559 47.837479 1.343530 0.008710 0.020805 -1.690805 437.385010
84.313446 47.629662 1.343530 0.003817 0.020226 -1.694549 437.489990
84.282738 47.421936 1.343530 -0.001447 0.020075 -1.697548 437.595001
84.253456 47.224033 1.343530 -0.005174 0.019769 -1.699856 437.695007
84.224472 47.026108 1.343530 -0.026267 0.019292 -1.690990 437.795013
84.197517 46.818050 1.343530 -0.032280 0.019844 -1.638467 437.899994
84.174370 46.609718 1.343530 -0.017868 0.021633 -1.640901 438.005005
84.153114 46.401081 1.343530 -0.019774 0.021531 -1.642861 438.109985
84.131233 46.162285 1.343530 -0.019245 0.021168 -1.644610 438.230011
84.114120 45.953064 1.343530 -0.015037 0.021277 -1.645846 438.334991
84.098434 45.743660 1.343530 -0.009009 0.020303 -1.646826 438.440002
84.084251 45.544151 1.343530 -0.003197 0.020288 -1.647586 438.540009
84.067383 45.304787 1.343530 0.002170 0.019397 -1.648306 438.660004
84.052361 45.095444 1.343530 -0.039567 0.020196 -1.619288 438.765015
84.039192 44.885994 1.343530 0.005323 0.020224 -1.614609 438.869995
84.027702 44.676537 1.343530 -0.025603 0.019669 -1.552178 438.975006
84.018814 44.467133 1.343530 0.000528 0.021536 -1.557512 439.079987
84.010185 44.257629 1.343530 -0.007994 0.021639 -1.561969 439.184998
84.002563 44.047977 1.343530 -0.017651 0.021696 -1.565514 439.290009
83.996849 43.838203 1.343530 -0.020970 0.021389 -1.568390 439.394989
83.993347 43.628323 1.343530 -0.018624 0.020788 -1.570677 439.500000
83.991745 43.398449 1.343530 -0.012183 0.020490 -1.572689 439.614990
83.991669 43.168533 1.343530 -0.003775 0.020602 -1.574269 439.730011
83.992012 42.958569 1.343530 0.002246 0.020585 -1.575416 439.834991
83.992142 42.748604 1.343530 0.005940 0.020844 -1.576352 439.940002
83.991432 42.498650 1.343530 0.007674 0.019723 -1.577224 440.065002
83.989944 42.288765 1.343530 0.006561 0.020870 -1.577792 440.170013
83.987755 42.078812 1.343530 0.004334 0.020316 -1.578248 440.274994
83.985115 41.868847 1.343530 0.001443 0.020898 -1.578613 440.380005
83.982323 41.658882 1.343530 -0.000632 0.019756 -1.578909 440.484985
83.979607 41.448917 1.343530 -0.002245 0.020218 -1.579144 440.589996
83.977112 41.238953 1.343530 -0.002920 0.020151 -1.579333 440.695007
83.974800 41.019009 1.343530 -0.002700 0.020322 -1.579491 440.804993
83.972862 40.809059 1.343530 -0.001961 0.020462 -1.579609 440.910004
83.971451 40.589108 1.343530 -0.063314 0.019138 -1.528709 441.019989
83.976120 40.379601 1.343530 -0.034021 0.021121 -1.468486 441.125000
83.986481 40.170567 1.343530 -0.016149 0.021888 -1.438368 441.230011
84.000931 39.961826 1.343530 -0.008872 0.023040 -1.411803 441.334991
84.017097 39.753067 1.343530 0.000410 0.022585 -1.421794 441.440002
84.035339 39.524216 1.343530 -0.010474 0.022413 -1.430384 441.554993
84.054359 39.305264 1.343530 -0.016833 0.021471 -1.436919 441.665009
84.074539 39.096386 1.343530 0.021668 0.019713 -1.467600 441.769989
84.092422 38.887428 1.343530 0.071925 0.018733 -1.576249 441.875000
84.102997 38.678635 1.343530 0.021647 0.021124 -1.630452 441.980011
84.107948 38.470051 1.343530 0.082314 0.025915 -1.716604 442.084991
84.103592 38.262146 1.343530 0.106507 0.032429 -1.801382 442.190002
84.086983 38.055637 1.343530 0.120928 0.038723 -1.881177 442.295013
84.056381 37.851276 1.343530 0.094736 0.041171 -1.937730 442.399994
84.013954 37.649212 1.343530 0.119149 0.007489 -1.979318 442.505005
83.958511 37.445370 1.343530 0.082257 -0.157814 -2.080618 442.614990
83.899704 37.251194 1.343530 0.090336 -0.306377 -2.206274 442.734985
83.843445 37.058479 1.343530 0.103965 -0.219992 -2.373815 442.894989
83.792854 36.858234 1.343530 0.090630 -0.093930 -2.656542 443.165009
83.761711 36.660324 1.343530 0.019713 0.004355 2.778465 443.975006
83.744980 36.873734 1.343530 0.005101 0.207709 1.602346 445.529999
83.734848 37.074936 1.343530 -0.000511 0.098299 1.530628 445.684998
83.726151 37.275043 1.343530 0.008621 0.045617 1.463112 445.825012
83.720139 37.481869 1.343530 0.030943 0.028586 1.396436 445.964996
83.720909 37.683506 1.343530 0.053113 0.025985 1.332320 446.100006
83.731750 37.887970 1.343530 0.013066 0.169360 1.319015 446.234985
83.753174 38.114536 1.343530 0.041233 0.148503 1.330327 446.369995
83.780426 38.315063 1.343530 0.058988 0.096049 1.337469 446.480011
83.815086 38.513390 1.343530 0.058884 0.061021 1.342951 446.584991
83.857056 38.714718 1.343530 0.042305 0.040448 1.347308 446.690002
83.904114 38.917255 1.343530 -0.004816 0.028566 1.365907 446.795013
83.949997 39.120907 1.343530 -0.088837 0.023636 1.476590 446.899994
83.986740 39.325928 1.343530 -0.109282 0.028714 1.572001 447.005005
84.013420 39.541798 1.343530 -0.046216 0.031730 1.600526 447.114990
84.033539 39.758888 1.343530 -0.038002 0.031119 1.588469 447.225006
84.048416 39.967247 1.343530 -0.043032 0.027373 1.579227 447.329987
84.058693 40.176369 1.343530 -0.039364 0.024686 1.571855 447.434998
84.064751 40.385937 1.343530 -0.030549 0.021576 1.565888 447.540009
84.067680 40.595695 1.343530 -0.015862 0.020875 1.561089 447.644989
84.069107 40.815491 1.343530 0.000217 0.020279 1.557148 447.755005
84.070816 41.055267 1.343530 0.011746 0.019835 1.553752 447.875000
84.073662 41.264996 1.343530 0.016119 0.019883 1.551380 447.980011
84.078232 41.474667 1.343530 0.015101 0.021059 1.549495 448.084991
84.084427 41.684330 1.343530 0.010961 0.020730 1.547974 448.190002
84.091782 41.894020 1.343530 0.004782 0.020787 1.546758 448.295013
84.099686 42.103745 1.343530 -0.000623 0.020696 1.545783 448.399994
84.108284 42.333420 1.343530 -0.005036 0.020247 1.544938 448.515015
84.115967 42.553062 1.343530 -0.006764 0.020017 1.544292 448.625000
84.122635 42.762726 1.343530 -0.006438 0.020395 1.543807 448.730011
84.128677 42.972450 1.343530 -0.004819 0.020362 1.543410 448.834991
84.134277 43.182175 1.343530 -0.002439 0.020913 1.543094 448.940002
84.140503 43.421951 1.343530 -0.000331 0.020111 1.542811 449.059998
84.146988 43.671669 1.343530 0.001176 0.020137 1.542575 449.184998
84.152626 43.881393 1.343530 0.001774 0.019993 1.542424 449.290009
84.158485 44.091068 1.343530 0.001673 0.020507 1.542303 449.394989
84.164597 44.300747 1.343530 0.001026 0.020853 1.542205 449.500000
84.171875 44.540451 1.343530 0.044216 0.019355 1.510353 449.619995
84.181992 44.759922 1.343530 0.007288 0.020338 1.491764 449.730011
84.193062 44.969326 1.343530 0.000662 0.021407 1.494647 449.834991
84.204414 45.178802 1.343530 0.002871 0.020704 1.496966 449.940002
84.218582 45.428188 1.343530 0.005484 0.020899 1.499132 450.065002
84.231270 45.637672 1.343530 0.005509 0.020521 1.500559 450.170013
84.244690 45.847157 1.343530 0.003916 0.020900 1.501715 450.274994
84.258652 46.056641 1.343530 0.001596 0.019695 1.502633 450.380005
84.272896 46.266045 1.343530 -0.000736 0.019675 1.503371 450.484985
84.287155 46.475414 1.343530 -0.002640 0.020207 1.503960 450.589996
84.301308 46.684776 1.343530 -0.003647 0.020836 1.504443 450.695007
84.315193 46.894180 1.343530 -0.003885 0.020456 1.504820 450.799988
84.328804 47.103615 1.343530 -0.003424 0.020263 1.505124 450.904999
84.342186 47.313099 1.343530 -0.002473 0.020727 1.505368 451.010010
84.355484 47.522606 1.343530 -0.001621 0.019974 1.505569 451.114990
84.369362 47.742065 1.343530 -0.000878 0.020068 1.505732 451.225006
84.382660 47.951550 1.343530 -0.000490 0.020417 1.505856 451.329987
84.395981 48.161079 1.343530 -0.000322 0.020148 1.505958 451.434998
84.411362 48.400513 1.343530 -0.000328 -0.000303 1.506050 451.554993
84.425156 48.613621 1.343530 -0.000060 -0.220303 1.506113 451.665009
84.438629 48.819916 1.343530 -0.000264 -0.331536 1.506165 451.790009
84.452820 49.034946 1.343530 -0.000440 -0.268404 1.506233 451.980011
84.517128 49.224800 1.343530 -0.014085 0.322046 1.193176 452.894989
84.616699 49.425224 1.343530 -0.046394 0.319041 1.216728 453.119995
84.692444 49.619003 1.343530 -0.037303 0.200053 1.292266 453.255005
84.759926 49.812176 1.343530 -0.020221 0.112194 1.364244 453.369995
84.824608 50.009247 1.343530 0.020820 0.065983 1.398487 453.480011
84.888351 50.202660 1.343530 -0.033638 0.047286 1.418213 453.584991
84.948990 50.399681 1.343530 -0.109731 0.043041 1.498891 453.690002
84.997932 50.600239 1.343530 -0.141756 0.045998 1.579923 453.795013
85.031235 50.803596 1.343530 -0.123346 0.047997 1.641580 453.899994
85.051292 51.009155 1.343530 -0.072155 0.042134 1.627178 454.005005
85.063408 51.226513 1.343530 -0.066180 0.033991 1.615076 454.114990
85.067528 51.455082 1.343530 -0.053876 0.026339 1.605049 454.230011
85.065193 51.664299 1.343530 -0.032597 0.023482 1.597774 454.334991
85.058395 51.903667 1.343530 -0.006432 0.021205 1.591221 454.454987
85.049278 52.133083 1.343530 -0.071080 0.019926 1.676254 454.570007
85.032593 52.351620 1.343530 -0.077620 0.022240 1.775964 454.679993
85.007767 52.558693 1.343530 -0.081490 0.025894 1.862924 454.785004
84.973602 52.763783 1.343530 -0.090609 0.030609 1.942839 454.890015
84.929413 52.966484 1.343530 -0.042052 0.033069 1.969429 454.994995
84.878502 53.168156 1.343530 -0.106306 0.035219 2.004779 455.100006
84.816231 53.366543 1.343530 -0.116075 0.037230 2.070198 455.204987
84.734085 53.579136 1.343530 -0.118477 0.033024 2.094972 455.320007
84.647400 53.768745 1.343530 -0.129355 0.030120 2.150700 455.424988
84.547836 53.951740 1.343530 -0.145050 0.032247 2.244487 455.529999
84.434471 54.126171 1.343530 -0.133388 0.034365 2.329705 455.635010
84.308769 54.291912 1.343530 -0.123582 0.034935 2.410854 455.739990
84.172165 54.448933 1.343530 -0.119060 0.035094 2.489623 455.845001
83.999268 54.627274 1.343530 -0.079088 0.030667 2.490390 455.970001
83.847893 54.772163 1.343530 -0.049012 0.026335 2.488542 456.075012
83.698631 54.905312 1.343530 -0.069289 0.023859 2.538873 456.174988
83.544815 55.033478 1.343530 -0.031505 0.020804 2.522562 456.274994
83.372955 55.171856 1.343530 -0.027105 0.018566 2.515299 456.385010
83.214828 55.295704 1.343530 -0.023853 0.016977 2.508558 456.484985
83.055275 55.417950 1.343530 -0.017797 0.016264 2.502819 456.584991
82.894730 55.539089 1.343530 -0.010577 0.015274 2.498436 456.684998
82.733696 55.659668 1.343530 -0.002878 0.015298 2.495446 456.785004
82.572609 55.780235 1.343530 0.002598 0.014668 2.493198 456.885010
82.411819 55.901196 1.343530 0.005738 0.014659 2.491504 456.984985
82.251434 56.022652 1.343530 -0.040158 0.013662 2.522722 457.084991
82.089943 56.142403 1.343530 -0.057695 0.014661 2.568172 457.184998
81.925583 56.257492 1.343530 -0.092082 0.016999 2.663986 457.285004
81.748405 56.369934 1.343530 -0.101026 0.022824 2.753507 457.390015
81.566338 56.472557 1.343530 -0.107809 0.028571 2.834206 457.494995
81.379478 56.564613 1.343530 -0.087485 0.012231 2.882306 457.600006
81.167740 56.655071 1.343530 -0.118860 -0.117825 2.983785 457.720001
80.978249 56.723610 1.343530 -0.161346 -0.071868 3.073526 457.834991
80.759827 56.784542 1.343530 -0.034900 -0.025443 2.944404 457.975006
80.562569 56.832874 1.343530 0.000399 -0.009342 2.836175 458.105011
80.361656 56.882797 1.343530 0.011695 -0.000362 2.707759 458.239990
80.163994 56.935589 1.343530 0.029826 0.011230 2.643678 458.375000
79.947777 57.001568 1.343530 0.062242 0.022423 2.581199 458.524994
79.730515 57.085091 1.361766 0.101175 0.031067 2.494179 458.679993
79.543236 57.179588 1.362783 0.103227 0.031586 2.423037 458.820007
79.352028 57.299065 1.382446 0.046376 0.024341 2.435418 458.970001
79.184181 57.416016 1.391225 0.036976 0.016270 2.448221 459.105011
79.023758 57.536446 1.403072 0.082817 0.164219 2.425926 459.234985
78.848679 57.686520 1.403643 0.075418 0.136463 2.336167 459.369995
78.701393 57.827690 1.404031 -0.010076 0.079580 2.302348 459.480011
78.558525 57.968826 1.428623 -0.004261 0.033409 2.251678 459.584991
78.412193 58.117470 1.428795 0.109705 -0.108052 2.079316 459.695007
78.272736 58.274765 1.428926 0.165756 -0.062086 1.906529 459.815002
78.155083 58.437199 1.429039 0.189578 0.004995 1.753951 459.940002
78.060410 58.618000 1.429139 0.183073 0.046059 1.612621 460.079987
77.993317 58.827919 1.449258 0.160894 0.058924 1.463507 460.230011
77.961891 59.052032 1.478924 0.105245 0.052571 1.361709 460.385010
77.957634 59.265549 1.465345 0.037249 0.038104 1.338684 460.529999
77.964851 59.482159 1.442980 0.082426 0.031705 1.323356 460.674988
77.988541 59.682766 1.442480 0.142424 0.035270 1.121485 460.809998
78.036835 59.876862 1.442150 0.104149 0.037426 0.990054 460.945007
78.107239 60.071274 1.441872 0.073111 0.036246 0.879813 461.084991
78.198204 60.265324 1.441641 0.070686 0.038225 0.800509 461.230011
78.301331 60.446083 1.441463 0.084491 0.037812 0.750605 461.369995
78.415604 60.612328 1.441323 0.095015 0.035033 0.694829 461.505005
78.544701 60.768238 1.441210 0.094390 0.030858 0.634847 461.640015
78.683273 60.917324 1.441118 -0.050678 0.013558 0.844209 461.774994
78.817101 61.071651 1.441043 -0.053009 0.010411 1.032687 461.910004
78.956200 61.249355 1.440977 -0.066810 0.015701 1.210311 462.059998
79.069916 61.415154 1.440929 -0.096150 0.029434 1.356642 462.195007
79.170975 61.594864 1.440888 -0.117633 0.046032 1.491468 462.334991
79.249542 61.783482 1.440856 -0.111516 0.056464 1.601399 462.475006
79.305626 61.980488 1.440830 -0.103007 0.053351 1.639877 462.614990
79.341919 62.198833 1.440808 -0.133142 0.047762 1.733318 462.765015
79.350227 62.406078 1.440791 -0.097007 0.039633 1.780448 462.904999
79.339317 62.607166 1.440778 -0.082426 0.031486 1.836836 463.040009
79.312828 62.807865 1.440768 -0.043683 0.024807 1.875602 463.174988
79.277206 63.008301 1.440760 -0.018083 0.018286 1.858040 463.309998
79.237389 63.208908 1.440754 -0.019539 0.015265 1.844576 463.445007
79.191948 63.416584 1.440747 -0.006382 0.012909 1.825970 463.584991
79.143402 63.639412 1.440743 0.049645 0.070288 1.705550 463.734985
79.108681 63.846962 1.440740 0.072914 0.004946 1.535988 463.869995
79.086739 64.046875 1.440737 0.050717 0.003795 1.467813 464.000000
79.073318 64.252296 1.440734 0.066310 0.015891 1.399124 464.135010
79.071327 64.463951 1.440731 0.080018 0.022340 1.337585 464.274994
79.084198 64.666557 1.440731 0.091493 0.027539 1.265687 464.410004
79.113983 64.866890 1.440731 0.090405 0.028615 1.196701 464.545013
79.160431 65.064110 1.440731 0.082452 0.027077 1.130108 464.679993
79.224579 65.264641 1.440731 0.076717 0.054457 1.062972 464.820007
79.302742 65.454506 1.440731 0.075919 0.180525 0.996847 464.950012
79.393051 65.634758 1.440731 0.068185 0.126830 0.929879 465.059998
79.494781 65.813110 1.440731 0.022375 0.077969 0.886649 465.170013
79.599266 65.986702 1.440731 -0.003210 0.051133 0.907883 465.274994
79.706688 66.163109 1.440731 0.019815 0.037186 0.920752 465.380005
79.817734 66.339806 1.440731 0.037547 0.029425 0.930245 465.484985
79.933258 66.514549 1.440731 0.108184 -0.064066 0.850217 465.589996
80.057144 66.682411 1.440731 0.158771 -0.124775 0.663838 465.700012
80.192657 66.837555 1.440731 0.171771 -0.051465 0.498539 465.820007
80.368759 66.995262 1.440731 0.166364 0.014301 0.326180 465.970001
80.538246 67.107254 1.440731 0.148475 0.040486 0.193462 466.105011
80.731941 67.199615 1.440731 0.111867 0.046081 0.090665 466.250000
80.928085 67.265312 1.440731 0.091931 0.042478 -0.009177 466.390015
81.123116 67.310829 1.440731 0.075827 0.036832 -0.046861 466.524994
81.329292 67.340744 1.440731 0.125355 0.038616 -0.185879 466.665009
81.536331 67.346268 1.440731 0.119593 0.041867 -0.324807 466.804993
81.770279 67.322128 1.440731 0.119455 0.047563 -0.489168 466.964996
81.969872 67.274719 1.440731 0.114129 0.048682 -0.618357 467.105011
82.162292 67.203949 1.440731 0.116602 0.049506 -0.750422 467.244995
82.344574 67.110481 1.440731 0.119585 0.051625 -0.879764 467.385010
82.519287 66.990463 1.440731 0.125446 0.053772 -1.016527 467.529999
82.671303 66.853485 1.440731 0.130032 0.055230 -1.146754 467.670013
82.812660 66.686005 1.440731 0.130822 0.055356 -1.286039 467.820007
82.925446 66.506699 1.440731 0.132049 0.055885 -1.421837 467.964996
83.009850 66.320557 1.440731 0.132974 0.056678 -1.554242 468.105011
83.068588 66.124954 1.440731 0.129132 0.055942 -1.685226 468.244995
83.101135 65.923439 1.440731 0.129495 0.056586 -1.815660 468.385010
83.107864 65.719208 1.440731 0.086810 0.051251 -1.886646 468.524994
83.094589 65.513245 1.440731 0.088240 0.044146 -1.932750 468.665009
83.063911 65.314896 1.440731 0.092462 0.037743 -1.988418 468.799988
83.015724 65.118973 1.440731 0.086894 0.031534 -2.043679 468.934998
82.951355 64.926949 1.440731 0.081331 0.028048 -2.107767 469.070007
82.872307 64.739807 1.440731 0.071949 0.024415 -2.171431 469.204987
82.780533 64.558113 1.440731 0.066579 0.022336 -2.235453 469.339996
82.677261 64.381996 1.440731 0.070936 0.091574 -2.301544 469.475006
82.566254 64.214127 1.440731 -0.008035 0.172827 -2.288952 469.600006
82.434410 64.021645 1.440731 0.012497 0.106141 -2.273671 469.730011
82.318932 63.858250 1.440731 0.025669 0.066664 -2.263919 469.834991
82.195580 63.694057 1.440731 0.113062 0.044369 -2.351093 469.940002
82.055222 63.528030 1.440731 0.075856 0.034643 -2.398729 470.049988
81.872849 63.330559 1.440731 0.070710 0.025801 -2.429510 470.184998
81.724678 63.182102 1.440731 0.038967 0.022957 -2.468360 470.290009
81.579765 63.044056 1.440731 0.072429 0.021919 -2.497887 470.390015
81.430405 62.910828 1.440731 0.043562 0.021741 -2.533807 470.489990
81.277756 62.781132 1.440731 0.019502 0.020119 -2.524364 470.589996
81.123413 62.652882 1.440731 0.024922 0.019784 -2.516761 470.690002
80.967270 62.526337 1.440731 0.028230 0.018002 -2.510534 470.790009
80.809372 62.401760 1.440731 0.026093 0.016531 -2.505521 470.890015
80.649979 62.278999 1.440731 0.020285 0.014958 -2.501427 470.989990
80.489548 62.157562 1.440731 0.010577 0.015011 -2.498138 471.089996
80.328621 62.036766 1.440731 0.002287 0.014967 -2.495460 471.190002
80.164398 61.910763 1.440731 -0.039581 -0.141718 -2.391187 471.295013
80.008125 61.785442 1.440731 -0.067065 -0.109758 -2.339612 471.404999
79.854630 61.654224 1.440731 -0.098318 -0.056452 -2.284914 471.524994
79.670761 61.478954 1.440731 -0.036144 -0.012037 -2.281524 471.684998
79.530067 61.334923 1.440731 -0.028673 0.001537 -2.290593 471.815002
79.357605 61.148987 1.440731 -0.019524 0.005712 -2.297554 471.980011
79.214668 60.989021 1.440731 -0.008971 0.007265 -2.301009 472.119995
79.073097 60.828156 1.450988 -0.000518 0.007884 -2.303249 472.260010
78.936661 60.673100 1.450526 -0.010241 0.008035 -2.292697 472.394989
78.802345 60.516357 1.450152 -0.049141 0.058187 -2.193941 472.529999
78.677086 60.359619 1.449869 -0.010587 0.161646 -2.153911 472.654999
78.552132 60.198795 1.449654 -0.024506 0.116144 -2.140587 472.769989
78.425484 60.034939 1.449479 -0.013516 0.071084 -2.165006 472.880005
78.299255 59.874630 1.449337 0.005826 0.046589 -2.223596 472.984985
78.168358 59.713814 1.449219 0.058443 0.030157 -2.332384 473.089996
78.033638 59.554157 1.449117 -0.017249 0.023554 -2.323109 473.195007
77.898979 59.393047 1.449032 -0.006793 0.021012 -2.317331 473.299988
77.770714 59.239052 1.448961 0.011588 -0.006986 -2.313910 473.399994
77.636925 59.080482 1.448899 0.005073 -0.062090 -2.296448 473.505005
77.508087 58.927406 1.448846 -0.055370 0.017079 -2.194295 473.609985
77.372543 58.756210 1.448798 -0.062087 0.055101 -2.101455 473.725006
77.252731 58.592430 1.448760 -0.072981 0.048505 -2.020242 473.829987
77.138634 58.421799 1.448728 -0.097307 0.044019 -1.939296 473.934998
77.033592 58.244942 1.448701 -0.145672 -0.056757 -1.810583 474.040009
76.942017 58.063206 1.448676 -0.193841 -0.094468 -1.640660 474.149994
76.870262 57.876034 1.448654 -0.217595 -0.017166 -1.483329 474.269989
76.827118 57.680557 1.448635 -0.201378 0.038135 -1.347710 474.399994
76.818665 57.473698 1.448617 -0.169543 0.056125 -1.211428 474.540009
76.842728 57.272141 1.448612 -0.098208 -0.112931 -1.072204 474.679993
76.881844 57.055355 1.448612 -0.095558 -0.202064 -0.878484 474.864990
76.912689 56.848507 1.448612 -0.081031 -0.079272 -0.564344 475.165009
76.919823 56.648544 1.448612 -0.002893 0.004017 0.864995 476.529999
76.954468 56.858715 1.440989 0.082061 0.247632 1.458791 477.125000
77.007721 57.053013 1.437142 0.002364 0.103452 1.288237 477.279999
77.063530 57.255226 1.437089 -0.084498 0.012854 1.165226 477.424988
77.104637 57.465424 1.437046 -0.098372 0.000295 1.192586 477.570007
77.127312 57.665779 1.437015 -0.009669 0.017917 1.208009 477.704987
77.151260 57.867008 1.436989 0.095384 0.032878 1.138607 477.839996
77.192360 58.064568 1.436968 0.117694 0.037661 1.072640 477.975006
77.254837 58.256107 1.436952 0.113338 0.035765 1.006157 478.109985
77.347595 58.460541 1.436936 0.072214 0.028770 0.948848 478.260010
77.448090 58.640499 1.436926 0.030921 0.172987 0.933421 478.394989
77.554764 58.813110 1.436918 0.017393 0.134615 0.943092 478.515015
77.664192 58.982304 1.436913 0.079036 0.090751 0.907085 478.625000
77.780197 59.145672 1.436908 0.045268 0.061509 0.859789 478.730011
77.905083 59.308250 1.436903 0.087398 0.044557 0.792553 478.834991
78.037399 59.468201 1.436900 0.012290 0.032204 0.796205 478.940002
78.201271 59.655621 1.436897 0.090900 0.027047 0.695995 479.065002
78.347015 59.805885 1.436894 0.100665 0.027559 0.612330 479.170013
78.500420 59.947800 1.436892 0.108577 0.030708 0.532807 479.274994
78.669327 60.086342 1.436889 0.119971 0.034937 0.453045 479.385010
78.838333 60.207787 1.436887 0.071112 0.034941 0.422847 479.489990
79.012878 60.322201 1.436887 0.057221 0.022576 0.428833 479.595001
79.187027 60.429901 1.436887 0.065749 -0.187424 0.318884 479.700012
79.361343 60.535587 1.436887 0.093334 -0.308595 0.193227 479.820007
79.535492 60.645473 1.436887 0.108031 -0.217413 0.020450 479.984985
79.707649 60.764835 1.436887 0.091309 -0.086691 -0.272747 480.269989
79.860252 60.894253 1.436887 0.015670 0.005727 -1.194226 481.149994
79.721947 60.739399 1.436887 0.007282 0.220005 -2.363050 482.630005
79.579941 60.590263 1.436887 -0.038805 0.089835 -2.438933 482.790009
79.440689 60.437500 1.436887 -0.001851 0.041843 -2.506311 482.934998
79.300507 60.285900 1.436887 0.021837 0.031745 -2.556928 483.075012
79.148445 60.130379 1.430081 0.038145 0.026717 -2.537306 483.220001
78.999939 59.989620 1.423955 0.060026 0.020154 -2.526137 483.355011
78.844406 59.855324 1.423444 0.036176 0.011112 -2.463704 483.489990
78.679375 59.719963 1.423015 0.034951 0.007838 -2.419162 483.630005
78.512505 59.590420 1.422680 0.031533 0.166380 -2.424927 483.765015
78.346146 59.464947 1.422436 -0.003346 0.130781 -2.427137 483.885010
78.183167 59.339962 1.422250 -0.024238 0.081604 -2.428727 483.994995
78.023933 59.213558 1.422099 -0.034419 0.050319 -2.429933 484.100006
77.864265 59.081699 1.421971 -0.032521 0.033974 -2.430908 484.204987
77.690208 58.932701 1.421852 -0.021887 0.014737 -2.431753 484.320007
77.533211 58.794960 1.421760 -0.007831 -0.046539 -2.432375 484.424988
77.381256 58.661633 1.421683 0.054330 -0.106392 -2.510754 484.529999
77.225922 58.530895 1.421672 0.017388 -0.295350 -2.418967 484.644989
77.068863 58.404377 1.421672 -0.029727 -0.276614 -2.267132 484.790009
76.907913 58.283997 1.421672 -0.062544 -0.154172 -2.036763 485.010010
76.739578 58.174679 1.421672 -0.045774 -0.030186 -1.539374 485.480011
76.929031 58.095284 1.421672 -0.012251 0.188669 -0.100323 487.130005
77.134621 58.067413 1.411576 0.008505 0.086999 -0.124763 487.285004
77.336319 58.039967 1.412019 -0.009076 0.037859 -0.185408 487.424988
77.543610 58.012619 1.412376 -0.005223 0.018340 -0.252305 487.565002
77.745888 57.986660 1.399864 -0.084388 0.122975 -0.242627 487.700012
77.948792 57.961441 1.400946 0.069673 0.159874 -0.343989 487.825012
78.150818 57.923714 1.401775 0.040909 0.114336 -0.371691 487.940002
78.370598 57.870205 1.402500 0.080555 0.076361 -0.410758 488.059998
78.592720 57.801125 1.403098 0.077096 0.053308 -0.469427 488.179993
78.786469 57.729763 1.403542 0.037399 0.039872 -0.456233 488.285004
78.980286 57.653038 1.403918 0.031148 0.029450 -0.445574 488.390015
79.173660 57.572269 1.404236 0.024037 0.023546 -0.434228 488.494995
79.357254 57.492577 1.404493 0.012792 0.020729 -0.428244 488.595001
79.540512 57.411293 1.404713 0.001775 0.018849 -0.423399 488.695007
79.723694 57.329479 1.404902 -0.007089 0.017082 -0.419447 488.795013
79.907036 57.247982 1.405064 -0.013485 0.016992 -0.416238 488.894989
80.090752 57.167355 1.405203 -0.016110 0.017425 -0.413623 488.994995
80.274948 57.087799 1.405322 -0.015522 0.017018 -0.411523 489.095001
80.459572 57.009258 1.405423 -0.012260 0.017378 -0.409825 489.195007
80.644501 56.931435 1.405511 -0.008398 0.017590 -0.408433 489.295013
80.829590 56.853970 1.405585 -0.004508 0.017168 -0.407320 489.394989
81.014687 56.776577 1.405648 -0.035752 0.015765 -0.384467 489.494995
81.200867 56.702534 1.405703 -0.090212 0.015811 -0.280676 489.595001
81.398193 56.631184 1.405752 -0.014257 0.020455 -0.284132 489.700012
81.596214 56.561478 1.405794 -0.051506 0.019873 -0.262683 489.804993
81.814667 56.490364 1.405832 -0.038557 0.022058 -0.228651 489.920013
82.015526 56.429939 1.405862 -0.033373 0.021676 -0.232695 490.024994
82.217476 56.372684 1.405887 -0.035252 0.020575 -0.235949 490.130005
82.420418 56.318718 1.405908 -0.031300 0.019886 -0.238583 490.234985
82.614456 56.269966 1.405926 -0.022394 0.019219 -0.240582 490.334991
82.818619 56.222649 1.405941 -0.104300 -0.072156 -0.101718 490.440002
83.023155 56.182819 1.405956 -0.034284 -0.133288 -0.104421 490.549988
83.227058 56.142609 1.405968 0.084164 -0.084555 -0.336982 490.670013
83.421722 56.093136 1.405979 0.099016 -0.025773 -0.520408 490.795013
83.618393 56.027588 1.405988 0.078377 0.011602 -0.606009 490.929993
83.813248 55.946045 1.405996 0.092060 0.026610 -0.674783 491.070007
83.992607 55.851730 1.406003 0.099144 0.030274 -0.739622 491.204987
84.180779 55.728168 1.406008 0.080060 0.027797 -0.800503 491.355011
84.342010 55.603851 1.406012 0.067408 0.021236 -0.809554 491.489990
84.503212 55.465759 1.406015 0.039719 0.015974 -0.807657 491.630005
84.651360 55.324078 1.406018 0.112429 0.015540 -0.965504 491.765015
84.784836 55.170525 1.406021 0.069123 0.020999 -1.094008 491.899994
84.907516 55.008747 1.406021 0.055514 0.022547 -1.151053 492.035004
85.021919 54.840603 1.406021 0.067767 0.024019 -1.212860 492.170013
85.125778 54.665665 1.406021 0.079693 0.025750 -1.277957 492.304993
85.216797 54.483780 1.406021 0.085569 0.026868 -1.344258 492.440002
85.293732 54.295555 1.406021 0.083782 0.026270 -1.408292 492.575012
85.363487 54.080475 1.406021 0.036639 0.022093 -1.427536 492.725006
85.418526 53.883511 1.406021 0.028880 0.067837 -1.412897 492.859985
85.466721 53.689205 1.406021 0.029924 0.170860 -1.402656 492.984985
85.510597 53.490185 1.406021 0.029824 0.119033 -1.395305 493.100006
85.557022 53.258801 1.406021 0.019882 0.067582 -1.389114 493.225006
85.596931 53.048271 1.406021 0.007991 0.043760 -1.384814 493.334991
85.634995 52.844379 1.406021 -0.001342 0.031466 -1.381539 493.440002
85.677528 52.619671 1.406021 -0.008159 0.025085 -1.378707 493.554993
85.721596 52.394485 1.406021 -0.009656 0.022188 -1.376483 493.670013
85.763268 52.188847 1.406021 -0.007552 0.020829 -1.374866 493.774994
85.806046 51.983276 1.406021 -0.003728 0.019643 -1.373567 493.880005
85.847420 51.787567 1.406021 0.000683 0.019180 -1.372574 493.980011
85.888924 51.591873 1.406021 0.004468 0.019010 -1.371771 494.079987
85.932388 51.386395 1.406021 0.006869 0.019365 -1.371094 494.184998
85.973412 51.190617 1.406021 0.007902 0.019066 -1.370570 494.285004
86.013992 50.994743 1.406021 0.007634 0.019115 -1.370145 494.385010
86.054153 50.798790 1.406021 0.005983 0.020295 -1.369798 494.484985
86.094055 50.602726 1.406021 0.004402 0.020240 -1.369518 494.584991
86.133881 50.406574 1.406021 0.003051 0.019804 -1.369294 494.684998
86.173706 50.210423 1.406021 0.002063 0.019852 -1.369110 494.785004
86.213631 50.014271 1.406021 0.001554 0.019816 -1.368963 494.885010
86.253571 49.818111 1.406021 0.048245 0.017462 -1.401445 494.984985
86.291000 49.621639 1.406021 0.013004 0.020124 -1.410848 495.084991
86.328979 49.415134 1.406021 0.007090 0.020120 -1.409411 495.190002
86.364624 49.218334 1.406021 0.028497 0.019027 -1.419029 495.290009
86.398262 49.011295 1.406021 0.038549 0.020529 -1.474046 495.394989
86.427528 48.803764 1.406021 0.020722 0.021858 -1.471777 495.500000
86.457031 48.575996 1.406021 0.060656 0.021064 -1.495698 495.614990
86.478477 48.357582 1.406021 0.043307 0.022521 -1.549607 495.725006
86.493660 48.148724 1.406021 0.010991 0.022534 -1.541684 495.829987
86.509506 47.909672 1.406021 0.005545 0.021838 -1.534547 495.950012
86.525261 47.660393 1.406021 0.004454 0.020814 -1.528803 496.075012
86.538071 47.450909 1.406021 0.003476 0.020291 -1.524985 496.179993
86.550613 47.241405 1.406021 0.002024 0.020889 -1.521947 496.285004
86.563042 47.031841 1.406021 0.000907 0.020569 -1.519495 496.390015
86.575508 46.822277 1.406021 -0.000014 0.020475 -1.517530 496.494995
86.587250 46.612690 1.406021 0.069732 0.020010 -1.579331 496.600006
86.592728 46.403217 1.406021 0.020007 0.021265 -1.622293 496.704987
86.595360 46.193790 1.406021 -0.042311 0.019967 -1.587222 496.809998
86.604141 45.954639 1.406021 -0.082670 0.019699 -1.459438 496.929993
86.619736 45.746143 1.406021 0.003615 0.021806 -1.444968 497.035004
86.635956 45.537525 1.406021 0.012786 0.021992 -1.450690 497.140015
86.652702 45.308643 1.406021 0.000642 0.022157 -1.455654 497.255005
86.668930 45.089485 1.406021 -0.009393 0.021129 -1.459415 497.364990
86.685654 44.880310 1.406021 -0.014328 0.020827 -1.462280 497.470001
86.702759 44.671181 1.406021 0.064038 0.018532 -1.549969 497.575012
86.713570 44.462120 1.406021 0.080245 0.021345 -1.649526 497.679993
86.718117 44.253296 1.406021 0.050964 0.024428 -1.672205 497.785004
86.717155 44.044640 1.406021 0.030371 0.025409 -1.713759 497.890015
86.711761 43.835953 1.406021 0.021073 0.026035 -1.703688 497.994995
86.703400 43.626961 1.406021 0.035007 0.026246 -1.695593 498.100006
86.690987 43.417877 1.406021 0.039540 0.024532 -1.689073 498.204987
86.674126 43.208866 1.406021 0.033213 0.022163 -1.683891 498.309998
86.652458 42.990108 1.406021 0.019631 0.021472 -1.679527 498.420013
86.629379 42.781437 1.406021 0.005790 0.020358 -1.676182 498.524994
86.604347 42.562901 1.406021 -0.006928 0.019909 -1.673384 498.635010
86.580978 42.354248 1.406021 -0.014830 0.020434 -1.671252 498.739990
86.556992 42.125538 1.406021 -0.017559 0.020200 -1.669422 498.855011
86.535896 41.906574 1.406021 -0.015307 0.019925 -1.668028 498.964996
86.515472 41.677517 1.406021 -0.010365 0.019523 -1.666868 499.079987
86.497765 41.468353 1.406021 -0.004813 0.019591 -1.666023 499.184998
86.480301 41.259190 1.406021 0.000602 0.020459 -1.665357 499.290009
86.462601 41.050026 1.406021 0.003426 0.020376 -1.664825 499.394989
86.444351 40.840874 1.406021 0.004350 0.019559 -1.664387 499.500000
86.425461 40.631802 1.406021 0.003578 0.020054 -1.664045 499.605011
86.406036 40.422798 1.406021 0.001664 0.020513 -1.663762 499.709991
86.386246 40.213795 1.406021 -0.000438 0.020117 -1.663537 499.815002
86.365433 39.994839 1.406021 -0.002278 0.020236 -1.663345 499.924988
86.345573 39.785835 1.406021 -0.003456 0.019966 -1.663206 500.029999
86.325920 39.576832 1.406021 -0.003883 0.020329 -1.663095 500.135010
86.306480 39.367828 1.406021 -0.003711 0.020050 -1.663005 500.239990
86.287247 39.158806 1.406021 -0.003046 0.020815 -1.662934 500.345001
86.268181 38.949722 1.406021 -0.002382 0.019839 -1.662874 500.450012
86.246391 38.710770 1.406021 -0.001610 0.019957 -1.662819 500.570007
86.227249 38.501781 1.406021 0.044117 -0.029922 -1.716929 500.674988
86.204163 38.300819 1.406021 0.129614 -0.137089 -1.919802 500.779999
86.168915 38.102783 1.406021 0.161873 -0.076002 -2.095045 500.894989
86.112823 37.902607 1.406021 0.123814 -0.003055 -2.186427 501.024994
86.018967 37.677769 1.406021 0.121718 0.030205 -2.291346 501.184998
85.910210 37.489147 1.406021 0.103262 0.031490 -2.349513 501.329987
85.791801 37.324413 1.406021 0.089638 0.027484 -2.409263 501.464996
85.659729 37.169628 1.406021 0.072244 0.023406 -2.471029 501.600006
85.518463 37.021870 1.406021 0.021464 0.017378 -2.451789 501.734985
85.373550 36.876091 1.406021 -0.000085 0.011196 -2.389262 501.869995
85.228645 36.729630 1.406021 0.047772 0.009004 -2.370662 502.005005
85.079895 36.587276 1.406021 0.040523 0.009430 -2.435527 502.140015
84.927795 36.448811 1.406021 0.082003 0.006847 -2.533810 502.274994
84.745705 36.300602 1.406021 0.079644 0.014843 -2.664228 502.429993
84.579865 36.182693 1.406021 0.058038 0.020252 -2.747337 502.565002
84.407951 36.074104 1.406021 0.066913 0.023161 -2.810821 502.700012
84.229828 35.976074 1.406021 0.077561 0.024906 -2.875244 502.834991
84.045433 35.890633 1.406021 0.082500 0.025701 -2.939021 502.970001
83.855339 35.819057 1.406021 0.083355 0.025955 -3.002787 503.105011
83.660461 35.761761 1.406021 0.080965 0.025380 -3.067507 503.239990
83.461952 35.718567 1.441995 0.074656 0.023924 -3.130386 503.375000
83.234818 35.684452 1.440998 0.012699 0.174101 -3.133898 503.524994
82.996552 35.653896 1.440207 0.024237 0.131568 -3.079557 503.665009
82.793320 35.630936 1.439692 0.042289 0.083804 -3.074030 503.774994
82.591766 35.612873 1.439277 0.033955 0.054322 -3.069826 503.880005
82.386230 35.597927 1.438924 0.018211 0.038116 -3.066450 503.984985
82.178650 35.584518 1.438625 0.001966 0.029098 -3.063765 504.089996
81.970093 35.571053 1.438371 -0.009263 0.024569 -3.061604 504.195007
81.761154 35.556377 1.438154 -0.014977 0.022685 -3.059848 504.299988
81.552071 35.539944 1.437970 -0.015410 0.021895 -3.058430 504.404999
81.313118 35.518963 1.437794 -0.010879 0.020352 -3.057168 504.524994
81.094513 35.497993 1.437658 -0.063699 -0.059628 -2.971142 504.635010
80.895775 35.473572 1.437549 -0.115406 -0.134270 -2.816751 504.739990
80.682312 35.436119 1.437441 -0.103061 -0.067637 -2.729773 504.864990
80.486763 35.388180 1.437351 -0.101592 -0.018143 -2.661533 504.989990
80.295464 35.325134 1.437274 -0.097716 0.009323 -2.594562 505.119995
80.085350 35.235420 1.437203 -0.090853 0.018364 -2.525521 505.269989
79.891861 35.131935 1.437149 -0.083352 0.021129 -2.448054 505.415009
79.695381 35.004456 1.437103 -0.074104 0.021486 -2.368227 505.570007
79.532707 34.881092 1.437070 -0.067234 0.020441 -2.299202 505.704987
79.379326 34.746819 1.437044 -0.074847 0.178745 -2.231973 505.834991
79.208054 34.571198 1.437022 -0.068782 0.120680 -2.150698 505.975006
79.073097 34.415226 1.437008 -0.076084 0.079838 -2.078572 506.084991
78.948341 34.255707 1.436997 -0.090554 0.058361 -2.007116 506.190002
78.830246 34.087849 1.436987 -0.043967 0.044871 -1.988879 506.295013
78.716057 33.914700 1.436979 -0.039500 0.036873 -2.005314 506.399994
78.605797 33.737206 1.436972 -0.126743 0.033033 -1.954946 506.505005
78.505981 33.553516 1.436966 -0.073452 0.030013 -1.932295 506.609985
78.405853 33.347160 1.436960 -0.122549 0.027386 -1.878074 506.725006
78.326256 33.153767 1.436955 -0.130193 0.029659 -1.792570 506.829987
78.260002 32.956039 1.436952 -0.122295 0.032398 -1.711365 506.934998
78.206551 32.754948 1.436950 -0.114825 0.034231 -1.635367 507.040009
78.164940 32.551392 1.436947 -0.048890 0.032548 -1.609310 507.144989
78.129471 32.346127 1.436945 -0.036191 0.030102 -1.622102 507.250000
78.089775 32.080261 1.436941 -0.044144 0.027324 -1.635006 507.385010
78.064072 31.872282 1.436939 -0.041623 0.023943 -1.642759 507.489990
78.042542 31.663607 1.436939 -0.030895 0.022153 -1.649063 507.595001
78.024055 31.454512 1.436939 -0.015404 0.020637 -1.654045 507.700012
78.006996 31.245245 1.436939 -0.001805 0.019807 -1.658068 507.804993
77.989914 31.036016 1.436939 0.008703 0.020311 -1.661299 507.910004
77.971718 30.826904 1.436939 0.013936 0.020254 -1.663895 508.015015
77.949883 30.598043 1.436939 0.013795 0.020218 -1.666139 508.130005
77.923958 30.349453 1.436939 0.008636 0.020598 -1.668054 508.255005
77.900955 30.140701 1.436939 0.003012 0.019510 -1.669308 508.359985
77.877457 29.932034 1.436939 -0.002178 0.019415 -1.670311 508.464996
77.854019 29.723410 1.436939 -0.005947 0.019681 -1.671123 508.570007
77.829178 29.515093 1.436939 0.075683 0.017838 -1.767660 508.674988
77.794632 29.298773 1.436939 0.090990 0.022402 -1.872614 508.785004
77.751297 29.095045 1.436939 0.100717 0.028780 -1.964294 508.890015
77.696808 28.894661 1.436939 0.108709 0.033918 -2.047439 508.994995
77.630829 28.698093 1.436939 0.051750 0.034918 -2.069213 509.100006
77.557564 28.503277 1.436939 0.045620 0.031992 -2.058882 509.204987
77.474655 28.300486 1.436939 0.014881 0.025565 -2.022297 509.315002
77.393456 28.107325 1.436939 -0.055824 -0.059558 -1.866071 509.420013
77.319130 27.921185 1.436939 -0.065251 -0.132203 -1.756172 509.524994
77.249153 27.732809 1.436939 -0.091985 -0.077791 -1.673365 509.640015
77.184319 27.524273 1.436939 -0.120704 -0.015165 -1.589182 509.774994
77.142044 27.327951 1.436939 -0.086948 0.012131 -1.552158 509.904999
77.114151 27.124407 1.436939 -0.063469 0.016502 -1.567898 510.040009
77.097595 26.920105 1.436939 -0.049166 0.014289 -1.579777 510.174988
77.089195 26.700081 1.436939 -0.026335 0.012536 -1.589353 510.320007
77.086044 26.479746 1.436939 -0.005464 0.052105 -1.596396 510.464996
77.083466 26.271797 1.436939 0.069137 0.165606 -1.643644 510.595001
77.071770 26.068975 1.436939 0.088037 0.118414 -1.741357 510.709991
77.046478 25.855154 1.436939 0.079450 0.075487 -1.837356 510.825012
77.012398 25.655857 1.436939 0.076587 0.053708 -1.917663 510.929993
76.968422 25.455923 1.436939 0.092363 0.045344 -1.997536 511.035004
76.898605 25.210846 1.436939 0.114433 0.044605 -2.092671 511.165009
76.827896 25.017149 1.436939 0.128513 0.045930 -2.168194 511.269989
76.738831 24.820196 1.436939 0.138966 0.046792 -2.243343 511.380005
76.638939 24.639544 1.436939 0.146851 0.039983 -2.319428 511.484985
76.525894 24.468611 1.436939 0.105315 -0.071699 -2.405915 511.589996
76.407585 24.307215 1.436939 0.092235 -0.284067 -2.521099 511.700012
76.286583 24.143827 1.436939 0.107434 -0.265266 -2.667698 511.839996
76.171387 23.979610 1.436939 0.105578 -0.147063 -2.882361 512.044983
76.063644 23.804895 1.436939 0.061415 -0.026893 2.955792 512.469971
76.142670 23.990025 1.436939 -0.029961 0.309770 1.128506 514.570007
76.220154 24.183002 1.436939 0.089124 0.185062 1.149965 514.700012
76.312798 24.380014 1.436939 0.110351 0.092261 1.135490 514.820007
76.408379 24.556295 1.436939 0.057174 0.053585 1.157362 514.924988
76.509476 24.734909 1.436939 0.010390 0.036340 1.187668 515.030029
76.612198 24.915363 1.436939 -0.003474 0.030048 1.176886 515.135010
76.734535 25.132320 1.436939 -0.035101 0.026867 1.166515 515.260010
76.852669 25.352304 1.436939 -0.052393 -0.013737 1.158474 515.385010
76.945084 25.535835 1.436939 -0.049890 -0.081346 1.153173 515.489990
77.032326 25.720621 1.436939 -0.099384 -0.008327 1.192749 515.599976
77.108704 25.906815 1.436939 -0.099934 0.080326 1.277775 515.710022
77.176224 26.102993 1.436939 -0.076981 0.068471 1.363356 515.820007
77.238037 26.306566 1.436939 0.008896 0.046880 1.369326 515.929993
77.298126 26.504013 1.436939 0.005189 0.035880 1.359627 516.034973
77.358711 26.703281 1.436939 -0.083111 0.029416 1.407337 516.140015
77.421417 26.933592 1.436939 -0.042200 0.026907 1.402624 516.260010
77.473770 27.146574 1.436939 -0.047544 0.024810 1.397858 516.369995
77.518982 27.351330 1.436939 -0.046386 0.022245 1.394228 516.474976
77.559677 27.557194 1.436939 -0.037515 0.020001 1.391285 516.580017
77.596893 27.763783 1.436939 -0.021331 0.020169 1.388948 516.684998
77.632317 27.970764 1.436939 -0.006630 0.019699 1.387062 516.789978
77.665817 28.167978 1.436939 0.005220 0.020153 1.385620 516.890015
77.700142 28.365084 1.436939 0.011785 0.019625 1.384434 516.989990
77.735878 28.561949 1.436939 0.013291 0.020079 1.383476 517.090027
77.773170 28.758545 1.436939 0.011117 0.019674 1.382694 517.190002
77.811760 28.954901 1.436939 0.006229 0.019608 1.382063 517.289978
77.851189 29.151114 1.436939 0.001002 0.019194 1.381544 517.390015
77.890625 29.347321 1.436939 -0.062220 0.019090 1.425547 517.489990
77.926285 29.554041 1.436939 -0.065265 0.020516 1.508131 517.594971
77.955948 29.761339 1.436939 -0.006596 0.022210 1.499031 517.700012
77.987343 29.988749 1.436939 -0.009028 0.021785 1.491137 517.815002
78.016396 30.206600 1.436939 -0.017114 0.021684 1.485174 517.924988
78.042450 30.414867 1.436939 -0.020227 0.020358 1.480581 518.030029
78.064774 30.623446 1.436939 -0.039900 0.020650 1.523106 518.135010
78.082756 30.832291 1.436939 -0.015567 0.021841 1.517984 518.239990
78.101311 31.071241 1.436939 -0.009754 0.021072 1.513351 518.359985
78.117950 31.300428 1.436939 -0.006105 0.020926 1.509890 518.474976
78.133797 31.519697 1.436939 0.061950 0.018470 1.451757 518.585022
78.155075 31.728029 1.436939 0.079427 0.020711 1.353239 518.690002
78.183121 31.935160 1.436939 0.016333 0.023435 1.358017 518.794983
78.215698 32.141602 1.436939 0.093682 0.024802 1.263197 518.900024
78.258568 32.345455 1.436939 0.113131 0.030745 1.172285 519.005005
78.313904 32.545589 1.436939 0.119886 0.035874 1.089121 519.109985
78.389748 32.759449 1.436939 0.128164 0.040425 1.000687 519.224976
78.482124 32.966450 1.436939 0.132049 0.041358 0.916012 519.340027
78.580368 33.147896 1.436939 0.128006 -0.000791 0.843353 519.445007
78.703995 33.341278 1.436939 0.131196 -0.015416 0.760755 519.565002
78.827950 33.504990 1.436939 0.137546 0.076600 0.688475 519.674988
78.967873 33.660164 1.436939 0.131111 0.073427 0.616159 519.784973
79.115158 33.800179 1.436939 0.067373 0.055495 0.581219 519.890015
79.270676 33.935802 1.436939 0.039570 0.040465 0.594482 519.994995
79.431030 34.069180 1.436939 0.042537 0.030018 0.605232 520.099976
79.595642 34.199188 1.436939 0.078104 0.023727 0.575592 520.205017
79.764709 34.323650 1.436939 0.037671 -0.016415 0.588688 520.309998
79.932899 34.442688 1.436939 0.022828 -0.082049 0.598110 520.414978
80.115822 34.569164 1.436939 0.009848 -0.130857 0.603424 520.534973
80.314720 34.705017 1.436939 0.001657 0.088061 0.606323 520.674988
80.483681 34.820511 1.436939 -0.004154 0.109048 0.607899 520.789978
80.653885 34.937901 1.436939 -0.006930 0.073814 0.609075 520.900024
80.821220 35.054508 1.429986 0.026568 0.046861 0.589247 521.005005
81.009697 35.181202 1.418596 0.080756 0.031005 0.482706 521.119995
81.204453 35.300468 1.419037 0.020097 0.024762 0.433878 521.234985
81.384720 35.405300 1.419378 0.076281 -0.020884 0.365967 521.340027
81.597076 35.518856 1.419717 0.051508 -0.089441 0.340139 521.465027
81.782173 35.611607 1.419976 0.043164 -0.048345 0.354916 521.583984
81.963943 35.697201 1.420192 0.043458 0.105920 0.362400 521.695007
82.148521 35.777782 1.420365 0.040860 0.091863 0.368048 521.804993
82.333908 35.853790 1.420505 0.031337 0.061363 0.372366 521.909973
82.534042 35.932446 1.420627 0.015657 0.039793 0.376757 522.020020
82.728004 36.007286 1.420727 0.002384 0.029631 0.379362 522.125000
82.923157 36.082764 1.420812 -0.006559 0.021804 0.382128 522.229980
83.154221 36.173744 1.420897 -0.010710 -0.049339 0.384165 522.354980
83.349442 36.252422 1.420959 0.011571 -0.104333 0.365553 522.465027
83.539650 36.328243 1.421014 0.014576 -0.093603 0.314135 522.580017
83.733521 36.400658 1.421063 0.113782 -0.041975 0.140455 522.705017
83.929413 36.457085 1.421105 0.128230 0.001480 -0.030798 522.835022
84.137817 36.494015 1.421143 0.120721 0.027715 -0.182623 522.974976
84.337608 36.506596 1.421171 0.124295 0.042496 -0.319990 523.109985
84.564545 36.491825 1.421198 0.123296 0.050530 -0.473515 523.265015
84.765060 36.451439 1.421216 0.122055 0.053428 -0.603613 523.405029
84.985504 36.374634 1.421233 0.123980 0.054577 -0.754503 523.565002
85.167358 36.281483 1.421245 0.122480 0.054346 -0.882229 523.710022
85.353004 36.152020 1.421257 0.129797 0.055514 -1.029570 523.864990
85.502922 36.012886 1.421264 0.125886 0.055032 -1.158817 524.005005
85.633438 35.855297 1.421270 0.130097 0.055246 -1.291550 524.145020
85.742165 35.681992 1.421275 0.129814 0.055656 -1.422617 524.284973
85.827019 35.496014 1.421278 0.129722 0.056415 -1.554758 524.424988
85.888847 35.300507 1.421282 0.082823 0.047847 -1.601439 524.565002
85.933388 35.105526 1.421285 0.048135 0.038788 -1.591864 524.700012
85.968170 34.905918 1.421287 0.054692 0.027724 -1.571035 524.835022
85.993301 34.703381 1.421287 0.051050 0.019929 -1.555258 524.969971
86.009537 34.499222 1.421287 0.037267 0.014895 -1.543232 525.104980
86.019432 34.294308 1.421287 0.017533 0.012570 -1.534222 525.239990
86.027016 34.066315 1.421287 -0.000084 0.011875 -1.526733 525.390015
86.034004 33.859097 1.421287 -0.011383 0.151979 -1.521774 525.525024
86.044563 33.622223 1.421287 -0.015507 0.138159 -1.517885 525.664978
86.055847 33.419472 1.421287 0.018679 0.088424 -1.533714 525.775024
86.064766 33.218090 1.421287 0.020723 0.057227 -1.593113 525.880005
86.071236 33.012703 1.421287 -0.014378 0.039068 -1.585403 525.984985
86.078896 32.805229 1.421287 -0.007103 0.030946 -1.579176 526.090027
86.087181 32.596634 1.421287 0.003968 0.025825 -1.574190 526.195007
86.094971 32.387459 1.421287 0.012111 0.022842 -1.570164 526.299988
86.101463 32.177990 1.421287 0.015405 0.022364 -1.566914 526.405029
86.106316 31.968311 1.421287 0.014105 0.021734 -1.564310 526.510010
86.109749 31.728556 1.421287 0.069328 0.018932 -1.609783 526.630005
86.105415 31.509289 1.421287 0.041978 0.022244 -1.674351 526.739990
86.095840 31.300318 1.421287 0.011446 0.023462 -1.669127 526.844971
86.082275 31.051277 1.421287 0.013463 0.022289 -1.664230 526.969971
86.068398 30.832033 1.421287 0.015347 0.021043 -1.660872 527.080017
86.052536 30.612852 1.421287 0.013182 0.020498 -1.658211 527.190002
86.035805 30.403719 1.421287 0.007720 0.021156 -1.656174 527.294983
86.018105 30.194590 1.421287 0.001735 0.020987 -1.654554 527.400024
86.000053 29.985426 1.421287 -0.003236 0.020388 -1.653259 527.505005
85.982231 29.776220 1.421287 -0.006553 0.020393 -1.652216 527.609985
85.964935 29.566969 1.421287 -0.007625 0.020298 -1.651381 527.715027
85.946739 29.337744 1.421287 -0.006853 0.020328 -1.650642 527.830017
85.930717 29.128395 1.421287 -0.005045 0.020170 -1.650105 527.934998
85.915077 28.918991 1.421287 -0.002885 0.020296 -1.649677 528.039978
85.899536 28.709593 1.421287 -0.001108 0.019774 -1.649338 528.145020
85.883995 28.500254 1.421287 0.000116 0.019556 -1.649071 528.250000
85.866013 28.261072 1.421287 0.000840 0.020407 -1.648825 528.369995
85.850044 28.051779 1.421287 0.000670 0.020873 -1.648653 528.474976
85.833824 27.842447 1.421287 0.000050 0.020825 -1.648504 528.580017
85.817284 27.633108 1.421287 0.050609 0.018853 -1.686169 528.684998
85.797569 27.424213 1.421287 0.006588 0.020520 -1.694597 528.789978
85.776588 27.215450 1.421287 0.000422 0.020579 -1.692396 528.895020
85.755257 27.006687 1.421287 0.002884 0.020555 -1.690609 529.000000
85.734047 26.797890 1.421287 -0.064634 0.018807 -1.625330 529.104980
85.717514 26.559113 1.421287 -0.085639 0.021982 -1.509798 529.224976
85.712929 26.350531 1.421287 -0.085938 0.026252 -1.423153 529.330017
85.718140 26.142685 1.421287 -0.096879 0.031680 -1.339726 529.434998
85.734138 25.935976 1.421287 -0.051598 0.034400 -1.303391 529.539978
85.754425 25.739065 1.451056 0.037261 0.026787 -1.411039 529.640015
85.772896 25.531157 1.455762 0.036273 0.022033 -1.523943 529.744995
85.787598 25.322845 1.455285 0.036899 0.019421 -1.620358 529.849976
85.798019 25.091249 1.454825 0.115827 -0.132202 -1.831860 529.969971
85.796867 24.890251 1.454458 0.167610 -0.064761 -1.996548 530.085022
85.776649 24.683741 1.454116 0.142131 0.007078 -2.055355 530.215027
85.728310 24.468128 1.453808 0.140392 0.032927 -2.114826 530.354980
85.658272 24.277809 1.453577 0.111573 0.032539 -2.164116 530.489990
85.566620 24.088003 1.453384 0.051059 0.021967 -2.141119 530.630005
85.453194 23.882109 1.453212 0.031509 0.014952 -2.128351 530.784973
85.345016 23.698290 1.453090 -0.028327 0.010002 -2.057118 530.924988
85.225922 23.485716 1.452978 -0.042606 0.011074 -1.944996 531.085022
85.128181 23.289043 1.452901 -0.062444 0.170452 -1.858749 531.224976
85.044739 23.097536 1.452846 0.012778 0.124330 -1.861927 531.344971
84.952461 22.882507 1.452800 -0.012708 0.075672 -1.872221 531.469971
84.870209 22.685505 1.452775 -0.032548 -0.003853 -1.908978 531.580017
84.792580 22.491997 1.452775 -0.002511 -0.223853 -2.024162 531.690002
84.712494 22.285063 1.452775 0.047187 -0.302436 -2.170761 531.830017
84.640160 22.081415 1.452775 0.076510 -0.183812 -2.380188 532.030029
84.582237 21.886236 1.452775 0.065110 -0.059386 -2.751921 532.385010
84.514214 21.697721 1.452775 -0.004975 0.311065 -2.147316 533.405029
84.409470 21.524727 1.452775 -0.008423 0.199771 -2.091887 533.625000
84.306023 21.348711 1.452775 -0.030108 0.090493 -2.065342 533.780029
84.205521 21.164881 1.452775 -0.012600 0.041708 -2.071707 533.924988
84.110977 20.986950 1.452775 0.010827 0.022364 -2.147270 534.059998
84.013168 20.808201 1.452775 0.017106 0.013842 -2.217571 534.195007
83.909447 20.628704 1.452775 0.038984 0.164998 -2.287743 534.330017
83.799576 20.459011 1.452775 0.086477 0.063398 -2.402973 534.450012
83.676735 20.293474 1.452775 0.095026 -0.046695 -2.510519 534.570007
83.545357 20.137680 1.452775 0.109149 -0.019574 -2.573967 534.695007
83.402466 19.993431 1.452775 0.120325 0.010610 -2.639103 534.825012
83.220634 19.841324 1.452775 0.067165 0.016356 -2.625979 534.979980
83.048157 19.715569 1.452775 0.057039 0.013415 -2.612557 535.119995
82.844467 19.581224 1.452775 -0.009157 0.007637 -2.519167 535.280029
82.673058 19.467646 1.452775 0.005474 0.008805 -2.462280 535.414978
82.506279 19.356689 1.452775 0.009776 0.106753 -2.469137 535.544983
82.322128 19.230764 1.452775 0.025498 0.096931 -2.489981 535.679993
82.150627 19.114189 1.452775 0.034375 -0.056719 -2.613430 535.799988
81.976700 19.001368 1.452775 0.043500 -0.043596 -2.703615 535.924988
81.793724 18.890247 1.452775 0.061487 -0.011077 -2.790026 536.059998
81.617439 18.794209 1.452775 0.066023 0.006364 -2.858046 536.190002
81.432190 18.703857 1.452775 0.031881 0.012869 -2.840265 536.325012
81.216782 18.606928 1.452775 0.038657 0.012759 -2.825110 536.479980
81.005234 18.520662 1.452775 0.034139 0.011447 -2.814465 536.630005
80.795715 18.442549 1.452775 0.023862 0.161444 -2.806925 536.775024
80.603584 18.374825 1.452775 0.010339 0.145174 -2.802218 536.895020
80.412544 18.307827 1.452775 -0.063948 0.090028 -2.747110 537.005005
80.225128 18.234697 1.452775 -0.087431 0.057560 -2.649916 537.109985
80.029495 18.146475 1.452775 -0.087861 0.042215 -2.556379 537.219971
79.828743 18.042290 1.452775 -0.096063 0.037319 -2.463257 537.335022
79.650482 17.936691 1.452775 -0.049986 0.034994 -2.430445 537.440002
79.474930 17.824581 1.452775 -0.036026 0.031449 -2.452942 537.544983
79.292694 17.702131 1.452775 -0.084863 0.026107 -2.438479 537.655029
79.116379 17.570852 1.452775 -0.131878 0.026081 -2.343678 537.765015
78.957489 17.434458 1.452775 -0.076894 0.026876 -2.291748 537.869995
78.804276 17.291269 1.452775 -0.026138 0.023530 -2.307522 537.974976
78.660004 17.152216 1.452775 -0.021366 0.019909 -2.315476 538.075012
78.516991 17.011278 1.452775 -0.020397 0.017737 -2.322037 538.174988
78.375214 16.868748 1.452775 -0.016033 0.016765 -2.327288 538.275024
78.234459 16.725010 1.452775 -0.010133 0.014999 -2.331528 538.375000
78.094330 16.580578 1.452775 -0.003072 0.015728 -2.334997 538.474976
77.954384 16.435898 1.452775 0.002100 0.014961 -2.337822 538.575012
77.801979 16.275351 1.452775 -0.077598 0.014435 -2.240284 538.684998
77.669365 16.124708 1.452775 -0.086863 0.017860 -2.150810 538.784973
77.537903 15.961380 1.452775 -0.114865 -0.059382 -2.025799 538.890015
77.416107 15.792522 1.452775 -0.158659 -0.119813 -1.848553 539.000000
77.300247 15.603720 1.452775 -0.140672 -0.038740 -1.758089 539.130005
77.209770 15.418843 1.452775 -0.140254 0.008087 -1.701689 539.260010
77.140335 15.224360 1.452775 -0.129563 0.024407 -1.643816 539.395020
77.093651 15.025926 1.452775 -0.107560 0.026398 -1.584314 539.530029
77.065407 14.817023 1.452775 -0.063020 0.023178 -1.535078 539.669983
77.049835 14.613805 1.452775 -0.021721 0.017946 -1.552856 539.804993
77.037437 14.386800 1.452775 -0.015302 0.015040 -1.567614 539.958008
77.029099 14.179148 1.452775 -0.007470 0.164820 -1.577509 540.090027
77.022728 13.975914 1.452775 -0.003392 0.144028 -1.584192 540.210022
77.014923 13.755123 1.452775 0.075316 0.085153 -1.668579 540.330017
76.999535 13.554580 1.452775 0.079902 0.057987 -1.765102 540.434998
76.968704 13.312790 1.452775 0.037035 0.040112 -1.845985 540.559998
76.936806 13.108493 1.452775 0.002451 0.033219 -1.836296 540.664978
76.903374 12.902995 1.452775 0.020657 0.029776 -1.828348 540.770020
76.868546 12.696806 1.452775 -0.042668 0.022515 -1.731560 540.875000
76.837372 12.489740 1.452775 -0.051166 0.019994 -1.626921 540.979980
76.811584 12.282342 1.452775 -0.058713 0.021319 -1.535114 541.085022
76.792488 12.074986 1.452775 -0.081599 0.027865 -1.450008 541.190002
76.782768 11.867844 1.452775 -0.110458 0.036930 -1.369625 541.294983
76.783150 11.660734 1.452775 -0.051504 0.037871 -1.383823 541.400024
76.790306 11.452897 1.452775 -0.065697 0.035247 -1.395271 541.505005
76.805138 11.244747 1.452775 -0.071478 0.029453 -1.404501 541.609985
76.830482 11.017097 1.452775 -0.057432 0.024855 -1.412586 541.724976
76.858856 10.809573 1.452775 0.043560 0.018935 -1.505938 541.830017
76.883247 10.601946 1.452775 0.078110 0.021774 -1.608532 541.934998
76.901756 10.394197 1.452775 0.020909 0.026820 -1.603952 542.039978
76.915031 10.186033 1.452775 0.122044 0.030431 -1.693810 542.145020
76.913925 9.948782 1.452775 0.140628 0.037769 -1.791786 542.265015
76.892395 9.713985 1.452775 0.136427 0.007516 -1.883295 542.385010
76.858376 9.514967 1.452775 0.129164 -0.040679 -1.959133 542.489990
76.809410 9.315968 1.452775 0.133298 0.067359 -2.032949 542.599976
76.743408 9.119699 1.452775 0.124107 0.076036 -2.104525 542.710022
76.660423 8.925297 1.452775 0.118641 0.061881 -2.182200 542.820007
76.562103 8.734840 1.452775 0.114663 0.050607 -2.259565 542.929993
76.455330 8.558400 1.452775 0.114968 0.044353 -2.333431 543.034973
76.336853 8.388599 1.452775 0.115747 0.041304 -2.405899 543.140015
76.207260 8.226624 1.452775 0.124904 0.040922 -2.480253 543.244995
76.039993 8.045272 1.452775 0.060520 -0.008349 -2.500872 543.369995
75.895782 7.902353 1.452775 0.086753 -0.073298 -2.537231 543.474976
75.747612 7.766133 1.452775 0.004580 -0.106840 -2.434210 543.585022
75.583801 7.617805 1.452775 -0.010910 -0.063475 -2.325060 543.715027
75.435684 7.482131 1.452775 -0.027352 -0.027802 -2.242880 543.840027
75.289680 7.342120 1.452775 -0.068333 -0.000944 -2.143503 543.969971
75.149170 7.191584 1.452775 -0.090251 0.016695 -2.037172 544.104980
75.021103 7.033074 1.452775 -0.043981 0.023326 -2.032690 544.239990
74.891434 6.855833 1.452775 -0.051719 0.019843 -2.048952 544.385010
74.773170 6.678796 1.452775 0.006939 0.010025 -2.150440 544.525024
74.658707 6.506523 1.452775 -0.011387 -0.223332 -2.047901 544.664978
74.544395 6.340820 1.452775 -0.051052 -0.211346 -1.864653 544.840027
74.423393 6.181024 1.452775 -0.063227 -0.093173 -1.555748 545.135010
74.464005 5.984271 1.452775 -0.009657 0.274547 -0.254576 546.664978
74.662689 5.930685 1.452775 -0.013890 0.119799 -0.161522 546.835022
74.859802 5.883282 1.452775 -0.026789 0.059905 -0.078535 546.979980
75.067566 5.837535 1.452775 -0.000350 0.033166 -0.088312 547.125000
75.265526 5.795659 1.452775 -0.037996 0.065568 -0.058773 547.260010
75.469215 5.759591 1.452775 -0.026683 0.177725 -0.066303 547.390015
75.688812 5.727790 1.452775 -0.040847 0.114646 -0.071926 547.515015
75.904617 5.702866 1.452775 -0.040719 0.068528 -0.075968 547.630005
76.107895 5.684053 1.452775 -0.030811 0.046445 -0.078930 547.734985
76.353889 5.665209 1.452775 -0.013255 0.032083 -0.081675 547.859985
76.562202 5.652265 1.452775 -0.042520 0.024852 -0.020798 547.965027
76.771187 5.643185 1.452775 -0.001480 0.023368 -0.022827 548.070007
76.990486 5.634012 1.452775 0.000285 0.022506 -0.024733 548.179993
77.200035 5.625213 1.452775 -0.003383 0.020967 -0.026186 548.284973
77.409637 5.616746 1.452775 -0.006340 0.020517 -0.027340 548.390015
77.619362 5.608907 1.452775 -0.007500 0.020443 -0.028263 548.494995
77.829086 5.601800 1.452775 -0.006489 0.020501 -0.029003 548.599976
78.038811 5.595314 1.452775 -0.004326 0.020899 -0.029604 548.705017
78.248627 5.589213 1.452775 -0.002026 0.020186 -0.030075 548.809998
78.478386 5.582688 1.452775 0.000252 0.020277 -0.030478 548.924988
78.688110 5.576647 1.452775 0.001532 0.020484 -0.030783 549.030029
78.897835 5.570378 1.452775 0.001963 0.020560 -0.031019 549.135010
79.104378 5.566126 1.452775 -0.104072 -0.132057 0.153233 549.239990
79.329056 5.572660 1.452775 -0.147074 -0.091174 0.349634 549.364990
79.531113 5.596178 1.448802 -0.163093 -0.012690 0.506901 549.489990
79.738708 5.647511 1.481706 -0.160694 0.033213 0.657698 549.630005
79.936653 5.730361 1.554107 -0.147079 0.051345 0.802477 549.775024
80.100052 5.828735 1.615649 -0.132706 0.052469 0.922613 549.905029
80.250015 5.946613 1.676126 -0.121871 0.049577 1.042646 550.034973
80.395271 6.092077 1.741870 -0.100408 0.045833 1.161474 550.174988
80.514824 6.241143 1.803299 -0.138853 0.048348 1.294176 550.306030
80.634377 6.441872 1.856541 -0.144842 0.057578 1.455067 550.465027
80.710533 6.630948 1.886619 -0.140017 0.058289 1.589319 550.604980
80.759499 6.828797 1.917668 -0.133952 0.056872 1.723974 550.744995
80.781303 7.031545 1.949401 -0.129425 0.056108 1.856068 550.885010
80.775543 7.242776 1.982715 -0.123539 0.054421 1.992502 551.030029
80.738457 7.465752 2.018735 -0.127102 0.053521 2.143745 551.184998
80.675240 7.667452 2.052327 -0.121394 0.054342 2.278677 551.330017
80.578934 7.872162 2.066133 -0.121345 0.052736 2.421436 551.484985
80.467957 8.043955 2.085885 -0.125848 0.054519 2.553930 551.625000
80.325790 8.211250 2.083357 -0.099755 0.050384 2.645578 551.775024
80.175156 8.351996 2.090899 -0.109497 0.047031 2.752853 551.914978
80.009308 8.475485 2.099463 -0.089543 0.043429 2.825811 552.054993
79.837967 8.580060 2.089569 -0.091838 0.037869 2.874287 552.190002
79.643463 8.675889 2.048555 -0.096242 0.033885 2.937834 552.335022
79.440170 8.753479 2.010473 -0.088258 0.028961 3.003059 552.479980
79.230888 8.815455 1.993724 0.040237 0.015518 2.895698 552.625000
79.029297 8.879576 1.963289 0.060150 0.012576 2.690184 552.765015
78.839302 8.951866 1.930200 0.054765 0.013392 2.526545 552.900024
78.655029 9.033864 1.897755 0.073308 0.022072 2.379148 553.034973
78.478691 9.127892 1.872275 0.097669 0.036187 2.245348 553.169983
78.307724 9.241847 1.862786 0.123001 0.050508 2.111597 553.310974
78.153419 9.375396 1.841077 0.144985 0.060540 1.975994 553.450012
78.020554 9.529174 1.841105 0.149227 0.063960 1.840458 553.590027
77.912483 9.701035 1.842225 0.140430 0.063204 1.711483 553.729980
77.829330 9.887092 1.843132 0.093350 0.055437 1.639608 553.869995
77.764931 10.083220 1.843860 0.088956 0.044455 1.596739 554.010010
77.719002 10.278948 1.844425 0.089613 0.036005 1.544645 554.145020
77.689339 10.478762 1.844888 0.087793 0.031801 1.486214 554.280029
77.675613 10.680856 1.845262 0.078435 0.027410 1.427406 554.414978
77.675514 10.883876 1.845564 0.038061 0.022796 1.408667 554.549988
77.683540 11.087581 1.845810 0.056836 0.020192 1.395878 554.684998
77.705887 11.324086 1.846036 0.024560 0.170773 1.345926 554.840027
77.736069 11.543459 1.846188 0.018005 0.138713 1.349747 554.969971
77.768784 11.743952 1.846294 0.046686 0.089250 1.286858 555.080017
77.806984 11.941696 1.846380 -0.001330 0.055983 1.300146 555.184998
77.846901 12.143257 1.846452 0.003959 0.039355 1.308878 555.289978
77.888283 12.346746 1.846514 0.010782 0.030471 1.316036 555.395020
77.931549 12.551065 1.846568 0.014254 0.026329 1.321869 555.500000
77.976875 12.755650 1.846613 0.012937 0.022623 1.326549 555.604980
78.031219 12.999484 1.846657 -0.021038 0.019502 1.389875 555.729980
78.074585 13.204797 1.846689 -0.046870 0.020530 1.431175 555.835022
78.113594 13.410767 1.846716 -0.072660 0.021775 1.519783 555.940002
78.145500 13.617358 1.846739 -0.012307 0.021992 1.549248 556.044983
78.175247 13.824285 1.846758 0.000520 0.023430 1.534584 556.150024
78.207504 14.051404 1.846776 -0.017121 0.023871 1.521828 556.265015
78.236343 14.269222 1.846790 -0.029575 0.022611 1.512171 556.375000
78.258064 14.467697 1.823515 -0.081750 0.022844 1.570669 556.474976
78.273315 14.676461 1.821680 -0.038053 0.023943 1.563526 556.580017
78.283875 14.875674 1.786425 -0.028735 0.023085 1.557972 556.679993
78.291664 15.075178 1.752680 -0.021127 0.021932 1.553440 556.780029
78.299545 15.284684 1.748177 0.066406 0.018545 1.456045 556.885010
78.314354 15.493236 1.748901 0.088364 0.022440 1.355719 556.989990
78.337517 15.690213 1.719033 0.093614 0.027618 1.270990 557.090027
78.370514 15.885108 1.685688 0.110034 0.034324 1.189506 557.190002
78.417267 16.086700 1.651608 0.122371 0.027159 1.108671 557.294983
78.476585 16.282246 1.618241 0.127981 -0.031607 1.031998 557.400024
78.559677 16.499071 1.580968 0.129125 -0.085958 0.950251 557.525024
78.646011 16.679962 1.575817 0.139192 0.087416 0.881491 557.640015
78.751884 16.854868 1.576655 0.096114 0.115086 0.828106 557.755005
78.875618 17.030878 1.577351 0.030043 0.077948 0.848864 557.869995
79.002495 17.202166 1.577913 0.024435 0.049722 0.861351 557.979980
79.128784 17.366488 1.578371 0.081993 0.036826 0.826765 558.085022
79.262482 17.527075 1.578754 0.040618 0.026005 0.783663 558.190002
79.400574 17.684982 1.579082 0.000881 0.003042 0.803236 558.294983
79.537537 17.840952 1.579358 0.001668 -0.068168 0.812893 558.400024
79.680656 18.003830 1.555916 0.006315 -0.120847 0.818443 558.515015
79.814949 18.155188 1.539262 0.084263 -0.071607 0.719044 558.630005
79.982368 18.325920 1.541358 0.111784 -0.035137 0.540058 558.775024
80.135925 18.458630 1.542877 0.099434 0.003088 0.459331 558.905029
80.301750 18.581318 1.544153 0.055329 0.015656 0.461578 559.039978
80.474052 18.693003 1.545195 0.100027 0.017634 0.389337 559.174988
80.661041 18.792774 1.546064 0.089643 0.020117 0.310223 559.315002
80.847771 18.875500 1.546741 0.070001 0.018412 0.267237 559.450012
81.039062 18.947132 1.547290 0.068777 0.018374 0.193144 559.585022
81.234077 19.007223 1.547735 0.040777 0.017888 0.139603 559.719971
81.428589 19.059933 1.548085 -0.003770 0.174925 0.157545 559.849976
81.645988 19.116056 1.548368 0.058356 0.132489 0.147449 559.979980
81.845871 19.159761 1.548569 0.038157 0.085194 0.110624 560.090027
82.044655 19.197657 1.548731 0.009259 0.055212 0.121868 560.195007
82.247398 19.234997 1.548867 0.009687 0.037700 0.130796 560.299988
82.452042 19.271702 1.548985 0.012453 -0.001033 0.138044 560.405029
82.682259 19.311754 1.549096 0.012870 -0.082571 0.144516 560.525024
82.898956 19.346277 1.549189 0.095151 -0.104113 0.009026 560.645020
83.115509 19.367956 1.549272 0.138731 -0.045305 -0.189350 560.775024
83.318596 19.368763 1.549340 0.118329 0.005159 -0.315352 560.905029
83.551086 19.344517 1.549405 0.110219 0.030039 -0.439747 561.059998
83.747894 19.302464 1.549450 0.090901 0.035243 -0.493069 561.195007
83.940422 19.243031 1.549486 0.092223 0.033350 -0.551989 561.330017
84.141197 19.160456 1.549518 0.087768 0.029693 -0.617743 561.474976
84.321480 19.067539 1.549541 0.080713 0.026279 -0.683250 561.609985
84.494011 18.960272 1.574224 0.114292 0.025559 -0.815472 561.744995
84.654045 18.836864 1.575145 0.110302 0.029855 -0.965153 561.880005
84.815247 18.682610 1.574725 0.103542 0.034404 -1.117847 562.030029
84.948631 18.524282 1.574411 0.119456 0.042633 -1.265104 562.169983
85.069397 18.339951 1.574141 0.124699 0.050481 -1.408737 562.320007
85.161575 18.148886 1.573933 0.126752 0.054378 -1.540106 562.465027
85.229256 17.940691 1.573763 0.130063 0.056360 -1.676245 562.614990
85.273033 17.695816 1.573611 0.087551 0.048815 -1.732529 562.784973
85.287933 17.489246 1.573513 0.097484 0.041983 -1.783627 562.924988
85.282387 17.273460 1.573432 0.077163 0.033905 -1.832180 563.070007
85.262177 17.072069 1.573371 0.040987 0.025161 -1.812592 563.205017
85.233604 16.870235 1.573323 0.034555 0.017912 -1.797878 563.340027
85.198456 16.668667 1.573282 0.023425 0.014499 -1.786694 563.474976
85.158867 16.467478 1.573249 0.009277 0.022629 -1.778286 563.609985
85.117233 16.266010 1.573223 -0.002872 0.171408 -1.772141 563.739990
85.076462 16.068153 1.573204 -0.011066 0.124089 -1.767950 563.854980
85.030403 15.837698 1.573188 -0.015683 0.071470 -1.764425 563.979980
84.991844 15.637294 1.573176 -0.015573 0.046709 -1.762087 564.085022
84.954025 15.433662 1.573166 -0.013008 0.032688 -1.760222 564.190002
84.916946 15.228370 1.573157 -0.008736 0.026738 -1.758705 564.294983
84.880318 15.022219 1.573150 -0.004796 0.022347 -1.757511 564.400024
84.842018 14.805855 1.573143 -0.000679 0.021426 -1.756521 564.510010
84.799995 14.569607 1.573137 -0.045388 0.018117 -1.721319 564.630005
84.767609 14.362457 1.573132 -0.045178 0.020417 -1.649021 564.734985
84.740196 14.154838 1.573130 -0.019188 0.022612 -1.650839 564.840027
84.710342 13.907072 1.573127 -0.024834 0.021732 -1.652527 564.965027
84.687943 13.698508 1.573124 -0.027033 0.020739 -1.653639 565.070007
84.668221 13.489638 1.573122 -0.022670 0.021201 -1.654530 565.174988
84.650711 13.280492 1.573119 -0.015034 0.021091 -1.655254 565.280029
84.634590 13.071155 1.573117 -0.006961 0.020159 -1.655844 565.385010
84.619011 12.861761 1.573116 0.000025 0.019700 -1.656315 565.489990
84.603165 12.652421 1.573116 0.005629 0.020567 -1.656683 565.594971
84.586540 12.443117 1.573116 0.007536 0.020687 -1.656977 565.700012
84.569824 12.243810 1.573116 0.006935 0.020036 -1.657200 565.799988
84.551392 12.034621 1.573116 0.004481 0.020394 -1.657398 565.905029
84.532341 11.825499 1.576687 0.001193 0.020367 -1.657555 566.010010
84.513916 11.626347 1.612146 -0.001713 0.020640 -1.657669 566.109985
84.495506 11.427163 1.646118 -0.003863 0.020230 -1.657772 566.210022
84.477325 11.227953 1.679561 -0.004894 0.020277 -1.657848 566.309998
84.458923 11.028800 1.712087 0.063017 0.018192 -1.717346 566.409973
84.434830 10.830707 1.744313 0.089021 0.021098 -1.814179 566.510010
84.401947 10.634606 1.775851 0.090388 0.025707 -1.899584 566.609985
84.355179 10.421655 1.768991 0.096919 0.030666 -1.985437 566.719971
84.299789 10.221546 1.781823 0.050546 0.032611 -2.019968 566.825012
84.237549 10.022898 1.795952 0.033317 0.031104 -2.006706 566.929993
84.172798 9.826345 1.794782 0.009584 -0.120553 -1.900099 567.034973
84.109825 9.633954 1.793746 -0.007404 -0.120601 -1.812443 567.145020
84.043045 9.416913 1.754652 -0.091426 -0.053514 -1.630817 567.280029
83.995888 9.225600 1.719499 -0.085941 -0.007001 -1.556654 567.405029
83.960274 9.022326 1.707739 -0.097082 0.018226 -1.485889 567.539978
83.941124 8.819347 1.697195 -0.052844 0.023195 -1.476343 567.674988
83.932343 8.600268 1.698191 -0.044229 0.019270 -1.492903 567.820007
83.933029 8.372787 1.699015 -0.034752 0.014292 -1.505598 567.969971
83.940277 8.167926 1.699610 -0.019166 0.012869 -1.514095 568.104980
83.950981 7.963080 1.700092 -0.004670 0.012019 -1.520477 568.239990
83.962509 7.759292 1.700470 0.006521 0.169135 -1.525137 568.369995
83.972832 7.559688 1.669848 0.012763 0.130717 -1.528332 568.484985
83.981834 7.355080 1.667370 0.014741 0.081444 -1.530747 568.594971
83.989174 7.152671 1.667901 0.013797 0.053510 -1.532608 568.700012
83.995323 6.946578 1.668350 0.009862 0.036845 -1.534088 568.804993
84.000633 6.738584 1.668730 0.004384 0.029033 -1.535276 568.909973
84.005821 6.509664 1.669079 0.054513 0.022609 -1.578884 569.025024
84.005081 6.300474 1.669351 0.086407 0.022223 -1.682381 569.130005
83.995323 6.092001 1.669581 0.025779 0.024424 -1.726908 569.234985
83.981705 5.883643 1.669777 0.003277 0.024137 -1.717949 569.340027
83.967102 5.674948 1.669943 0.015110 0.024560 -1.710739 569.445007
83.947060 5.426294 1.670108 0.025006 0.022415 -1.703989 569.570007
83.926033 5.207613 1.670230 0.025117 0.021106 -1.699343 569.679993
83.903015 4.999105 1.670327 0.018118 0.020716 -1.695820 569.784973
83.876060 4.791131 1.670411 0.090697 0.019553 -1.784203 569.890015
83.839699 4.585165 1.670481 0.096631 0.023679 -1.879522 569.994995
83.793076 4.381855 1.670541 0.034519 0.025239 -1.927580 570.099976
83.741318 4.179583 1.670592 0.013416 0.025872 -1.918596 570.205017
83.679230 3.948469 1.670641 0.025589 0.023984 -1.910435 570.325012
83.621437 3.746762 1.670677 0.031552 0.022056 -1.904757 570.429993
83.562897 3.555446 1.670707 0.027737 0.021054 -1.900421 570.530029
83.501099 3.364965 1.670732 0.073167 0.018862 -1.937244 570.630005
83.432610 3.177019 1.670753 0.097507 0.020554 -2.030266 570.729980
83.350929 2.984096 1.670772 0.090612 0.023287 -2.119984 570.835022
83.259766 2.796008 1.670788 0.087945 0.026133 -2.203251 570.940002
83.159462 2.613111 1.670802 0.099132 0.030269 -2.283850 571.044983
83.049393 2.436381 1.670814 0.108560 0.034024 -2.359726 571.150024
82.922874 2.259233 1.670825 0.127795 0.038982 -2.438252 571.260010
82.765015 2.070988 1.670834 0.135764 -0.017316 -2.526032 571.385010
82.619110 1.921996 1.670842 0.139352 -0.072144 -2.600912 571.494995
82.445038 1.770419 1.670848 0.147746 0.066037 -2.677685 571.625000
82.277428 1.652711 1.670854 0.141016 0.116888 -2.748117 571.739990
82.042068 1.516061 1.670859 0.035203 0.072685 -2.731260 571.885010
81.862404 1.418833 1.670862 0.030482 0.047998 -2.719423 571.989990
81.678360 1.322971 1.670864 0.027539 0.032798 -2.709845 572.094971
81.491653 1.228700 1.670867 0.019305 0.024867 -2.702257 572.200012
81.303429 1.135559 1.670869 0.009820 0.021168 -2.696104 572.304993
81.123497 1.047196 1.670871 0.001805 0.018767 -2.691406 572.405029
80.943367 0.958778 1.670874 0.052159 0.017003 -2.729265 572.505005
80.761742 0.873781 1.670874 0.033050 0.017230 -2.770628 572.604980
80.578705 0.792414 1.670874 0.007737 0.018134 -2.794457 572.705017
80.395325 0.711914 1.670874 0.005072 0.017709 -2.788492 572.804993
80.211365 0.633126 1.670874 0.035005 0.019591 -2.833185 572.905029
80.026115 0.557663 1.670874 0.035564 0.021735 -2.829294 573.005005
79.839523 0.485225 1.670874 0.042471 0.020711 -2.826145 573.104980
79.651505 0.416362 1.670874 0.042265 0.019360 -2.823587 573.205017
79.462196 0.351007 1.670874 0.034064 0.019018 -2.821482 573.304993
79.271759 0.288831 1.670874 0.085071 0.018630 -2.873224 573.405029
79.079552 0.233023 1.670874 0.022190 0.019363 -2.903421 573.505005
78.877838 0.177783 1.670874 0.081834 -0.098442 -3.018305 573.609985
78.669136 0.127892 1.670874 0.104375 -0.115533 3.133308 573.724976
78.468872 0.091219 1.670874 0.157705 -0.048689 3.005557 573.844971
78.264160 0.072783 1.670874 0.123370 0.001951 2.939931 573.974976
78.057991 0.075128 1.670874 0.112717 0.021311 2.877536 574.109985
77.855606 0.097805 1.670874 0.097007 0.026152 2.812789 574.244995
77.656425 0.138120 1.670874 0.053570 0.022374 2.770173 574.380005
77.437035 0.194852 1.670874 0.017936 0.016704 2.790532 574.530029
77.233307 0.254412 1.670874 0.042394 0.014995 2.738961 574.669983
77.038902 0.319056 1.670874 0.032624 0.013793 2.725536 574.804993
76.846474 0.387258 1.670874 -0.007273 0.170521 2.750985 574.934998
76.632217 0.464257 1.670874 0.042657 0.083678 2.717723 575.065002
76.438393 0.540880 1.670874 0.113479 -0.078405 2.535676 575.179993
76.252991 0.626905 1.670874 0.078952 -0.058554 2.466386 575.299988
76.068695 0.724553 1.670874 0.053486 -0.015711 2.438182 575.429993
75.880997 0.834942 1.676176 0.015751 0.000348 2.494977 575.570007
75.709816 0.938537 1.710492 -0.039105 0.001714 2.643752 575.700012
75.537491 1.037547 1.743103 -0.056348 0.005383 2.784585 575.830017
75.356010 1.131414 1.770628 -0.071676 0.013238 2.946607 575.965027
75.171257 1.212590 1.788259 -0.094166 0.027270 3.090995 576.099976
74.975471 1.279049 1.786694 -0.116079 0.043058 -3.052889 576.239990
74.775452 1.321806 1.785421 -0.134132 0.056709 -2.915175 576.380005
74.572784 1.336549 1.784401 -0.140962 0.062454 -2.783758 576.520020
74.333923 1.317823 1.783448 -0.112267 0.056830 -2.675451 576.684998
74.126976 1.271912 1.771289 -0.096990 0.050238 -2.595045 576.830017
73.915947 1.202305 1.765716 -0.048987 0.035533 -2.617277 576.979980
73.720116 1.124970 1.765488 -0.049655 0.023272 -2.633936 577.119995
73.511742 1.034032 1.765292 -0.002297 0.011520 -2.762285 577.270020
73.324471 0.950170 1.765151 -0.026045 0.010556 -2.759647 577.405029
73.138618 0.862387 1.765038 0.028924 0.009798 -2.791029 577.539978
72.951881 0.776599 1.764946 0.020772 0.011869 -2.795967 577.674988
72.766983 0.696424 1.764874 0.090868 0.166354 -2.836708 577.804993
72.574562 0.626598 1.764819 0.028473 0.139591 -2.869541 577.924988
72.381996 0.562691 1.764776 0.005400 0.089566 -2.862635 578.034973
72.190231 0.499895 1.764742 0.006413 0.056025 -2.857370 578.140015
71.994148 0.436682 1.764713 0.070453 0.037641 -2.901875 578.244995
71.794830 0.377323 1.764689 0.014608 0.029656 -2.904589 578.349976
71.593857 0.319795 1.764668 0.070857 0.024651 -2.951651 578.455017
71.352501 0.257680 1.764647 0.042060 0.023885 -2.993322 578.580017
71.148506 0.209972 1.764632 0.009608 0.022283 -2.983242 578.684998
70.943993 0.163288 1.764619 0.013178 0.022079 -2.975069 578.789978
70.738998 0.117770 1.764609 0.018374 0.020540 -2.968510 578.895020
70.543350 0.075944 1.764600 0.019055 0.020620 -2.963488 578.994995
70.347305 0.035718 1.764593 0.056205 0.019916 -2.983290 579.094971
70.150665 -0.001251 1.764586 0.067305 0.020099 -3.019617 579.195007
69.943428 -0.034862 1.764581 0.060566 0.022182 -3.065680 579.299988
69.735626 -0.064109 1.764576 0.027025 0.020992 -3.089731 579.405029
69.527733 -0.092250 1.764571 -0.026084 0.018086 -3.074532 579.510010
69.290443 -0.125947 1.764568 0.060766 0.022100 -3.135832 579.630005
69.082588 -0.150926 1.764566 0.009902 0.022769 -3.140921 579.734985
68.874428 -0.174207 1.764563 0.014615 0.024122 -3.129494 579.840027
68.636009 -0.198649 1.764560 0.030407 0.022962 -3.119295 579.960022
68.387115 -0.219700 1.764557 0.035320 0.021686 -3.110981 580.085022
68.177750 -0.233410 1.764556 0.028549 0.021640 -3.105516 580.190002
67.968185 -0.244190 1.764556 0.018635 0.020319 -3.101164 580.294983
67.758469 -0.253177 1.764556 0.005755 0.020970 -3.097683 580.400024
67.548744 -0.261671 1.764556 -0.003669 0.020896 -3.094856 580.505005
67.339020 -0.270669 1.764556 -0.009413 0.020621 -3.092587 580.609985
67.129295 -0.280773 1.764556 -0.011207 0.020705 -3.090759 580.715027
66.909637 -0.292744 1.764556 -0.009586 0.020249 -3.089241 580.825012
66.700073 -0.305319 1.764556 -0.005803 0.020913 -3.088076 580.929993
66.490509 -0.318609 1.764556 -0.001556 0.020215 -3.087151 581.034973
66.290924 -0.331524 1.764556 0.001888 0.020523 -3.086426 581.135010
66.081360 -0.344985 1.764556 0.004418 0.020343 -3.085819 581.239990
65.872032 -0.360239 1.764556 -0.076726 0.018934 -2.987707 581.344971
65.633865 -0.384626 1.764556 0.000870 0.021219 -2.984671 581.465027
65.415535 -0.407949 1.764556 0.001285 0.022049 -2.990456 581.575012
65.206917 -0.430244 1.764556 0.048190 0.019537 -3.035921 581.679993
64.998001 -0.450004 1.764556 0.046396 0.020801 -3.085318 581.784973
64.788918 -0.467316 1.764556 0.032599 0.021018 -3.124151 581.890015
64.579758 -0.481824 1.764556 -0.012599 0.017563 3.120166 581.994995
64.370796 -0.496787 1.764556 -0.024694 0.018741 3.131248 582.099976
64.161873 -0.513899 1.764556 -0.000252 0.021426 3.140090 582.205017
63.932880 -0.532455 1.764556 0.021657 0.021808 -3.135334 582.320007
63.713615 -0.547637 1.764556 0.032618 0.022137 -3.129490 582.429993
63.504108 -0.558615 1.764556 0.032441 0.021571 -3.125002 582.534973
63.294430 -0.566195 1.764556 0.024301 0.021099 -3.121439 582.640015
63.084633 -0.571227 1.764556 0.013532 0.020269 -3.118567 582.744995
62.874817 -0.574912 1.764556 0.001739 0.021158 -3.116270 582.849976
62.634949 -0.579092 1.764556 -0.007768 0.020212 -3.114199 582.969971
62.405094 -0.584168 1.764556 -0.011737 0.019745 -3.112635 583.085022
62.195316 -0.590151 1.764556 -0.011305 0.020237 -3.111504 583.190002
61.985592 -0.597383 1.764556 -0.008544 0.019901 -3.110594 583.294983
61.775902 -0.605542 1.764556 -0.004109 0.020135 -3.109860 583.400024
61.566257 -0.614169 1.764556 0.000394 0.020890 -3.109280 583.505005
61.356544 -0.622737 1.764556 0.043985 0.019131 -3.136051 583.609985
61.117077 -0.627558 1.764556 0.021260 0.021260 3.106326 583.729980
60.907589 -0.628496 1.764556 0.014758 0.022526 3.108501 583.835022
60.677994 -0.627526 1.764556 0.017805 0.021725 3.110383 583.950012
60.458282 -0.624394 1.764556 0.017033 0.021180 3.111820 584.059998
60.248531 -0.619495 1.764556 0.012587 0.020877 3.112918 584.164978
60.038727 -0.613220 1.764556 0.006533 0.020452 3.113788 584.270020
59.828922 -0.606210 1.764556 0.000553 0.020111 3.114488 584.375000
59.619183 -0.599101 1.764556 -0.004290 0.019900 3.115056 584.479980
59.409458 -0.592400 1.764556 -0.007040 0.019954 3.115514 584.585022
59.199734 -0.586389 1.764556 -0.007555 0.020005 3.115886 584.690002
58.990005 -0.581106 1.764556 -0.005970 0.021114 3.116172 584.794983
58.780201 -0.576392 1.764556 -0.003936 0.019989 3.116411 584.900024
58.570396 -0.572016 1.764556 -0.001231 0.020626 3.116603 585.005005
58.360592 -0.567712 1.764556 0.000706 0.020323 3.116756 585.109985
58.130806 -0.562842 1.764556 0.001936 0.020358 3.116887 585.224976
57.921001 -0.558128 1.764556 0.002087 0.020534 3.116975 585.330017
57.711197 -0.553141 1.764556 0.001651 0.020472 3.117055 585.434998
57.501392 -0.547927 1.764556 0.000762 0.020854 3.117103 585.539978
57.291508 -0.542581 1.764556 -0.000147 0.020495 3.117143 585.645020
57.081623 -0.537201 1.764556 -0.000857 0.020729 3.117183 585.750000
56.871738 -0.531861 1.764556 -0.001317 0.019974 3.117223 585.854980
56.631870 -0.525868 1.764556 -0.001429 0.020596 3.117269 585.974976
56.421951 -0.520732 1.764556 -0.001337 0.019612 3.117276 586.080017
56.212067 -0.515683 1.764556 -0.001045 0.019816 3.117276 586.184998
56.002182 -0.510689 1.764556 -0.000636 0.020936 3.117276 586.289978
55.792297 -0.505710 1.764556 -0.000362 0.020411 3.117276 586.395020
55.582394 -0.500715 1.764556 -0.000167 0.020759 3.117276 586.500000
55.382427 -0.495927 1.764556 -0.000119 0.020299 3.117276 586.599976
55.172508 -0.490862 1.764556 -0.000152 0.020673 3.117276 586.705017
54.972542 -0.486006 1.764556 -0.000260 0.020545 3.117276 586.804993
54.772575 -0.481129 1.764556 -0.000385 0.020484 3.117276 586.905029
54.572617 -0.476243 1.764556 -0.000519 0.019514 3.117276 587.005005
54.362732 -0.471117 1.764556 -0.000583 0.020456 3.117276 587.109985
54.132858 -0.465516 1.764556 -0.000619 0.020555 3.117276 587.224976
53.922974 -0.460418 1.764556 -0.000610 0.020434 3.117276 587.330017
53.703094 -0.455093 1.764556 -0.000574 0.020080 3.117276 587.440002
53.493267 -0.450019 1.764556 -0.000505 0.020596 3.117276 587.544983
53.253456 -0.444225 1.764556 -0.000470 0.020356 3.117276 587.664978
53.043621 -0.439153 1.764556 -0.000448 0.020177 3.117276 587.770020
52.823822 -0.433836 1.764556 -0.000425 0.020364 3.117276 587.880005
52.614017 -0.428755 1.764556 -0.000413 0.021202 3.117276 587.984985
52.404137 -0.423665 1.764556 -0.000450 0.020392 3.117276 588.090027
52.194252 -0.418571 1.764556 -0.000476 0.020200 3.117276 588.195007
51.984367 -0.413477 1.764556 -0.000502 0.019876 3.117276 588.299988
51.774487 -0.408384 1.764556 -0.000512 0.019859 3.117276 588.405029
51.564674 -0.403295 1.764556 -0.000492 0.020651 3.117276 588.510010
51.354790 -0.398206 1.764556 -0.000496 0.020498 3.117276 588.614990
51.144905 -0.393117 1.764556 -0.000484 0.020824 3.117276 588.719971
50.925026 -0.387786 1.764556 -0.000489 0.020343 3.117276 588.830017
50.715141 -0.382699 1.764556 -0.000487 0.020274 3.117276 588.934998
50.505257 -0.377614 1.764556 -0.000475 0.020464 3.117276 589.039978
50.295418 -0.372529 1.764556 -0.000471 0.020372 3.117276 589.145020
50.065567 -0.366957 1.764556 -0.000452 0.021091 3.117276 589.260010
49.845623 -0.361621 1.764556 -0.000482 0.020191 3.117276 589.369995
49.645668 -0.356771 1.764556 -0.000493 0.020050 3.117276 589.469971
49.435783 -0.351679 1.764556 -0.000491 0.019975 3.117276 589.575012
49.225899 -0.346589 1.764556 -0.000491 0.020325 3.117276 589.679993
49.016014 -0.341500 1.764556 -0.000476 0.020759 3.117276 589.784973
48.806129 -0.336409 1.764556 -0.000484 0.020556 3.117276 589.890015
48.596207 -0.331317 1.764556 -0.000508 0.019780 3.117276 589.994995
48.386322 -0.326226 1.764556 -0.000486 0.020538 3.117276 590.099976
48.176437 -0.321136 1.764556 -0.000495 0.020051 3.117276 590.205017
47.966553 -0.316047 1.764556 -0.000493 0.019970 3.117276 590.309998
47.746674 -0.310717 1.764556 -0.000482 0.020213 3.117276 590.419983
47.526794 -0.305388 1.764556 -0.000473 0.020394 3.117276 590.530029
47.316910 -0.300298 1.764556 -0.000454 0.020833 3.117276 590.635010
47.067047 -0.294236 1.764556 -0.000470 0.020488 3.117276 590.760010
46.857162 -0.289142 1.764556 -0.000481 0.020578 3.117276 590.864990
46.647236 -0.284047 1.764556 -0.000485 0.020802 3.117276 590.969971
46.427273 -0.278708 1.764556 -0.000507 0.019991 3.117276 591.080017
46.227306 -0.273857 1.764556 -0.000513 0.019740 3.117276 591.179993
46.017422 -0.268767 1.764556 -0.000505 0.019847 3.117276 591.284973
45.807537 -0.263679 1.764556 -0.000484 0.020367 3.117276 591.390015
45.597652 -0.258590 1.764556 -0.000488 0.019882 3.117276 591.494995
45.387768 -0.253502 1.764556 -0.000458 0.020743 3.117276 591.599976
45.177883 -0.248410 1.764556 -0.000449 0.021034 3.117276 591.705017
44.967999 -0.243316 1.764556 -0.000478 0.020276 3.117276 591.809998
44.758114 -0.238222 1.764556 -0.000487 0.020376 3.117276 591.914978
44.548229 -0.233128 1.764556 -0.000495 0.020368 3.117276 592.020020
44.328350 -0.227792 1.764556 -0.000490 0.020679 3.117276 592.130005
44.118465 -0.222701 1.764556 -0.000501 0.020448 3.117276 592.234985
43.908581 -0.217612 1.764556 -0.000503 0.020168 3.117276 592.340027
43.698696 -0.212525 1.764556 -0.000462 0.021230 3.117276 592.445007
43.488811 -0.207436 1.764556 -0.000489 0.020125 3.117276 592.549988
43.258892 -0.201861 1.764556 -0.000477 0.020573 3.117276 592.664978
43.058926 -0.197013 1.764556 -0.000487 0.020414 3.117276 592.765015
42.848961 -0.191921 1.764556 -0.000488 0.020279 3.117276 592.869995
42.648994 -0.187073 1.764556 -0.000492 0.020108 3.117276 592.969971
42.439083 -0.181983 1.764556 -0.000488 0.020187 3.117276 593.075012
42.229172 -0.176893 1.764556 -0.000485 0.020320 3.117276 593.179993
42.029228 -0.172045 1.764556 -0.000485 0.020017 3.117276 593.280029
41.819344 -0.166955 1.764556 -0.000479 0.020398 3.117276 593.385010
41.609459 -0.161864 1.764556 -0.000482 0.020235 3.117276 593.489990
41.399574 -0.156773 1.764556 -0.000467 0.020957 3.117276 593.594971
41.199631 -0.151922 1.764556 -0.000466 0.021086 3.117276 593.695007
40.999664 -0.147071 1.764556 -0.000513 0.019688 3.117276 593.794983
40.799717 -0.142221 1.764556 -0.000513 0.019829 3.117276 593.895020
40.589832 -0.137133 1.764556 -0.000474 0.020971 3.117276 594.000000
40.379948 -0.132044 1.764556 -0.000484 0.020295 3.117276 594.104980
40.170033 -0.126956 1.764556 -0.000482 0.020589 3.117276 594.210022
39.960098 -0.121867 1.764556 -0.000488 0.020161 3.117276 594.315002
39.760208 -0.117021 1.777111 -0.000469 0.020771 3.117276 594.414978
39.560322 -0.112817 1.811925 -0.037180 0.019384 -3.122742 594.515015
39.340527 -0.111211 1.849421 -0.005797 0.021293 -3.124344 594.625000
39.130646 -0.110543 1.883670 -0.005549 0.020711 -3.125549 594.729980
38.930813 -0.111630 1.915727 -0.028241 0.020426 -3.089443 594.830017
38.721233 -0.117263 1.935222 -0.080213 0.022021 -3.015850 594.934998
38.502640 -0.132273 1.941351 -0.084758 0.024470 -2.922903 595.044983
38.246239 -0.162463 1.969281 -0.006882 0.024786 -2.893200 595.174988
38.049110 -0.188633 2.005071 -0.033736 0.026204 -2.888083 595.275024
37.852406 -0.218810 2.052869 -0.052034 0.027323 -2.835491 595.375000
37.646477 -0.254484 2.053043 0.033662 0.019263 -2.939920 595.479980
37.449718 -0.285148 2.073199 0.066226 0.019140 -3.033411 595.580017
37.242496 -0.310838 2.073794 0.079399 0.021913 -3.140169 595.684998
37.034924 -0.329745 2.074254 0.010004 0.025260 3.132327 595.789978
36.826820 -0.346708 2.074640 0.022000 0.026447 3.136331 595.895020
36.618076 -0.361151 2.074970 0.039781 0.025546 3.139566 596.000000
36.408813 -0.371307 2.075252 0.046922 0.022447 -3.141026 596.104980
36.199306 -0.376504 2.075491 0.040959 0.021672 -3.138926 596.210022
35.959694 -0.377274 2.075719 0.023764 0.020855 -3.137045 596.330017
35.749947 -0.375179 2.075887 0.007565 0.020515 -3.135756 596.434998
35.540142 -0.372280 2.076030 -0.006404 0.021095 -3.134710 596.539978
35.330330 -0.370053 2.076152 -0.015004 0.021125 -3.133884 596.645020
35.120445 -0.369430 2.076254 -0.017447 0.021032 -3.133211 596.750000
34.910561 -0.370677 2.076342 -0.015147 0.020804 -3.132683 596.854980
34.690681 -0.373714 2.076422 -0.009617 0.020526 -3.132231 596.965027
34.450813 -0.378288 2.076493 -0.002723 0.020341 -3.131842 597.085022
34.240929 -0.382630 2.076546 0.002362 0.019669 -3.131577 597.190002
34.031124 -0.386711 2.076589 0.005907 0.020621 -3.131353 597.294983
33.821320 -0.390181 2.076626 0.007031 0.020688 -3.131191 597.400024
33.611454 -0.392931 2.076658 0.006111 0.020642 -3.131054 597.505005
33.371586 -0.395323 2.076689 0.003751 0.020530 -3.130928 597.625000
33.161701 -0.397003 2.076712 0.001307 0.020167 -3.130848 597.729980
32.951817 -0.398571 2.076731 -0.000696 0.020166 -3.130768 597.835022
32.741932 -0.400236 2.076746 -0.001914 0.019981 -3.130722 597.940002
32.532047 -0.402128 2.076761 -0.002338 0.020131 -3.130682 598.044983
32.322163 -0.404289 2.076771 -0.001994 0.020898 -3.130642 598.150024
32.082294 -0.407042 2.076783 -0.001162 0.020228 -3.130596 598.270020
31.872410 -0.409609 2.076793 -0.000256 0.020682 -3.130568 598.375000
31.662525 -0.412225 2.076799 0.000517 0.020820 -3.130568 598.479980
31.452621 -0.414808 2.076804 0.000987 0.020335 -3.130568 598.585022
31.242867 -0.414654 2.076809 0.082411 0.019905 3.050021 598.690002
31.033926 -0.405845 2.076814 0.088378 0.023463 2.957050 598.794983
30.826382 -0.387199 2.076819 0.093880 0.028535 2.870620 598.900024
30.620716 -0.358001 2.076823 0.099383 0.032893 2.791785 599.005005
30.417545 -0.317323 2.076823 0.084494 0.037014 2.729284 599.109985
30.216192 -0.267162 2.076823 0.044618 0.035591 2.743099 599.215027
30.015356 -0.210961 2.076823 0.052113 0.030524 2.754184 599.320007
29.815584 -0.148516 2.076823 0.053266 0.025739 2.763042 599.424988
29.607910 -0.076596 2.076823 0.041464 0.021400 2.770475 599.534973
29.411091 -0.003102 2.076823 0.046830 0.020371 2.762014 599.640015
29.225586 0.072328 2.076823 0.083326 0.020477 2.674966 599.739990
29.042801 0.154053 2.048362 -0.004283 0.018313 2.668218 599.840027
28.860132 0.236354 2.015391 -0.017080 0.017300 2.675155 599.940002
28.676914 0.317715 1.983145 -0.009447 0.017298 2.680831 600.039978
28.493450 0.398736 1.965628 0.000943 0.017611 2.685388 600.140015
28.310215 0.480247 1.937648 0.008071 -0.000383 2.689122 600.239990
28.120661 0.565908 1.921466 0.011321 -0.064320 2.692262 600.344971
27.939819 0.649148 1.888688 0.009493 -0.114634 2.694776 600.450012
27.757610 0.735993 1.879693 0.023575 -0.078740 2.624887 600.565002
27.577070 0.825503 1.881291 0.002889 0.119260 2.632133 600.684998
27.394373 0.917862 1.882573 0.006208 0.112145 2.637664 600.799988
27.193119 1.021629 1.883677 0.007552 0.068785 2.642131 600.919983
27.003239 1.121033 1.884529 -0.046108 0.040662 2.683948 601.030029
26.809231 1.219009 1.885252 -0.014779 0.031236 2.713702 601.140015
26.621239 1.310114 1.885831 -0.027673 0.025491 2.750982 601.244995
26.431261 1.398871 1.886328 -0.014107 0.022995 2.746522 601.349976
26.220871 1.491907 1.886785 -0.059733 0.021582 2.825834 601.465027
26.016613 1.573344 1.887151 -0.049185 0.021930 2.874759 601.575012
25.819799 1.646269 1.887448 -0.018555 0.021543 2.866967 601.679993
25.622080 1.717394 1.887699 -0.025074 0.021281 2.860549 601.784973
25.432554 1.781558 1.887903 -0.067229 0.020623 2.911788 601.885010
25.231703 1.842283 1.888086 -0.058854 0.022658 2.912874 601.989990
25.029085 1.897134 1.888241 -0.059459 0.020215 2.913696 602.094971
24.824976 1.946290 1.888373 -0.050545 0.018880 2.914350 602.200012
24.619781 1.990692 1.888483 -0.057794 0.017791 2.930978 602.304993
24.413565 2.029317 1.888577 -0.030541 0.019829 2.974851 602.409973
24.196920 2.066169 1.888661 -0.007254 0.020482 2.975074 602.520020
23.980070 2.102403 1.888732 -0.003012 0.020555 2.975250 602.630005
23.772974 2.136955 1.888790 -0.002269 0.020544 2.975391 602.734985
23.565800 2.171567 1.888838 -0.002277 0.020082 2.975507 602.840027
23.368465 2.204579 1.888878 -0.002450 0.019965 2.975589 602.940002
23.161264 2.239270 1.888914 -0.002599 0.020065 2.975669 603.044983
22.963924 2.272319 1.888944 -0.002757 0.019941 2.975711 603.145020
22.766581 2.305362 1.888969 -0.002873 0.016165 2.975749 603.244995
22.560358 2.339875 1.888991 -0.002814 -0.034487 2.975789 603.349976
22.360184 2.374694 1.919700 0.056696 -0.081883 2.887170 603.455017
22.146118 2.418598 1.941332 0.076724 -0.044608 2.789132 603.575012
21.953650 2.463449 1.975525 -0.045629 -0.071905 2.961026 603.690002
21.754543 2.502219 2.009072 -0.097847 -0.031593 3.136058 603.815002
21.554619 2.525268 2.042051 -0.129662 0.005369 -2.963808 603.945007
21.351980 2.526906 2.041310 -0.124207 0.030347 -2.806095 604.080017
21.146278 2.504591 2.040613 -0.116196 0.041921 -2.663279 604.219971
20.944906 2.460484 2.040051 -0.066691 0.041137 -2.603565 604.359985
20.753752 2.401563 2.039612 -0.092649 0.040668 -2.545012 604.494995
20.560936 2.322082 2.039245 -0.100936 0.036884 -2.478556 604.635010
20.369768 2.219627 2.038938 -0.095342 0.031764 -2.410511 604.780029
20.182293 2.094593 2.038687 -0.051227 0.024735 -2.368097 604.929993
20.019148 1.971730 2.038507 -0.028016 0.018253 -2.384689 605.065002
19.834927 1.824361 2.038341 -0.023597 0.012918 -2.398743 605.219971
19.639814 1.659958 2.038201 -0.013482 0.164223 -2.409519 605.385010
19.484833 1.525210 2.038121 -0.005538 0.138167 -2.415337 605.505005
19.317356 1.378208 2.038054 0.002518 0.082406 -2.419827 605.625000
19.164492 1.244227 2.038005 0.007725 0.049680 -2.422932 605.729980
19.007063 1.109665 2.037962 0.089296 0.031736 -2.514664 605.835022
18.843012 0.980961 2.037926 0.034805 0.026169 -2.566162 605.940002
18.674583 0.856747 2.037896 0.081819 0.024836 -2.641663 606.044983
18.501823 0.738169 2.037870 0.052328 0.023366 -2.674938 606.150024
18.299677 0.609833 2.037847 0.070357 0.025028 -2.750172 606.270020
18.118675 0.504474 2.037830 0.044267 0.026107 -2.741736 606.375000
17.934158 0.405032 2.037815 0.140262 0.026656 -2.824715 606.479980
17.744650 0.316655 2.037802 0.071576 0.028518 -2.819450 606.585022
17.551018 0.237387 2.037792 0.085136 0.026711 -2.867912 606.690002
17.353977 0.166610 2.037782 0.054679 0.025367 -2.861683 606.794983
17.154499 0.101819 2.037774 0.107816 0.022694 -2.912630 606.900024
16.952295 0.046739 2.037769 0.047057 0.022584 -2.952240 607.005005
16.729248 -0.007822 2.037763 0.008271 0.022314 -2.942591 607.119995
16.525095 -0.056876 2.037758 0.003084 0.020987 -2.935558 607.224976
16.320740 -0.105919 2.037753 0.002735 0.019950 -2.929905 607.330017
16.125837 -0.151559 2.037748 0.023753 0.019716 -2.961454 607.429993
15.930542 -0.195295 2.037745 -0.002549 0.019822 -2.953432 607.530029
15.727919 -0.239109 2.037745 0.102846 -0.125501 -3.115257 607.635010
15.530386 -0.273101 2.037745 0.149303 -0.100397 2.992173 607.744995
15.324665 -0.292168 2.037745 0.164980 -0.023102 2.835471 607.869995
15.124347 -0.287382 2.037745 0.159533 0.027973 2.703470 608.000000
14.926185 -0.254667 2.037745 0.128068 0.047222 2.589414 608.135010
14.720985 -0.192870 2.037745 0.094545 0.043594 2.548848 608.280029
14.535136 -0.116223 2.037745 0.089811 0.035300 2.499669 608.414978
14.355511 -0.023329 2.037745 0.083097 0.028930 2.443630 608.549988
14.183055 0.083859 2.037745 0.075341 0.024725 2.381955 608.684998
13.999970 0.216941 2.037745 0.032524 0.018954 2.348993 608.838989
13.833362 0.348555 2.037745 0.022818 0.015405 2.364621 608.974976
13.674558 0.480001 2.037745 0.020772 0.114136 2.375947 609.109985
13.519146 0.614790 2.037745 0.019083 0.157805 2.383870 609.234985
13.364021 0.754036 2.037745 0.014828 0.102582 2.389583 609.349976
13.194605 0.909158 2.037745 0.005599 0.057607 2.394229 609.469971
13.042945 1.049037 2.037745 -0.002316 0.036819 2.397422 609.575012
12.889331 1.190440 2.037745 -0.007747 0.026333 2.400005 609.679993
12.741735 1.325492 2.037745 0.034537 0.020314 2.372819 609.780029
12.588965 1.470297 2.037745 0.077488 0.017911 2.273919 609.885010
12.448442 1.612999 2.037745 0.043568 0.019232 2.227376 609.984985
12.310578 1.758347 2.037745 0.046004 0.019916 2.209003 610.085022
12.176217 1.906854 2.037745 0.093422 0.022755 2.128543 610.184998
12.041487 2.067794 2.037745 0.076657 0.024498 2.092958 610.289978
11.912107 2.233066 2.037745 0.050249 0.024496 2.099477 610.395020
11.788724 2.402900 2.037745 0.075652 0.025030 2.052816 610.500000
11.672402 2.577678 2.037745 0.062616 0.024505 2.060622 610.604980
11.566742 2.747835 2.037745 0.098198 0.020732 2.040773 610.705017
11.468716 2.922365 2.037745 0.068616 0.020831 2.005798 610.804993
11.376663 3.100141 2.037745 0.038958 0.019425 2.011020 610.905029
11.287614 3.279663 2.037745 0.023551 0.019159 2.015247 611.005005
11.200195 3.460224 2.037745 0.012143 0.018299 2.018703 611.104980
11.113423 3.641260 2.037745 0.003731 0.016851 2.021514 611.205017
11.026584 3.822284 2.037745 -0.003486 0.016748 2.023774 611.304993
10.939093 4.002993 2.037745 -0.007022 0.016424 2.025619 611.405029
10.850661 4.183250 2.037745 -0.007366 0.016514 2.027108 611.505005
10.761290 4.363047 2.037745 0.013307 0.015500 2.017562 611.604980
10.673555 4.543420 2.037745 0.084888 0.015014 1.926238 611.705017
10.589475 4.735559 2.037745 0.113497 0.021430 1.822150 611.809998
10.507658 4.959373 2.037745 0.126050 0.030841 1.715316 611.929993
10.448565 5.158606 2.037745 0.055715 0.032781 1.706151 612.034973
10.395751 5.360209 2.037745 0.056670 0.030732 1.714921 612.140015
10.348669 5.563900 2.037745 0.060243 0.026554 1.721994 612.244995
10.307560 5.769302 2.037745 0.052089 0.023831 1.727712 612.349976
10.271468 5.975961 2.037745 0.035622 0.020941 1.732234 612.455017
10.238661 6.183338 2.037745 0.017030 0.019971 1.735904 612.559998
10.204190 6.410783 2.037745 -0.003165 0.020610 1.739087 612.674988
10.172101 6.618410 2.037745 -0.013702 0.019714 1.741395 612.780029
10.138265 6.825740 2.037745 -0.017681 0.020068 1.743259 612.885010
10.104285 7.022918 2.037745 0.037982 0.019374 1.705608 612.984985
10.071120 7.220191 2.037745 0.037932 0.019591 1.679172 613.085022
10.037831 7.427483 2.037745 0.048927 0.021330 1.643258 613.190002
10.008863 7.635151 2.037745 0.010723 0.019885 1.602983 613.294983
9.981791 7.842947 2.037745 -0.002285 0.021517 1.613483 613.400024
9.954675 8.050901 2.037745 0.012400 0.021784 1.621942 613.505005
9.928918 8.259129 2.037745 0.026173 0.022314 1.628719 613.609985
9.902811 8.497555 2.037745 0.030397 0.021449 1.634855 613.729980
9.883300 8.706530 2.037745 0.026239 0.020632 1.639165 613.835022
9.866413 8.915751 2.037745 0.016582 0.020913 1.642600 613.940002
9.851128 9.125137 2.037745 0.006607 0.020538 1.645349 614.044983
9.831380 9.404425 2.037745 -0.003812 0.020059 1.648195 614.184998
9.816730 9.603889 2.037745 -0.008057 0.019853 1.649801 614.284973
9.800351 9.813229 2.037745 -0.009265 0.019745 1.651132 614.390015
9.782853 10.022458 2.037745 -0.007464 0.019947 1.652196 614.494995
9.764430 10.231615 2.037745 -0.004082 0.020662 1.653064 614.599976
9.746346 10.430812 2.037745 -0.000443 0.020438 1.653718 614.700012
9.728084 10.630014 2.037745 0.002551 0.019516 1.654258 614.799988
9.709935 10.829194 2.037745 0.004515 0.019440 1.654695 614.900024
9.691198 11.038313 2.037745 0.005485 0.019502 1.655072 615.005005
9.670289 11.277307 2.037745 0.004976 0.020356 1.655401 615.125000
9.652387 11.486465 2.037745 0.003831 0.020373 1.655631 615.229980
9.634730 11.695649 2.037745 0.002549 0.020153 1.655816 615.335022
9.617581 11.904865 2.037745 0.062088 0.019639 1.605535 615.440002
9.603697 12.114211 2.037745 0.004440 0.020607 1.608253 615.544983
9.590498 12.323606 2.037745 0.001130 0.020898 1.610809 615.650024
9.575571 12.563017 2.037745 0.005720 0.020649 1.613145 615.770020
9.563063 12.772569 2.037745 0.008421 0.020886 1.614753 615.875000
9.551368 12.982175 2.037745 0.009008 0.020185 1.616023 615.979980
9.540517 13.191836 2.037745 0.007346 0.020610 1.617046 616.085022
9.530331 13.401567 2.037745 0.004683 0.020998 1.617873 616.190002
9.520993 13.601380 2.037745 0.002338 0.019881 1.618512 616.289978
9.511771 13.801179 2.037745 0.000066 0.019476 1.619035 616.390015
9.501983 14.010890 2.037745 -0.001571 0.020139 1.619474 616.494995
9.492336 14.220576 2.037745 0.040610 0.019624 1.580924 616.599976
9.485598 14.430296 2.037745 0.029215 0.020943 1.549953 616.705017
9.481819 14.640020 2.037745 0.055809 0.022086 1.499723 616.809998
9.483610 14.849450 2.037745 0.068591 0.022720 1.416993 616.914978
9.493196 15.057985 2.037745 0.080374 0.026600 1.334464 617.020020
9.511286 15.265287 2.037745 0.026797 0.028950 1.310798 617.125000
9.533669 15.472508 2.037745 0.023395 0.029420 1.325593 617.229980
9.559365 15.679985 2.037745 0.039132 0.027722 1.337392 617.335022
9.589774 15.887220 2.037745 0.044765 0.025233 1.346889 617.440002
9.625371 16.093878 2.037745 0.038758 0.022985 1.354604 617.544983
9.673389 16.339117 2.037745 0.021019 0.020730 1.361728 617.669983
9.714499 16.534910 2.037745 0.005067 0.020042 1.366246 617.770020
9.758447 16.740410 2.037745 -0.009005 0.019552 1.370086 617.875000
9.799687 16.936274 2.037745 -0.051381 0.018120 1.395234 617.974976
9.837371 17.142637 2.037745 -0.107173 0.019817 1.502401 618.080017
9.863841 17.349817 2.037745 -0.106995 0.025537 1.595712 618.184998
9.878565 17.557348 2.037745 -0.107221 0.030835 1.681955 618.289978
9.881593 17.764830 2.037745 -0.053064 0.032667 1.724399 618.395020
9.877567 17.972679 2.037745 -0.053378 0.032491 1.723184 618.500000
9.865645 18.180523 2.037745 -0.106195 0.033193 1.800464 618.604980
9.842973 18.387428 2.037745 -0.050342 0.030835 1.788411 618.710022
9.807851 18.633514 2.037745 -0.089187 0.026401 1.811336 618.835022
9.769756 18.839060 2.037745 -0.037955 0.024798 1.820672 618.940002
9.726864 19.044018 2.037745 -0.012862 0.023400 1.811595 619.044983
9.677062 19.268274 2.037745 -0.032370 0.020569 1.843631 619.159973
9.624254 19.481512 2.037745 -0.052145 0.020638 1.910146 619.270020
9.568545 19.683533 2.037745 -0.013841 0.022112 1.906785 619.375000
9.510427 19.885117 2.037745 -0.065851 0.020540 1.935542 619.479980
9.445335 20.084251 2.037745 -0.065571 0.023645 2.000661 619.585022
9.370583 20.279522 2.037745 -0.034843 0.024446 2.023273 619.690002
9.291761 20.473522 2.037745 0.041559 0.022196 1.919227 619.794983
9.215778 20.669027 2.037745 0.006214 0.018188 1.862069 619.900024
9.141721 20.865173 2.037745 0.050759 0.019670 1.775777 620.005005
9.072392 21.062492 2.037745 0.008746 0.020675 1.744985 620.109985
9.004798 21.260483 2.037745 0.010540 0.024275 1.760072 620.215027
8.932261 21.478365 2.037745 0.039694 0.016830 1.773114 620.330017
8.870247 21.677536 2.037745 0.052977 -0.029150 1.782605 620.434998
8.814554 21.872911 2.037745 0.049476 -0.063064 1.790292 620.539978
8.763448 22.069765 2.037745 0.036500 -0.078291 1.796729 620.650024
8.709529 22.304560 2.037745 0.105218 0.087289 1.718459 620.784973
8.675285 22.504831 2.037745 0.077702 0.084056 1.655551 620.895020
8.647978 22.703644 2.037745 0.017427 0.060658 1.637307 621.000000
8.621035 22.906843 2.037745 0.020290 0.041546 1.610084 621.104980
8.595613 23.112411 2.037745 -0.000831 0.028588 1.563619 621.210022
8.565343 23.358482 2.037745 -0.018847 0.024660 1.582216 621.335022
8.537457 23.572876 2.037745 0.033389 -0.155269 1.631976 621.445007
8.512660 23.781408 2.037745 0.001945 -0.323322 1.757633 621.565002
8.492049 23.994837 2.037745 -0.046344 -0.244978 1.930410 621.729980
8.480691 24.195208 2.037745 -0.066431 -0.124189 2.192193 621.979980
8.485533 24.395767 2.037745 -0.029334 -0.007185 2.888538 622.645020
8.446968 24.197994 2.037745 -0.024328 0.210746 -1.729559 624.275024
8.411174 23.991564 2.037745 -0.107273 0.086334 -1.587641 624.434998
8.397958 23.785620 2.037745 -0.076914 0.053298 -1.510777 624.580017
8.401752 23.579531 2.037745 -0.063873 0.030537 -1.497473 624.719971
8.418924 23.362991 2.037745 -0.053795 0.059392 -1.487179 624.864990
8.444861 23.157907 2.037745 -0.039045 0.171683 -1.480246 624.994995
8.479091 22.929588 2.037745 -0.004387 0.108954 -1.475014 625.125000
8.509913 22.724077 2.037745 0.074411 0.068739 -1.517670 625.234985
8.534464 22.521885 2.037745 0.037793 0.048165 -1.526177 625.340027
8.554839 22.316353 2.037745 0.037836 0.036328 -1.524351 625.445007
8.572646 22.089064 2.074422 0.037458 0.027840 -1.522789 625.559998
8.585051 21.881540 2.087814 0.016928 -0.103745 -1.590380 625.664978
8.596560 21.671864 2.087814 0.044462 -0.309154 -1.710800 625.780029
8.609878 21.471632 2.087814 0.077464 -0.268490 -1.857399 625.919983
8.629390 21.271471 2.087814 0.088330 -0.149477 -2.077297 626.130005
8.660593 21.073494 2.087814 0.057371 -0.032167 -2.522329 626.554993
8.460379 21.108570 2.087814 0.023734 0.201239 2.573077 627.734985
8.286740 21.215631 2.087814 0.062512 0.090941 2.516732 627.890015
8.108907 21.339516 2.103098 0.034809 0.040387 2.550102 628.039978
7.941319 21.464975 2.103169 0.027749 0.015591 2.601518 628.179993
7.780078 21.591236 2.103225 0.003616 0.127326 2.658523 628.315002
7.616558 21.715635 2.103265 -0.030115 0.154861 2.720063 628.440002
7.423510 21.849131 2.103299 -0.078847 0.105632 2.799621 628.570007
7.245259 21.956800 2.103323 -0.110009 0.077291 2.869548 628.679993
7.065609 22.051600 2.103343 -0.054920 0.059367 2.861354 628.784973
6.879055 22.138744 2.103360 -0.100998 0.049548 2.904134 628.890015
6.686528 22.215923 2.103375 -0.088688 0.039455 2.894079 628.994995
6.489492 22.284542 2.103387 -0.083460 0.029451 2.885995 629.099976
6.289145 22.345251 2.103397 -0.064478 0.022927 2.879531 629.205017
6.086648 22.399916 2.103407 -0.075013 0.020273 2.900659 629.309998
5.882392 22.447992 2.103416 -0.027282 0.020066 2.932493 629.414978
5.657866 22.497406 2.103421 0.003255 0.020245 2.928140 629.530029
5.462617 22.540886 2.103426 0.008676 0.020553 2.925107 629.630005
5.267447 22.585169 2.103431 -0.052261 0.018412 2.971202 629.729980
5.071898 22.627157 2.103436 -0.010070 0.019885 2.975946 629.830017
4.866362 22.670179 2.103441 -0.013991 0.020384 2.974971 629.934998
4.670339 22.709988 2.103443 -0.022893 0.020488 2.974218 630.034973
4.473911 22.747866 2.103443 -0.026050 0.020346 2.973602 630.135010
4.277061 22.783503 2.103443 -0.024677 0.019094 2.973111 630.234985
4.079871 22.817120 2.103443 -0.017196 0.019877 2.972713 630.335022
3.872543 22.850954 2.103443 -0.009000 0.019981 2.972360 630.440002
3.674955 22.882566 2.103443 -0.002241 0.019940 2.972101 630.539978
3.437968 22.920704 2.103443 0.047209 -0.029976 2.922321 630.659973
3.238924 22.957874 2.103443 0.123979 -0.133345 2.730260 630.765015
3.043035 23.006592 2.103443 0.152755 -0.077075 2.560846 630.880005
2.853096 23.072634 2.103443 0.157647 -0.006779 2.412690 631.005005
2.649501 23.174856 2.103443 0.135622 0.035523 2.272243 631.155029
2.484538 23.288816 2.103443 0.145063 0.046337 2.151489 631.289978
2.329864 23.426807 2.103443 0.089986 0.041555 2.115104 631.429993
2.192368 23.574135 2.103443 0.085970 0.033612 2.067231 631.565002
2.066676 23.733053 2.103443 0.118704 0.030068 1.974386 631.700012
1.958497 23.903412 2.103443 0.127457 0.034275 1.815480 631.835022
1.864929 24.097309 2.103443 0.078667 0.036682 1.723783 631.979980
1.785299 24.306339 2.103443 0.074278 0.032169 1.669873 632.130005
1.727423 24.500086 2.103443 0.082021 0.030402 1.612806 632.265015
1.684078 24.697937 2.103443 0.085936 0.029255 1.552375 632.400024
1.655974 24.898695 2.103443 0.053019 0.025435 1.511255 632.534973
1.638309 25.101427 2.103443 0.032972 0.020694 1.528415 632.669983
1.626849 25.305525 2.103443 0.032341 0.017014 1.541353 632.804993
1.620784 25.534569 2.103443 0.023091 0.145643 1.551934 632.955017
1.620083 25.743038 2.103443 0.013279 0.149543 1.558597 633.080017
1.621399 25.943075 2.103443 0.003678 0.097851 1.563157 633.190002
1.623160 26.152575 2.103443 -0.005288 0.063052 1.566842 633.299988
1.624809 26.357462 2.103443 0.054057 0.043067 1.517720 633.405029
1.631181 26.564558 2.103443 0.005589 0.031082 1.475740 633.510010
1.640321 26.802576 2.103443 -0.011422 0.025891 1.483335 633.630005
1.647424 27.011633 2.103443 -0.001273 0.023342 1.488656 633.734985
1.654661 27.221048 2.103443 0.009860 0.021958 1.492927 633.840027
1.664514 27.460537 2.103443 0.016433 0.021710 1.496791 633.960022
1.675712 27.680073 2.103443 0.016174 0.020728 1.499589 634.070007
1.688292 27.889563 2.103443 0.011770 0.020459 1.501727 634.174988
1.702232 28.099007 2.103443 0.005169 0.020934 1.503431 634.280029
1.716841 28.308451 2.103443 -0.000616 0.020553 1.504808 634.385010
1.731487 28.517900 2.103443 -0.005196 0.020410 1.505901 634.489990
1.745699 28.727392 2.103443 -0.007587 0.020605 1.506776 634.594971
1.758610 28.926977 2.103443 -0.007870 0.020332 1.507451 634.695007
1.770885 29.126600 2.103443 -0.006805 0.019960 1.508008 634.794983
1.783212 29.336197 2.103443 -0.004403 0.020119 1.508470 634.900024
1.795205 29.545771 2.103443 -0.002076 0.019977 1.508844 635.005005
1.807106 29.755302 2.103443 -0.000062 0.020374 1.509141 635.109985
1.820284 29.984781 2.103443 0.001194 0.020404 1.509403 635.224976
1.832577 30.194305 2.103443 0.001399 0.020056 1.509593 635.330017
1.845140 30.403805 2.103443 0.000948 0.019868 1.509753 635.434998
1.859148 30.633198 2.103443 0.000020 0.020291 1.509891 635.549988
1.872630 30.842577 2.103443 0.068704 0.017283 1.447946 635.655029
1.895635 31.070477 2.103443 0.105597 0.022227 1.330629 635.770020
1.928619 31.275993 2.103443 0.112085 0.029144 1.235618 635.875000
1.973968 31.478447 2.103443 0.115674 0.034517 1.150100 635.979980
2.038386 31.695892 2.103443 0.075530 0.036271 1.087009 636.094971
2.107143 31.891766 2.103443 0.094545 0.035911 1.061473 636.200012
2.185363 32.084637 2.103443 0.056013 0.032405 1.038440 636.304993
2.271219 32.275002 2.103443 0.082256 0.029323 1.011567 636.409973
2.373871 32.480076 2.103443 0.087111 0.026284 0.993953 636.525024
2.476789 32.662651 2.103443 0.118979 0.026437 0.907556 636.630005
2.590923 32.838028 2.103443 0.111978 0.027972 0.823568 636.734985
2.715369 33.005875 2.103443 0.107307 0.029776 0.743072 636.840027
2.849167 33.166054 2.103443 0.104425 0.030868 0.668905 636.945007
3.012894 33.339085 2.103443 0.073898 0.032651 0.609798 637.065002
3.163316 33.484062 2.103443 0.045131 0.029911 0.629421 637.169983
3.318165 33.625717 2.103443 0.054728 0.024949 0.638196 637.275024
3.469756 33.756847 2.103443 0.055896 0.021362 0.644935 637.375000
3.625061 33.884075 2.103443 0.048123 0.017674 0.650419 637.474976
3.783285 34.007961 2.103443 0.031731 0.016394 0.654891 637.575012
3.943306 34.129738 2.103443 0.013320 0.015434 0.658498 637.674988
4.103974 34.250778 2.103443 -0.002403 0.014921 0.661430 637.775024
4.265476 34.370590 2.103443 0.031101 0.014099 0.595020 637.875000
4.445978 34.497799 2.103443 0.038956 0.015241 0.513902 637.984985
4.628662 34.621330 2.103443 0.001542 0.017913 0.522496 638.094971
4.795858 34.732063 2.103443 0.036405 0.018569 0.479549 638.195007
4.964973 34.839779 2.103443 0.024808 0.019670 0.487348 638.294983
5.135521 34.945557 2.103443 0.029759 0.019340 0.493699 638.395020
5.307621 35.049095 2.103443 0.031369 0.018097 0.498874 638.494995
5.481201 35.150303 2.103443 0.027556 0.016647 0.503049 638.594971
5.656101 35.249245 2.103443 0.076424 0.017157 0.463525 638.695007
5.833935 35.342365 2.103443 0.090927 0.018590 0.379918 638.794983
6.015092 35.427658 2.103443 0.082901 0.020293 0.298576 638.895020
6.208108 35.509354 2.103443 0.027842 0.021327 0.259591 639.000000
6.402497 35.587612 2.103443 0.014692 0.022559 0.269246 639.104980
6.597822 35.664429 2.103443 0.005005 0.014257 0.298671 639.210022
6.801064 35.744495 2.103443 -0.027294 -0.051119 0.418113 639.320007
6.986940 35.820965 2.103443 -0.035777 -0.104136 0.514524 639.424988
7.175169 35.901955 2.103443 -0.058944 -0.130590 0.601398 639.539978
7.358720 35.986271 2.103443 -0.058328 0.005358 0.644756 639.664978
7.536093 36.079777 2.103443 -0.047769 0.168798 0.675857 639.789978
7.708921 36.184166 2.103443 -0.031330 0.128733 0.662849 639.905029
7.882339 36.296051 2.103443 -0.037361 0.079576 0.653064 640.015015
8.067070 36.422070 2.103443 -0.033218 0.046713 0.644965 640.130005
8.236329 36.542664 2.103443 -0.022512 0.030829 0.639064 640.234985
8.405342 36.666374 2.103443 -0.008089 0.000784 0.634338 640.340027
8.571195 36.790901 2.103443 -0.059520 -0.065431 0.716335 640.445007
8.734492 36.919189 2.103443 -0.005345 -0.116538 0.715772 640.554993
8.891852 37.043682 2.103443 -0.052027 -0.104869 0.759033 640.669983
9.045510 37.173893 2.103443 -0.111063 -0.029696 0.946992 640.794983
9.194580 37.319439 2.103443 -0.064931 0.007401 1.008743 640.929993
9.337878 37.477005 2.103443 -0.068810 0.017868 1.071121 641.070007
9.465631 37.636513 2.103443 -0.076598 0.022161 1.132028 641.205017
9.581900 37.804035 2.103443 -0.080676 0.023464 1.194015 641.340027
9.685719 37.979256 2.103443 -0.082133 0.024220 1.257589 641.474976
9.776481 38.161476 2.103443 -0.079212 0.023694 1.321050 641.609985
9.854243 38.349575 2.103443 -0.076445 0.023324 1.385410 641.744995
9.919970 38.541428 2.103443 -0.040565 0.180299 1.408113 641.875000
9.978593 38.741295 2.103443 -0.018256 0.131336 1.394359 641.994995
10.032488 38.939014 2.103443 -0.046255 0.083270 1.393859 642.104980
10.079893 39.135822 2.103443 -0.050251 0.055473 1.423940 642.210022
10.122328 39.337421 2.103443 -0.041487 0.038811 1.420116 642.315002
10.160867 39.541813 2.103443 -0.037985 0.029167 1.417014 642.419983
10.195859 39.747875 2.103443 -0.028538 0.024393 1.414525 642.525024
10.228236 39.954906 2.103443 -0.015639 0.022333 1.412523 642.630005
10.259302 40.162434 2.103443 -0.004294 0.020361 1.410926 642.734985
10.290268 40.370075 2.103443 0.004973 0.020926 1.409644 642.840027
10.323594 40.587578 2.103443 0.009536 0.019989 1.408569 642.950012
10.355111 40.785145 2.103443 0.010244 0.019296 1.407773 643.049988
10.387839 40.982506 2.103443 0.007660 0.020365 1.407129 643.150024
10.424958 41.199448 2.103443 0.003306 0.019907 1.406554 643.260010
10.459264 41.396591 2.103443 -0.034885 0.018649 1.427747 643.359985
10.491812 41.593925 2.103443 -0.014870 0.020497 1.438707 643.460022
10.522938 41.791489 2.103443 -0.014992 0.020641 1.438874 643.559998
10.552793 41.989285 2.103443 -0.036362 0.020166 1.448930 643.659973
10.580171 42.207367 2.103443 -0.101542 0.021293 1.554164 643.770020
10.595566 42.415874 2.103443 -0.098451 0.025465 1.644115 643.875000
10.602617 42.624439 2.103443 -0.012783 0.025118 1.638154 643.979980
10.607496 42.833393 2.103443 -0.014963 0.025832 1.629184 644.085022
10.610478 43.042824 2.103443 -0.024687 0.024112 1.621986 644.190002
10.610680 43.252518 2.103443 -0.028237 0.022535 1.616199 644.294983
10.607794 43.462242 2.103443 -0.024525 0.021483 1.611604 644.400024
10.602242 43.671967 2.103443 -0.015967 0.020669 1.607906 644.505005
10.594942 43.881638 2.103443 -0.005804 0.020597 1.604915 644.609985
10.585873 44.121258 2.103443 0.005062 0.020428 1.602227 644.729980
10.578388 44.330982 2.103443 0.010335 0.020668 1.600366 644.835022
10.571936 44.540756 2.103443 0.011981 0.020029 1.598890 644.940002
10.566682 44.750561 2.103443 0.010460 0.019917 1.597703 645.044983
10.562458 44.960365 2.103443 0.006583 0.020765 1.596742 645.150024
10.558877 45.170170 2.103443 0.003023 0.019848 1.595964 645.255005
10.555372 45.389965 2.103443 -0.000886 0.020576 1.595311 645.364990
10.551880 45.599770 2.103443 -0.003084 0.020691 1.594821 645.469971
10.547813 45.819565 2.103443 -0.003839 0.020500 1.594405 645.580017
10.543133 46.029358 2.103443 -0.063796 0.018944 1.642659 645.684998
10.532186 46.238529 2.103443 -0.091770 0.021776 1.742311 645.789978
10.511296 46.446236 2.103443 -0.088273 0.025619 1.829377 645.895020
10.480330 46.652012 2.103443 -0.097626 0.030545 1.914146 646.000000
10.439196 46.855579 2.103443 -0.037395 0.032188 1.935401 646.104980
10.387742 47.077904 2.103443 -0.034435 0.030507 1.922590 646.219971
10.330804 47.299843 2.103443 -0.045802 0.025929 1.912528 646.335022
10.273220 47.501434 2.103443 -0.044254 0.022897 1.905236 646.440002
10.210598 47.701828 2.103443 -0.031070 0.021039 1.899390 646.544983
10.147547 47.891819 2.103443 -0.014402 0.019908 1.894906 646.645020
10.082762 48.081402 2.103443 -0.000022 0.018939 1.891252 646.744995
10.017683 48.270988 2.103443 0.012794 0.018026 1.888305 646.844971
9.953446 48.460876 2.103443 0.020186 0.017732 1.885904 646.945007
9.890710 48.651249 2.103443 0.022225 0.017734 1.883979 647.044983
9.829625 48.842148 2.103443 0.019798 0.017812 1.882386 647.145020
9.770376 49.033592 2.103443 0.076224 0.016123 1.828548 647.244995
9.715447 49.226097 2.103443 0.014487 0.019221 1.825919 647.344971
9.661827 49.418953 2.103443 0.002819 0.019574 1.828586 647.445007
9.608182 49.611893 2.103443 0.001920 0.018821 1.830777 647.544983
9.554402 49.804825 2.103443 0.003112 0.018370 1.832542 647.645020
9.500596 49.997696 2.103443 0.004277 0.018680 1.833997 647.744995
9.446856 50.190624 2.103443 0.005180 0.018562 1.835174 647.844971
9.393251 50.383617 2.103443 0.005490 0.018505 1.836124 647.945007
9.334530 50.595963 2.103443 0.038040 0.018303 1.817298 648.054993
9.280303 50.809254 2.103443 0.088181 0.019409 1.714191 648.164978
9.234138 51.023823 2.103443 0.046030 0.021823 1.682811 648.275024
9.195700 51.229462 2.103443 0.085223 0.024893 1.597396 648.380005
9.166504 51.435936 2.103443 0.096607 0.029236 1.517215 648.484985
9.148171 51.642895 2.103443 0.112258 0.034993 1.437513 648.590027
9.139768 51.850262 2.103443 0.043127 0.034988 1.451785 648.695007
9.136954 52.058552 2.103443 0.050641 0.032506 1.463338 648.799988
9.139971 52.267502 2.106793 0.037694 0.027070 1.483274 648.905029
9.146669 52.476730 2.120537 0.034851 0.021323 1.532487 649.010010
9.158088 52.715832 2.136326 -0.033640 0.018242 1.584836 649.130005
9.165097 52.914783 2.171244 -0.043108 0.022357 1.653835 649.229980
9.166128 53.113403 2.205231 -0.107335 0.027053 1.732015 649.330017
9.157434 53.321232 2.239831 -0.053597 0.031129 1.743947 649.434998
9.141938 53.529102 2.245178 -0.051408 0.029295 1.737355 649.539978
9.120475 53.737019 2.243861 -0.051180 0.025603 1.732055 649.645020
9.093257 53.944653 2.259966 -0.040995 0.023193 1.727760 649.750000
9.061515 54.151951 2.258884 -0.023727 0.021222 1.724336 649.854980
9.027117 54.359047 2.257858 -0.004155 0.021124 1.721614 649.960022
8.988724 54.585873 2.256913 0.011774 0.020576 1.719239 650.075012
8.953067 54.803093 2.256149 0.020057 0.020460 1.717433 650.184998
8.922399 55.000881 2.255564 0.021859 0.020050 1.716138 650.284973
8.893581 55.198929 2.255066 0.018981 0.019500 1.715083 650.385010
8.866324 55.397160 2.254639 0.013132 0.020047 1.714225 650.484985
8.840072 55.595539 2.254272 0.007019 0.019875 1.713533 650.585022
8.814233 55.793980 2.253954 0.001838 0.019184 1.712970 650.684998
8.788302 55.992329 2.253683 -0.002670 0.019792 1.712512 650.784973
8.761876 56.190609 2.253451 -0.004782 0.020452 1.712148 650.885010
8.734641 56.388786 2.263984 -0.050889 0.018590 1.744237 650.984985
8.700544 56.595596 2.275986 -0.105034 -0.030758 1.873788 651.090027
8.657704 56.792301 2.294388 -0.100181 -0.131777 2.009326 651.195007
8.605317 56.986935 2.298352 -0.099268 -0.078976 2.079839 651.309998
8.538024 57.187134 2.316108 -0.106091 -0.020352 2.150001 651.440002
8.448977 57.394142 2.315813 -0.078350 0.006396 2.174691 651.585022
8.347743 57.591717 2.315578 -0.041162 0.011623 2.163020 651.729980
8.237339 57.783577 2.315391 -0.030744 0.010670 2.173824 651.875000
8.128924 57.958706 2.315250 -0.011276 0.010252 2.161256 652.010010
8.018256 58.132870 2.315137 0.001116 0.089127 2.151828 652.145020
7.908649 58.304661 2.315052 0.008389 0.160323 2.145141 652.270020
7.798042 58.479305 2.314986 0.011275 0.105652 2.140373 652.385010
7.687052 58.656384 2.314933 0.011755 0.065983 2.136752 652.494995
7.579297 58.830879 2.314890 0.064628 0.040470 2.085260 652.599976
7.473554 59.009789 2.314854 0.013458 0.030590 2.085572 652.705017
7.368222 59.190758 2.314823 0.008014 0.024205 2.085925 652.809998
7.258707 59.381840 2.314795 0.034807 0.019346 2.048557 652.919983
7.153495 59.575531 2.314771 0.093322 0.018589 1.963893 653.030029
7.064624 59.754772 2.314753 0.025943 0.020171 1.950130 653.130005
6.973961 59.944366 2.286482 0.017970 0.005851 1.956279 653.234985
6.885559 60.133003 2.259219 0.024205 -0.055093 1.961183 653.340027
6.802316 60.315437 2.226969 0.037767 -0.107367 1.944743 653.445007
6.720393 60.502586 2.207300 0.030045 -0.137307 1.945012 653.559998
6.644388 60.687244 2.175842 0.044002 -0.106776 1.887265 653.684998
6.570767 60.891117 2.175343 0.042654 0.165642 1.856797 653.830017
6.508804 61.088589 2.177839 0.036183 0.156623 1.852924 653.955017
6.453353 61.280746 2.179666 0.030130 0.099338 1.850276 654.065002
6.400614 61.473869 2.181134 0.019750 0.062365 1.848272 654.169983
6.348199 61.672134 2.182386 0.010874 0.041755 1.846650 654.275024
6.297492 61.873413 2.183459 0.036324 0.030334 1.783656 654.380005
6.249615 62.076611 2.184367 -0.005050 0.025313 1.787658 654.484985
6.200948 62.280331 2.185136 -0.008033 0.022456 1.790996 654.590027
6.151101 62.484127 2.185790 -0.012856 0.020444 1.798742 654.695007
6.097733 62.687111 2.186346 -0.082045 0.018642 1.906894 654.799988
6.032747 62.896660 2.186838 -0.064034 0.021530 1.996890 654.909973
5.951568 63.132236 2.187304 0.003472 0.021690 1.985435 655.034973
5.872578 63.358585 2.187676 -0.008182 0.021442 1.976703 655.155029
5.805346 63.547047 2.187937 -0.017884 0.020063 1.970939 655.255005
5.735970 63.734909 2.188159 -0.021338 0.020047 1.966258 655.354980
5.664207 63.922020 2.188349 -0.018626 0.019231 1.962127 655.455017
5.575390 64.145653 2.188543 -0.010339 0.018431 1.958530 655.575012
5.496099 64.340790 2.188685 -0.001174 0.017975 1.956052 655.679993
5.420057 64.526474 2.188802 -0.028208 0.016077 1.975498 655.780029
5.342010 64.711182 2.188903 -0.002179 0.017313 1.991956 655.880005
5.263128 64.895523 2.188989 0.007350 0.018312 1.988481 655.979980
5.180502 65.089287 2.189065 0.005403 0.017464 1.985940 656.085022
5.094027 65.292381 2.189132 0.001466 0.018098 1.984121 656.195007
5.015163 65.476944 2.189185 -0.000651 0.017099 1.983085 656.294983
4.935884 65.661331 2.189231 -0.001235 0.017442 1.982215 656.395020
4.856130 65.845543 2.189269 -0.000761 0.017620 1.981902 656.494995
4.775654 66.029442 2.189303 -0.060245 0.015248 2.030671 656.594971
4.689635 66.216759 2.189303 -0.033807 -0.194752 2.140620 656.700012
4.593689 66.422958 2.189303 -0.066911 -0.313031 2.281984 656.835022
4.510777 66.610260 2.189303 -0.088777 -0.216689 2.459996 657.005005
4.436878 66.797173 2.189303 -0.081190 -0.089308 2.753194 657.284973
4.381863 66.989708 2.189303 -0.010603 0.005028 -2.461914 658.304993
4.242902 66.845741 2.189303 -0.026089 0.320221 -2.268950 658.900024
4.113474 66.685921 2.189303 -0.006994 0.254257 -2.195192 659.049988
3.981880 66.518250 2.189303 0.006721 0.136778 -2.119850 659.174988
3.857019 66.356926 2.189303 -0.015138 0.078270 -2.045813 659.284973
3.736351 66.195427 2.189303 -0.061536 0.056069 -1.970009 659.390015
3.618132 66.028015 2.224475 -0.014426 0.044249 -1.997242 659.494995
3.506389 65.864983 2.260349 -0.040888 0.037749 -2.021076 659.594971
3.397525 65.698181 2.295529 -0.065720 0.030874 -2.033045 659.695007
3.293650 65.527290 2.329379 -0.072338 0.024324 -2.039198 659.794983
3.195403 65.352646 2.349493 -0.063129 0.020106 -2.043848 659.895020
3.102005 65.175102 2.348966 -0.044255 0.017661 -2.047642 659.994995
3.011857 64.995712 2.348505 -0.020291 0.017125 -2.050688 660.094971
2.923039 64.815575 2.348108 -0.001667 0.016994 -2.053164 660.195007
2.833911 64.635582 2.347766 0.012298 0.016652 -2.055176 660.294983
2.743329 64.456329 2.347474 0.019922 0.016788 -2.056822 660.395020
2.650706 64.278107 2.347225 0.019932 0.016697 -2.058144 660.494995
2.556075 64.100929 2.347013 0.033096 0.015954 -2.069609 660.594971
2.457386 63.926178 2.346830 0.091915 0.016130 -2.171690 660.695007
2.351204 63.756447 2.346672 0.089965 0.019142 -2.260952 660.794983
2.231838 63.584129 2.346531 0.087251 0.022535 -2.346954 660.900024
2.104718 63.418156 2.346411 0.095226 0.027182 -2.426695 661.005005
1.956124 63.244709 2.346302 0.112025 0.032672 -2.510887 661.119995
1.803898 63.088787 2.346214 0.129371 0.037893 -2.589607 661.229980
1.648593 62.951122 2.346142 0.147517 0.042989 -2.667320 661.335022
1.483129 62.826485 2.346081 0.154295 0.045558 -2.742695 661.440002
1.308924 62.713818 2.346029 0.072822 0.038294 -2.725212 661.544983
1.104362 62.593327 2.346007 0.041613 -0.104804 -2.645802 661.664978
0.928302 62.494835 2.346007 -0.007259 -0.310351 -2.530617 661.775024
0.749011 62.398350 2.346007 -0.052975 -0.280481 -2.384018 661.914978
0.562871 62.305374 2.346007 -0.075807 -0.157789 -2.158884 662.130005
0.374312 62.224899 2.346007 -0.053063 -0.034269 -1.698145 662.570007
0.536975 62.101246 2.346007 -0.018618 0.191851 -0.305767 664.234985
0.728523 62.043396 2.346007 -0.030143 0.086655 -0.277069 664.385010
0.938453 61.986893 2.346007 -0.037736 0.037532 -0.256441 664.534973
1.149367 61.938972 2.346007 -0.052890 0.022158 -0.198410 664.679993
1.371898 61.898197 2.346007 -0.039740 0.015436 -0.154696 664.830017
1.587551 61.867004 2.346007 -0.037593 0.173671 -0.098667 664.969971
1.794062 61.843082 2.346007 -0.041733 0.132990 -0.057486 665.090027
1.997504 61.822189 2.346007 -0.019387 0.081619 -0.034201 665.200012
2.198685 61.802258 2.346007 0.024943 0.051861 -0.045885 665.304993
2.403295 61.779800 2.346007 0.018801 0.037027 -0.055330 665.409973
2.609674 61.755371 2.346007 0.002222 0.029331 -0.062872 665.515015
2.817066 61.730587 2.346007 -0.010615 0.025412 -0.068935 665.619995
3.025112 61.706795 2.346007 -0.017550 0.023170 -0.073809 665.724976
3.233603 61.684731 2.346007 -0.018836 0.021556 -0.077721 665.830017
3.442393 61.664497 2.346007 -0.015653 0.020746 -0.080874 665.934998
3.651387 61.645741 2.346007 -0.009306 0.021245 -0.083412 666.039978
3.880082 61.623486 2.346007 0.078086 0.020138 -0.188593 666.155029
4.116757 61.589886 2.346007 0.082985 0.023367 -0.294025 666.275024
4.321388 61.550407 2.346007 0.092352 0.028478 -0.381155 666.380005
4.523065 61.500454 2.346007 0.103917 0.033808 -0.462181 666.484985
4.720932 61.438770 2.346007 0.119478 0.039379 -0.539908 666.590027
4.913574 61.363911 2.346007 0.152825 -0.027506 -0.649246 666.695007
5.099744 61.274681 2.346007 0.144589 -0.104497 -0.756197 666.804993
5.284865 61.167473 2.346007 0.136643 -0.047414 -0.818337 666.929993
5.478369 61.027328 2.346007 0.126287 -0.001351 -0.892233 667.080017
5.626736 60.893066 2.346007 0.107818 0.013841 -0.952885 667.210022
5.766767 60.742546 2.346007 0.041807 0.014519 -0.960268 667.344971
5.900397 60.586288 2.346007 0.026016 0.011803 -0.944094 667.479980
6.040176 60.414917 2.346007 0.017181 0.010120 -0.931156 667.625000
6.185189 60.236122 2.346007 -0.061338 0.139038 -0.821259 667.775024
6.324463 60.080814 2.346007 -0.057395 0.148428 -0.724081 667.900024
6.471428 59.931931 2.346007 -0.051444 0.095128 -0.637995 668.015015
6.624091 59.788746 2.346007 -0.067450 0.063094 -0.556471 668.125000
6.778613 59.655655 2.337274 -0.092255 0.050156 -0.477896 668.229980
6.941379 59.529900 2.336241 -0.120055 0.047520 -0.401659 668.335022
7.112633 59.414959 2.320107 -0.141146 0.048867 -0.326305 668.440002
7.292276 59.313557 2.283675 -0.156124 0.040591 -0.251535 668.544983
7.514419 59.213547 2.277650 -0.176597 -0.009941 -0.140533 668.669983
7.716740 59.145779 2.278596 -0.201992 -0.090870 0.037279 668.784973
7.913836 59.102913 2.279420 -0.190520 -0.029497 0.181396 668.905029
8.116294 59.084473 2.280152 -0.134338 0.014967 0.225370 669.034973
8.336455 59.090263 2.280815 -0.109939 0.026039 0.279827 669.179993
8.560418 59.120598 2.281357 -0.088555 0.025318 0.343443 669.330017
8.780581 59.171146 2.281788 -0.072309 0.022929 0.416126 669.479980
8.975168 59.230900 2.282098 -0.063690 0.021752 0.480978 669.614990
9.165151 59.303726 2.282347 -0.104053 0.023562 0.626451 669.750000
9.346395 59.393169 2.282552 -0.095391 0.027809 0.768814 669.885010
9.523700 59.502392 2.282722 -0.098719 0.033420 0.909216 670.025024
9.699089 59.637741 2.282868 -0.108687 0.043447 1.059320 670.174988
9.848910 59.780197 2.282978 -0.073385 0.040721 1.092779 670.315002
9.983381 59.929474 2.283064 -0.091272 0.038408 1.139727 670.450012
10.113493 60.102905 2.283139 -0.104126 0.035734 1.203205 670.594971
10.220795 60.282833 2.283196 -0.125433 0.034445 1.330831 670.734985
10.308414 60.480240 2.283244 -0.129576 0.036796 1.474369 670.880005
10.369693 60.671280 2.283279 -0.071908 0.033846 1.519560 671.015015
10.417538 60.867165 2.283307 -0.076588 0.031510 1.574743 671.150024
10.451672 61.066612 2.283331 -0.078042 0.028832 1.632860 671.284973
10.472477 61.283291 2.283352 -0.077654 0.026897 1.697254 671.429993
10.478467 61.486271 2.283366 -0.028496 0.022666 1.696238 671.565002
10.477329 61.690334 2.283379 -0.066342 0.020712 1.726936 671.700012
10.465952 61.894348 2.283390 -0.020060 0.015913 1.738546 671.835022
10.449938 62.096081 2.283396 0.000585 0.172665 1.722942 671.965027
10.431579 62.302540 2.283401 -0.004653 0.136492 1.711803 672.085022
10.411860 62.506050 2.283407 -0.007308 0.084386 1.703812 672.195007
10.391088 62.707352 2.283412 -0.005027 0.054745 1.697752 672.299988
10.369100 62.912266 2.283417 -0.001353 0.037560 1.692884 672.405029
10.346521 63.119041 2.283417 0.002514 0.028665 1.688978 672.510010
10.323875 63.326794 2.283417 0.003522 0.005139 1.675623 672.614990
10.301747 63.529568 2.283417 0.016698 -0.204861 1.565674 672.719971
10.278632 63.729786 2.283417 0.057049 -0.315213 1.440018 672.840027
10.251001 63.930714 2.283417 0.083805 -0.224631 1.267240 673.005005
10.215105 64.128189 2.283417 0.081250 -0.096564 0.984514 673.275024
10.160743 64.321396 2.283417 0.016789 0.003788 0.073507 674.145020
10.242607 64.136383 2.283417 0.014305 0.227825 -1.202126 675.705017
10.327741 63.941544 2.283417 -0.037654 0.088656 -1.259962 675.869995
10.415842 63.754158 2.283417 -0.002105 0.041953 -1.325586 676.015015
10.502556 63.566658 2.283417 0.029893 0.030533 -1.380652 676.155029
10.579812 63.380608 2.283417 0.078800 0.031359 -1.449757 676.289978
10.644063 63.189167 2.283417 0.098504 0.032515 -1.507465 676.424988
10.693703 62.992844 2.283417 0.063578 0.027513 -1.499703 676.559998
10.731956 62.792801 2.283417 0.062059 0.031512 -1.491379 676.695007
10.759332 62.589577 2.283417 0.052243 0.172467 -1.485338 676.825012
10.778217 62.388927 2.283417 0.032223 0.123712 -1.481178 676.940002
10.795711 62.154953 2.283417 0.008963 0.072587 -1.477644 677.065002
10.811510 61.932098 2.283417 -0.010038 0.046421 -1.475124 677.179993
10.827493 61.725624 2.283417 -0.019626 0.033657 -1.473299 677.284973
10.845883 61.517876 2.283417 -0.021929 0.026411 -1.471844 677.390015
10.866804 61.309662 2.283417 -0.018283 0.022747 -1.470665 677.494995
10.889794 61.101334 2.283417 -0.029072 0.020457 -1.458853 677.599976
10.917442 60.893654 2.283417 -0.090516 0.020011 -1.348728 677.705017
10.954777 60.688065 2.283417 -0.091628 0.024070 -1.252688 677.809998
11.002229 60.485172 2.283417 -0.089813 0.027498 -1.166311 677.914978
11.059863 60.285465 2.283417 -0.101540 0.032342 -1.082138 678.020020
11.127937 60.089390 2.283417 -0.113052 0.036023 -1.016819 678.125000
11.208067 59.898281 2.283417 -0.137601 0.041106 -0.934544 678.229980
11.302349 59.714199 2.283417 -0.146176 0.039397 -0.855740 678.335022
11.410407 59.539272 2.283417 -0.142441 -0.009601 -0.780165 678.440002
11.533541 59.370186 2.283417 -0.134847 -0.063377 -0.704237 678.549988
11.666577 59.212967 2.283417 -0.153707 -0.068214 -0.606318 678.664978
11.814898 59.067532 2.283417 -0.169181 -0.029673 -0.438070 678.789978
11.975729 58.943752 2.283417 -0.153893 0.013836 -0.294334 678.919983
12.157961 58.836700 2.283417 -0.093747 0.031447 -0.218248 679.059998
12.341384 58.750523 2.283417 -0.081577 0.030992 -0.176773 679.195007
12.531060 58.678257 2.283417 -0.081128 0.028157 -0.124073 679.330017
12.732665 58.615833 2.283417 -0.033496 0.021045 -0.143473 679.469971
12.929870 58.561924 2.283417 -0.045845 0.017203 -0.151146 679.604980
13.129445 58.517120 2.283417 -0.080556 0.017522 -0.071447 679.739990
13.338562 58.483658 2.283417 -0.066803 0.017669 -0.016928 679.880005
13.558954 58.460674 2.283417 -0.005888 0.160017 0.008644 680.025024
13.760025 58.444988 2.283417 -0.072246 0.151115 0.042805 680.145020
13.998041 58.438011 2.283417 -0.060632 0.091486 0.091431 680.275024
14.198986 58.439873 2.293137 -0.015722 0.060044 0.096125 680.380005
14.404118 58.444519 2.295709 -0.006963 0.041262 0.085484 680.484985
14.611518 58.450226 2.295036 0.038158 0.029123 0.042467 680.590027
14.819758 58.452370 2.294644 0.040953 -0.046000 -0.034851 680.695007
15.027718 58.450001 2.294644 -0.002750 -0.266000 0.075098 680.804993
15.230310 58.444691 2.294644 -0.049066 -0.300729 0.211225 680.934998
15.439933 58.433105 2.294644 -0.077047 -0.185601 0.415417 681.130005
15.640383 58.410717 2.294644 -0.065891 -0.060010 0.781914 681.479980
15.534465 58.589733 2.294644 0.021723 0.150225 2.436888 683.434998
15.384455 58.724258 2.315551 -0.012275 0.066285 2.386709 683.580017
15.218305 58.870625 2.318178 -0.018541 0.023634 2.320066 683.729980
15.052932 59.012810 2.318164 0.008956 0.014538 2.252554 683.875000
14.898889 59.149269 2.318152 0.079278 0.030853 2.138735 684.010010
14.753698 59.296429 2.318146 0.073189 0.016588 2.027056 684.145020
14.620625 59.451599 2.318140 0.076573 0.024542 1.979158 684.280029
14.495223 59.621269 2.318133 0.093963 0.029834 1.922247 684.419983
14.376479 59.813450 2.318126 0.046444 0.025245 1.937517 684.570007
14.278276 59.992886 2.318124 0.083471 0.021503 1.916773 684.705017
14.191993 60.178761 2.318124 0.071215 0.018033 1.855276 684.840027
14.115034 60.368839 2.318124 0.007505 0.012656 1.869064 684.974976
14.039332 60.560528 2.318124 -0.003944 0.121067 1.884659 685.109985
13.964026 60.752338 2.318124 0.001516 0.156875 1.895496 685.234985
13.888678 60.946579 2.318124 0.007264 0.103066 1.903290 685.349976
13.806782 61.160625 2.334167 0.009200 0.059280 1.909597 685.469971
13.730551 61.362255 2.397593 0.008219 0.038788 1.914167 685.580017
13.659071 61.557571 2.401862 0.097229 -0.020823 1.803434 685.684998
13.598460 61.749275 2.399745 0.150707 -0.127798 1.607742 685.789978
13.551089 61.943871 2.397790 0.138840 -0.063220 1.498432 685.905029
13.519991 62.142906 2.396025 0.135119 -0.008905 1.430551 686.030029
13.509391 62.366062 2.394356 0.123379 0.017641 1.359768 686.174988
13.520615 62.570328 2.393102 0.055063 0.019934 1.369078 686.309998
13.542712 62.773746 2.392086 0.034564 0.015369 1.385858 686.445007
13.571261 62.976677 2.391267 0.016493 0.013824 1.398416 686.580017
13.606733 63.201927 2.390533 0.001266 0.011690 1.408867 686.729980
13.639383 63.405354 2.390004 -0.010489 0.122142 1.415861 686.864990
13.670614 63.608852 2.389603 -0.015056 0.158755 1.420773 686.989990
13.700376 63.814644 2.389297 -0.015197 0.103736 1.424280 687.104980
13.728840 64.021935 2.389052 -0.012183 0.063886 1.426943 687.215027
13.759491 64.254219 2.388829 -0.007674 0.040783 1.429230 687.335022
13.786070 64.460144 2.388663 -0.003805 0.030204 1.430826 687.440002
13.812680 64.667267 2.388524 -0.000697 0.025432 1.432116 687.544983
13.844544 64.913200 2.388459 0.009424 -0.116697 1.359386 687.669983
13.870406 65.112038 2.388459 0.044005 -0.313189 1.244202 687.780029
13.893938 65.311035 2.388459 0.077246 -0.271073 1.097603 687.919983
13.911174 65.510300 2.388459 0.088273 -0.148737 0.877705 688.130005
13.916453 65.714432 2.388459 0.055045 -0.028832 0.411730 688.575012
14.102890 65.608971 2.388459 0.031060 0.319905 -0.875168 690.265015
14.235956 65.450119 2.388459 0.006275 0.207569 -0.949400 690.400024
14.365101 65.291237 2.388459 0.006728 0.108532 -1.025450 690.515015
14.494056 65.128609 2.388459 0.029083 0.063549 -1.100266 690.625000
14.627988 64.950890 2.388459 0.079702 0.050752 -1.182108 690.739990
14.759293 64.756531 2.388459 0.126501 0.051611 -1.266230 690.859985
14.874869 64.551888 2.388459 0.162409 0.055928 -1.351667 690.979980
14.960297 64.364525 2.388459 0.095619 0.050049 -1.351276 691.085022
15.035887 64.171387 2.388459 0.087378 0.039710 -1.336441 691.190002
15.103099 63.973915 2.388459 0.077099 0.030129 -1.324719 691.294983
15.163013 63.773357 2.388459 0.053693 0.024106 -1.315308 691.400024
15.217937 63.570915 2.388459 0.028711 0.020570 -1.307707 691.505005
15.270568 63.367622 2.388459 -0.023444 0.019184 -1.286015 691.609985
15.327013 63.165615 2.388459 -0.104543 0.019271 -1.170940 691.715027
15.401234 62.949375 2.388459 -0.114888 0.027007 -1.064112 691.830017
15.481660 62.757603 2.388459 -0.118536 0.033025 -0.975592 691.934998
15.574324 62.571831 2.388459 -0.120565 0.036420 -0.895430 692.039978
15.679027 62.392712 2.388459 -0.124215 0.038250 -0.820364 692.145020
15.795882 62.221401 2.388459 -0.131978 0.037364 -0.742157 692.250000
15.923944 62.059875 2.388459 -0.133592 -0.020463 -0.666523 692.354980
16.077160 61.892082 2.388459 -0.083383 -0.085552 -0.641525 692.474976
16.221018 61.748657 2.388459 -0.086343 -0.110615 -0.638643 692.590027
16.379921 61.609608 2.388459 -0.159180 -0.023153 -0.442286 692.719971
16.577471 61.477646 2.388459 -0.145992 0.021279 -0.250870 692.875000
16.758718 61.389557 2.388459 -0.118433 0.036008 -0.109724 693.010010
16.968302 61.314003 2.388459 -0.073866 0.036135 -0.065447 693.159973
17.162659 61.260174 2.388459 -0.077904 0.032105 -0.012112 693.294983
17.375795 61.217728 2.388459 -0.047800 0.027330 0.017078 693.440002
17.584587 61.187119 2.388459 -0.031283 0.021033 -0.006386 693.580017
17.787722 61.163429 2.388459 -0.030342 0.016661 -0.023289 693.715027
17.991899 61.145988 2.388459 -0.066131 0.015899 0.022854 693.849976
18.196596 61.137299 2.388459 -0.010028 0.013604 0.018137 693.984985
18.399900 61.130962 2.388459 0.004692 0.171760 0.007090 694.114990
18.608124 61.124752 2.388459 0.002051 0.127171 -0.000683 694.234985
18.812849 61.118797 2.388459 0.000135 0.082314 -0.006363 694.344971
19.015333 61.113029 2.388459 -0.000728 0.052620 -0.010687 694.450012
19.241137 61.107727 2.388459 -0.075275 0.035321 0.056484 694.565002
19.448666 61.110519 2.388459 -0.055759 0.030865 0.128521 694.669983
19.656368 61.121262 2.388459 -0.051673 0.029578 0.181992 694.775024
19.864075 61.138000 2.388459 -0.029544 0.028770 0.177820 694.880005
20.072271 61.156570 2.388459 0.041186 0.022940 0.075008 694.984985
20.280890 61.173943 2.388459 0.007083 0.019854 0.040863 695.090027
20.489456 61.192528 2.388459 -0.029096 0.019441 0.043522 695.195007
20.697910 61.213627 2.388459 -0.006197 0.021289 0.045639 695.299988
20.906504 61.235180 2.388459 0.017493 0.022209 0.047346 695.405029
21.115417 61.254860 2.388459 0.031603 0.022084 0.048727 695.510010
21.324650 61.271248 2.388459 0.034558 0.020858 0.049826 695.614990
21.534119 61.284039 2.388459 0.062534 0.019598 0.029079 695.719971
21.743582 61.289825 2.388459 0.068485 0.020966 -0.050146 695.825012
21.952854 61.288548 2.388459 0.011441 0.022720 -0.043465 695.929993
22.162323 61.285683 2.388459 0.001430 0.021814 -0.038139 696.034973
22.371981 61.282520 2.388459 0.000043 0.021183 -0.033854 696.140015
22.581722 61.279613 2.388459 -0.059703 0.018247 0.019314 696.244995
22.811024 61.282722 2.388459 -0.060745 0.021520 0.098410 696.359985
23.039814 61.292881 2.388459 -0.048918 0.023816 0.137217 696.474976
23.248501 61.306561 2.388459 0.031128 0.021414 0.114571 696.580017
23.457502 61.317497 2.388459 0.080481 0.020380 0.001253 696.684998
23.666559 61.320187 2.388459 0.029006 0.021547 -0.070677 696.789978
23.875591 61.319313 2.388459 -0.013070 0.022110 -0.064722 696.895020
24.084908 61.319233 2.388459 -0.017809 0.022433 -0.049173 697.000000
24.294468 61.321236 2.388459 0.003993 0.021665 -0.008110 697.104980
24.504152 61.323189 2.388459 0.022466 0.021405 -0.007404 697.210022
24.713921 61.322826 2.388459 0.020414 0.020700 -0.006838 697.315002
24.933552 61.317532 2.388459 0.089770 0.021422 -0.105352 697.424988
25.142576 61.304432 2.388459 0.002744 0.021484 -0.115444 697.530029
25.351625 61.290138 2.388459 -0.012417 0.020837 -0.107565 697.635010
25.560884 61.276794 2.388459 -0.007376 0.020763 -0.101225 697.739990
25.770300 61.263996 2.388459 -0.032229 0.020106 -0.075501 697.844971
25.979845 61.254921 2.388459 -0.075387 0.019331 0.031050 697.950012
26.209024 61.253220 2.388459 0.005389 0.019729 0.067945 698.065002
26.418192 61.252361 2.388459 0.024687 0.021002 0.055950 698.169983
26.627558 61.249210 2.388459 0.013442 0.021082 0.046335 698.275024
26.836922 61.242428 2.388459 0.084214 0.017317 -0.073975 698.380005
27.045422 61.227169 2.388459 0.032298 0.021923 -0.142860 698.484985
27.253540 61.207779 2.388459 -0.006046 0.023515 -0.138882 698.590027
27.462034 61.188381 2.388459 0.000442 0.022456 -0.135668 698.695007
27.670765 61.168522 2.388459 0.011333 0.022390 -0.133085 698.799988
27.879503 61.147152 2.388459 0.016868 0.020931 -0.131022 698.905029
28.127865 61.120243 2.388459 -0.061839 0.018422 -0.049231 699.030029
28.336592 61.101944 2.388459 -0.002266 0.021194 -0.032267 699.135010
28.545444 61.084446 2.388459 -0.000760 0.022510 -0.036116 699.239990
28.774439 61.066654 2.388459 -0.086284 0.022578 0.032164 699.354980
29.003347 61.059116 2.388459 -0.101426 0.026474 0.128797 699.469971
29.211605 61.064037 2.388459 -0.104066 0.030678 0.211786 699.575012
29.418690 61.080318 2.388459 -0.047454 0.031938 0.248474 699.679993
29.615116 61.104244 2.423052 -0.062815 0.032986 0.294065 699.780029
29.820629 61.136555 2.448053 0.007845 -0.028397 0.213009 699.885010
30.019480 61.167336 2.447328 0.061582 -0.137788 0.018309 699.989990
30.219833 61.193180 2.464259 0.038562 -0.088347 -0.035070 700.104980
30.430965 61.215748 2.464698 0.048435 -0.030408 -0.030645 700.234985
30.665268 61.230961 2.482817 0.078545 -0.002247 -0.076601 700.385010
30.887527 61.230885 2.482753 0.072051 0.007299 -0.096760 700.530029
31.122833 61.216923 2.482661 0.037140 0.011875 -0.112953 700.684998
31.326895 61.197006 2.482596 0.023109 0.012769 -0.112385 700.820007
31.553326 61.169922 2.482538 0.011206 0.052147 -0.111906 700.969971
31.759680 61.143040 2.482499 0.003017 0.173029 -0.111595 701.099976
31.961960 61.116585 2.498963 -0.033138 0.117366 -0.097826 701.215027
32.158234 61.095619 2.531439 -0.094425 0.074037 -0.000134 701.320007
32.360497 61.084499 2.564439 -0.094449 0.051987 0.091160 701.424988
32.575203 61.084427 2.599350 -0.098271 0.043420 0.182398 701.534973
32.799755 61.097759 2.619075 -0.138058 -0.058198 0.325001 701.650024
33.018780 61.126564 2.617104 -0.135923 -0.094751 0.449591 701.770020
33.215813 61.167873 2.615466 -0.133940 -0.036093 0.510178 701.890015
33.426517 61.233883 2.613920 -0.125207 0.005296 0.575437 702.030029
33.623886 61.318428 2.612667 -0.060676 0.012566 0.561819 702.169983
33.808044 61.410587 2.611682 -0.042293 0.012633 0.546959 702.304993
33.988575 61.509674 2.588476 -0.023040 0.010704 0.535986 702.440002
34.160500 61.608871 2.554851 -0.007758 0.009311 0.527880 702.570007
34.337997 61.713745 2.549128 -0.066276 0.010391 0.601679 702.705017
34.509735 61.826862 2.564314 -0.071175 0.012349 0.767324 702.840027
34.672764 61.950066 2.563605 -0.067192 0.014208 0.918796 702.974976
34.826443 62.081955 2.563025 -0.075937 0.021596 1.056992 703.109985
34.968815 62.223309 2.562556 -0.101858 0.034964 1.185749 703.244995
35.100052 62.382198 2.562161 -0.123427 0.049201 1.319622 703.385010
35.210060 62.554775 2.561844 -0.102029 0.055557 1.401058 703.525024
35.306522 62.753349 2.561573 -0.126194 0.050794 1.465481 703.674988
35.372780 62.949242 2.561372 -0.131314 0.047218 1.580160 703.815002
35.417892 63.174248 2.561194 -0.098222 0.040326 1.641451 703.969971
35.437534 63.374577 2.561071 -0.088439 0.033529 1.699654 704.104980
35.441265 63.576836 2.560971 -0.076463 0.026906 1.750454 704.239990
35.432549 63.787361 2.560885 -0.032520 0.021057 1.744001 704.380005
35.417137 63.990929 2.560820 -0.032632 0.017004 1.734137 704.515015
35.395592 64.194496 2.560766 -0.027830 0.015058 1.726616 704.650024
35.368935 64.397903 2.560723 -0.017449 0.013300 1.720915 704.784973
35.339027 64.600838 2.560689 -0.007555 0.171190 1.716780 704.914978
35.305695 64.817650 2.560663 0.004215 0.119876 1.713737 705.039978
35.274658 65.021759 2.560643 0.011279 0.074894 1.711626 705.150024
35.245106 65.223106 2.560628 0.014492 0.049242 1.710010 705.255005
35.216385 65.427841 2.560613 0.013954 0.034880 1.708729 705.359985
35.188656 65.634377 2.560603 0.011101 0.027617 1.707691 705.465027
35.160450 65.851799 2.560592 0.007113 0.023081 1.706825 705.575012
35.133965 66.059784 2.560582 0.003165 0.021154 1.706167 705.679993
35.107525 66.267929 2.560577 -0.000270 0.021458 1.705645 705.784973
35.080776 66.476212 2.560572 -0.001879 0.021078 1.705227 705.890015
35.054878 66.674576 2.560567 -0.002029 0.020162 1.704901 705.989990
35.028561 66.872940 2.560562 -0.001334 0.019650 1.704630 706.090027
35.001900 67.071304 2.560558 -0.000004 0.019331 1.704416 706.190002
34.975040 67.269524 2.560553 0.001530 0.019485 1.704235 706.289978
34.948109 67.467735 2.560552 0.002717 0.020706 1.704096 706.390015
34.921219 67.665947 2.560552 0.003611 0.020098 1.703981 706.489990
34.894463 67.864204 2.560552 0.003931 0.020216 1.703896 706.590027
34.865963 68.062111 2.593632 -0.081773 0.017378 1.801977 706.690002
34.829834 68.258087 2.641345 -0.048306 0.022788 1.863321 706.789978
34.788254 68.452812 2.698207 -0.061206 0.023850 1.885012 706.890015
34.740685 68.646072 2.729444 -0.090683 0.025075 1.954924 706.989990
34.683811 68.836319 2.772127 -0.072159 0.028056 2.013054 707.090027
34.619251 69.024139 2.837291 -0.044334 0.028864 2.004562 707.190002
34.549671 69.210861 2.902362 -0.044924 0.025869 1.996921 707.289978
34.475353 69.396347 2.953150 -0.041534 0.022163 1.990717 707.390015
34.396889 69.580513 2.983230 -0.029407 0.019859 1.986864 707.489990
34.315414 69.763618 3.013580 -0.014511 0.018648 1.984367 707.590027
34.232246 69.945801 3.044228 -0.062629 -0.061658 2.067768 707.690002
34.143223 70.125816 3.075506 -0.135524 -0.139603 2.273926 707.794983
34.043125 70.298317 3.106588 -0.173072 -0.061575 2.452345 707.909973
33.920456 70.465019 3.125060 -0.177399 0.006032 2.612179 708.039978
33.777462 70.610359 3.122736 -0.164024 0.041306 2.755732 708.174988
33.617931 70.730362 3.104728 -0.145119 0.050179 2.881910 708.309998
33.444496 70.826653 3.067086 -0.138270 0.051580 3.021316 708.445007
33.260754 70.900703 3.033123 -0.128799 0.049075 3.137008 708.580017
33.069866 70.951927 2.999756 -0.135810 0.048651 -3.014733 708.715027
32.845825 70.980919 2.970608 -0.108545 0.054599 -2.908786 708.869995
32.647724 70.982643 2.937504 -0.093524 0.041931 -2.861266 709.005005
32.450237 70.966675 2.904953 -0.068834 -0.030904 -2.878303 709.140015
32.256374 70.939041 2.858433 -0.055633 -0.086975 -2.891556 709.280029
32.065460 70.901642 2.794420 -0.029510 -0.110940 -2.902319 709.434998
31.879293 70.857811 2.732739 0.001189 -0.111333 -2.941964 709.614990
31.689251 70.811485 2.681358 0.012612 -0.078404 -3.014665 709.849976
31.492594 70.766418 2.673522 0.008445 -0.056104 -3.024384 710.179993
31.295485 70.725601 2.665857 0.005291 -0.042938 -3.032664 710.724976
31.090906 70.726151 2.660087 -0.024589 0.319686 -3.137641 718.294983
30.889162 70.720528 2.660087 0.018850 0.116193 -3.077304 718.460022
30.685972 70.718346 2.660087 0.031542 -0.015008 -3.086438 718.604980
30.454567 70.722916 2.660087 -0.000528 -0.083606 -3.094280 718.775024
30.242744 70.729256 2.669639 0.001657 -0.100894 3.119348 718.950012
30.039541 70.735886 2.669178 0.005172 -0.093018 3.041765 719.150024
29.837839 70.742363 2.681649 0.013922 -0.067903 2.980350 719.400024
29.636005 70.751160 2.682427 0.006437 -0.063179 2.999138 719.739990
29.435528 70.760658 2.683163 0.002928 -0.036191 3.012972 720.419983
29.382317 70.563080 2.683536 -0.000545 0.319611 -1.943716 729.260010
29.306179 70.370300 2.683536 -0.001196 0.252508 -1.944558 729.409973
29.227301 70.170822 2.683536 -0.002245 0.138257 -1.945180 729.534973
29.151712 69.979843 2.683536 -0.003258 0.080131 -1.945420 729.645020
29.062418 69.754272 2.683536 -0.004093 0.045604 -1.945632 729.770020
28.987661 69.560921 2.683536 -0.053702 0.030506 -1.876833 729.875000
28.916685 69.364769 2.683536 -0.015360 0.026403 -1.879980 729.979980
28.846901 69.167290 2.683536 -0.016170 0.023219 -1.881447 730.085022
28.780109 68.968376 2.683536 -0.048498 0.021831 -1.825332 730.190002
28.718058 68.767860 2.683536 -0.028363 0.020859 -1.825956 730.294983
28.661495 68.575989 2.683536 -0.029873 0.021100 -1.826437 730.395020
28.607077 68.373184 2.683536 -0.052940 0.020514 -1.767839 730.500000
28.558090 68.169136 2.683536 -0.031737 0.021690 -1.767642 730.604980
28.513714 67.964050 2.683536 -0.035208 0.021230 -1.723012 730.710022
28.469883 67.738487 2.683536 -0.075239 0.020572 -1.677177 730.825012
28.435921 67.531738 2.683536 -0.022678 0.022038 -1.657321 730.929993
28.406227 67.334427 2.669161 -0.015256 0.022011 -1.662915 731.030029
28.376566 67.126900 2.663233 -0.020467 0.021625 -1.667654 731.135010
28.350163 66.928871 2.634148 -0.022330 0.021460 -1.672640 731.234985
28.325739 66.730522 2.599498 -0.020152 0.020644 -1.677665 731.335022
28.303112 66.532425 2.565676 -0.013514 -0.025254 -1.679607 731.434998
28.281101 66.329414 2.531668 -0.005777 -0.086891 -1.681060 731.539978
28.256172 66.094093 2.499667 0.000953 -0.130518 -1.682485 731.669983
28.234392 65.890366 2.488056 0.003401 -0.147712 -1.683821 731.794983
28.213455 65.691002 2.453729 -0.010497 -0.145615 -1.635013 731.934998
28.194494 65.488403 2.432627 -0.035007 -0.129699 -1.539912 732.104980
28.182529 65.282631 2.405748 -0.032659 -0.101412 -1.467277 732.325012
28.180424 65.077629 2.398284 -0.009692 -0.050590 -1.460628 732.625000
28.184135 64.875832 2.396299 -0.006407 -0.049199 -1.462160 733.049988
28.218912 64.677315 2.394151 0.021617 0.316938 -1.255179 743.784973
28.270611 64.479279 2.394151 0.023944 0.318376 -1.336516 743.994995
28.316730 64.282173 2.394151 0.008033 0.210627 -1.419414 744.130005
28.359556 64.085220 2.394151 0.004740 0.118019 -1.495036 744.244995
28.409559 63.837215 2.394151 -0.001774 0.065659 -1.565535 744.380005
28.447882 63.637848 2.394151 0.000288 0.050836 -1.552830 744.484985
28.485607 63.434982 2.394151 0.047439 0.043055 -1.542607 744.590027
28.518242 63.229488 2.394151 0.075141 0.034863 -1.534464 744.695007
28.545240 63.022297 2.394151 -0.001072 0.022881 -1.426675 744.799988
28.572380 62.814888 2.394151 -0.023954 0.017393 -1.325766 744.905029
28.602629 62.608448 2.394151 -0.049791 0.020357 -1.237136 745.010010
28.641115 62.394249 2.394151 -0.088488 0.021916 -1.149399 745.119995
28.687515 62.196278 2.394151 -0.171751 -0.102823 -0.988675 745.224976
28.749352 62.001755 2.394151 -0.201302 -0.063516 -0.857830 745.340027
28.846516 61.789886 2.394151 -0.160110 -0.008373 -0.783036 745.484985
28.962824 61.612553 2.394151 -0.177956 0.036384 -0.637979 745.625000
29.098471 61.464993 2.394151 -0.127622 0.041705 -0.505916 745.760010
29.251558 61.336170 2.394151 -0.120131 0.040548 -0.381503 745.895020
29.424316 61.221401 2.394151 -0.083058 0.037736 -0.266429 746.034973
29.600407 61.124893 2.394151 -0.067304 0.033573 -0.223186 746.169983
29.783567 61.040092 2.394151 -0.107427 0.034061 -0.133012 746.304993
29.980511 60.969406 2.394151 -0.078178 0.032146 -0.084478 746.445007
30.175642 60.915741 2.394151 -0.053691 0.027286 -0.060028 746.580017
30.374435 60.872749 2.394151 -0.083851 0.024929 -0.034258 746.715027
30.606050 60.839878 2.394151 -0.041106 0.019970 -0.003229 746.869995
30.809488 60.820850 2.394151 -0.052415 0.017523 0.011238 747.005005
31.013870 60.808186 2.394151 -0.012111 0.013926 -0.004306 747.140015
31.233900 60.797283 2.394151 -0.034726 0.052569 -0.003090 747.284973
31.441685 60.793255 2.394151 -0.000831 0.167442 0.034740 747.414978
31.654512 60.791862 2.394151 0.014130 0.112834 0.028511 747.534973
31.861799 60.789391 2.394151 0.004729 0.071852 0.023988 747.645020
32.114605 60.786171 2.394151 -0.007111 0.043334 0.019837 747.775024
32.321739 60.782780 2.394151 0.069647 0.028715 -0.074630 747.880005
32.529308 60.772148 2.394151 0.085707 0.027040 -0.177801 747.984985
32.735985 60.751804 2.394151 0.091369 0.029482 -0.270421 748.090027
32.940697 60.720963 2.394151 0.098717 0.007655 -0.355147 748.195007
33.139561 60.679909 2.394151 0.112213 -0.049786 -0.435804 748.299988
33.360237 60.619980 2.394151 0.126415 -0.059205 -0.521394 748.424988
33.554283 60.549637 2.394151 0.168132 -0.037537 -0.662091 748.544983
33.735748 60.459942 2.394151 0.155092 -0.009983 -0.808955 748.669983
33.904942 60.351440 2.394151 0.099852 0.014274 -0.848990 748.799988
34.078876 60.215946 2.394151 0.089963 0.022400 -0.908254 748.945007
34.228855 60.077168 2.394151 0.079021 0.023079 -0.965229 749.080017
34.370255 59.929287 2.394151 0.031321 0.017085 -0.946806 749.215027
34.507587 59.776546 2.394151 0.030546 0.012902 -0.932836 749.349976
34.641144 59.619968 2.394151 0.000807 0.010192 -0.896905 749.484985
34.774643 59.463116 2.394151 -0.030413 0.017972 -0.788854 749.619995
34.913124 59.310783 2.394151 -0.050632 0.169736 -0.698742 749.750000
35.061867 59.162277 2.394151 -0.057409 0.121940 -0.611810 749.869995
35.213348 59.023918 2.394151 -0.045450 0.079035 -0.554399 749.979980
35.367786 58.893772 2.394151 -0.103045 0.059822 -0.470018 750.085022
35.531643 58.771133 2.394151 -0.120264 0.051688 -0.407250 750.190002
35.704510 58.659439 2.394151 -0.161354 0.045252 -0.320961 750.294983
35.885117 58.563320 2.394151 -0.162880 -0.006873 -0.242681 750.400024
36.076488 58.481544 2.394151 -0.174961 -0.002867 -0.148260 750.510010
36.282001 58.416901 2.394151 -0.196184 -0.069866 0.036050 750.630005
36.483574 58.378933 2.394151 -0.187186 -0.012592 0.192030 750.755005
36.683693 58.367859 2.394151 -0.138484 0.021781 0.287150 750.885010
36.915543 58.385761 2.394151 -0.096196 0.033873 0.365335 751.039978
37.114296 58.422024 2.394151 -0.082562 0.031280 0.414693 751.174988
37.310223 58.473915 2.394151 -0.073710 0.026886 0.472940 751.309998
37.502525 58.539558 2.394151 -0.065224 0.023181 0.532032 751.445007
37.690559 58.617466 2.394151 -0.091079 0.023596 0.619217 751.580017
37.870975 58.710323 2.394151 -0.104254 0.027288 0.769017 751.715027
38.040394 58.819489 2.394151 -0.099014 0.030725 0.911797 751.849976
38.198101 58.943081 2.394151 -0.084219 0.034038 1.019665 751.984985
38.348526 59.085224 2.394151 -0.100153 0.041793 1.145642 752.125000
38.489365 59.247078 2.394151 -0.095185 0.043622 1.181678 752.270020
38.606625 59.410400 2.394151 -0.108460 0.040597 1.238963 752.405029
38.707638 59.585236 2.394151 -0.071795 0.032227 1.272339 752.539978
38.803257 59.781715 2.394151 -0.047642 0.022236 1.252434 752.684998
38.893414 59.990707 2.394151 -0.037237 0.015241 1.233144 752.835022
38.971302 60.189114 2.394151 -0.023072 0.012062 1.223797 752.974976
39.042969 60.382080 2.394151 -0.009496 0.060953 1.217106 753.109985
39.111889 60.570915 2.394151 0.001016 0.164511 1.212388 753.234985
39.182579 60.762737 2.394151 0.007564 0.114525 1.208988 753.349976
39.266006 60.984074 2.394151 0.010905 0.066369 1.206120 753.474976
39.339855 61.175179 2.394151 0.009360 0.042711 1.204238 753.580017
39.415993 61.368408 2.394151 0.005567 0.030731 1.202725 753.684998
39.493523 61.562653 2.394151 0.000601 0.023815 1.201508 753.789978
39.571720 61.757431 2.394151 -0.004267 0.020935 1.200525 753.895020
39.646278 61.943298 2.394151 -0.007387 0.019273 1.199770 753.994995
39.720562 62.129475 2.394151 -0.009010 0.018182 1.199157 754.094971
39.794422 62.315903 2.394151 -0.008873 0.018220 1.198664 754.195007
39.867855 62.502556 2.394151 -0.007772 0.018553 1.198260 754.294983
39.940971 62.689415 2.394151 -0.006350 0.017697 1.197930 754.395020
40.013893 62.876381 2.394151 -0.004956 0.016811 1.197669 754.494995
40.086754 63.063305 2.394151 -0.003252 0.017729 1.197453 754.594971
40.159660 63.250225 2.394151 -0.002402 0.017676 1.197275 754.695007
40.232716 63.437084 2.394151 -0.002088 0.017769 1.197134 754.794983
40.305943 63.623890 2.394151 -0.002203 0.017914 1.197017 754.895020
40.379314 63.810658 2.394151 -0.002909 0.017902 1.196998 754.994995
40.452782 63.997353 2.394151 -0.003615 0.017703 1.197060 755.094971
40.526253 64.183968 2.394151 -0.003389 0.017832 1.196684 755.195007
40.599758 64.370583 2.394151 -0.004336 0.017217 1.196758 755.294983
40.673229 64.557198 2.394151 -0.004627 0.017276 1.196821 755.395020
40.746559 64.743553 2.394151 -0.002135 -0.062624 1.238661 755.494995
40.823284 64.937683 2.394151 -0.031774 -0.280603 1.353846 755.604980
40.907223 65.142822 2.394151 -0.073146 -0.287680 1.505681 755.750000
40.996418 65.341324 2.394151 -0.089583 -0.159414 1.730815 755.965027
41.089767 65.519409 2.394151 -0.062595 -0.040017 2.144433 756.359985
40.987808 65.330399 2.394151 0.047547 0.287876 -2.087801 758.840027
40.879658 65.158447 2.394151 0.034816 0.176642 -2.091956 758.965027
40.764736 64.983040 2.394151 0.004660 0.096918 -2.096264 759.080017
40.654343 64.814827 2.394151 -0.017595 0.059942 -2.098158 759.184998
40.542950 64.641495 2.394151 -0.029985 0.039374 -2.100333 759.289978
40.432793 64.464432 2.394151 -0.032970 0.027614 -2.101432 759.395020
40.326485 64.283768 2.394151 -0.047679 0.022397 -2.050945 759.500000
40.229740 64.108627 2.394151 -0.088373 0.021024 -1.997142 759.599976
40.139320 63.930138 2.394151 -0.030584 0.020322 -1.967433 759.700012
40.051792 63.750050 2.394151 -0.007496 0.019081 -1.976403 759.799988
39.964752 63.569481 2.394151 -0.010690 0.019043 -1.982991 759.900024
39.878578 63.388298 2.394151 -0.071387 0.017285 -1.943959 760.000000
39.795982 63.205563 2.394151 -0.025812 0.018401 -1.947678 760.099976
39.715576 63.021820 2.394151 -0.020582 0.018325 -1.950853 760.200012
39.638603 62.836765 2.394151 -0.044308 0.017644 -1.901148 760.299988
39.565735 62.650272 2.394151 -0.033647 0.019730 -1.901992 760.400024
39.495697 62.462643 2.394151 -0.033194 0.019409 -1.902675 760.500000
39.428299 62.273964 2.394151 -0.028729 0.018583 -1.903218 760.599976
39.363091 62.084469 2.394151 -0.020893 0.017550 -1.903650 760.700012
39.300507 61.894154 2.394151 -0.023342 0.017768 -1.874922 760.799988
39.239944 61.703232 2.394151 -0.013059 0.018441 -1.873964 760.900024
39.180271 61.512024 2.394151 -0.010273 0.018860 -1.873244 761.000000
39.121166 61.320591 2.394151 -0.008162 0.019085 -1.872667 761.099976
39.062428 61.128979 2.394151 -0.006278 0.018225 -1.872201 761.200012
39.003887 60.937302 2.394151 -0.004242 0.018346 -1.871824 761.299988
38.945366 60.745625 2.394151 -0.002716 0.018665 -1.871524 761.400024
38.886730 60.553974 2.394151 -0.001903 0.018385 -1.871281 761.500000
38.827919 60.362370 2.394151 -0.001767 0.017917 -1.871079 761.599976
38.768929 60.170868 2.394151 -0.001978 0.018343 -1.870915 761.700012
38.709774 59.979424 2.394151 -0.002586 0.018059 -1.870780 761.799988
38.650520 59.788025 2.394151 -0.003285 0.018216 -1.870672 761.900024
38.591240 59.596680 2.394151 -0.003946 0.018122 -1.870580 762.000000
38.531960 59.405319 2.394151 -0.004191 0.019044 -1.870504 762.099976
38.472679 59.213871 2.394151 -0.004486 0.018663 -1.870447 762.200012
38.413467 59.022373 2.394151 -0.004599 0.018252 -1.870407 762.299988
38.354321 58.830868 2.394151 -0.004397 0.018613 -1.870369 762.400024
38.295227 58.639294 2.394151 -0.004193 0.018490 -1.870333 762.500000
38.236168 58.447750 2.394151 0.014216 0.018006 -1.880248 762.599976
38.174294 58.257290 2.394151 0.082063 0.017917 -1.981785 762.700012
38.101067 58.060871 2.394151 0.088197 0.021632 -2.076531 762.804993
38.018894 57.869846 2.394151 0.126261 -0.091691 -2.224947 762.909973
37.927818 57.687370 2.394151 0.123651 -0.105093 -2.337249 763.020020
37.825832 57.511574 2.394151 0.128338 -0.042374 -2.399346 763.140015
37.692654 57.324001 2.394151 0.125758 0.001507 -2.469864 763.284973
37.555042 57.169102 2.394151 0.115604 0.017122 -2.538171 763.419983
37.392620 57.020920 2.394151 0.100467 0.022492 -2.617379 763.565002
37.229767 56.897861 2.394151 0.083101 0.021712 -2.683675 763.700012
37.058277 56.787071 2.394151 0.071104 0.020368 -2.749813 763.835022
36.865623 56.679882 2.394151 0.072032 0.144496 -2.818822 763.979980
36.678581 56.592438 2.394151 0.032243 0.158793 -2.858436 764.104980
36.486378 56.512535 2.394151 0.011268 0.101985 -2.885862 764.219971
36.291683 56.435787 2.394151 0.017275 0.064493 -2.875807 764.330017
36.100143 56.362831 2.394151 0.035879 0.044909 -2.868042 764.434998
35.905052 56.292980 2.394151 0.116388 -0.052473 -2.955107 764.539978
35.706978 56.233810 2.394151 0.184143 -0.113046 3.132702 764.650024
35.507450 56.194492 2.394151 0.201515 -0.037666 2.958418 764.770020
35.304836 56.182549 2.394151 0.186009 0.019358 2.809585 764.900024
35.103870 56.202057 2.394151 0.160946 0.044217 2.664741 765.034973
34.904202 56.253098 2.394151 0.133943 0.049297 2.524463 765.174988
34.713661 56.330505 2.394151 0.112923 0.046738 2.393146 765.315002
34.532848 56.429466 2.394151 0.033472 0.034781 2.330343 765.455017
34.361465 56.534737 2.394151 0.003613 0.024918 2.373273 765.590027
34.189350 56.643692 2.394151 0.022551 0.020428 2.405313 765.724976
34.012367 56.761669 2.394151 0.028711 0.015480 2.430345 765.864990
33.844334 56.880409 2.394151 0.024996 0.011806 2.448695 766.000000
33.678654 57.002968 2.394151 -0.012249 0.008027 2.491826 766.135010
33.513191 57.125912 2.394151 0.005746 0.009446 2.509472 766.270020
33.348145 57.249592 2.394151 0.001297 0.008948 2.511168 766.405029
33.159885 57.383259 2.394151 -0.076114 0.164679 2.627090 766.549988
32.973156 57.502766 2.394151 -0.023507 0.113634 2.650447 766.674988
32.796696 57.612480 2.411941 -0.045322 0.070644 2.693025 766.784973
32.630009 57.712620 2.476011 -0.005501 0.046095 2.685474 766.885010
32.451729 57.818459 2.546773 -0.013263 0.033591 2.674801 766.989990
32.280621 57.920364 2.614251 0.055600 0.022657 2.576596 767.090027
32.110485 58.025349 2.679044 0.035101 0.019334 2.536610 767.190002
31.942253 58.133629 2.743033 0.066110 0.017966 2.441661 767.289978
31.778694 58.247345 2.805846 0.107689 -0.070161 2.313905 767.390015
31.621498 58.368137 2.869457 0.125357 -0.123795 2.180120 767.494995
31.473156 58.498230 2.931190 0.183231 -0.052766 2.012512 767.609985
31.337009 58.642834 2.992301 0.161197 0.004405 1.972984 767.734985
31.212318 58.815308 3.057714 0.163603 0.034680 1.860371 767.875000
31.122913 58.987621 3.116776 0.138993 0.037060 1.797245 768.005005
31.054728 59.169380 3.177630 0.110579 0.031973 1.731468 768.135010
31.000591 59.372269 3.224525 0.081078 0.025795 1.663445 768.275024
30.962761 59.572033 3.235041 0.055745 0.021094 1.604223 768.409973
30.935478 59.773956 3.232492 0.054235 0.019279 1.535825 768.544983
30.918087 59.976986 3.230406 0.052909 0.019041 1.472167 768.679993
30.910831 60.181503 3.228712 0.066418 0.145024 1.407149 768.815002
30.917677 60.386776 3.227433 0.071904 0.161558 1.339092 768.940002
30.936089 60.592907 3.226454 -0.008534 0.104724 1.343551 769.054993
30.959606 60.829208 3.225576 0.005283 0.063333 1.361171 769.179993
30.981522 61.032948 3.224957 0.020562 0.044343 1.372874 769.284973
31.007788 61.248672 3.224406 0.027658 0.032912 1.382689 769.395020
31.036428 61.455444 3.208724 0.025876 0.026937 1.390229 769.500000
31.068150 61.662441 3.194573 0.017498 0.022630 1.396210 769.604980
31.100344 61.859585 3.161475 0.007153 0.021150 1.400842 769.705017
31.133440 62.056728 3.129138 -0.002732 0.020127 1.404581 769.804993
31.166496 62.253963 3.096569 -0.010042 0.020472 1.407628 769.905029
31.198832 62.451347 3.065049 -0.013720 0.019744 1.410101 770.005005
31.230112 62.648888 3.033164 -0.014153 0.019808 1.412110 770.104980
31.260319 62.846622 3.001209 -0.011668 0.020142 1.413734 770.205017
31.289669 63.044495 2.969705 -0.008274 0.020000 1.415061 770.304993
31.318506 63.242458 2.938386 -0.004688 0.019462 1.416139 770.405029
31.347176 63.440441 2.906924 -0.001043 0.020021 1.417006 770.505005
31.375881 63.638371 2.875989 -0.045199 0.017992 1.450302 770.604980
31.401155 63.836510 2.844671 -0.021099 0.020166 1.490963 770.705017
31.424068 64.034828 2.813403 -0.006111 0.021538 1.488822 770.804993
31.447508 64.243225 2.780822 -0.010718 0.016360 1.487013 770.909973
31.468803 64.440788 2.749112 -0.014971 -0.032411 1.485623 771.010010
31.489248 64.642342 2.717445 -0.015139 -0.091563 1.484433 771.114990
31.512009 64.875084 2.680714 0.035629 -0.133716 1.398625 771.244995
31.535301 65.075302 2.648810 0.054947 -0.141561 1.301124 771.369995
31.565550 65.276474 2.615776 0.068771 -0.130983 1.213107 771.515015
31.605591 65.471931 2.585291 0.062484 -0.113821 1.151020 771.684998
31.659924 65.665207 2.552464 0.042615 -0.094969 1.096901 771.900024
31.728292 65.851120 2.521852 0.014091 -0.046185 1.044918 772.184998
31.806892 66.037041 2.505981 0.009632 -0.046568 1.037593 772.580017
31.896093 66.216248 2.492617 0.002918 -0.027130 1.032946 773.380005
31.866438 66.015953 2.487180 -0.001984 0.318332 -1.798484 790.684998
31.824249 65.815582 2.487180 -0.001746 0.291764 -1.791766 790.849976
31.781271 65.614883 2.487180 -0.002778 0.171188 -1.788002 790.974976
31.739031 65.418083 2.487180 -0.004829 0.096604 -1.785429 791.085022
31.697079 65.221336 2.487180 -0.046997 0.057377 -1.756847 791.190002
31.657310 65.019760 2.487180 -0.016925 0.039992 -1.740442 791.294983
31.619480 64.815598 2.487180 -0.041652 0.029619 -1.706827 791.400024
31.584579 64.609856 2.487180 -0.008815 0.025666 -1.711001 791.505005
31.547218 64.383659 2.487180 -0.005365 0.022360 -1.714670 791.619995
31.511967 64.156853 2.487180 -0.027272 0.021818 -1.671316 791.734985
31.482864 63.949249 2.487180 -0.009210 0.021364 -1.675578 791.840027
31.454655 63.741413 2.487180 -0.009722 0.021105 -1.678993 791.945007
31.428576 63.543289 2.506914 -0.010948 0.020910 -1.681617 792.044983
31.401548 63.345306 2.557454 0.069027 0.018637 -1.774385 792.145020
31.367933 63.148785 2.626217 0.079601 0.021290 -1.869055 792.244995
31.323973 62.944809 2.695281 0.066307 0.024994 -1.946508 792.349976
31.266056 62.724331 2.757066 0.105088 0.031087 -2.035042 792.465027
31.201336 62.527210 2.794559 0.125526 0.037724 -2.118484 792.570007
31.114920 62.317673 2.837993 0.093730 0.040553 -2.179999 792.684998
31.024706 62.130741 2.902764 0.060219 0.035974 -2.161656 792.789978
30.931862 61.954933 2.955068 0.112673 0.031436 -2.184852 792.890015
30.829088 61.784325 2.984891 0.141707 0.030036 -2.267736 792.989990
30.715988 61.620296 3.014807 0.042204 0.025420 -2.262878 793.090027
30.598524 61.458565 3.045383 0.013512 0.021765 -2.250990 793.190002
30.479399 61.297344 3.076474 -0.030419 0.016450 -2.212089 793.289978
30.362762 61.134232 3.107233 -0.080222 0.014652 -2.106446 793.390015
30.251083 60.967991 3.139036 -0.016476 0.019409 -2.110081 793.489990
30.140768 60.800545 3.169888 -0.015375 0.018447 -2.112040 793.590027
30.031519 60.632114 3.201229 -0.022906 0.017345 -2.113035 793.690002
29.923889 60.462494 3.232520 -0.025564 0.016932 -2.113845 793.789978
29.818098 60.291645 3.244096 -0.023229 0.016124 -2.114500 793.890015
29.713930 60.119759 3.242621 -0.017670 0.015813 -2.115028 793.989990
29.610895 59.947159 3.241358 -0.010168 0.015939 -2.115456 794.090027
29.508375 59.774231 3.205527 -0.003333 0.015439 -2.115800 794.190002
29.405838 59.601337 3.169375 0.001945 0.015901 -2.116088 794.289978
29.302870 59.428711 3.134175 0.004589 0.016214 -2.116327 794.390015
29.199446 59.256317 3.099983 -0.049544 0.015285 -2.076748 794.489990
29.099592 59.082096 3.066438 -0.037891 0.016318 -2.010805 794.590027
29.002867 58.906380 3.033937 0.001155 0.011133 -2.017448 794.690002
28.906637 58.731762 3.001523 -0.006411 -0.040146 -2.025236 794.789978
28.808990 58.554058 2.969033 -0.017002 -0.099832 -2.029445 794.895020
28.714378 58.379189 2.937344 -0.050886 -0.136508 -1.990526 795.005005
28.621691 58.197433 2.904216 -0.052277 -0.147088 -1.916757 795.130005
28.536655 58.017395 2.872786 -0.040712 -0.143267 -1.897576 795.270020
28.456038 57.832012 2.840657 -0.042547 -0.127459 -1.843007 795.440002
28.386564 57.652157 2.786288 -0.031107 -0.105611 -1.794122 795.645020
28.322567 57.463593 2.765671 -0.010534 -0.051331 -1.781651 795.929993
28.262232 57.267826 2.751081 -0.007614 -0.050201 -1.771463 796.340027
28.145323 57.105789 2.734599 0.005191 0.317470 -2.972045 803.844971
27.945166 57.074207 2.734599 0.011615 0.313302 -2.996493 804.039978
27.723265 57.042423 2.734599 0.021439 0.199672 -3.009325 804.184998
27.518511 57.016277 2.734599 0.026524 0.109729 -3.017040 804.299988
27.310776 56.992760 2.734599 0.026092 0.064849 -3.022891 804.409973
27.097185 56.971363 2.734599 0.020443 0.041543 -3.027521 804.520020
26.890574 56.952644 2.734599 0.012417 0.030437 -3.031032 804.625000
26.682644 56.934883 2.734599 0.004103 0.026018 -3.033879 804.729980
26.474043 56.917278 2.734599 -0.001810 0.022627 -3.036157 804.835022
26.265188 56.899231 2.734599 -0.005418 0.021048 -3.037999 804.940002
26.056305 56.880405 2.734599 -0.006510 0.020474 -3.039481 805.044983
25.847422 56.860687 2.734599 -0.005129 0.021123 -3.040655 805.150024
25.638540 56.840229 2.734599 -0.002526 0.020185 -3.041601 805.255005
25.429678 56.819317 2.734599 0.000393 0.020149 -3.042361 805.359985
25.210848 56.797245 2.734599 0.002806 0.020156 -3.043000 805.469971
24.992018 56.775311 2.734599 0.004357 0.020247 -3.043505 805.580017
24.783096 56.754646 2.734599 0.004797 0.020503 -3.043896 805.684998
24.574121 56.734303 2.734599 0.004482 0.020071 -3.044207 805.789978
24.365122 56.714241 2.734599 0.003675 0.019394 -3.044450 805.895020
24.156158 56.694374 2.734599 0.002419 0.020420 -3.044650 806.000000
23.947119 56.675900 2.734599 0.076225 0.020028 -3.122691 806.104980
23.737991 56.664890 2.734599 0.085096 0.022297 3.066982 806.210022
23.529295 56.663132 2.734599 0.085731 0.026011 2.981239 806.315002
23.321493 56.671276 2.734599 0.098798 0.031787 2.897078 806.424988
23.115099 56.690701 2.734599 0.072673 0.035436 2.840534 806.530029
22.909443 56.718716 2.734599 0.036753 0.033808 2.856093 806.635010
22.703594 56.751801 2.734599 0.045439 0.030469 2.868648 806.739990
22.498009 56.790379 2.734599 0.046895 0.026508 2.878671 806.844971
22.293068 56.834431 2.734599 0.039034 0.022433 2.886734 806.950012
22.088799 56.882523 2.734599 -0.041874 0.017264 2.949791 807.054993
21.874352 56.928989 2.734599 -0.089143 0.020375 3.063172 807.164978
21.668798 56.963684 2.734599 -0.108379 0.027920 -3.123892 807.270020
21.462444 56.988094 2.734599 -0.043239 0.031186 -3.112999 807.375000
21.255032 57.006950 2.734599 -0.048751 0.031051 -3.120563 807.479980
21.046743 57.018181 2.734599 -0.091605 0.030683 -3.063853 807.585022
20.838030 57.019707 2.734599 -0.047439 0.028042 -3.074010 807.690002
20.628857 57.015835 2.734599 -0.031407 0.024343 -3.082267 807.794983
20.419449 57.008472 2.734599 -0.017854 0.022648 -3.088950 807.900024
20.209909 56.999214 2.734599 0.022218 0.019495 -3.111126 808.005005
20.000534 56.993294 2.734599 0.096961 0.019091 3.056517 808.109985
19.792122 56.997780 2.734599 0.108946 0.026480 2.956968 808.215027
19.585243 57.014675 2.734599 0.118197 0.033412 2.866333 808.315002
19.380295 57.044357 2.734599 0.055696 0.035145 2.841278 808.419983
19.175852 57.081680 2.734599 0.039424 0.032897 2.852087 808.525024
18.971403 57.124138 2.734599 0.041034 0.027533 2.860707 808.630005
18.767403 57.171509 2.734599 0.035488 0.023847 2.867677 808.734985
18.564032 57.223087 2.734599 0.023573 0.021322 2.873293 808.840027
18.370825 57.274899 2.734599 0.008953 0.020279 2.877603 808.940002
18.177799 57.327900 2.734599 -0.004539 0.019690 2.881098 809.039978
17.984674 57.380806 2.734599 -0.014002 0.019449 2.883930 809.140015
17.791258 57.432732 2.734599 -0.018848 0.018372 2.886245 809.239990
17.587791 57.485710 2.734599 -0.018715 0.019119 2.888207 809.344971
17.393631 57.534729 2.734599 -0.015758 0.019103 2.889717 809.445007
17.199192 57.582611 2.734599 -0.011051 0.018571 2.890942 809.544983
17.004601 57.629803 2.734599 -0.005481 0.019222 2.891938 809.645020
16.791029 57.683228 2.734599 0.036705 0.018831 2.832075 809.755005
16.550236 57.749866 2.734599 0.048022 0.019761 2.780958 809.880005
16.349670 57.811066 2.734599 0.025054 0.022386 2.782576 809.984985
16.151587 57.873344 2.734599 -0.054262 -0.128397 2.922987 810.090027
15.957454 57.928677 2.734599 -0.111151 -0.116939 3.094098 810.200012
15.761783 57.971058 2.734599 -0.157832 -0.041195 -3.029319 810.320007
15.552968 57.993160 2.734599 -0.177858 0.014626 -2.899609 810.455017
15.350322 57.986561 2.734599 -0.132849 0.034619 -2.835137 810.590027
15.151133 57.955730 2.734599 -0.104734 0.032612 -2.772009 810.724976
14.948055 57.903194 2.734599 -0.082327 0.027597 -2.704262 810.864990
14.755899 57.837090 2.734599 -0.063134 0.022197 -2.641203 811.000000
14.567408 57.759579 2.734599 -0.022280 0.017059 -2.604164 811.135010
14.366553 57.670586 2.734599 -0.004296 0.013700 -2.624029 811.280029
14.165763 57.579464 2.734599 -0.008507 0.053478 -2.638689 811.424988
13.984976 57.493816 2.734599 -0.074385 0.168360 -2.601606 811.549988
13.780032 57.387177 2.734599 -0.035138 0.110719 -2.595052 811.679993
13.597522 57.287006 2.734599 0.000712 0.069083 -2.588690 811.789978
13.418672 57.187408 2.734599 -0.040994 0.044069 -2.563017 811.895020
13.238601 57.083988 2.734599 -0.060501 0.031195 -2.520686 812.000000
13.061018 56.974247 2.734599 -0.080841 0.026771 -2.435346 812.104980
12.887036 56.858112 2.734599 -0.014976 0.024575 -2.451257 812.210022
12.690729 56.720421 2.734599 -0.100419 0.025197 -2.371147 812.330017
12.525026 56.591892 2.734599 -0.091328 0.024567 -2.321958 812.434998
12.364882 56.456600 2.734599 -0.040327 0.024680 -2.314028 812.539978
12.215225 56.323742 2.734599 -0.036914 0.022554 -2.323101 812.640015
12.060513 56.180801 2.734599 -0.038808 0.019942 -2.330837 812.744995
11.915679 56.041534 2.734599 -0.034481 0.017551 -2.336775 812.844971
11.773092 55.899738 2.734599 -0.023054 0.016175 -2.341547 812.945007
11.632014 55.756268 2.734599 -0.010051 0.015801 -2.345440 813.044983
11.491549 55.612041 2.734599 0.000326 0.014969 -2.348614 813.145020
11.349451 55.469646 2.734599 0.091708 0.013573 -2.452835 813.244995
11.202680 55.332909 2.734599 0.028565 0.017605 -2.471807 813.344971
11.053638 55.198620 2.734599 0.023389 0.018539 -2.468921 813.445007
10.895252 55.059410 2.734599 0.030488 0.016899 -2.466471 813.549988
10.742361 54.928982 2.734599 0.031269 0.016899 -2.464579 813.650024
10.587481 54.800732 2.734599 0.027081 0.015596 -2.463035 813.750000
10.431012 54.674313 2.734599 0.017048 0.015584 -2.461794 813.849976
10.273559 54.549004 2.734599 0.007127 0.015061 -2.460791 813.950012
10.092100 54.405350 2.734599 -0.002185 0.015274 -2.459861 814.065002
9.934532 54.280125 2.734599 -0.007332 0.014949 -2.459218 814.164978
9.761847 54.141567 2.765249 -0.009140 0.014825 -2.458654 814.275024
9.589360 54.002819 2.802763 0.063062 0.014910 -2.526019 814.385010
9.429418 53.881222 2.835323 0.076685 0.016342 -2.613294 814.484985
9.265674 53.765842 2.867704 0.029817 0.017698 -2.662485 814.585022
9.082520 53.644085 2.902849 0.041260 0.020560 -2.711960 814.695007
8.904267 53.533947 2.903901 0.103136 0.026491 -2.789169 814.799988
8.704169 53.422325 2.920663 0.053244 0.028583 -2.776103 814.914978
8.517985 53.325821 2.926706 0.060036 0.025145 -2.766617 815.020020
8.328681 53.234741 2.926048 0.058595 0.021811 -2.758898 815.125000
8.127476 53.144939 2.925465 0.044064 0.019631 -2.752439 815.234985
7.933474 53.063240 2.924992 0.025810 0.018332 -2.747498 815.340027
7.738474 52.983665 2.924591 0.007807 0.017609 -2.743530 815.445007
7.543303 52.904484 2.924249 -0.006688 0.017845 -2.740337 815.549988
7.330024 52.816475 2.923936 -0.015263 0.018281 -2.737573 815.664978
7.126821 52.730167 2.923683 -0.015780 0.017667 -2.735468 815.775024
6.924468 52.641766 2.923469 -0.011564 0.016753 -2.733795 815.885010
6.741145 52.559986 2.923304 -0.005021 0.016964 -2.732576 815.984985
6.558160 52.477455 2.923164 0.001722 0.017671 -2.731587 816.085022
6.366061 52.390629 2.923038 0.006847 0.017130 -2.730747 816.190002
6.183049 52.308064 2.922935 -0.039835 0.016055 -2.695167 816.289978
6.001422 52.222805 2.922848 -0.006243 0.017251 -2.663386 816.390015
5.811419 52.131828 2.922768 -0.002743 0.017750 -2.661888 816.494995
5.630739 52.044399 2.922703 -0.011955 0.017604 -2.660879 816.594971
5.450724 51.955460 2.922648 -0.019295 0.016684 -2.660065 816.695007
5.271712 51.864510 2.922601 -0.020028 0.016656 -2.659408 816.794983
5.093728 51.771534 2.922560 -0.016036 0.016458 -2.658864 816.895020
4.916550 51.676945 2.922526 -0.008084 0.017134 -2.658436 816.994995
4.739832 51.581383 2.922497 -0.000529 0.016265 -2.658086 817.094971
4.563249 51.485512 2.922473 0.005970 0.016723 -2.657791 817.195007
4.386684 51.389523 2.922451 -0.032703 0.016058 -2.618124 817.294983
4.210978 51.292030 2.922432 -0.011344 0.015811 -2.608840 817.395020
4.036386 51.192791 2.922417 -0.004970 0.015399 -2.561878 817.494995
3.862554 51.092396 2.922403 0.007806 0.016879 -2.566395 817.594971
3.688558 50.992100 2.922392 -0.003109 0.016881 -2.570040 817.695007
3.514878 50.891148 2.922383 -0.013188 0.016900 -2.573022 817.794983
3.342274 50.788555 2.922373 -0.072714 -0.001956 -2.531834 817.895020
3.175680 50.682175 2.886473 -0.053925 -0.066304 -2.474578 817.994995
2.996555 50.560783 2.870806 -0.022677 -0.118920 -2.483183 818.109985
2.833065 50.447121 2.837114 -0.017488 -0.145088 -2.489950 818.224976
2.652691 50.317600 2.804918 -0.043706 -0.150043 -2.409439 818.369995
2.488465 50.191978 2.784067 -0.037435 -0.137059 -2.357864 818.530029
2.331447 50.063591 2.763609 -0.036592 -0.115216 -2.298842 818.724976
2.180698 49.928577 2.746989 -0.014039 -0.064438 -2.271868 818.984985
2.034881 49.788612 2.745039 -0.009147 -0.055421 -2.269608 819.344971
1.896916 49.643543 2.743309 -0.003284 -0.033777 -2.268069 820.044983
