3.700002 1.500000 1.000000 0.000000 0.319538 0.000000 0.000000
3.902456 1.500000 1.000000 0.000000 0.271470 0.000000 0.150000
4.105242 1.500000 1.000000 0.000000 0.152612 0.000000 0.270000
4.308680 1.500000 1.000000 0.000000 0.087177 0.000000 0.380000
4.510758 1.500000 1.000000 0.000000 0.054126 0.000000 0.485000
4.716709 1.500000 1.000000 0.000000 0.038156 0.000000 0.590000
4.924676 1.500000 1.000000 0.000000 0.029494 0.000000 0.695000
5.133667 1.500000 1.000000 0.000000 0.023900 0.000000 0.800000
5.343102 1.500000 1.000000 0.000000 0.022415 0.000000 0.905000
5.582739 1.500000 1.000000 0.000000 0.021223 0.000000 1.025000
5.812504 1.500000 1.000000 0.000000 0.020680 0.000000 1.140000
6.022316 1.500000 1.000000 0.000000 0.020718 0.000000 1.245000
6.232145 1.500000 1.000000 0.000000 0.020348 0.000000 1.350000
6.441977 1.500000 1.000000 0.000000 0.020605 0.000000 1.455000
6.651824 1.500000 1.000000 0.000000 0.020296 0.000000 1.560000
6.861665 1.500000 1.000000 0.000000 0.020340 0.000000 1.665000
7.081517 1.500000 1.000000 0.000000 0.020704 0.000000 1.775000
7.311387 1.500000 1.000000 0.000000 0.020512 0.000000 1.890000
7.521278 1.500000 1.000000 0.000000 0.020475 0.000000 1.995000
7.731159 1.500000 1.000000 0.000000 0.019687 0.000000 2.100000
7.970978 1.500000 1.000000 0.000000 0.020878 0.000000 2.220000
8.180852 1.500000 1.000000 0.000000 0.020632 0.000000 2.325000
8.390742 1.500000 1.000000 0.000000 0.020698 0.000000 2.430000
8.600657 1.500000 1.000000 0.000000 0.020854 0.000000 2.535000
8.810591 1.500000 1.000000 0.000000 0.020562 0.000000 2.640000
9.020515 1.500000 1.000000 0.000000 0.020472 0.000000 2.745000
9.230443 1.500000 1.000000 0.000000 0.020847 0.000000 2.850000
9.440388 1.500000 1.000000 0.000000 0.020466 0.000000 2.955000
9.650332 1.500000 1.000000 0.000000 0.020220 0.000000 3.060000
9.860271 1.500000 1.000000 0.000000 0.019952 0.000000 3.165000
10.070158 1.500000 1.000000 0.000000 0.020046 0.000000 3.270000
10.279998 1.500000 1.000000 0.000000 0.020208 0.000000 3.375000
10.489823 1.500000 1.000000 0.000000 0.020777 0.000000 3.480000
10.699668 1.500000 1.000000 0.000000 0.020281 0.000000 3.585000
10.909518 1.500000 1.000000 0.000000 0.020591 0.000000 3.690000
11.119403 1.500000 1.000000 0.000000 0.020529 0.000000 3.795000
11.339311 1.500000 1.000000 0.000000 0.020697 0.000000 3.905000
11.569221 1.500000 1.000000 0.000000 0.020291 0.000000 4.020000
11.779126 1.500000 1.000000 0.000000 0.020021 0.000000 4.125000
11.989015 1.500000 1.000000 0.000000 0.020652 0.000000 4.230000
12.198900 1.500000 1.000000 0.000000 0.020800 0.000000 4.335000
12.408805 1.500000 1.000000 0.000000 0.020835 0.000000 4.440000
12.618729 1.500000 1.000000 0.000000 0.020865 0.000000 4.545000
12.828668 1.500000 1.000000 0.000000 0.019705 0.000000 4.650000
13.038562 1.500000 1.000000 0.000000 0.020407 0.000000 4.755000
13.248446 1.500000 1.000000 0.000000 0.020191 0.000000 4.860000
13.458303 1.500000 1.000000 0.000000 0.019928 0.000000 4.965000
13.668131 1.500000 1.000000 0.000000 0.020770 0.000000 5.070000
13.907972 1.500000 1.000000 0.000000 0.020386 0.000000 5.190000
14.117860 1.500000 1.000000 0.000000 0.020686 0.000000 5.295000
14.327753 1.500000 1.000000 0.000000 0.020164 0.000000 5.400000
14.557640 1.500000 1.000000 0.000000 0.020077 0.000000 5.515000
14.767525 1.500000 1.000000 0.000000 0.020792 0.000000 5.620000
14.977439 1.500000 1.000000 0.000000 0.020594 0.000000 5.725000
15.187376 1.500000 1.000000 0.000000 0.020540 0.000000 5.830000
15.397321 1.500000 1.000000 0.000000 0.020440 0.000000 5.935000
15.607261 1.500000 1.000000 0.000000 0.020367 0.000000 6.040000
15.817185 1.500000 1.000000 0.000000 0.020833 0.000000 6.145000
16.027109 1.500000 1.000000 0.000000 0.020674 0.000000 6.250000
16.237034 1.500000 1.000000 0.000000 0.020596 0.000000 6.355000
16.446959 1.500000 1.000000 0.000000 0.020457 0.000000 6.460000
16.656883 1.500000 1.000000 0.000000 0.020356 0.000000 6.565000
16.866785 1.500000 1.000000 0.000000 0.020497 0.000000 6.670000
17.106653 1.500000 1.000000 0.000000 0.020347 0.000000 6.790000
17.316538 1.500000 1.000000 0.000000 0.020272 0.000000 6.895000
17.526449 1.500000 1.000000 0.000000 0.020345 0.000000 7.000000
17.736374 1.500000 1.000000 0.000000 0.020823 0.000000 7.105000
17.946333 1.500000 1.000000 0.000000 0.019998 0.000000 7.210000
18.206280 1.500121 1.000000 -0.046304 0.018760 0.032480 7.340000
18.415997 1.503532 1.000000 -0.010463 0.021169 0.050625 7.445000
18.625658 1.508524 1.000000 -0.000523 0.021274 0.047623 7.550000
18.835396 1.513772 1.000000 -0.002677 0.020510 0.045195 7.655000
19.045160 1.519437 1.000000 -0.005452 0.021083 0.043267 7.760000
19.254940 1.525778 1.000000 -0.006123 0.020896 0.041705 7.865000
19.464766 1.532851 1.000000 -0.005051 0.020498 0.040454 7.970000
19.694582 1.541291 1.000000 -0.002566 0.020212 0.039367 8.085000
19.904388 1.549376 1.000000 -0.000192 0.020068 0.038579 8.190000
20.114193 1.557560 1.000000 0.001704 0.020210 0.037941 8.295000
20.324011 1.565643 1.000000 0.002922 0.019926 0.037430 8.400000
20.533815 1.573494 1.000000 0.003294 0.020057 0.037019 8.505000
20.773592 1.582141 1.000000 0.002827 0.020561 0.036650 8.625000
21.003414 1.590155 1.000000 0.001948 0.020490 0.036373 8.740000
21.213259 1.597334 1.000000 0.001142 0.019968 0.036171 8.845000
21.423067 1.604470 1.000000 0.000377 0.020306 0.036010 8.950000
21.632860 1.611642 1.000000 -0.000058 0.019950 0.035880 9.055000
21.842611 1.618894 1.000000 -0.000218 0.019609 0.035774 9.160000
22.052303 1.626242 1.000000 -0.000138 0.020650 0.035690 9.265000
22.261995 1.633678 1.000000 0.000138 0.020588 0.035622 9.370000
22.501661 1.642247 1.000000 0.000521 0.020054 0.035561 9.490000
22.711349 1.649767 1.000000 0.000797 0.020614 0.035519 9.595000
22.921049 1.657275 1.000000 0.000986 0.020255 0.035484 9.700000
23.170702 1.666175 1.000000 0.001062 0.020100 0.035453 9.825000
23.380409 1.673609 1.000000 0.000991 0.020526 0.035432 9.930000
23.590141 1.681013 1.000000 0.000864 0.020693 0.035415 10.035000
23.799906 1.688400 1.000000 0.000763 0.020207 0.035402 10.140000
24.009670 1.695781 1.000000 0.000661 0.020521 0.035391 10.245000
24.219433 1.703164 1.000000 0.000624 0.019745 0.035382 10.350000
24.429157 1.710556 1.000000 0.000560 0.020784 0.035375 10.455000
24.638906 1.717961 1.000000 0.000596 0.019793 0.035369 10.555000
24.848364 1.727888 1.000000 -0.031315 0.019374 0.106354 10.660000
25.057421 1.741318 1.000000 0.004600 0.021211 0.099387 10.765000
25.286524 1.755920 1.000000 0.005237 0.021307 0.093304 10.880000
25.495852 1.768896 1.000000 0.001059 0.020937 0.088870 10.985000
25.705259 1.781959 1.000000 -0.002650 0.021046 0.085309 11.090000
25.914694 1.795481 1.000000 -0.004301 0.020374 0.082421 11.195000
26.124075 1.809625 1.000000 -0.004302 0.020149 0.080116 11.300000
26.363285 1.826530 1.000000 -0.002677 0.020298 0.078027 11.420000
26.592501 1.843266 1.000000 -0.000314 0.020611 0.076460 11.535000
26.801802 1.858747 1.000000 0.001542 0.019991 0.075318 11.640000
27.011101 1.874206 1.000000 0.002972 0.019881 0.074406 11.745000
27.220385 1.889493 1.000000 0.003607 0.020405 0.073682 11.850000
27.429705 1.904544 1.000000 0.003570 0.020037 0.073096 11.955000
27.639029 1.919367 1.000000 0.002906 0.020455 0.072628 12.060000
27.848377 1.934029 1.000000 0.002144 0.020398 0.072246 12.165000
28.057772 1.947708 1.000000 0.033199 0.019602 0.028782 12.274000
28.287163 1.959745 1.000000 0.032137 0.020329 0.009974 12.385000
28.496624 1.968513 1.000000 -0.000455 0.020719 -0.004034 12.490000
28.726118 1.977707 1.000000 -0.002528 0.021680 0.001863 12.605000
28.935778 1.986344 1.000000 0.003870 0.020529 0.006165 12.710000
29.165432 1.995260 1.000000 0.010534 0.020253 0.009877 12.825000
29.375135 2.002269 1.000000 0.012496 0.020554 0.012581 12.930000
29.584896 2.007996 1.000000 0.010788 0.021289 0.014744 13.035000
29.794741 2.012621 1.000000 0.007392 0.020361 0.016468 13.140000
30.004625 2.016523 1.000000 0.003118 0.020515 0.017855 13.245000
30.214510 2.020144 1.000000 -0.000436 0.020161 0.018974 13.350000
30.424379 2.023865 1.000000 -0.002914 0.019892 0.019875 13.455000
30.634203 2.027942 1.000000 -0.003966 0.020460 0.020604 13.560000
30.844023 2.032481 1.000000 -0.003687 0.020831 0.021188 13.665000
31.073860 2.037945 1.000000 -0.002303 0.020796 0.021694 13.780000
31.283733 2.043246 1.000000 -0.000844 0.019841 0.022063 13.885000
31.493578 2.048682 1.000000 0.000596 0.020829 0.022361 13.990000
31.713434 2.054356 1.000000 0.001665 0.020389 0.022607 14.100000
31.923296 2.059641 1.000000 0.002082 0.020229 0.022796 14.205000
32.143105 2.064991 1.000000 0.001995 0.020434 0.022955 14.315000
32.352985 2.069933 1.000000 0.001565 0.020473 0.023076 14.420000
32.562870 2.074760 1.000000 0.001004 0.020192 0.023173 14.525000
32.772755 2.079610 1.000000 -0.039975 0.019323 0.050335 14.630000
33.002350 2.088393 1.000000 -0.069765 0.019960 0.114708 14.745000
33.210476 2.103952 1.000000 -0.111278 -0.078633 0.259120 14.850000
33.415421 2.128904 1.000000 -0.055077 -0.125306 0.295413 14.960000
33.619385 2.160093 1.000000 -0.086766 -0.063016 0.340189 15.080000
33.832169 2.204256 1.000000 -0.045590 -0.020617 0.359303 15.215000
34.027996 2.254947 1.000000 -0.071679 0.000833 0.410792 15.345000
34.225021 2.318067 1.000000 0.006993 0.003487 0.383927 15.480000
34.427521 2.384663 1.000000 0.036995 0.007467 0.280464 15.620000
34.624046 2.442591 1.000000 0.063448 0.011986 0.193899 15.755000
34.823063 2.490420 1.000000 0.076300 0.094672 0.099808 15.890000
35.038776 2.527372 1.000000 0.037546 0.166116 0.048570 16.025000
35.252560 2.554216 1.000000 0.010435 0.105150 0.002558 16.145000
35.459663 2.576588 1.000000 -0.004801 0.067059 0.011689 16.254999
35.662720 2.598092 1.000000 0.018456 0.046440 0.018596 16.360001
35.868752 2.617625 1.000000 0.034320 0.035002 0.024198 16.465000
36.096363 2.634879 1.000000 0.038156 0.027577 0.029079 16.580000
36.305195 2.646475 1.000000 0.031380 0.024173 0.032621 16.684999
36.514450 2.656469 1.000000 -0.005908 0.020401 0.088510 16.790001
36.723721 2.667340 1.000000 -0.035256 0.021196 0.121858 16.895000
36.932693 2.680946 1.000000 0.003870 0.019915 0.146049 17.000000
37.141636 2.695173 1.000000 0.008854 0.021927 0.135878 17.105000
37.370739 2.710269 1.000000 -0.037134 0.021715 0.147237 17.219999
37.599075 2.731088 1.000000 -0.061470 0.024370 0.223969 17.334999
37.815762 2.760929 1.000000 -0.115007 0.027649 0.311668 17.445000
38.019802 2.801574 1.000000 -0.066418 0.032649 0.351549 17.549999
38.219555 2.847786 1.000000 0.010016 -0.129038 0.197532 17.655001
38.422607 2.894199 1.000000 0.033286 -0.108375 0.102802 17.770000
38.618519 2.936139 1.000000 0.056235 -0.050644 0.021613 17.889999
38.843956 2.975493 1.000000 0.079812 -0.004204 -0.061481 18.035000
39.072346 2.998969 1.000000 0.090309 0.017568 -0.141775 18.184999
39.276382 3.002924 1.000000 0.089243 0.024259 -0.210620 18.320000
39.479668 2.992475 1.000000 0.066644 0.023311 -0.229206 18.455000
39.682823 2.972605 1.000000 0.022437 0.017815 -0.207627 18.590000
39.892704 2.947044 1.000000 0.008254 0.173341 -0.191365 18.725000
40.090897 2.919839 1.000000 0.008874 0.130912 -0.180639 18.840000
40.293743 2.890049 1.000000 0.005299 0.082950 -0.172528 18.950001
40.494221 2.859586 1.000000 -0.000494 0.052647 -0.166398 19.055000
40.698215 2.828319 1.000000 -0.005541 0.036635 -0.161461 19.160000
40.913891 2.795603 1.000000 -0.009147 0.027544 -0.157361 19.270000
41.120762 2.764925 1.000000 -0.010043 0.023602 -0.154223 19.375000
41.328190 2.734951 1.000000 -0.008906 0.021812 -0.151716 19.480000
41.535934 2.705602 1.000000 -0.006781 0.020574 -0.149688 19.584999
41.743855 2.676669 1.000000 -0.004088 0.020373 -0.148055 19.690001
41.941967 2.649247 1.000000 -0.002007 0.020118 -0.146789 19.790001
42.140102 2.621760 1.000000 -0.000548 0.019938 -0.145765 19.889999
42.338238 2.594078 1.000000 0.000067 0.020304 -0.144934 19.990000
42.536373 2.566147 1.000000 -0.000031 0.019658 -0.144253 20.090000
42.734509 2.537984 1.000000 -0.000627 0.019862 -0.143705 20.190001
42.932587 2.509648 1.000000 -0.001446 0.019701 -0.143262 20.290001
43.130646 2.481214 1.000000 -0.002217 0.019659 -0.142899 20.389999
43.328705 2.452757 1.000000 -0.002850 0.019833 -0.142603 20.490000
43.526764 2.424349 1.000000 -0.003310 0.019411 -0.142364 20.590000
43.724823 2.396027 1.000000 -0.003437 0.019641 -0.142170 20.690001
43.922852 2.367628 1.000000 0.046274 0.018339 -0.179247 20.790001
44.167561 2.325295 1.000000 0.113951 -0.106293 -0.369336 20.915001
44.366150 2.279576 1.000000 0.110366 -0.110359 -0.489252 21.025000
44.561050 2.222339 1.000000 0.115214 -0.045941 -0.585571 21.145000
44.768459 2.142772 1.000000 0.106432 -0.000668 -0.648507 21.285000
44.974415 2.040008 1.000000 0.102586 0.017487 -0.716405 21.434999
45.160885 1.923508 1.000000 0.067950 0.019915 -0.747235 21.580000
45.327496 1.804511 1.000000 0.030133 0.015955 -0.738284 21.715000
45.490936 1.680048 1.000000 0.019801 0.013206 -0.721874 21.850000
45.652493 1.552231 1.000000 0.011608 0.010854 -0.709474 21.985001
45.842678 1.398153 1.000000 0.000983 0.079393 -0.698600 22.145000
46.014187 1.259614 1.000000 -0.075370 0.155296 -0.631570 22.280001
46.181076 1.136880 1.000000 -0.073060 0.103322 -0.534160 22.395000
46.362583 1.016479 1.000000 -0.064443 0.033611 -0.437591 22.510000
46.534214 0.911993 1.000000 -0.075482 0.044485 -0.357522 22.615000
46.711159 0.813493 1.000000 -0.028373 0.051262 -0.337389 22.719999
46.892944 0.717447 1.000000 -0.043689 0.043405 -0.345133 22.825001
47.088024 0.620589 1.000000 -0.066098 0.034422 -0.351622 22.934999
47.287632 0.530060 1.000000 -0.070963 0.026558 -0.356828 23.045000
47.481686 0.450162 1.000000 -0.058705 0.021571 -0.360770 23.150000
47.677696 0.375683 1.000000 -0.039730 -0.016108 -0.363964 23.254999
47.870670 0.306036 1.000000 -0.011504 -0.085864 -0.366492 23.360001
48.078613 0.232116 1.000000 0.008117 -0.130895 -0.368795 23.480000
48.267754 0.164621 1.000000 0.004498 -0.054034 -0.320957 23.600000
48.459164 0.099607 1.000000 -0.058396 0.142967 -0.235635 23.725000
48.651463 0.043388 1.000000 -0.046737 0.125883 -0.160234 23.840000
48.849037 -0.006729 1.000000 -0.051337 0.082106 -0.081933 23.950001
49.045296 -0.049328 1.000000 -0.073790 0.059696 -0.004363 24.055000
49.246052 -0.083890 1.000000 -0.062500 0.048924 0.052903 24.160000
49.449818 -0.111448 1.000000 -0.039214 0.043522 0.040301 24.264999
49.655968 -0.134197 1.000000 -0.061031 0.037499 0.030101 24.370001
49.883652 -0.151362 1.000000 -0.072907 0.030119 0.021242 24.485001
50.092545 -0.158877 1.000000 -0.064243 0.025692 0.014713 24.590000
50.301903 -0.159546 1.000000 -0.043513 0.022276 0.009510 24.695000
50.521408 -0.155405 1.000000 -0.014988 0.021419 0.005188 24.805000
50.731071 -0.149820 1.000000 0.007389 0.021702 0.001892 24.910000
50.940861 -0.145045 1.000000 0.020655 0.020985 -0.000778 25.014999
51.150734 -0.142474 1.000000 0.025886 0.020874 -0.002929 25.120001
51.360619 -0.142652 1.000000 0.023754 0.020690 -0.004657 25.225000
51.570503 -0.145347 1.000000 0.017242 0.019982 -0.006052 25.330000
51.780388 -0.149841 1.000000 0.007692 0.020929 -0.007172 25.434999
52.000267 -0.155385 1.000000 -0.001199 0.020829 -0.008097 25.545000
52.200222 -0.160328 1.000000 -0.006434 0.020767 -0.008781 25.645000
52.400188 -0.164650 1.000000 -0.009186 0.020407 -0.009335 25.745001
52.610153 -0.168251 1.000000 -0.009201 0.020672 -0.009800 25.850000
52.820118 -0.170901 1.000000 -0.007173 0.020709 -0.010178 25.955000
53.030083 -0.172813 1.000000 -0.004370 0.019839 -0.010484 26.059999
53.240032 -0.174301 1.000000 -0.000871 0.020490 -0.010726 26.166000
53.469971 -0.175865 1.000000 0.001838 0.020449 -0.010937 26.280001
53.679935 -0.177514 1.000000 0.003017 0.020332 -0.011092 26.385000
53.889900 -0.179505 1.000000 0.003178 0.020167 -0.011215 26.490000
54.109863 -0.181973 1.000000 0.002379 0.020322 -0.011318 26.600000
54.349773 -0.185009 1.000000 0.001201 0.019940 -0.011406 26.719999
54.559658 -0.187829 1.000000 0.000005 0.020263 -0.011468 26.825001
54.769527 -0.190672 1.000000 -0.000929 0.019670 -0.011517 26.930000
54.979332 -0.193438 1.000000 -0.001448 0.019691 -0.011556 27.035000
55.189075 -0.196076 1.000000 -0.001533 0.020179 -0.011588 27.139999
55.398800 -0.198577 1.000000 -0.001294 0.020223 -0.011613 27.245001
55.608524 -0.200968 1.000000 -0.000880 0.020258 -0.011634 27.350000
55.818272 -0.203295 1.000000 -0.000357 0.020909 -0.011650 27.455000
56.028076 -0.205610 1.000000 -0.000026 0.020219 -0.011663 27.559999
56.237858 -0.207947 1.000000 0.000186 0.020152 -0.011673 27.665001
56.447582 -0.210329 1.000000 0.000245 0.020375 -0.011681 27.770000
56.677311 -0.212997 1.000000 0.000158 0.020534 -0.011688 27.885000
56.887115 -0.215476 1.000000 0.000005 0.020756 -0.011693 27.990000
57.096920 -0.217982 1.000000 -0.000163 0.020347 -0.011697 28.094999
57.306725 -0.220494 1.000000 -0.000311 0.020187 -0.011699 28.200001
57.546444 -0.223354 1.000000 -0.000412 0.020102 -0.011702 28.320000
57.756168 -0.225837 1.000000 -0.000413 0.020852 -0.011703 28.424999
57.965961 -0.228301 1.000000 -0.000375 0.021088 -0.011704 28.530001
58.175808 -0.230751 1.000000 -0.000322 0.021080 -0.011705 28.635000
58.385693 -0.233193 1.000000 -0.000277 0.020079 -0.011706 28.740000
58.595577 -0.235631 1.000000 -0.000211 0.020827 -0.011706 28.844999
58.805515 -0.238072 1.000000 -0.000195 0.019720 -0.011706 28.950001
59.015400 -0.240516 1.000000 -0.000173 0.020358 -0.011706 29.055000
59.225246 -0.242967 1.000000 -0.000178 0.020413 -0.011706 29.160000
59.435051 -0.245424 1.000000 -0.000191 0.020742 -0.011706 29.264999
59.644894 -0.247885 1.000000 -0.000212 0.020578 -0.011707 29.370001
59.854778 -0.250348 1.000000 -0.000231 0.020494 -0.011707 29.475000
60.064632 -0.252812 1.000000 -0.000250 0.020224 -0.011707 29.580000
60.304409 -0.255625 1.000000 -0.000250 0.021009 -0.011707 29.700001
60.534275 -0.258320 1.000000 -0.000260 0.020340 -0.011707 29.815001
60.754154 -0.260894 1.000000 -0.000248 0.020795 -0.011707 29.924999
60.964039 -0.263351 1.000000 -0.000249 0.019951 -0.011707 30.030001
61.173923 -0.265806 1.000000 -0.000234 0.020651 -0.011707 30.135000
61.383808 -0.268262 1.000000 -0.000224 0.021000 -0.011707 30.240000
61.593716 -0.270718 1.000000 -0.000227 0.020673 -0.011707 30.344999
61.803642 -0.273175 1.000000 -0.000234 0.020329 -0.011706 30.450001
62.013527 -0.275632 1.000000 -0.000233 0.020273 -0.011706 30.555000
62.223412 -0.278088 1.000000 -0.000236 0.020383 -0.011706 30.660000
62.433296 -0.280544 1.000000 -0.000232 0.020640 -0.011705 30.764999
62.643181 -0.283001 1.000000 -0.000231 0.020695 -0.011705 30.870001
62.853085 -0.285459 1.000000 -0.000231 0.020761 -0.011705 30.975000
63.073048 -0.288035 1.000000 -0.000241 0.020375 -0.011704 31.084999
63.283012 -0.290493 1.000000 -0.000240 0.020374 -0.011704 31.190001
63.492954 -0.292950 1.000000 -0.000244 0.020040 -0.011703 31.295000
63.702839 -0.295406 1.000000 -0.000243 0.020052 -0.011702 31.400000
63.912724 -0.297861 1.000000 -0.000241 0.020278 -0.011702 31.504999
64.142601 -0.300549 1.000000 -0.000243 0.019923 -0.011702 31.620001
64.352486 -0.303003 1.000000 -0.000237 0.020015 -0.011701 31.725000
64.562370 -0.305457 1.000000 -0.000231 0.020124 -0.011701 31.830000
64.772255 -0.307911 1.000000 -0.000227 0.020327 -0.011701 31.934999
64.982140 -0.310366 1.000000 -0.000216 0.021169 -0.011701 32.040001
65.192024 -0.312824 1.000000 -0.000232 0.020170 -0.011701 32.145000
65.401909 -0.315281 1.000000 -0.000238 0.020054 -0.011702 32.250000
65.611794 -0.317739 1.000000 -0.000241 0.020068 -0.011702 32.355000
65.821678 -0.320195 1.000000 -0.000234 0.020686 -0.011703 32.459999
66.031563 -0.322651 1.000000 -0.000235 0.020590 -0.011703 32.564999
66.261436 -0.325342 1.000000 -0.000232 0.020738 -0.011704 32.680000
66.471321 -0.327799 1.000000 -0.000237 0.020268 -0.011704 32.785000
66.681206 -0.330256 1.000000 -0.000231 0.020561 -0.011705 32.889999
66.891090 -0.332714 1.000000 -0.000229 0.020671 -0.011705 32.994999
67.100975 -0.335171 1.000000 -0.000239 0.020240 -0.011706 33.099998
67.330849 -0.337862 1.000000 -0.000239 0.020080 -0.011707 33.215000
67.540733 -0.340319 1.000000 -0.000235 0.020358 -0.011707 33.320000
67.750618 -0.342776 1.000000 -0.000234 0.020291 -0.011707 33.424999
67.960503 -0.345234 1.000000 -0.000230 0.020368 -0.011708 33.529999
68.170387 -0.347692 1.000000 -0.000229 0.020931 -0.011708 33.634998
68.380272 -0.350152 1.000000 -0.000237 0.020270 -0.011708 33.740002
68.590157 -0.352611 1.000000 -0.000242 0.020132 -0.011708 33.845001
68.800041 -0.355069 1.000000 -0.000244 0.019918 -0.011709 33.950001
69.009926 -0.357526 1.000000 -0.000235 0.020746 -0.011710 34.055000
69.219810 -0.359984 1.000000 -0.000231 0.020799 -0.011710 34.160000
69.429695 -0.362442 1.000000 -0.000235 0.020439 -0.011711 34.264999
69.659569 -0.365135 1.000000 -0.000230 0.020672 -0.011712 34.380001
69.869453 -0.367594 1.000000 -0.000237 0.020133 -0.011713 34.485001
70.079338 -0.370053 1.000000 -0.000231 0.020435 -0.011713 34.590000
70.289223 -0.372511 1.000000 -0.000240 0.020073 -0.011714 34.695000
70.529091 -0.375321 1.000000 -0.000232 0.020801 -0.011714 34.814999
70.738976 -0.377781 1.000000 -0.000235 0.020313 -0.011715 34.919998
70.948860 -0.380241 1.000000 -0.000232 0.020726 -0.011715 35.025002
71.158745 -0.382702 1.000000 -0.000243 0.019785 -0.011715 35.130001
71.368629 -0.385162 1.000000 -0.000244 0.019875 -0.011715 35.235001
71.578514 -0.387621 1.000000 -0.000244 0.019887 -0.011716 35.340000
71.788399 -0.390079 1.000000 -0.000230 0.021045 -0.011716 35.445000
71.998283 -0.392538 1.000000 -0.000234 0.020427 -0.011717 35.549999
72.208168 -0.394998 1.000000 -0.000241 0.019616 -0.011718 35.654999
72.418053 -0.397457 1.000000 -0.000239 0.019866 -0.011719 35.759998
72.627937 -0.399915 1.000000 -0.000229 0.020336 -0.011720 35.865002
72.837822 -0.402373 1.000000 -0.000231 0.020004 -0.011720 35.970001
73.047638 -0.404832 1.000000 -0.000223 0.020745 -0.011721 36.075001
73.257523 -0.407293 1.000000 -0.000228 0.020471 -0.011722 36.180000
73.467407 -0.409754 1.000000 -0.000226 0.020627 -0.011722 36.285000
73.687286 -0.412333 1.000000 -0.000235 0.020200 -0.011723 36.395000
73.927155 -0.415148 1.000000 -0.000235 0.020628 -0.011723 36.514999
74.137039 -0.417610 1.000000 -0.000240 0.020473 -0.011723 36.619999
74.346924 -0.420073 1.000000 -0.000248 0.019818 -0.011723 36.724998
74.566803 -0.422652 1.000000 -0.000247 0.019959 -0.011724 36.834999
74.776688 -0.425112 1.000000 -0.000247 0.019886 -0.011724 36.939999
74.986298 -0.429758 1.000000 0.059764 0.018478 -0.100442 37.044998
75.195374 -0.439640 1.000000 0.007909 0.022785 -0.094684 37.150002
75.404533 -0.450864 1.000000 0.005071 0.022301 -0.089956 37.255001
75.613861 -0.462899 1.000000 0.007944 0.021586 -0.086184 37.360001
75.833237 -0.476633 1.000000 0.008822 0.021097 -0.082998 37.470001
76.042641 -0.490878 1.000000 0.007076 0.020854 -0.080572 37.575001
76.262016 -0.506351 1.000000 -0.061433 0.017346 -0.023144 37.685001
76.471291 -0.516548 1.000000 -0.070971 0.019866 0.036954 37.790001
76.690331 -0.521111 1.000000 -0.026205 0.023617 0.045279 37.900002
76.899628 -0.522060 1.000000 -0.027501 0.023836 0.043343 38.005001
77.109146 -0.519931 1.000000 -0.029512 0.022948 0.041779 38.110001
77.358795 -0.513199 1.000000 -0.024984 0.020661 0.040317 38.235001
77.568359 -0.504577 1.000000 -0.014593 0.021355 0.039351 38.340000
77.778015 -0.494350 1.000000 -0.004522 0.020798 0.038572 38.445000
77.987740 -0.483602 1.000000 0.004027 0.020350 0.037947 38.549999
78.197464 -0.473240 1.000000 0.009786 0.020795 0.037446 38.654999
78.407188 -0.463847 1.000000 0.011836 0.019875 0.037042 38.759998
78.616974 -0.455622 1.000000 0.010428 0.020437 0.036719 38.865002
78.836807 -0.447850 1.000000 -0.049819 0.018387 0.080864 38.974998
79.056145 -0.436435 1.000000 -0.011355 0.021200 0.101139 39.084999
79.265388 -0.423606 1.000000 -0.010687 0.022007 0.099788 39.189999
79.474632 -0.409350 1.000000 -0.017706 0.021592 0.098712 39.294998
79.683846 -0.393005 1.000000 -0.019585 0.021299 0.097850 39.400002
79.892921 -0.374394 1.000000 -0.016504 0.020570 0.097155 39.505001
80.101837 -0.353867 1.000000 -0.010116 0.020011 0.096596 39.610001
80.340424 -0.328964 1.000000 -0.001217 0.020546 0.096089 39.730000
80.549217 -0.306810 1.000000 0.004882 0.020689 0.095734 39.834999
80.748192 -0.286026 1.000000 0.008489 0.019843 0.095461 39.935001
80.957115 -0.264911 1.000000 0.009839 0.019563 0.095231 40.040001
81.166122 -0.244638 1.000000 0.008906 0.019864 0.095048 40.145000
81.375206 -0.225096 1.000000 0.006359 0.020118 0.094905 40.250000
81.584290 -0.206021 1.000000 0.003373 0.020680 0.094785 40.355000
81.783539 -0.188001 1.000000 0.001170 0.020133 0.094692 40.455002
81.982773 -0.169916 1.000000 -0.000314 0.019777 0.094613 40.555000
82.191856 -0.150714 1.000000 -0.000980 0.019580 0.094547 40.660000
82.400917 -0.131232 1.000000 -0.000863 0.020213 0.094494 40.764999
82.629738 -0.109587 1.000000 -0.000085 0.020264 0.094451 40.880001
82.838661 -0.089620 1.000000 0.000864 0.020517 0.094423 40.985001
83.047638 -0.069993 1.000000 0.065353 0.018340 0.040402 41.090000
83.256721 -0.056017 1.000000 0.027154 0.021636 -0.003191 41.195000
83.505737 -0.043820 1.000000 0.013812 0.022970 0.000254 41.320000
83.715218 -0.035324 1.000000 0.020111 0.022618 0.002533 41.424999
83.934860 -0.028694 1.000000 -0.014361 -0.018524 0.047060 41.535000
84.137825 -0.020401 1.000000 -0.113012 -0.132811 0.249663 41.639999
84.339836 -0.001478 1.000000 -0.151864 -0.078998 0.427956 41.755001
84.538071 0.035301 1.000000 -0.167329 -0.005671 0.582223 41.880001
84.740173 0.101450 1.000000 -0.171896 0.038059 0.739167 42.020000
84.935898 0.204151 1.000000 -0.152390 0.054823 0.893109 42.169998
85.111084 0.336529 1.000000 -0.129177 0.052471 1.031422 42.320000
85.261269 0.487146 1.000000 -0.090949 0.047375 1.134295 42.465000
85.392052 0.647878 1.000000 -0.079137 0.039236 1.178006 42.605000
85.510330 0.820264 1.000000 -0.087621 0.033442 1.233827 42.744999
85.610901 0.996046 1.000000 -0.087573 0.028930 1.284815 42.880001
85.708893 1.207371 1.000000 -0.092544 0.027142 1.364387 43.035000
85.784523 1.419810 1.000000 -0.083540 0.025208 1.437859 43.185001
85.837219 1.615956 1.000000 -0.076365 0.024323 1.503622 43.320000
85.876221 1.818146 1.000000 -0.050279 0.171865 1.557452 43.455002
85.902580 2.026885 1.000000 -0.075481 0.149281 1.608426 43.580002
85.916130 2.227316 1.000000 -0.082457 0.099988 1.681584 43.689999
85.920265 2.436638 1.000000 -0.063696 0.065341 1.724442 43.799999
85.918602 2.640886 1.000000 -0.019856 0.046586 1.712346 43.904999
85.913574 2.847668 1.000000 -0.033939 0.036305 1.702308 44.009998
85.904343 3.055706 1.000000 -0.044099 0.030083 1.694286 44.115002
85.890076 3.264224 1.000000 -0.040972 0.025896 1.687818 44.220001
85.869225 3.492697 1.000000 -0.029175 0.022360 1.682162 44.334999
85.846748 3.701220 1.000000 -0.012695 0.021950 1.678032 44.439999
85.822754 3.909753 1.000000 0.001667 0.020268 1.674727 44.544998
85.798836 4.118340 1.000000 0.012985 0.019878 1.672086 44.650002
85.776138 4.327053 1.000000 0.018425 0.020536 1.669972 44.755001
85.755196 4.535969 1.000000 0.018444 0.019801 1.668267 44.860001
85.735992 4.745044 1.000000 0.014180 0.020321 1.666887 44.965000
85.716393 4.974159 1.000000 -0.030873 0.019004 1.692199 45.080002
85.696404 5.183004 1.000000 -0.007517 0.020864 1.710463 45.185001
85.674988 5.391711 1.000000 -0.005318 0.020785 1.707731 45.290001
85.652657 5.600369 1.000000 -0.010296 0.020889 1.705541 45.395000
85.628967 5.808914 1.000000 -0.012425 0.020590 1.703766 45.500000
85.600769 6.047128 1.000000 0.056237 0.019854 1.640843 45.619999
85.581352 6.255838 1.000000 0.074962 0.021557 1.546717 45.724998
85.569992 6.464516 1.000000 0.077691 0.023948 1.460747 45.830002
85.567551 6.672715 1.000000 0.093652 0.030283 1.377809 45.935001
85.574806 6.890193 1.000000 0.029377 0.031674 1.371165 46.044998
85.586472 7.098172 1.000000 0.035812 0.031308 1.384188 46.150002
85.602669 7.306510 1.000000 0.047439 0.028469 1.394646 46.255001
85.621925 7.515054 1.000000 -0.029974 0.020517 1.504755 46.360001
85.638458 7.723790 1.000000 -0.043257 0.018625 1.604019 46.465000
85.650261 7.932218 1.000000 -0.060800 0.021938 1.692717 46.570000
85.654945 8.149904 1.000000 -0.094638 0.031959 1.780630 46.680000
85.648468 8.356749 1.000000 -0.081035 0.039696 1.833088 46.785000
85.628448 8.602659 1.000000 -0.064029 0.038957 1.818179 46.910000
85.601776 8.819249 1.000000 -0.041048 0.030743 1.786552 47.020000
85.570862 9.026007 1.000000 -0.059568 0.022494 1.741930 47.125000
85.536324 9.232422 1.000000 0.024501 0.017624 1.641040 47.230000
85.501495 9.438645 1.000000 -0.027551 0.019406 1.649647 47.334999
85.464195 9.644675 1.000000 -0.003843 0.022385 1.656752 47.439999
85.426659 9.851003 1.000000 0.026091 0.023529 1.662416 47.544998
85.391861 10.057980 1.000000 0.043591 0.022770 1.666934 47.650002
85.361496 10.265688 1.000000 0.046404 0.021475 1.670562 47.755001
85.335831 10.474024 1.000000 0.039174 0.020081 1.673506 47.860001
85.312019 10.702693 1.000000 0.020521 0.020668 1.676043 47.974998
85.292435 10.911759 1.000000 0.006110 0.020354 1.677898 48.080002
85.273293 11.120898 1.000000 -0.005719 0.020303 1.679389 48.185001
85.254318 11.320002 1.000000 -0.012082 0.019340 1.680539 48.285000
85.232910 11.528857 1.000000 -0.014090 0.020383 1.681514 48.389999
85.209808 11.737551 1.000000 -0.011803 0.020541 1.682295 48.494999
85.185600 11.946135 1.000000 0.053616 0.017812 1.631840 48.599998
85.161278 12.184588 1.000000 0.014834 0.021442 1.625805 48.720001
85.141922 12.393451 1.000000 0.021212 0.021300 1.625945 48.825001
85.124771 12.602553 1.000000 0.026669 0.020822 1.626057 48.930000
85.110329 12.811860 1.000000 0.025392 0.020607 1.626147 49.035000
85.097946 13.031309 1.000000 0.019376 0.020105 1.626222 49.145000
85.088074 13.240887 1.000000 0.010431 0.020447 1.626281 49.250000
85.079140 13.450543 1.000000 0.001306 0.020945 1.626327 49.355000
85.070190 13.660254 1.000000 0.004731 0.020672 1.621399 49.459999
85.063416 13.869971 1.000000 0.023789 0.019256 1.550837 49.564999
85.059013 14.089567 1.000000 -0.014601 0.020571 1.559047 49.674999
85.053459 14.299223 1.000000 -0.012784 0.020812 1.565327 49.779999
85.046623 14.508950 1.000000 -0.004383 0.020987 1.570361 49.884998
85.039307 14.718740 1.000000 0.003155 0.020777 1.574426 49.990002
85.032333 14.928566 1.000000 0.008125 0.020940 1.577699 50.095001
85.026215 15.138428 1.000000 0.010073 0.020453 1.580324 50.200001
85.021133 15.348330 1.000000 0.009184 0.020588 1.582441 50.305000
85.016655 15.578247 1.000000 0.006149 0.020384 1.584277 50.419998
85.013222 15.788173 1.000000 0.002760 0.020598 1.585618 50.525002
85.012062 15.995236 1.000000 0.110609 -0.132565 1.395416 50.630001
85.021324 16.203466 1.000000 0.162257 -0.101593 1.211677 50.744999
85.053833 16.429712 1.000000 0.168795 -0.009337 1.039721 50.884998
85.116783 16.650583 1.000000 0.112368 0.026597 0.973844 51.035000
85.193802 16.838923 1.000000 0.098248 0.030011 0.924533 51.169998
85.297592 17.039865 1.000000 0.041978 0.022921 0.930573 51.320000
85.400200 17.217161 1.000000 0.034804 0.016453 0.945232 51.455002
85.508873 17.391726 1.000000 0.002509 0.011142 0.980996 51.590000
85.618523 17.566006 1.000000 -0.027977 0.009078 1.084679 51.724998
85.724144 17.742414 1.000000 -0.032008 0.009743 1.169111 51.860001
85.824677 17.923674 1.000000 -0.057063 0.159722 1.247798 51.994999
85.919144 18.121166 1.000000 -0.063538 0.145984 1.323312 52.125000
85.995270 18.307049 1.000000 -0.077961 0.098759 1.394812 52.235001
86.063866 18.504309 1.000000 -0.099922 0.072770 1.470537 52.345001
86.118889 18.699806 1.000000 -0.121039 0.059518 1.546366 52.450001
86.163094 18.900049 1.000000 -0.051016 0.047964 1.536657 52.555000
86.198502 19.103628 1.000000 -0.139991 0.045632 1.615802 52.660000
86.224373 19.339102 1.000000 -0.059341 0.036678 1.597301 52.779999
86.239548 19.546906 1.000000 -0.048610 0.030534 1.584366 52.884998
86.249443 19.755732 1.000000 -0.037714 0.025641 1.574025 52.990002
86.255341 19.965134 1.000000 -0.022032 0.023129 1.565675 53.095001
86.258934 20.174829 1.000000 -0.006155 0.021708 1.558967 53.200001
86.262238 20.404646 1.000000 0.008004 0.021021 1.553131 53.314999
86.266380 20.624525 1.000000 0.015476 0.020004 1.548737 53.424999
86.272057 20.834352 1.000000 0.016811 0.020047 1.545353 53.529999
86.279663 21.044104 1.000000 0.058672 0.018780 1.512293 53.634998
86.293480 21.253231 1.000000 0.095142 0.019597 1.405419 53.740002
86.314682 21.461338 1.000000 -0.001817 0.021875 1.416210 53.845001
86.336472 21.669565 1.000000 -0.012217 0.022022 1.424956 53.950001
86.357391 21.878141 1.000000 -0.007625 0.021102 1.432033 54.055000
86.377899 22.086933 1.000000 -0.000822 0.021319 1.437711 54.160000
86.398598 22.295811 1.000000 0.003746 0.020713 1.442268 54.264999
86.423065 22.534485 1.000000 0.005818 0.020678 1.446398 54.384998
86.445396 22.743261 1.000000 0.005149 0.020413 1.449278 54.490002
86.468498 22.951982 1.000000 0.002946 0.020450 1.451591 54.595001
86.491005 23.150728 1.000000 0.000288 0.020188 1.453363 54.695000
86.513741 23.349470 1.000000 -0.002230 0.020131 1.454795 54.794998
86.536469 23.548216 1.000000 -0.003852 0.020064 1.455968 54.895000
86.560120 23.756901 1.000000 -0.004847 0.019881 1.456948 55.000000
86.582382 23.955660 1.000000 -0.004866 0.020213 1.457717 55.099998
86.607643 24.184265 1.000000 -0.004114 0.020442 1.458424 55.215000
86.631554 24.402990 1.000000 -0.003106 0.020221 1.458957 55.325001
86.653221 24.601851 1.000000 -0.002231 0.019817 1.459345 55.424999
86.676872 24.820610 1.000000 -0.051098 0.019193 1.494265 55.535000
86.695961 25.029612 1.000000 -0.008929 0.019947 1.511487 55.639999
86.711777 25.238661 1.000000 -0.067410 0.019661 1.596622 55.744999
86.722137 25.447664 1.000000 -0.010325 0.022397 1.588529 55.849998
86.730972 25.656889 1.000000 -0.010585 0.022989 1.582010 55.955002
86.738564 25.866371 1.000000 -0.015593 0.021634 1.576729 56.060001
86.744461 26.076008 1.000000 -0.017202 0.021071 1.572530 56.165001
86.748688 26.295719 1.000000 -0.014436 0.020387 1.568989 56.275002
86.751366 26.525461 1.000000 -0.007862 0.020664 1.566055 56.389999
86.752907 26.735226 1.000000 -0.002155 0.020134 1.563928 56.494999
86.754227 26.945013 1.000000 0.002891 0.020850 1.562212 56.599998
86.756279 27.194809 1.000000 0.005974 0.020349 1.560616 56.724998
86.758705 27.404654 1.000000 0.006191 0.020236 1.559561 56.830002
86.761803 27.614470 1.000000 0.004912 0.020351 1.558703 56.935001
86.765442 27.824293 1.000000 0.002702 0.020904 1.558014 57.040001
86.769379 28.034164 1.000000 0.000460 0.020183 1.557468 57.145000
86.773384 28.244049 1.000000 -0.001440 0.020618 1.557028 57.250000
86.777245 28.453934 1.000000 -0.002497 0.019939 1.556677 57.355000
86.780334 28.663809 1.000000 -0.058412 0.019500 1.606220 57.459999
86.779701 28.873577 1.000000 -0.006459 0.020848 1.603158 57.564999
86.777870 29.103346 1.000000 -0.002425 0.020847 1.600511 57.680000
86.775803 29.313179 1.000000 -0.005064 0.020917 1.598577 57.785000
86.773132 29.523024 1.000000 -0.006582 0.020662 1.597026 57.889999
86.769714 29.732887 1.000000 -0.006215 0.020693 1.595771 57.994999
86.765373 29.952766 1.000000 -0.004353 0.020252 1.594725 58.105000
86.760246 30.182610 1.000000 -0.001671 0.020795 1.593857 58.220001
86.755302 30.392494 1.000000 0.000554 0.020212 1.593224 58.325001
86.750381 30.602379 1.000000 0.002195 0.020392 1.592718 58.430000
86.745659 30.812263 1.000000 0.002936 0.020219 1.592308 58.535000
86.740967 31.022139 1.000000 -0.051679 0.019414 1.631597 58.639999
86.731140 31.231543 1.000000 -0.082194 0.021228 1.729983 58.744999
86.712257 31.439665 1.000000 -0.084069 0.024314 1.820680 58.849998
86.683815 31.645967 1.000000 -0.090683 0.029282 1.903151 58.955002
86.646889 31.850632 1.000000 -0.082111 0.031876 1.931682 59.060001
86.600739 32.053288 1.000000 -0.072123 0.033264 1.982996 59.165001
86.540543 32.273193 1.000000 -0.038199 0.030812 1.967115 59.279999
86.480209 32.473335 1.000000 -0.041034 0.026817 1.955544 59.384998
86.414940 32.672531 1.000000 -0.037872 0.022999 1.946297 59.490002
86.345154 32.870220 1.000000 -0.085084 -0.058465 2.014197 59.595001
86.260071 33.081158 1.000000 -0.101802 -0.122574 2.159895 59.715000
86.172012 33.268463 1.000000 -0.093975 -0.066430 2.230646 59.834999
86.063385 33.466106 1.000000 -0.053727 -0.018069 2.256030 59.974998
85.957191 33.638760 1.000000 -0.043324 -0.000330 2.241255 60.105000
85.846039 33.805412 1.000000 -0.038411 0.005180 2.232200 60.235001
85.716515 33.986015 1.000000 -0.047122 0.007055 2.244495 60.380001
85.581024 34.161484 1.000000 -0.013626 0.008162 2.251497 60.525002
85.453690 34.323727 1.000000 0.058405 0.056979 2.160304 60.660000
85.337227 34.486988 1.000000 0.047255 0.162641 2.078872 60.785000
85.208885 34.689644 1.000000 0.072402 0.107757 1.972894 60.919998
85.103111 34.878685 1.000000 0.085577 0.072787 1.885172 61.035000
85.009590 35.069412 1.000000 0.107051 0.056087 1.800149 61.145000
84.930588 35.258450 1.000000 0.070633 0.047952 1.755833 61.250000
84.861313 35.452656 1.000000 0.105752 0.044560 1.701869 61.355000
84.802170 35.651115 1.000000 0.066210 0.038456 1.716933 61.459999
84.750542 35.852829 1.000000 0.121438 0.034006 1.677503 61.564999
84.705345 36.076878 1.000000 0.090498 0.028739 1.672297 61.680000
84.672707 36.283371 1.000000 0.039295 0.025380 1.663342 61.785000
84.644417 36.490864 1.000000 0.016448 0.023287 1.672086 61.889999
84.615265 36.718670 1.000000 0.005407 0.021567 1.679775 62.005001
84.589096 36.926865 1.000000 -0.001628 0.020620 1.685299 62.110001
84.561241 37.144981 1.000000 -0.005486 0.019818 1.689915 62.220001
84.531189 37.372936 1.000000 -0.006305 0.020388 1.693765 62.334999
84.502823 37.580978 1.000000 -0.004989 0.019568 1.696581 62.439999
84.473732 37.788918 1.000000 -0.002267 0.019161 1.698814 62.544998
84.444199 37.996758 1.000000 0.000709 0.019293 1.700615 62.650002
84.414558 38.204559 1.000000 0.003386 0.019596 1.702070 62.755001
84.385017 38.412392 1.000000 0.005010 0.020514 1.703231 62.860001
84.355782 38.620327 1.000000 0.005507 0.020238 1.704154 62.965000
84.325516 38.838242 1.000000 0.005012 0.020182 1.704929 63.075001
84.298447 39.036415 1.000000 0.055455 0.017743 1.667646 63.174999
84.271996 39.264580 1.000000 0.026031 0.020686 1.643033 63.290001
84.251099 39.473194 1.000000 0.025032 0.021831 1.641880 63.395000
84.232780 39.682137 1.000000 0.026822 0.021042 1.640960 63.500000
84.217186 39.891327 1.000000 0.023703 0.020202 1.640224 63.605000
84.202126 40.130642 1.000000 0.014765 0.020296 1.639564 63.724998
84.190483 40.340164 1.000000 0.006318 0.020011 1.639103 63.830002
84.179321 40.549728 1.000000 -0.001339 0.020199 1.638736 63.935001
84.167839 40.759293 1.000000 -0.006049 0.020299 1.638438 64.040001
84.155571 40.968830 1.000000 -0.007895 0.019984 1.638199 64.144997
84.142326 41.178291 1.000000 -0.006926 0.020259 1.638008 64.250000
84.128220 41.387691 1.000000 -0.004397 0.020065 1.637855 64.355003
84.113541 41.597015 1.000000 -0.001155 0.020460 1.637731 64.459999
84.098755 41.806339 1.000000 0.045769 0.018278 1.605395 64.565002
84.087715 42.025574 1.000000 0.028129 0.021312 1.565740 64.675003
84.079384 42.234875 1.000000 -0.012183 0.021492 1.621312 64.779999
84.070076 42.444260 1.000000 0.016445 0.021273 1.622163 64.885002
84.062241 42.653801 1.000000 0.010292 0.020908 1.622812 64.989998
84.054642 42.863373 1.000000 -0.076009 0.018443 1.691092 65.095001
84.041206 43.072208 1.000000 -0.030204 0.023615 1.706005 65.199997
84.023819 43.280811 1.000000 -0.027456 0.023403 1.704045 65.305000
83.999954 43.519100 1.000000 0.003136 0.021463 1.682329 65.425003
83.979538 43.727688 1.000000 0.063670 0.019970 1.576140 65.529999
83.965759 43.936066 1.000000 0.092787 -0.048782 1.449934 65.635002
83.961258 44.144211 1.000000 0.147462 -0.121475 1.262985 65.745003
83.971451 44.349110 1.000000 0.179695 -0.042175 1.099182 65.864998
84.005363 44.550262 1.000000 0.181940 0.023063 0.958508 65.995003
84.069046 44.741840 1.000000 0.170957 0.051017 0.827055 66.129997
84.176956 44.942123 1.000000 0.148286 0.055394 0.679816 66.285004
84.311462 45.115913 1.000000 0.133481 0.051383 0.532137 66.434998
84.457985 45.262672 1.000000 0.087831 -0.186653 0.418307 66.580002
84.604279 45.401093 1.000000 0.092780 -0.189193 0.229811 66.760002
84.748116 45.548038 1.000000 0.075964 -0.067569 -0.105293 67.080002
84.937592 45.482162 1.000000 -0.026124 0.318848 -1.215842 68.690002
85.016655 45.290779 1.000000 -0.001986 0.251045 -1.132159 68.839996
85.096886 45.102673 1.000000 0.009850 0.139620 -1.055025 68.959999
85.177139 44.915695 1.000000 0.038799 0.075280 -1.028512 69.070000
85.264290 44.712898 1.000000 -0.006228 0.052159 -0.978909 69.184998
85.347969 44.525276 1.000000 -0.024909 0.043268 -0.988838 69.290001
85.445045 44.319248 1.000000 -0.060590 0.035270 -0.997502 69.404999
85.541000 44.133228 1.000000 -0.051109 0.026564 -1.016594 69.510002
85.636734 43.957603 1.000000 0.012169 0.017346 -1.115034 69.610001
85.741188 43.763885 1.000000 0.032678 0.014345 -1.211425 69.720001
85.846260 43.560043 1.000000 0.034107 0.019143 -1.287022 69.834999
85.938766 43.372528 1.000000 0.018039 0.025895 -1.273467 69.940002
86.029335 43.183445 1.000000 0.047345 0.026787 -1.262513 70.044998
86.111458 43.001053 1.000000 0.066102 0.024763 -1.254092 70.144997
86.187912 42.816071 1.000000 0.068535 0.021366 -1.247238 70.245003
86.258240 42.628639 1.000000 0.116983 0.019864 -1.288869 70.345001
86.321709 42.428646 1.000000 0.059271 0.021197 -1.332906 70.449997
86.376595 42.226353 1.000000 0.090363 0.022976 -1.414927 70.555000
86.421921 42.022118 1.000000 0.094732 0.025333 -1.503772 70.660004
86.461334 41.787079 1.000000 0.096198 0.029777 -1.596947 70.779999
86.485382 41.570667 1.000000 0.101831 0.033771 -1.675935 70.889999
86.498199 41.363548 1.000000 0.037430 0.033958 -1.676663 70.995003
86.506721 41.125687 1.000000 0.042492 0.031523 -1.661003 71.114998
86.509003 40.916702 1.000000 0.050303 0.027636 -1.650228 71.220001
86.505737 40.707355 1.000000 0.045943 0.024065 -1.641567 71.324997
86.497513 40.497952 1.000000 0.031757 0.021850 -1.634653 71.430000
86.485985 40.288559 1.000000 -0.030370 0.018864 -1.597878 71.535004
86.477615 40.079357 1.000000 -0.087929 0.019837 -1.489342 71.639999
86.477097 39.870632 1.000000 -0.023802 0.024935 -1.479176 71.745003
86.481758 39.661957 1.000000 -0.044684 0.025977 -1.439360 71.849998
86.492004 39.453346 1.000000 -0.038162 0.026059 -1.444362 71.955002
86.506767 39.244663 1.000000 -0.040406 0.024151 -1.448426 72.059998
86.526062 39.036079 1.000000 -0.034228 0.022825 -1.451701 72.165001
86.551582 38.807808 1.000000 -0.020017 0.021912 -1.454541 72.279999
86.578667 38.589565 1.000000 -0.005483 0.020624 -1.456692 72.389999
86.604103 38.391178 1.000000 0.006023 0.020930 -1.458268 72.489998
86.630348 38.183289 1.000000 0.004822 -0.079968 -1.406652 72.595001
86.658524 37.953426 1.000000 -0.035963 -0.310305 -1.275752 72.720001
86.680733 37.751713 1.000000 -0.071518 -0.277754 -1.129143 72.860001
86.696579 37.549652 1.000000 -0.085906 -0.154718 -0.909231 73.070000
86.700027 37.347393 1.000000 -0.056068 -0.032050 -0.458937 73.500000
86.764366 37.540543 1.000000 -0.024365 0.306405 1.386069 75.695000
86.805054 37.741718 1.000000 -0.000950 0.188563 1.461627 75.824997
86.843460 37.944450 1.000000 -0.008436 0.103801 1.536665 75.940002
86.879372 38.149117 1.000000 0.007135 0.063196 1.581530 76.050003
86.911713 38.349594 1.000000 -0.020134 0.050417 1.612038 76.154999
86.938705 38.553257 1.000000 -0.069455 0.047439 1.650989 76.260002
86.958534 38.778996 1.000000 -0.086954 0.041935 1.643036 76.375000
86.966682 38.996769 1.000000 -0.096543 0.032934 1.637033 76.485001
86.963623 39.205357 1.000000 -0.084251 0.025933 1.632422 76.589996
86.951523 39.414040 1.000000 -0.052787 0.023150 1.628737 76.695000
86.933708 39.622665 1.000000 -0.018609 0.021598 1.625788 76.800003
86.913795 39.831367 1.000000 0.009971 0.021964 1.623390 76.904999
86.894089 40.050220 1.000000 0.031071 0.021625 1.621402 77.014999
86.878494 40.259434 1.000000 0.037880 0.021010 1.619888 77.120003
86.866776 40.468925 1.000000 0.034314 0.019863 1.618679 77.224998
86.858521 40.678574 1.000000 0.024084 0.019788 1.617700 77.330002
86.852669 40.888298 1.000000 0.011259 0.019903 1.616907 77.434998
86.847870 41.098022 1.000000 -0.001493 0.021159 1.616270 77.540001
86.842804 41.307823 1.000000 -0.009711 0.020882 1.615760 77.644997
86.836594 41.517597 1.000000 -0.013281 0.020464 1.615350 77.750000
86.828888 41.727322 1.000000 -0.012443 0.020501 1.615023 77.855003
86.819794 41.937046 1.000000 -0.008966 0.020272 1.614758 77.959999
86.809692 42.146740 1.000000 0.006007 0.020085 1.609138 78.065002
86.802147 42.356312 1.000000 0.069232 0.020042 1.511063 78.169998
86.801598 42.585461 1.000000 0.086045 0.023790 1.444298 78.285004
86.808968 42.794182 1.000000 0.023486 0.026099 1.433881 78.389999
86.819778 43.003040 1.000000 0.020249 0.025352 1.441395 78.495003
86.833176 43.212109 1.000000 0.026738 0.023703 1.447453 78.599998
86.849678 43.421143 1.000000 0.027842 0.022401 1.452351 78.705002
86.870705 43.669945 1.000000 -0.022622 0.020106 1.521939 78.830002
86.886436 43.878990 1.000000 0.014902 0.019458 1.547061 78.934998
86.901581 44.087994 1.000000 -0.001241 0.019517 1.587205 79.040001
86.916344 44.296997 1.000000 0.013428 0.021278 1.576200 79.144997
86.932281 44.506100 1.000000 -0.000677 0.021492 1.567284 79.250000
86.947990 44.715347 1.000000 -0.015631 0.021633 1.560141 79.355003
86.961990 44.924774 1.000000 -0.023985 0.021902 1.554427 79.459999
86.973465 45.134392 1.000000 -0.024723 0.020789 1.549829 79.565002
86.982376 45.344116 1.000000 -0.019636 0.020261 1.546116 79.669998
86.990135 45.583881 1.000000 -0.009699 0.020077 1.542787 79.790001
86.995857 45.793686 1.000000 -0.001825 0.019939 1.540456 79.894997
87.001511 46.003433 1.000000 0.004925 0.019941 1.538611 80.000000
87.007729 46.213158 1.000000 0.008095 0.020773 1.537095 80.105003
87.014877 46.422882 1.000000 0.008506 0.020663 1.535882 80.209999
87.022980 46.632607 1.000000 0.006548 0.020597 1.534913 80.315002
87.031853 46.842331 1.000000 0.003376 0.020502 1.534138 80.419998
87.041153 47.052040 1.000000 0.000346 0.020172 1.533511 80.525002
87.050583 47.261684 1.000000 -0.002361 0.020497 1.533009 80.629997
87.059807 47.471405 1.000000 -0.003908 0.020339 1.532604 80.735001
87.069099 47.691116 1.000000 -0.004262 0.020354 1.532266 80.845001
87.077599 47.900841 1.000000 -0.003764 0.019844 1.532008 80.949997
87.085800 48.110542 1.000000 -0.002557 0.019959 1.531802 81.055000
87.091217 48.320141 1.000000 -0.033803 0.019450 1.605076 81.160004
87.092628 48.529625 1.000000 -0.039022 0.022096 1.641256 81.264999
87.092293 48.739075 1.000000 0.030649 0.019334 1.624207 81.370003
87.094994 48.958534 1.000000 0.032597 0.019374 1.610104 81.480003
87.101006 49.168053 1.000000 0.019625 0.020305 1.599218 81.584999
87.109818 49.397594 1.000000 0.003638 0.020670 1.589721 81.699997
87.119003 49.627216 1.000000 -0.009238 0.021395 1.582210 81.815002
87.126366 49.836952 1.000000 -0.015375 0.021497 1.576778 81.919998
87.132004 50.046776 1.000000 -0.055494 0.021381 1.596241 82.025002
87.131798 50.256443 1.000000 -0.053008 0.021951 1.659253 82.129997
87.124542 50.465672 1.000000 -0.042948 0.022710 1.701003 82.235001
87.111626 50.684544 1.000000 -0.025002 0.024414 1.697339 82.345001
87.096085 50.893467 1.000000 -0.030238 0.023002 1.694740 82.449997
87.077011 51.102310 1.000000 -0.030771 0.021917 1.692661 82.555000
87.054451 51.310921 1.000000 -0.024539 0.020943 1.690977 82.660004
87.029121 51.519295 1.000000 -0.013479 0.020509 1.689634 82.764999
87.000900 51.737457 1.000000 -0.001597 0.020058 1.688507 82.875000
86.972244 51.955582 1.000000 0.007799 0.020584 1.687605 82.985001
86.945496 52.163914 1.000000 0.012784 0.020217 1.686917 83.089996
86.921249 52.362461 1.000000 0.065608 0.017455 1.646362 83.190002
86.900536 52.571125 1.000000 0.029194 0.021159 1.627764 83.294998
86.883202 52.780041 1.000000 0.024329 0.021811 1.627246 83.400002
86.864609 53.049080 1.000000 0.023078 0.021115 1.626729 83.535004
86.852806 53.258602 1.000000 0.018137 0.020470 1.626418 83.639999
86.842773 53.468246 1.000000 0.011078 0.020276 1.626164 83.745003
86.833733 53.677948 1.000000 0.003023 0.020148 1.625962 83.849998
86.824844 53.887672 1.000000 -0.003306 0.020133 1.625801 83.955002
86.815445 54.097351 1.000000 -0.006830 0.020339 1.625673 84.059998
86.805222 54.306995 1.000000 -0.007295 0.020825 1.625569 84.165001
86.792458 54.546589 1.000000 -0.005371 0.020561 1.625474 84.285004
86.780540 54.756233 1.000000 -0.002411 0.020800 1.625409 84.389999
86.768738 54.965878 1.000000 0.019457 0.020322 1.602703 84.495003
86.758705 55.175564 1.000000 0.014468 0.020864 1.600152 84.599998
86.750252 55.385342 1.000000 0.018020 0.020631 1.598100 84.705002
86.742867 55.625175 1.000000 0.018339 0.020293 1.596252 84.824997
86.737923 55.865044 1.000000 0.013849 0.019892 1.594812 84.945000
86.735115 56.074928 1.000000 0.007777 0.020464 1.593805 85.050003
86.732712 56.284439 1.000000 -0.066569 -0.069405 1.682153 85.154999
86.724052 56.492371 1.000000 -0.132132 -0.124769 1.873503 85.264999
86.701920 56.696552 1.000000 -0.169483 -0.051389 2.034821 85.385002
86.652931 56.910923 1.000000 -0.173847 0.016056 2.202412 85.525002
86.578644 57.098904 1.000000 -0.158610 0.043545 2.345390 85.660004
86.474876 57.276939 1.000000 -0.139918 0.051300 2.483309 85.800003
86.347534 57.438225 1.000000 -0.123574 0.049995 2.612823 85.940002
86.195129 57.587097 1.000000 -0.120299 0.048111 2.754837 86.084999
86.013115 57.723797 1.000000 -0.100967 0.047733 2.882786 86.239998
85.835175 57.828350 1.000000 -0.079657 0.043466 2.939709 86.379997
85.654335 57.915348 1.000000 -0.084092 0.038547 2.980686 86.514999
85.466064 57.988274 1.000000 -0.089619 0.033690 3.032903 86.650002
85.271935 58.045761 1.000000 -0.088370 0.029918 3.090431 86.785004
85.073586 58.087696 1.000000 -0.082817 0.027148 -3.132299 86.919998
84.872513 58.114975 1.000000 -0.042401 0.023056 -3.098002 87.055000
84.669701 58.133625 1.000000 -0.023920 0.019062 -3.116652 87.190002
84.464783 58.147797 1.000000 -0.019066 0.134487 -3.130725 87.324997
84.258537 58.157505 1.000000 -0.018014 0.160886 -3.140732 87.449997
84.021935 58.164585 1.000000 -0.057198 0.094383 -3.120263 87.580002
83.821266 58.163845 1.000000 -0.089543 0.061020 -3.031627 87.684998
83.617043 58.153019 1.000000 -0.082627 0.044691 -2.947586 87.790001
83.411873 58.132454 1.000000 -0.084950 0.037378 -2.861653 87.894997
83.207443 58.101967 1.000000 -0.096747 0.037132 -2.780403 88.000000
82.976334 58.053432 1.000000 -0.116229 0.040969 -2.690976 88.120003
82.777061 57.998405 1.000000 -0.053473 0.039675 -2.691732 88.224998
82.578804 57.935837 1.000000 -0.095195 0.036276 -2.682384 88.330002
82.383743 57.862480 1.000000 -0.144957 0.035203 -2.598848 88.434998
82.195236 57.774258 1.000000 -0.138250 0.036082 -2.517087 88.540001
82.012703 57.673809 1.000000 -0.043979 0.029768 -2.525466 88.644997
81.832275 57.567730 1.000000 -0.031039 0.024938 -2.534825 88.750000
81.661682 57.463226 1.000000 -0.027494 0.021591 -2.542043 88.849998
81.492302 57.355927 1.000000 -0.021499 0.018375 -2.547910 88.949997
81.323967 57.246544 1.000000 -0.002333 0.016919 -2.558326 89.050003
81.155083 57.138023 1.000000 0.023981 0.015533 -2.618500 89.150002
80.984291 57.032993 1.000000 0.034658 0.017109 -2.668515 89.250000
80.811714 56.931126 1.000000 0.028002 0.019354 -2.668312 89.349998
80.637634 56.831535 1.000000 0.037707 0.018688 -2.668147 89.449997
80.461678 56.735077 1.000000 0.096103 0.016641 -2.707824 89.550003
80.282135 56.646423 1.000000 0.123251 0.019484 -2.804175 89.650002
80.089165 56.565025 1.000000 0.113756 0.024967 -2.895126 89.754997
79.892418 56.495251 1.000000 0.099488 0.028548 -2.977491 89.864998
79.664467 56.425285 1.000000 0.021130 0.026279 -2.955500 89.985001
79.444397 56.361195 1.000000 0.028047 0.024430 -2.944403 90.099998
79.242371 56.305408 1.000000 0.034405 0.007930 -2.936252 90.205002
79.022881 56.248631 1.000000 0.032087 -0.066010 -2.929183 90.320000
78.822121 56.199848 1.000000 0.022409 -0.116663 -2.923837 90.430000
78.620010 56.153667 1.000000 0.026855 -0.143044 -2.962854 90.550003
78.388634 56.110115 1.000000 0.122030 -0.009139 3.101530 90.699997
78.186378 56.092831 1.000000 0.120429 0.024275 2.926472 90.834999
77.971672 56.097980 1.000000 0.071052 0.035026 2.820029 90.980003
77.743134 56.123787 1.000000 0.081558 0.036133 2.734438 91.135002
77.546082 56.163475 1.000000 0.089151 0.035206 2.669729 91.269997
77.317375 56.232738 1.000000 0.094531 0.033267 2.587372 91.430000
77.130447 56.309952 1.000000 0.088689 0.029975 2.519679 91.565002
76.950096 56.402828 1.000000 0.080144 0.026381 2.453616 91.699997
76.776810 56.509308 1.000000 0.073850 0.023430 2.384235 91.834999
76.610741 56.627438 1.000000 0.033440 0.019843 2.360030 91.970001
76.448776 56.753536 1.000000 0.023375 0.119261 2.351712 92.105003
76.279449 56.897713 1.000000 0.095664 0.158460 2.292844 92.239998
76.131020 57.043781 1.000000 0.095160 0.106262 2.208398 92.355003
75.991570 57.199429 1.000000 0.084781 0.066260 2.127868 92.464996
75.851700 57.373779 1.000000 0.095587 0.048798 2.041073 92.580002
75.732033 57.541550 1.000000 0.114097 0.043826 1.960269 92.684998
75.621208 57.716362 1.000000 0.053284 0.038831 1.958225 92.790001
75.516800 57.896446 1.000000 0.137569 0.037636 1.893850 92.894997
75.425194 58.083210 1.000000 0.154219 0.038795 1.810033 93.000000
75.349106 58.276203 1.000000 0.152615 0.041031 1.729552 93.105003
75.288818 58.474293 1.000000 0.143471 0.042303 1.654110 93.209999
75.238167 58.695526 1.000000 0.122871 0.039580 1.605544 93.324997
75.202133 58.910046 1.000000 0.043216 0.032951 1.608632 93.434998
75.173187 59.116508 1.000000 0.072210 0.031324 1.597892 93.540001
75.150185 59.324242 1.000000 0.024960 0.026367 1.597236 93.644997
75.132484 59.532784 1.000000 0.087764 0.027222 1.523701 93.750000
75.121819 59.741726 1.000000 0.004798 0.023158 1.531614 93.855003
75.112923 59.950920 1.000000 0.062490 0.024833 1.493453 93.959999
75.109695 60.160110 1.000000 0.021517 0.024395 1.468552 94.065002
75.109695 60.369392 1.000000 0.008426 0.023502 1.480687 94.169998
75.111183 60.598881 1.000000 0.017911 0.023542 1.491370 94.285004
75.114738 60.808590 1.000000 0.023358 0.021995 1.499012 94.389999
75.120903 61.018314 1.000000 0.021792 0.021100 1.505159 94.495003
75.129501 61.228031 1.000000 0.015461 0.020652 1.510109 94.599998
75.136986 61.433544 1.000000 -0.071491 -0.135249 1.674732 94.705002
75.136543 61.648941 1.000000 -0.103069 -0.092070 1.807355 94.824997
75.123596 61.854324 1.000000 -0.112503 -0.029008 1.888564 94.949997
75.093193 62.063225 1.000000 -0.110140 0.004715 1.956794 95.084999
75.038025 62.285110 1.000000 -0.099645 0.019573 2.035226 95.235001
74.970207 62.477589 1.000000 -0.060819 0.020796 2.085954 95.370003
74.891602 62.666248 1.000000 -0.017080 0.016346 2.065354 95.504997
74.802742 62.867962 1.000000 -0.029393 0.014169 2.062097 95.650002
74.711433 63.060982 1.000000 0.000963 0.091841 2.081074 95.790001
74.622337 63.244030 1.000000 0.012262 0.160828 2.068305 95.915001
74.532158 63.429832 1.000000 0.007414 0.105805 2.059214 96.029999
74.441048 63.617638 1.000000 0.004022 0.066218 2.052314 96.139999
74.351501 63.801868 1.000000 0.002336 0.042654 2.046218 96.245003
74.260468 63.988594 1.000000 0.001931 0.030682 2.042143 96.349998
74.168549 64.176605 1.000000 0.002351 0.023955 2.038866 96.455002
74.080536 64.356270 1.000000 0.003126 0.020081 2.036346 96.555000
73.992683 64.536392 1.000000 0.065771 0.016681 1.983486 96.654999
73.909882 64.718681 1.000000 0.093957 0.017568 1.885368 96.754997
73.832008 64.913116 1.000000 0.097185 0.022965 1.792422 96.860001
73.761528 65.109924 1.000000 0.030555 0.024556 1.803672 96.964996
73.696335 65.308510 1.000000 0.072520 0.026774 1.736758 97.070000
73.630455 65.538055 1.000000 0.044295 0.026958 1.748372 97.190002
73.577614 65.740730 1.000000 0.044634 0.024560 1.757151 97.294998
73.529411 65.944839 1.000000 0.050522 0.021736 1.750740 97.400002
73.487564 66.150368 1.000000 0.034992 0.021748 1.724861 97.504997
73.451851 66.356529 1.000000 0.041740 -0.076912 1.729652 97.610001
73.415962 66.593826 1.000000 -0.023185 -0.313834 1.865789 97.739998
73.388733 66.798973 1.000000 -0.065015 -0.273638 2.017633 97.885002
73.369110 66.999565 1.000000 -0.081796 -0.149861 2.242777 98.099998
73.362213 67.200020 1.000000 -0.052226 -0.028722 2.714009 98.550003
73.301620 67.009201 1.000000 -0.016325 0.176693 -1.792293 100.629997
73.260178 66.811043 1.000000 -0.034423 0.077934 -1.761816 100.779999
73.223198 66.596214 1.000000 -0.059186 0.035877 -1.697211 100.930000
73.198570 66.396446 1.000000 -0.035893 0.023663 -1.683905 101.065002
73.179893 66.193604 1.000000 -0.031522 0.077584 -1.674036 101.199997
73.166046 65.993309 1.000000 -0.023823 0.165734 -1.667080 101.324997
73.153427 65.770943 1.000000 -0.009321 0.109864 -1.661671 101.449997
73.142212 65.563332 1.000000 -0.024711 0.068351 -1.641825 101.559998
73.134476 65.359627 1.000000 -0.041811 0.044206 -1.554301 101.665001
73.130844 65.153221 1.000000 0.006108 0.034574 -1.557931 101.769997
73.126472 64.925377 1.000000 0.003704 0.027630 -1.561088 101.885002
73.122154 64.716446 1.000000 -0.004770 0.025011 -1.563410 101.989998
73.118355 64.507004 1.000000 -0.010960 0.022572 -1.565245 102.095001
73.115730 64.297302 1.000000 -0.012673 0.021762 -1.566723 102.199997
73.114410 64.067444 1.000000 -0.010759 0.020943 -1.568010 102.315002
73.113762 63.857563 1.000000 0.058853 0.019846 -1.627307 102.419998
73.108215 63.648014 1.000000 0.006215 0.019874 -1.660131 102.525002
73.100899 63.438644 1.000000 -0.059384 0.021499 -1.611283 102.629997
73.098862 63.219059 1.000000 -0.061295 0.021978 -1.513115 102.739998
73.103615 63.009666 1.000000 -0.046894 0.020414 -1.427819 102.845001
73.113365 62.800903 1.000000 0.013548 0.018587 -1.396364 102.949997
73.123161 62.592167 1.000000 0.011652 0.022713 -1.409561 103.055000
73.132584 62.383049 1.000000 -0.043937 0.024321 -1.402204 103.160004
73.148216 62.174572 1.000000 -0.128678 0.030219 -1.311948 103.264999
73.176788 61.968262 1.000000 -0.078946 0.031954 -1.285539 103.370003
73.221443 61.734314 1.000000 -0.040740 0.029043 -1.272119 103.489998
73.266632 61.530216 1.000000 -0.022752 0.025717 -1.284992 103.595001
73.314857 61.326229 1.000000 -0.013833 0.022617 -1.295287 103.699997
73.364677 61.122299 1.000000 0.052591 0.016969 -1.354808 103.805000
73.409721 60.917572 1.000000 0.091005 0.018629 -1.466186 103.910004
73.447754 60.692219 1.000000 0.102654 0.025779 -1.574548 104.025002
73.472191 60.466202 1.000000 0.132731 -0.018983 -1.699624 104.139999
73.481102 60.258076 1.000000 0.138093 -0.115476 -1.807734 104.250000
73.473709 60.051941 1.000000 0.200362 -0.046584 -1.991350 104.370003
73.433540 59.828163 1.000000 0.196572 0.022220 -2.165641 104.514999
73.363991 59.639118 1.000000 0.141593 0.045930 -2.278182 104.650002
73.270538 59.461998 1.000000 0.097307 0.038740 -2.314352 104.785004
73.155716 59.287029 1.000000 0.087209 0.030606 -2.372564 104.925003
73.030922 59.126896 1.000000 0.075321 0.024023 -2.424418 105.059998
72.895035 58.975060 1.000000 0.065249 0.020965 -2.478274 105.195000
72.749680 58.831692 1.000000 0.053123 0.018698 -2.533360 105.330002
72.597366 58.694946 1.000000 0.023966 0.016025 -2.510986 105.459999
72.441345 58.561157 1.000000 0.023562 0.011815 -2.499201 105.595001
72.283142 58.432331 1.000000 0.093928 0.126316 -2.557777 105.724998
72.114105 58.312477 1.000000 0.112606 -0.027428 -2.747509 105.849998
71.922020 58.196716 1.000000 0.097550 -0.013377 -2.877790 105.989998
71.736481 58.101536 1.000000 0.065743 0.009320 -2.940368 106.125000
71.548721 58.018543 1.000000 0.075175 0.020915 -2.994482 106.260002
71.357117 57.948734 1.000000 0.085122 0.026243 -3.051801 106.394997
71.161385 57.893864 1.000000 0.090049 0.028073 -3.114138 106.529999
70.954750 57.852459 1.000000 0.076731 0.026405 3.136134 106.669998
70.722862 57.822224 1.000000 0.028150 0.019886 3.130323 106.824997
70.519325 57.803921 1.000000 0.028782 0.016774 3.116294 106.959999
70.319366 57.791420 1.000000 0.013044 0.165559 3.128297 107.089996
70.079735 57.781029 1.000000 0.015868 0.133750 3.138171 107.230003
69.875313 57.775028 1.000000 0.014302 0.085353 -3.139018 107.339996
69.672874 57.770851 1.000000 0.009273 0.054653 -3.134478 107.445000
69.466721 57.767551 1.000000 0.002604 0.037536 -3.130855 107.550003
69.258675 57.764450 1.000000 -0.003065 0.028853 -3.127941 107.654999
69.049706 57.760975 1.000000 -0.006148 0.023862 -3.125593 107.760002
68.840355 57.756805 1.000000 -0.007088 0.022358 -3.123705 107.864998
68.610847 57.751331 1.000000 -0.005717 0.021393 -3.122068 107.980003
68.391151 57.745365 1.000000 -0.003210 0.020605 -3.120833 108.089996
68.181480 57.740688 1.000000 0.026680 0.020100 3.116108 108.195000
67.971870 57.738819 1.000000 0.005650 0.021824 3.119210 108.300003
67.722137 57.737648 1.000000 0.007252 0.021042 3.122079 108.425003
67.512253 57.737560 1.000000 0.009374 0.021216 3.123986 108.529999
67.302368 57.738518 1.000000 0.009214 0.020651 3.125512 108.635002
67.092484 57.740482 1.000000 0.006937 0.020705 3.126744 108.739998
66.882599 57.743195 1.000000 0.003578 0.019999 3.127720 108.845001
66.672714 57.746284 1.000000 0.000288 0.020051 3.128510 108.949997
66.462830 57.749428 1.000000 -0.002231 0.020381 3.129148 109.055000
66.252945 57.752342 1.000000 -0.003606 0.020560 3.129658 109.160004
66.043060 57.754902 1.000000 -0.003776 0.020844 3.130071 109.264999
65.833176 57.757080 1.000000 -0.003025 0.020697 3.130398 109.370003
65.603302 57.759132 1.000000 -0.001782 0.020085 3.130685 109.485001
65.393417 57.760834 1.000000 -0.000553 0.020285 3.130894 109.589996
65.183533 57.762516 1.000000 0.000405 0.020332 3.131063 109.695000
64.953659 57.764412 1.000000 0.001002 0.020406 3.131211 109.809998
64.723785 57.766472 1.000000 0.001089 0.020879 3.131328 109.925003
64.503799 57.768597 1.000000 0.000823 0.020628 3.131415 110.035004
64.303757 57.770630 1.000000 0.000430 0.020429 3.131478 110.135002
64.103714 57.772717 1.000000 0.000013 0.020526 3.131530 110.235001
63.903709 57.774853 1.000000 -0.000396 0.020236 3.131570 110.334999
63.693745 57.777035 1.000000 -0.000647 0.020424 3.131606 110.440002
63.483868 57.780533 1.000000 0.024621 0.019687 3.084580 110.544998
63.274212 57.786732 1.000000 0.004043 0.021106 3.086876 110.650002
63.064510 57.793621 1.000000 0.004744 0.021448 3.088732 110.754997
62.834747 57.801918 1.000000 0.006841 0.020685 3.090347 110.870003
62.625023 57.810368 1.000000 0.006928 0.020297 3.091525 110.974998
62.415356 57.819660 1.000000 0.005294 0.020131 3.092473 111.080002
62.205769 57.829613 1.000000 0.002534 0.020272 3.093233 111.184998
61.996204 57.839939 1.000000 -0.000281 0.020489 3.093843 111.290001
61.786640 57.850334 1.000000 -0.002508 0.019880 3.094332 111.394997
61.557117 57.861515 1.000000 -0.003757 0.020564 3.094760 111.510002
61.327549 57.872334 1.000000 -0.003845 0.020689 3.095096 111.625000
61.117905 57.881889 1.000000 -0.003184 0.020407 3.095340 111.730003
60.908260 57.891201 1.000000 -0.002298 0.019692 3.095536 111.834999
60.698616 57.900372 1.000000 -0.001185 0.020206 3.095693 111.940002
60.488972 57.909504 1.000000 -0.000351 0.019766 3.095820 112.044998
60.279350 57.918724 1.000000 0.000205 0.020581 3.095921 112.150002
60.069706 57.928059 1.000000 0.000290 0.019980 3.096002 112.254997
59.860062 57.937515 1.000000 0.000047 0.020360 3.096068 112.360001
59.650417 57.947075 1.000000 -0.000320 0.020221 3.096121 112.464996
59.420807 57.957603 1.000000 -0.000801 0.020142 3.096165 112.580002
59.211227 57.967216 1.000000 -0.001093 0.020273 3.096199 112.684998
59.001663 57.976830 1.000000 -0.001273 0.020418 3.096226 112.790001
58.792099 57.986378 1.000000 -0.001357 0.020035 3.096249 112.894997
58.572544 57.996357 1.000000 -0.001231 0.020826 3.096267 113.004997
58.332951 58.007160 1.000000 -0.001047 0.020655 3.096283 113.125000
58.123302 58.016613 1.000000 -0.000895 0.020724 3.096293 113.230003
57.913578 58.026066 1.000000 -0.000780 0.020708 3.096302 113.334999
57.703854 58.035519 1.000000 -0.000762 0.019670 3.096307 113.440002
57.494156 58.044971 1.000000 -0.000687 0.020405 3.096312 113.544998
57.284454 58.054478 1.000000 -0.000704 0.020736 3.096317 113.650002
57.074734 58.064011 1.000000 -0.000854 0.019654 3.096322 113.754997
56.865089 58.073544 1.000000 -0.000894 0.020698 3.096324 113.860001
56.655445 58.083076 1.000000 -0.001011 0.020020 3.096324 113.964996
56.425835 58.093491 1.000000 -0.001038 0.020144 3.096324 114.080002
56.216190 58.102943 1.000000 -0.000944 0.020215 3.096324 114.184998
55.996647 58.112846 1.000000 -0.000825 0.020273 3.096324 114.294998
55.787075 58.122299 1.000000 -0.000737 0.020709 3.096324 114.400002
55.557465 58.132687 1.000000 -0.000739 0.020102 3.096324 114.514999
55.317913 58.143581 1.000000 -0.000810 0.021127 3.096324 114.635002
55.108227 58.153114 1.000000 -0.000923 0.020788 3.096324 114.739998
54.898502 58.162647 1.000000 -0.001013 0.019705 3.096324 114.845001
54.688805 58.172169 1.000000 -0.000993 0.020677 3.096324 114.949997
54.479080 58.181622 1.000000 -0.000951 0.020621 3.096324 115.055000
54.269356 58.191074 1.000000 -0.000835 0.020413 3.096324 115.160004
54.059631 58.200527 1.000000 -0.000744 0.020608 3.096324 115.264999
53.829933 58.210968 1.000000 -0.000801 0.020248 3.096324 115.379997
53.620228 58.220501 1.000000 -0.000895 0.020085 3.096324 115.485001
53.410583 58.230034 1.000000 -0.000962 0.020260 3.096324 115.589996
53.200939 58.239517 1.000000 -0.000985 0.020595 3.096324 115.695000
52.991295 58.248970 1.000000 -0.000908 0.020028 3.096324 115.800003
52.781651 58.258423 1.000000 -0.000788 0.020321 3.096324 115.904999
52.532074 58.269722 1.000000 -0.000729 0.020691 3.096324 116.029999
52.322365 58.279255 1.000000 -0.000867 0.019826 3.096324 116.135002
52.112720 58.288788 1.000000 -0.000967 0.019782 3.096324 116.239998
51.903076 58.298321 1.000000 -0.001016 0.019852 3.096324 116.345001
51.693432 58.307766 1.000000 -0.020469 0.019115 3.108076 116.449997
51.483860 58.315968 1.000000 -0.014136 0.020313 3.117279 116.555000
51.274216 58.322536 1.000000 -0.016883 0.020539 3.120095 116.660004
51.064514 58.327339 1.000000 -0.017688 0.021262 3.122369 116.764999
50.844719 58.330410 1.000000 -0.014558 0.020905 3.124278 116.875000
50.634834 58.331779 1.000000 -0.009013 0.020627 3.125734 116.980003
50.424950 58.332211 1.000000 -0.003224 0.020288 3.126910 117.084999
50.215065 58.332317 1.000000 0.001982 0.020385 3.127851 117.190002
50.005180 58.332664 1.000000 0.005300 0.020297 3.128608 117.294998
49.795296 58.333607 1.000000 0.006400 0.020831 3.129212 117.400002
49.545433 58.335640 1.000000 0.005429 0.020228 3.129779 117.525002
49.335548 58.338005 1.000000 0.003146 0.021006 3.130155 117.629997
49.125713 58.339478 1.000000 -0.031402 0.020222 -3.101011 117.735001
48.915989 58.337952 1.000000 -0.003503 0.021310 -3.103899 117.839996
48.706200 58.335770 1.000000 -0.004046 0.020556 -3.106310 117.945000
48.496380 58.333000 1.000000 -0.007977 0.021380 -3.108229 118.050003
48.286495 58.329300 1.000000 -0.009206 0.020968 -3.109788 118.154999
48.076611 58.324562 1.000000 -0.007871 0.020424 -3.111026 118.260002
47.866726 58.318924 1.000000 -0.004996 0.020725 -3.112030 118.364998
47.656841 58.312710 1.000000 -0.001404 0.021072 -3.112834 118.470001
47.446907 58.306301 1.000000 0.001457 0.020360 -3.113476 118.574997
47.246971 58.300266 1.000000 0.003250 0.020313 -3.113971 118.675003
47.037086 58.294212 1.000000 0.004028 0.020104 -3.114393 118.779999
46.827202 58.288528 1.000000 0.003818 0.020040 -3.114730 118.885002
46.597382 58.282707 1.000000 0.002790 0.019869 -3.115022 119.000000
46.347683 58.278534 1.000000 0.016159 0.019968 3.130326 119.125000
46.138031 58.277405 1.000000 0.006992 0.021030 3.130593 119.230003
45.928307 58.277145 1.000000 0.008254 0.020672 3.130805 119.334999
45.718632 58.279236 1.000000 0.083417 0.020692 3.052227 119.440002
45.509335 58.287174 1.000000 -0.006870 0.020628 3.061109 119.544998
45.299969 58.294907 1.000000 -0.024953 0.020122 3.072673 119.650002
45.090439 58.300259 1.000000 -0.022398 0.020139 3.081951 119.754997
44.880768 58.303417 1.000000 -0.014275 0.020014 3.089431 119.861000
44.671040 58.305233 1.000000 -0.004200 0.020784 3.095429 119.964996
44.461235 58.306717 1.000000 0.003564 0.020811 3.100261 120.070000
44.251431 58.308681 1.000000 0.008339 0.020773 3.104099 120.175003
44.041626 58.311615 1.000000 0.009452 0.020862 3.107192 120.279999
43.831821 58.315628 1.000000 0.007907 0.020679 3.109693 120.385002
43.622135 58.322006 1.000000 0.034540 0.020554 3.060441 120.489998
43.412895 58.333858 1.000000 0.029598 0.021611 3.013998 120.595001
43.203957 58.349281 1.000000 -0.000707 0.021809 3.023522 120.699997
42.984943 58.365837 1.000000 0.001376 0.021180 3.028808 120.809998
42.765854 58.382858 1.000000 0.007033 0.020991 3.032985 120.919998
42.556747 58.400093 1.000000 0.009242 0.020991 3.036175 121.025002
42.357998 58.419769 1.034433 0.062191 0.019987 2.959588 121.125000
42.160191 58.445141 1.069855 0.064380 0.022855 2.934650 121.224998
41.963535 58.477085 1.104272 0.101822 0.024549 2.844855 121.324997
41.769291 58.518951 1.137683 0.064095 0.026966 2.784856 121.425003
41.576828 58.568237 1.170230 0.086161 0.029694 2.740022 121.525002
41.386753 58.625977 1.202642 0.103332 0.030966 2.665340 121.625000
41.199558 58.692337 1.234660 0.019230 0.027012 2.670039 121.724998
41.013950 58.764050 1.266057 0.094275 0.029821 2.596560 121.824997
40.822414 58.847317 1.274283 -0.045696 0.018094 2.696624 121.930000
40.632042 58.928688 1.257326 -0.048389 -0.128809 2.717761 122.035004
40.444248 59.003277 1.285506 -0.094921 -0.120645 2.943475 122.144997
40.230675 59.074913 1.324003 -0.129382 -0.041875 -3.137297 122.279999
40.034382 59.121906 1.336789 -0.130475 0.012364 -2.999058 122.410004
39.833584 59.148174 1.334480 -0.142453 0.037589 -2.903985 122.544998
39.629200 59.149990 1.333748 -0.083176 -0.136274 -2.941131 122.684998
39.424767 59.137321 1.333748 -0.009896 -0.229600 -3.119152 122.855003
39.225605 59.115498 1.333748 0.037560 -0.120347 2.881294 123.125000
39.029621 59.074951 1.333748 0.017023 -0.003064 1.975481 123.989998
39.029198 59.291847 1.333748 0.038810 0.320736 1.413921 124.934998
39.063576 59.501072 1.333748 -0.031850 0.236337 1.378049 125.084999
39.099865 59.732780 1.333748 -0.051589 0.121042 1.355690 125.220001
39.127518 59.937344 1.333748 -0.044672 0.071712 1.364655 125.330002
39.151051 60.139420 1.333748 -0.011107 0.048227 1.371481 125.434998
39.175781 60.354549 1.333748 0.018341 0.035894 1.377142 125.544998
39.202068 60.561237 1.333748 0.032897 0.029290 1.381544 125.650002
39.232353 60.768223 1.333748 0.035413 0.025280 1.385018 125.754997
39.266739 60.975033 1.333748 0.029445 0.022089 1.387850 125.860001
39.310020 61.211021 1.333748 0.014371 0.019970 1.390391 125.980003
39.350006 61.417217 1.333748 0.046485 0.018514 1.359078 126.084999
39.393604 61.622581 1.333748 0.006459 0.019288 1.337091 126.190002
39.438698 61.827629 1.333748 -0.000390 0.020744 1.337873 126.294998
39.482029 62.022942 1.333748 0.002079 0.020360 1.338348 126.394997
39.525921 62.218235 1.333748 0.004280 0.020173 1.338724 126.495003
39.571079 62.413280 1.333748 0.071405 0.017929 1.280306 126.595001
39.623589 62.616577 1.333748 0.015548 0.020517 1.271753 126.699997
39.680672 62.818550 1.333748 0.026670 0.020954 1.223788 126.805000
39.752178 63.047478 1.333748 0.033993 0.021616 1.184105 126.925003
39.819920 63.246105 1.333748 0.028668 0.020865 1.127686 127.029999
39.891262 63.443523 1.333748 -0.007237 0.019686 1.144122 127.135002
39.959457 63.631702 1.333748 0.001341 0.019676 1.153057 127.235001
40.028427 63.819790 1.333748 0.012958 0.019495 1.162695 127.334999
40.099064 64.007370 1.333748 0.018352 0.019009 1.167306 127.434998
40.171791 64.194214 1.333748 0.017857 0.018449 1.172565 127.535004
40.247791 64.379677 1.333748 0.094694 0.017118 1.090242 127.635002
40.336498 64.569824 1.333748 0.105539 0.021703 0.992270 127.739998
40.435612 64.753990 1.333748 0.102409 0.025830 0.901633 127.845001
40.544712 64.931793 1.333748 0.105172 0.030289 0.819416 127.949997
40.663265 65.103149 1.333748 0.050530 0.031142 0.792529 128.054993
40.789394 65.269463 1.333748 0.064952 0.031056 0.759003 128.160004
40.922382 65.431198 1.333748 0.068283 0.028669 0.767488 128.264999
41.075397 65.603172 1.333748 0.072574 0.021730 0.775249 128.380005
41.235596 65.769096 1.333748 0.042174 -0.021966 0.757879 128.494995
41.380322 65.912582 1.333748 0.028119 -0.231966 0.647923 128.600006
41.526337 66.058006 1.333748 0.061713 -0.315919 0.517024 128.725006
41.666344 66.203720 1.333748 0.086653 -0.209267 0.339000 128.895004
41.799881 66.354759 1.333748 0.079179 -0.085799 0.040549 129.179993
41.994617 66.401047 1.333748 0.018524 0.318003 -1.023051 130.494995
42.099815 66.221489 1.333748 0.019667 0.294831 -1.043958 130.669998
42.198891 66.045624 1.333748 0.023333 0.180195 -1.054985 130.794998
42.299122 65.862160 1.333748 0.024219 0.098665 -1.062845 130.910004
42.402466 65.667587 1.333748 0.021405 0.057062 -1.069052 131.024994
42.497437 65.484703 1.333748 0.016252 0.037315 -1.073553 131.130005
42.592396 65.299149 1.333748 0.010110 0.027382 -1.077181 131.235001
42.687408 65.112228 1.333748 0.004149 0.021857 -1.080075 131.339996
42.778168 64.933701 1.333748 0.000278 0.019459 -1.082302 131.440002
42.873737 64.746017 1.333748 0.052530 0.016330 -1.124779 131.544998
42.961048 64.565582 1.333748 0.026835 0.016937 -1.180276 131.645004
43.045765 64.384048 1.333748 0.002161 0.018057 -1.176950 131.744995
43.130356 64.202293 1.333748 0.009416 0.017858 -1.172511 131.845001
43.214344 64.020187 1.333748 0.017708 0.018070 -1.169984 131.945007
43.297081 63.837425 1.333748 0.021438 0.017875 -1.168587 132.044998
43.378296 63.653912 1.333748 0.010825 0.016623 -1.160650 132.145004
43.460537 63.471039 1.333748 -0.069786 0.015045 -1.055312 132.244995
43.553566 63.282948 1.333748 -0.084657 0.019406 -0.959121 132.350006
43.654995 63.100189 1.333748 -0.098657 0.025791 -0.870483 132.455002
43.765343 62.923786 1.333748 -0.138656 -0.051298 -0.752350 132.559998
43.902962 62.735771 1.333748 -0.160096 -0.095188 -0.593084 132.684998
44.053711 62.566345 1.333748 -0.148841 -0.031191 -0.528431 132.820007
44.205784 62.428989 1.333748 -0.136263 0.004818 -0.467262 132.949997
44.373676 62.307915 1.333748 -0.110942 0.017026 -0.408664 133.085007
44.550571 62.204170 1.333748 -0.048657 0.017035 -0.382833 133.220001
44.732304 62.108837 1.333748 -0.022355 0.014305 -0.400707 133.354996
44.916332 62.016972 1.324655 -0.055325 0.011844 -0.375344 133.490005
45.103252 61.930481 1.324685 -0.040132 -0.229056 -0.231466 133.630005
45.295753 61.840519 1.324685 -0.068033 -0.197327 -0.032499 133.820007
45.473045 61.747673 1.324685 -0.067135 -0.076721 0.297368 134.134995
45.340946 61.900536 1.324685 -0.017586 0.273961 2.426617 136.645004
45.188980 62.030624 1.324685 -0.023355 0.161933 2.436516 136.764999
45.018654 62.172211 1.324685 -0.025161 0.086312 2.444229 136.884995
44.861004 62.299751 1.324685 -0.022127 0.052131 2.451854 136.990005
44.698742 62.428268 1.324685 -0.016501 0.033529 2.457369 137.095001
44.533882 62.556957 1.324685 -0.009087 0.024157 2.460134 137.199997
44.375687 62.679638 1.324685 -0.001746 0.020390 2.462243 137.300003
44.217098 62.802670 1.324685 0.002908 0.017997 2.464683 137.399994
44.058586 62.926250 1.324685 0.005269 0.016754 2.466625 137.500000
43.900379 63.050457 1.324685 0.005475 0.014901 2.467991 137.600006
43.742580 63.175232 1.324685 0.004104 0.015545 2.468893 137.699997
43.585091 63.300465 1.324685 0.001819 0.015478 2.469379 137.800003
43.427761 63.425983 1.324685 -0.000601 0.015496 2.469769 137.899994
43.270443 63.551601 1.324685 -0.002501 0.015153 2.470087 138.000000
43.113071 63.677151 1.324685 -0.003670 0.014948 2.470347 138.100006
42.916191 63.833839 1.324685 -0.004222 0.014692 2.470706 138.225006
42.758533 63.958965 1.324685 -0.003841 0.015185 2.470905 138.324997
42.600727 64.083954 1.324685 -0.003177 0.014890 2.470984 138.425003
42.442841 64.208794 1.324685 -0.002191 0.015146 2.471030 138.529007
42.253326 64.358574 1.324685 -0.001082 0.015473 2.471104 138.645004
42.095409 64.483475 1.324685 -0.000847 0.014430 2.471151 138.744995
41.937557 64.608444 1.324685 -0.001020 0.014325 2.471182 138.845001
41.779781 64.733414 1.324685 -0.000936 0.015069 2.471192 138.945007
41.622032 64.858482 1.324685 -0.001163 0.014465 2.471153 139.044998
41.464333 64.983604 1.324685 -0.001562 0.014238 2.471148 139.145004
41.306683 65.108727 1.324685 -0.001690 0.014600 2.471161 139.244995
41.149059 65.233757 1.324685 -0.001720 0.015351 2.471198 139.345001
40.991367 65.358879 1.324685 -0.001774 0.015845 2.471227 139.445007
40.833622 65.484001 1.324685 -0.002132 0.014510 2.471250 139.544998
40.675846 65.609016 1.324685 -0.001915 0.014714 2.471268 139.645004
40.518280 65.734238 1.324685 0.056854 0.013689 2.426355 139.744995
40.364292 65.863335 1.324685 0.088093 0.015433 2.327863 139.845001
40.216530 65.998528 1.324685 0.091498 0.019862 2.240415 139.945007
40.068768 66.147049 1.324685 0.095293 0.024500 2.158657 140.050003
39.929390 66.302559 1.324685 0.110224 0.029770 2.077671 140.154999
39.799572 66.465393 1.324685 0.066167 0.033841 2.045227 140.259995
39.675949 66.633698 1.324685 0.053820 0.031730 2.059573 140.365005
39.557346 66.806610 1.324685 0.104429 0.028150 2.027545 140.470001
39.447044 66.983894 1.324685 0.054637 -0.103655 1.963868 140.574997
39.343403 67.157745 1.324685 0.070650 -0.301479 1.848676 140.684998
39.234497 67.337234 1.324685 0.095744 -0.265360 1.696831 140.830002
39.122108 67.509819 1.324685 0.098967 -0.144561 1.471682 141.044998
39.001568 67.672440 1.324685 0.058408 -0.026498 1.016147 141.479996
39.165421 67.550613 1.324685 0.020810 0.303945 -0.762297 143.664993
39.317593 67.412285 1.324685 0.004615 0.183454 -0.833434 143.794998
39.484463 67.260468 1.324685 -0.063116 0.095757 -0.818835 143.919998
39.636410 67.129585 1.324685 -0.025353 0.060295 -0.806671 144.024994
39.793533 66.996620 1.324685 0.014286 0.040536 -0.798564 144.130005
39.951279 66.860252 1.324685 0.044667 0.030285 -0.793908 144.235001
40.106663 66.719193 1.324685 0.054574 0.022831 -0.790488 144.339996
40.251377 66.580406 1.324685 0.049746 0.018847 -0.788691 144.440002
40.393051 66.437988 1.324685 0.035211 0.016964 -0.787376 144.539993
40.539524 66.285835 1.324685 0.016346 0.015342 -0.786502 144.645004
40.678028 66.139809 1.324685 0.001261 0.015285 -0.785955 144.744995
40.816612 65.993782 1.324685 -0.011211 0.014668 -0.785557 144.845001
40.956036 65.848572 1.324685 -0.017405 0.014621 -0.785334 144.945007
41.096668 65.704582 1.324685 -0.018060 0.014912 -0.785146 145.044998
41.238552 65.561821 1.324685 -0.015038 0.014707 -0.785046 145.145004
41.381454 65.420044 1.324685 -0.009522 0.014913 -0.784986 145.244995
41.524982 65.278877 1.324685 -0.003172 0.015155 -0.784933 145.345001
41.668720 65.137871 1.324685 0.001863 0.015341 -0.784994 145.445007
41.812359 64.996643 1.324685 0.005150 0.014736 -0.785078 145.544998
41.955635 64.855049 1.324685 0.006233 0.014024 -0.785085 145.645004
42.098457 64.713036 1.324685 0.006091 0.013739 -0.785222 145.744995
42.240845 64.570663 1.324685 0.004441 0.014528 -0.785238 145.845001
42.382957 64.428024 1.324685 0.001871 0.015459 -0.785023 145.945007
42.524998 64.285202 1.324685 0.000183 0.014537 -0.784963 146.044998
42.666859 64.142220 1.324685 0.053288 0.013522 -0.825183 146.145004
42.806480 63.997272 1.324685 0.005913 0.014194 -0.833167 146.244995
42.945419 63.851727 1.324685 -0.000838 0.014812 -0.830741 146.345001
43.084389 63.706173 1.324685 0.002676 0.015570 -0.828767 146.445007
43.223186 63.560387 1.324685 0.006239 0.014937 -0.827166 146.544998
43.361568 63.414181 1.324685 0.007879 0.015183 -0.825858 146.645004
43.499443 63.267448 1.324685 -0.011736 0.013974 -0.812877 146.744995
43.639019 63.122650 1.324685 -0.090655 0.012818 -0.702324 146.845001
43.784130 62.984577 1.324685 -0.103650 0.018439 -0.606916 146.945007
43.943264 62.848518 1.324685 -0.114707 0.025875 -0.514715 147.050003
44.109634 62.722679 1.324685 -0.123152 0.032175 -0.433419 147.154999
44.282509 62.606182 1.324685 -0.057270 0.031942 -0.443746 147.259995
44.459827 62.494934 1.324685 -0.063440 0.027483 -0.452855 147.365005
44.641197 62.389122 1.324685 -0.066716 0.022881 -0.459611 147.470001
44.844028 62.279816 1.324685 -0.055045 0.019229 -0.464864 147.585007
45.022514 62.188343 1.324685 -0.001725 0.016112 -0.520885 147.684998
45.201069 62.097004 1.324685 -0.013610 0.016688 -0.518342 147.785004
45.380005 62.006271 1.324685 0.003425 0.017377 -0.516625 147.884995
45.558655 61.914818 1.324685 0.018617 0.017968 -0.515715 147.985001
45.736332 61.821362 1.324685 0.026065 0.017352 -0.515360 148.085007
45.918262 61.720226 1.324685 0.102487 -0.121696 -0.717508 148.190002
46.112656 61.599998 1.324685 0.082792 -0.100889 -0.703902 148.315002
46.278912 61.485405 1.324685 0.072518 -0.053430 -0.696751 148.434998
46.444572 61.361752 1.324685 -0.001381 -0.170524 -0.680149 148.565002
46.614468 61.236435 1.324685 0.034937 -0.248867 -0.847700 148.725006
46.779663 61.122375 1.324685 0.061468 -0.138713 -1.093792 148.960007
46.951900 61.020264 1.324685 0.038076 -0.019023 -1.669755 149.509995
46.755405 60.967339 1.324685 -0.015078 0.197580 3.130593 151.044998
46.525074 60.948521 1.324685 0.036994 0.083618 3.013744 151.220001
46.324150 60.943073 1.324685 0.029970 0.049557 2.967288 151.360001
46.087124 60.947170 1.324685 0.042627 0.031745 2.978426 151.520004
45.881199 60.960011 1.324685 0.046480 0.178213 2.985387 151.654999
45.652245 60.985241 1.324685 0.041020 0.137725 2.990597 151.789993
45.412643 61.019764 1.324685 0.023557 0.077031 2.994405 151.919998
45.173340 61.058277 1.324685 0.004477 0.047073 2.997233 152.044998
44.969009 61.091854 1.324685 -0.010741 0.033014 2.999073 152.149994
44.763062 61.124687 1.324685 -0.019505 0.026525 3.000553 152.255005
44.556107 61.155804 1.324685 -0.021714 0.023122 3.001750 152.360001
44.348488 61.184959 1.324685 -0.018343 0.021853 3.002704 152.464996
44.120613 61.215023 1.324685 -0.011855 0.020734 3.003535 152.580002
43.902401 61.242661 1.324685 -0.004860 0.020274 3.004169 152.690002
43.703949 61.267544 1.324685 0.000551 0.020657 3.004631 152.789993
43.505482 61.292709 1.324685 0.003763 0.020422 3.005002 152.889999
43.307049 61.318466 1.324685 0.004781 0.020379 3.005304 152.990005
43.108681 61.344742 1.324685 -0.045499 0.018543 3.042436 153.089996
42.900249 61.369774 1.324685 -0.059444 0.019270 3.092387 153.195007
42.691662 61.388641 1.324685 -0.092084 0.022631 -3.093586 153.300003
42.463284 61.400070 1.324685 -0.090703 0.025380 -3.030272 153.414993
42.255032 61.402107 1.324685 -0.043415 -0.010944 -2.998629 153.520004
42.035591 61.399166 1.324685 -0.067378 -0.240945 -2.878203 153.634995
41.829590 61.395664 1.324685 -0.094599 -0.296809 -2.742069 153.764999
41.628811 61.396751 1.324685 -0.104581 -0.184778 -2.553577 153.945007
41.427433 61.407215 1.324685 -0.079426 -0.061211 -2.218478 154.264999
41.635178 61.324596 1.324685 0.011537 0.105359 -0.125069 156.625000
41.845695 61.268169 1.324685 0.028379 0.038455 -0.035026 156.779999
42.049568 61.210922 1.324685 -0.019309 0.031306 0.015402 156.925003
42.250553 61.159870 1.324685 -0.071934 0.037056 0.072430 157.065002
42.448074 61.124062 1.324685 -0.102454 0.040266 0.131087 157.199997
42.648506 61.105686 1.324685 -0.088802 0.036048 0.158160 157.335007
42.880993 61.103973 1.324685 -0.061820 0.025778 0.140626 157.490005
43.084541 61.115032 1.324685 -0.048909 0.018098 0.129262 157.625000
43.290871 61.135380 1.324685 -0.031526 0.164173 0.120717 157.759995
43.510147 61.162861 1.324685 -0.007415 0.137670 0.114469 157.889999
43.749123 61.194149 1.324685 0.012521 0.080558 0.109700 158.020004
43.959930 61.220276 1.324685 0.022396 0.051246 0.106546 158.130005
44.165020 61.243389 1.324685 0.025012 0.035783 0.104137 158.235001
44.372135 61.264267 1.324685 0.021493 0.028437 0.102196 158.339996
44.580364 61.283226 1.324685 0.014119 0.023546 0.100679 158.445007
44.788456 61.300980 1.324685 0.002550 -0.086772 0.042462 158.550003
44.992222 61.318485 1.324685 0.032778 -0.296540 -0.072730 158.660004
45.192684 61.337955 1.324685 0.068693 -0.283993 -0.214102 158.794998
45.393917 61.363655 1.324685 0.086006 -0.167765 -0.423542 158.994995
45.593533 61.401073 1.324685 0.062153 -0.042780 -0.831948 159.384995
45.393143 61.405052 1.324685 0.015880 0.300113 -3.085879 161.994995
45.167870 61.387253 1.324685 -0.000716 0.167931 3.114023 162.134995
44.959309 61.373451 1.324685 0.013344 0.093270 3.036291 162.250000
44.750668 61.362900 1.324685 -0.012111 0.059528 3.002397 162.360001
44.546936 61.353470 1.324685 0.002622 0.046185 3.016280 162.464996
44.340385 61.345455 1.324685 0.045737 0.040208 3.027428 162.570007
44.112381 61.342995 1.324685 0.071004 0.033106 3.037126 162.684998
43.903553 61.348949 1.324685 0.069439 0.027535 3.044180 162.789993
43.694679 61.362549 1.324685 0.054134 0.022768 3.049836 162.895004
43.486008 61.381931 1.324685 0.026591 0.021906 3.054370 163.000000
43.247612 61.407608 1.324685 -0.000946 0.020753 3.058492 163.119995
43.029026 61.430111 1.324685 -0.096783 0.018327 -3.141330 163.229996
42.800732 61.442184 1.324685 -0.076346 0.025840 -3.060991 163.345001
42.592342 61.443821 1.324685 -0.043846 0.028535 -3.065261 163.449997
42.384171 61.440464 1.324685 -0.032804 -0.082953 -3.009197 163.554993
42.155033 61.433750 1.324685 -0.058859 -0.305836 -2.878299 163.679993
41.942932 61.429455 1.324685 -0.087631 -0.262491 -2.721222 163.830002
41.740517 61.432072 1.324685 -0.092685 -0.139062 -2.490842 164.050003
41.540539 61.447880 1.324685 -0.051336 -0.020775 -1.998666 164.520004
41.725254 61.368320 1.324685 -0.010368 0.171167 -0.235173 166.585007
41.918270 61.308952 1.324685 -0.003205 0.068208 -0.088191 166.735001
42.124737 61.246601 1.324685 0.018053 0.029601 -0.039424 166.884995
42.321785 61.185776 1.324685 -0.037932 0.031864 0.007757 167.024994
42.515591 61.134171 1.324685 -0.087121 0.038642 0.063220 167.160004
42.735394 61.095673 1.324685 -0.113129 0.040936 0.132198 167.309998
42.936131 61.081818 1.324685 -0.103437 0.036196 0.170722 167.445007
43.138432 61.084602 1.324685 -0.045871 0.025320 0.156172 167.580002
43.371964 61.099041 1.324685 -0.032336 0.017133 0.138693 167.735001
43.572792 61.117950 1.324685 -0.017239 0.170474 0.127807 167.865005
43.777966 61.140835 1.324685 -0.004818 0.133854 0.120105 167.985001
43.980553 61.164433 1.324685 0.006763 0.084482 0.114556 168.095001
44.181404 61.187302 1.324685 0.013960 0.053183 0.110361 168.199997
44.386150 61.209309 1.324685 0.016828 0.037006 0.106945 168.304993
44.622643 61.232800 1.324685 0.015007 0.028125 0.103874 168.425003
44.839264 61.253048 1.324685 -0.002939 -0.113972 0.087361 168.535004
45.038704 61.272350 1.324685 0.017172 -0.314848 -0.027830 168.645004
45.238174 61.294876 1.324685 0.058601 -0.275771 -0.174438 168.785004
45.440186 61.324825 1.324685 0.078640 -0.152602 -0.399586 169.000000
45.636303 61.367092 1.324685 0.053437 -0.032328 -0.860352 169.440002
45.436337 61.400646 1.324685 -0.014201 0.316983 3.104504 172.044998
45.226673 61.398453 1.324685 -0.020354 0.196842 3.104021 172.179993
45.020874 61.394821 1.324685 0.007541 0.111794 3.103750 172.294998
44.812176 61.392696 1.324685 0.025827 0.068157 3.103543 172.404999
44.607529 61.393761 1.324685 0.034171 0.045044 3.103387 172.509995
44.380447 61.399265 1.324685 0.031450 0.031305 3.103251 172.625000
44.161957 61.408367 1.324685 0.020430 0.025550 3.103148 172.735001
43.952885 61.419384 1.324685 0.009363 0.022435 3.103069 172.839996
43.743599 61.431416 1.324685 -0.001874 0.021460 3.103006 172.945007
43.534180 61.443275 1.324685 -0.010333 0.021124 3.102956 173.050003
43.324615 61.454109 1.324685 -0.013801 0.020917 3.102917 173.154999
43.114914 61.463570 1.324685 -0.013367 0.020337 3.102884 173.259995
42.905136 61.471718 1.324685 -0.019430 0.020198 3.108271 173.365005
42.685452 61.475815 1.324685 -0.089901 0.020563 -3.065945 173.475006
42.468811 61.470753 1.324685 -0.051314 -0.148723 -2.952855 173.585007
42.266117 61.462677 1.324685 -0.070115 -0.314729 -2.832429 173.699997
42.064720 61.456760 1.324685 -0.092204 -0.249972 -2.675352 173.850006
41.859444 61.457775 1.324685 -0.091072 -0.118300 -2.424028 174.089996
41.659481 61.472950 1.324685 -0.039707 -0.011437 -2.026099 174.649994
41.469402 61.398800 1.324685 -0.067298 0.299846 -2.598322 175.434998
41.306957 61.277344 1.324685 0.000297 0.027002 -2.455832 175.604996
41.137741 61.150105 1.324685 -0.034322 -0.216597 -2.272575 175.779999
40.974545 61.034286 1.324685 -0.059864 -0.125952 -2.010779 176.029999
40.802101 60.931561 1.324685 -0.028267 -0.010442 -1.502885 176.695007
40.694221 60.757950 1.324685 -0.048590 0.280918 -2.069540 177.429993
40.614300 60.568478 1.324685 0.007080 0.021691 -1.954039 177.600006
40.530014 60.373535 1.324685 -0.031180 -0.217543 -1.770778 177.774994
40.439495 60.182041 1.324685 -0.058883 -0.120931 -1.488032 178.044998
40.337585 60.009502 1.324685 -0.023584 -0.004031 -0.707867 178.789993
40.507404 60.115261 1.302241 0.016707 0.232608 0.687917 180.205002
40.678001 60.230301 1.300313 -0.088060 0.086453 0.672666 180.360001
40.835400 60.358112 1.300109 -0.072628 0.028906 0.617924 180.500000
40.992874 60.505646 1.299938 -0.030045 0.010675 0.568665 180.645004
41.137516 60.647461 1.299812 0.045839 0.021330 0.495269 180.779999
41.299648 60.792641 1.287582 0.092572 0.032378 0.418732 180.925003
41.461452 60.914009 1.262307 0.108722 0.035385 0.351655 181.061005
41.634533 61.018909 1.247686 0.072261 0.104551 0.305937 181.195007
41.854141 61.122135 1.213373 0.081018 0.171070 0.251137 181.345001
42.048641 61.192650 1.198515 0.055004 0.113875 0.222502 181.460007
42.246857 61.254894 1.181822 0.090254 0.064936 0.182465 181.570007
42.452198 61.308529 1.181836 0.081270 0.006879 0.088591 181.679993
42.654343 61.352524 1.181836 0.068882 -0.213121 -0.026600 181.789993
42.888962 61.401936 1.181836 0.094880 -0.282009 -0.188916 181.945007
43.086300 61.449150 1.181836 0.102044 -0.167772 -0.393120 182.139999
43.283447 61.508663 1.181836 0.068040 -0.040153 -0.749166 182.520004
43.480515 61.460964 1.181836 0.031010 0.292430 -0.510758 183.050003
43.652920 61.355827 1.181836 -0.011948 0.133734 -0.362252 183.225006
43.831123 61.254612 1.181836 -0.037261 0.063760 -0.214705 183.375000
44.017044 61.162167 1.181836 -0.080795 0.008794 -0.109736 183.520004
44.209053 61.082043 1.181836 -0.050742 -0.233561 -0.272051 183.675003
44.398926 61.012074 1.181836 0.012253 -0.170242 -0.497199 183.889999
44.594200 60.953918 1.181836 0.035840 -0.048203 -0.973673 184.345001
44.385979 60.918648 1.181836 0.005988 0.160335 3.064827 186.625000
44.169559 60.911671 1.181836 0.031213 0.073473 2.974154 186.785004
43.952480 60.914013 1.181836 0.013870 0.042606 2.945722 186.934998
43.751846 60.921654 1.181836 0.030039 0.029052 2.958678 187.070007
43.540886 60.936237 1.181836 0.037456 0.132360 2.968743 187.210007
43.337128 60.958511 1.181836 0.038323 0.161767 2.975571 187.335007
43.131645 60.987465 1.181836 0.027879 0.104459 2.980451 187.449997
42.927780 61.019672 1.181836 0.000657 -0.093155 3.043826 187.559998
42.714897 61.054783 1.181836 -0.042171 -0.297857 -3.108462 187.684998
42.514374 61.091431 1.181836 -0.074964 -0.246384 -2.946148 187.839996
42.319023 61.134945 1.181836 -0.082258 -0.121080 -2.694825 188.080002
42.127598 61.193874 1.181836 -0.036006 -0.008012 -2.071751 188.675003
41.930515 61.143059 1.181836 -0.008459 0.156948 -2.577974 189.585007
41.753330 61.045101 1.181836 -0.036919 -0.164707 -2.352830 189.800003
41.574696 60.951710 1.181836 -0.050468 -0.070757 -1.981080 190.154999
41.769691 60.902035 1.181836 -0.000551 0.143944 0.144550 196.184998
41.976231 60.907433 1.181836 -0.006010 0.069434 0.150381 196.335007
42.188221 60.916695 1.181836 -0.035228 0.037079 0.149408 196.479996
42.419613 60.935528 1.181836 -0.042291 0.022042 0.148639 196.634995
42.625763 60.961033 1.181836 -0.038754 0.171884 0.148142 196.770004
42.828117 60.992550 1.181836 -0.023473 0.139970 0.147805 196.889999
43.065865 61.033318 1.181836 -0.003037 0.080720 0.147524 197.020004
43.265755 61.068134 1.181836 0.010687 0.051726 0.147348 197.125000
43.498623 61.107407 1.181836 0.018568 0.034635 0.147187 197.244995
43.704483 61.140251 1.181836 0.019969 0.026532 0.147076 197.350006
43.911366 61.171387 1.181836 0.016282 0.023697 0.146989 197.455002
44.118179 61.201138 1.181836 0.006187 -0.086945 0.089358 197.559998
44.320705 61.230267 1.181836 0.035606 -0.297624 -0.025834 197.669998
44.519600 61.261345 1.181836 0.071092 -0.286817 -0.167206 197.804993
44.729961 61.301392 1.181836 0.087897 -0.157959 -0.392353 198.020004
44.923969 61.350967 1.181836 0.060071 -0.037047 -0.816468 198.425003
44.732372 61.292416 1.181836 0.014044 0.148519 -2.936173 200.794998
44.535172 61.236603 1.181836 0.004589 0.057021 -3.085290 200.945007
44.340534 61.183384 1.181836 -0.001686 0.033182 -3.130586 201.085007
44.141106 61.131176 1.181836 0.052648 0.035141 3.093513 201.225006
43.944843 61.090725 1.181836 0.088801 0.038585 3.034389 201.360001
43.745476 61.066669 1.181836 0.077191 0.037813 2.998387 201.494995
43.543789 61.059296 1.181836 0.066219 0.031673 2.991497 201.630005
43.340618 61.064976 1.181836 0.053259 0.021534 3.003822 201.764999
43.137005 61.080502 1.181836 0.039208 0.015435 3.013113 201.899994
42.931629 61.103489 1.181836 0.023457 0.155982 3.020219 202.035004
42.732033 61.129616 1.181836 0.004392 0.154927 3.025060 202.154999
42.532585 61.152939 1.185188 -0.089891 0.096137 3.130972 202.264999
42.304428 61.166889 1.225839 -0.093236 0.061957 -3.048208 202.384995
42.100563 61.167618 1.260723 -0.093238 0.048055 -2.963160 202.490005
41.897953 61.158661 1.265524 -0.073581 -0.133118 -2.857564 202.595001
41.675652 61.143734 1.265524 -0.094228 -0.303892 -2.721430 202.725006
41.468544 61.132122 1.265524 -0.107456 -0.219405 -2.548645 202.889999
41.266754 61.129135 1.265524 -0.091862 -0.090919 -2.271142 203.154999
41.067024 61.143780 1.265524 -0.021101 0.004316 -1.443855 203.945007
41.264080 61.182457 1.265524 0.081561 0.219037 0.268342 205.794998
41.469532 61.190201 1.265524 0.047710 0.091906 0.301598 205.949997
41.674995 61.194252 1.265524 -0.028733 0.053078 0.260455 206.089996
41.894188 61.207283 1.265524 -0.106755 0.022778 0.200567 206.235001
42.104046 61.239899 1.265524 -0.060967 -0.046362 0.122079 206.375000
42.313560 61.285927 1.265524 0.046197 -0.249437 -0.040237 206.529999
42.522694 61.324608 1.265524 0.123479 0.119881 -0.040617 206.735001
42.724007 61.319096 1.265524 0.074744 0.295365 -0.031108 206.904999
42.928848 61.298233 1.265524 -0.028890 0.189983 0.000036 207.035004
43.134811 61.280930 1.265524 -0.023038 0.112787 0.019085 207.149994
43.343304 61.268211 1.265524 -0.036439 0.068280 0.015792 207.259995
43.547832 61.260223 1.265524 -0.044215 0.044664 0.013299 207.365005
43.755039 61.256996 1.265524 -0.040662 0.032548 0.011278 207.470001
43.963593 61.258060 1.265524 -0.027986 0.026458 0.009665 207.574997
44.169628 61.261719 1.265524 0.014529 -0.163949 -0.089956 207.679993
44.370476 61.266289 1.265524 0.053535 -0.320702 -0.210384 207.794998
44.574005 61.274742 1.265524 0.083786 -0.247253 -0.372700 207.949997
44.775288 61.291134 1.265524 0.086277 -0.115782 -0.629263 208.195007
44.975594 61.323792 1.265524 0.033154 -0.004388 -1.294235 208.830002
44.785072 61.257683 1.265524 0.020863 0.202514 -2.889152 210.710007
44.590027 61.199074 1.265524 -0.000868 0.079635 -3.033239 210.865005
44.370415 61.136932 1.265524 0.010651 0.034212 3.110771 211.024994
44.172432 61.085384 1.265524 0.036263 0.036092 3.066339 211.164993
43.970139 61.041672 1.265524 0.079127 0.041020 3.015216 211.304993
43.771542 61.014816 1.265524 0.098469 0.042432 2.964292 211.440002
43.555321 61.004623 1.265524 0.064597 0.032612 2.988285 211.585007
43.336983 61.008801 1.265524 0.057144 0.021288 3.006184 211.729996
43.133255 61.023499 1.265524 0.037990 0.016127 3.018648 211.865005
42.929409 61.045208 1.265524 0.018164 0.083324 3.028024 212.000000
42.720406 61.070786 1.265524 -0.001411 0.164521 3.034904 212.130005
42.515789 61.093861 1.265524 -0.092586 0.109310 3.120427 212.244995
42.308762 61.106133 1.267130 -0.100389 0.072385 -3.064421 212.354996
42.106060 61.106277 1.301864 -0.092779 0.052479 -2.977261 212.460007
41.863926 61.092846 1.318366 -0.070550 -0.102118 -2.858913 212.585007
41.660301 61.075195 1.318366 -0.086530 -0.298972 -2.738487 212.699997
41.460922 61.058758 1.318366 -0.104656 -0.250300 -2.586646 212.845001
41.248936 61.048203 1.318366 -0.098658 -0.121157 -2.335322 213.085007
41.046120 61.053139 1.318366 -0.042746 -0.009882 -1.911212 213.630005
40.905048 60.910549 1.318366 -0.063723 0.281081 -2.245050 214.145004
40.788303 60.719196 1.318366 0.014910 0.113828 -2.185642 214.324997
40.676666 60.544956 1.318366 0.051938 -0.006053 -2.132132 214.470001
40.560150 60.380283 1.318366 -0.016534 -0.222555 -2.033145 214.615005
40.439510 60.220577 1.318366 -0.087650 -0.140115 -1.869218 214.804993
40.338970 60.042656 1.318366 -0.084743 0.283239 -1.938061 215.044998
40.272457 59.851177 1.318366 -0.057195 0.096614 -1.991861 215.210007
40.215073 59.658779 1.318366 0.009529 -0.022666 -2.019781 215.354996
40.157131 59.466183 1.318366 0.038603 -0.076181 -2.043034 215.505005
40.095127 59.273090 1.318366 0.057344 -0.200983 -2.226046 215.684998
40.039261 59.078629 1.318366 0.064455 -0.089032 -2.540201 215.985001
40.006718 58.881268 1.318366 0.000473 0.001764 1.863273 217.779999
40.063728 59.079243 1.290574 0.001168 0.251627 1.243727 219.020004
40.129150 59.268116 1.276735 0.026936 0.113679 1.205091 219.179993
40.207359 59.474007 1.277272 0.004864 0.050394 1.134480 219.335007
40.280487 59.660347 1.277648 -0.000187 0.023917 1.072525 219.470001
40.357189 59.851513 1.274061 -0.035814 0.165991 1.039582 219.604996
40.432632 60.039959 1.272291 -0.026074 0.143836 1.055779 219.725006
40.507710 60.227650 1.270939 0.017701 0.093481 1.068914 219.835007
40.585865 60.413181 1.269840 0.046212 0.061025 1.077585 219.940002
40.671135 60.600422 1.255362 0.054754 0.041484 1.081410 220.044998
40.758617 60.778294 1.219828 0.046738 0.029994 1.084333 220.145004
40.850948 60.955109 1.185663 0.031578 0.023072 1.086707 220.244995
40.946144 61.130459 1.170915 0.011515 -0.022103 1.088647 220.345001
41.045021 61.309689 1.138529 -0.006981 -0.087112 1.090277 220.449997
41.142521 61.486942 1.112203 0.019427 -0.116533 1.055944 220.559998
41.248394 61.671021 1.114063 0.092219 -0.061653 0.853362 220.684998
41.376205 61.862305 1.115822 0.108747 -0.008253 0.660840 220.830002
41.520695 62.038414 1.117273 0.118616 0.025649 0.497168 220.979996
41.681442 62.192493 1.118422 0.129933 0.043721 0.344364 221.130005
41.865749 62.325443 1.119362 0.139221 0.054280 0.191038 221.285004
42.046772 62.419304 1.120039 0.146967 0.059594 0.051601 221.425003
42.238991 62.486927 1.120585 0.108962 0.055815 -0.018923 221.565002
42.439129 62.530369 1.121022 0.148076 0.054578 -0.170005 221.705002
42.643589 62.547234 1.121375 0.095635 0.048811 -0.217793 221.845001
42.850834 62.543736 1.121655 0.090019 0.038713 -0.273287 221.985001
43.051060 62.522709 1.121875 0.083265 0.031797 -0.329775 222.119995
43.250729 62.488201 1.122054 0.029592 0.023395 -0.307328 222.255005
43.450623 62.447006 1.122200 0.025527 0.017382 -0.292294 222.389999
43.650200 62.400673 1.122317 0.019911 0.014245 -0.280919 222.524994
43.849239 62.350430 1.122413 0.011442 0.011787 -0.272315 222.660004
44.046837 62.298038 1.122488 0.046032 0.170270 -0.291397 222.789993
44.274334 62.231888 1.122552 -0.008913 0.118906 -0.300518 222.925003
44.473091 62.173763 1.122595 -0.015861 0.072526 -0.296578 223.035004
44.669140 62.117668 1.122630 -0.012689 0.046758 -0.293572 223.139999
44.868481 62.061512 1.122659 -0.007068 0.033355 -0.291142 223.244995
45.068642 62.003155 1.122684 0.030985 0.025243 -0.359508 223.350006
45.268066 61.940498 1.122705 0.024985 0.024825 -0.361181 223.455002
45.466194 61.874901 1.122713 0.024105 -0.096223 -0.424317 223.559998
45.658661 61.809135 1.122713 0.051046 -0.300681 -0.539512 223.669998
45.865299 61.740269 1.122713 0.082861 -0.272055 -0.696596 223.820007
46.057571 61.682629 1.122713 0.091526 -0.149825 -0.916515 224.029999
46.252811 61.636482 1.122713 0.057516 -0.030545 -1.366823 224.460007
46.063152 61.561958 1.122713 0.022115 0.304874 -2.994981 226.470001
45.862717 61.528698 1.122713 0.010539 0.195903 -3.072103 226.600006
45.632122 61.494957 1.122713 0.020081 0.101092 3.123023 226.729996
45.425495 61.469280 1.122713 0.043162 0.065363 3.048045 226.839996
45.223557 61.450874 1.122713 0.066679 0.052556 2.982777 226.945007
45.018948 61.439339 1.122713 0.032032 0.046581 3.001829 227.050003
44.812065 61.432487 1.122713 0.054763 0.040946 3.017237 227.154999
44.603771 61.432106 1.122713 0.067994 0.032880 3.029596 227.259995
44.394962 61.439266 1.122713 0.062989 0.026491 3.039502 227.365005
44.186131 61.453266 1.122713 0.045038 0.022963 3.047554 227.470001
43.967468 61.472912 1.122713 -0.026040 0.018410 3.087601 227.580002
43.758888 61.488941 1.122713 -0.100334 0.020974 -3.081213 227.684998
43.550823 61.494251 1.122713 -0.115775 0.029468 -2.989183 227.789993
43.343735 61.486267 1.122713 -0.138290 0.037022 -2.895990 227.895004
43.137756 61.465309 1.122713 -0.071317 0.037312 -2.898429 228.000000
42.931995 61.435543 1.122713 -0.075002 0.032154 -2.900608 228.104996
42.726944 61.397194 1.122713 -0.071329 0.026232 -2.902163 228.210007
42.523006 61.350933 1.129317 -0.053681 0.022622 -2.903420 228.315002
42.329716 61.301346 1.162334 -0.029726 0.021265 -2.904392 228.414993
42.128563 61.246502 1.173637 -0.004189 -0.119293 -2.836624 228.520004
41.934986 61.193195 1.173637 -0.032865 -0.309736 -2.721439 228.630005
41.740173 61.141228 1.173637 -0.065889 -0.270666 -2.574840 228.770004
41.542255 61.093365 1.173637 -0.081098 -0.153358 -2.354942 228.979996
41.345737 61.055023 1.173637 -0.057563 -0.039092 -1.930853 229.384995
41.535755 60.980392 1.173637 -0.029681 0.313619 -0.177075 231.535004
41.737160 60.951714 1.173637 -0.026236 0.194593 -0.161083 231.664993
41.941349 60.925545 1.173637 -0.023292 0.109809 -0.150110 231.779999
42.148560 60.901257 1.173637 -0.018860 0.064925 -0.141800 231.889999
42.351891 60.879097 1.173637 -0.013279 0.043264 -0.135433 231.994995
42.558014 60.857719 1.173637 -0.007161 0.032684 -0.130278 232.100006
42.785374 60.834633 1.173637 -0.001270 0.025620 -0.125844 232.214996
43.013470 60.811340 1.173637 0.002427 0.022531 -0.122343 232.330002
43.222000 60.789524 1.173637 0.003709 0.021407 -0.119778 232.434998
43.430603 60.767071 1.173637 0.003254 0.020963 -0.117760 232.539993
43.639271 60.744049 1.173637 0.001812 0.020142 -0.116116 232.645004
43.847878 60.720634 1.173637 -0.000388 0.019832 -0.114817 232.750000
44.056480 60.697060 1.173637 -0.002306 0.019848 -0.113773 232.854996
44.265083 60.673527 1.173637 -0.003571 0.019797 -0.112928 232.960007
44.473698 60.650146 1.173637 -0.004121 0.020439 -0.112247 233.065002
44.682377 60.626991 1.173637 0.015392 0.018816 -0.123448 233.169998
44.929459 60.594475 1.173637 0.109006 -0.052238 -0.289729 233.294998
45.134251 60.555668 1.173637 0.114775 -0.124137 -0.435496 233.404999
45.334957 60.505127 1.173637 0.127854 -0.057797 -0.531306 233.524994
45.526779 60.443501 1.173637 0.089158 -0.254670 -0.662078 233.654999
45.719669 60.380154 1.173637 0.096609 -0.199781 -0.845343 233.830002
45.914692 60.324375 1.173637 0.080649 -0.076056 -1.159512 234.130005
46.112270 60.292603 1.173637 0.001175 0.000884 -2.138633 236.014999
46.258934 60.153313 1.173637 -0.024085 0.319406 -0.737010 237.839996
46.409706 60.017269 1.173637 -0.021147 0.259094 -0.736929 237.990005
46.563072 59.883263 1.173637 -0.006501 0.149943 -0.736882 238.110001
46.717224 59.749100 1.173637 0.004492 0.084685 -0.736850 238.220001
46.878704 59.610500 1.173637 -0.075317 0.048089 -0.636433 238.330002
47.040501 59.482082 1.173637 -0.083697 0.033897 -0.537953 238.434998
47.207623 59.358223 1.173637 -0.014525 0.008790 -0.532968 238.539993
47.372398 59.238503 1.173637 -0.049637 -0.201210 -0.423009 238.645004
47.535725 59.120361 1.173637 -0.084164 -0.310664 -0.297341 238.764999
47.697887 58.998112 1.173637 -0.101874 -0.217502 -0.124548 238.929993
47.862854 58.861591 1.173637 -0.086946 -0.083047 0.184385 239.225006
48.034729 58.756901 1.173637 -0.031367 0.014858 0.321321 239.899994
48.228294 58.815025 1.173637 -0.003771 -0.021034 0.192441 240.625000
48.409172 58.911461 1.173637 0.000961 0.010089 -0.063563 247.979996
48.611267 58.902248 1.173637 -0.002786 -0.041472 0.086314 248.729996
48.805847 58.951603 1.173637 -0.017275 0.303867 0.504474 250.134995
48.994549 59.057625 1.173637 0.041162 0.139350 0.245858 250.330002
49.190544 59.148621 1.173637 0.070815 0.079537 0.105011 250.490005
49.378597 59.219429 1.173637 -0.003373 0.053986 0.174297 250.630005
49.590157 59.290260 1.169169 0.090938 0.030191 0.174466 250.779999
49.801929 59.342285 1.168886 0.087359 0.018266 0.169499 250.925003
50.002823 59.377567 1.168675 0.009604 0.011487 0.254738 251.059998
50.204144 59.411354 1.168504 -0.026927 0.012673 0.340650 251.195007
50.411015 59.452820 1.168361 -0.095299 0.021261 0.474600 251.335007
50.604347 59.508991 1.168250 -0.114735 0.032475 0.631863 251.470001
50.795273 59.588001 1.168156 -0.116600 0.042259 0.772225 251.610001
50.976875 59.686230 1.168082 -0.075097 0.041221 0.809429 251.750000
51.151947 59.799385 1.168022 -0.045642 0.032052 0.801830 251.889999
51.340767 59.936893 1.167969 -0.052154 0.022816 0.782656 252.044998
51.499630 60.066208 1.155527 -0.071365 0.016506 0.804473 252.179993
51.668007 60.220177 1.156443 -0.032280 0.012540 0.791999 252.330002
51.815525 60.363827 1.157105 -0.016953 0.009747 0.785301 252.464996
51.961258 60.509605 1.157643 0.030904 0.007591 0.737424 252.600006
52.104607 60.657364 1.158077 -0.084494 0.010028 0.928396 252.735001
52.236839 60.813694 1.158432 -0.078290 0.013470 1.099398 252.869995
52.369549 60.995903 1.158745 -0.077801 0.020073 1.264849 253.020004
52.474751 61.166878 1.158974 -0.104082 0.034189 1.409941 253.154999
52.565208 61.352070 1.159163 -0.121254 0.047785 1.544468 253.294998
52.632172 61.545189 1.159318 -0.137359 0.058541 1.680554 253.434998
52.674133 61.759079 1.159449 -0.129474 0.058966 1.795006 253.585007
52.686306 61.969963 1.159549 -0.123140 0.058069 1.891773 253.729996
52.669651 62.196888 1.159635 -0.099181 0.047187 1.943630 253.884995
52.630512 62.408508 1.159699 -0.092724 0.037130 1.999346 254.029999
52.575592 62.602692 1.159747 -0.085876 0.031038 2.062557 254.164993
52.504967 62.792755 1.159785 -0.071999 0.025275 2.121968 254.300003
52.414680 62.991741 1.159818 -0.064572 0.022212 2.189290 254.445007
52.311562 63.184895 1.159845 -0.058579 0.019499 2.256073 254.589996
52.201431 63.365746 1.159865 -0.011505 0.067728 2.278354 254.729996
52.092648 63.533741 1.159880 -0.008643 0.171468 2.263261 254.854996
51.978207 63.702805 1.159891 -0.026355 0.117884 2.249521 254.970001
51.857956 63.872292 1.159900 -0.032487 0.071351 2.242817 255.080002
51.736141 64.036781 1.159908 -0.027323 0.044288 2.233903 255.184998
51.611137 64.202827 1.159914 0.060588 0.027830 2.144837 255.289993
51.489048 64.372536 1.159919 0.060248 0.022041 2.084994 255.395004
51.371567 64.545723 1.159924 0.030119 0.023308 2.051646 255.500000
51.258724 64.722267 1.159928 0.037159 0.024797 2.024999 255.604996
51.151478 64.902519 1.159930 0.113126 0.026100 1.944156 255.710007
51.045113 65.105644 1.159933 0.044951 0.026126 1.921336 255.824997
50.953117 65.294121 1.159935 0.024576 0.023675 1.935453 255.929993
50.863228 65.484146 1.159938 0.023982 0.020441 1.946695 256.035004
50.780811 65.666702 1.159940 0.105534 0.019826 1.874141 256.135010
50.701679 65.861145 1.159942 0.034111 0.021343 1.880024 256.239990
50.629570 66.047760 1.159942 0.027028 0.020839 1.889204 256.339996
50.556164 66.244820 1.159942 0.026534 0.019352 1.895227 256.445007
50.488331 66.433380 1.159942 0.022997 0.018558 1.899280 256.545013
50.421616 66.629906 1.159942 0.114316 -0.132488 1.724011 256.649994
50.366909 66.822708 1.159942 0.149088 -0.105301 1.550812 256.760010
50.323086 67.041565 1.159942 0.128536 -0.024709 1.456643 256.894989
50.302906 67.250572 1.159942 0.109898 0.012868 1.375958 257.029999
50.304005 67.478218 1.159942 0.088406 0.023693 1.322157 257.179993
50.324341 67.695915 1.159942 0.077078 0.024488 1.260361 257.325012
50.358608 67.896332 1.159942 0.104610 0.025538 1.161775 257.459991
50.410797 68.091759 1.159942 0.107823 0.028877 1.009731 257.595001
50.481720 68.279625 1.159942 0.077972 0.031276 0.890786 257.730011
50.566914 68.461456 1.159942 0.064858 0.031641 0.844411 257.864990
50.665039 68.637253 1.159942 0.075380 0.033351 0.768575 258.000000
50.776619 68.805603 1.159942 0.081752 0.032113 0.717538 258.135010
50.911068 68.976807 1.159942 0.086596 0.028835 0.652731 258.279999
51.053646 69.132202 1.159942 0.080292 0.023683 0.625560 258.420013
51.201115 69.271835 1.159942 0.064057 -0.086902 0.522837 258.554993
51.359573 69.410576 1.159942 0.073119 -0.236154 0.355280 258.714996
51.507263 69.545837 1.159942 0.082282 -0.135291 0.114417 258.945007
51.646935 69.693138 1.159942 0.041936 -0.014512 -0.451087 259.484985
51.742424 69.511070 1.159942 0.018740 0.213280 -1.406683 260.734985
51.778431 69.312950 1.159942 0.004489 0.086252 -1.563338 260.890015
51.815105 69.095558 1.159942 -0.007332 0.035654 -1.664491 261.045013
51.848000 68.893227 1.159942 0.031148 0.033456 -1.714274 261.184998
51.874577 68.680069 1.159942 0.056304 0.037843 -1.756391 261.329987
51.888733 68.448830 1.159942 0.066081 0.033392 -1.736172 261.484985
51.887768 68.245438 1.159942 0.073119 0.024779 -1.723011 261.619995
51.874920 68.041588 1.159942 0.012612 0.013478 -1.627379 261.755005
51.856567 67.837738 1.159942 0.035168 0.011083 -1.626268 261.890015
51.831409 67.625854 1.159942 -0.014917 0.129740 -1.613687 262.029999
51.811581 67.420845 1.159942 -0.047320 0.157694 -1.535145 262.154999
51.799366 67.185768 1.159942 -0.030394 0.097617 -1.504232 262.285004
51.795265 66.976418 1.159942 -0.088782 0.065987 -1.432601 262.394989
51.801521 66.772705 1.159942 -0.103499 0.050486 -1.351347 262.500000
51.819519 66.548027 1.159942 -0.026906 0.039514 -1.356831 262.614990
51.842674 66.321815 1.159942 -0.032778 0.032982 -1.368587 262.730011
51.870808 66.094841 1.159942 -0.038477 0.026734 -1.377836 262.845001
51.901211 65.887695 1.159942 -0.034180 0.023379 -1.384620 262.950012
51.935482 65.680878 1.159942 -0.021070 0.021750 -1.390016 263.054993
51.972210 65.474243 1.159942 -0.006047 0.020960 -1.394334 263.160004
52.015221 65.238083 1.159942 0.007996 0.019724 -1.398215 263.279999
52.050507 65.041183 1.159942 0.055549 0.017478 -1.428498 263.380005
52.082310 64.833969 1.159942 0.036992 0.020580 -1.479675 263.484985
52.109867 64.626328 1.159942 0.009074 0.022296 -1.473336 263.589996
52.136509 64.418350 1.159942 0.004944 0.021721 -1.467513 263.695007
52.162811 64.210175 1.159942 0.004394 0.021103 -1.463538 263.799988
52.188839 64.001892 1.159942 0.003964 0.020887 -1.460321 263.904999
52.218323 63.763733 1.159942 0.003198 0.020405 -1.457429 264.024994
52.243984 63.555290 1.159942 0.002436 0.020134 -1.455418 264.130005
52.272224 63.327011 1.159942 -0.048079 0.018869 -1.418526 264.244995
52.302971 63.119518 1.159942 -0.082572 0.019587 -1.318772 264.350006
52.342632 62.914246 1.159942 -0.084963 0.023414 -1.227582 264.454987
52.391617 62.711731 1.159942 -0.092406 0.027885 -1.141822 264.559998
52.450748 62.512596 1.159942 -0.104486 0.033595 -1.062642 264.665009
52.532566 62.290554 1.170320 -0.141839 -0.021716 -0.943613 264.785004
52.619041 62.102356 1.165720 -0.190664 -0.102099 -0.765207 264.894989
52.735954 61.906456 1.161933 -0.191789 -0.023634 -0.602408 265.029999
52.863586 61.749374 1.161570 -0.199506 0.025344 -0.475007 265.160004
53.014835 61.615891 1.161263 -0.151819 0.046376 -0.356088 265.295013
53.182129 61.506054 1.140481 -0.106479 0.041563 -0.311465 265.429993
53.360638 61.412296 1.137537 -0.056669 0.029303 -0.292260 265.565002
53.546551 61.331272 1.126241 -0.129239 0.027377 -0.157812 265.700012
53.738796 61.268444 1.126696 -0.075046 0.027360 -0.097759 265.834991
53.935268 61.218506 1.127065 -0.028355 0.022784 -0.079554 265.970001
54.156673 61.171188 1.127396 -0.029510 0.019428 -0.073151 266.119995
54.357864 61.134407 1.127635 -0.023183 0.015439 -0.089601 266.255005
54.560131 61.101578 1.127827 -0.020870 0.013535 -0.101891 266.390015
54.763103 61.072178 1.127983 -0.014787 0.011967 -0.111162 266.524994
54.966442 61.045135 1.104878 -0.006847 0.012148 -0.118157 266.660004
55.169270 61.022160 1.106365 -0.039414 0.172945 -0.071606 266.790009
55.368668 61.003929 1.107452 0.026818 0.128173 -0.065696 266.904999
55.572803 60.985783 1.108318 -0.051094 0.078787 0.016616 267.015015
55.784138 60.970749 1.109052 -0.012865 0.051316 0.032783 267.125000
55.989338 60.958656 1.109648 -0.061861 0.039831 0.109394 267.230011
56.215656 60.953751 1.110198 -0.086224 0.036683 0.193081 267.345001
56.422291 60.959690 1.110622 -0.107110 0.039830 0.267608 267.450012
56.627972 60.977802 1.110981 -0.067865 0.041874 0.292911 267.554993
56.833492 61.004948 1.111285 -0.056080 0.037963 0.279663 267.660004
57.039055 61.039116 1.111544 -0.043556 0.030393 0.257919 267.765015
57.264072 61.082047 1.111784 -0.043530 0.023213 0.207805 267.880005
57.478775 61.127739 1.111974 0.033181 0.017705 0.147918 267.989990
57.683788 61.170227 1.112129 0.010016 0.021358 0.127199 268.095001
57.918606 61.217033 1.112279 0.028090 0.023584 0.128074 268.214996
58.144630 61.256298 1.112398 0.100005 0.023228 0.046816 268.329987
58.352009 61.282070 1.112491 0.060716 0.026071 0.049333 268.434998
58.560337 61.301304 1.112568 0.051309 0.024523 0.051523 268.540009
58.769386 61.315193 1.112635 0.039211 0.022651 0.053290 268.644989
58.978836 61.322990 1.112692 0.105322 0.020987 -0.039222 268.750000
59.188175 61.322117 1.112741 0.013558 0.021864 -0.041710 268.855011
59.397625 61.319290 1.112782 -0.006731 0.021557 -0.035525 268.959991
59.607170 61.316982 1.112809 -0.001803 -0.028227 -0.005428 269.065002
59.809029 61.314899 1.112809 -0.018415 -0.238227 0.104531 269.170013
60.011665 61.311317 1.112809 -0.057328 -0.308055 0.235434 269.295013
60.227825 61.302132 1.112809 -0.083216 -0.195099 0.434408 269.484985
60.428020 61.283821 1.112809 -0.073163 -0.072281 0.764285 269.799988
60.629295 61.288731 1.112809 -0.039056 0.326787 1.192742 270.894989
60.711864 61.474548 1.112809 -0.054445 0.225717 1.119503 271.130005
60.780655 61.662834 1.112809 0.065685 0.079511 1.196287 271.279999
60.864296 61.856033 1.112809 0.064936 0.020624 1.273660 271.424988
60.956665 62.033886 1.112809 0.071094 0.010755 1.239263 271.559998
61.059856 62.208675 1.112809 0.000285 0.019140 1.222096 271.695007
61.163612 62.385082 1.112809 -0.049431 0.021102 1.212451 271.829987
61.266983 62.579918 1.112809 -0.065069 0.016181 1.206017 271.975006
61.361843 62.787571 1.112809 -0.055743 0.011325 1.201113 272.125000
61.438179 62.978359 1.112809 -0.033306 0.011054 1.196934 272.260010
61.508713 63.171520 1.112809 -0.028131 0.019715 1.236118 272.394989
61.580723 63.382343 1.112809 -0.037536 0.168818 1.252703 272.535004
61.641693 63.576363 1.112809 -0.048699 0.118204 1.335753 272.649994
61.699348 63.774849 1.112809 0.028569 0.072945 1.322717 272.760010
61.758675 63.969616 1.112809 -0.018570 0.045824 1.340670 272.864990
61.825325 64.196152 1.112809 -0.025892 0.034749 1.380980 272.984985
61.880646 64.396919 1.112809 -0.032780 0.029937 1.374807 273.089996
61.932903 64.599472 1.112809 -0.043571 0.024847 1.372213 273.195007
61.987202 64.842827 1.112809 -0.057259 0.023210 1.414952 273.320007
62.027596 65.058617 1.112809 -0.074851 0.021119 1.438165 273.429993
62.062546 65.285416 1.112809 -0.029324 0.022251 1.453049 273.545013
62.090973 65.493164 1.112809 -0.012623 0.022116 1.449508 273.649994
62.117737 65.701271 1.112809 -0.071164 0.019964 1.499996 273.755005
62.138176 65.909813 1.112809 -0.026334 0.021329 1.543143 273.859985
62.155273 66.118576 1.112809 0.002699 0.021957 1.535818 273.964996
62.172535 66.327507 1.112809 -0.000927 0.021565 1.529934 274.070007
62.189621 66.536621 1.112809 -0.046972 0.021242 1.550399 274.174988
62.201645 66.745819 1.112809 -0.083470 0.023426 1.634689 274.279999
62.204655 66.964745 1.112809 -0.022759 0.023648 1.666965 274.390015
62.203560 67.173752 1.112809 -0.054314 0.025225 1.693346 274.494995
62.197559 67.382607 1.112809 -0.013450 0.023610 1.710839 274.600006
62.189102 67.591560 1.112809 0.000098 0.023822 1.696059 274.704987
62.177921 67.850708 1.112809 -0.047350 0.023613 1.706138 274.834991
62.162422 68.066582 1.112809 -0.108545 -0.123312 1.856461 274.945007
62.136936 68.273506 1.112809 -0.106310 -0.099398 1.929096 275.059998
62.099785 68.478088 1.112809 -0.066038 -0.040248 1.947619 275.184998
62.047157 68.701035 1.112809 -0.052429 -0.007516 1.930724 275.329987
61.992126 68.894127 1.112809 -0.041313 0.003292 1.918075 275.459991
61.928383 69.082527 1.141484 -0.085112 0.009498 2.018274 275.589996
61.849133 69.271797 1.155592 -0.060866 0.014693 2.110123 275.725006
61.759415 69.455818 1.166034 -0.045363 0.015111 2.179176 275.859985
61.659641 69.638000 1.166321 -0.053274 0.167677 2.247459 275.994995
61.536968 69.832436 1.166556 -0.071716 0.109059 2.341541 276.130005
61.416885 69.998756 1.166721 -0.125077 -0.062616 2.518690 276.244995
61.287498 70.153336 1.166864 -0.121453 -0.037044 2.632866 276.364990
61.143002 70.299477 1.166990 -0.154830 0.007941 2.720773 276.494995
60.975945 70.430138 1.167101 -0.176022 0.039983 2.882810 276.635010
60.801414 70.527931 1.167189 -0.139026 0.047188 2.972855 276.769989
60.616291 70.604118 1.167259 -0.092705 0.039449 3.016472 276.904999
60.423878 70.664246 1.158372 -0.057446 0.030447 3.050073 277.040009
60.226662 70.710312 1.152943 -0.084708 0.028292 -3.134604 277.174988
60.026321 70.742714 1.141039 -0.083267 0.027657 -3.094323 277.309998
59.823872 70.764023 1.162420 -0.043484 0.021070 -3.056398 277.445007
59.613083 70.779701 1.159698 -0.017878 -0.057003 -3.038698 277.584991
59.396603 70.795540 1.159698 -0.068902 -0.242753 -2.871149 277.744995
59.196339 70.815170 1.159698 -0.083058 -0.145448 -2.640769 277.964996
58.998219 70.848137 1.159698 -0.049966 -0.024232 -2.143357 278.440002
59.201080 70.819756 1.159698 -0.001806 0.177258 -0.010603 280.769989
59.414146 70.797478 1.159698 -0.009217 0.071175 -0.017130 280.924988
59.620075 70.779419 1.159698 -0.026406 0.031080 -0.085475 281.065002
59.822758 70.766151 1.159698 -0.028050 0.012859 -0.149700 281.200012
60.026424 70.757248 1.159698 -0.009103 0.009084 -0.202519 281.334991
60.227348 70.747978 1.159698 0.035462 0.172307 -0.274987 281.464996
60.431259 70.728348 1.159698 0.053912 0.141318 -0.323015 281.584991
60.636356 70.695969 1.159698 0.159817 -0.042620 -0.491381 281.700012
60.858356 70.637589 1.159698 0.191587 -0.031904 -0.677134 281.834991
61.047493 70.560463 1.159698 0.138516 0.014219 -0.739922 281.964996
61.226688 70.460388 1.159698 0.161485 0.029883 -0.830297 282.100006
61.399933 70.329445 1.159698 0.085167 0.032145 -0.892489 282.244995
61.560375 70.181946 1.159698 0.068240 0.024511 -0.915579 282.390015
61.722027 70.012070 1.169714 0.104037 0.019402 -1.000658 282.545013
61.853970 69.846901 1.169287 0.076015 0.018767 -1.097355 282.684998
61.970993 69.680122 1.168952 0.025952 0.019769 -1.113480 282.820007
62.083282 69.508995 1.186214 0.086816 -0.002108 -1.157612 282.954987
62.185123 69.336098 1.186214 0.014905 -0.244780 -1.011004 283.095001
62.281677 69.159363 1.186214 -0.035962 -0.195413 -0.812037 283.285004
62.369141 68.977280 1.186214 -0.051595 -0.072961 -0.445518 283.635010
62.563351 69.061554 1.186214 0.046911 0.199309 1.002629 285.329987
62.679085 69.233543 1.186214 0.004060 0.083233 0.960877 285.484985
62.809795 69.426819 1.186214 -0.001994 0.031165 0.854106 285.644989
62.932301 69.605896 1.198750 0.018333 0.016714 0.760880 285.790009
63.051342 69.771782 1.197856 0.055593 0.148869 0.664782 285.924988
63.182289 69.928764 1.197181 0.128248 0.087853 0.519161 286.049988
63.343071 70.087982 1.196588 0.116746 -0.024190 0.418356 286.184998
63.521080 70.234650 1.196075 0.135476 0.006721 0.316362 286.329987
63.694195 70.347069 1.195689 0.106057 0.026280 0.269624 286.464996
63.875568 70.440155 1.195377 0.144604 0.027887 0.199532 286.600006
64.064880 70.510033 1.195126 0.121018 0.035377 0.084718 286.734985
64.260445 70.558083 1.194921 0.093879 0.032472 0.021408 286.869995
64.460190 70.590446 1.194754 0.068994 0.026992 -0.010889 287.005005
64.662498 70.613304 1.194618 0.023339 0.019053 0.007713 287.140015
64.896461 70.634094 1.194494 0.017813 0.014759 0.023748 287.295013
65.100960 70.648750 1.207178 0.034949 0.013546 0.016786 287.429993
65.305832 70.658966 1.204872 0.004223 0.012696 0.011980 287.565002
65.511360 70.667984 1.205371 -0.009100 0.111894 0.022313 287.700012
65.715996 70.677963 1.216168 -0.009576 0.157755 0.029632 287.825012
65.922943 70.689011 1.215106 -0.006019 0.106275 0.034867 287.940002
66.131508 70.700722 1.214254 -0.002451 0.066845 0.038812 288.049988
66.335831 70.712440 1.213570 0.000202 0.044206 0.041802 288.154999
66.542755 70.724297 1.212988 0.002105 0.032356 0.044196 288.260010
66.751060 70.736092 1.212493 0.003008 0.026163 0.046132 288.364990
66.960052 70.746887 1.212071 0.074549 0.022488 -0.016680 288.470001
67.198959 70.750107 1.211666 0.091519 0.024405 -0.124376 288.589996
67.407211 70.742058 1.211366 0.095354 0.028647 -0.213835 288.695007
67.614151 70.723312 1.211112 0.100853 0.032914 -0.294435 288.799988
67.819366 70.693581 1.210896 0.047091 0.034591 -0.325344 288.904999
68.051285 70.650978 1.210689 0.138512 -0.101586 -0.453749 289.024994
68.262169 70.597031 1.210518 0.170400 -0.082583 -0.609406 289.144989
68.454498 70.525314 1.210370 0.162459 -0.015452 -0.712144 289.269989
68.633064 70.432167 1.210243 0.173369 0.019746 -0.802826 289.399994
68.799934 70.314636 1.210137 0.113081 0.028660 -0.857420 289.535004
68.953308 70.180733 1.210050 0.083897 0.025036 -0.916738 289.670013
69.096581 70.035240 1.209980 0.103105 0.021318 -1.006430 289.804993
69.228775 69.879761 1.209924 0.061872 0.020646 -1.069157 289.940002
69.364281 69.698051 1.209873 0.022680 0.018105 -1.111157 290.089996
69.485619 69.523819 1.261471 0.026416 0.016792 -1.084628 290.230011
69.596855 69.351433 1.268744 0.088963 0.015761 -1.167085 290.364990
69.693970 69.179749 1.306884 0.100637 0.015279 -1.229081 290.494995
69.782822 68.997978 1.304610 0.032993 -0.144059 -1.159047 290.630005
69.865921 68.813843 1.304610 -0.019594 -0.237934 -0.991494 290.790009
69.943489 68.624382 1.304610 -0.052538 -0.129387 -0.724460 291.045013
70.004646 68.433250 1.304610 -0.028041 -0.010049 -0.022838 291.714996
70.104050 68.620697 1.304610 -0.008707 0.203619 1.242111 293.184998
70.178261 68.817070 1.304610 -0.000213 0.096094 1.255079 293.345001
70.248642 69.006813 1.304610 0.011307 0.042150 1.153050 293.484985
70.329453 69.215561 1.304610 0.011410 0.018224 1.040905 293.635010
70.405807 69.403549 1.304610 0.035079 0.044283 0.940703 293.769989
70.491425 69.588783 1.289903 0.067868 0.177984 0.843986 293.899994
70.598824 69.777115 1.290429 0.097780 0.133499 0.738843 294.024994
70.714073 69.943512 1.290814 0.137041 0.100983 0.633625 294.135010
70.845390 70.098526 1.291137 0.194774 -0.062658 0.439708 294.244995
71.006371 70.250290 1.283412 0.201918 -0.020543 0.327561 294.375000
71.172699 70.371521 1.278537 0.188825 -0.000870 0.304605 294.505005
71.353607 70.468048 1.279030 0.217220 0.028333 0.155186 294.640015
71.565414 70.535233 1.279469 0.125778 0.038351 0.072581 294.790009
71.792702 70.575356 1.279828 0.059248 0.029159 0.019682 294.945007
72.024498 70.601242 1.280111 0.012652 0.018400 0.040231 295.100006
72.227905 70.621017 1.280307 0.006647 0.014302 0.053428 295.234985
72.454582 70.641602 1.280480 0.015349 0.012865 0.047143 295.385010
72.658951 70.658096 1.280606 0.008613 0.012516 0.049847 295.519989
72.863342 70.670403 1.280708 0.105283 0.010617 -0.105822 295.654999
73.065796 70.665581 1.280790 0.109075 0.022671 -0.285186 295.790009
73.271896 70.639420 1.280860 0.107748 0.033250 -0.448760 295.929993
73.500893 70.583481 1.280923 0.104898 0.040677 -0.613840 296.089996
73.693382 70.511810 1.280967 0.112312 0.045869 -0.751735 296.230011
73.888382 70.411049 1.281004 0.114859 0.049910 -0.875978 296.380005
74.062790 70.290474 1.281032 0.138933 0.055437 -1.021337 296.524994
74.212570 70.151672 1.281054 0.136613 0.057257 -1.155027 296.665009
74.341507 69.993217 1.281072 0.140243 0.056885 -1.294939 296.804993
74.447037 69.818344 1.281087 0.132928 0.056330 -1.428960 296.945007
74.536568 69.617355 1.281099 0.068300 0.044532 -1.462285 297.095001
74.609062 69.406670 1.281109 0.099712 0.039024 -1.523935 297.244995
74.657646 69.203445 1.281115 0.102321 0.034782 -1.588139 297.385010
74.687828 68.981079 1.281122 0.093168 0.030347 -1.657737 297.535004
74.696991 68.778847 1.281126 0.081446 0.027061 -1.724540 297.670013
74.691048 68.576111 1.281129 0.071119 0.024743 -1.789541 297.804993
74.672852 68.373589 1.281132 0.043873 0.020794 -1.814911 297.940002
74.648270 68.172539 1.281136 0.025695 0.176103 -1.815159 298.070007
74.611992 67.940193 1.281138 0.005150 0.127309 -1.820516 298.204987
74.571648 67.708603 1.281138 0.004816 0.072947 -1.808309 298.329987
74.535141 67.507683 1.281138 0.009948 0.046450 -1.800298 298.434998
74.496529 67.304123 1.281138 0.011175 0.033088 -1.793815 298.540009
74.456070 67.099380 1.281138 0.008130 0.027089 -1.788648 298.644989
74.414268 66.894104 1.281138 0.003641 0.022465 -1.784490 298.750000
74.371719 66.688622 1.281138 -0.001909 0.020899 -1.781203 298.855011
74.330551 66.482750 1.281138 -0.079372 0.019537 -1.698748 298.959991
74.297043 66.275917 1.281138 -0.088764 0.021941 -1.605085 299.065002
74.273071 66.068504 1.281138 -0.092398 0.026417 -1.516510 299.170013
74.257805 65.850922 1.281138 -0.026079 0.028453 -1.495075 299.279999
74.247284 65.642632 1.281138 -0.023862 0.028342 -1.506974 299.385010
74.239624 65.433670 1.281138 -0.036249 0.026430 -1.516529 299.489990
74.236000 65.224281 1.281138 -0.040830 0.024043 -1.524242 299.595001
74.238503 65.014809 1.281138 -0.051369 0.023565 -1.491476 299.700012
74.246765 64.805450 1.281138 -0.013099 0.022838 -1.501873 299.804993
74.256607 64.595932 1.281138 0.003369 0.021638 -1.510217 299.910004
74.268761 64.356354 1.281138 -0.022712 0.019971 -1.465354 300.029999
74.281448 64.146950 1.281138 0.014530 0.020047 -1.473653 300.135010
74.293533 63.927486 1.281138 0.013101 0.020045 -1.480789 300.244995
74.303886 63.717899 1.281138 0.004976 0.020749 -1.486261 300.350006
74.313919 63.508255 1.281138 -0.002751 0.020625 -1.490628 300.454987
74.324448 63.298611 1.281138 -0.007419 0.021028 -1.494134 300.559998
74.335938 63.088966 1.281138 -0.008736 0.020716 -1.496944 300.665009
74.349037 62.879436 1.281138 -0.048920 0.019737 -1.456822 300.769989
74.368584 62.640476 1.281138 -0.008869 0.020631 -1.460400 300.890015
74.387207 62.431473 1.281138 -0.005505 0.020808 -1.462876 300.994995
74.406654 62.222469 1.281138 -0.004990 0.020999 -1.464877 301.100006
74.426849 62.013470 1.281138 -0.003750 0.020481 -1.466478 301.204987
74.447647 61.804546 1.281138 -0.001671 0.020128 -1.467765 301.309998
74.471779 61.565777 1.281138 0.035092 0.019337 -1.490737 301.429993
74.491806 61.336830 1.281138 0.012085 0.020588 -1.516628 301.545013
74.508354 61.127682 1.281138 0.006454 0.021579 -1.514981 301.649994
74.524246 60.918388 1.281138 0.009400 0.021081 -1.513678 301.755005
74.540611 60.689003 1.281138 0.011103 0.020113 -1.512548 301.869995
74.556358 60.449554 1.281138 0.009629 0.020213 -1.511614 301.989990
74.570786 60.240173 1.281138 -0.075003 0.018993 -1.421084 302.095001
74.592857 60.032089 1.281138 -0.088644 0.022634 -1.322840 302.200012
74.624802 59.826115 1.281138 -0.094605 0.028148 -1.234051 302.304993
74.671829 59.603798 1.281138 -0.101971 -0.001223 -1.144917 302.420013
74.727707 59.398922 1.281138 -0.110336 -0.055413 -1.064416 302.529999
74.793472 59.205650 1.281138 -0.129997 0.065618 -0.991239 302.640015
74.872734 59.015335 1.281138 -0.049203 0.076978 -1.010118 302.750000
74.957420 58.831688 1.281138 -0.047168 0.058636 -1.024685 302.855011
75.049217 58.647152 1.281138 -0.043439 0.040800 -1.036402 302.959991
75.147141 58.463215 1.281138 -0.079615 0.029862 -1.002121 303.065002
75.252518 58.282139 1.281138 -0.091417 0.025162 -0.950007 303.170013
75.366432 58.105892 1.281138 -0.087121 0.022629 -0.863514 303.274994
75.488022 57.935814 1.281138 -0.079524 -0.018922 -0.780375 303.380005
75.613281 57.774818 1.281138 -0.081418 -0.073574 -0.705689 303.484985
75.743660 57.620018 1.281138 -0.100388 -0.016071 -0.635039 303.595001
75.902931 57.447105 1.281138 -0.041599 0.091695 -0.686552 303.725006
76.048523 57.299450 1.281138 -0.067806 0.071978 -0.690783 303.834991
76.197166 57.160133 1.281138 -0.070279 0.048487 -0.694000 303.940002
76.353378 57.024090 1.281138 -0.054855 0.033237 -0.696598 304.045013
76.514900 56.891281 1.281138 -0.092141 0.024281 -0.655137 304.149994
76.682556 56.764851 1.281138 -0.092940 0.015038 -0.560967 304.255005
76.854607 56.646965 1.281138 -0.068933 -0.042714 -0.473045 304.359985
77.048088 56.524143 1.281138 -0.067391 -0.099932 -0.383553 304.480011
77.223419 56.420296 1.281138 -0.087910 -0.048490 -0.309287 304.595001
77.428764 56.314232 1.281138 -0.073628 0.126862 -0.248051 304.730011
77.620171 56.232044 1.281138 -0.052713 0.105802 -0.231725 304.845001
77.815277 56.157650 1.281138 -0.039888 0.070141 -0.249583 304.954987
78.008263 56.089436 1.281138 -0.045492 0.046739 -0.258528 305.059998
78.205437 56.024887 1.281138 -0.053894 0.033238 -0.260741 305.170013
78.405777 55.966404 1.281138 -0.049993 0.027186 -0.227090 305.274994
78.608177 55.912975 1.281138 -0.020084 0.023343 -0.239397 305.380005
78.811295 55.861214 1.281138 0.029001 0.000001 -0.271254 305.484985
79.011971 55.808197 1.281138 -0.038325 -0.062675 -0.228892 305.589996
79.212646 55.757999 1.281138 -0.097991 -0.128138 -0.069621 305.700012
79.446617 55.710495 1.281138 -0.087914 -0.057311 0.027592 305.839996
79.651085 55.681786 1.281138 -0.094844 -0.008518 0.099015 305.970001
79.858078 55.668400 1.281138 -0.094565 0.013882 0.166753 306.105011
80.062569 55.671707 1.281138 -0.054680 0.020424 0.198281 306.239990
80.266296 55.686008 1.281138 -0.033006 0.017157 0.181722 306.369995
80.469910 55.706791 1.281138 -0.030097 0.014629 0.171636 306.505005
80.673080 55.733158 1.281138 -0.021945 0.012626 0.163992 306.640015
80.893143 55.766315 1.281138 -0.009157 0.157217 0.157843 306.785004
81.092873 55.798370 1.281138 0.001438 0.145658 0.153986 306.904999
81.291771 55.830315 1.281138 0.008976 0.095305 0.151195 307.015015
81.490257 55.861351 1.281138 0.013534 0.060921 0.149073 307.119995
81.693367 55.891880 1.281138 0.014361 0.040763 0.147379 307.225006
81.898911 55.921535 1.281138 -0.018791 0.011806 0.167191 307.329987
82.102806 55.952267 1.281138 -0.004219 -0.051491 0.186170 307.434998
82.307701 55.984215 1.281138 -0.043556 -0.096022 0.229086 307.545013
82.510597 56.021858 1.281138 -0.106229 -0.057845 0.371445 307.660004
82.717163 56.073296 1.281138 -0.120177 -0.054194 0.499118 307.785004
82.934952 56.148102 1.281138 -0.106513 -0.001981 0.634438 307.929993
83.122856 56.233654 1.281138 -0.100974 0.019828 0.697899 308.065002
83.300064 56.334755 1.281138 -0.100004 0.026537 0.765101 308.200012
83.466888 56.451248 1.281138 -0.089983 0.025957 0.828374 308.334991
83.640541 56.596355 1.281138 -0.077833 0.023181 0.899603 308.484985
83.801773 56.753490 1.281138 -0.055210 -0.128082 1.008311 308.635010
83.943825 56.899723 1.281138 -0.073460 -0.229001 1.175864 308.795013
84.087914 57.040169 1.281138 -0.080349 -0.122151 1.432430 309.040009
84.241951 57.168274 1.281138 -0.034161 -0.007166 2.081695 309.660004
84.045975 57.278332 1.281138 -0.020030 0.319503 2.859240 310.834991
83.848068 57.335117 1.281138 -0.004022 0.222406 2.935981 310.975006
83.654602 57.388069 1.281138 0.001141 0.125414 3.006824 311.089996
83.456108 57.440987 1.281138 0.035560 0.069750 3.040063 311.200012
83.260818 57.494114 1.281138 -0.051507 0.052013 3.087285 311.304993
83.061676 57.542290 1.281138 -0.109921 0.049308 -3.120328 311.410004
82.840034 57.580757 1.281138 -0.149794 0.053877 -3.035064 311.524994
82.635544 57.598518 1.281138 -0.116843 0.053473 -2.989204 311.632996
82.429604 57.601665 1.281138 -0.111017 0.047956 -2.962019 311.734985
82.212860 57.592060 1.281138 -0.067342 0.038579 -2.977452 311.845001
82.005348 57.574417 1.281138 -0.113793 0.031023 -2.945627 311.950012
81.798470 57.547012 1.281138 -0.041036 0.027459 -2.953440 312.054993
81.591728 57.514626 1.281138 -0.008774 0.023999 -2.962999 312.160004
81.394623 57.482491 1.298985 0.006662 0.021687 -2.970247 312.260010
81.197258 57.450676 1.315270 0.014525 0.020028 -2.976176 312.359985
80.999695 57.419983 1.350010 0.017685 0.019705 -2.981084 312.459991
80.801880 57.390759 1.377456 0.050972 0.018326 -3.007398 312.559998
80.593735 57.365715 1.375907 0.105250 0.018855 -3.120092 312.665009
80.367401 57.351109 1.374490 0.112714 -0.109390 3.005997 312.779999
80.165695 57.348854 1.373346 0.101840 -0.105848 2.928933 312.890015
79.931953 57.359856 1.372141 0.110890 -0.036662 2.842050 313.029999
79.729248 57.386223 1.371234 0.106708 -0.000082 2.773092 313.160004
79.527565 57.430981 1.370470 0.094609 0.016546 2.704911 313.295013
79.311081 57.499836 1.369788 0.068007 0.019867 2.639807 313.445007
79.121613 57.575661 1.369295 0.023125 0.016971 2.620526 313.579987
78.905495 57.667862 1.368841 -0.028081 0.012124 2.763807 313.734985
78.717506 57.742111 1.368536 -0.035035 0.168731 2.854913 313.864990
78.524223 57.814548 1.368306 0.033702 0.131104 2.844879 313.984985
78.334084 57.888542 1.357173 -0.006381 0.083117 2.860376 314.095001
78.145218 57.961140 1.351831 -0.027138 0.056051 2.859514 314.200012
77.953323 58.030266 1.352966 -0.111042 -0.101130 2.972957 314.304993
77.745102 58.093170 1.354053 -0.120758 -0.095231 3.058796 314.424988
77.550377 58.137928 1.344589 -0.086807 -0.042164 3.104685 314.545013
77.334373 58.175213 1.340411 -0.029720 -0.260192 3.003760 314.690002
77.135887 58.203049 1.340411 0.023156 -0.209318 2.815267 314.869995
76.934784 58.221378 1.340411 0.048992 -0.087162 2.480169 315.190002
76.955894 58.422649 1.340411 -0.013832 0.319010 0.781347 317.350006
77.100044 58.572918 1.340411 -0.004223 0.223021 0.785150 317.489990
77.259933 58.739471 1.340411 0.002659 0.115921 0.787926 317.619995
77.425781 58.911152 1.340411 0.005392 0.061954 0.791038 317.744995
77.568352 59.060364 1.340411 -0.055290 0.036391 0.872033 317.850006
77.709457 59.214092 1.340411 0.003819 0.026289 0.866493 317.954987
77.851425 59.368771 1.340411 0.004819 0.020520 0.861972 318.059998
77.987328 59.516315 1.340411 -0.002918 0.018778 0.858494 318.160004
78.123268 59.664360 1.340411 0.010021 0.015681 0.844521 318.260010
78.260658 59.811127 1.340411 0.019058 0.014988 0.781242 318.359985
78.401169 59.954563 1.340411 0.072449 0.015535 0.686485 318.459991
78.545197 60.094040 1.340411 0.013359 0.018294 0.691402 318.559998
78.690842 60.232082 1.340411 0.079162 0.018383 0.647929 318.660004
78.841194 60.364399 1.340411 0.114003 0.021439 0.559257 318.760010
79.006172 60.493408 1.340411 0.122751 0.027400 0.470995 318.864990
79.178429 60.611145 1.340411 0.108977 0.031961 0.396171 318.970001
79.356758 60.719250 1.340411 0.114732 0.033648 0.354577 319.075012
79.558319 60.827019 1.340411 0.098310 0.031022 0.326292 319.190002
79.747421 60.915417 1.340411 0.081349 0.031566 0.284708 319.295013
79.941063 60.993427 1.340411 0.124437 0.023903 0.211391 319.399994
80.137360 61.058884 1.340411 0.114534 -0.028145 0.134595 319.505005
80.330811 61.111549 1.340411 0.114839 0.025254 0.061839 319.609985
80.534508 61.156467 1.340411 0.035737 0.062121 0.079454 319.720001
80.753021 61.198830 1.340411 0.040060 0.050459 0.102085 319.834991
80.966293 61.235069 1.340411 0.043502 0.036613 0.115354 319.945007
81.172295 61.265404 1.340411 0.036413 0.028623 0.123159 320.049988
81.379669 61.292305 1.340411 0.023363 0.024187 0.127911 320.154999
81.587776 61.317108 1.340411 0.009135 0.022020 0.130654 320.260010
81.796204 61.341259 1.340411 -0.002597 0.020618 0.132287 320.364990
82.004646 61.365982 1.340411 -0.010391 0.020859 0.133248 320.470001
82.212975 61.392048 1.340411 -0.012561 0.020528 0.134372 320.575012
82.429497 61.421902 1.340411 -0.103578 -0.111112 0.282218 320.684998
82.629501 61.459400 1.340411 -0.158748 -0.110007 0.478835 320.795013
82.853188 61.523399 1.340411 -0.176518 -0.021707 0.670317 320.934998
83.037582 61.602993 1.340411 -0.161785 0.022212 0.782687 321.065002
83.210945 61.707211 1.340411 -0.117214 0.038893 0.868183 321.200012
83.370712 61.829979 1.340411 -0.103054 0.037052 0.924044 321.334991
83.529022 61.978985 1.340411 -0.091254 0.030303 0.987553 321.480011
83.673973 62.142319 1.340411 -0.077771 0.024435 1.049118 321.625000
83.806580 62.316597 1.340411 -0.069562 0.021382 1.117762 321.769989
83.919449 62.486687 1.340411 -0.067957 0.020665 1.184342 321.904999
84.021896 62.663280 1.340411 -0.067863 0.020984 1.249797 322.040009
84.127098 62.877106 1.340411 -0.079126 0.177179 1.323281 322.195007
84.210854 63.092579 1.340411 -0.075478 0.139161 1.397314 322.329987
84.275124 63.295509 1.340411 -0.023059 0.087141 1.426502 322.445007
84.331352 63.489330 1.340411 -0.017573 0.049832 1.420748 322.549988
84.385223 63.683308 1.340411 -0.059016 -0.160168 1.530704 322.654999
84.441910 63.893799 1.340411 -0.092914 -0.303053 1.666841 322.785004
84.497894 64.087059 1.340411 -0.107342 -0.213575 1.839630 322.950012
84.566246 64.287346 1.340411 -0.088339 -0.079057 2.148553 323.244995
84.651901 64.468605 1.340411 -0.006328 0.005600 -2.935609 324.390015
84.476562 64.365509 1.340411 -0.032350 0.317348 -2.559241 325.154999
84.309891 64.245605 1.340411 -0.029703 0.253256 -2.536566 325.304993
84.146317 64.122780 1.340411 -0.024630 0.146391 -2.522829 325.424988
83.984222 63.997646 1.340411 -0.018622 0.081658 -2.513025 325.535004
83.824493 63.871914 1.340411 -0.012427 0.049995 -2.505486 325.640015
83.662483 63.742744 1.340411 -0.005311 0.034531 -2.499392 325.744995
83.499184 63.611824 1.340411 0.001028 0.024699 -2.494568 325.850006
83.342834 63.486538 1.340411 0.005153 0.019724 -2.490837 325.950012
83.185867 63.361271 1.340411 0.007296 0.017296 -2.487820 326.049988
83.028366 63.236320 1.340411 0.007577 0.016392 -2.485376 326.149994
82.870407 63.111752 1.340411 0.006565 0.015720 -2.483372 326.250000
82.710770 62.989555 1.340411 0.064294 0.014060 -2.570277 326.350006
82.548248 62.871845 1.340411 0.066117 0.017397 -2.605572 326.450012
82.382660 62.758968 1.340411 0.030135 0.018400 -2.643007 326.549988
82.214470 62.650345 1.340411 0.025955 0.019825 -2.676540 326.649994
82.044632 62.544067 1.340411 0.015645 0.019994 -2.667424 326.750000
81.873726 62.438999 1.340411 0.024194 0.018590 -2.659991 326.850006
81.701416 62.336060 1.340411 0.090865 0.018033 -2.700410 326.950012
81.526192 62.238667 1.340411 0.037936 0.019184 -2.702567 327.049988
81.349152 62.144470 1.340411 0.022358 0.019139 -2.695184 327.149994
81.171074 62.051884 1.340411 0.015997 0.017432 -2.689222 327.250000
80.992371 61.960335 1.340411 0.009849 0.017368 -2.684386 327.350006
80.813309 61.869270 1.340411 0.004676 0.017285 -2.680448 327.450012
80.634171 61.778267 1.340411 0.001031 0.016284 -2.677253 327.549988
80.455315 61.686810 1.340411 -0.058598 0.013154 -2.630172 327.649994
80.279556 61.590530 1.340411 -0.099055 0.015418 -2.523873 327.750000
80.100578 61.482201 1.340411 -0.098149 -0.080020 -2.430601 327.855011
79.928162 61.367199 1.340411 -0.067542 -0.126712 -2.354384 327.964996
79.759781 61.246597 1.340411 -0.051076 -0.068704 -2.372339 328.084991
79.599419 61.122448 1.340411 -0.061045 -0.027258 -2.344564 328.209991
79.445869 60.988796 1.314497 -0.084865 -0.003289 -2.272168 328.339996
79.302872 60.848789 1.314925 -0.018934 0.004384 -2.291737 328.470001
79.157852 60.701305 1.303859 -0.004341 0.007710 -2.311258 328.605011
79.013649 60.553349 1.304856 -0.000935 0.007894 -2.322570 328.739990
78.870743 60.404358 1.305666 -0.024921 0.008453 -2.279521 328.875000
78.711258 60.228916 1.306384 0.004730 0.169723 -2.253312 329.024994
78.576340 60.077778 1.306833 0.003831 0.121639 -2.257984 329.140015
78.438644 59.923203 1.307195 -0.007217 0.076106 -2.261673 329.250000
78.303909 59.769524 1.288334 -0.081471 0.043856 -2.208649 329.355011
78.172180 59.610275 1.273761 -0.034783 -0.011494 -2.201423 329.459991
78.034058 59.436359 1.274419 -0.075488 -0.021169 -2.174152 329.575012
77.911545 59.267662 1.274955 -0.123364 0.053204 -2.066289 329.684998
77.804527 59.096859 1.275386 -0.120219 0.054799 -1.971324 329.790009
77.707657 58.917122 1.275753 -0.114124 0.047989 -1.886337 329.894989
77.621376 58.730270 1.276065 -0.114728 0.043265 -1.804196 330.000000
77.533508 58.500568 1.276378 -0.121626 0.042139 -1.711313 330.125000
77.473480 58.302689 1.276597 -0.128214 0.043000 -1.634502 330.230011
77.427307 58.101265 1.276783 -0.136168 0.045137 -1.559053 330.334991
77.396034 57.897198 1.276942 -0.138343 0.046324 -1.486763 330.440002
77.380219 57.691738 1.277076 -0.160889 -0.023521 -1.377930 330.545013
77.378830 57.486511 1.277089 -0.078655 -0.243521 -1.465188 330.654999
77.385643 57.279049 1.277089 -0.003477 -0.297507 -1.606564 330.790009
77.400085 57.069229 1.277089 0.046208 -0.188197 -1.816010 330.989990
77.425545 56.869144 1.277089 0.053598 -0.064056 -2.198249 331.355011
77.499153 56.675896 1.277089 -0.026720 0.317750 -0.735738 333.429993
77.658302 56.548878 1.277089 0.004739 0.110627 -0.772626 333.644989
77.829529 56.411446 1.277089 0.047866 -0.197644 -0.971600 333.834991
77.988968 56.287754 1.277089 0.065774 -0.115680 -1.243880 334.095001
78.156898 56.178551 1.277089 0.024863 -0.003535 -2.008357 334.825012
77.975319 56.268967 1.277089 -0.012821 0.319536 2.660598 336.845001
77.787048 56.359314 1.277089 -0.006677 0.231972 2.669168 336.989990
77.606773 56.446018 1.277089 -0.003460 0.133226 2.674356 337.105011
77.412346 56.539822 1.277089 -0.002993 0.075197 2.678448 337.220001
77.228584 56.628658 1.277089 -0.003691 0.046488 2.681391 337.325012
77.041840 56.718967 1.277089 -0.004689 0.031105 2.683769 337.429993
76.835579 56.818604 1.277089 -0.005176 0.024230 2.685854 337.545013
76.647423 56.911644 1.277089 0.077638 0.019928 2.591546 337.649994
76.463234 57.011959 1.277089 0.085182 0.021131 2.499103 337.755005
76.282890 57.118660 1.277089 0.007494 0.021737 2.505546 337.859985
76.111679 57.222065 1.277089 0.009163 0.021394 2.514344 337.959991
75.940842 57.326981 1.277089 0.020125 0.019286 2.521456 338.059998
75.771072 57.434059 1.277089 0.025923 0.018466 2.527198 338.160004
75.602692 57.543617 1.277089 0.024177 0.017398 2.531877 338.260010
75.435913 57.654533 1.277089 -0.062384 -0.093309 2.655084 338.359985
75.245125 57.775967 1.277089 -0.083537 -0.126934 2.760349 338.480011
75.067436 57.879265 1.277089 -0.102955 -0.061088 2.844622 338.600006
74.888153 57.968826 1.277089 -0.110234 -0.012528 2.920015 338.725006
74.701630 58.044064 1.277089 -0.067716 0.008250 2.947316 338.855011
74.506042 58.109821 1.277089 -0.047314 0.012141 2.934237 338.989990
74.301216 58.169449 1.277089 -0.057638 0.011943 2.937927 339.130005
74.101624 58.217621 1.277089 -0.061640 0.012714 2.991681 339.265015
73.899643 58.256786 1.277089 -0.026802 0.122611 3.021287 339.399994
73.696907 58.290581 1.277089 -0.004504 0.157946 3.016282 339.524994
73.491699 58.323578 1.277089 0.041066 0.102459 2.979524 339.640015
73.285576 58.359066 1.277089 -0.005157 0.065250 2.964297 339.750000
73.084145 58.395561 1.277089 -0.003522 0.042534 2.912272 339.855011
72.880295 58.433022 1.277089 -0.027782 0.030607 2.920197 339.959991
72.674721 58.468517 1.277089 -0.017261 0.025370 2.926522 340.065002
72.468231 58.502846 1.277089 -0.002706 0.022805 2.931603 340.170013
72.261406 58.537365 1.277089 0.008463 0.021808 2.935683 340.274994
72.054512 58.572388 1.277089 -0.026355 0.019006 2.988579 340.380005
71.847549 58.606007 1.277089 0.002198 -0.040169 2.956854 340.484985
71.649216 58.638466 1.277089 0.025192 -0.250169 2.846900 340.589996
71.430916 58.672722 1.277089 0.064377 -0.299459 2.700294 340.730011
71.226608 58.699425 1.277089 0.085502 -0.183825 2.501329 340.920013
71.025826 58.715614 1.277089 0.069567 -0.060359 2.145288 341.260010
71.227364 58.790100 1.277089 0.021932 0.125334 0.166041 343.480011
71.433662 58.831947 1.277089 0.046190 0.058424 0.145406 343.630005
71.659676 58.866959 1.277089 0.022596 0.028754 0.151119 343.785004
71.868248 58.894707 1.277089 -0.012823 0.017558 0.235056 343.924988
72.067169 58.924225 1.277089 0.028613 0.170883 0.273108 344.054993
72.278656 58.959923 1.277089 -0.005545 0.130679 0.324926 344.179993
72.478424 58.997509 1.277089 0.001037 0.085873 0.312797 344.290009
72.676331 59.036335 1.277089 -0.026092 0.053175 0.303593 344.394989
72.894936 59.083523 1.277089 -0.044494 -0.030909 0.295576 344.510010
73.108345 59.136539 1.277089 -0.120161 -0.015161 0.377321 344.625000
73.302254 59.197155 1.277089 -0.094548 -0.103668 0.472380 344.734985
73.494591 59.268753 1.277089 -0.078578 -0.063897 0.539896 344.855011
73.686333 59.352039 1.277089 -0.074517 -0.018193 0.610645 344.984985
73.880127 59.450699 1.277089 -0.052601 0.003689 0.668301 345.125000
74.059990 59.552963 1.277089 -0.023422 0.009428 0.642408 345.260010
74.236877 59.659298 1.277089 -0.027364 0.010690 0.624593 345.394989
74.410889 59.770004 1.277089 -0.025067 0.009616 0.614758 345.529999
74.578491 59.881382 1.277089 -0.022959 -0.208497 0.728455 345.665009
74.746719 59.991829 1.277089 -0.055269 -0.221652 0.906478 345.834991
74.922661 60.097740 1.277089 -0.066424 -0.095937 1.210167 346.125000
75.103844 60.182743 1.277089 -0.007831 0.003859 2.398736 347.260010
74.913239 60.258656 1.277089 -0.010073 0.318123 2.804679 348.195007
74.725266 60.327629 1.277089 -0.042263 0.254817 2.751915 348.339996
74.532616 60.394756 1.277089 -0.058359 0.142723 2.762136 348.459991
74.338440 60.456451 1.277089 -0.021678 0.084498 2.765838 348.570007
74.135933 60.519318 1.277089 0.013103 0.053920 2.768780 348.679993
73.939468 60.582588 1.277089 0.033413 0.037411 2.771755 348.785004
73.742439 60.650398 1.277089 0.038591 0.028095 2.773260 348.890015
73.545364 60.721123 1.277089 0.008531 0.021703 2.822462 348.994995
73.348305 60.793228 1.277089 0.031032 0.019655 2.814939 349.100006
73.161438 60.864811 1.277089 -0.033586 0.018341 2.849815 349.200012
72.964371 60.937035 1.277089 -0.086127 0.020944 2.943043 349.304993
72.737076 61.011955 1.277089 -0.021124 0.023877 2.929828 349.424988
72.537018 61.074879 1.277089 -0.032105 0.023667 2.917774 349.529999
72.345322 61.131966 1.277089 -0.041634 0.022162 2.911531 349.630005
72.152458 61.185474 1.277089 -0.041189 0.020745 2.905959 349.730011
71.948845 61.237865 1.277089 -0.033782 0.019690 2.902318 349.834991
71.754158 61.284878 1.277089 -0.022812 0.018486 2.899850 349.934998
71.559067 61.330158 1.277089 -0.009339 0.018997 2.898611 350.035004
71.363625 61.373768 1.277089 -0.070734 0.019450 2.971984 350.135010
71.160095 61.412323 1.277089 -0.077836 -0.129292 3.119556 350.239990
70.961578 61.443268 1.277089 -0.071969 -0.110440 -3.090121 350.350006
70.753494 61.468742 1.277089 -0.046655 -0.048321 -3.063942 350.475006
70.547653 61.487419 1.277089 -0.046239 -0.011088 -3.079129 350.605011
70.346313 61.498569 1.277089 -0.047947 0.002432 -3.090713 350.734985
70.124039 61.501896 1.277089 -0.037203 0.007748 -3.100634 350.880005
69.887779 61.497105 1.277089 -0.041740 0.009846 -3.088091 351.035004
69.667747 61.483978 1.277089 -0.022893 0.011497 -3.021879 351.179993
69.466339 61.467480 1.277089 0.013450 0.172494 -3.034580 351.309998
69.260277 61.451496 1.277089 0.009616 0.135656 -3.039880 351.429993
69.056641 61.436321 1.277089 0.003176 0.085731 -3.043706 351.540009
68.854820 61.421589 1.277089 0.057056 0.053237 -3.090784 351.644989
68.649216 61.412022 1.277089 0.080682 0.037076 3.090808 351.750000
68.441971 61.409138 1.277089 -0.002424 0.029860 3.088103 351.855011
68.233650 61.406879 1.277089 -0.001318 0.027403 3.094131 351.959991
68.024597 61.404770 1.277089 0.011278 0.024535 3.098958 352.065002
67.795166 61.404053 1.277089 0.020393 0.023330 3.103168 352.179993
67.585449 61.405750 1.277089 0.021475 0.021679 3.106215 352.285004
67.375725 61.409805 1.277089 0.017056 0.020937 3.108665 352.390015
67.166000 61.415768 1.277089 0.009765 0.021026 3.110641 352.494995
66.916328 61.424217 1.277089 0.000890 0.020309 3.112490 352.619995
66.696617 61.431866 1.277089 -0.005383 0.020166 3.113767 352.730011
66.486893 61.438644 1.277089 -0.008470 0.020900 3.114738 352.834991
66.267044 61.444839 1.277089 -0.009053 0.020061 3.115558 352.945007
66.057251 61.448196 1.277089 -0.032799 0.019205 -3.113769 353.049988
65.847687 61.447441 1.277089 -0.070314 0.021241 -3.063755 353.154999
65.638535 61.440010 1.277089 -0.024607 0.021631 -3.020227 353.260010
65.429611 61.429012 1.277089 -0.001317 0.022947 -3.027766 353.364990
65.220474 61.417419 1.277089 -0.007644 0.022273 -3.033797 353.470001
64.991447 61.404442 1.277089 0.015990 -0.050099 -3.042298 353.584991
64.782852 61.394371 1.277089 -0.032186 -0.270099 -2.927108 353.695007
64.580139 61.386524 1.277089 -0.071651 -0.298523 -2.790974 353.825012
64.370209 61.384109 1.277089 -0.090350 -0.179799 -2.586774 354.019989
64.169937 61.392307 1.277089 -0.069223 -0.053602 -2.225493 354.364990
64.396790 61.323078 1.277089 -0.019757 0.262279 -0.156166 356.834991
64.594696 61.282238 1.277089 -0.003569 0.152260 -0.081868 356.954987
64.793510 61.244934 1.277089 -0.032055 0.088115 -0.009113 357.065002
64.991249 61.212597 1.277089 -0.006042 0.059280 0.023151 357.170013
65.193420 61.182125 1.277089 -0.025011 0.047748 0.013066 357.274994
65.418327 61.152386 1.277089 -0.063565 0.039218 0.004309 357.390015
65.625824 61.132286 1.277089 -0.077527 0.030746 -0.002008 357.494995
65.834419 61.121735 1.277089 -0.092867 0.027623 0.033362 357.600006
66.053223 61.123470 1.277089 -0.068517 0.026086 0.073794 357.709991
66.292000 61.135098 1.277089 -0.022185 0.023681 0.066949 357.829987
66.501122 61.148224 1.277089 -0.004321 0.021924 0.062185 357.934998
66.710251 61.163372 1.277089 -0.024795 0.020424 0.113157 358.040009
66.919174 61.181240 1.277089 0.001639 0.021307 0.110910 358.144989
67.128120 61.199368 1.277089 -0.000716 0.021386 0.109118 358.250000
67.337204 61.217850 1.277089 -0.005412 0.020872 0.107676 358.359985
67.546204 61.237137 1.277089 -0.008000 0.020441 0.106522 358.464996
67.755127 61.257477 1.277089 -0.007599 0.020282 0.105595 358.570007
67.964050 61.278202 1.277089 0.028561 0.019283 0.066190 358.674988
68.183014 61.297192 1.277089 0.026532 0.019935 0.028662 358.785004
68.392097 61.313046 1.277089 -0.003647 0.020733 0.033787 358.890015
68.601181 61.329144 1.277089 0.002278 0.021012 0.037900 358.994995
68.810394 61.345055 1.277089 0.010395 0.020479 0.041238 359.100006
69.019669 61.359928 1.277089 0.015651 0.020193 0.043905 359.204987
69.229073 61.373226 1.277089 0.015721 0.021235 0.046019 359.309998
69.438606 61.384972 1.277089 0.012467 0.020843 0.047713 359.415009
69.688103 61.397411 1.277089 0.006445 0.020236 0.049307 359.540009
69.897751 61.405617 1.277089 0.043776 0.018866 -0.015035 359.644989
70.107239 61.409718 1.277089 0.008755 0.021446 -0.013068 359.750000
70.316803 61.412651 1.277089 0.008563 0.021146 -0.011320 359.855011
70.526466 61.414574 1.277089 0.011849 0.021488 -0.009939 359.959991
70.736191 61.415215 1.277089 0.012007 0.020823 -0.008828 360.065002
70.965919 61.414440 1.277089 0.009018 0.020061 -0.007857 360.179993
71.195526 61.410847 1.277089 0.086880 0.019459 -0.096956 360.295013
71.404411 61.399712 1.277089 0.079891 0.021749 -0.161042 360.399994
71.632172 61.379211 1.277089 0.087005 0.025135 -0.221641 360.515015
71.877541 61.343945 1.277089 0.114547 0.030883 -0.329280 360.640015
72.080521 61.300510 1.277089 0.119254 0.035492 -0.412665 360.744995
72.279778 61.243767 1.277089 0.123076 0.039092 -0.494121 360.850006
72.474449 61.173416 1.277089 0.124561 0.040940 -0.571263 360.954987
72.663651 61.089565 1.277089 0.127145 0.042024 -0.644587 361.059998
72.846413 60.992344 1.277089 0.133421 0.042635 -0.720224 361.165009
73.021362 60.881927 1.277089 0.159587 -0.027639 -0.834324 361.269989
73.200768 60.746853 1.277089 0.154364 -0.099941 -0.963341 361.390015
73.352951 60.610626 1.277089 0.146917 -0.045292 -1.025544 361.510010
73.493057 60.457985 1.277089 0.134893 -0.003867 -1.091630 361.640015
73.614838 60.298149 1.277089 0.060527 0.007365 -1.057816 361.769989
73.731636 60.127205 1.277089 0.039497 0.008410 -1.037224 361.904999
73.842567 59.952961 1.277089 0.020943 0.008345 -1.026566 362.040009
73.954506 59.770573 1.277089 0.003758 0.008231 -1.018360 362.179993
74.078491 59.567841 1.277089 -0.008201 0.126671 -1.011705 362.334991
74.188263 59.391788 1.277089 -0.039333 0.151642 -0.993019 362.459991
74.304268 59.218521 1.277089 -0.091060 0.088071 -0.883051 362.575012
74.435799 59.045025 1.277089 -0.084269 0.064078 -0.781120 362.690002
74.567192 58.889591 1.277089 -0.085495 0.049011 -0.695061 362.795013
74.707649 58.739021 1.277089 -0.092789 0.040379 -0.615648 362.899994
74.856476 58.595242 1.277089 -0.110945 0.039377 -0.538185 363.005005
75.013939 58.460587 1.277089 -0.130112 0.041660 -0.461757 363.109985
75.180473 58.337498 1.277089 -0.145818 0.044859 -0.384822 363.214996
75.390152 58.208965 1.277089 -0.151657 0.017559 -0.295501 363.339996
75.571518 58.118137 1.277089 -0.146128 -0.043519 -0.223741 363.445007
75.758247 58.040783 1.277089 -0.103376 -0.093201 -0.192485 363.554993
75.947159 57.973854 1.277089 -0.000746 0.084450 -0.263528 363.670013
76.159904 57.899975 1.277089 0.039315 0.002416 -0.435567 363.795013
76.376183 57.818783 1.301163 0.049407 -0.085402 -0.585809 363.924988
76.567375 57.740376 1.311170 0.081293 -0.037511 -0.669350 364.049988
76.765022 57.644855 1.309099 0.111287 0.006382 -0.749741 364.190002
76.948570 57.535152 1.307423 0.073361 0.019278 -0.736431 364.329987
77.116722 57.417202 1.292800 0.073298 0.015962 -0.735075 364.464996
77.292938 57.273415 1.291722 0.033197 -0.096270 -0.735801 364.614990
77.443588 57.140244 1.291722 -0.017110 -0.252267 -0.578717 364.765015
77.593803 56.998138 1.291722 -0.054740 -0.150713 -0.337854 364.994995
77.729919 56.850037 1.291722 -0.041934 -0.028264 0.185761 365.494995
77.887169 56.722530 1.291722 -0.025757 0.319009 -0.563228 366.755005
78.067505 56.620770 1.291722 -0.018670 0.301682 -0.475526 366.934998
78.250526 56.523380 1.291722 -0.001423 0.179731 -0.392868 367.065002
78.459503 56.415562 1.291722 -0.018615 0.091549 -0.303635 367.195007
78.664627 56.314964 1.291722 -0.056341 0.058340 -0.219845 367.315002
78.868080 56.222607 1.291722 -0.013859 0.045218 -0.227752 367.429993
79.057617 56.139843 1.291722 -0.043663 0.039548 -0.251570 367.535004
79.250832 56.062099 1.291722 -0.144113 0.036111 -0.191493 367.640015
79.448776 55.998478 1.291722 -0.165702 0.038892 -0.105607 367.744995
79.650787 55.952225 1.291722 -0.153862 0.041251 -0.027901 367.850006
79.855652 55.922520 1.291722 -0.128415 0.040154 0.046127 367.954987
80.062225 55.906586 1.291722 -0.048560 0.036031 0.066638 368.059998
80.270103 55.896774 1.291722 -0.011136 0.028415 0.048860 368.165009
80.478851 55.888542 1.291722 -0.009612 0.025224 0.034522 368.269989
80.688118 55.881470 1.291722 -0.010880 0.022972 0.022977 368.375000
80.897652 55.875610 1.291722 -0.009730 0.022167 0.013786 368.480011
81.117363 55.870720 1.291722 -0.050823 0.021658 0.035745 368.589996
81.336884 55.871761 1.291722 -0.088956 0.023648 0.129726 368.700012
81.545593 55.882393 1.291722 -0.031596 0.024751 0.169499 368.804993
81.803749 55.901100 1.291722 -0.005012 0.023648 0.156676 368.934998
82.012520 55.917477 1.291722 -0.016737 0.024030 0.149020 369.040009
82.221428 55.935997 1.291722 -0.024453 0.022294 0.142875 369.144989
82.430153 55.957394 1.291722 -0.024342 0.021814 0.137896 369.250000
82.638680 55.981594 1.291722 -0.018074 0.020942 0.133975 369.355011
82.847015 56.007919 1.291722 -0.008935 0.020346 0.130824 369.459991
83.045380 56.033749 1.291722 0.058876 0.018311 0.080327 369.559998
83.253815 56.055290 1.291722 0.095973 0.021110 -0.021823 369.665009
83.462196 56.066483 1.291722 0.102311 0.026998 -0.115117 369.769989
83.699692 56.065239 1.291722 0.110186 0.033807 -0.212784 369.890015
83.906342 56.050926 1.291722 0.117915 0.038723 -0.291982 369.994995
84.111191 56.023209 1.291722 0.125823 0.042330 -0.367859 370.100006
84.313911 55.982704 1.291722 0.056024 0.035784 -0.365279 370.204987
84.514984 55.934959 1.291722 0.055742 -0.026398 -0.348087 370.309998
84.744530 55.872540 1.291722 0.052348 -0.101306 -0.335425 370.434998
84.938652 55.813152 1.291722 0.036370 -0.091629 -0.327072 370.549988
85.139763 55.742081 1.291722 0.094168 -0.034810 -0.494310 370.679993
85.355370 55.648209 1.291722 0.049461 -0.004228 -0.571798 370.829987
85.541328 55.556389 1.291722 0.043357 0.006556 -0.635753 370.964996
85.721848 55.457886 1.291722 0.049828 0.012872 -0.699949 371.100006
85.915848 55.339218 1.291722 0.015859 0.015123 -0.731168 371.250000
86.100296 55.218922 1.291722 -0.009190 0.013068 -0.650201 371.394989
86.272896 55.106716 1.291722 0.000456 0.008510 -0.548655 371.524994
86.441887 54.990578 1.291722 0.114208 0.004968 -0.714436 371.660004
86.596855 54.859600 1.291722 0.132552 0.016267 -0.873540 371.795013
86.736008 54.713261 1.291722 0.133044 0.024168 -1.034852 371.929993
86.856796 54.552620 1.291722 0.112045 0.029703 -1.200391 372.065002
86.960426 54.380993 1.291722 0.099475 0.032539 -1.324168 372.200012
87.049850 54.201309 1.291722 0.066863 0.032026 -1.385163 372.334991
87.127220 54.015175 1.291722 0.083417 0.033146 -1.445259 372.470001
87.190994 53.823181 1.291722 0.085933 0.030633 -1.488975 372.605011
87.240028 53.626446 1.291722 0.092170 0.028215 -1.552646 372.739990
87.272652 53.426277 1.291722 0.087332 0.027370 -1.618876 372.875000
87.289558 53.224014 1.291722 0.076520 0.025119 -1.683875 373.010010
87.292374 53.020889 1.291722 0.069226 0.023928 -1.748956 373.144989
87.282959 52.808163 1.291722 0.030966 0.160408 -1.769751 373.285004
87.266342 52.608566 1.291722 0.003179 0.153771 -1.756088 373.404999
87.245987 52.399879 1.291722 0.015550 0.097860 -1.745824 373.519989
87.222618 52.190929 1.291722 0.022958 0.061496 -1.738054 373.630005
87.194092 51.967709 1.291722 0.021135 0.040026 -1.731674 373.744995
87.165077 51.761932 1.291722 0.014297 0.029671 -1.727018 373.850006
87.134171 51.555317 1.291722 0.005048 0.024660 -1.723275 373.954987
87.102486 51.348255 1.291722 -0.003962 0.021987 -1.720282 374.059998
87.066475 51.111240 1.291722 -0.010816 0.021817 -1.717584 374.179993
87.035843 50.903511 1.291722 -0.012820 0.020287 -1.715710 374.285004
87.007690 50.705486 1.291722 -0.011859 0.020198 -1.714269 374.385010
86.977745 50.487492 1.291722 -0.008828 0.019806 -1.713003 374.494995
86.951172 50.289223 1.291722 -0.005278 0.020174 -1.712075 374.595001
86.924873 50.090935 1.291722 -0.002172 0.019754 -1.711328 374.695007
86.898544 49.892643 1.291722 0.000169 0.020418 -1.710718 374.795013
86.871948 49.694340 1.291722 0.001276 0.019855 -1.710226 374.894989
86.845009 49.496101 1.291722 0.001317 0.019934 -1.709827 374.994995
86.817711 49.297890 1.291722 0.000519 0.020254 -1.709503 375.095001
86.788757 49.089767 1.291722 -0.000727 0.019713 -1.709224 375.200012
86.759598 48.881691 1.291722 -0.002030 0.019927 -1.709000 375.304993
86.731827 48.683556 1.291722 -0.002979 0.020148 -1.708831 375.404999
86.704079 48.485378 1.291722 -0.003594 0.020045 -1.708692 375.505005
86.675217 48.267265 1.291722 -0.087438 0.017639 -1.620947 375.614990
86.655281 48.039070 1.291722 -0.106248 0.023138 -1.509286 375.730011
86.649178 47.831009 1.291722 -0.071210 0.029646 -1.441428 375.834991
86.651199 47.622917 1.291722 -0.075781 0.030760 -1.421025 375.940002
86.659775 47.414661 1.291722 -0.080651 0.030799 -1.396021 376.045013
86.675323 47.206474 1.291722 -0.082433 0.030199 -1.369768 376.149994
86.698212 46.998718 1.291722 -0.080256 0.028550 -1.332526 376.255005
86.727509 46.791576 1.291722 -0.010259 0.023445 -1.348612 376.359985
86.761078 46.584972 1.291722 -0.047809 0.024483 -1.300698 376.464996
86.804955 46.360088 1.291722 -0.008340 0.022635 -1.311559 376.579987
86.849937 46.145359 1.291722 0.031280 0.020051 -1.359759 376.690002
86.890541 45.939857 1.291722 0.017536 0.020300 -1.432415 376.795013
86.929153 45.733986 1.291722 -0.005024 0.021794 -1.430922 376.899994
86.972038 45.508339 1.291722 0.011560 0.022140 -1.429622 377.015015
87.018990 45.252678 1.291722 0.027220 0.021479 -1.428487 377.144989
87.054039 45.055740 1.291722 -0.049150 0.018482 -1.339436 377.244995
87.093781 44.849701 1.291722 0.019817 0.017997 -1.333621 377.350006
87.132523 44.643562 1.291722 0.013308 0.007285 -1.337673 377.454987
87.171661 44.439278 1.291722 -0.010696 -0.031038 -1.306923 377.559998
87.210503 44.234131 1.291722 0.059590 -0.133140 -1.485382 377.670013
87.241814 44.036350 1.291722 0.079468 -0.078405 -1.581363 377.785004
87.264091 43.834824 1.291722 0.087995 -0.026821 -1.664432 377.910004
87.273132 43.632900 1.291722 0.092980 0.004790 -1.742261 378.040009
87.266861 43.427216 1.291722 0.080753 0.016560 -1.800742 378.174988
87.245438 43.224201 1.291722 0.084776 0.021796 -1.875558 378.309998
87.208809 43.023960 1.291722 0.047123 0.021328 -1.922736 378.445007
87.162682 42.825184 1.291722 0.021689 0.017956 -1.907493 378.579987
87.112534 42.629524 1.291722 0.015223 0.173145 -1.896302 378.709991
87.058746 42.420559 1.291722 -0.055704 0.130694 -1.779850 378.834991
87.014420 42.221020 1.291722 -0.048596 0.082390 -1.683842 378.945007
86.976517 42.022942 1.291722 -0.054587 0.053637 -1.595251 379.049988
86.944641 41.820965 1.291722 -0.047850 0.041379 -1.525540 379.154999
86.917679 41.616665 1.291722 -0.023565 0.039579 -1.538123 379.260010
86.893890 41.410343 1.291722 -0.050004 0.035557 -1.548287 379.364990
86.875671 41.202492 1.291722 -0.067049 0.030083 -1.556387 379.470001
86.864326 40.983749 1.291722 -0.064234 0.025471 -1.563211 379.579987
86.858925 40.774479 1.291722 0.031374 0.018982 -1.655917 379.684998
86.850594 40.565639 1.291722 0.064335 0.020498 -1.756146 379.790009
86.836914 40.357662 1.291722 0.009901 0.024792 -1.762987 379.894989
86.817673 40.109867 1.291722 0.033243 0.027566 -1.755642 380.019989
86.796097 39.891712 1.291722 0.050033 0.026121 -1.750557 380.130005
86.769669 39.683842 1.291722 0.052261 0.022655 -1.746689 380.234985
86.735672 39.466827 1.291722 0.090369 0.020281 -1.780463 380.345001
86.693665 39.261658 1.291722 0.092540 0.022300 -1.868683 380.450012
86.643341 39.058510 1.291722 -0.001279 0.022908 -1.854335 380.554993
86.590401 38.855690 1.291722 -0.005475 0.020597 -1.881570 380.660004
86.537010 38.652763 1.291722 -0.018466 0.020113 -1.872767 380.765015
86.487328 38.458988 1.291722 -0.011594 0.019462 -1.865973 380.864990
86.430862 38.235828 1.291722 -0.000307 0.020156 -1.859770 380.980011
86.381386 38.041767 1.291722 0.005679 0.019373 -1.855429 381.079987
86.328438 37.838253 1.291722 0.008366 0.019088 -1.851777 381.184998
86.276825 37.644749 1.291722 0.007586 0.019073 -1.848957 381.285004
86.224144 37.451519 1.291722 0.004499 0.019195 -1.846669 381.385010
86.170677 37.258469 1.291722 0.000455 0.019109 -1.844823 381.484985
86.116730 37.065670 1.291722 0.043013 0.013652 -1.875347 381.584991
86.055687 36.865910 1.291722 0.106965 -0.092122 -2.037165 381.690002
85.986359 36.672230 1.291722 0.097422 -0.119874 -2.144399 381.799988
85.897629 36.460670 1.291722 0.106801 -0.050660 -2.226806 381.934998
85.803787 36.276596 1.291722 0.072905 -0.008203 -2.250560 382.065002
85.702126 36.102905 1.291722 0.015149 0.002187 -2.167785 382.195007
85.594086 35.925934 1.291722 0.003648 0.002585 -2.064711 382.329987
85.487022 35.749828 1.291722 -0.020348 0.005386 -1.954480 382.464996
85.383942 35.572762 1.291722 -0.036659 0.011933 -1.886067 382.600006
85.289734 35.392494 1.291722 -0.118185 0.025176 -1.720248 382.734985
85.215225 35.206455 1.291722 -0.129002 0.040732 -1.570490 382.869995
85.156967 34.979050 1.291722 -0.127779 0.051155 -1.412978 383.029999
85.133896 34.775967 1.291722 -0.112820 0.051290 -1.300490 383.170013
85.136230 34.571877 1.291722 -0.140543 0.055453 -1.152800 383.309998
85.167854 34.371208 1.291722 -0.142585 0.060318 -1.009743 383.450012
85.231575 34.170742 1.291722 -0.138380 0.059200 -0.864800 383.595001
85.319000 33.985893 1.291722 -0.056624 0.046409 -0.841684 383.734985
85.417000 33.810566 1.291722 -0.048689 0.032242 -0.862906 383.869995
85.525894 33.639076 1.291722 -0.060568 0.025158 -0.824184 384.005005
85.645264 33.473263 1.291722 -0.064428 0.019032 -0.818842 384.140015
85.792000 33.288948 1.291722 0.009221 0.010156 -0.859481 384.295013
85.921951 33.128017 1.291722 -0.018049 -0.223806 -0.754983 384.434998
86.046005 32.969494 1.291722 -0.055707 -0.213041 -0.571718 384.609985
86.162460 32.806831 1.291722 -0.065141 -0.091163 -0.262785 384.904999
86.258759 32.631538 1.291722 -0.001214 0.002402 1.444199 386.535004
86.273392 32.831432 1.291722 -0.026448 0.319988 1.544686 387.054993
86.277138 33.064533 1.291722 0.022791 0.245691 1.593794 387.225006
86.281998 33.270847 1.291722 0.016943 0.138183 1.631920 387.345001
86.290031 33.475380 1.291722 0.056179 0.076898 1.618858 387.454987
86.302513 33.677464 1.291722 -0.020598 0.052338 1.647356 387.559998
86.314697 33.883003 1.291722 -0.009170 0.039629 1.635630 387.665009
86.326187 34.110432 1.291722 -0.033231 0.031848 1.625518 387.779999
86.332825 34.319225 1.291722 -0.045428 0.027377 1.618171 387.885010
86.334511 34.528561 1.291722 -0.044243 0.024136 1.612277 387.989990
86.331406 34.738125 1.291722 -0.033594 0.022008 1.607495 388.095001
86.324669 34.947769 1.291722 -0.017809 0.021233 1.603634 388.200012
86.316002 35.157436 1.291722 -0.001784 0.021070 1.600533 388.304993
86.305946 35.397121 1.291722 0.012057 0.020271 1.597763 388.424988
86.298378 35.606724 1.291722 0.010637 -0.039424 1.564935 388.529999
86.292000 35.807667 1.291722 0.030237 -0.249424 1.454976 388.635010
86.284401 36.007931 1.291722 0.064596 -0.310430 1.324072 388.760010
86.271378 36.211563 1.291722 0.088078 -0.197128 1.135571 388.940002
86.248901 36.410366 1.291722 0.076108 -0.073481 0.810929 389.250000
86.271545 36.206776 1.291722 0.018755 0.267370 -1.484590 391.929993
86.299423 36.007565 1.291722 -0.019080 0.157129 -1.513854 392.049988
86.328247 35.807484 1.291722 -0.027123 0.087403 -1.556276 392.160004
86.357826 35.608662 1.291722 -0.018335 0.057616 -1.546382 392.265015
86.389023 35.405693 1.291722 0.020049 0.043173 -1.538404 392.369995
86.417984 35.200115 1.291722 0.050406 0.034007 -1.532082 392.475006
86.441681 34.992813 1.291722 0.059143 0.027491 -1.527049 392.579987
86.459938 34.774460 1.291722 0.050558 0.024617 -1.522726 392.690002
86.471954 34.565292 1.291722 0.033813 0.021987 -1.519420 392.795013
86.481567 34.325813 1.291722 0.010537 0.021321 -1.516445 392.915009
86.490204 34.076153 1.291722 -0.007891 0.021195 -1.514020 393.040009
86.498398 33.866428 1.291722 -0.017541 0.020949 -1.512422 393.144989
86.508575 33.656742 1.291722 -0.020441 0.019883 -1.511128 393.250000
86.521004 33.447205 1.291722 -0.017053 0.020390 -1.510105 393.355011
86.535324 33.237778 1.291722 -0.010628 0.020311 -1.509282 393.459991
86.550842 33.028374 1.291722 -0.002964 0.020798 -1.508621 393.565002
86.566048 32.828941 1.291722 0.002839 0.020039 -1.508106 393.665009
86.581787 32.619537 1.291722 0.007131 0.019756 -1.507671 393.769989
86.596893 32.410133 1.291722 0.008886 0.020040 -1.507320 393.875000
86.611847 32.190697 1.291722 0.008150 0.020528 -1.507029 393.984985
86.626625 31.961197 1.291722 0.005774 0.020459 -1.506791 394.100006
86.639595 31.751596 1.291722 0.003247 0.020330 -1.506616 394.204987
86.652412 31.542007 1.291722 0.000890 0.020255 -1.506475 394.309998
86.667076 31.302517 1.291722 -0.000921 0.020296 -1.506347 394.429993
86.680130 31.093004 1.291722 -0.001595 0.020007 -1.506259 394.535004
86.694115 30.873545 1.291722 -0.001474 0.020005 -1.506185 394.644989
86.707764 30.664093 1.291722 -0.000674 0.020614 -1.506128 394.750000
86.721603 30.454615 1.291722 0.000267 0.019888 -1.506082 394.855011
86.735542 30.245129 1.291722 0.001304 0.020715 -1.506044 394.959991
86.749481 30.035604 1.291722 0.001996 0.020226 -1.506016 395.065002
86.764847 29.796148 1.291722 0.068245 0.017979 -1.560852 395.184998
86.773163 29.586737 1.291722 0.021699 0.021382 -1.582496 395.290009
86.778656 29.377275 1.291722 0.016802 0.022308 -1.581331 395.394989
86.782249 29.167641 1.291722 0.020454 0.021860 -1.580401 395.500000
86.783638 28.957890 1.291722 0.020238 0.021110 -1.579653 395.605011
86.782852 28.748087 1.291722 0.015871 0.020739 -1.579049 395.709991
86.779968 28.508268 1.291722 0.007456 0.021075 -1.578507 395.829987
86.776550 28.298351 1.291722 0.000697 0.020580 -1.578129 395.934998
86.773079 28.088413 1.291722 -0.004537 0.019943 -1.577826 396.040009
86.770073 27.878489 1.291722 -0.007298 0.020598 -1.577581 396.144989
86.767830 27.668528 1.291722 -0.007750 0.020235 -1.577389 396.250000
86.766380 27.458563 1.291722 -0.006234 0.020247 -1.577235 396.355011
86.765556 27.248598 1.291722 -0.003836 0.019916 -1.577111 396.459991
86.765121 27.038633 1.291722 -0.000985 0.020626 -1.577007 396.565002
86.764801 26.828669 1.291722 0.001166 0.020174 -1.576925 396.670013
86.764252 26.608706 1.291722 0.002445 0.020133 -1.576858 396.779999
86.763466 26.398779 1.291722 0.002697 0.020528 -1.576805 396.885010
86.762383 26.188854 1.291722 0.002192 0.020835 -1.576763 396.989990
86.761040 25.978882 1.291722 0.001307 0.020810 -1.576729 397.095001
86.759666 25.778864 1.291722 0.000367 0.020897 -1.576704 397.195007
86.758156 25.578821 1.291722 -0.000377 0.020480 -1.576685 397.295013
86.756767 25.378778 1.291722 -0.000908 0.020666 -1.576666 397.394989
86.755394 25.178757 1.291722 -0.001109 0.019939 -1.576656 397.494995
86.754158 24.978752 1.291722 -0.001053 0.020875 -1.576647 397.595001
86.752975 24.778748 1.291722 -0.000847 0.020336 -1.576637 397.695007
86.751907 24.578743 1.291722 -0.000485 0.020650 -1.576628 397.795013
86.750839 24.378738 1.291722 -0.000148 0.020733 -1.576618 397.894989
86.749771 24.178734 1.291722 0.000066 0.020352 -1.576617 397.994995
86.748650 23.968760 1.291722 0.000196 0.020246 -1.576617 398.100006
86.747528 23.758829 1.291722 0.000275 0.020246 -1.576617 398.204987
86.746315 23.548904 1.291722 0.000281 0.020827 -1.576617 398.309998
86.744789 23.298994 1.291722 0.000012 0.020254 -1.576617 398.434998
86.743584 23.089069 1.291722 -0.040516 0.019667 -1.549602 398.540009
86.745110 22.879248 1.291722 -0.009926 0.020904 -1.534691 398.644989
86.748123 22.669424 1.291722 -0.003840 0.020376 -1.535968 398.750000
86.751724 22.459579 1.291722 -0.006718 0.020672 -1.537004 398.855011
86.756142 22.249720 1.291722 -0.008586 0.020267 -1.537829 398.959991
86.761536 22.039875 1.291722 -0.008000 0.020188 -1.538493 399.065002
86.768791 21.830128 1.291722 -0.058137 0.015057 -1.480306 399.170013
86.782295 21.602415 1.291722 -0.054949 -0.041746 -1.424560 399.285004
86.799629 21.402267 1.291722 -0.057810 -0.096988 -1.340690 399.390015
86.826485 21.173557 1.291722 -0.073257 -0.127414 -1.245478 399.519989
86.857094 20.973478 1.291722 0.003544 0.080581 -1.292875 399.644989
86.890587 20.774435 1.291722 -0.019108 0.142145 -1.310354 399.765015
86.933319 20.550476 1.291722 -0.023637 0.092969 -1.322792 399.890015
86.974609 20.354050 1.291722 -0.017039 0.060859 -1.331050 399.994995
87.021309 20.144014 1.291722 -0.005389 0.040505 -1.337951 400.105011
87.067429 19.941357 1.291722 -0.021665 0.029607 -1.329084 400.209991
87.119102 19.728653 1.291722 -0.008030 0.024300 -1.289934 400.320007
87.170479 19.525545 1.291722 0.006205 0.021713 -1.293031 400.424988
87.221832 19.322098 1.291722 0.000944 0.020220 -1.295521 400.529999
87.273628 19.118681 1.291722 -0.005392 0.020108 -1.297518 400.635010
87.323540 18.918541 1.291722 0.067832 -0.137551 -1.433404 400.739990
87.367447 18.715189 1.291722 0.107125 -0.104622 -1.544410 400.855011
87.401390 18.486488 1.291722 0.117820 -0.032496 -1.645657 400.994995
87.413124 18.276178 1.291722 0.109158 0.002827 -1.726111 401.130005
87.405807 18.070602 1.291722 0.057934 0.015727 -1.766182 401.265015
87.386963 17.866695 1.291722 0.033526 0.014897 -1.754379 401.399994
87.361671 17.663338 1.291722 0.025345 0.013746 -1.745431 401.535004
87.329597 17.441032 1.291722 0.031856 -0.240415 -1.896699 401.690002
87.303078 17.239656 1.291722 0.062543 -0.190438 -2.095672 401.880005
87.286171 17.036390 1.291722 0.060893 -0.065094 -2.462195 402.230011
87.204079 17.236132 1.291722 -0.000985 0.284464 1.790382 404.785004
87.156250 17.437557 1.291722 0.000366 0.162897 1.793991 404.910004
87.098526 17.680161 1.291722 0.001001 0.085020 1.796986 405.045013
87.051384 17.877550 1.291722 0.001312 0.053648 1.798800 405.149994
87.003212 18.078533 1.291722 0.001979 0.035010 1.800237 405.255005
86.954506 18.281235 1.291722 0.002558 0.027159 1.801396 405.359985
86.903214 18.494499 1.291722 0.029882 0.022401 1.786299 405.470001
86.854820 18.705980 1.291722 0.003594 -0.158679 1.859282 405.579987
86.811470 18.904041 1.291722 -0.041398 -0.319392 1.979711 405.695007
86.771759 19.101059 1.291722 -0.073851 -0.256373 2.136788 405.845001
86.738327 19.305586 1.291722 -0.082275 -0.122699 2.393348 406.089996
86.721291 19.507107 1.291722 -0.035709 -0.008015 3.021657 406.690002
86.581535 19.349688 1.291722 -0.026747 0.319284 -2.097719 408.244995
86.474472 19.170933 1.291722 0.019096 0.210737 -2.052913 408.385010
86.369179 18.998819 1.291722 0.049119 0.123883 -2.047293 408.500000
86.260323 18.823093 1.291722 -0.062676 0.074374 -1.957950 408.609985
86.146126 18.620924 1.291722 -0.102896 0.052868 -1.863062 408.730011
86.056084 18.436394 1.291722 -0.082155 0.046920 -1.811667 408.834991
85.974136 18.246458 1.291722 -0.061607 0.040763 -1.823282 408.940002
85.898109 18.052418 1.291722 -0.074401 0.032637 -1.831199 409.045013
85.829155 17.854872 1.291722 -0.075798 0.025245 -1.837551 409.149994
85.767380 17.654577 1.291722 -0.058798 0.021902 -1.842643 409.255005
85.711006 17.452417 1.291722 -0.032987 0.020179 -1.846699 409.359985
85.660049 17.258953 1.291722 -0.011240 0.019221 -1.849858 409.459991
85.605103 17.056299 1.291722 0.025132 0.019538 -1.903714 409.565002
85.543823 16.845140 1.291722 0.021775 0.021011 -1.902695 409.674988
85.479454 16.634735 1.291722 0.026738 0.020442 -1.901889 409.785004
85.417892 16.444269 1.291722 0.024911 0.019845 -1.901298 409.885010
85.350479 16.245045 1.291722 -0.028677 0.017090 -1.867277 409.989990
85.287468 16.055037 1.291722 -0.063454 0.016845 -1.801154 410.089996
85.227722 15.854269 1.291722 -0.106410 0.021786 -1.698767 410.195007
85.179237 15.651698 1.291722 -0.123189 0.030416 -1.606644 410.299988
85.141998 15.447364 1.291722 -0.107739 0.033976 -1.573513 410.404999
85.113770 15.241358 1.291722 -0.065283 0.033023 -1.579475 410.510010
85.088356 14.974377 1.291722 -0.069123 0.028478 -1.585481 410.644989
85.076920 14.765557 1.291722 -0.060115 0.025136 -1.589151 410.750000
85.071663 14.556134 1.291722 -0.039787 0.022180 -1.592049 410.855011
85.070427 14.346424 1.291722 -0.016266 0.021332 -1.594374 410.959991
85.070793 14.136568 1.291722 0.003812 0.020904 -1.596245 411.065002
85.070618 13.926663 1.291722 0.017401 0.020599 -1.597758 411.170013
85.068207 13.696806 1.291722 0.023627 0.020489 -1.599067 411.285004
85.063339 13.486987 1.291722 0.021736 0.020362 -1.600023 411.390015
85.056099 13.277257 1.291722 0.015549 0.019471 -1.600789 411.494995
85.045815 13.037696 1.291722 0.005158 0.020285 -1.601479 411.614990
85.034271 12.788189 1.291722 -0.003519 0.020347 -1.602041 411.739990
85.024902 12.578589 1.291722 -0.008289 0.020934 -1.602414 411.845001
85.016350 12.368938 1.291722 -0.009931 0.021071 -1.602710 411.950012
85.008789 12.159223 1.291722 -0.009035 0.020635 -1.602948 412.054993
85.002098 11.949474 1.291722 -0.006225 0.020584 -1.603138 412.160004
84.995987 11.739693 1.291722 -0.002714 0.020537 -1.603290 412.265015
84.990059 11.529888 1.291722 0.000162 0.020263 -1.603413 412.369995
84.983200 11.290133 1.291722 0.002272 0.020144 -1.603527 412.489990
84.976875 11.080370 1.291722 0.002900 0.020160 -1.603605 412.595001
84.970169 10.870629 1.291722 0.002534 0.020438 -1.603667 412.700012
84.963142 10.660879 1.291722 0.001517 0.019951 -1.603714 412.804993
84.954826 10.421171 1.291722 0.000048 0.020600 -1.603758 412.924988
84.947105 10.201433 1.291722 -0.001124 0.020267 -1.603790 413.035004
84.939796 9.991689 1.291722 -0.001850 0.019838 -1.603812 413.140015
84.929848 9.782293 1.291722 0.042313 0.019784 -1.682527 413.244995
84.915184 9.573436 1.291722 0.014673 0.021715 -1.681052 413.350006
84.898468 9.364630 1.291722 0.016637 0.022278 -1.679780 413.454987
84.879723 9.155819 1.291722 0.017731 0.021803 -1.678756 413.559998
84.858910 8.947039 1.291722 0.014511 0.020892 -1.677934 413.665009
84.836403 8.738336 1.291722 0.008346 0.020178 -1.677280 413.769989
84.809425 8.499938 1.291722 0.000469 0.020007 -1.676690 413.890015
84.785553 8.291368 1.291722 -0.004960 0.020028 -1.676275 413.994995
84.761971 8.082757 1.291722 -0.008192 0.019966 -1.675941 414.100006
84.739052 7.874085 1.291722 -0.009254 0.019881 -1.675676 414.204987
84.712761 7.625564 1.291722 -0.007693 0.020366 -1.675427 414.329987
84.691360 7.416714 1.291722 -0.005416 0.020183 -1.675263 414.434998
84.670319 7.207821 1.291722 -0.002904 0.020265 -1.675131 414.540009
84.649330 6.998918 1.291722 -0.000854 0.020327 -1.675023 414.644989
84.628281 6.790028 1.291722 0.000394 0.020066 -1.674936 414.750000
84.606979 6.581151 1.291722 0.000851 0.020260 -1.674868 414.855011
84.585396 6.372281 1.291722 0.000511 0.020342 -1.674813 414.959991
84.563553 6.163427 1.291722 -0.000287 0.020439 -1.674768 415.065002
84.541573 5.954592 1.291722 -0.001286 0.019976 -1.674734 415.170013
84.519463 5.745786 1.291722 -0.002147 0.019860 -1.674704 415.274994
84.497437 5.536979 1.291722 -0.002757 0.020257 -1.674684 415.380005
84.473320 5.318348 1.291722 0.070450 0.019669 -1.747513 415.489990
84.443085 5.110994 1.291722 0.081350 0.021804 -1.842424 415.595001
84.403793 4.905832 1.291722 0.079302 0.024810 -1.928543 415.700012
84.355347 4.703295 1.291722 0.089427 0.029498 -2.009991 415.804993
84.296638 4.504087 1.291722 0.103449 0.034815 -2.087837 415.910004
84.226280 4.309196 1.291722 0.111269 0.039775 -2.157749 416.015015
84.141312 4.109108 1.291722 0.050922 0.036678 -2.135997 416.125000
84.044609 3.901879 1.291722 0.056437 0.030028 -2.122899 416.239990
83.949600 3.714926 1.291722 0.053961 0.024501 -2.113493 416.345001
83.853745 3.539137 1.291722 0.041370 0.020875 -2.106216 416.445007
83.753937 3.365156 1.291722 0.022386 0.018520 -2.100348 416.545013
83.651779 3.192277 1.291722 0.054182 0.016841 -2.131810 416.644989
83.545166 3.022164 1.291722 0.076604 0.016908 -2.222237 416.744995
83.427910 2.850943 1.291722 0.081358 -0.131723 -2.367179 416.850006
83.308441 2.689153 1.291722 0.086156 -0.112000 -2.441008 416.959991
83.176666 2.526072 1.291722 0.098955 -0.044275 -2.510457 417.084991
83.014633 2.353371 1.291722 0.106791 0.001374 -2.586769 417.234985
82.859512 2.216207 1.291722 0.101796 0.016791 -2.654016 417.369995
82.694550 2.094560 1.291722 0.092576 0.021850 -2.721144 417.505005
82.520859 1.986902 1.291722 0.077322 0.020983 -2.781567 417.640015
82.340233 1.891545 1.291722 0.073660 0.040622 -2.847764 417.774994
82.152321 1.809105 1.291722 0.077696 0.179992 -2.914634 417.904999
81.936829 1.733261 1.291722 0.066375 0.121914 -2.987452 418.035004
81.739090 1.675575 1.291722 0.075497 0.081347 -3.061133 418.144989
81.542610 1.628450 1.291722 0.090695 0.059721 -3.133223 418.250000
81.341568 1.591373 1.291722 0.106891 0.051517 3.078809 418.355011
81.137672 1.565863 1.291722 0.058587 0.046438 3.058695 418.459991
80.931534 1.547947 1.291722 0.063305 0.039886 3.069146 418.565002
80.723915 1.538519 1.291722 0.077332 0.035860 3.044856 418.670013
80.495598 1.538396 1.291722 0.059273 0.029605 3.056710 418.785004
80.276657 1.545720 1.291722 0.044147 0.024536 3.065757 418.894989
80.067574 1.557706 1.291722 0.024505 0.022529 3.072683 419.000000
79.858391 1.572396 1.291722 0.003909 0.020894 3.078207 419.105011
79.599312 1.591052 1.291722 -0.015235 0.020224 3.083573 419.234985
79.379936 1.605130 1.291722 -0.022726 0.020651 3.087114 419.345001
79.160431 1.616692 1.291722 -0.022759 0.020452 3.089932 419.454987
78.950783 1.625394 1.291722 -0.017874 0.019664 3.092076 419.559998
78.741058 1.632371 1.291722 -0.009409 0.020047 3.093780 419.665009
78.511360 1.639048 1.291722 -0.000581 0.020699 3.095264 419.779999
78.291649 1.645460 1.291722 0.005006 0.020770 3.096396 419.890015
78.081924 1.652215 1.291722 0.007566 0.020689 3.097253 419.994995
77.872200 1.659862 1.291722 0.007433 0.020128 3.097939 420.100006
77.662476 1.668384 1.291722 0.005412 0.019825 3.098489 420.204987
77.452835 1.677563 1.291722 0.002476 0.020202 3.098932 420.309998
77.223259 1.687987 1.291722 -0.000860 0.020421 3.099315 420.424988
76.983658 1.698848 1.291722 -0.003236 0.020403 3.099624 420.545013
76.774063 1.708082 1.291722 -0.004062 0.020614 3.099838 420.649994
76.564339 1.716972 1.291722 -0.003978 0.019985 3.100009 420.755005
76.354668 1.725778 1.291722 0.053243 0.018403 3.056921 420.859985
76.145752 1.739965 1.291722 0.091425 0.020866 2.953476 420.964996
75.938583 1.764128 1.291722 0.098105 0.026725 2.859699 421.070007
75.714188 1.802827 1.291722 0.038233 0.029530 2.812966 421.184998
75.510033 1.844176 1.291722 0.015232 0.028309 2.827803 421.290009
75.305649 1.888108 1.291722 0.022705 0.026358 2.839808 421.394989
75.101387 1.935104 1.291722 0.026734 0.023235 2.849418 421.500000
74.907326 1.982941 1.324379 0.023532 0.021698 2.856787 421.600006
74.714401 2.035423 1.344056 0.097455 0.022031 2.773572 421.700012
74.514427 2.098648 1.343238 0.012893 0.021468 2.774334 421.804993
74.295944 2.170531 1.342486 -0.005693 0.020214 2.784643 421.920013
74.086723 2.239399 1.341885 -0.005527 0.018851 2.791487 422.029999
73.896423 2.301917 1.341419 -0.036692 0.017169 2.819108 422.130005
73.696175 2.364762 1.341004 -0.013351 -0.014566 2.853646 422.234985
73.499413 2.425024 1.340649 -0.001321 -0.075439 2.853588 422.339996
73.303726 2.485174 1.340334 -0.003815 -0.119282 2.853543 422.450012
73.076706 2.554834 1.340006 -0.052197 -0.058547 2.880412 422.589996
72.872887 2.609202 1.339759 -0.079555 0.144181 2.980753 422.720001
72.675835 2.649236 1.339579 -0.062101 0.121838 3.065444 422.834991
72.474152 2.681226 1.339433 -0.008064 0.081524 3.115910 422.945007
72.274529 2.710407 1.339315 0.015517 0.055288 3.103676 423.049988
72.071060 2.740968 1.339216 -0.005872 0.039821 3.093822 423.154999
71.865364 2.768173 1.339130 -0.064009 0.033769 -3.132527 423.260010
71.658195 2.788103 1.339059 -0.059805 0.031557 -3.137705 423.364990
71.449844 2.801503 1.338998 -0.061753 0.026995 3.141338 423.470001
71.240768 2.808314 1.338946 -0.070372 0.023246 -3.135599 423.575012
71.031578 2.806334 1.338902 -0.117232 0.023905 -3.037706 423.679993
70.823212 2.792020 1.338864 -0.060531 0.024882 -2.970547 423.785004
70.615379 2.770955 1.338832 -0.000432 0.023982 -2.979751 423.890015
70.407234 2.749123 1.338805 0.001393 0.022600 -2.987179 423.994995
70.198814 2.727004 1.338782 -0.005455 0.022292 -2.993117 424.100006
69.990273 2.703989 1.338763 -0.009580 0.021787 -2.997902 424.204987
69.752007 2.676083 1.338745 -0.009642 0.020789 -3.002239 424.325012
69.553490 2.651537 1.338732 -0.006842 0.020705 -3.005102 424.424988
69.335281 2.623521 1.338719 -0.002706 0.020169 -3.007650 424.535004
69.136917 2.597545 1.338709 0.001269 0.019806 -3.009502 424.635010
68.938553 2.571480 1.338701 0.004408 0.020159 -3.011006 424.734985
68.740189 2.545626 1.338694 0.006409 0.019574 -3.012231 424.834991
68.521988 2.517649 1.338688 0.006846 0.019820 -3.013314 424.945007
68.323524 2.492667 1.338683 0.006080 0.020435 -3.014106 425.045013
68.125008 2.468045 1.338679 0.004867 0.019849 -3.014743 425.144989
67.926491 2.443674 1.338675 0.003521 0.019560 -3.015267 425.244995
67.718048 2.418212 1.338672 0.001994 0.019784 -3.015705 425.350006
67.509605 2.392721 1.338670 0.000832 0.020353 -3.016054 425.454987
67.311089 2.368309 1.338667 0.000334 0.020057 -3.016320 425.554993
67.112572 2.343714 1.338665 0.000356 0.020148 -3.016536 425.654999
66.914055 2.318947 1.338663 0.000855 0.019932 -3.016714 425.755005
66.715599 2.294055 1.338660 0.001412 0.020594 -3.016861 425.855011
66.517090 2.269094 1.338660 0.002160 0.019463 -3.016980 425.954987
66.308807 2.242891 1.338660 0.002630 0.019925 -3.017077 426.059998
66.100525 2.216867 1.338660 0.051635 0.017377 -3.052094 426.165009
65.892067 2.195622 1.338660 0.039155 0.021330 -3.105173 426.269989
65.683334 2.179102 1.338660 0.029237 0.022771 -3.106450 426.375000
65.454285 2.164668 1.338660 0.033569 0.021551 -3.107577 426.489990
65.244827 2.155144 1.338660 0.031719 0.020767 -3.108399 426.595001
65.035210 2.148884 1.338660 0.022208 0.021380 -3.109053 426.700012
64.825439 2.144928 1.338660 0.012278 0.020516 -3.109580 426.804993
64.575577 2.141618 1.338660 -0.000632 0.020332 -3.110069 426.929993
64.365692 2.138747 1.338660 -0.007949 0.020601 -3.110394 427.035004
64.155807 2.134961 1.338660 -0.011450 0.020144 -3.110655 427.140015
63.946014 2.129900 1.338660 -0.011106 0.020351 -3.110865 427.244995
63.736290 2.123612 1.338660 -0.007945 0.020964 -3.111038 427.350006
63.526566 2.116446 1.338660 -0.003871 0.020468 -3.111176 427.454987
63.316822 2.108843 1.338660 0.000542 0.020706 -3.111289 427.559998
63.107018 2.101246 1.338660 0.003529 0.020359 -3.111380 427.665009
62.897163 2.093971 1.338660 0.005027 0.020520 -3.111451 427.769989
62.687279 2.087162 1.338660 0.005028 0.020345 -3.111508 427.875000
62.477341 2.080820 1.338660 0.004059 0.019992 -3.111554 427.980011
62.257462 2.074562 1.338660 0.002396 0.019840 -3.111594 428.089996
62.047577 2.068785 1.338660 0.000835 0.019982 -3.111626 428.195007
61.837749 2.063035 1.338660 -0.000404 0.020762 -3.111653 428.299988
61.627888 2.057179 1.338660 -0.001010 0.020117 -3.111676 428.404999
61.418003 2.051152 1.338660 -0.001105 0.020681 -3.111694 428.510010
61.188129 2.044348 1.338660 -0.000736 0.020237 -3.111710 428.625000
60.978291 2.037988 1.338660 -0.000135 0.020748 -3.111722 428.730011
60.768406 2.031552 1.338660 0.000418 0.020380 -3.111732 428.834991
60.548527 2.024792 1.338660 0.000927 0.020142 -3.111742 428.945007
60.338642 2.018375 1.338660 0.001186 0.020304 -3.111748 429.049988
60.128757 2.012020 1.338660 0.001205 0.020982 -3.111753 429.154999
59.918873 2.005730 1.338660 0.001168 0.019755 -3.111758 429.260010
59.708988 1.999499 1.338660 0.000977 0.019734 -3.111763 429.364990
59.469135 1.993234 1.338660 0.070175 0.019345 3.107849 429.484985
59.249527 1.993213 1.338660 0.003930 0.020456 3.094450 429.595001
59.039951 1.994348 1.338660 -0.005810 0.020536 3.100344 429.700012
58.800346 1.995156 1.338660 0.000799 0.020789 3.105677 429.820007
58.550674 1.996270 1.338660 0.007168 0.021172 3.109968 429.945007
58.340916 1.998090 1.338660 0.009215 0.021560 3.112818 430.049988
58.131081 2.000948 1.338660 0.008601 0.020540 3.115080 430.154999
57.921196 2.004748 1.338660 0.005947 0.020288 3.116901 430.260010
57.711323 2.009197 1.338660 0.002406 0.019847 3.118350 430.364990
57.501518 2.013924 1.338660 -0.000949 0.020764 3.119516 430.470001
57.291714 2.018593 1.338660 -0.003067 0.020134 3.120458 430.575012
57.061928 2.023376 1.338660 -0.004133 0.020192 3.121277 430.690002
56.802170 2.028221 1.338660 -0.003715 0.020146 3.121993 430.820007
56.582375 2.031901 1.338660 -0.002466 0.020621 3.122464 430.929993
56.372555 2.035187 1.338660 -0.001050 0.020896 3.122821 431.035004
56.162670 2.038402 1.338660 -0.000072 0.019906 3.123111 431.140015
55.952824 2.041656 1.338660 0.000726 0.019968 3.123342 431.244995
55.743019 2.045025 1.338660 0.001054 0.020554 3.123528 431.350006
55.533180 2.048545 1.338660 0.000905 0.020944 3.123677 431.454987
55.323296 2.052199 1.338660 0.000584 0.020257 3.123799 431.559998
55.113441 2.055948 1.338660 0.000065 0.020255 3.123893 431.665009
54.903614 2.059739 1.338660 -0.000440 0.020895 3.123971 431.769989
54.693729 2.063520 1.338660 -0.000744 0.020151 3.124032 431.875000
54.483845 2.067261 1.338660 -0.000868 0.020532 3.124083 431.980011
54.263966 2.071239 1.338660 0.043684 0.018671 3.092192 432.089996
54.054352 2.078145 1.338660 0.009104 0.020722 3.073479 432.195007
53.844807 2.086553 1.338660 0.001310 0.021152 3.076539 432.299988
53.615372 2.096992 1.338660 0.052458 0.019212 3.024578 432.415009
53.357361 2.116102 1.338660 0.089962 -0.013683 2.946071 432.545013
53.152374 2.138508 1.338660 0.009333 0.026011 2.995465 432.649994
52.947166 2.162467 1.338660 0.008535 0.033375 2.999970 432.755005
52.740788 2.187771 1.338660 0.006269 0.028870 3.003570 432.859985
52.533573 2.214097 1.338660 0.002558 0.025267 3.006451 432.964996
52.325851 2.240992 1.338660 -0.001169 0.022272 3.008768 433.070007
52.078236 2.273160 1.338660 -0.004775 0.021165 3.010929 433.195007
51.870564 2.301245 1.338660 0.021656 -0.009719 2.965215 433.299988
51.629391 2.339190 1.338660 0.069282 -0.071821 2.861339 433.424988
51.430145 2.378160 1.338660 0.078445 -0.099669 2.772976 433.535004
51.234867 2.423723 1.352790 0.079471 0.082508 2.737384 433.649994
51.037670 2.481840 1.355627 0.106651 0.109294 2.660143 433.765015
50.845535 2.554562 1.355419 0.104416 0.082240 2.583434 433.875000
50.653576 2.642664 1.355243 0.104108 0.061399 2.506255 433.984985
50.473633 2.739544 1.355100 0.132391 -0.026526 2.391386 434.089996
50.299358 2.848471 1.354975 0.163113 -0.100568 2.251017 434.200012
50.128262 2.975256 1.354855 0.140927 -0.043030 2.176425 434.325012
49.974670 3.113716 1.354752 0.104170 -0.001518 2.141414 434.454987
49.827274 3.272044 1.354663 0.073953 0.009648 2.160562 434.595001
49.687073 3.444392 1.354589 0.029497 0.007845 2.201166 434.739990
49.561222 3.607891 1.354534 -0.019242 0.006206 2.316367 434.875000
49.433208 3.768777 1.354490 -0.036171 0.009156 2.405883 435.010010
49.300228 3.924550 1.354453 -0.025771 0.013421 2.463058 435.144989
49.160542 4.075815 1.354422 -0.078160 0.147867 2.520525 435.279999
49.009594 4.217787 1.354400 -0.018626 0.158961 2.538574 435.404999
48.846371 4.361305 1.354382 -0.027523 0.037828 2.519232 435.524994
48.683655 4.498936 1.354367 0.003403 0.062651 2.485832 435.640015
48.526661 4.632508 1.354356 0.069693 -0.091371 2.292802 435.750000
48.376659 4.769846 1.354346 0.109357 -0.088832 2.108774 435.864990
48.234615 4.916370 1.354337 0.123870 -0.020993 1.982272 435.989990
48.086945 5.103510 1.354328 0.136752 0.027795 1.823900 436.144989
47.979919 5.283240 1.354322 0.120668 0.042813 1.766538 436.285004
47.889454 5.487612 1.354317 0.118203 0.039693 1.704568 436.434998
47.829239 5.680044 1.354313 0.105264 0.034412 1.640943 436.570007
47.786850 5.877936 1.354310 0.093211 0.027721 1.585404 436.704987
47.760620 6.079044 1.354307 0.056181 0.023950 1.536144 436.839996
47.744717 6.282015 1.354304 0.022116 0.018809 1.552968 436.975006
47.733063 6.486424 1.354303 0.014776 0.086497 1.565729 437.109985
47.724796 6.688245 1.354303 0.010657 0.166657 1.574692 437.234985
47.718571 6.893315 1.354303 0.007156 0.111991 1.581069 437.350006
47.713341 7.100936 1.354303 0.002697 0.070577 1.585945 437.459991
47.708504 7.304867 1.354303 -0.002483 0.047479 1.589650 437.565002
47.703300 7.511744 1.354303 -0.005533 0.033864 1.592626 437.670013
47.696831 7.739984 1.354303 -0.006513 0.026620 1.595220 437.785004
47.690128 7.949095 1.354303 -0.005511 0.022966 1.597096 437.890015
47.682781 8.158507 1.354303 -0.003314 0.021815 1.598607 437.994995
47.675026 8.368092 1.354303 -0.000883 0.021301 1.599826 438.100006
47.667427 8.577759 1.354303 0.057576 0.020467 1.557905 438.204987
47.662708 8.787412 1.354303 -0.000551 0.020636 1.564441 438.309998
47.657791 9.017071 1.354303 0.031420 0.021231 1.546934 438.424988
47.655910 9.226730 1.354303 0.006322 0.020316 1.520729 438.529999
47.655361 9.436364 1.354303 -0.003939 0.021612 1.527956 438.635010
47.654591 9.646117 1.354303 0.001629 0.021545 1.533784 438.739990
47.656120 9.855829 1.354303 0.047196 0.021430 1.473393 438.845001
47.662315 10.065268 1.354303 0.007080 0.022596 1.482960 438.950012
47.669685 10.274817 1.354303 0.004380 0.022358 1.490729 439.054993
47.677765 10.484488 1.354303 0.006367 0.021543 1.496942 439.160004
47.686691 10.694212 1.354303 0.007045 0.020259 1.501951 439.265015
47.696491 10.903891 1.354303 0.005479 0.020773 1.505923 439.369995
47.707020 11.113547 1.354303 0.003102 0.020241 1.509153 439.475006
47.718040 11.323161 1.354303 0.034008 0.020038 1.490558 439.579987
47.733051 11.532313 1.354303 0.026040 0.020089 1.431756 439.684998
47.752193 11.750955 1.354303 -0.014939 0.020219 1.443047 439.795013
47.769367 11.959829 1.354303 -0.015399 0.021007 1.451652 439.899994
47.785202 12.168937 1.354303 -0.009027 0.020606 1.458579 440.005005
47.800346 12.378192 1.354303 -0.001886 0.021326 1.464198 440.109985
47.815559 12.587560 1.354303 0.003481 0.020570 1.468677 440.214996
47.831371 12.796943 1.354303 0.006180 0.020531 1.472253 440.320007
47.848854 13.016253 1.354303 0.006047 0.020714 1.475253 440.429993
47.865540 13.215590 1.354303 0.004363 0.019867 1.477440 440.529999
47.883675 13.424820 1.354303 0.001525 0.020505 1.479300 440.635010
47.901340 13.624066 1.354303 0.039335 0.019567 1.453952 440.734985
47.924416 13.832572 1.354303 0.085587 0.019898 1.350815 440.839996
47.954353 14.039733 1.354303 0.045745 0.023118 1.325711 440.945007
47.987885 14.246320 1.354303 0.046094 0.022881 1.299245 441.049988
48.024483 14.452438 1.354303 0.022945 0.021469 1.293479 441.154999
48.064430 14.657069 1.354303 0.029689 -0.024749 1.256087 441.260010
48.106918 14.855540 1.354303 0.030405 -0.084553 1.264474 441.364990
48.151779 15.050900 1.354303 0.036328 -0.126423 1.271433 441.475006
48.202423 15.252048 1.354303 0.038034 -0.061434 1.255220 441.600006
48.258839 15.451507 1.354303 0.028608 0.149567 1.257157 441.730011
48.318642 15.650814 1.354303 -0.057727 0.126804 1.341887 441.850006
48.370960 15.847986 1.354303 -0.055883 0.082954 1.432540 441.959991
48.417187 16.044132 1.354303 -0.056666 0.055940 1.478588 442.065002
48.466858 16.273529 1.354303 -0.004588 0.039107 1.464429 442.184998
48.510006 16.486660 1.354303 -0.055746 0.032811 1.507551 442.295013
48.545670 16.691998 1.354303 -0.032246 0.028872 1.494365 442.399994
48.577873 16.898621 1.354303 -0.034266 0.026270 1.485961 442.505005
48.606594 17.106205 1.354303 -0.033754 0.022887 1.479177 442.609985
48.632000 17.314440 1.354303 -0.026606 0.021488 1.473688 442.714996
48.654888 17.523087 1.354303 -0.014860 0.020624 1.469329 442.820007
48.680489 17.771727 1.354303 -0.001863 0.020125 1.465247 442.945007
48.701954 17.980598 1.354303 0.006237 0.020404 1.462562 443.049988
48.724289 18.189396 1.354303 0.009996 0.020621 1.460437 443.154999
48.746738 18.388136 1.354303 0.010000 0.020290 1.458771 443.255005
48.769375 18.596834 1.354303 -0.011678 0.020235 1.506934 443.359985
48.790546 18.805609 1.354303 0.002054 0.020067 1.502987 443.464996
48.811893 19.014378 1.354303 -0.004427 0.021079 1.499838 443.570007
48.834587 19.253084 1.354303 -0.088846 0.020093 1.574170 443.690002
48.845261 19.461885 1.354303 -0.108739 0.025066 1.671525 443.795013
48.844765 19.670153 1.354303 -0.033901 0.026918 1.701496 443.899994
48.838242 19.918318 1.354303 -0.009927 0.026284 1.684666 444.024994
48.831062 20.127321 1.354303 -0.014071 0.024491 1.673617 444.130005
48.822098 20.336597 1.354303 -0.016213 0.022951 1.664738 444.234985
48.811203 20.545988 1.354303 -0.014352 0.021630 1.657586 444.339996
48.798637 20.755398 1.354303 -0.008768 0.021355 1.651846 444.445007
48.785007 20.964842 1.354303 -0.002754 0.020775 1.647241 444.549988
48.770950 21.174286 1.354303 0.002240 0.019739 1.643513 444.654999
48.757046 21.383724 1.354303 0.006265 0.020483 1.640531 444.760010
48.743671 21.593201 1.354303 0.007883 0.020756 1.638131 444.864990
48.729820 21.822723 1.354303 0.007240 0.020704 1.636056 444.980011
48.716728 22.052328 1.354303 0.005181 0.020140 1.634428 445.095001
48.705215 22.261990 1.354303 0.002852 0.020429 1.633239 445.200012
48.693840 22.471674 1.354303 0.000754 0.020053 1.632293 445.304993
48.680798 22.711313 1.354303 -0.000768 0.019957 1.631433 445.424988
48.668610 22.930935 1.354303 -0.001314 0.020393 1.630819 445.535004
48.656712 23.140549 1.354303 -0.001136 0.019899 1.630344 445.640015
48.644577 23.350138 1.354303 -0.000420 0.020474 1.629967 445.744995
48.632278 23.559731 1.354303 0.000384 0.019785 1.629661 445.850006
48.619942 23.769291 1.354303 0.001202 0.019673 1.629418 445.954987
48.607605 23.978815 1.354303 0.001743 0.019816 1.629223 446.059998
48.595322 24.188322 1.354303 0.001962 0.020926 1.629066 446.165009
48.583122 24.397888 1.354303 0.001957 0.020894 1.628940 446.269989
48.569290 24.637436 1.354303 0.001741 0.020276 1.628827 446.390015
48.557274 24.847040 1.354303 0.001390 0.020516 1.628750 446.494995
48.543541 25.086636 1.354303 0.001066 0.020663 1.628679 446.614990
48.528664 25.346245 1.354303 0.000882 0.020485 1.628619 446.744995
48.517220 25.545944 1.354303 0.000847 0.019597 1.628584 446.845001
48.505150 25.755594 1.354303 0.000770 0.020598 1.628554 446.950012
48.493053 25.965239 1.354303 0.000915 0.019654 1.628530 447.054993
48.481480 26.174850 1.354303 0.066539 0.018725 1.573366 447.160004
48.473625 26.384426 1.354303 0.005068 0.020415 1.577226 447.265015
48.466625 26.594015 1.354303 0.000570 0.021492 1.580326 447.369995
48.458416 26.843643 1.354303 0.004369 0.020766 1.583256 447.494995
48.450829 27.093361 1.354303 0.007280 0.020951 1.585523 447.619995
48.445007 27.313200 1.354303 0.007473 0.020195 1.587076 447.730011
48.440216 27.523046 1.354303 0.005705 0.020609 1.588259 447.834991
48.435799 27.742924 1.354303 0.003158 0.020753 1.589245 447.945007
48.431889 27.952808 1.354303 0.000771 0.020927 1.590003 448.049988
48.428013 28.162731 1.354303 -0.001124 0.020768 1.590609 448.154999
48.423965 28.372660 1.354303 -0.002120 0.020701 1.591096 448.260010
48.419647 28.582596 1.354303 -0.002234 0.020557 1.591484 448.364990
48.415051 28.792521 1.354303 -0.001721 0.019876 1.591798 448.470001
48.410229 29.002407 1.354303 -0.000759 0.020270 1.592048 448.575012
48.404240 29.232225 1.354303 -0.070445 0.017967 1.654019 448.690002
48.393276 29.441460 1.354303 -0.019977 0.021813 1.673876 448.795013
48.379486 29.650543 1.354303 -0.011994 0.021717 1.671878 448.899994
48.364105 29.859646 1.354303 -0.014985 0.021942 1.670269 449.005005
48.346920 30.068769 1.354303 -0.015281 0.021650 1.668979 449.109985
48.326054 30.297794 1.354303 -0.011227 0.020363 1.667877 449.225006
48.302563 30.536674 1.354303 -0.004750 0.020707 1.666966 449.345001
48.282288 30.735716 1.354303 0.000335 0.019898 1.666359 449.445007
48.261921 30.934729 1.354303 0.004935 0.020401 1.665875 449.545013
48.241879 31.133776 1.354303 0.007426 0.020009 1.665481 449.644989
48.222382 31.332863 1.354303 0.007969 0.020401 1.665161 449.744995
48.203480 31.532021 1.354303 0.007389 0.019463 1.664899 449.845001
48.185112 31.731186 1.354303 0.005349 0.020256 1.664688 449.945007
48.167084 31.930391 1.354303 0.003129 0.020710 1.664515 450.045013
48.149155 32.129658 1.354303 0.001251 0.020644 1.664377 450.144989
48.131195 32.328938 1.354303 0.000087 0.019813 1.664264 450.244995
48.113075 32.528172 1.354303 -0.000532 0.019375 1.664173 450.345001
48.093826 32.737282 1.354303 -0.000498 0.019955 1.664096 450.450012
48.074348 32.946354 1.354303 0.000034 0.019773 1.664033 450.554993
48.052326 33.154984 1.354303 -0.083624 0.019362 1.767413 450.660004
48.023922 33.362453 1.354303 -0.005731 0.022067 1.761925 450.765015
47.992683 33.579739 1.354303 -0.000006 0.022066 1.756309 450.875000
47.959484 33.807064 1.354303 -0.005939 0.021290 1.751642 450.989990
47.928162 34.014603 1.354303 -0.009365 0.020392 1.748217 451.095001
47.895531 34.221985 1.354303 -0.009516 0.020204 1.745502 451.200012
47.861588 34.429161 1.354303 -0.006880 0.020136 1.743299 451.304993
47.824944 34.646103 1.354303 -0.002193 0.020421 1.741452 451.415009
47.791130 34.843311 1.354303 0.002080 0.020043 1.740127 451.515015
47.751289 35.069916 1.354303 -0.027827 0.018604 1.784769 451.630005
47.708557 35.295830 1.354303 0.003562 0.020034 1.780885 451.744995
47.669373 35.502110 1.354303 0.003033 0.019427 1.778647 451.850006
47.630043 35.708389 1.354303 -0.001237 0.019316 1.776870 451.954987
47.592129 35.904781 1.354303 -0.003803 0.019507 1.775502 452.054993
47.553535 36.101055 1.354303 -0.004298 0.019089 1.774394 452.154999
47.513828 36.297092 1.354303 -0.064943 0.019092 1.822532 452.255005
47.466122 36.501347 1.354303 -0.023578 0.019303 1.869868 452.359985
47.414841 36.704639 1.354303 0.001997 0.021014 1.864052 452.464996
47.363056 36.908020 1.354303 -0.000967 0.020078 1.859359 452.570007
47.310619 37.111393 1.354303 -0.007233 0.020553 1.855608 452.674988
47.256977 37.314610 1.354303 -0.009402 0.019915 1.852595 452.779999
47.199276 37.527206 1.354303 -0.007760 0.019133 1.850079 452.890015
47.145664 37.720181 1.354303 -0.004231 0.018791 1.848234 452.989990
47.091316 37.912960 1.354303 0.000360 0.019279 1.846741 453.089996
47.036640 38.105679 1.354303 0.004119 0.018801 1.845520 453.190002
46.982014 38.298420 1.354303 0.007120 0.018647 1.844541 453.290009
46.927864 38.491306 1.354303 0.057555 0.017676 1.807745 453.390015
46.878628 38.685184 1.354303 0.056862 0.019271 1.735002 453.489990
46.832218 38.889709 1.354303 0.008190 0.021315 1.743222 453.595001
46.786911 39.094616 1.354303 0.064337 0.019442 1.704006 453.700012
46.748043 39.300308 1.354303 0.112844 0.023814 1.601621 453.804993
46.719723 39.506897 1.354303 0.100622 0.028871 1.548731 453.910004
46.697033 39.744019 1.354303 0.036198 0.028348 1.560791 454.029999
46.681808 39.952393 1.354303 0.036456 0.026087 1.569466 454.135010
46.670506 40.161396 1.354303 0.035294 0.023335 1.576395 454.239990
46.662865 40.370781 1.354303 0.026082 0.022814 1.581976 454.345001
46.657944 40.580444 1.354303 0.014061 0.021956 1.586470 454.450012
46.654427 40.790287 1.354303 0.003786 0.020193 1.590085 454.554993
46.651146 41.000172 1.354303 -0.006264 0.020494 1.592977 454.660004
46.647125 41.210049 1.354303 -0.011517 0.019681 1.595295 454.765015
46.641830 41.419853 1.354303 -0.012365 0.020483 1.597156 454.869995
46.635181 41.629658 1.354303 -0.009743 0.020998 1.598652 454.975006
46.626659 41.859444 1.354303 -0.005110 0.020513 1.599955 455.089996
46.618217 42.069229 1.354303 -0.000819 0.020197 1.600900 455.195007
46.609867 42.268948 1.383319 -0.049439 0.017517 1.641825 455.295013
46.596375 42.478016 1.388288 -0.028682 0.020861 1.698067 455.399994
46.579971 42.676708 1.404531 -0.003621 0.022413 1.693793 455.500000
46.562824 42.875519 1.418876 -0.005297 0.022275 1.690340 455.600006
46.541893 43.084034 1.422950 -0.090253 0.021975 1.779017 455.704987
46.514683 43.281441 1.405521 -0.072792 0.023684 1.817732 455.804993
46.479691 43.487644 1.406052 -0.077225 0.024759 1.862773 455.910004
46.438267 43.692612 1.406500 -0.018706 0.024750 1.857952 456.015015
46.383846 43.935890 1.406946 -0.094510 0.025139 1.925608 456.140015
46.329418 44.137924 1.407262 -0.029055 0.024687 1.934088 456.244995
46.270763 44.339100 1.407529 -0.017576 0.022774 1.924922 456.350006
46.209557 44.539883 1.407757 -0.018549 0.021006 1.917506 456.454987
46.149010 44.730637 1.407941 -0.016274 0.019988 1.911858 456.554993
46.088371 44.921379 1.408100 0.017295 0.017343 1.846763 456.654999
46.028778 45.122517 1.408242 0.094153 0.018750 1.740589 456.760010
45.978775 45.325333 1.408363 0.112956 0.025971 1.642074 456.864990
45.940819 45.529770 1.408465 0.118842 0.033016 1.554703 456.970001
45.914360 45.755100 1.408561 0.128807 0.039499 1.464013 457.084991
45.903625 45.961674 1.408634 0.060213 0.022168 1.462193 457.190002
45.900192 46.167221 1.408696 0.059158 -0.038786 1.471735 457.295013
45.904095 46.411396 1.408760 0.056415 -0.103977 1.480994 457.424988
45.913704 46.618786 1.408809 -0.004815 -0.133131 1.574780 457.545013
45.923679 46.825172 1.408853 0.063555 0.085400 1.564872 457.674988
45.940708 47.032574 1.408888 0.053170 0.148045 1.466706 457.799988
45.965237 47.239742 1.408914 0.020083 0.098161 1.378232 457.915009
45.993229 47.446938 1.408934 -0.022548 0.054672 1.317471 458.024994
46.022449 47.678528 1.408953 -0.043223 0.037321 1.335635 458.144989
46.044601 47.884277 1.408967 -0.005358 0.032529 1.344610 458.250000
46.067364 48.091412 1.408980 0.032715 0.030196 1.352379 458.355011
46.094284 48.298779 1.408990 0.051963 0.027309 1.358228 458.459991
46.127159 48.505695 1.408998 0.051847 0.023877 1.362702 458.565002
46.166641 48.711651 1.409006 0.110408 0.021899 1.304560 458.670013
46.217266 48.914860 1.409012 0.108655 0.024105 1.209387 458.774994
46.285919 49.133263 1.409017 0.088854 0.026239 1.114687 458.890015
46.358883 49.328823 1.409022 0.085198 0.028026 1.032334 458.994995
46.441040 49.520382 1.409026 0.090462 0.030420 0.954715 459.100006
46.532757 49.707146 1.409028 0.103730 0.034352 0.879772 459.204987
46.633156 49.889458 1.409031 0.037606 0.032871 0.898159 459.309998
46.754284 50.095573 1.409034 0.051952 0.028815 0.915693 459.429993
46.860855 50.264854 1.409036 0.058911 0.024121 0.923496 459.529999
46.978481 50.439419 1.409039 0.052347 0.019658 0.933522 459.635010
47.095150 50.602779 1.409040 0.036332 0.016771 0.937971 459.734985
47.214863 50.764133 1.409040 0.014698 0.016631 0.944481 459.834991
47.335079 50.925171 1.409040 -0.042664 0.014150 1.000711 459.934998
47.452282 51.088142 1.409040 -0.069441 0.016448 1.027281 460.035004
47.569965 51.262672 1.409040 -0.095858 0.018564 1.077162 460.140015
47.678612 51.442303 1.409040 -0.084373 0.022075 1.142435 460.244995
47.777100 51.627121 1.409040 -0.078504 0.024425 1.197073 460.350006
47.867836 51.815910 1.409040 -0.055232 0.024718 1.192825 460.454987
47.953510 52.007561 1.409040 -0.051236 0.020638 1.189377 460.559998
48.030796 52.192196 1.409040 -0.081569 0.017836 1.213896 460.660004
48.101269 52.379379 1.409040 -0.055548 0.019002 1.266925 460.760010
48.169918 52.577763 1.409040 -0.013841 0.019689 1.261542 460.864990
48.234253 52.767231 1.409040 -0.003981 0.019445 1.257228 460.964996
48.298576 52.956821 1.409040 -0.001200 0.018684 1.253907 461.065002
48.363148 53.146412 1.409040 -0.000240 0.018486 1.251223 461.165009
48.428066 53.335941 1.409040 -0.000417 0.019299 1.249041 461.265015
48.493317 53.525482 1.409040 -0.001539 0.019148 1.247274 461.364990
48.558804 53.715073 1.409040 0.007427 0.017870 1.239643 461.464996
48.626434 53.903774 1.409040 0.052908 0.015844 1.169327 461.565002
48.702488 54.098537 1.409040 -0.029914 -0.101256 1.237031 461.670013
48.781704 54.307907 1.409040 -0.120613 -0.120894 1.447988 461.790009
48.841808 54.501110 1.409040 -0.145840 -0.047090 1.616339 461.910004
48.883347 54.700058 1.409040 -0.151861 0.013439 1.762182 462.040009
48.899536 54.923828 1.409040 -0.148830 0.045117 1.912925 462.190002
48.883518 55.128689 1.409040 -0.138100 0.054105 2.045771 462.329987
48.838799 55.328247 1.409040 -0.134449 0.054445 2.185295 462.470001
48.767384 55.519798 1.409040 -0.119731 0.052591 2.314024 462.609985
48.672050 55.701057 1.409040 -0.117106 0.051210 2.443805 462.750000
48.555222 55.869640 1.409040 -0.115724 0.049391 2.575428 462.890015
48.419075 56.023087 1.409040 -0.119152 0.050971 2.701093 463.029999
48.265209 56.158634 1.409040 -0.127168 0.053314 2.830602 463.170013
48.095798 56.274288 1.409040 -0.124001 0.051401 2.934790 463.309998
47.913692 56.370712 1.409040 -0.092894 0.047601 2.978942 463.450012
47.728523 56.447521 1.409040 -0.097632 0.039843 3.028862 463.584991
47.521656 56.511368 1.409040 -0.095153 0.033752 3.091675 463.730011
47.323860 56.553585 1.409040 -0.054539 0.028304 3.123842 463.864990
47.085461 56.590424 1.409040 -0.034645 0.020128 3.103755 464.024994
46.882328 56.613670 1.409040 -0.041493 0.016478 3.125006 464.160004
46.678135 56.629532 1.409040 -0.023372 0.064464 3.116071 464.295013
46.452614 56.641960 1.409040 -0.014080 0.165778 3.109064 464.434998
46.246574 56.650814 1.409040 -0.006811 0.112314 3.104645 464.549988
46.038136 56.659008 1.409040 0.000706 0.067753 3.101356 464.660004
45.833744 56.667225 1.409040 0.005963 0.045148 3.098841 464.765015
45.626640 56.676285 1.409040 0.008306 0.032196 3.096823 464.869995
45.388439 56.687725 1.409040 -0.043889 0.023314 3.133122 464.989990
45.179539 56.694962 1.409040 -0.012396 0.023685 -3.129236 465.095001
44.970325 56.700420 1.409040 -0.012595 0.023452 -3.130497 465.200012
44.760826 56.704418 1.409040 -0.018546 0.022187 -3.131511 465.304993
44.551189 56.706417 1.409040 -0.020669 0.021091 -3.132319 465.410004
44.311516 56.706009 1.409040 -0.016625 0.020873 -3.133056 465.529999
44.101791 56.703747 1.409040 -0.009927 0.020440 -3.133566 465.635010
43.892052 56.700436 1.409040 -0.002717 0.020381 -3.133976 465.739990
43.682247 56.696854 1.409040 0.003318 0.020503 -3.134305 465.845001
43.472443 56.693638 1.409040 0.007050 0.019986 -3.134569 465.950012
43.262638 56.691174 1.409040 0.008122 0.020322 -3.134781 466.054993
43.052818 56.689533 1.409040 0.006781 0.020703 -3.134952 466.160004
42.842934 56.688580 1.409040 0.004353 0.020971 -3.135087 466.265015
42.632996 56.688057 1.409040 0.001571 0.020900 -3.135196 466.369995
42.413033 56.687637 1.409040 -0.000894 0.020101 -3.135287 466.480011
42.203083 56.687153 1.409040 -0.002301 0.019987 -3.135355 466.584991
41.963215 56.686275 1.409040 -0.002704 0.020570 -3.135417 466.704987
41.753330 56.685188 1.409040 -0.002336 0.020537 -3.135461 466.809998
41.513401 56.683636 1.409040 -0.001317 0.020326 -3.135502 466.929993
41.303436 56.682125 1.409040 -0.000347 0.019821 -3.135529 467.035004
41.093548 56.680527 1.409040 0.000492 0.020121 -3.135550 467.140015
40.883663 56.679005 1.409040 0.001034 0.020158 -3.135568 467.244995
40.673779 56.677586 1.409040 0.001207 0.020201 -3.135583 467.350006
40.463894 56.676270 1.409040 0.001081 0.019840 -3.135593 467.454987
40.254009 56.675053 1.409040 0.000706 0.021058 -3.135603 467.559998
40.044125 56.673904 1.409040 0.000377 0.020147 -3.135611 467.665009
39.834400 56.675491 1.409040 0.085506 0.019880 3.039907 467.769989
39.605816 56.687603 1.409040 0.094184 0.025048 2.935612 467.885010
39.388931 56.710876 1.409040 0.094556 0.029642 2.847311 467.994995
39.183891 56.743889 1.409040 0.048546 0.032428 2.810914 468.100006
38.980175 56.785290 1.409040 0.045513 0.033102 2.785973 468.204987
38.777626 56.834370 1.409040 0.050972 0.031750 2.763858 468.309998
38.539204 56.904591 1.409040 0.073853 0.030041 2.697312 468.434998
38.341469 56.972633 1.409040 0.023722 0.025839 2.711604 468.540009
38.145397 57.046379 1.409040 0.049668 0.024880 2.662142 468.644989
37.951351 57.125996 1.409040 0.023419 0.022807 2.671836 468.750000
37.767368 57.204800 1.409040 0.022321 0.021196 2.679345 468.850006
37.585274 57.288067 1.409040 0.051153 0.019954 2.626126 468.950012
37.405594 57.376415 1.409040 0.024594 0.020116 2.631125 469.049988
37.227036 57.467499 1.409040 0.019756 0.019126 2.635193 469.149994
37.049374 57.560715 1.409040 0.015599 0.017683 2.638468 469.250000
36.872444 57.655602 1.409040 0.008707 0.016896 2.641102 469.350006
36.696022 57.751522 1.409040 0.002291 0.016371 2.643287 469.450012
36.519783 57.847866 1.409040 -0.004737 0.016217 2.645035 469.549988
36.343555 57.944237 1.409040 0.040465 0.015553 2.612145 469.649994
36.163761 58.047626 1.409040 0.075913 -0.137538 2.458802 469.755005
35.993580 58.153915 1.409040 0.095668 -0.106997 2.370074 469.864990
35.822044 58.273926 1.409040 0.110880 -0.042007 2.287521 469.989990
35.657372 58.409691 1.409040 0.110196 -0.002417 2.210627 470.125000
35.510006 58.555645 1.409040 0.100360 0.014499 2.139507 470.260010
35.371651 58.717506 1.409040 0.040475 0.015338 2.128272 470.399994
35.235584 58.891293 1.409040 0.028588 0.012739 2.145345 470.545013
35.094849 59.081413 1.409040 0.020407 0.070520 2.162163 470.700012
34.961796 59.276768 1.409040 0.089313 0.161012 2.072753 470.845001
34.856491 59.455742 1.409040 0.065720 0.104945 1.987075 470.959991
34.758366 59.640190 1.409040 0.056021 0.065544 1.907321 471.070007
34.668659 59.823494 1.409040 0.066334 0.045638 1.830437 471.174988
34.577877 60.030003 1.409040 0.097593 0.042132 1.744563 471.290009
34.505398 60.223030 1.409040 0.120949 0.012464 1.670493 471.394989
34.446106 60.416538 1.409040 0.138254 -0.041943 1.597127 471.500000
34.398785 60.612652 1.409040 0.092609 -0.092613 1.605934 471.609985
34.361576 60.814400 1.409040 0.149411 0.053378 1.558956 471.730011
34.344765 61.020374 1.409040 0.136720 0.132891 1.477749 471.850006
34.347485 61.221115 1.409040 0.104716 0.098148 1.402391 471.959991
34.364475 61.429131 1.409040 0.085081 0.068244 1.322977 472.070007
34.395210 61.659927 1.409040 0.002525 0.043823 1.306361 472.190002
34.424961 61.864307 1.409040 0.006268 0.035178 1.318490 472.295013
34.456345 62.070084 1.409040 0.022374 0.029729 1.328291 472.399994
34.496040 62.305714 1.409040 0.032640 0.025291 1.337092 472.519989
34.534191 62.511780 1.409040 -0.036547 0.019586 1.408754 472.625000
34.575092 62.747742 1.409040 0.009997 0.019901 1.448711 472.744995
34.611538 62.954128 1.409040 0.066853 0.019070 1.397728 472.850006
34.652134 63.159870 1.409040 0.012450 0.019788 1.384346 472.954987
34.695972 63.364918 1.409040 0.047214 0.018398 1.286596 473.059998
34.744221 63.568729 1.409040 0.055431 0.016461 1.236768 473.165009
34.797924 63.769619 1.409040 0.083378 -0.031612 1.140563 473.269989
34.863251 63.979553 1.409040 0.067649 -0.088362 1.102822 473.385010
34.930656 64.173500 1.409040 0.056337 -0.122226 1.095926 473.500000
35.005047 64.368416 1.409040 0.037422 -0.256564 1.074138 473.630005
35.079075 64.558525 1.409040 0.052457 -0.232463 0.901350 473.795013
35.145004 64.747665 1.409040 0.066772 -0.111265 0.623844 474.059998
35.193417 64.943176 1.409040 0.018667 0.000554 -0.250566 474.894989
35.209225 64.740723 1.401259 -0.000730 0.223175 -1.541252 476.579987
35.224800 64.536095 1.400236 -0.013829 0.098206 -1.610329 476.739990
35.239513 64.323120 1.398828 0.016833 0.045040 -1.715978 476.890015
35.247730 64.117546 1.397764 0.042525 0.033531 -1.782712 477.029999
35.246326 63.916931 1.396942 0.047923 0.032081 -1.825142 477.165009
35.234867 63.715076 1.396275 0.048233 0.028369 -1.810732 477.299988
35.213928 63.512531 1.395733 0.056283 0.021327 -1.799830 477.434998
35.182636 63.310574 1.391643 0.047324 0.015804 -1.791577 477.570007
35.141678 63.109924 1.390498 0.071320 0.015190 -1.851603 477.704987
35.089657 62.911423 1.389565 0.000870 0.083017 -1.872796 477.839996
35.034359 62.717026 1.388862 -0.011282 0.164495 -1.892106 477.964996
34.970089 62.492912 1.388266 -0.017867 0.102977 -1.884628 478.095001
34.913757 62.291523 1.387842 -0.008191 0.065350 -1.879628 478.204987
34.854179 62.064854 1.387457 -0.049439 0.033490 -1.777512 478.325012
34.806389 61.864250 1.387174 0.002028 -0.031475 -1.779952 478.429993
34.755802 61.652573 1.387101 0.000016 -0.219222 -1.864336 478.545013
34.710423 61.456886 1.387101 0.037589 -0.309672 -1.995237 478.670013
34.669727 61.260014 1.387101 0.069735 -0.211377 -2.178493 478.845001
34.638290 61.061169 1.387101 0.069609 -0.081378 -2.497884 479.149994
34.562973 61.252655 1.397541 -0.004470 0.128098 1.636774 481.244995
34.528919 61.453121 1.397017 0.054688 0.062137 1.613743 481.390015
34.505028 61.665016 1.396660 0.049588 -0.013770 1.627528 481.535004
34.491058 61.872116 1.396660 -0.018993 -0.243444 1.784612 481.684998
34.483086 62.073772 1.396660 -0.055939 -0.172990 1.999295 481.890015
34.486977 62.278175 1.396660 -0.051342 -0.046543 2.433888 482.304993
34.472881 62.480194 1.396660 0.011837 0.318228 1.845994 483.554993
34.428436 62.680607 1.396660 0.004439 0.175121 1.699127 483.755005
34.388493 62.878231 1.396660 -0.046539 0.068096 1.621179 483.904999
34.343319 63.074993 1.396660 -0.014123 0.033448 1.572902 484.045013
34.293060 63.290989 1.396660 0.045563 0.031018 1.507142 484.195007
34.255676 63.488705 1.396660 0.044573 0.033657 1.494450 484.329987
34.229141 63.689449 1.396660 0.097959 0.032413 1.448182 484.464996
34.218361 63.892120 1.396660 0.063470 0.025975 1.464491 484.600006
34.219490 64.096085 1.396660 0.051411 0.019129 1.476954 484.734985
34.229698 64.296112 1.396660 0.037053 0.169629 1.486013 484.864990
34.246136 64.499542 1.396660 0.052866 0.141011 1.472051 484.984985
34.267567 64.700951 1.396660 0.043468 0.090236 1.432209 485.095001
34.292252 64.900833 1.396660 -0.023533 0.057750 1.427573 485.200012
34.315704 65.105133 1.396660 -0.036690 0.037787 1.435571 485.304993
34.339596 65.351448 1.396660 -0.023156 0.027822 1.442946 485.429993
34.358997 65.579552 1.396660 -0.008751 0.023534 1.448249 485.545013
34.376057 65.788322 1.396660 0.002784 0.022105 1.452112 485.649994
34.393715 65.997246 1.396660 0.010752 0.021674 1.455179 485.755005
34.412773 66.206169 1.396660 0.012998 0.021472 1.457656 485.859985
34.433422 66.415039 1.396660 0.011101 0.020706 1.459647 485.964996
34.455463 66.623802 1.396660 0.006589 0.020458 1.461246 486.070007
34.481716 66.862274 1.396660 0.000697 0.019599 1.462689 486.190002
34.505005 67.070877 1.396660 -0.003901 0.019599 1.463694 486.295013
34.528072 67.279480 1.396660 -0.006800 0.019939 1.464504 486.399994
34.550297 67.488159 1.396660 -0.068358 0.017941 1.515798 486.505005
34.568218 67.697014 1.396660 -0.022238 0.021692 1.522481 486.609985
34.581177 67.906075 1.396660 -0.101959 0.021734 1.621519 486.714996
34.582954 68.134605 1.396660 -0.108251 0.027257 1.723623 486.829987
34.573479 68.342484 1.396660 -0.068108 0.028852 1.754943 486.934998
34.555359 68.549706 1.396660 -0.113239 0.032509 1.843711 487.040009
34.524673 68.754936 1.396660 -0.122449 0.036711 1.926148 487.144989
34.480293 68.957230 1.396660 -0.126136 0.040046 2.005980 487.250000
34.422043 69.155426 1.396660 -0.123090 0.014763 2.080220 487.355011
34.351952 69.346039 1.396660 -0.128748 -0.046819 2.160033 487.459991
34.269516 69.529320 1.409895 -0.159338 -0.088819 2.315529 487.570007
34.171192 69.704636 1.410304 -0.176703 -0.031260 2.442854 487.690002
34.036026 69.885826 1.410706 -0.172431 0.019823 2.612336 487.834991
33.891876 70.027481 1.411009 -0.156085 0.042559 2.753445 487.970001
33.724998 70.148842 1.411262 -0.139643 0.050513 2.894973 488.109985
33.543617 70.245331 1.411465 -0.133360 0.050138 3.039118 488.250000
33.351799 70.320747 1.411628 -0.044532 0.039352 3.048677 488.390015
33.153351 70.386650 1.411761 -0.036162 0.028741 3.021108 488.529999
32.957615 70.442436 1.411863 -0.078275 0.025582 3.056488 488.665009
32.758278 70.486526 1.411946 -0.041169 0.018630 3.039566 488.799988
32.549236 70.523224 1.412016 -0.069636 0.016637 3.101344 488.940002
32.331116 70.549690 1.412073 -0.048410 0.016327 3.128051 489.084991
32.096966 70.570686 1.412123 0.006142 0.013179 3.118359 489.239990
31.892775 70.589294 1.412157 0.005707 0.012093 3.103518 489.375000
31.688498 70.608727 1.412185 -0.033283 0.012634 3.126427 489.510010
31.484018 70.625488 1.412208 -0.007235 0.013009 3.121620 489.644989
31.264570 70.641724 1.412222 -0.014542 -0.077195 -3.119818 489.790009
31.061512 70.656319 1.412222 -0.045707 -0.250133 -2.962740 489.940002
30.859623 70.676224 1.412222 -0.070109 -0.154722 -2.732360 490.160004
30.660803 70.709236 1.412222 -0.047872 -0.028812 -2.240185 490.630005
30.619875 70.497353 1.412222 -0.010320 0.221461 -1.380523 491.720001
30.660616 70.286942 1.412222 -0.031231 0.092908 -1.349719 491.885010
30.705755 70.090912 1.412222 -0.037683 0.044307 -1.330748 492.024994
30.757620 69.897232 1.412222 -0.033108 0.024836 -1.315703 492.160004
30.815462 69.702408 1.412222 -0.006511 0.017112 -1.333561 492.295013
30.875256 69.507858 1.412222 -0.012796 0.173425 -1.327993 492.424988
30.934492 69.316757 1.412222 0.057651 0.130995 -1.353718 492.540009
30.990313 69.119591 1.412222 0.023766 0.082937 -1.362214 492.649994
31.041962 68.923607 1.412222 0.084564 0.053706 -1.405274 492.755005
31.088488 68.722816 1.412222 0.029512 0.038627 -1.401607 492.859985
31.132153 68.519424 1.412222 0.022154 0.028994 -1.397535 492.964996
31.173899 68.314583 1.412222 0.020078 0.024607 -1.394249 493.070007
31.217676 68.089226 1.412222 0.015333 0.022012 -1.391396 493.184998
31.256300 67.882912 1.412222 0.009662 0.020810 -1.389304 493.290009
31.292906 67.676163 1.412222 0.026585 0.019306 -1.428868 493.394989
31.325363 67.468857 1.412222 0.013224 0.020234 -1.466256 493.500000
31.356253 67.261375 1.412222 -0.010648 0.020602 -1.458660 493.605011
31.387600 67.053879 1.412222 0.066809 0.019453 -1.517340 493.709991
31.418592 66.816460 1.412222 0.020504 0.022909 -1.517796 493.829987
31.443068 66.608284 1.412222 0.028031 0.023240 -1.514012 493.934998
31.464628 66.399612 1.412222 0.033621 0.022252 -1.510974 494.040009
31.482756 66.190506 1.412222 0.031835 0.020574 -1.508555 494.144989
31.497728 65.981140 1.412222 0.023747 0.020018 -1.506604 494.250000
31.510405 65.771576 1.412222 0.011701 0.020371 -1.505039 494.355011
31.522011 65.562012 1.412222 0.001864 0.019896 -1.503780 494.459991
31.533121 65.352402 1.412222 0.048877 0.019813 -1.551448 494.565002
31.541836 65.142677 1.412222 0.003804 0.019723 -1.553451 494.670013
31.548874 64.933075 1.412222 0.004435 0.019847 -1.604359 494.774994
31.555515 64.703552 1.412222 -0.008294 0.021074 -1.596858 494.890015
31.562298 64.493950 1.412222 0.004631 0.021719 -1.591413 494.994995
31.568510 64.284225 1.412222 0.015841 0.021912 -1.587080 495.100006
31.573006 64.074364 1.412222 0.020865 0.020498 -1.583555 495.204987
31.575420 63.834511 1.412222 0.018880 0.020917 -1.580391 495.325012
31.574093 63.614742 1.412222 0.091700 0.019224 -1.659451 495.434998
31.563372 63.408432 1.412222 0.106799 -0.123456 -1.814345 495.540009
31.542809 63.209133 1.412222 0.108870 -0.104552 -1.900174 495.649994
31.510487 63.011211 1.395205 0.114210 -0.043952 -1.975421 495.769989
31.461306 62.812229 1.382106 0.110773 -0.001761 -2.048189 495.899994
31.393312 62.616852 1.381884 0.098614 0.015453 -2.121224 496.035004
31.309313 62.430187 1.381705 0.082213 0.019514 -2.191102 496.170013
31.203903 62.237949 1.381550 0.069807 0.019936 -2.263013 496.315002
31.093771 62.066086 1.381433 0.065224 0.020042 -2.331082 496.450012
30.962103 61.891548 1.381333 0.109358 0.023995 -2.505919 496.595001
30.809710 61.726742 1.381251 0.104422 0.029397 -2.642294 496.744995
30.647835 61.584660 1.381187 0.116146 0.038372 -2.796421 496.890015
30.478149 61.467083 1.381138 0.097934 0.043851 -2.916306 497.029999
30.297419 61.366642 1.381099 0.083478 0.042755 -2.957892 497.170013
30.114595 61.282722 1.381068 0.052677 0.034570 -2.944337 497.304993
29.925377 61.208881 1.381043 0.105379 0.028290 -2.988062 497.440002
29.730698 61.148800 1.381023 0.051875 0.021012 -2.967219 497.575012
29.532459 61.098621 1.381006 0.044055 0.016215 -2.981277 497.709991
29.331779 61.057606 1.380993 0.042315 0.014726 -3.012444 497.845001
29.114513 61.021675 1.380982 0.036809 0.043977 -3.071479 497.989990
28.900850 60.994835 1.380973 -0.018674 0.166686 -3.101062 498.125000
28.698805 60.970287 1.380967 -0.033012 0.116860 -3.085832 498.239990
28.493917 60.942413 1.380962 -0.015329 0.074113 -3.074364 498.350006
28.292324 60.915264 1.380958 0.022511 0.049331 -3.107237 498.454987
28.087420 60.893578 1.380955 0.106769 0.039375 3.078941 498.559998
27.861380 60.883278 1.380953 0.121689 0.039705 2.986035 498.674988
27.645000 60.888420 1.380950 0.063524 0.038359 2.947521 498.785004
27.438143 60.902515 1.380947 0.108232 0.036917 2.904725 498.890015
27.221972 60.928055 1.380945 0.050276 0.033405 2.897649 499.000000
27.015715 60.959213 1.380943 0.041493 0.028366 2.907435 499.105011
26.809515 60.994698 1.380943 -0.033320 0.020136 2.982848 499.209991
26.583439 61.033680 1.380943 0.015171 0.020778 2.988258 499.325012
26.377108 61.070747 1.380943 -0.034625 0.019251 3.013942 499.429993
26.150709 61.106148 1.380943 -0.115464 0.022173 3.136174 499.545013
25.943480 61.127384 1.380943 -0.101657 0.028287 -3.099141 499.649994
25.735855 61.137798 1.380943 -0.069199 0.031432 -3.051289 499.755005
25.527746 61.139915 1.380943 -0.041084 0.030215 -3.060869 499.859985
25.318960 61.137238 1.380943 -0.037403 0.026851 -3.068649 499.964996
25.109768 61.130409 1.380943 -0.030861 0.023593 -3.074909 500.070007
24.870541 61.118557 1.380943 -0.016629 0.021417 -3.080549 500.190002
24.661203 61.106083 1.380943 -0.002973 0.021067 -3.084451 500.295013
24.451857 61.095360 1.380943 0.089401 0.019049 3.096215 500.399994
24.203381 61.094906 1.380943 0.065869 0.024981 3.002828 500.524994
23.965380 61.104351 1.380943 0.024354 0.027852 3.012211 500.644989
23.756750 61.116135 1.380943 0.030886 0.026090 3.017963 500.750000
23.547949 61.131550 1.380943 0.033441 0.023947 3.022585 500.855011
23.339081 61.148472 1.380943 0.005951 0.020882 3.084584 500.959991
23.130177 61.165829 1.380943 0.016501 0.021369 3.083035 501.065002
22.921293 61.184875 1.380943 0.004231 0.020885 3.081784 501.170013
22.712362 61.204411 1.380943 -0.010333 0.021039 3.080780 501.274994
22.483328 61.224632 1.380943 -0.019298 0.020681 3.079909 501.390015
22.234129 61.243999 1.380943 -0.020368 0.020263 3.079175 501.515015
22.014727 61.256699 1.380943 -0.071192 0.019553 -3.127365 501.625000
21.805376 61.261974 1.380943 -0.026037 0.022590 -3.129037 501.730011
21.555912 61.264393 1.380943 -0.019238 0.022043 -3.130615 501.855011
21.346205 61.264126 1.380943 -0.015526 0.020561 -3.131645 501.959991
21.136589 61.264256 1.380943 0.014434 0.019939 3.093611 502.065002
20.927099 61.266254 1.380943 -0.001820 0.021137 3.097206 502.170013
20.717527 61.268311 1.380943 0.004307 0.021674 3.100096 502.274994
20.487875 61.271255 1.380943 0.010855 0.021252 3.102590 502.390015
20.278128 61.275223 1.380943 0.012623 0.020617 3.104421 502.494995
20.068363 61.280602 1.380943 0.010903 0.021011 3.105906 502.600006
19.858603 61.287205 1.380943 0.007086 0.020365 3.107090 502.704987
19.648897 61.294621 1.380943 0.002462 0.019713 3.108037 502.809998
19.429243 61.302727 1.380943 -0.002060 0.020346 3.108834 502.920013
19.189604 61.311356 1.380943 -0.004998 0.020636 3.109515 503.040009
18.979889 61.318180 1.380943 -0.060448 0.019166 -3.133337 503.144989
18.770397 61.319218 1.380943 -0.041322 0.021137 -3.069682 503.250000
18.561121 61.315456 1.380943 -0.002897 0.023068 -3.076316 503.355011
18.351645 61.310986 1.380943 -0.003451 0.021568 -3.081123 503.459991
18.142052 61.305916 1.380943 -0.009273 0.021267 -3.084951 503.565002
17.932411 61.300411 1.380943 0.058229 0.018852 3.129976 503.670013
17.723059 61.300457 1.380943 0.078577 0.020817 3.028136 503.774994
17.504692 61.309788 1.380943 0.047001 0.024850 2.956717 503.885010
17.296700 61.324318 1.380943 0.009903 0.025981 2.967838 503.989990
17.088346 61.340664 1.380943 0.023421 0.025869 2.975351 504.095001
16.879826 61.359962 1.380943 0.034805 0.024155 2.981392 504.200012
16.671480 61.383282 1.380943 0.035995 0.022370 2.986255 504.304993
16.464018 61.413071 1.380943 0.111348 0.022613 2.891484 504.410004
16.248846 61.454987 1.380943 0.090236 0.024529 2.836152 504.519989
16.045919 61.504871 1.380943 0.092399 0.025968 2.747153 504.625000
15.818049 61.574409 1.380943 0.091350 0.028681 2.654104 504.744995
15.622834 61.646168 1.380943 0.099759 0.032318 2.576349 504.850006
15.431861 61.726997 1.380943 0.115729 -0.067458 2.499886 504.954987
15.246977 61.817028 1.380943 0.125201 -0.106860 2.408104 505.065002
15.069970 61.919697 1.380943 0.136591 -0.045913 2.284216 505.184998
14.882615 62.052223 1.380943 0.080927 -0.148193 2.339609 505.329987
14.717963 62.183765 1.380943 0.009093 -0.248598 2.507158 505.489990
14.561642 62.319950 1.380943 -0.039386 -0.143258 2.763718 505.734985
14.419262 62.464859 1.380943 -0.032072 -0.019751 -2.896394 506.329987
14.269173 62.306278 1.380943 -0.008138 0.218093 -2.026479 507.524994
14.177571 62.121689 1.380943 -0.014210 0.092119 -1.859552 507.684998
14.090582 61.935009 1.380943 0.014925 0.040436 -1.779019 507.829987
14.004123 61.748493 1.380943 -0.028306 0.030692 -1.728033 507.970001
13.925103 61.564011 1.380943 -0.069883 0.034028 -1.675448 508.105011
13.855141 61.367043 1.380943 -0.101013 0.035859 -1.613223 508.244995
13.800100 61.157169 1.380943 -0.068775 0.030764 -1.618767 508.390015
13.757215 60.927685 1.380943 -0.069035 0.021349 -1.630753 508.545013
13.731242 60.717548 1.380943 -0.032124 0.014115 -1.678087 508.684998
13.708838 60.492294 1.380943 -0.003751 0.170597 -1.726450 508.829987
13.688812 60.284565 1.380943 -0.034963 0.127883 -1.732527 508.950012
13.669022 60.080582 1.380943 0.016182 0.081604 -1.780987 509.059998
13.645008 59.879765 1.380943 0.015630 0.054858 -1.809095 509.165009
13.613231 59.646465 1.380943 0.020496 0.037989 -1.799999 509.285004
13.582202 59.441250 1.380943 0.034768 -0.015519 -1.793691 509.390015
13.547975 59.240837 1.380943 0.069472 -0.082013 -1.823142 509.494995
13.508241 59.043316 1.380943 0.038080 -0.028623 -1.827448 509.605011
13.459417 58.839314 1.380943 0.107838 -0.070236 -1.965721 509.725006
13.397779 58.643494 1.380943 0.123385 -0.033863 -2.113941 509.850006
13.319242 58.456726 1.380943 0.132127 0.006099 -2.280171 509.980011
13.215837 58.272438 1.380943 0.124199 0.028259 -2.434664 510.119995
13.099071 58.108643 1.380943 0.076866 0.035185 -2.491012 510.255005
12.969424 57.953945 1.380943 0.080476 0.032819 -2.540779 510.390015
12.805791 57.788410 1.380943 0.085445 0.029313 -2.605467 510.545013
12.640129 57.645821 1.380943 0.001580 0.019997 -2.552992 510.690002
12.457406 57.497162 1.380943 0.041363 0.014150 -2.530536 510.845001
12.281449 57.363194 1.380943 -0.010086 0.009225 -2.462149 510.989990
12.094108 57.218876 1.387480 0.006504 0.058160 -2.372045 511.144989
11.936006 57.094845 1.390997 -0.016807 0.167288 -2.350314 511.269989
11.776942 56.966408 1.390635 0.001629 0.113130 -2.361772 511.385010
11.616261 56.834541 1.390342 -0.017610 0.070715 -2.370450 511.494995
11.459724 56.702614 1.390104 -0.028691 0.045015 -2.377124 511.600006
11.302978 56.565998 1.389904 -0.030557 0.030441 -2.382440 511.704987
11.145503 56.427902 1.389733 0.059114 0.019598 -2.496602 511.809998
10.937658 56.256058 1.389549 0.053232 0.019872 -2.572444 511.945007
10.774201 56.130733 1.401478 0.156278 -0.127827 -2.803739 512.049988
10.602731 56.017223 1.403406 0.202099 -0.074144 -2.979646 512.164978
10.422969 55.925785 1.403584 0.213190 0.009064 -3.130168 512.289978
10.221703 55.862804 1.403745 0.197174 0.051320 3.004839 512.429993
10.018106 55.838753 1.403875 0.161994 0.059752 2.870986 512.570007
9.814049 55.848103 1.403980 0.134069 0.054765 2.734366 512.710022
9.612446 55.885178 1.404064 0.110734 0.047550 2.606888 512.849976
9.415899 55.945496 1.404131 0.110705 0.046005 2.472616 512.989990
9.227393 56.027679 1.404186 0.102668 0.045532 2.348373 513.130005
9.048859 56.129890 1.404229 0.080485 0.044952 2.256566 513.270020
8.855829 56.267078 1.404268 0.088837 0.042045 2.202132 513.429993
8.703342 56.398735 1.404294 0.097092 0.037167 2.147713 513.565002
8.562921 56.544476 1.404316 0.094739 0.031858 2.089795 513.700012
8.433035 56.701145 1.404333 0.038307 0.022157 2.110334 513.835022
8.308223 56.863693 1.404347 0.031963 0.015933 2.128075 513.969971
8.187439 57.030270 1.404358 0.024034 0.011954 2.141400 514.104980
8.069005 57.200623 1.404368 0.012674 0.143316 2.151568 514.239990
7.956262 57.366615 1.404374 0.005032 0.153757 2.158525 514.359985
7.844174 57.532452 1.404379 -0.002833 0.058396 2.163470 514.469971
7.718449 57.717293 1.404385 -0.006660 -0.047075 2.167753 514.590027
7.600988 57.887970 1.404388 -0.008845 0.004570 2.170998 514.705017
7.465866 58.090302 1.404391 0.072806 0.091805 2.057073 514.840027
7.357567 58.267067 1.404394 0.043636 0.071054 2.014802 514.950012
7.254200 58.442432 1.404397 -0.008308 0.047293 2.013348 515.054993
7.148988 58.620655 1.404399 -0.002077 0.033476 2.023480 515.159973
7.042721 58.800522 1.404401 0.015168 0.026117 2.031652 515.265015
6.937258 58.982048 1.404401 0.026732 0.021648 2.038218 515.369995
6.823995 59.182739 1.404401 -0.015340 0.017143 2.076968 515.484985
6.720171 59.365925 1.404401 -0.039865 0.014272 2.144528 515.590027
6.618827 59.538719 1.404401 -0.004837 0.017545 2.165781 515.690002
6.515171 59.710079 1.404401 -0.090738 0.018765 2.247075 515.789978
6.398564 59.884212 1.404401 -0.117603 0.024830 2.344076 515.895020
6.271680 60.049915 1.404401 -0.125970 0.031226 2.431326 516.000000
6.106719 60.234676 1.404401 -0.134587 0.037113 2.529429 516.125000
5.941740 60.391300 1.404401 -0.098372 0.028548 2.591770 516.239990
5.783585 60.523861 1.404401 -0.122016 -0.032313 2.650952 516.344971
5.616364 60.647781 1.404401 -0.126274 -0.084851 2.727047 516.455017
5.446661 60.757786 1.404401 -0.089062 -0.119323 2.759141 516.570007
5.270875 60.859890 1.404401 -0.052771 0.086386 2.743235 516.695007
5.082325 60.956154 1.404401 -0.082706 0.142084 2.772043 516.820007
4.889803 61.041668 1.404401 -0.053259 0.094826 2.789814 516.934998
4.703803 61.118233 1.404401 -0.004815 0.060092 2.791480 517.039978
4.513254 61.195869 1.404401 0.011379 0.038109 2.783035 517.145020
4.320490 61.274052 1.404401 -0.021050 0.027982 2.830222 517.250000
4.125916 61.350552 1.404401 -0.012079 0.025336 2.825748 517.354980
3.930039 61.425575 1.404401 -0.070030 0.022786 2.869231 517.460022
3.732051 61.495209 1.404401 -0.070881 0.022892 2.904136 517.565002
3.532567 61.560570 1.404401 0.055436 0.017696 2.812164 517.669983
3.334590 61.630260 1.404401 0.000614 0.018897 2.770614 517.775024
3.108668 61.711136 1.404401 -0.015838 0.019269 2.773497 517.895020
2.910405 61.780880 1.404401 -0.006052 0.019438 2.775494 518.000000
2.721369 61.847214 1.404401 0.002839 0.019312 2.777043 518.099976
2.532468 61.914246 1.404401 0.008433 0.018713 2.778291 518.200012
2.343942 61.982449 1.404401 0.010022 0.018330 2.779305 518.299988
2.155859 62.051941 1.404401 0.008141 0.018205 2.780126 518.400024
1.968235 62.122768 1.404401 0.058080 0.016836 2.738936 518.500000
1.782015 62.196892 1.404401 0.006758 0.017864 2.737443 518.599976
1.596288 62.272224 1.404401 -0.000996 0.017974 2.739496 518.700012
1.411250 62.349171 1.404401 0.025529 0.017655 2.694124 518.799988
1.228069 62.430035 1.404401 0.083726 0.018487 2.615962 518.900024
1.040047 62.522797 1.404401 0.098561 0.022590 2.523427 519.005005
0.823858 62.645706 1.404401 0.104559 0.028433 2.423383 519.130005
0.649617 62.759899 1.404401 0.115576 0.033186 2.342568 519.234985
0.483264 62.884647 1.404401 0.128162 0.037616 2.264676 519.340027
0.326311 63.020554 1.404401 0.139270 0.041245 2.186898 519.445007
0.180309 63.167831 1.404401 0.132700 0.022950 2.106464 519.549988
0.047199 63.319901 1.404401 0.092934 -0.187050 1.996505 519.655029
-0.095499 63.489662 1.404401 0.108808 -0.295522 1.855129 519.789978
-0.229744 63.643593 1.404401 0.114287 -0.191192 1.671863 519.965027
-0.368500 63.789196 1.404401 0.088534 -0.069952 1.362931 520.260010
-0.279513 63.989140 1.404401 0.009506 0.319438 0.288856 521.729980
-0.084383 64.045631 1.404401 -0.022827 0.230107 0.238147 521.869995
0.115593 64.105148 1.404401 -0.057124 0.124013 0.220997 521.989990
0.311451 64.168892 1.404401 -0.029066 0.075426 0.228078 522.099976
0.504093 64.234467 1.404401 0.008962 0.050663 0.233488 522.205017
0.709780 64.303123 1.404401 0.039957 0.035651 0.237957 522.315002
0.918513 64.368057 1.404401 0.051768 0.027217 0.241545 522.424988
1.119954 64.425095 1.404401 0.082921 -0.015918 0.205329 522.530029
1.317191 64.472168 1.404401 0.127240 -0.131843 0.036059 522.635010
1.517127 64.507523 1.404401 0.111625 -0.083080 -0.041658 522.750000
1.743853 64.531395 1.404401 0.102192 -0.021537 -0.119368 522.890015
1.976620 64.535820 1.404401 0.091030 0.007352 -0.194144 523.039978
2.181668 64.522682 1.404401 0.079327 0.017303 -0.262245 523.174988
2.383923 64.495079 1.404401 0.068251 0.019948 -0.325477 523.309998
2.583615 64.454613 1.404401 0.060984 0.020322 -0.388171 523.445007
2.780524 64.402504 1.404401 0.060303 0.020726 -0.452568 523.580017
2.971151 64.339676 1.404401 0.015082 0.177243 -0.479246 523.710022
3.172527 64.265022 1.404401 -0.000388 0.135452 -0.464011 523.835022
3.363267 64.191650 1.404401 0.017110 0.085669 -0.454109 523.945007
3.551309 64.116020 1.404401 0.027419 0.054380 -0.446546 524.049988
3.741596 64.035553 1.404401 0.026839 0.037244 -0.440503 524.155029
3.932439 63.951210 1.404401 0.019091 0.026705 -0.435664 524.260010
4.123255 63.864265 1.404401 0.007637 0.021309 -0.431794 524.364990
4.304739 63.779778 1.404401 0.061716 0.019188 -0.481573 524.465027
4.483684 63.690006 1.404401 0.077774 0.019041 -0.573242 524.565002
4.667209 63.588329 1.404401 0.075922 0.020786 -0.660229 524.669983
4.862473 63.468395 1.404401 0.088105 0.025460 -0.750720 524.784973
5.042483 63.344471 1.404401 0.105590 0.031377 -0.832336 524.895020
5.206457 63.216446 1.404401 0.127678 0.037989 -0.911379 525.000000
5.360736 63.077602 1.404401 0.142021 0.042563 -0.986232 525.104980
5.522957 62.905090 1.404401 0.152508 0.045615 -1.070548 525.224976
5.656656 62.734291 1.404401 0.154485 0.046125 -1.147973 525.335022
5.769870 62.560966 1.404401 0.155095 0.045557 -1.225353 525.440002
5.870139 62.379452 1.404401 0.062262 0.038118 -1.221741 525.544983
5.962742 62.192707 1.404401 0.064487 0.032419 -1.248363 525.650024
6.049605 62.002300 1.404401 -0.022850 0.021612 -1.182200 525.755005
6.137887 61.811962 1.404401 0.054219 0.020205 -1.170710 525.859985
6.220567 61.629787 1.404401 0.016088 0.019844 -1.159769 525.960022
6.302342 61.446888 1.404401 -0.006812 0.019158 -1.150500 526.059998
6.385202 61.264244 1.404401 -0.019502 0.017693 -1.142957 526.159973
6.470190 61.082466 1.404401 -0.024166 0.016931 -1.136904 526.260010
6.557608 60.901791 1.404401 -0.021256 0.016452 -1.131979 526.359985
6.647146 60.722103 1.404401 -0.013985 0.016835 -1.127986 526.460022
6.738149 60.543072 1.404401 -0.004701 0.017010 -1.124757 526.559998
6.831702 60.365471 1.404401 -0.083681 0.013130 -1.016578 526.659973
6.932193 60.192436 1.404401 -0.093001 0.017660 -0.917839 526.760010
7.046063 60.016747 1.404401 -0.097359 0.023341 -0.825208 526.864990
7.168736 59.847870 1.404401 -0.107259 0.028477 -0.736749 526.969971
7.313744 59.671959 1.404401 -0.064616 0.032467 -0.684034 527.085022
7.454224 59.517914 1.404401 -0.121452 0.029679 -0.625440 527.190002
7.602302 59.372520 1.404401 -0.062566 -0.029704 -0.622562 527.294983
7.750804 59.235973 1.404401 -0.054752 -0.090084 -0.635320 527.400024
7.907102 59.099579 1.404401 -0.050952 -0.132002 -0.642024 527.515015
8.066463 58.969223 1.404401 -0.096658 -0.039461 -0.556500 527.640015
8.232257 58.851971 1.404401 -0.130476 -0.001787 -0.368800 527.770020
8.410564 58.750999 1.404401 -0.105279 0.018624 -0.237666 527.905029
8.594497 58.665741 1.404401 -0.067184 0.025750 -0.180819 528.039978
8.797511 58.587231 1.404401 -0.049288 0.025668 -0.139145 528.184998
9.026720 58.511719 1.404401 -0.034421 0.020515 -0.164374 528.344971
9.223160 58.454308 1.404401 -0.038721 0.017122 -0.179944 528.479980
9.443997 58.397785 1.404401 -0.031959 0.012766 -0.192660 528.630005
9.644204 58.352348 1.404401 -0.019637 0.011288 -0.201246 528.765015
9.845072 58.309872 1.404401 -0.005804 0.011570 -0.207684 528.900024
10.070413 58.262913 1.404401 0.004714 0.171183 -0.212829 529.044983
10.269256 58.220383 1.404401 0.008884 0.119408 -0.215944 529.159973
10.471246 58.175674 1.404401 0.009442 0.073338 -0.218292 529.270020
10.698488 58.123703 1.404401 0.006611 0.045298 -0.220306 529.390015
10.909904 58.074139 1.404401 0.002468 0.031440 -0.221762 529.500000
11.113009 58.025902 1.404401 -0.001654 0.026074 -0.222882 529.604980
11.336240 57.972740 1.404401 -0.005440 0.022240 -0.223850 529.719971
11.540218 57.923405 1.404401 0.066464 0.019127 -0.297788 529.825012
11.748217 57.865784 1.404401 0.073899 -0.134041 -0.426228 529.934998
11.946052 57.802944 1.404401 0.085634 -0.101099 -0.513278 530.049988
12.140426 57.730400 1.404401 0.089270 -0.040194 -0.585756 530.174988
12.328150 57.647644 1.404401 0.053816 -0.006225 -0.570694 530.304993
12.521832 57.551147 1.404401 0.047213 0.004154 -0.558268 530.445007
12.703039 57.451096 1.404401 0.032346 0.007421 -0.549322 530.580017
12.900379 57.334175 1.404401 0.013595 0.007832 -0.541982 530.729980
13.076282 57.226532 1.404401 -0.000811 0.028154 -0.537024 530.864990
13.253817 57.119946 1.390079 -0.032942 0.163601 -0.491319 530.994995
13.464295 57.006618 1.391307 -0.076643 0.111552 -0.375991 531.130005
13.651855 56.918476 1.392134 -0.071488 0.071931 -0.289007 531.239990
13.839112 56.839989 1.392801 -0.074268 0.050879 -0.209421 531.344971
14.031682 56.768490 1.393366 -0.033778 0.041361 -0.178825 531.450012
14.227892 56.702972 1.393849 -0.054737 0.038360 -0.146503 531.554993
14.427196 56.643539 1.394258 -0.061150 0.034757 -0.155467 531.659973
14.629214 56.590324 1.394607 -0.070836 0.029597 -0.162687 531.765015
14.833487 56.544189 1.394900 -0.064846 0.024099 -0.168405 531.869995
15.039361 56.504475 1.395148 -0.046513 0.020914 -0.172961 531.974976
15.246194 56.469223 1.395359 -0.022878 0.020397 -0.176639 532.080017
15.473564 56.435146 1.395555 -0.078286 0.021551 -0.089742 532.195007
15.701798 56.408207 1.395721 0.013478 0.019274 -0.081724 532.309998
15.919957 56.381508 1.395855 0.022798 0.019754 -0.089817 532.419983
16.137827 56.352089 1.395969 0.013017 0.019634 -0.096303 532.530029
16.345633 56.322563 1.396060 -0.039925 0.019627 -0.075336 532.635010
16.553619 56.295826 1.396139 -0.021650 0.021798 -0.060393 532.739990
16.761932 56.273022 1.396205 -0.060764 0.021737 -0.006179 532.844971
16.970541 56.256134 1.396262 -0.034659 0.024024 -0.010163 532.950012
17.179558 56.243137 1.396310 -0.035836 0.023633 -0.013494 533.054993
17.388977 56.233936 1.396351 -0.032785 0.022760 -0.016169 533.159973
17.598671 56.228176 1.396386 -0.024253 0.021440 -0.018323 533.265015
17.808487 56.224945 1.396414 -0.012423 0.020668 -0.020049 533.369995
18.018332 56.222992 1.396439 -0.001086 0.020490 -0.021439 533.474976
18.248161 56.220886 1.396462 0.008534 0.020873 -0.022643 533.590027
18.458031 56.218006 1.396480 0.012209 0.021117 -0.023522 533.695007
18.667933 56.213783 1.396496 0.011881 0.021029 -0.024223 533.799988
18.877857 56.208244 1.396508 0.008869 0.020858 -0.024788 533.905029
19.077782 56.202042 1.396518 0.004727 0.020193 -0.025222 534.005005
19.297647 56.194653 1.396528 0.000228 0.020241 -0.025606 534.114990
19.517498 56.187176 1.396536 -0.003452 0.020810 -0.025908 534.224976
19.757381 56.179424 1.396544 -0.005178 0.020293 -0.026173 534.344971
19.957310 56.173450 1.396549 -0.005229 0.020263 -0.026346 534.445007
20.167221 56.167660 1.396554 -0.004356 0.019628 -0.026496 534.549988
20.377075 56.162270 1.396558 -0.002672 0.020523 -0.026613 534.655029
20.586926 56.157104 1.396560 -0.000851 0.020666 -0.026706 534.760010
20.796824 56.151958 1.396563 0.000471 0.020604 -0.026781 534.864990
21.006748 56.146698 1.396565 0.001156 0.020754 -0.026842 534.969971
21.236666 56.140732 1.396568 0.001216 0.020378 -0.026893 535.085022
21.436594 56.135361 1.396570 0.000855 0.020464 -0.026930 535.184998
21.636534 56.129848 1.396572 0.000307 0.020186 -0.026958 535.284973
21.856457 56.123718 1.396572 -0.000346 0.020246 -0.026984 535.395020
22.066366 56.117817 1.396572 -0.000842 0.019495 -0.027004 535.500000
22.316185 56.110855 1.396572 -0.001128 0.020693 -0.027026 535.625000
22.526043 56.105080 1.396572 -0.001173 0.020851 -0.027036 535.729980
22.745922 56.099098 1.396572 -0.001096 0.019847 -0.027046 535.840027
22.955769 56.093449 1.396572 -0.000876 0.020128 -0.027056 535.945007
23.165577 56.087841 1.396572 -0.000586 0.020688 -0.027066 536.049988
23.375395 56.082233 1.396572 -0.000401 0.020389 -0.027066 536.155029
23.585184 56.076626 1.396572 -0.000294 0.020128 -0.027066 536.260010
23.794949 56.070976 1.396572 -0.000231 0.020696 -0.027066 536.364990
24.004713 56.065289 1.396572 -0.000339 0.019816 -0.027066 536.469971
24.214439 56.059643 1.396572 -0.034353 0.019405 -0.005475 536.575012
24.443924 56.057880 1.396572 -0.018228 0.020265 0.052068 536.690002
24.653208 56.060658 1.396572 -0.021786 0.021618 0.091746 536.794983
24.862442 56.065872 1.396572 0.006281 0.021649 0.082265 536.900024
25.071884 56.070885 1.396572 0.001037 0.021518 0.074681 537.005005
25.311451 56.076820 1.396572 -0.007907 0.021919 0.067786 537.125000
25.531155 56.083382 1.396572 -0.012165 0.020790 0.062867 537.234985
25.740839 56.091091 1.396572 -0.011742 0.021376 0.059089 537.340027
25.950512 56.100163 1.396572 -0.008771 0.020569 0.056069 537.445007
26.160151 56.110264 1.396572 -0.004278 0.019988 0.053628 537.549988
26.369741 56.120899 1.396572 0.000489 0.019798 0.051692 537.655029
26.579285 56.131573 1.396572 0.003979 0.020400 0.050124 537.760010
26.788841 56.141907 1.396572 0.005872 0.020359 0.048864 537.864990
26.998405 56.151714 1.396572 0.006050 0.020135 0.047855 537.969971
27.217968 56.161415 1.396572 0.004700 0.020902 0.047008 538.080017
27.437595 56.170681 1.396572 0.002940 0.020001 0.046334 538.190002
27.647240 56.179291 1.396572 0.001063 0.020327 0.045826 538.294983
27.856901 56.187889 1.396572 -0.000274 0.020480 0.045410 538.400024
28.096552 56.197876 1.396572 -0.001014 0.020385 0.045037 538.520020
28.322969 56.207569 1.396572 0.012260 -0.169938 -0.054505 538.635010
28.523550 56.217018 1.396572 0.048663 -0.326900 -0.174936 538.750000
28.726183 56.230595 1.396572 0.081671 -0.242011 -0.337257 538.905029
28.926619 56.251999 1.396572 0.085113 -0.117500 -0.593828 539.150024
29.123783 56.288956 1.396572 0.034141 -0.005545 -1.243111 539.770020
28.923086 56.282337 1.396572 0.002167 0.317421 -3.119871 541.869995
28.719746 56.271946 1.396572 -0.045207 0.235065 -3.118272 542.010010
28.511162 56.257252 1.396572 0.024689 0.130014 3.113198 542.130005
28.305450 56.245773 1.396572 0.007462 0.078969 3.117355 542.239990
28.102352 56.236141 1.396572 0.023603 0.052862 3.120700 542.344971
27.895834 56.229237 1.396572 0.035657 0.036135 3.123355 542.450012
27.687656 56.226212 1.396572 0.036816 0.028302 3.125495 542.554993
27.478666 56.227097 1.396572 0.028264 0.024780 3.127216 542.659973
27.269262 56.230953 1.396572 0.015360 0.022529 3.128590 542.765015
27.059673 56.236435 1.396572 0.002794 0.021094 3.129696 542.869995
26.850014 56.242195 1.396572 -0.008022 0.021120 3.130573 542.974976
26.600346 56.247925 1.396572 -0.014069 0.020314 3.131407 543.099976
26.390602 56.251163 1.396572 -0.014318 0.020487 3.131955 543.205017
26.180807 56.252922 1.396572 -0.010588 0.021473 3.132392 543.309998
25.940945 56.253601 1.396572 -0.005292 0.020576 3.132794 543.429993
25.731022 56.253597 1.396572 -0.000355 0.020848 3.133073 543.534973
25.511101 56.253590 1.396572 0.003239 0.020625 3.133302 543.645020
25.301142 56.253960 1.396572 0.005014 0.020904 3.133476 543.750000
25.091152 56.254875 1.396572 0.005083 0.020497 3.133619 543.854980
24.891148 56.256256 1.396572 0.003984 0.020031 3.133726 543.955017
24.681175 56.258125 1.396572 0.002317 0.020445 3.133816 544.059998
24.471233 56.260239 1.396572 0.000335 0.020261 3.133895 544.164978
24.221323 56.262802 1.396572 -0.001432 0.020360 3.133966 544.289978
24.011398 56.264820 1.396572 -0.002124 0.020201 3.134010 544.395020
23.801474 56.266632 1.396572 -0.002184 0.020132 3.134050 544.500000
23.591549 56.268230 1.396572 -0.001752 0.020275 3.134071 544.604980
23.381611 56.269661 1.396572 -0.001078 0.019992 3.134091 544.710022
23.171686 56.271008 1.396572 -0.000371 0.019853 3.134111 544.815002
22.941795 56.272442 1.396572 0.000313 0.020938 3.134133 544.929993
22.731871 56.273808 1.396572 0.000593 0.020559 3.134148 545.034973
22.521927 56.275261 1.396572 0.000631 0.020271 3.134148 545.140015
22.311996 56.276791 1.396572 0.000469 0.021021 3.134148 545.244995
22.102022 56.278393 1.396572 0.000204 0.020622 3.134148 545.349976
21.902018 56.279919 1.396572 -0.000031 0.020651 3.134148 545.450012
21.692034 56.281597 1.396572 -0.000255 0.020232 3.134148 545.554993
21.482075 56.283199 1.396572 -0.000403 0.020299 3.134148 545.659973
21.272125 56.284801 1.396572 -0.000417 0.020397 3.134148 545.765015
21.062160 56.286404 1.396572 -0.000410 0.020334 3.134148 545.869995
20.852221 56.287926 1.396572 -0.000331 0.020602 3.134148 545.974976
20.642286 56.289448 1.396572 -0.000202 0.020462 3.134148 546.080017
20.402340 56.291187 1.396572 -0.000094 0.020833 3.134148 546.200012
20.192366 56.292709 1.396572 -0.000047 0.020795 3.134148 546.304993
19.992361 56.294159 1.396572 -0.000026 0.019966 3.134148 546.405029
19.742395 56.295986 1.396572 -0.000009 0.020758 3.134148 546.530029
19.532391 56.297588 1.396572 -0.000092 0.020341 3.134148 546.635010
19.332386 56.299114 1.396572 -0.000202 0.020101 3.134148 546.734985
19.112431 56.300793 1.396572 -0.000288 0.020289 3.134148 546.844971
18.902506 56.302322 1.396572 -0.000284 0.020631 3.134148 546.950012
18.692581 56.303844 1.396572 -0.000186 0.020217 3.134148 547.054993
18.482674 56.305367 1.396572 -0.000100 0.020510 3.134148 547.159973
18.272766 56.306889 1.396572 -0.000051 0.019840 3.134148 547.265015
18.062925 56.308411 1.396572 -0.000023 0.019933 3.134148 547.369995
17.833139 56.310158 1.396572 -0.000080 0.020716 3.134148 547.484985
17.623335 56.311760 1.396572 -0.000207 0.019964 3.134148 547.590027
17.413553 56.313362 1.396572 -0.000291 0.020439 3.134148 547.695007
17.203749 56.314892 1.396572 -0.000283 0.020314 3.134148 547.799988
16.993944 56.316414 1.396572 -0.000184 0.020064 3.134148 547.905029
16.784140 56.317936 1.396572 -0.000100 0.020710 3.134148 548.010010
16.554354 56.319603 1.396572 -0.000048 0.020546 3.134148 548.125000
16.314545 56.321358 1.396572 -0.000021 0.020761 3.134148 548.244995
16.104670 56.322960 1.396572 -0.000093 0.020984 3.134148 548.349976
15.894763 56.324562 1.396572 -0.000212 0.020743 3.134148 548.455017
15.684847 56.326168 1.396572 0.019505 0.000491 3.114377 548.559998
15.480543 56.331123 1.396572 0.116440 -0.136502 2.912037 548.664978
15.276874 56.347244 1.396572 0.138956 -0.078418 2.753909 548.780029
15.076109 56.380657 1.396572 0.169161 -0.013116 2.603771 548.905029
14.878368 56.440746 1.396572 0.172939 0.031463 2.445169 549.039978
14.698191 56.527908 1.396572 0.156089 0.048496 2.300968 549.174988
14.517281 56.653419 1.396572 0.136030 0.050852 2.154342 549.325012
14.366592 56.793114 1.396572 0.119724 0.048839 2.021095 549.465027
14.233648 56.950195 1.396572 0.114062 0.046557 1.890070 549.604980
14.119631 57.121449 1.396572 0.117865 0.048524 1.760828 549.744995
14.020820 57.318020 1.396572 0.089953 0.048031 1.656156 549.895020
13.949327 57.511093 1.396572 0.111646 0.048704 1.549354 550.034973
13.898746 57.711338 1.396572 0.091269 0.044297 1.507461 550.174988
13.864682 57.924324 1.396572 0.050590 0.034159 1.505461 550.320007
13.845811 58.126064 1.396572 0.093402 0.029374 1.455151 550.455017
13.841225 58.329395 1.396572 0.044860 0.022094 1.454458 550.590027
13.847581 58.541000 1.396572 0.064471 0.019737 1.398338 550.729980
13.865369 58.744545 1.396572 0.050934 0.017439 1.335463 550.864990
13.892775 58.946949 1.396572 0.043964 0.016570 1.271622 551.000000
13.929418 59.145874 1.396572 0.054098 0.177871 1.208155 551.130005
13.978950 59.346561 1.396572 0.058430 0.135515 1.138302 551.250000
14.037769 59.540749 1.396572 0.068347 0.089746 1.067679 551.359985
14.105207 59.729328 1.396572 0.085753 0.066204 0.997012 551.465027
14.183965 59.917099 1.396572 0.071590 0.052796 0.944189 551.570007
14.271602 60.103485 1.396572 0.038414 0.042780 0.960376 551.674988
14.369687 60.298164 1.396572 0.053140 0.033876 0.973905 551.784973
14.469743 60.482086 1.396572 0.058221 0.026441 0.984151 551.890015
14.570791 60.654781 1.396572 0.048771 0.021653 0.992051 551.989990
14.676378 60.825249 1.396572 0.030819 0.018592 0.998470 552.090027
14.790339 61.002655 1.396572 0.008637 0.017186 1.003895 552.195007
14.899920 61.171082 1.396572 -0.007853 -0.000069 1.008073 552.294983
15.013303 61.346378 1.396572 -0.019344 -0.056417 1.011591 552.400024
15.121159 61.516171 1.396572 -0.022102 -0.094652 1.014451 552.505005
15.252562 61.728718 1.396572 -0.074557 -0.092782 1.114118 552.645020
15.365911 61.937492 1.396572 -0.065909 -0.030899 1.267456 552.789978
15.462966 62.142178 1.396572 -0.029467 -0.002063 1.253677 552.934998
15.549331 62.339378 1.396572 -0.059388 0.008220 1.293374 553.075012
15.630816 62.553310 1.384869 -0.087855 0.011180 1.364213 553.224976
15.692907 62.749844 1.384752 -0.020542 -0.222204 1.250950 553.364990
15.747173 62.942627 1.384752 0.031875 -0.217916 1.067702 553.539978
15.793131 63.138599 1.384752 0.054822 -0.096153 0.753562 553.840027
15.962775 63.024387 1.384752 0.018612 0.144746 -1.167768 556.000000
16.046852 62.842648 1.384752 0.040938 0.069597 -1.188968 556.145020
16.132050 62.639668 1.438390 0.028123 0.031436 -1.159925 556.294983
16.207340 62.451412 1.475039 -0.010723 0.017701 -1.088499 556.429993
16.281729 62.269672 1.528343 -0.071621 0.009980 -0.942803 556.559998
16.369104 62.088276 1.560796 -0.122740 0.024138 -0.712957 556.695007
16.477846 61.916271 1.588747 -0.146171 0.051159 -0.497074 556.835022
16.623537 61.751713 1.606757 -0.170980 0.078955 -0.276975 556.989990
16.778719 61.632927 1.665118 -0.144186 0.088869 -0.118621 557.130005
16.958258 61.531063 1.667054 -0.021061 0.059085 -0.303293 557.275024
17.156319 61.429787 1.649171 -0.045630 0.024427 -0.428059 557.424988
17.341942 61.347332 1.628542 -0.140671 0.014115 -0.355687 557.559998
17.535606 61.283962 1.628882 -0.067574 0.017738 -0.244430 557.695007
17.733898 61.234253 1.629157 -0.048795 0.015814 -0.120908 557.830017
17.933804 61.191505 1.629382 0.008161 0.009478 -0.079688 557.965027
18.133430 61.148491 1.629564 -0.017062 0.011263 -0.020204 558.099976
18.333191 61.108444 1.629712 -0.039239 0.017366 0.033114 558.234985
18.533798 61.075733 1.629832 -0.066857 0.024491 0.094526 558.369995
18.735664 61.054321 1.629929 -0.038313 0.024406 0.104693 558.505005
18.939034 61.041348 1.618245 -0.048103 0.022037 0.090414 558.640015
19.143423 61.037197 1.617577 -0.050348 0.018031 0.079667 558.775024
19.348085 61.042873 1.617037 -0.082233 0.015294 0.128477 558.909973
19.551735 61.062099 1.616593 -0.063199 0.016170 0.204831 559.044983
19.750835 61.093365 1.616249 -0.060325 0.174798 0.279120 559.174988
19.952003 61.136765 1.615987 -0.041469 0.135557 0.350627 559.294983
20.148546 61.187099 1.599854 -0.043288 0.087753 0.422815 559.405029
20.368101 61.250813 1.579404 -0.028772 -0.023174 0.476081 559.525024
20.561146 61.312675 1.578745 -0.137641 -0.102195 0.654331 559.635010
20.748610 61.387642 1.578211 -0.179892 -0.031414 0.811442 559.755005
20.950602 61.502377 1.577672 -0.190741 0.036253 0.982614 559.905029
21.106169 61.629360 1.577278 -0.126127 0.048088 1.034074 560.039978
21.259235 61.791637 1.576929 -0.111770 0.040090 1.090023 560.190002
21.397667 61.977928 1.576643 -0.095734 0.031303 1.157426 560.344971
21.511341 62.164478 1.568773 -0.057467 0.022282 1.187400 560.489990
21.614635 62.358162 1.552603 -0.080968 0.020450 1.272528 560.635010
21.698887 62.544346 1.552513 -0.055681 0.019012 1.331277 560.770020
21.772943 62.734634 1.552441 -0.060434 0.019879 1.415069 560.905029
21.836565 62.928253 1.552382 -0.056127 0.020938 1.470574 561.039978
21.892099 63.131996 1.552333 -0.041159 0.021562 1.515709 561.179993
21.941917 63.360725 1.552290 -0.073290 0.023362 1.571838 561.335022
21.972927 63.562191 1.552260 -0.065966 0.022163 1.612747 561.469971
21.994358 63.765118 1.552235 -0.030811 0.019056 1.598494 561.604980
22.009817 63.969181 1.552215 -0.033756 0.016349 1.587686 561.739990
22.019779 64.190819 1.552198 -0.028646 0.149849 1.578978 561.885010
22.023335 64.391365 1.552186 -0.020755 0.150885 1.573545 562.005005
22.023901 64.629356 1.552176 -0.007766 0.090345 1.569026 562.135010
22.023367 64.830742 1.552169 0.001885 0.059040 1.566145 562.239990
22.023098 65.036362 1.552163 0.009336 0.040616 1.563839 562.344971
22.021322 65.244057 1.552158 -0.020199 0.029163 1.631428 562.450012
22.017128 65.452644 1.552153 0.009081 0.024617 1.627862 562.554993
22.013424 65.661758 1.552151 0.000685 0.023528 1.625009 562.659973
22.009544 65.871208 1.552148 -0.010152 0.022803 1.622724 562.765015
22.004444 66.080841 1.552146 -0.015766 0.021152 1.620878 562.869995
21.997561 66.290459 1.552143 -0.016084 0.020726 1.619417 562.976013
21.987988 66.519981 1.552140 -0.011397 0.020722 1.618146 563.090027
21.977867 66.729546 1.552138 -0.005365 0.020807 1.617216 563.195007
21.967087 66.939110 1.552137 0.000313 0.020184 1.616468 563.299988
21.955236 67.168678 1.552137 0.004992 0.020555 1.615813 563.414978
21.943430 67.408363 1.552137 0.007201 0.020331 1.615286 563.534973
21.933811 67.618088 1.552137 0.007107 0.020066 1.614920 563.640015
21.924843 67.827812 1.552137 0.005389 0.020637 1.614622 563.744995
21.916346 68.037537 1.552137 0.003206 0.020897 1.614383 563.849976
21.908424 68.247368 1.552137 0.061444 0.018300 1.565499 563.955017
21.906485 68.456879 1.552137 0.091018 0.021129 1.462436 564.059998
21.914398 68.665474 1.552137 0.089445 0.025883 1.373585 564.164978
21.932425 68.872734 1.552137 0.094345 0.025897 1.289465 564.270020
21.967260 69.114914 1.552137 0.106872 -0.034083 1.194736 564.395020
22.008938 69.317047 1.552137 0.119996 -0.072365 1.116112 564.505005
22.070374 69.531380 1.536211 0.158779 -0.051844 0.966738 564.630005
22.145176 69.717567 1.537592 0.159105 -0.032350 0.840397 564.750000
22.243469 69.895454 1.538815 0.190671 0.017055 0.674519 564.880005
22.398466 70.087059 1.540060 0.162403 0.045612 0.501162 565.044983
22.559610 70.227310 1.540913 0.135964 0.048169 0.355580 565.190002
22.732086 70.340096 1.541578 0.097313 0.044506 0.240733 565.330017
22.915991 70.435684 1.542112 0.110656 0.039531 0.156636 565.469971
23.101561 70.510750 1.542525 0.118364 0.039894 0.044159 565.604980
23.300539 70.566757 1.542874 0.068821 0.039291 -0.042657 565.744995
23.526539 70.611786 1.543181 0.034397 0.031018 -0.005844 565.900024
23.727175 70.643944 1.543393 0.068166 0.024453 -0.002594 566.034973
23.930046 70.666069 1.543566 0.036605 0.018425 0.002745 566.169983
24.134140 70.681305 1.543706 0.019591 0.014493 0.019319 566.304993
24.338793 70.693115 1.543821 0.007662 0.012668 0.031867 566.440002
24.543665 70.703682 1.543912 0.009021 0.011822 0.033361 566.575012
24.748905 70.712395 1.543987 -0.005460 0.092408 0.009772 566.710022
24.951674 70.720749 1.544044 -0.008730 0.162225 0.015530 566.835022
25.157101 70.729820 1.544088 -0.001988 0.110411 0.019650 566.950012
25.364790 70.738976 1.544122 0.003509 0.069168 0.022773 567.059998
25.568640 70.744827 1.544151 0.084307 0.047968 -0.069801 567.164978
25.774918 70.741760 1.544174 0.084945 0.037404 -0.157327 567.270020
25.981447 70.729225 1.544194 0.078110 0.001558 -0.235342 567.375000
26.202427 70.706085 1.536224 0.088184 -0.065178 -0.320207 567.489990
26.400295 70.675453 1.530621 0.147605 -0.090834 -0.470167 567.599976
26.633074 70.617661 1.531801 0.177711 -0.015879 -0.658549 567.744995
26.831785 70.536713 1.532716 0.170359 0.034638 -0.810030 567.885010
27.021278 70.420364 1.533500 0.152177 0.050466 -0.953719 568.034973
27.177855 70.286835 1.534084 0.130611 0.051541 -1.082813 568.174988
27.316227 70.134094 1.534552 0.085106 0.044901 -1.157140 568.315002
27.437124 69.973938 1.534917 0.085631 0.037825 -1.206033 568.450012
27.549242 69.796913 1.535224 0.091159 0.032954 -1.263892 568.590027
27.652426 69.596626 1.535486 0.089782 0.029398 -1.333536 568.739990
27.735077 69.394615 1.535687 0.059511 0.024225 -1.384412 568.885010
27.813503 69.165916 1.535863 0.028880 0.018339 -1.362559 569.044983
27.873945 68.970222 1.535981 0.073410 0.026215 -1.397127 569.179993
27.925390 68.754662 1.536079 0.023250 0.171886 -1.437521 569.320007
27.964270 68.555916 1.536146 0.024724 0.122698 -1.461859 569.434998
28.000179 68.353279 1.536178 0.017689 0.001153 -1.504450 569.544983
28.033737 68.154243 1.536178 0.049440 -0.218847 -1.619635 569.655029
28.067270 67.956436 1.536178 0.083814 -0.286333 -1.755762 569.784973
28.105730 67.759598 1.536178 0.097157 -0.180555 -1.949482 569.969971
28.154285 67.564705 1.536178 0.074464 -0.057477 -2.300272 570.304993
28.128061 67.777847 1.536178 0.020460 0.125791 1.649744 572.729980
28.087479 67.976181 1.536178 0.018275 0.063751 1.598499 572.875000
28.047110 68.215485 1.536178 0.037116 0.034582 1.603918 573.039978
28.020891 68.416489 1.536178 0.019366 0.042145 1.628426 573.174988
27.996645 68.637604 1.536178 -0.002452 0.165328 1.706888 573.315002
27.973133 68.839386 1.536178 -0.040383 0.112730 1.802313 573.429993
27.942926 69.042625 1.536178 -0.077798 0.075126 1.907452 573.539978
27.903126 69.239548 1.536178 -0.117526 0.058944 2.028616 573.645020
27.849577 69.434975 1.536178 -0.119623 0.058405 2.111113 573.750000
27.779305 69.631714 1.536178 -0.187919 -0.096831 2.289350 573.859985
27.690319 69.819687 1.536178 -0.220826 -0.041636 2.457825 573.979980
27.576738 69.990242 1.536178 -0.213716 0.024095 2.609362 574.109985
27.437004 70.135925 1.536178 -0.179936 0.051209 2.742775 574.244995
27.258993 70.266640 1.536178 -0.104353 0.047970 2.832807 574.395020
27.084900 70.365486 1.524218 -0.102375 0.039060 2.909966 574.530029
26.901525 70.448784 1.523523 -0.095938 0.034069 2.973083 574.664978
26.711206 70.515823 1.522959 -0.084123 0.032175 3.062874 574.799988
26.515823 70.567062 1.522503 -0.082101 0.029159 -3.136919 574.934998
26.317036 70.604080 1.522131 -0.039330 0.026251 -3.131874 575.070007
26.115650 70.633072 1.505012 -0.035816 0.021517 3.133224 575.205017
25.912415 70.655663 1.504920 -0.035335 0.017707 3.119428 575.340027
25.692869 70.673187 1.504914 -0.025612 0.013621 3.108492 575.484985
25.487928 70.684906 1.504911 -0.014181 0.011873 3.100833 575.619995
25.282856 70.694252 1.504908 -0.002869 0.011827 3.095019 575.755005
25.070108 70.703552 1.504904 0.005570 0.051908 3.090505 575.895020
24.862293 70.713745 1.504901 0.009737 0.168393 3.087342 576.025024
24.658821 70.725052 1.504898 -0.040138 0.118003 3.115728 576.140015
24.452030 70.732086 1.504898 -0.070091 0.074656 -3.074744 576.250000
24.248922 70.730919 1.504898 -0.059048 0.049988 -2.994285 576.354980
24.043550 70.722473 1.504898 -0.065377 0.038163 -2.915523 576.460022
23.837862 70.705849 1.504898 -0.085345 0.037942 -2.838528 576.565002
23.633160 70.679008 1.504898 -0.089727 0.038331 -2.784295 576.669983
23.419729 70.641571 1.504898 -0.060427 0.036048 -2.813816 576.780029
23.196772 70.595345 1.504898 -0.019263 0.030382 -2.834614 576.895020
22.992561 70.551300 1.491813 0.013169 0.023494 -2.903483 577.000000
22.787409 70.509445 1.487027 -0.001980 0.022143 -2.950418 577.104980
22.552759 70.461098 1.486071 0.012283 -0.019541 -2.989637 577.224976
22.326469 70.416115 1.485281 0.077970 -0.135123 -3.137317 577.344971
22.128054 70.383652 1.484647 0.098399 -0.081243 3.067749 577.460022
21.926569 70.362289 1.484082 0.110769 -0.019334 2.995036 577.585022
21.701935 70.357384 1.483549 0.063125 0.008255 2.967476 577.729980
21.496048 70.365746 1.483147 0.043401 0.012682 2.985855 577.864990
21.291307 70.382149 1.482823 0.059670 0.012553 2.973179 578.000000
21.072649 70.408920 1.482542 0.018440 0.013215 2.973496 578.145020
20.861671 70.436264 1.469385 -0.066756 0.060647 3.100536 578.284973
20.620544 70.453201 1.470256 -0.033719 0.141565 -3.090610 578.434998
20.418118 70.458908 1.470805 0.007663 0.091568 -3.043215 578.549988
20.215750 70.461143 1.471245 -0.002325 0.085798 -3.009665 578.659973
20.006187 70.458748 1.471614 0.016276 0.056287 -3.014851 578.770020
19.772539 70.456284 1.471952 0.000645 0.041752 -3.078929 578.890015
19.565563 70.453590 1.472200 0.008415 0.030819 -3.093695 578.994995
19.357403 70.449425 1.472411 0.027780 0.025239 3.139290 579.099976
19.118771 70.446472 1.472613 0.057573 0.022424 3.062736 579.219971
18.910076 70.449219 1.472762 0.013666 0.024150 3.029142 579.325012
18.691442 70.454681 1.472893 0.010603 0.006564 3.036570 579.434998
18.484631 70.461250 1.473000 0.023553 0.000850 3.042270 579.539978
18.279686 70.470406 1.473092 0.029261 0.036173 3.046855 579.645020
18.073538 70.482979 1.473170 0.028882 0.034338 3.050510 579.750000
17.866167 70.498825 1.473235 0.011670 0.028073 3.058962 579.854980
17.658073 70.513916 1.473291 -0.067688 0.022444 -3.116446 579.960022
17.449667 70.523010 1.469815 -0.079421 0.026178 -3.061313 580.065002
17.231302 70.524338 1.435681 -0.025929 0.022171 -3.031186 580.174988
16.994240 70.521065 1.434253 -0.021616 -0.036499 -3.042765 580.294983
16.793276 70.516075 1.433196 -0.030329 -0.087632 -3.049478 580.400024
16.552523 70.506226 1.432074 -0.028424 -0.071260 -3.056122 580.534973
16.352993 70.491745 1.431252 -0.104006 -0.046530 -2.900552 580.655029
16.149075 70.461708 1.430523 -0.079125 -0.010181 -2.784282 580.784973
15.931396 70.413780 1.429863 -0.063170 0.010066 -2.713894 580.929993
15.734174 70.357750 1.429370 -0.063885 0.017434 -2.652048 581.065002
15.541502 70.290367 1.428970 -0.066326 0.020533 -2.589716 581.200012
15.353739 70.211258 1.428645 -0.068674 0.022007 -2.526791 581.335022
15.151685 70.109444 1.428356 -0.069944 0.022282 -2.457563 581.484985
14.970492 70.001129 1.428140 -0.109031 0.022797 -2.343030 581.625000
14.807775 69.881248 1.427973 -0.120620 0.030700 -2.187393 581.760010
14.660851 69.745132 1.427837 -0.121422 0.039048 -2.035117 581.895020
14.526713 69.588196 1.427723 -0.097022 0.041445 -1.910499 582.034973
14.398398 69.399284 1.427623 -0.116216 0.044019 -1.794082 582.190002
14.299401 69.209892 1.427549 -0.111565 0.048512 -1.716196 582.335022
14.217730 68.995255 1.427486 -0.112966 0.042275 -1.647496 582.489990
14.164701 68.785851 1.427439 -0.103888 0.034770 -1.578707 582.635010
14.134575 68.586220 1.427404 -0.090868 0.029841 -1.514476 582.770020
14.120880 68.384171 1.427375 -0.077706 0.025918 -1.449803 582.905029
14.118926 68.180946 1.427351 -0.020555 0.019908 -1.464820 583.039978
14.121550 67.976730 1.427333 -0.017052 0.036509 -1.478792 583.174988
14.127834 67.770821 1.427318 -0.013179 0.171308 -1.488961 583.304993
14.138417 67.541382 1.427306 -0.011030 0.114495 -1.496710 583.434998
14.149888 67.334412 1.427298 -0.005535 0.071383 -1.501788 583.544983
14.161975 67.130997 1.427291 0.000231 0.048857 -1.505719 583.650024
14.174340 66.924500 1.427286 0.005140 0.034815 -1.508862 583.755005
14.186370 66.716408 1.427281 0.007881 0.027181 -1.511361 583.859985
14.197721 66.507515 1.427276 0.008486 0.023630 -1.513379 583.965027
14.208316 66.298195 1.427273 0.007308 0.021273 -1.514996 584.070007
14.218280 66.088699 1.427271 0.004557 0.021232 -1.516281 584.174988
14.228331 65.869156 1.427268 0.001873 0.020524 -1.517361 584.284973
14.237831 65.659592 1.427265 -0.000129 0.019943 -1.518188 584.390015
14.247459 65.450027 1.427263 -0.001484 0.020676 -1.518851 584.494995
14.257354 65.240425 1.427260 -0.001781 0.020732 -1.519379 584.599976
14.267546 65.030701 1.427259 -0.001361 0.020689 -1.519797 584.705017
14.279495 64.791016 1.427259 -0.000457 0.020061 -1.520176 584.825012
14.290117 64.581444 1.427259 0.000536 0.020111 -1.520439 584.929993
14.300781 64.371880 1.427259 0.001395 0.020108 -1.520642 585.034973
14.311900 64.152336 1.427259 0.001893 0.020503 -1.520815 585.145020
14.322412 63.942719 1.427259 0.002037 0.020271 -1.520950 585.250000
14.332813 63.733074 1.427259 0.001919 0.020012 -1.521054 585.354980
14.340948 63.523476 1.427259 0.024001 0.020332 -1.574085 585.460022
14.346073 63.313889 1.427259 0.017074 0.022003 -1.575338 585.565002
14.349240 63.104160 1.427259 0.021084 0.021419 -1.576327 585.669983
14.350113 62.884365 1.427259 0.021234 0.020721 -1.577166 585.780029
14.346794 62.664654 1.427259 0.046752 0.020645 -1.635018 585.890015
14.338793 62.455170 1.427259 -0.004013 0.020879 -1.626562 585.994995
14.329576 62.245716 1.427259 0.006361 0.020891 -1.660007 586.099976
14.318053 62.006351 1.427259 -0.012574 0.020938 -1.652816 586.219971
14.308375 61.796803 1.427259 0.027614 0.021135 -1.686414 586.325012
14.296659 61.587395 1.427259 -0.004155 0.020494 -1.677366 586.429993
14.284946 61.377918 1.427259 -0.002896 0.020385 -1.669885 586.534973
14.273149 61.168434 1.427259 0.047184 0.020999 -1.691953 586.640015
14.256211 60.959568 1.427259 0.093413 0.022643 -1.785374 586.744995
14.229191 60.752510 1.427259 0.099443 0.027464 -1.872805 586.849976
14.191082 60.547909 1.427259 0.102489 0.031561 -1.956568 586.955017
14.141405 60.346375 1.427259 0.110057 0.036426 -2.035751 587.059998
14.079477 60.148647 1.427259 0.118416 0.040141 -2.110333 587.164978
14.001704 59.946003 1.427259 0.050205 0.036835 -2.110800 587.275024
13.912191 59.736061 1.427259 0.043364 0.031261 -2.095657 587.390015
13.824801 59.545685 1.427259 0.045813 0.025142 -2.076866 587.494995
13.736806 59.365993 1.427259 0.037352 0.021431 -2.069905 587.594971
13.645056 59.187767 1.427259 0.023058 0.019394 -2.064276 587.695007
13.550883 59.010517 1.427259 0.007780 0.018053 -2.059683 587.794983
13.455682 58.833641 1.427259 -0.006164 0.016986 -2.055972 587.895020
13.360685 58.656570 1.427259 -0.015502 0.016804 -2.052951 587.994995
13.266713 58.478935 1.427259 -0.020022 0.016501 -2.050490 588.094971
13.174170 58.300571 1.427259 -0.020652 0.015338 -2.048491 588.195007
13.083076 58.121532 1.427259 -0.016312 0.016303 -2.046876 588.294983
12.993075 57.941967 1.427259 -0.010958 0.016622 -2.045569 588.395020
12.903410 57.762264 1.427259 0.054662 0.014758 -2.093671 588.494995
12.810603 57.584484 1.427259 0.014901 0.017491 -2.108718 588.594971
12.715817 57.407742 1.427259 0.014055 0.018552 -2.106856 588.695007
12.619366 57.231735 1.427259 0.018651 0.017957 -2.105340 588.794983
12.520937 57.056671 1.427259 0.019344 0.017459 -2.104111 588.895020
12.420534 56.882618 1.427259 0.015713 0.016311 -2.103114 588.994995
12.318532 56.709480 1.427259 0.008810 0.015948 -2.102308 589.094971
12.215528 56.536907 1.427259 0.001073 0.016539 -2.101654 589.195007
12.112157 56.364475 1.427259 -0.005470 0.016278 -2.101122 589.294983
12.008973 56.191872 1.427259 -0.009817 0.015814 -2.100695 589.395020
11.906361 56.018951 1.427259 -0.011438 0.015482 -2.100345 589.494995
11.804771 55.845524 1.427259 -0.071269 0.013274 -2.050309 589.594971
11.708632 55.669617 1.427259 -0.046633 0.017095 -1.988830 589.695007
11.612311 55.482754 1.427259 -0.024268 0.019695 -1.989628 589.799988
11.522575 55.303566 1.427259 -0.030999 0.019515 -1.990246 589.900024
11.435211 55.123013 1.427259 -0.035265 0.018909 -1.990745 590.000000
11.350592 54.941044 1.427259 -0.033057 0.017206 -1.991146 590.099976
11.269059 54.757713 1.427259 -0.092474 0.014743 -1.931527 590.200012
11.193204 54.572334 1.427259 -0.029129 0.018384 -1.927073 590.299988
11.119937 54.385944 1.427259 -0.017183 0.018852 -1.928370 590.400024
11.047886 54.198963 1.427259 -0.013610 0.018332 -1.929420 590.500000
10.976689 54.011570 1.427259 -0.010724 0.018286 -1.930272 590.599976
10.906463 53.823761 1.427259 -0.068315 0.017181 -1.880162 590.700012
10.841825 53.634296 1.427259 -0.090449 0.019367 -1.786744 590.799988
10.769510 53.395325 1.427259 -0.004994 0.020621 -1.788681 590.924988
10.709779 53.194134 1.427259 -0.007740 0.020422 -1.796390 591.030029
10.653433 53.002205 1.427259 -0.017579 0.020138 -1.802303 591.130005
10.598459 52.809792 1.427259 -0.022913 0.020405 -1.807109 591.229980
10.542724 52.607124 1.427259 -0.022789 0.019851 -1.811180 591.335022
10.491501 52.413559 1.427259 -0.018665 0.019287 -1.814342 591.434998
10.436763 52.200195 1.427259 -0.011610 0.019120 -1.817141 591.544983
10.388035 52.005962 1.427259 -0.060919 0.018239 -1.776551 591.645020
10.342402 51.801029 1.427259 -0.088696 0.020228 -1.678796 591.750000
10.305962 51.594990 1.427259 -0.085492 0.023605 -1.591714 591.854980
10.276653 51.388321 1.427259 -0.001096 0.023808 -1.599919 591.960022
10.248038 51.181229 1.427259 0.000449 0.023995 -1.614666 592.065002
10.219484 50.973709 1.427259 -0.012404 0.023602 -1.626501 592.169983
10.188456 50.735992 1.427259 -0.022156 0.022504 -1.637154 592.289978
10.163645 50.527542 1.427259 -0.023309 0.021327 -1.644581 592.395020
10.141135 50.318760 1.427259 -0.018942 0.020721 -1.650498 592.500000
10.122200 50.109699 1.427259 -0.033218 0.020448 -1.609729 592.604980
10.107626 49.860626 1.427259 -0.092715 0.022621 -1.504633 592.729980
10.106001 49.651772 1.427259 -0.056550 0.025679 -1.439911 592.835022
10.110670 49.443096 1.427259 -0.011282 0.026134 -1.451164 592.940002
10.117194 49.234039 1.427259 -0.016901 0.024879 -1.460369 593.044983
10.125886 49.024712 1.427259 -0.024645 0.023514 -1.467758 593.150024
10.137452 48.815323 1.427259 -0.025771 0.021849 -1.473687 593.255005
10.151920 48.606026 1.427259 -0.020214 0.021284 -1.478482 593.359985
10.168673 48.396828 1.427259 -0.011013 0.020843 -1.482334 593.465027
10.188481 48.167770 1.427259 -0.000831 0.019474 -1.485669 593.580017
10.206842 47.958687 1.427259 0.006972 0.019939 -1.488099 593.684998
10.225441 47.739647 1.427259 0.011399 0.020079 -1.490136 593.794983
10.242126 47.530502 1.427259 0.011970 0.020431 -1.491688 593.900024
10.259841 47.291386 1.427259 0.009338 0.020650 -1.493088 594.020020
10.277162 47.042164 1.427259 0.004927 0.020818 -1.494223 594.145020
10.291298 46.832722 1.427259 0.001568 0.020183 -1.494967 594.250000
10.305436 46.623257 1.427259 -0.000815 0.019800 -1.495572 594.354980
10.319834 46.413853 1.427259 -0.002272 0.019701 -1.496051 594.460022
10.334615 46.204479 1.427259 -0.002455 0.020678 -1.496441 594.565002
10.349806 45.995083 1.427259 -0.001557 0.020432 -1.496743 594.669983
10.366799 45.765823 1.427259 -0.000053 0.020321 -1.497008 594.784973
10.382480 45.556499 1.427259 0.001230 0.019976 -1.497204 594.890015
10.398170 45.347176 1.427259 0.002200 0.020167 -1.497362 594.994995
10.413774 45.137852 1.427259 0.002676 0.020782 -1.497493 595.099976
10.429235 44.928528 1.427259 0.002781 0.020512 -1.497594 595.205017
10.444545 44.719204 1.427259 0.002531 0.020374 -1.497675 595.309998
10.459726 44.509880 1.427259 0.002052 0.020001 -1.497735 595.414978
10.472855 44.300537 1.427259 0.017312 0.020752 -1.540136 595.520020
10.484366 44.081116 1.427259 0.004990 0.020702 -1.538743 595.630005
10.497897 43.851883 1.427259 -0.078831 0.018338 -1.435541 595.744995
10.516850 43.643505 1.427259 -0.008950 0.021572 -1.423063 595.849976
10.537717 43.435204 1.427259 -0.005044 0.022666 -1.426240 595.955017
10.561524 43.227116 1.427259 -0.033483 0.022941 -1.379260 596.059998
10.589567 43.019489 1.427259 -0.018514 0.023277 -1.384089 596.164978
10.620088 42.811970 1.427259 -0.018787 0.021721 -1.387946 596.270020
10.657827 42.575077 1.427259 -0.016061 0.020671 -1.391425 596.390015
10.692866 42.368069 1.427259 0.041172 0.017161 -1.434579 596.494995
10.726009 42.160957 1.427259 0.015259 0.020890 -1.449392 596.599976
10.758750 41.923798 1.427259 0.109218 0.021085 -1.563739 596.719971
10.780777 41.676189 1.427259 0.030135 0.026496 -1.565784 596.844971
10.795058 41.467518 1.427259 0.025396 0.025138 -1.559393 596.950012
10.806596 41.258293 1.427259 0.024693 0.023484 -1.554226 597.054993
10.815557 41.048710 1.427259 0.019912 0.022188 -1.550135 597.159973
10.822454 40.838913 1.427259 0.012829 0.020898 -1.546839 597.265015
10.828068 40.629028 1.427259 0.004824 0.020225 -1.544185 597.369995
10.833250 40.419144 1.427259 -0.002319 0.020530 -1.542045 597.474976
10.839304 40.189270 1.427259 -0.007072 0.020268 -1.540185 597.590027
10.845673 39.979408 1.427259 -0.008268 0.020026 -1.538837 597.695007
10.852982 39.769604 1.427259 -0.007012 0.021132 -1.537751 597.799988
10.861100 39.559799 1.427259 -0.004434 0.020112 -1.536883 597.905029
10.869752 39.349995 1.427259 -0.001376 0.021069 -1.536177 598.010010
10.879452 39.120209 1.427259 0.001632 0.020134 -1.535569 598.125000
10.888208 38.910404 1.427259 0.003410 0.019742 -1.535126 598.229980
10.897073 38.690609 1.427259 0.003952 0.020833 -1.534761 598.340027
10.905182 38.480804 1.427259 0.003708 0.020269 -1.534479 598.445007
10.912984 38.270962 1.427259 0.002778 0.020088 -1.534249 598.549988
10.920574 38.061150 1.427259 0.001606 0.020131 -1.534068 598.655029
10.928074 37.851345 1.427259 0.000591 0.020003 -1.533919 598.760010
10.935594 37.641541 1.427259 -0.000148 0.019982 -1.533801 598.864990
10.944307 37.401764 1.427259 -0.000484 0.019576 -1.533693 598.984985
10.952066 37.192039 1.427259 -0.000383 0.020227 -1.533621 599.090027
10.959943 36.982315 1.427259 -0.000051 0.020564 -1.533561 599.195007
10.967903 36.772591 1.427259 0.000360 0.019950 -1.533517 599.299988
10.975894 36.562866 1.427259 0.000785 0.019811 -1.533477 599.405029
10.984641 36.333248 1.427259 0.001060 0.020275 -1.533446 599.520020
10.992897 36.113602 1.427259 0.040285 0.020264 -1.558154 599.630005
10.996421 35.903999 1.427259 0.045942 0.020400 -1.635599 599.734985
10.995085 35.684643 1.427259 -0.000746 0.021352 -1.629270 599.844971
10.993386 35.475143 1.427259 0.003382 0.021855 -1.624250 599.950012
10.991109 35.265511 1.427259 0.011472 0.021180 -1.620238 600.054993
10.987456 35.055866 1.427259 0.015922 0.021343 -1.617047 600.159973
10.982027 34.846161 1.427259 0.015133 0.020853 -1.614470 600.265015
10.974921 34.636478 1.427259 0.010367 0.020789 -1.612404 600.369995
10.965402 34.396805 1.427259 0.003275 0.020719 -1.610556 600.489990
10.956569 34.187080 1.427259 -0.001480 0.019759 -1.609259 600.594971
10.947836 33.977364 1.427259 -0.005401 0.020779 -1.608221 600.700012
10.939595 33.767639 1.427259 -0.006976 0.020559 -1.607385 600.804993
10.932021 33.557915 1.427259 -0.006766 0.019741 -1.606718 600.909973
10.924134 33.318230 1.427259 -0.004631 0.020818 -1.606116 601.030029
10.917685 33.108425 1.427259 -0.002432 0.020535 -1.605702 601.135010
10.911410 32.898621 1.427259 -0.000447 0.020430 -1.605367 601.239990
10.905102 32.688778 1.427259 0.000986 0.020611 -1.605093 601.344971
10.898613 32.478893 1.427259 0.001629 0.020352 -1.604879 601.450012
10.891880 32.269009 1.427259 0.001569 0.020616 -1.604710 601.554993
10.885252 32.069118 1.427259 0.001078 0.019752 -1.604576 601.655029
10.878119 31.859270 1.427259 0.000254 0.019523 -1.604464 601.760010
10.870898 31.649509 1.427259 -0.000587 0.020276 -1.604375 601.864990
10.863673 31.439785 1.427259 -0.001194 0.020554 -1.604299 601.969971
10.855825 31.210051 1.427259 -0.001538 0.019782 -1.604238 602.085022
10.848757 31.000326 1.427259 -0.001534 0.019998 -1.604198 602.190002
10.841779 30.790611 1.427259 -0.001266 0.021023 -1.604158 602.294983
10.834866 30.580847 1.427259 -0.001042 0.019886 -1.604126 602.400024
10.827991 30.371082 1.427259 -0.000690 0.020395 -1.604106 602.505005
10.821117 30.161304 1.427259 -0.000436 0.021287 -1.604086 602.609985
10.813890 29.941496 1.427259 -0.000352 0.020168 -1.604065 602.719971
10.805636 29.691729 1.427259 -0.000343 0.020348 -1.604057 602.844971
10.798668 29.481943 1.427259 -0.000422 0.020133 -1.604057 602.950012
10.791676 29.272163 1.427259 -0.000527 0.020684 -1.604057 603.054993
10.784666 29.062338 1.427259 -0.000655 0.020075 -1.604057 603.159973
10.777657 28.852537 1.427259 -0.000743 0.020050 -1.604057 603.265015
10.770663 28.642773 1.427259 -0.000786 0.020082 -1.604057 603.369995
10.763350 28.423019 1.427259 -0.000765 0.020549 -1.604057 603.479980
10.755716 28.193254 1.427259 -0.000711 0.020926 -1.604057 603.594971
10.748747 27.983421 1.427259 -0.000724 0.019591 -1.604057 603.700012
10.741796 27.773661 1.427259 -0.000688 0.019574 -1.604057 603.804993
10.734847 27.563948 1.427259 -0.000590 0.021259 -1.604057 603.909973
10.725900 27.294243 1.427259 -0.000583 0.020586 -1.604057 604.044983
10.718930 27.084438 1.427259 -0.000598 0.020568 -1.604057 604.150024
10.711961 26.874619 1.427259 -0.000623 0.020349 -1.604057 604.255005
10.704980 26.664774 1.427259 -0.000629 0.020604 -1.604057 604.359985
10.697990 26.454927 1.427259 -0.000667 0.020561 -1.604057 604.465027
10.691334 26.255037 1.427259 -0.000697 0.020408 -1.604057 604.565002
10.683366 26.015184 1.427259 -0.000725 0.019638 -1.604057 604.684998
10.676396 25.805384 1.427259 -0.000684 0.020219 -1.604057 604.789978
10.669427 25.595619 1.427259 -0.000658 0.020615 -1.604057 604.895020
10.662457 25.385838 1.427259 -0.000662 0.020283 -1.604057 605.000000
10.655488 25.176052 1.427259 -0.000637 0.020958 -1.604057 605.104980
10.648519 24.966230 1.427259 -0.000638 0.020836 -1.604057 605.210022
10.639558 24.696430 1.427259 -0.000654 0.020172 -1.604057 605.344971
10.632588 24.486624 1.427259 -0.000653 0.020143 -1.604057 605.450012
10.625619 24.276836 1.427259 -0.000650 0.020278 -1.604057 605.554993
10.618649 24.067060 1.427259 -0.000646 0.020426 -1.604057 605.659973
10.611680 23.857273 1.427259 -0.000652 0.020309 -1.604057 605.765015
10.604711 23.647446 1.427259 -0.000643 0.020571 -1.604057 605.869995
10.596745 23.407648 1.427259 -0.000654 0.020135 -1.604057 605.989990
10.589776 23.197859 1.427259 -0.000641 0.020539 -1.604057 606.094971
10.582807 22.988054 1.427259 -0.000632 0.020853 -1.604057 606.200012
10.575837 22.778217 1.427259 -0.000635 0.020777 -1.604057 606.304993
10.568868 22.568373 1.427259 -0.000637 0.020634 -1.604057 606.409973
10.560903 22.328566 1.427259 -0.000656 0.019976 -1.604057 606.530029
10.553815 22.118767 1.427259 0.044095 0.019766 -1.633731 606.635010
10.541238 21.899492 1.427259 0.085283 0.021315 -1.740253 606.744995
10.521568 21.691219 1.427259 0.005142 0.022730 -1.746655 606.849976
10.500274 21.482922 1.427259 0.002209 0.023095 -1.739498 606.955017
10.478219 21.274420 1.427259 0.012068 0.022195 -1.733685 607.059998
10.454462 21.065954 1.427259 0.019432 0.021722 -1.729004 607.164978
10.428327 20.857702 1.427259 0.020625 0.020449 -1.725273 607.270020
10.396916 20.629978 1.427259 0.015110 0.020006 -1.722016 607.385010
10.366276 20.422323 1.427259 0.006281 0.020352 -1.719656 607.489990
10.334688 20.214762 1.427259 -0.001202 0.019824 -1.717758 607.594971
10.304975 20.007065 1.427259 -0.040929 0.019780 -1.653324 607.700012
10.279290 19.799049 1.427259 -0.010212 0.021847 -1.657556 607.804993
10.254701 19.590788 1.427259 -0.008683 0.020549 -1.660964 607.909973
10.226480 19.342648 1.427259 -0.010708 0.021093 -1.664110 608.034973
10.203814 19.134012 1.427259 -0.010313 0.020657 -1.666211 608.140015
10.182049 18.925247 1.427259 -0.008153 0.020077 -1.667893 608.244995
10.160942 18.716417 1.427259 -0.005062 0.020009 -1.669244 608.349976
10.140161 18.507574 1.427259 -0.001814 0.020499 -1.670328 608.455017
10.120054 18.298695 1.427259 -0.059553 0.019061 -1.613040 608.559998
10.103551 18.089689 1.427259 -0.002355 0.020749 -1.618239 608.664978
10.087480 17.880636 1.427259 0.002460 0.021273 -1.622390 608.770020
10.069530 17.651596 1.427259 -0.001967 0.020984 -1.626018 608.885010
10.053232 17.442383 1.427259 -0.005837 0.020284 -1.628639 608.989990
10.037439 17.233099 1.427259 -0.007683 0.020151 -1.630757 609.094971
10.019543 16.983887 1.427259 -0.007431 0.020014 -1.632751 609.219971
10.002748 16.734644 1.427259 -0.056878 0.018672 -1.596808 609.344971
9.992326 16.525274 1.427259 -0.012134 0.021374 -1.589326 609.450012
9.983455 16.315796 1.427259 -0.003813 0.021624 -1.592208 609.554993
9.975699 16.106195 1.427259 -0.074161 0.020102 -1.532084 609.659973
9.973185 15.896681 1.427259 -0.066830 0.023172 -1.488624 609.765015
9.976292 15.687325 1.427259 -0.042563 0.023068 -1.454748 609.869995
9.983909 15.448150 1.427259 0.009331 0.021321 -1.469507 609.989990
9.990143 15.238667 1.427259 0.005612 0.020861 -1.479845 610.094971
9.996053 15.029064 1.427259 -0.004310 0.021244 -1.488127 610.200012
10.002642 14.819385 1.427259 -0.011454 0.021958 -1.494710 610.304993
10.010613 14.609650 1.427259 -0.013269 0.021330 -1.499978 610.409973
10.021124 14.379971 1.427259 -0.010834 0.020705 -1.504555 610.525024
10.032073 14.170318 1.427259 -0.006142 0.020772 -1.507895 610.630005
10.043797 13.960680 1.427259 -0.001344 0.020265 -1.510582 610.734985
10.055774 13.751048 1.427259 0.003006 0.020196 -1.512748 610.840027
10.067541 13.541408 1.427259 0.005590 0.020592 -1.514474 610.945007
10.078822 13.331744 1.427259 0.006531 0.020221 -1.515864 611.049988
10.089530 13.122054 1.427259 0.005866 0.020426 -1.516981 611.155029
10.099730 12.912345 1.427259 0.004421 0.019631 -1.517871 611.260010
10.109578 12.702687 1.427259 0.002485 0.019909 -1.518601 611.364990
10.119280 12.493081 1.427259 0.000609 0.020113 -1.519184 611.469971
10.131219 12.243616 1.427259 -0.058703 0.019190 -1.473245 611.594971
10.145576 12.034564 1.427259 -0.007393 0.020418 -1.458415 611.700012
10.161421 11.825625 1.427259 0.003128 0.021228 -1.463908 611.804993
10.180298 11.576723 1.427259 -0.000045 0.021264 -1.469010 611.929993
10.196389 11.367544 1.427259 -0.002925 0.020806 -1.472405 612.034973
10.213000 11.158340 1.427259 -0.004192 0.021295 -1.475140 612.140015
10.230247 10.949128 1.427259 -0.003802 0.020333 -1.477311 612.244995
10.248073 10.739963 1.427259 -0.002218 0.020598 -1.479069 612.349976
10.266300 10.530811 1.427259 -0.000055 0.020690 -1.480479 612.455017
10.283830 10.331578 1.427259 0.001873 0.020480 -1.481548 612.554993
10.300006 10.122352 1.427259 0.089408 0.018091 -1.585151 612.659973
10.306874 9.913454 1.427259 0.092721 0.023599 -1.680896 612.765015
10.305067 9.704951 1.427259 0.059989 0.027542 -1.705425 612.869995
10.298101 9.496349 1.427259 0.013444 0.025986 -1.692356 612.974976
10.288185 9.267471 1.427259 0.013092 0.023850 -1.680989 613.090027
10.277354 9.058256 1.427259 0.015966 0.022549 -1.672767 613.195007
10.263296 8.829027 1.427259 0.014173 0.021541 -1.665661 613.309998
10.248671 8.619740 1.427259 0.009968 0.020660 -1.660453 613.414978
10.232084 8.400535 1.427259 0.003156 0.020556 -1.656093 613.525024
10.214421 8.191450 1.427259 0.020204 0.020047 -1.696850 613.630005
10.192340 7.972824 1.427259 0.027885 0.020530 -1.737304 613.739990
10.168574 7.764497 1.427259 -0.011539 0.020177 -1.727365 613.844971
10.145490 7.556014 1.427259 -0.012393 0.020353 -1.719257 613.950012
10.123356 7.347352 1.427259 -0.006512 0.019846 -1.712764 614.054993
10.101580 7.138640 1.427259 0.000126 0.020485 -1.707579 614.159973
10.079500 6.929946 1.427259 0.004418 0.020458 -1.703428 614.265015
10.056686 6.721304 1.427259 0.005906 0.020418 -1.700075 614.369995
10.033005 6.512717 1.427259 0.004941 0.020066 -1.697399 614.474976
10.005971 6.284384 1.427259 0.056775 0.019602 -1.735575 614.590027
9.975527 6.076971 1.427259 0.038498 0.020640 -1.800840 614.695007
9.938893 5.870851 1.427259 0.020661 0.021775 -1.836201 614.799988
9.897720 5.665659 1.427259 0.024917 0.022708 -1.871367 614.905029
9.853086 5.461059 1.427259 0.010435 0.022597 -1.862809 615.010010
9.791339 5.198683 1.427259 0.044557 0.023175 -1.902908 615.145020
9.737253 4.996097 1.427259 0.079434 0.022789 -1.935488 615.250000
9.674897 4.796211 1.427259 0.102169 0.025127 -2.022782 615.354980
9.603196 4.599790 1.427259 0.090171 0.026439 -2.061365 615.460022
9.522744 4.406883 1.427259 0.068439 0.027739 -2.106398 615.565002
9.434084 4.217486 1.427259 0.039483 0.026223 -2.135244 615.669983
9.340271 4.030066 1.427259 0.022467 0.023544 -2.123425 615.775024
9.229374 3.817024 1.427259 0.023125 0.020701 -2.112708 615.895020
9.134179 3.640555 1.427259 0.020078 0.018987 -2.105588 615.994995
9.036839 3.465008 1.427259 0.013131 0.017741 -2.099795 616.094971
8.938026 3.290112 1.427259 0.004124 0.016671 -2.095161 616.195007
8.838539 3.115498 1.427259 -0.003793 0.016347 -2.091378 616.294983
8.739079 2.940813 1.427259 -0.009854 0.016370 -2.088370 616.395020
8.640145 2.765796 1.427259 -0.012595 0.015713 -2.085886 616.494995
8.541982 2.590353 1.427259 -0.012694 0.015912 -2.083886 616.594971
8.444615 2.414505 1.427259 -0.011137 0.015136 -2.082268 616.695007
8.333447 2.211933 1.427259 -0.007357 0.016097 -2.080778 616.809998
8.237142 2.035596 1.427259 -0.004605 0.015648 -2.079733 616.909973
8.140550 1.859469 1.427259 0.062369 0.014457 -2.133734 617.010010
8.017809 1.652744 1.427259 0.095497 0.018806 -2.248122 617.130005
7.901173 1.478676 1.427259 0.101577 0.024382 -2.339768 617.234985
7.775442 1.311882 1.427259 0.110667 0.029964 -2.425244 617.340027
7.640178 1.153404 1.427259 0.119998 0.034746 -2.505803 617.445007
7.495081 1.004418 1.427259 0.129869 0.038716 -2.581861 617.549988
7.344729 0.867070 1.427259 0.091084 -0.171284 -2.691810 617.655029
7.191395 0.733101 1.427259 0.107524 -0.303194 -2.817466 617.775024
7.034271 0.591931 1.427259 0.116300 -0.211099 -2.995479 617.945007
6.889918 0.450844 1.427259 0.094228 -0.082961 3.004980 618.215027
6.759755 0.298486 1.427259 0.017829 0.005909 2.125387 619.054993
6.822850 0.495985 1.427259 0.015677 0.219247 1.175510 620.325012
6.897239 0.688750 1.427259 -0.028357 0.087050 1.074058 620.484985
6.978535 0.902037 1.427259 -0.015717 0.034784 0.982180 620.645020
7.055508 1.101133 1.427259 0.037653 0.031530 0.917913 620.789978
7.145229 1.305551 1.427259 0.074992 0.033475 0.853966 620.940002
7.240294 1.483316 1.427259 0.100169 0.035866 0.791317 621.075012
7.350823 1.652603 1.427259 0.058126 0.029838 0.787273 621.210022
7.472260 1.816285 1.427259 0.052782 0.021581 0.803249 621.344971
7.612023 1.986507 1.427259 0.031316 0.013003 0.824482 621.489990
7.752138 2.149892 1.427259 -0.042709 0.151683 0.931726 621.630005
7.880373 2.305798 1.427259 0.034675 0.147869 0.939775 621.750000
8.008331 2.461324 1.427259 -0.021674 0.093400 0.991440 621.859985
8.132605 2.619016 1.427259 -0.023498 0.061250 1.033901 621.965027
8.256783 2.782691 1.427259 -0.025935 0.043004 1.028160 622.070007
8.391272 2.966860 1.427259 -0.105901 0.031009 1.065945 622.184998
8.512101 3.149592 1.427259 -0.101438 0.010686 1.108028 622.294983
8.617226 3.328004 1.427259 -0.077313 -0.048217 1.158524 622.400024
8.728740 3.535980 1.427259 -0.041190 -0.109512 1.147570 622.525024
8.820004 3.718507 1.427259 -0.101788 0.063537 1.207201 622.640015
8.901708 3.909368 1.427259 -0.088842 0.097632 1.287956 622.755005
8.973085 4.103778 1.427259 -0.005056 0.070131 1.318144 622.864990
9.041218 4.295434 1.427259 -0.024133 0.048553 1.327015 622.969971
9.113903 4.509657 1.427259 -0.025419 0.035116 1.361361 623.085022
9.177398 4.707935 1.427259 -0.029971 0.029760 1.353805 623.190002
9.238166 4.908103 1.427259 -0.041336 0.026147 1.347763 623.294983
9.293704 5.110235 1.427259 -0.058913 0.023477 1.377970 623.400024
9.343426 5.314031 1.427259 -0.028562 0.021321 1.369513 623.505005
9.394264 5.538271 1.427259 -0.082082 0.020429 1.422344 623.619995
9.432731 5.744288 1.427259 -0.063836 0.022401 1.495707 623.724976
9.465014 5.951112 1.427259 -0.005660 0.022646 1.485058 623.830017
9.499478 6.178048 1.427259 -0.005908 0.022573 1.475700 623.945007
9.530434 6.385575 1.427259 -0.011525 0.021311 1.468874 624.049988
9.560343 6.593383 1.427259 -0.014553 0.021247 1.463333 624.155029
9.587574 6.791539 1.427259 -0.014585 0.020276 1.459085 624.255005
9.612286 6.999916 1.427259 -0.048271 0.021098 1.527786 624.359985
9.631958 7.208606 1.427259 -0.014089 0.021528 1.522266 624.465027
9.650025 7.417515 1.427259 -0.012080 0.021664 1.517837 624.570007
9.669200 7.656564 1.427259 -0.012456 0.020890 1.513842 624.690002
9.684686 7.865903 1.427259 -0.010678 0.020266 1.511068 624.794983
9.699169 8.075322 1.427259 -0.007260 0.020071 1.508841 624.900024
9.713026 8.284775 1.427259 -0.003388 0.019586 1.507067 625.005005
9.726674 8.494210 1.427259 -0.000031 0.019704 1.505642 625.109985
9.740460 8.703616 1.427259 0.002262 0.020745 1.504488 625.215027
9.755054 8.932961 1.427259 -0.037432 0.019259 1.555742 625.330017
9.766398 9.162298 1.427259 -0.001039 0.020898 1.551527 625.445007
9.776427 9.371758 1.427259 -0.001822 0.021095 1.548294 625.549988
9.786262 9.581281 1.427259 -0.005816 0.020825 1.545702 625.655029
9.795507 9.790854 1.427259 -0.008301 0.020610 1.543627 625.760010
9.803926 10.000461 1.427259 -0.008395 0.020497 1.541946 625.864990
9.811526 10.210127 1.427259 -0.006538 0.020773 1.540596 625.969971
9.818510 10.419855 1.427259 -0.003786 0.020765 1.539509 626.075012
9.825478 10.639617 1.427259 -0.000963 0.020283 1.538614 626.184998
9.832412 10.859391 1.427259 0.001183 0.019978 1.537899 626.294983
9.839225 11.069148 1.427259 0.002187 0.020310 1.537348 626.400024
9.846339 11.278867 1.427259 0.002302 0.019732 1.536905 626.505005
9.851418 11.488482 1.427259 -0.020365 0.019748 1.592714 626.609985
9.854335 11.727964 1.427259 0.001484 0.021322 1.587782 626.729980
9.856838 11.937610 1.427259 -0.001332 0.021614 1.584364 626.835022
9.859139 12.147354 1.427259 -0.005362 0.020993 1.581629 626.940002
9.860834 12.357151 1.427259 -0.007520 0.020242 1.579431 627.044983
9.861715 12.566949 1.427259 -0.007359 0.020399 1.577652 627.150024
9.861809 12.776733 1.427259 -0.005519 0.020510 1.576237 627.255005
9.861323 12.986526 1.427259 -0.002772 0.020254 1.575098 627.359985
9.860549 13.196324 1.427259 0.000054 0.020883 1.574198 627.465027
9.859776 13.406175 1.427259 0.001915 0.021195 1.573458 627.570007
9.859027 13.646037 1.427259 -0.041661 0.018965 1.604612 627.692017
9.855514 13.855707 1.427259 -0.006908 0.020779 1.622864 627.794983
9.850517 14.075345 1.427259 0.000024 0.021340 1.619366 627.905029
9.845573 14.285088 1.427259 -0.003198 0.020938 1.616705 628.010010
9.840184 14.494847 1.427259 -0.005935 0.019997 1.614532 628.114990
9.832489 14.754508 1.427259 -0.006774 0.020635 1.612452 628.244995
9.825376 14.964210 1.427259 -0.005291 0.020391 1.611134 628.349976
9.819328 15.173892 1.427259 0.014829 0.020497 1.564615 628.455017
9.815160 15.383568 1.427259 0.040764 0.019662 1.534262 628.559998
9.812676 15.593203 1.427259 0.000115 0.021177 1.538975 628.664978
9.810352 15.822880 1.427259 0.003840 0.021023 1.543161 628.780029
9.808631 16.052637 1.427259 0.011383 0.020883 1.546473 628.895020
9.808361 16.262468 1.427259 0.014242 0.021002 1.548893 629.000000
9.809640 16.472340 1.427259 0.013268 0.020546 1.550821 629.104980
9.812827 16.712208 1.427259 0.008674 0.020055 1.552555 629.224976
9.816645 16.922047 1.427259 0.003212 0.020580 1.553751 629.330017
9.820714 17.131884 1.427259 -0.047605 0.019087 1.587431 629.434998
9.821190 17.341530 1.427259 -0.014787 0.021402 1.610928 629.539978
9.819583 17.551161 1.427259 -0.004440 0.022102 1.607622 629.645020
9.817324 17.760902 1.427259 -0.006307 0.021798 1.604940 629.750000
9.814287 17.970736 1.427259 -0.008128 0.021201 1.602793 629.854980
9.810314 18.180620 1.427259 -0.007784 0.020555 1.601055 629.960022
9.805463 18.390505 1.427259 -0.005502 0.020852 1.599661 630.065002
9.799288 18.600334 1.427259 -0.072827 0.019195 1.661604 630.169983
9.783540 18.839130 1.427259 -0.023979 0.021195 1.724832 630.289978
9.764287 19.047401 1.427259 -0.011992 0.022544 1.751263 630.395020
9.742728 19.255539 1.427259 -0.059563 0.022253 1.792047 630.500000
9.716844 19.463051 1.427259 -0.019946 0.024341 1.794109 630.604980
9.687887 19.670401 1.427259 -0.025247 0.023622 1.787199 630.710022
9.650826 19.907093 1.427259 -0.031901 0.022410 1.780922 630.830017
9.610744 20.133360 1.427259 -0.028917 0.020663 1.776165 630.945007
9.570684 20.339390 1.427259 -0.017450 0.020636 1.772783 631.049988
9.528501 20.545092 1.427259 -0.005643 0.020596 1.770046 631.155029
9.487523 20.740938 1.427259 0.004626 0.019308 1.767956 631.255005
9.446745 20.936821 1.427259 0.012012 0.018863 1.766256 631.354980
9.406860 21.132845 1.427259 0.015801 0.018869 1.764891 631.455017
9.368171 21.329079 1.427259 0.015468 0.019318 1.763781 631.554993
9.330632 21.525549 1.427259 0.012450 0.019150 1.762882 631.655029
9.294263 21.722231 1.427259 0.061866 0.019008 1.721714 631.755005
9.259231 21.929241 1.427259 0.037584 0.018710 1.704058 631.859985
9.228054 22.136621 1.427259 0.019033 0.019958 1.659304 631.965027
9.199359 22.344223 1.427259 0.008512 0.021520 1.662655 632.070007
9.168943 22.571878 1.427259 0.016569 0.021812 1.665594 632.184998
9.142806 22.780079 1.427259 0.020969 0.020681 1.667728 632.289978
9.118694 22.988569 1.427259 0.019944 0.020744 1.669445 632.395020
9.096492 23.197325 1.427259 0.015346 0.020443 1.670849 632.500000
9.075687 23.406267 1.427259 0.008683 0.020166 1.671963 632.604980
9.052736 23.645128 1.427259 0.001581 0.019717 1.672960 632.724976
9.032643 23.854092 1.427259 -0.003106 0.020327 1.673655 632.830017
9.012022 24.063011 1.427259 -0.005222 0.020035 1.674217 632.934998
8.990653 24.271858 1.427259 -0.005164 0.019543 1.674658 633.039978
8.968558 24.480600 1.427259 -0.003344 0.020739 1.675011 633.145020
8.947681 24.689413 1.427259 0.020719 0.019212 1.623762 633.250000
8.929159 24.898314 1.427259 0.003284 0.021381 1.627174 633.354980
8.911029 25.107336 1.427259 0.006343 0.021461 1.629940 633.460022
8.893502 25.316523 1.427259 0.010185 0.011152 1.632067 633.565979
8.877249 25.520952 1.427259 -0.009411 -0.198848 1.742016 633.669983
8.862447 25.723896 1.427259 -0.049842 -0.318295 1.867672 633.789978
8.851775 25.928625 1.427259 -0.079499 -0.228779 2.040449 633.955017
8.849577 26.134182 1.427259 -0.079218 -0.097605 2.328411 634.229980
8.866049 26.333509 1.427259 -0.016937 0.003398 -3.049003 635.094971
8.809832 26.127846 1.427259 0.000629 0.211693 -1.722286 636.520020
8.757408 25.921719 1.427259 -0.028505 0.094391 -1.624399 636.684998
8.714627 25.712784 1.427259 -0.054898 0.053434 -1.540429 636.835022
8.683569 25.494421 1.427259 -0.032176 0.035280 -1.513777 636.984985
8.662028 25.277689 1.427259 -0.032684 0.146345 -1.528234 637.130005
8.650116 25.072645 1.427259 -0.043620 0.162956 -1.537651 637.255005
8.645701 24.864899 1.427259 -0.042004 0.104452 -1.544359 637.369995
8.647081 24.636478 1.427259 -0.027345 0.061213 -1.549834 637.489990
8.651619 24.431524 1.427259 -0.011277 0.041164 -1.553644 637.594971
8.657408 24.224184 1.427259 0.003562 0.032063 -1.556733 637.700012
8.662838 24.015568 1.427259 0.014029 0.025763 -1.559197 637.804993
8.667343 23.766432 1.427259 0.018736 0.022502 -1.561504 637.929993
8.669003 23.556852 1.427259 0.016927 0.021068 -1.563031 638.034973
8.668774 23.337166 1.427259 0.057339 0.019408 -1.597101 638.145020
8.664121 23.127605 1.427259 0.065916 0.020261 -1.649379 638.250000
8.654373 22.918365 1.427259 0.008967 0.019185 -1.656298 638.354980
8.643118 22.710091 1.427259 0.010753 -0.021524 -1.657832 638.460022
8.629869 22.506639 1.427259 0.020109 -0.023281 -1.699984 638.565002
8.614330 22.306692 1.421996 0.009702 0.047256 -1.695139 638.669983
8.598013 22.105268 1.421087 -0.030077 -0.076086 -1.605866 638.775024
8.584308 21.903919 1.448958 -0.077125 -0.110435 -1.493676 638.885010
8.578114 21.701742 1.449098 -0.083727 -0.155670 -1.373589 639.005005
8.580108 21.496141 1.449098 -0.034335 -0.271735 -1.520188 639.150024
8.589439 21.294979 1.449098 0.023975 -0.176011 -1.740086 639.359985
8.611336 21.096163 1.449098 0.040882 -0.050394 -2.185118 639.784973
8.427760 21.185955 1.449098 0.011999 0.177140 2.315201 641.815002
8.281957 21.327587 1.449098 0.031957 0.075759 2.371845 641.965027
8.139678 21.474030 1.449098 0.026020 0.030823 2.437721 642.104980
8.001733 21.621325 1.449098 -0.001883 0.017241 2.502399 642.239990
7.845892 21.785244 1.449098 -0.040790 0.086574 2.573566 642.390015
7.675081 21.945539 1.449098 -0.072994 0.169431 2.647072 642.534973
7.514505 22.073824 1.438481 -0.099444 0.119442 2.717400 642.650024
7.346375 22.193228 1.419106 -0.107798 -0.032351 2.740263 642.760010
7.179737 22.304190 1.421340 -0.016637 -0.101036 2.618183 642.869995
7.009545 22.416330 1.423395 0.005569 -0.062112 2.596483 642.989990
6.822753 22.542110 1.425356 0.057718 -0.028344 2.509378 643.130005
6.658957 22.661329 1.426836 0.053982 -0.005062 2.449715 643.260010
6.496796 22.790762 1.428080 0.059525 0.006252 2.351511 643.395020
6.341084 22.926043 1.429098 0.005712 0.008810 2.349235 643.530029
6.185520 23.061348 1.429922 -0.037388 0.008275 2.449148 643.664978
6.025965 23.192667 1.430588 0.014247 0.108682 2.507723 643.799988
5.866663 23.322752 1.431095 -0.012773 0.156467 2.541023 643.924988
5.704525 23.453068 1.431480 0.011849 0.103269 2.534172 644.039978
5.548669 23.578545 1.431777 -0.007493 0.065381 2.529116 644.145020
5.387813 23.706535 1.432030 -0.022869 0.041864 2.525015 644.250000
5.223155 23.834293 1.432243 -0.029859 0.029042 2.521763 644.354980
5.055502 23.960476 1.432425 -0.028556 0.021793 2.519155 644.460022
4.893745 24.078947 1.432572 -0.021155 0.018750 2.517145 644.559998
4.724510 24.197304 1.432705 -0.104585 -0.140021 2.694391 644.664978
4.534113 24.315592 1.432837 -0.164251 -0.088708 2.871543 644.789978
4.351821 24.406384 1.432945 -0.153204 -0.018625 2.980004 644.914978
4.162988 24.475080 1.433038 -0.141413 0.014862 3.054543 645.044983
3.956790 24.523172 1.433119 -0.117577 0.024923 3.128530 645.184998
3.740224 24.549236 1.433188 -0.089409 0.024910 -3.081455 645.330017
3.537075 24.556614 1.433239 -0.066987 0.021941 -3.016583 645.465027
3.333514 24.552349 1.433280 0.048799 0.010224 -3.088903 645.599976
3.114649 24.551863 1.446121 0.043185 0.014505 3.071039 645.744995
2.895828 24.560518 1.467680 0.038346 0.015576 2.973696 645.890015
2.685393 24.578045 1.508905 0.061386 0.017477 2.856564 646.030029
2.492419 24.606163 1.574119 0.093732 0.023893 2.703981 646.159973
2.297057 24.651831 1.620352 0.103891 0.033375 2.556841 646.294983
2.108763 24.716074 1.650495 0.110710 0.042704 2.424602 646.429993
1.929607 24.800119 1.681338 0.127299 0.050710 2.291059 646.565002
1.756933 24.909540 1.713728 0.135171 0.055797 2.156065 646.705017
1.599776 25.040333 1.722438 0.143257 0.054597 2.031393 646.844971
1.462941 25.191406 1.720773 0.147349 0.059751 1.888863 646.984985
1.339590 25.379993 1.719301 0.138116 0.058862 1.740578 647.140015
1.248607 25.578949 1.718176 0.093272 0.052082 1.655369 647.289978
1.183031 25.774860 1.717334 0.093055 0.043612 1.605225 647.429993
1.136525 25.970348 1.716685 0.098844 0.036498 1.546457 647.565002
1.109174 26.169676 1.716154 0.126887 0.034885 1.415960 647.700012
1.104222 26.369923 1.715724 0.085075 0.036840 1.322077 647.835022
1.116607 26.570518 1.715377 0.070183 0.032134 1.271416 647.969971
1.142946 26.770840 1.715095 0.071170 0.028866 1.211134 648.104980
1.182952 26.969522 1.714865 0.070034 0.026360 1.152874 648.239990
1.240115 27.180080 1.714667 0.028309 0.021639 1.130161 648.385010
1.307879 27.396605 1.714504 0.023976 0.016776 1.149143 648.534973
1.374121 27.590578 1.714386 0.025756 0.014580 1.161873 648.669983
1.445524 27.783907 1.714290 0.018341 0.122757 1.171463 648.804993
1.524007 27.983919 1.714216 0.010373 0.153497 1.178457 648.934998
1.602372 28.177664 1.714161 0.000733 0.101015 1.183279 649.049988
1.677998 28.363369 1.714119 -0.007265 0.062466 1.186773 649.155029
1.755079 28.553820 1.714082 -0.013046 0.040531 1.189548 649.260010
1.832181 28.747004 1.714052 -0.015115 0.029090 1.191772 649.364990
1.908655 28.941820 1.714026 -0.013831 0.023963 1.193579 649.469971
1.984424 29.137646 1.714004 0.007310 0.020187 1.184408 649.575012
2.070518 29.351011 1.713984 0.082027 0.018900 1.071815 649.690002
2.157641 29.541500 1.713968 0.093109 0.023256 0.977726 649.794983
2.254130 29.726656 1.713955 0.101317 0.028225 0.890629 649.900024
2.360710 29.905529 1.727785 0.111547 0.033387 0.810053 650.005005
2.472307 30.068979 1.762891 0.126300 0.038392 0.734707 650.104980
2.594294 30.224506 1.795705 0.132590 0.040826 0.665613 650.205017
2.726779 30.370983 1.828601 0.142442 0.043162 0.593620 650.304993
2.869716 30.507126 1.861095 0.147492 0.044405 0.521952 650.405029
3.021992 30.633076 1.893135 0.128284 0.041896 0.482832 650.505005
3.208906 30.770966 1.893135 0.041079 -0.198104 0.608488 650.625000
3.374074 30.886127 1.893135 -0.013872 -0.322275 0.734144 650.744995
3.543744 30.998322 1.893135 -0.057342 -0.231706 0.906921 650.909973
3.723321 31.106295 1.893135 -0.068894 -0.100858 1.205355 651.195007
3.904152 31.191944 1.893135 -0.011137 0.023008 2.198458 652.155029
3.791194 31.370968 1.893135 -0.007560 0.320435 2.174292 652.590027
3.671146 31.541088 1.893135 0.001912 0.256455 2.169935 652.739990
3.552823 31.709938 1.893135 0.010487 0.145756 2.167332 652.859985
3.435944 31.879076 1.893135 0.015683 0.082428 2.165459 652.969971
3.315845 32.055786 1.893135 0.016248 0.046313 2.163986 653.080017
3.193460 32.235527 1.893135 -0.023721 0.029282 2.225012 653.190002
3.073511 32.406864 1.893135 -0.000743 0.024050 2.223459 653.294983
2.952511 32.578632 1.893135 -0.008981 0.020607 2.222221 653.400024
2.834955 32.741077 1.893135 -0.091478 0.018371 2.298555 653.500000
2.710612 32.897942 1.893135 -0.096433 0.021189 2.383873 653.599976
2.552107 33.077709 1.893135 -0.035215 0.022527 2.420166 653.719971
2.395268 33.246033 1.893135 -0.062641 0.023179 2.432230 653.835022
2.247671 33.396019 1.893135 -0.064355 0.021642 2.448544 653.940002
2.094564 33.540421 1.893135 -0.077846 0.021644 2.517120 654.044983
1.944050 33.672733 1.893135 -0.016155 0.019526 2.503406 654.145020
1.791042 33.802425 1.893135 -0.046108 0.019118 2.545799 654.244995
1.635222 33.928745 1.893135 -0.055606 0.018437 2.552252 654.344971
1.476679 34.051617 1.893135 -0.062275 0.019815 2.583322 654.445007
1.315261 34.170170 1.893135 -0.035090 -0.060697 2.548399 654.544983
1.152097 34.286129 1.893135 0.001080 -0.270697 2.438450 654.650024
0.972219 34.410301 1.893135 0.051872 -0.297499 2.291851 654.789978
0.790565 34.528156 1.893135 0.078214 -0.176271 2.077188 654.994995
0.617041 34.628029 1.893135 0.064445 -0.055815 1.700220 655.354980
0.680110 34.817848 1.893135 0.024023 0.226530 0.524076 656.844971
0.850464 34.923061 1.893135 -0.038365 0.088048 0.450983 657.000000
1.023519 35.036289 1.893135 -0.018485 0.039548 0.395742 657.145020
1.207929 35.159050 1.893135 0.033544 0.028930 0.329632 657.294983
1.392532 35.272537 1.893135 0.072197 0.030756 0.263021 657.440002
1.585314 35.372738 1.893135 0.093307 0.032822 0.195831 657.585022
1.786466 35.455044 1.893135 0.100849 0.032351 0.129156 657.729980
1.980125 35.514385 1.893135 0.058636 0.028150 0.110380 657.864990
2.178774 35.562805 1.893135 0.040678 0.133577 0.122127 658.000000
2.380566 35.600048 1.893135 0.042236 0.160735 0.094889 658.125000
2.586076 35.628563 1.893135 0.034486 0.104432 0.071358 658.239990
2.793491 35.652637 1.893135 0.004474 0.066844 0.080593 658.349976
2.996801 35.675232 1.893135 0.059109 0.045762 0.045748 658.455017
3.202484 35.694626 1.893135 0.077254 -0.062899 -0.037495 658.559998
3.408207 35.706894 1.893135 0.113351 -0.118776 -0.203945 658.669983
3.629788 35.708374 1.893135 0.123682 -0.051875 -0.299612 658.799988
3.834882 35.692871 1.897052 0.144281 0.004184 -0.447977 658.929993
4.035243 35.653542 1.932428 0.146732 0.034769 -0.589460 659.065002
4.224303 35.589188 1.966474 0.139005 0.048516 -0.723274 659.200012
4.401820 35.500957 1.998464 0.123064 0.050023 -0.844299 659.335022
4.567117 35.391697 2.030333 0.120280 0.049283 -0.968807 659.469971
4.720347 35.265064 2.085989 0.033204 0.038654 -0.981531 659.604980
4.864123 35.134342 2.143829 0.076387 0.032638 -0.980366 659.734985
5.000938 34.994263 2.192148 0.108935 0.027893 -1.039431 659.864990
5.127416 34.844406 2.238177 0.061659 -0.044996 -1.017822 659.994995
5.249806 34.685009 2.238177 0.008144 -0.252780 -0.865988 660.140015
5.367024 34.521709 2.238177 -0.039740 -0.176737 -0.651325 660.344971
5.474687 34.352833 2.238177 -0.047423 -0.053949 -0.232472 660.744995
5.662587 34.423824 2.207449 0.008068 0.238067 0.987114 662.164978
5.784517 34.580967 2.175850 -0.021106 0.104132 0.929989 662.320007
5.903847 34.741829 2.143927 -0.032496 0.042609 0.867950 662.460022
6.019722 34.905121 2.110878 -0.005737 0.021675 0.801128 662.594971
6.143017 35.075016 2.077251 0.070922 0.020103 0.645752 662.734985
6.270520 35.231487 2.045300 0.049439 0.025717 0.586210 662.869995
6.406477 35.381145 2.013263 0.074873 0.031053 0.533453 663.005005
6.558027 35.526958 1.979883 0.049254 0.029087 0.531319 663.145020
6.724220 35.670311 1.945343 0.055679 0.021048 0.550396 663.289978
6.880176 35.791775 1.914352 0.052009 0.015185 0.563219 663.419983
7.045143 35.910080 1.903415 0.019912 -0.166419 0.524027 663.554993
7.220152 36.034843 1.903415 0.047131 -0.228127 0.340778 663.729980
7.380452 36.158634 1.903415 0.064618 -0.108871 0.058052 664.000000
7.526866 36.295395 1.903415 0.018626 0.000345 -0.821541 664.840027
7.350512 36.194649 1.903415 -0.000014 0.229313 -2.591541 666.775024
7.177598 36.081390 1.903415 0.032825 0.099798 -2.618744 666.934998
6.992827 35.970142 1.903415 0.046115 0.043828 -2.637100 667.085022
6.802941 35.866703 1.903415 0.041589 0.023270 -2.650263 667.229980
6.620326 35.775433 1.903415 0.031353 0.024823 -2.659424 667.364990
6.434092 35.687927 1.903415 0.024024 0.169706 -2.666039 667.494995
6.216671 35.588573 1.903415 0.004248 0.112177 -2.671297 667.630005
6.018638 35.497593 1.903415 -0.007793 0.067778 -2.674749 667.744995
5.833027 35.410645 1.903415 -0.012635 0.044102 -2.677256 667.849976
5.645563 35.320812 1.903415 -0.012169 0.030123 -2.679239 667.955017
5.457502 35.228825 1.903415 -0.007978 0.023083 -2.680857 668.059998
5.278256 35.139915 1.903415 -0.001580 0.020391 -2.682068 668.159973
5.098914 35.050400 1.903415 -0.015336 0.018168 -2.672333 668.260010
4.920903 34.958210 1.903415 -0.078289 0.016935 -2.573572 668.359985
4.746751 34.859726 1.903415 -0.019853 0.018465 -2.533672 668.460022
4.566666 34.751877 1.903415 -0.015074 0.019650 -2.495596 668.565002
4.396301 34.646961 1.903415 -0.005165 0.019441 -2.505167 668.664978
4.226281 34.540920 1.903415 -0.016022 0.019026 -2.512917 668.765015
4.057130 34.433033 1.903415 -0.023771 0.019626 -2.519180 668.864990
3.889215 34.322792 1.903415 -0.023655 0.017581 -2.524183 668.966003
3.724059 34.208481 1.903415 -0.099874 0.017889 -2.431929 669.065002
3.564998 34.086624 1.903415 -0.097178 0.020625 -2.348354 669.164978
3.404618 33.951157 1.903415 -0.052447 0.021081 -2.302826 669.270020
3.249065 33.810390 1.903415 -0.034865 0.022267 -2.267298 669.375000
3.103779 33.672859 1.903415 -0.033847 0.022599 -2.275410 669.474976
2.960718 33.532383 1.903415 -0.045051 0.020921 -2.282005 669.575012
2.820641 33.388508 1.903415 -0.047316 0.018457 -2.287346 669.674988
2.663486 33.219017 1.903415 -0.037375 0.016567 -2.292252 669.789978
2.516341 33.053795 1.903415 -0.020976 0.015203 -2.295944 669.900024
2.357694 32.871769 1.903415 -0.002942 0.015183 -2.299116 670.020020
2.190652 32.684025 1.903415 0.101885 0.013667 -2.417494 670.145020
2.050092 32.541698 1.903415 0.119795 0.021122 -2.515678 670.244995
1.902879 32.407234 1.923365 0.086765 0.025393 -2.550547 670.344971
1.750675 32.278297 1.944821 0.079527 0.026541 -2.572662 670.445007
1.585255 32.149849 1.944595 0.086985 -0.033095 -2.665991 670.549988
1.422075 32.033073 1.944595 0.074890 -0.243095 -2.775940 670.655029
1.252743 31.913464 1.944595 0.096937 -0.296045 -2.912067 670.784973
1.089876 31.792854 1.944595 0.106088 -0.185924 -3.100552 670.965027
0.930378 31.662365 1.944595 0.079943 -0.060016 2.842315 671.289978
1.080128 31.800255 1.944595 -0.001743 0.273531 0.761600 673.880005
1.224270 31.940943 1.944595 -0.000050 0.157953 0.766462 674.000000
1.369999 32.083031 1.944595 -0.000089 0.090359 0.768283 674.109985
1.515333 32.224716 1.944595 -0.000638 0.052802 0.769470 674.215027
1.685005 32.390251 1.944595 -0.000956 0.032352 0.770564 674.335022
1.834946 32.536694 1.944595 -0.000958 0.023144 0.771304 674.440002
1.978299 32.676846 1.944595 -0.000776 0.018265 0.771880 674.539978
2.129046 32.824356 1.944595 -0.000417 0.016647 0.772363 674.645020
2.272719 32.965015 1.944595 -0.000059 0.015442 0.772744 674.744995
2.424695 33.111553 1.944595 0.080845 0.013969 0.684251 674.849976
2.573383 33.246357 1.944595 0.066410 0.016987 0.639539 674.950012
2.725214 33.377373 1.944595 0.061345 0.017865 0.609786 675.049988
2.880065 33.504669 1.944595 0.064401 0.020261 0.582109 675.150024
3.038932 33.626656 1.944595 0.064172 0.021399 0.521648 675.250000
3.201493 33.743553 1.944595 0.030390 0.020872 0.529201 675.349976
3.366132 33.858002 1.944595 0.035589 0.020392 0.535377 675.450012
3.532815 33.969917 1.934469 -0.006848 0.017170 0.571662 675.549988
3.700099 34.081200 1.930273 0.031886 0.015234 0.585874 675.650024
3.868758 34.190403 1.917112 0.034911 0.015228 0.583629 675.750000
4.039010 34.297089 1.911723 0.022947 0.015152 0.581819 675.849976
4.210978 34.400856 1.883388 0.055291 0.014674 0.509187 675.950012
4.384989 34.500854 1.862874 0.005603 0.016823 0.510291 676.049988
4.559264 34.600498 1.834402 -0.000671 0.016568 0.511199 676.150024
4.733435 34.700436 1.802434 0.001494 0.016620 0.511928 676.250000
4.907586 34.800529 1.770330 0.004683 0.016645 0.512536 676.349976
5.081881 34.900505 1.737762 0.006722 0.017068 0.513025 676.450012
5.256418 35.000221 1.734126 0.007568 0.016711 0.513416 676.549988
5.431200 35.099594 1.735147 0.007401 0.016064 0.513746 676.650024
5.606796 35.197289 1.736019 0.040432 0.014676 0.456455 676.750000
5.784306 35.290688 1.721098 0.033037 0.016904 0.417949 676.849976
5.963809 35.379475 1.711854 0.093093 0.019038 0.331867 676.950012
6.146371 35.460068 1.678914 0.107180 0.024394 0.244630 677.049988
6.332154 35.530682 1.646667 0.114848 0.030129 0.164804 677.150024
6.530505 35.593021 1.632431 0.124587 0.036101 0.082853 677.255005
6.731879 35.641899 1.600192 0.132805 0.035455 0.004442 677.354980
6.933887 35.676304 1.582042 0.134113 -0.022147 -0.071507 677.460022
7.131515 35.696224 1.556201 0.099312 0.043005 -0.101018 677.565002
7.349174 35.708458 1.558307 -0.032781 0.056067 0.040807 677.679993
7.551776 35.722675 1.559936 -0.042039 0.043247 0.149844 677.784973
7.766017 35.743160 1.561379 -0.054108 0.034534 0.249990 677.895020
7.970183 35.769470 1.562547 -0.108692 -0.057112 0.383916 678.000000
8.197843 35.810287 1.563705 -0.128653 -0.096618 0.484565 678.125000
8.393883 35.859791 1.564629 -0.144186 -0.039582 0.557130 678.244995
8.587102 35.929726 1.565452 -0.138610 0.003059 0.625503 678.375000
8.772454 36.021465 1.566150 -0.081396 0.016131 0.637153 678.510010
8.949245 36.126518 1.566716 -0.055831 0.013094 0.624671 678.645020
9.133203 36.248997 1.567207 -0.030012 0.010677 0.614637 678.789978
9.314050 36.376465 1.567598 0.035465 0.007989 0.547366 678.934998
9.481271 36.488159 1.567884 0.036925 0.162500 0.478988 679.065002
9.671158 36.602310 1.584726 -0.029089 0.092866 0.492307 679.195007
9.846027 36.709126 1.584096 -0.036935 -0.133214 0.615428 679.309998
10.014712 36.817482 1.583553 -0.050529 -0.056334 0.691043 679.429993
10.184743 36.934029 1.583065 -0.051248 -0.016438 0.774907 679.559998
10.343308 37.055950 1.582669 -0.110197 0.009368 0.946677 679.690002
10.512681 37.215759 1.582289 -0.126133 0.031605 1.128454 679.844971
10.653585 37.387207 1.581999 -0.092795 0.042503 1.243730 679.994995
10.768470 37.560085 1.581782 -0.079795 0.039054 1.284328 680.135010
10.866345 37.736359 1.581613 -0.090848 0.035265 1.335311 680.270020
10.949772 37.920734 1.581476 -0.090419 0.030554 1.389381 680.405029
11.020774 38.111115 1.558059 -0.040512 0.022921 1.368713 680.539978
11.084058 38.312904 1.551177 -0.086633 0.022353 1.451268 680.679993
11.130175 38.511391 1.550878 -0.068946 0.021458 1.515180 680.815002
11.164171 38.712379 1.550637 -0.056962 0.019769 1.576286 680.950012
11.189209 38.929852 1.550429 -0.053501 0.018974 1.641794 681.094971
11.202718 39.148109 1.550261 -0.059907 0.021067 1.711726 681.239990
11.204420 39.351547 1.550135 -0.043961 0.020015 1.747775 681.375000
11.197412 39.555027 1.550034 -0.028592 0.019632 1.761554 681.510010
11.183446 39.759117 1.549952 -0.088191 0.108542 1.781295 681.645020
11.157603 39.960297 1.549891 -0.028796 0.167440 1.783435 681.770020
11.123232 40.172794 1.549842 -0.020336 0.106048 1.776616 681.890015
11.086532 40.378136 1.549803 -0.015705 0.066696 1.771655 682.000000
11.048405 40.579063 1.549773 -0.008476 0.043425 1.767869 682.104980
10.998980 40.831123 1.549741 0.001820 0.030189 1.764205 682.234985
10.956682 41.045876 1.549720 0.008249 0.025127 1.761775 682.344971
10.916751 41.251591 1.549702 0.011731 0.021556 1.759927 682.450012
10.877680 41.457737 1.549687 0.012300 0.020117 1.758447 682.554993
10.839539 41.664154 1.549674 0.010011 0.020151 1.757276 682.659973
10.802111 41.870777 1.549663 0.007180 0.019680 1.756330 682.765015
10.766851 42.067669 1.549653 0.004358 0.019280 1.755578 682.864990
10.731693 42.264584 1.549646 0.001669 0.019246 1.754993 682.965027
10.696399 42.461456 1.549639 -0.000117 0.020239 1.754495 683.065002
10.660803 42.658295 1.549634 -0.000629 0.020136 1.754096 683.164978
10.624863 42.855133 1.549630 -0.000145 0.019352 1.753782 683.265015
10.588634 43.051922 1.549625 0.000857 0.019131 1.753518 683.364990
10.552213 43.248684 1.549621 0.002033 0.019084 1.753310 683.465027
10.515712 43.445374 1.549619 0.003153 0.019133 1.753141 683.565002
10.479244 43.642059 1.549617 0.003813 0.019695 1.753005 683.664978
10.442863 43.838783 1.549614 0.004179 0.020161 1.752897 683.765015
10.406595 44.035545 1.549612 0.004188 0.019133 1.752820 683.864990
10.370453 44.232307 1.549609 0.003906 0.019043 1.752744 683.965027
10.334407 44.429070 1.549608 0.003357 0.019670 1.752692 684.065002
10.298396 44.625835 1.549608 0.002856 0.020198 1.752654 684.164978
10.262376 44.822674 1.549608 0.002708 0.019088 1.752616 684.265015
10.226333 45.019512 1.549608 0.002407 0.019936 1.752578 684.364990
10.190242 45.216351 1.549608 0.002487 0.018998 1.752540 684.465027
10.154111 45.413128 1.549608 0.002467 0.019964 1.752538 684.565002
10.117935 45.609966 1.549608 0.002681 0.019295 1.752538 684.664978
10.081734 45.806793 1.549608 0.002941 0.018862 1.752538 684.765015
10.045532 46.003555 1.549608 0.002943 0.019706 1.752534 684.864990
10.009343 46.200317 1.549608 0.003146 0.019786 1.752534 684.965027
9.973174 46.397144 1.549608 0.003016 0.019650 1.752534 685.065002
9.937011 46.593983 1.549608 0.002984 0.019690 1.752534 685.164978
9.900854 46.790821 1.549608 0.003104 0.018950 1.752534 685.265015
9.864713 46.987591 1.549608 0.003010 0.019335 1.752534 685.364990
9.826781 47.194191 1.549608 0.003044 0.018859 1.752534 685.469971
9.790673 47.390953 1.549608 0.002934 0.019647 1.752534 685.570007
9.754567 47.587715 1.549608 0.002824 0.019249 1.752534 685.669983
9.718453 47.784477 1.549608 0.002761 0.019848 1.752534 685.770020
9.676906 48.010750 1.549608 0.002754 0.019419 1.752534 685.885010
9.638954 48.217304 1.549608 0.002848 0.019800 1.752534 685.989990
9.601243 48.423923 1.549608 0.059297 0.017222 1.708186 686.094971
9.567638 48.630909 1.549608 0.020174 0.020419 1.687219 686.200012
9.536419 48.838234 1.549608 0.015452 0.021500 1.688478 686.304993
9.502589 49.075611 1.549608 0.019225 0.020802 1.689618 686.424988
9.474906 49.283672 1.549608 0.018693 0.020696 1.690393 686.530029
9.445983 49.501610 1.549608 -0.005813 0.020182 1.729879 686.640015
9.416892 49.709419 1.549608 -0.064237 0.018236 1.773464 686.744995
9.382989 49.916245 1.549608 -0.030442 0.021565 1.785587 686.849976
9.345140 50.122429 1.549608 -0.027879 0.021677 1.786035 686.955017
9.301652 50.327435 1.549608 -0.108865 0.020848 1.886239 687.059998
9.246832 50.529034 1.549608 -0.111600 0.025633 1.983382 687.164978
9.180634 50.726688 1.549608 -0.054872 0.027796 2.027192 687.270020
9.106103 50.921467 1.553398 -0.098763 0.029806 2.111501 687.375000
9.018217 51.121483 1.563962 -0.069594 0.025063 2.144872 687.484985
8.926518 51.308353 1.565328 -0.025254 -0.051725 2.098491 687.590027
8.830814 51.494114 1.566537 0.040462 -0.135069 1.993810 687.700012
8.741041 51.673725 1.567604 0.036475 -0.085463 1.977546 687.815002
8.653832 51.858437 1.568569 0.046271 -0.037039 1.969136 687.940002
8.572963 52.046177 1.569389 0.065779 -0.011700 1.925676 688.070007
8.501469 52.233547 1.570058 0.026706 0.001725 1.926545 688.200012
8.427927 52.442944 1.570662 0.055022 0.006427 1.855022 688.344971
8.366059 52.646957 1.571131 0.046921 0.011004 1.761194 688.484985
8.312837 52.852699 1.571508 0.046611 0.052534 1.681892 688.625000
8.269829 53.055115 1.571792 0.051460 0.172909 1.619458 688.755005
8.233693 53.291065 1.572032 0.080409 0.116244 1.521978 688.890015
8.213545 53.496616 1.572194 0.014695 0.075777 1.518993 689.000000
8.197199 53.699085 1.572324 0.025906 0.052777 1.530143 689.104980
8.182421 53.934647 1.572450 0.044043 0.037968 1.540323 689.224976
8.174325 54.152687 1.572546 0.047185 0.029394 1.547622 689.335022
8.171921 54.371716 1.572627 0.087640 0.025128 1.520664 689.445007
8.177132 54.581005 1.572693 0.076889 0.025468 1.481756 689.549988
8.190145 54.789810 1.572750 0.001308 -0.055171 1.517440 689.655029
8.202563 54.989563 1.572797 -0.117568 -0.133350 1.685951 689.760010
8.201758 55.213749 1.572846 -0.173073 -0.059034 1.890514 689.890015
8.176839 55.417427 1.572886 -0.165188 0.004672 2.052608 690.020020
8.124583 55.613922 1.572921 -0.148297 0.035916 2.197967 690.155029
8.044032 55.804752 1.572949 -0.127708 0.044496 2.334810 690.294983
7.932011 55.995213 1.572972 -0.096839 0.044037 2.459277 690.445007
7.808024 56.160839 1.572991 -0.074842 0.040028 2.526088 690.585022
7.659887 56.339272 1.573007 0.039311 0.019052 2.310725 690.739990
7.525111 56.512520 1.573018 0.036790 0.010140 2.107562 690.885010
7.396713 56.690056 1.573028 0.040690 0.007608 1.938733 691.030029
7.284732 56.858364 1.573034 0.026301 0.015464 1.839921 691.164978
7.180489 57.030693 1.573041 0.086447 0.036096 1.769279 691.299988
7.089478 57.210331 1.573045 0.091263 0.039407 1.728416 691.434998
7.013789 57.397694 1.573048 0.076468 -0.004782 1.757013 691.570007
6.943102 57.609001 1.573048 0.012856 -0.250195 1.924554 691.729980
6.886182 57.801510 1.573048 -0.036694 -0.177449 2.139217 691.934998
6.840204 57.996899 1.573048 -0.046258 -0.053804 2.563306 692.340027
6.903971 58.188068 1.573048 0.030751 0.319362 0.615766 694.945007
7.075193 58.299843 1.573048 -0.024294 0.160482 0.532985 695.135010
7.250497 58.418179 1.573048 -0.010453 0.065327 0.459749 695.289978
7.419083 58.533253 1.573048 0.001514 0.034401 0.423526 695.429993
7.586187 58.646133 1.573048 0.002727 0.023285 0.421973 695.565002
7.756414 58.758755 1.573048 0.026977 0.019155 0.438386 695.700012
7.943269 58.875809 1.573048 0.040033 0.015090 0.451648 695.844971
8.127981 58.982708 1.573048 0.036402 0.042554 0.461089 695.984985
8.333952 59.092949 1.573048 0.026185 0.162120 0.468360 696.130005
8.517466 59.186630 1.573048 0.012220 0.108492 0.472734 696.244995
8.703711 59.280499 1.573048 -0.000026 0.064552 0.476030 696.354980
8.885303 59.372498 1.573048 -0.007260 -0.011285 0.478555 696.460022
9.063293 59.463940 1.573048 -0.008962 -0.087524 0.475271 696.565002
9.256491 59.565220 1.573048 0.022982 -0.300789 0.344379 696.690002
9.433192 59.662251 1.573048 0.061622 -0.255436 0.187309 696.840027
9.615079 59.771809 1.573048 0.076965 -0.127157 -0.074475 697.090027
9.778892 59.889965 1.573048 0.035636 -0.009576 -0.702756 697.690002
9.658442 59.722984 1.573048 0.024125 0.319035 -2.283179 699.650024
9.527214 59.568958 1.573048 0.012144 0.215321 -2.359151 699.784973
9.392856 59.417877 1.573048 0.009398 0.119971 -2.434851 699.900024
9.254708 59.264046 1.573048 -0.046259 0.066767 -2.421256 700.010010
9.101786 59.087639 1.573048 -0.009924 0.043110 -2.409037 700.130005
8.959316 58.922840 1.573048 0.030086 0.032581 -2.400260 700.239990
8.819406 58.766781 1.573048 0.052108 0.026398 -2.393601 700.344971
8.681897 58.621452 1.573048 0.054921 -0.008893 -2.388491 700.445007
8.535837 58.475178 1.573048 0.065202 -0.075816 -2.402734 700.549988
8.385486 58.335911 1.573048 0.130371 -0.122127 -2.583821 700.659973
8.219415 58.202976 1.573048 0.121545 -0.052729 -2.745005 700.784973
8.028519 58.074577 1.573048 0.085280 -0.004990 -2.803641 700.929993
7.855062 57.974937 1.573048 0.083834 0.012290 -2.857566 701.059998
7.670432 57.885403 1.573048 0.082948 0.019829 -2.916220 701.195007
7.466719 57.804104 1.573048 0.039604 0.019829 -2.925957 701.340027
7.266400 57.733849 1.573048 0.035605 0.016529 -2.912425 701.479980
7.048603 57.666950 1.573048 0.063487 0.014342 -2.951634 701.630005
6.849699 57.618465 1.573048 0.068985 0.025903 -3.038172 701.765015
6.648174 57.581615 1.573048 0.040478 0.173005 -3.070431 701.895020
6.449108 57.552723 1.573048 0.001303 0.129993 -3.059039 702.010010
6.216633 57.520485 1.573048 0.007689 0.073121 -3.051430 702.135010
6.014458 57.493534 1.581262 0.013376 0.047797 -3.046393 702.239990
5.809058 57.467545 1.585522 0.015070 0.034143 -3.042346 702.344971
5.604631 57.442913 1.585411 0.015955 -0.146984 -3.125584 702.450012
5.403370 57.418488 1.585411 0.051310 -0.321797 3.037181 702.565002
5.204033 57.390846 1.585411 0.082761 -0.250023 2.880110 702.715027
5.005919 57.355480 1.585411 0.087774 -0.126832 2.634034 702.950012
4.812195 57.305485 1.585411 0.040591 -0.010569 2.052874 703.505005
4.842275 57.515491 1.585411 0.017592 0.219275 1.140765 704.330017
4.918556 57.705875 1.579713 0.030213 0.102786 1.031478 704.489990
5.006236 57.892731 1.575521 0.054632 0.054596 1.013871 704.635010
5.101263 58.068600 1.584165 0.081713 0.028346 0.988057 704.770020
5.217935 58.252819 1.619833 -0.002618 0.090519 1.015750 704.914978
5.327254 58.421997 1.619212 -0.015773 0.163438 1.096522 705.039978
5.434852 58.596165 1.618736 -0.025894 0.110195 1.174838 705.155029
5.539231 58.774853 1.618356 -0.053270 0.070964 1.251883 705.265015
5.635051 58.953300 1.618048 -0.090131 0.056534 1.327731 705.369995
5.729964 59.156406 1.617765 -0.128865 0.053830 1.409588 705.484985
5.802917 59.348362 1.617548 -0.154505 0.055251 1.484814 705.590027
5.861804 59.555305 1.617355 -0.164140 0.055607 1.560179 705.700012
5.901090 59.766827 1.617192 -0.164696 0.054212 1.635552 705.809998
5.921438 60.010601 1.617037 -0.116459 0.049576 1.700074 705.934998
5.922324 60.216961 1.616927 -0.083913 0.043209 1.726477 706.039978
5.913592 60.424351 1.616835 -0.041319 0.034312 1.710991 706.145020
5.899830 60.632534 1.616757 -0.028718 0.027875 1.698559 706.250000
5.882693 60.841110 1.616690 -0.018163 0.023662 1.688479 706.354980
5.863464 61.049816 1.616633 -0.005678 0.021549 1.680447 706.460022
5.843469 61.258057 1.616606 -0.002740 -0.079067 1.624518 706.565002
5.823183 61.462742 1.616606 0.030654 -0.293191 1.509333 706.674988
5.800640 61.664780 1.616606 0.069714 -0.287540 1.367970 706.809998
5.772249 61.863346 1.616606 0.087310 -0.170114 1.163779 707.005005
5.731998 62.063427 1.616606 0.064096 -0.045334 0.765868 707.385010
5.891718 61.941677 1.616606 0.010979 0.150417 -1.013261 709.450012
6.014958 61.777767 1.616606 -0.000613 0.058457 -1.136564 709.599976
6.135796 61.615246 1.616606 0.004938 0.033566 -1.200605 709.739990
6.256386 61.447025 1.616606 0.060441 0.035368 -1.259588 709.880005
6.382889 61.244595 1.616606 0.053393 0.034510 -1.282049 710.039978
6.489947 61.045517 1.616606 0.063193 0.025525 -1.262174 710.190002
6.576216 60.859947 1.616606 0.061346 0.018991 -1.248838 710.325012
6.654086 60.669983 1.616606 0.033657 0.011202 -1.194372 710.460022
6.729890 60.479069 1.616606 -0.029244 0.009459 -1.077260 710.594971
6.814403 60.285580 1.616606 -0.055334 0.169986 -0.986104 710.729980
6.908756 60.100792 1.616606 -0.069102 0.133276 -0.903413 710.849976
7.011600 59.925323 1.616606 -0.080483 0.089601 -0.826738 710.960022
7.122471 59.757977 1.616606 -0.095510 0.065690 -0.754827 711.065002
7.244988 59.594769 1.616606 -0.116938 0.054615 -0.680433 711.169983
7.386104 59.432003 1.616606 -0.137028 0.050529 -0.601018 711.280029
7.532099 59.285782 1.616606 -0.068548 0.042180 -0.599641 711.385010
7.684955 59.144878 1.616606 -0.067746 -0.005263 -0.612760 711.489990
7.842391 59.011715 1.616606 -0.145162 0.032127 -0.543542 711.594971
8.006457 58.892307 1.616606 -0.132566 -0.106556 -0.426013 711.700012
8.181007 58.781998 1.616606 -0.104787 -0.090624 -0.358274 711.815002
8.362678 58.681931 1.616606 -0.095300 -0.038749 -0.292386 711.940002
8.548512 58.594978 1.616606 -0.087949 -0.004436 -0.228004 712.070007
8.735112 58.522751 1.616606 -0.082138 0.011487 -0.163169 712.200012
8.945448 58.454643 1.616606 -0.030592 0.013840 -0.187200 712.344971
9.142868 58.397026 1.616606 -0.031642 0.013198 -0.197854 712.479980
9.341659 58.344597 1.616606 -0.028755 0.011580 -0.205871 712.614990
9.540514 58.297142 1.616606 -0.021088 0.172945 -0.211742 712.744995
9.736120 58.253574 1.616606 -0.011776 0.129067 -0.215766 712.859985
9.936722 58.209991 1.616606 -0.002069 0.079273 -0.218791 712.969971
10.134938 58.166756 1.616606 0.004712 0.051149 -0.221092 713.075012
10.365390 58.115383 1.616606 0.007838 0.034248 -0.223190 713.195007
10.568606 58.068794 1.616606 0.007223 0.027377 -0.224651 713.299988
10.772444 58.020931 1.616606 0.004298 0.022526 -0.225801 713.405029
10.976515 57.972202 1.616606 0.000507 0.020698 -0.226736 713.510010
11.209862 57.916031 1.616606 -0.003665 0.019817 -0.227592 713.630005
11.404414 57.869213 1.616606 -0.006047 0.020044 -0.228147 713.729980
11.618571 57.818008 1.616606 -0.007451 0.019128 -0.228633 713.840027
11.813366 57.771858 1.616606 -0.007400 0.018925 -0.228996 713.940002
12.008239 57.726082 1.616606 -0.006384 0.019192 -0.229284 714.039978
12.203176 57.680592 1.616606 -0.005013 0.019333 -0.229518 714.140015
12.407909 57.632980 1.616606 -0.003619 0.019274 -0.229726 714.244995
12.602917 57.587658 1.616606 -0.002488 0.019784 -0.229885 714.344971
12.797943 57.542233 1.616606 -0.001931 0.019426 -0.230005 714.445007
12.992955 57.496666 1.616606 -0.001957 0.018431 -0.230112 714.544983
13.187882 57.450989 1.616606 -0.002135 0.018950 -0.230188 714.645020
13.382808 57.405426 1.616606 -0.056854 0.018047 -0.190759 714.744995
13.578180 57.362473 1.616606 -0.002840 0.019308 -0.191575 714.844971
13.783611 57.319172 1.616606 -0.018609 0.020139 -0.150077 714.950012
13.989356 57.277672 1.616606 0.003601 0.020145 -0.156608 715.054993
14.195123 57.236069 1.616606 -0.061962 0.019879 -0.115404 715.159973
14.401358 57.197689 1.616606 -0.016523 0.021090 -0.125156 715.265015
14.607969 57.161163 1.616606 -0.017517 0.021610 -0.129638 715.369995
14.834728 57.123096 1.616606 -0.021021 0.021106 -0.133554 715.484985
15.042186 57.090534 1.616606 -0.064572 0.019332 -0.105453 715.590027
15.250123 57.062729 1.616606 -0.023283 0.020430 -0.094276 715.695007
15.458340 57.037582 1.616606 -0.011859 0.020961 -0.097866 715.799988
15.666740 57.013561 1.616606 -0.008545 0.020812 -0.100749 715.905029
15.875305 56.990242 1.616606 -0.005959 0.020492 -0.103067 716.010010
16.083977 56.967331 1.616606 -0.003150 0.020603 -0.104913 716.114990
16.322517 56.941319 1.616606 -0.000867 0.020366 -0.106594 716.234985
16.531258 56.918427 1.616606 0.000307 0.019502 -0.107753 716.340027
16.739929 56.895306 1.616606 0.000728 0.020044 -0.108673 716.445007
16.948572 56.871906 1.616606 0.000434 0.020581 -0.109414 716.549988
17.157215 56.848263 1.616606 -0.000356 0.020346 -0.110008 716.655029
17.365845 56.824451 1.616606 -0.001315 0.020510 -0.110492 716.760010
17.564552 56.801716 1.616606 -0.002120 0.020313 -0.110858 716.859985
17.763273 56.778992 1.616606 -0.002689 0.020518 -0.111164 716.960022
17.962044 56.756348 1.616606 -0.003053 0.019673 -0.111408 717.059998
18.160799 56.733803 1.616606 -0.002942 0.020342 -0.111600 717.159973
18.359583 56.711346 1.616606 -0.002769 0.019727 -0.111757 717.260010
18.558329 56.688972 1.616606 -0.002427 0.019858 -0.111892 717.359985
18.767012 56.665501 1.616606 -0.002013 0.020362 -0.112007 717.465027
18.965767 56.643147 1.616606 -0.001799 0.020245 -0.112083 717.565002
19.164528 56.620792 1.616606 -0.001670 0.020195 -0.112159 717.664978
19.373207 56.597294 1.616606 -0.001675 0.019539 -0.112214 717.770020
19.611622 56.570137 1.616606 0.051708 0.019237 -0.153013 717.890015
19.819605 56.542610 1.616606 0.005426 0.020770 -0.168123 717.994995
20.027081 56.511871 1.616606 0.010511 0.019972 -0.208097 718.099976
20.234253 56.479313 1.616606 -0.012895 0.019957 -0.198520 718.205017
20.441643 56.447575 1.616606 -0.009965 0.020673 -0.190881 718.309998
20.678925 56.412144 1.616606 -0.042292 0.018484 -0.157964 718.429993
20.886990 56.385517 1.616606 -0.084520 0.018417 -0.047759 718.534973
21.095339 56.367599 1.616606 -0.040646 0.022447 0.022137 718.640015
21.303858 56.354382 1.616606 -0.041190 0.023338 0.039483 718.744995
21.512621 56.344418 1.616606 -0.020624 0.024539 0.047331 718.849976
21.721731 56.337322 1.616606 -0.028493 0.025379 0.041379 718.955017
21.931208 56.333485 1.616606 -0.036005 0.023203 0.036584 719.059998
22.140858 56.333546 1.616606 -0.033957 0.022076 0.032797 719.164978
22.350569 56.337257 1.616606 -0.024985 0.021368 0.029715 719.270020
22.560293 56.343601 1.616606 -0.011584 0.020964 0.027262 719.375000
22.800005 56.352325 1.616606 0.002082 0.020708 0.025025 719.494995
23.009811 56.359840 1.616606 0.010421 0.020454 0.023474 719.599976
23.219656 56.366299 1.616606 0.014123 0.020235 0.022229 719.705017
23.469513 56.372116 1.616606 0.013123 0.020341 0.021073 719.830017
23.679426 56.375523 1.616606 0.009050 0.020566 0.020323 719.934998
23.889372 56.378029 1.616606 0.004573 0.020273 0.019724 720.039978
24.099329 56.380138 1.616606 0.000054 0.020117 0.019244 720.145020
24.309254 56.382286 1.616606 -0.002985 0.019646 0.018853 720.250000
24.519138 56.384800 1.616606 -0.004672 0.020080 0.018532 720.354980
24.728992 56.387844 1.616606 -0.004661 0.020798 0.018284 720.460022
24.938837 56.391422 1.616606 -0.003458 0.020691 0.018082 720.565002
25.148695 56.395401 1.616606 -0.001721 0.019945 0.017922 720.669983
25.368532 56.399796 1.616606 0.000285 0.020544 0.017777 720.780029
25.588369 56.404198 1.616606 0.001714 0.020514 0.017670 720.890015
25.838171 56.408993 1.616606 0.002344 0.020351 0.017575 721.015015
26.057997 56.412968 1.616606 0.002200 0.020322 0.017499 721.125000
26.277834 56.416737 1.616606 0.001663 0.019939 0.017457 721.234985
26.487679 56.420197 1.616606 0.000957 0.020328 0.017417 721.340027
26.697523 56.423569 1.616606 0.000289 0.019905 0.017377 721.445007
26.907337 56.426968 1.616606 -0.000229 0.019827 0.017336 721.549988
27.117119 56.430431 1.616606 -0.000435 0.019909 0.017335 721.655029
27.326902 56.433979 1.616606 -0.000398 0.020513 0.017335 721.760010
27.536707 56.437603 1.616606 -0.000195 0.020672 0.017335 721.864990
27.746523 56.441288 1.616606 0.000109 0.020291 0.017335 721.969971
27.956348 56.444973 1.616606 0.000360 0.020072 0.017335 722.075012
28.196156 56.449184 1.616606 0.000522 0.020434 0.017335 722.195007
28.406015 56.452869 1.616606 0.000584 0.021097 0.017335 722.299988
28.615900 56.456554 1.616606 0.000637 0.020063 0.017335 722.405029
28.845774 56.460503 1.616606 0.000566 0.020459 0.017335 722.520020
29.065676 56.464279 1.616606 0.000462 0.019851 0.017335 722.630005
29.285538 56.468056 1.616606 0.000369 0.020522 0.017335 722.739990
29.495394 56.471661 1.616606 0.000329 0.020458 0.017335 722.844971
29.715231 56.475437 1.616606 0.000303 0.020522 0.017335 722.955017
29.925077 56.479042 1.616606 0.000290 0.020508 0.017335 723.059998
30.134945 56.482647 1.616606 0.000277 0.020883 0.017335 723.164978
30.344852 56.486252 1.616606 0.000284 0.019977 0.017335 723.270020
30.554737 56.489857 1.616606 0.000270 0.020885 0.017335 723.375000
30.774656 56.493633 1.616606 0.000277 0.020295 0.017335 723.484985
31.004562 56.497581 1.616606 0.000276 0.019977 0.017335 723.599976
31.214447 56.501186 1.616606 0.000275 0.020476 0.017335 723.705017
31.424353 56.504868 1.616606 0.000330 0.020713 0.017335 723.809998
31.634300 56.508553 1.616606 0.000467 0.020050 0.017335 723.914978
31.884211 56.512848 1.616606 0.000472 0.020427 0.017335 724.039978
32.094147 56.516453 1.616606 0.000414 0.020029 0.017335 724.145020
32.304031 56.520058 1.616606 0.000360 0.019955 0.017335 724.250000
32.513916 56.523663 1.616606 0.000331 0.019684 0.017335 724.354980
32.723747 56.527267 1.616606 0.000301 0.020193 0.017335 724.460022
32.933552 56.530872 1.616606 0.000293 0.019983 0.017335 724.565002
33.163338 56.534821 1.616606 0.000275 0.020835 0.017335 724.679993
33.383205 56.538597 1.616606 0.000280 0.020374 0.017335 724.789978
33.593052 56.542213 1.616606 0.000279 0.020457 0.017335 724.895020
33.802856 56.545898 1.616606 0.000373 0.020266 0.017335 725.000000
34.012691 56.549557 1.616606 0.000483 0.020664 0.017335 725.104980
34.222569 56.553162 1.616606 0.000464 0.020179 0.017335 725.210022
34.432438 56.556767 1.616606 0.000389 0.020394 0.017335 725.315002
34.642323 56.560371 1.616606 0.000341 0.020201 0.017335 725.419983
34.892185 56.564663 1.616606 0.000316 0.019968 0.017335 725.544983
35.102070 56.568268 1.616606 0.000294 0.020448 0.017335 725.650024
35.311954 56.571873 1.616606 0.000282 0.020393 0.017335 725.755005
35.521839 56.575478 1.616606 0.000275 0.020650 0.017335 725.859985
35.731758 56.579121 1.616606 0.000277 0.020899 0.017335 725.965027
35.941723 56.582806 1.616606 0.000403 0.020389 0.017335 726.070007
36.171684 56.586792 1.616606 0.000494 0.020253 0.017335 726.184998
36.381607 56.590397 1.616606 0.000437 0.020376 0.017335 726.289978
36.591492 56.594002 1.616606 0.000378 0.020048 0.017335 726.395020
36.801376 56.597607 1.616606 0.000321 0.020871 0.017335 726.500000
37.011261 56.601212 1.616606 0.000308 0.020103 0.017335 726.604980
37.221146 56.604816 1.616606 0.000283 0.020557 0.017335 726.710022
37.461071 56.608936 1.616606 0.000283 0.020283 0.017335 726.830017
37.671036 56.612541 1.616606 0.000284 0.020113 0.017335 726.934998
37.880920 56.616161 1.616606 0.000282 0.019739 0.017335 727.039978
38.090805 56.619846 1.616606 0.000374 0.019905 0.017335 727.145020
38.300610 56.623486 1.616606 0.000459 0.020984 0.017335 727.250000
38.510494 56.627090 1.616606 0.000422 0.020944 0.017335 727.354980
38.720390 56.630695 1.616606 0.000384 0.019721 0.017335 727.460022
38.930275 56.634300 1.616606 0.000320 0.020819 0.017335 727.565002
39.140175 56.637905 1.616606 0.000292 0.021026 0.017335 727.669983
39.350140 56.641510 1.616606 0.000283 0.020698 0.017335 727.775024
39.570103 56.645287 1.616606 0.000279 0.020335 0.017335 727.885010
39.800064 56.649319 1.616606 0.000346 0.020437 0.017335 728.000000
40.010029 56.652973 1.616606 0.000477 0.019900 0.017335 728.104980
40.239960 56.656921 1.616606 0.000434 0.020257 0.017335 728.219971
40.459858 56.660698 1.616606 0.000373 0.020225 0.017335 728.330017
40.689632 56.662605 1.616606 0.040686 0.019982 -0.051797 728.445007
40.899197 56.659996 1.616606 0.009449 0.021359 -0.049728 728.549988
41.108829 56.656002 1.616606 0.011620 0.022310 -0.048131 728.655029
41.318554 56.650620 1.616606 0.014772 0.021082 -0.046861 728.760010
41.528301 56.643570 1.616606 0.014084 0.021197 -0.045827 728.864990
41.738075 56.634937 1.616606 0.010733 0.019873 -0.045003 728.969971
41.947800 56.625122 1.616606 0.004922 0.020530 -0.044353 729.075012
42.167397 56.613438 1.616606 0.033515 0.019744 -0.086044 729.184998
42.376736 56.599335 1.616606 0.001214 0.020848 -0.083749 729.289978
42.586090 56.584759 1.616606 -0.001129 0.020698 -0.082424 729.395020
42.795444 56.569771 1.616606 0.059145 0.018085 -0.128911 729.500000
43.004234 56.551125 1.616606 0.009906 0.020246 -0.130491 729.604980
43.252075 56.523918 1.616606 0.058384 0.022909 -0.192432 729.729980
43.478687 56.490208 1.616606 0.044320 0.023136 -0.261426 729.844971
43.693829 56.449886 1.616606 0.029362 0.024759 -0.290574 729.955017
43.897774 56.404884 1.616606 0.109872 0.026141 -0.382572 730.059998
44.098015 56.348221 1.616606 0.128421 0.032955 -0.473218 730.164978
44.293148 56.277786 1.616606 0.128806 0.037347 -0.555450 730.270020
44.482708 56.193947 1.616606 0.066846 0.037414 -0.586038 730.375000
44.685200 56.089882 1.616606 0.077918 0.034547 -0.644353 730.489990
44.866058 55.985771 1.616606 0.039850 0.029468 -0.630067 730.594971
45.044277 55.875465 1.616606 0.110363 0.027636 -0.692434 730.700012
45.215996 55.755230 1.616606 0.112124 0.027294 -0.774270 730.804993
45.380043 55.625118 1.616606 0.104198 0.027926 -0.853444 730.909973
45.536350 55.486244 1.616606 0.102462 0.029381 -0.929758 731.015015
45.684528 55.339214 1.616606 0.110667 0.032332 -1.005250 731.119995
45.848892 55.153530 1.616606 0.079724 0.034296 -1.068113 731.244995
45.977322 54.989498 1.616606 0.086908 0.035513 -1.111532 731.349976
46.098034 54.819118 1.616606 0.071111 0.033206 -1.100389 731.455017
46.212650 54.643543 1.616606 0.075050 0.026864 -1.087488 731.559998
46.315922 54.472023 1.616606 0.065829 0.021880 -1.077600 731.659973
46.412231 54.296299 1.616606 0.128559 0.020464 -1.164739 731.760010
46.497906 54.115555 1.616606 0.113287 0.023043 -1.248224 731.859985
46.577209 53.921532 1.616606 0.093134 0.024495 -1.330285 731.969971
46.647156 53.724445 1.616606 0.085796 0.026013 -1.409028 732.075012
46.708858 53.525089 1.616606 0.027175 0.027069 -1.421613 732.179993
46.767021 53.324257 1.616606 0.031269 0.027336 -1.411973 732.284973
46.822014 53.122002 1.616606 0.049417 0.025289 -1.404252 732.390015
46.871941 52.918232 1.616606 0.104115 0.023871 -1.431013 732.494995
46.913029 52.712711 1.616606 0.054553 0.022988 -1.439084 732.599976
46.955086 52.456623 1.616606 0.101631 0.021807 -1.501451 732.729980
46.980640 52.219013 1.616606 0.067254 0.024519 -1.584676 732.849976
46.994785 52.010616 1.616606 0.069228 0.025390 -1.615034 732.955017
47.003418 51.801891 1.616606 0.021435 0.025871 -1.618661 733.059998
47.009182 51.592731 1.616606 0.015643 0.023545 -1.609579 733.164978
47.013069 51.383270 1.616606 0.018844 0.023306 -1.602315 733.270020
47.014938 51.143642 1.616606 0.017874 0.021962 -1.595811 733.390015
47.014469 50.933815 1.616606 0.012868 0.021153 -1.591283 733.494995
47.012596 50.723930 1.616606 0.006222 0.020367 -1.587636 733.599976
47.010036 50.514046 1.616606 -0.000214 0.020023 -1.584707 733.705017
47.007477 50.304161 1.616606 -0.004979 0.020182 -1.582364 733.809998
47.005268 50.074287 1.616606 -0.007483 0.020342 -1.580343 733.924988
47.004009 49.854408 1.616606 -0.007135 0.020687 -1.578790 734.034973
47.003574 49.654518 1.641522 -0.005433 0.020465 -1.577680 734.135010
47.003666 49.434608 1.679945 -0.002644 0.020703 -1.576677 734.244995
47.003895 49.234653 1.713426 0.045753 0.018841 -1.608091 734.344971
47.000870 49.034966 1.746108 0.013912 0.020392 -1.631055 734.445007
46.996010 48.835381 1.778401 0.001236 0.021164 -1.626748 734.544983
46.992416 48.635784 1.810411 -0.075730 0.018594 -1.533891 734.645020
46.996254 48.429535 1.813835 -0.085315 -0.128724 -1.380216 734.750000
47.008579 48.221279 1.812284 -0.090666 -0.104822 -1.294664 734.864990
47.030960 48.014618 1.810883 -0.072224 -0.040476 -1.250287 734.989990
47.066196 47.796680 1.809607 -0.050450 -0.006558 -1.268598 735.130005
47.106804 47.600296 1.808642 -0.045007 0.004739 -1.280767 735.260010
47.158360 47.392395 1.807804 -0.029336 0.009164 -1.289094 735.400024
47.217728 47.179218 1.807100 -0.012766 0.009314 -1.295621 735.544983
47.275005 46.981567 1.788181 0.049498 0.029922 -1.354661 735.679993
47.324314 46.781288 1.780449 0.071539 0.168223 -1.447214 735.809998
47.367935 46.538265 1.769095 0.080480 0.060600 -1.578569 735.950012
47.394165 46.332726 1.764337 0.067740 -0.081750 -1.668691 736.065002
47.410614 46.123188 1.764491 0.131648 -0.041238 -1.854570 736.190002
47.408459 45.895874 1.764637 0.101530 0.010275 -1.906824 736.335022
47.387836 45.691479 1.764748 0.103590 0.025955 -1.959340 736.469971
47.348606 45.492222 1.764814 0.080546 -0.051266 -2.000959 736.604980
47.297726 45.295162 1.764814 0.069066 -0.244069 -2.158086 736.755005
47.249775 45.100380 1.764814 0.081025 -0.151552 -2.383302 736.969971
47.213074 44.898525 1.764814 0.050420 -0.026591 -2.875635 737.434998
47.160728 44.705414 1.764814 -0.009639 0.319321 -2.073507 740.775024
47.056923 44.505508 1.764814 0.000910 0.152192 -1.998281 740.984985
46.956802 44.309330 1.764814 -0.000013 0.063234 -1.923330 741.145020
46.865124 44.126030 1.764814 -0.023110 0.033304 -1.852456 741.284973
46.779480 43.943642 1.764814 -0.044537 0.024823 -1.783376 741.419983
46.701481 43.756691 1.764814 -0.070825 0.027105 -1.712198 741.554993
46.635288 43.562336 1.764814 -0.091595 0.175278 -1.649393 741.690002
46.585976 43.367760 1.764814 -0.025575 0.157616 -1.655572 741.809998
46.539677 43.153187 1.764814 -0.040469 0.098146 -1.666402 741.929993
46.504265 42.955330 1.764814 -0.084533 0.063319 -1.624601 742.034973
46.477070 42.752136 1.764814 -0.048140 0.043932 -1.634237 742.140015
46.454872 42.545963 1.764814 -0.035039 0.032504 -1.641065 742.244995
46.436115 42.338169 1.764814 -0.021248 0.026828 -1.646509 742.349976
46.419353 42.129520 1.764814 -0.007854 0.022791 -1.650854 742.455017
46.403172 41.920513 1.764814 0.003501 0.021529 -1.654355 742.559998
46.386402 41.711430 1.764814 0.010245 0.020827 -1.657209 742.664978
46.368347 41.502373 1.764814 0.012784 0.020148 -1.659475 742.770020
46.347977 41.293541 1.764814 0.081389 0.018987 -1.726480 742.875000
46.317783 41.076309 1.764814 0.095000 0.022346 -1.831521 742.984985
46.276192 40.861706 1.764814 0.093338 0.026647 -1.925744 743.094971
46.225773 40.659821 1.764814 0.098786 0.031148 -2.011339 743.200012
46.164547 40.461826 1.764814 0.105665 -0.002267 -2.090780 743.304993
46.076103 40.228470 1.764814 0.115728 -0.064294 -2.182199 743.434998
45.990051 40.040279 1.745956 0.122834 -0.096441 -2.257154 743.549988
45.892323 39.862320 1.727951 0.026360 -0.029924 -2.178163 743.669983
45.781975 39.671192 1.738478 -0.064593 -0.036853 -1.943670 743.804993
45.684853 39.483727 1.737541 -0.088652 -0.006571 -1.760492 743.940002
45.604122 39.296047 1.736780 -0.106110 0.021586 -1.608213 744.075012
45.541325 39.105522 1.736166 -0.081798 0.037610 -1.543004 744.210022
45.494690 38.910641 1.735666 -0.099119 0.041833 -1.491140 744.344971
45.465389 38.689621 1.735223 -0.118381 0.040852 -1.399240 744.494995
45.463631 38.489330 1.742400 -0.141011 0.041335 -1.264936 744.630005
45.486961 38.283363 1.749546 -0.037040 0.032646 -1.237855 744.770020
45.525223 38.062267 1.747844 -0.064202 0.027441 -1.204221 744.919983
45.570675 37.864109 1.746615 -0.019516 0.020011 -1.204202 745.054993
45.621429 37.666107 1.745625 -0.014695 0.015672 -1.222806 745.190002
45.681709 37.446381 1.744740 -0.014574 0.012714 -1.238202 745.340027
45.739128 37.249203 1.744101 -0.009873 0.012560 -1.248498 745.474976
45.798706 37.052441 1.743577 -0.004306 0.011236 -1.256376 745.609985
45.858078 36.860188 1.743171 0.003285 0.163936 -1.262063 745.739990
45.918541 36.664738 1.742861 0.006671 0.142159 -1.266134 745.859985
45.978199 36.470673 1.742625 0.008520 0.088453 -1.269029 745.969971
46.042671 36.258881 1.742417 0.009125 0.052597 -1.271440 746.085022
46.107872 36.042385 1.742243 0.008173 0.035573 -1.273340 746.200012
46.167553 35.842602 1.742108 0.007031 0.026839 -1.274728 746.304993
46.227158 35.641850 1.741994 0.005484 0.021858 -1.275838 746.409973
46.286240 35.440529 1.741897 0.042515 0.019341 -1.319436 746.515015
46.350704 35.209446 1.741803 0.007924 0.020228 -1.318532 746.635010
46.404854 35.006580 1.741735 0.033238 0.019390 -1.367383 746.739990
46.455620 34.802952 1.741677 0.059247 0.019258 -1.395349 746.844971
46.502171 34.598495 1.741627 0.025187 0.022101 -1.404325 746.950012
46.543625 34.393078 1.741585 0.103866 0.022460 -1.499250 747.054993
46.574421 34.186550 1.741550 0.112541 0.027297 -1.590978 747.159973
46.595284 33.979259 1.741519 0.090416 0.030663 -1.627355 747.265015
46.606579 33.771431 1.741493 0.064542 0.030354 -1.683717 747.369995
46.611073 33.543365 1.741470 0.012737 0.028135 -1.663061 747.484985
46.613121 33.334435 1.741452 0.013525 0.025466 -1.648031 747.590027
46.613487 33.125076 1.741436 0.016590 0.023387 -1.635980 747.695007
46.611942 32.915493 1.741423 0.015593 0.022791 -1.626214 747.799988
46.608608 32.705753 1.741412 0.011307 0.021340 -1.618452 747.905029
46.603981 32.495987 1.741402 0.005574 0.019949 -1.612218 748.010010
46.598698 32.286263 1.741394 -0.000501 0.020287 -1.607187 748.114990
46.592682 32.046539 1.741386 -0.005421 0.020354 -1.602617 748.234985
46.587940 31.836742 1.741380 -0.007292 0.020563 -1.599473 748.340027
46.583912 31.626938 1.741375 -0.007211 0.019786 -1.596975 748.445007
46.580566 31.417133 1.741370 -0.005551 0.019777 -1.594968 748.549988
46.577736 31.207342 1.741368 -0.003025 0.019791 -1.593374 748.655029
46.575153 30.997578 1.741365 -0.000626 0.019993 -1.592054 748.760010
46.572571 30.787802 1.741363 0.001295 0.020470 -1.591009 748.864990
46.569672 30.568007 1.741360 0.002183 0.020453 -1.590146 748.974976
46.566319 30.338221 1.741357 0.002134 0.020547 -1.589422 749.090027
46.562977 30.128412 1.741356 0.001502 0.020723 -1.588891 749.195007
46.559437 29.918587 1.741356 0.000546 0.020636 -1.588453 749.299988
46.555817 29.708742 1.741356 -0.000323 0.020482 -1.588128 749.405029
46.551853 29.478912 1.741356 -0.000975 0.020611 -1.587827 749.520020
46.548130 29.260174 1.741356 -0.000306 -0.109315 -1.608674 749.630005
46.545120 29.058203 1.741356 0.023625 -0.311022 -1.723901 749.739990
46.545055 28.843237 1.741356 0.064808 -0.269687 -1.881029 749.890015
46.551804 28.641598 1.741356 0.081108 -0.151085 -2.106244 750.104980
46.571323 28.441582 1.741356 0.052780 -0.029842 -2.577627 750.554993
46.497822 28.633781 1.741356 -0.014882 0.161142 1.798386 752.799988
46.438473 28.828974 1.741356 -0.017504 0.070531 1.745155 752.950012
46.377575 29.023035 1.741356 0.021651 0.037097 1.673389 753.090027
46.320290 29.222828 1.741356 0.056063 0.030248 1.602848 753.229980
46.275074 29.419409 1.741356 0.077406 0.030437 1.537529 753.364990
46.243153 29.619066 1.741356 0.047459 0.028020 1.526035 753.500000
46.220829 29.821272 1.741356 0.049839 0.023252 1.540230 753.635010
46.207451 30.028008 1.741356 0.045983 0.170488 1.550915 753.770020
46.202778 30.257841 1.741356 0.034180 0.136686 1.558842 753.905029
46.204178 30.489849 1.741356 0.015273 0.081401 1.564472 754.030029
46.207268 30.692526 1.741356 -0.001245 0.052763 1.568191 754.135010
46.210194 30.898806 1.741356 -0.012771 0.037506 1.571182 754.239990
46.211765 31.126801 1.741356 -0.018857 0.027775 1.573761 754.354980
46.211113 31.335880 1.741356 -0.018007 0.024397 1.575649 754.460022
46.208557 31.545382 1.741356 -0.013444 0.022279 1.577137 754.565002
46.204609 31.755087 1.741356 -0.006857 0.021035 1.578365 754.669983
46.199265 31.994852 1.741356 0.000324 0.020373 1.579471 754.789978
46.194588 32.204659 1.741356 0.004896 0.020356 1.580250 754.895020
46.190411 32.414513 1.741356 0.007081 0.021051 1.580852 755.000000
46.186962 32.624435 1.741356 0.007002 0.020789 1.581337 755.104980
46.184235 32.834400 1.741356 0.005499 0.020407 1.581718 755.210022
46.181702 33.084320 1.741356 0.002705 0.019907 1.582081 755.335022
46.179871 33.294205 1.741356 0.000107 0.020544 1.582321 755.440002
46.178013 33.504116 1.741356 -0.001578 0.020370 1.582500 755.544983
46.175972 33.714035 1.741356 -0.002371 0.020770 1.582661 755.650024
46.173649 33.924000 1.741356 -0.012236 0.020077 1.588215 755.755005
46.168362 34.133720 1.741356 -0.035788 0.019633 1.652744 755.859985
46.156879 34.342781 1.741356 -0.085122 0.022388 1.750778 755.965027
46.136002 34.550434 1.741356 -0.093382 0.027031 1.841339 756.070007
46.101189 34.775574 1.741356 -0.097246 0.031655 1.929130 756.184998
46.057888 34.978176 1.741356 -0.106679 0.003552 2.006870 756.289978
46.004139 35.174026 1.741356 -0.117249 -0.048710 2.081806 756.395020
45.938911 35.365517 1.741356 -0.125535 -0.088456 2.156204 756.505005
45.853580 35.567764 1.719353 -0.132624 -0.037933 2.230160 756.635010
45.757244 35.744698 1.719243 -0.149097 0.032318 2.331798 756.760010
45.638424 35.916466 1.720419 -0.110349 -0.009562 2.407574 756.890015
45.504833 36.079472 1.701311 -0.097116 0.002874 2.492767 757.025024
45.361385 36.227718 1.692136 -0.118602 0.019211 2.620422 757.159973
45.205929 36.358746 1.692567 -0.119341 0.029400 2.767853 757.294983
45.039047 36.471069 1.714876 -0.128804 0.037736 2.919086 757.429993
44.855789 36.567436 1.723670 -0.075526 0.038753 2.991253 757.570007
44.636612 36.656807 1.720676 -0.118616 0.044054 -3.133916 757.729980
44.437916 36.711090 1.718612 -0.085786 0.045443 -3.045442 757.869995
44.234226 36.746380 1.716950 -0.102293 0.044286 -2.985864 758.010010
44.034412 36.762794 1.715645 -0.082635 0.038220 -2.969797 758.145020
43.809837 36.763897 1.714490 -0.092505 0.030251 -2.937272 758.294983
43.592484 36.746582 1.713597 -0.039907 0.022400 -2.920087 758.440002
43.390030 36.721165 1.712929 -0.019918 0.016881 -2.937814 758.575012
43.187969 36.689320 1.712390 -0.100987 0.017083 -2.817270 758.710022
42.989944 36.642025 1.711952 -0.050796 0.018435 -2.715879 758.844971
42.774586 36.575165 1.711565 -0.048284 0.020330 -2.606828 758.994995
42.577503 36.501770 1.711273 -0.055398 0.022811 -2.546621 759.135010
42.391621 36.420387 1.711046 -0.071237 0.025618 -2.485345 759.270020
42.185482 36.311588 1.710838 -0.079973 0.026173 -2.413957 759.424988
42.013947 36.202732 1.710693 -0.080368 0.025196 -2.351346 759.559998
41.850922 36.081169 1.710575 -0.078505 0.024014 -2.287584 759.695007
41.695499 35.949108 1.710479 -0.028499 0.018802 -2.294488 759.830017
41.543308 35.810928 1.710401 -0.073539 0.115604 -2.275899 759.965027
41.391838 35.660267 1.710340 -0.016692 0.157914 -2.286535 760.094971
41.246918 35.510094 1.710295 -0.015747 0.101002 -2.293813 760.210022
41.089264 35.342800 1.710257 -0.024132 0.058313 -2.294687 760.330017
40.951447 35.189404 1.710228 -0.096691 0.038202 -2.196393 760.434998
40.820232 35.028019 1.710205 -0.094577 0.030746 -2.107324 760.539978
40.696831 34.859901 1.710184 -0.044575 0.027100 -2.054239 760.645020
40.579144 34.687275 1.710167 -0.059675 0.027835 -2.007211 760.750000
40.466614 34.510754 1.710152 -0.043459 0.026690 -2.019384 760.854980
40.357960 34.331055 1.710140 -0.056103 0.023927 -2.027921 760.960022
40.258980 34.156822 1.710130 -0.058624 0.020401 -2.032041 761.059998
40.164570 33.979862 1.710121 -0.048920 0.018132 -2.035386 761.159973
40.073906 33.800804 1.710114 -0.032635 0.016896 -2.038083 761.260010
39.985603 33.620491 1.710107 -0.015432 0.016696 -2.040288 761.359985
39.897797 33.439915 1.710102 0.043405 0.015905 -2.081945 761.460022
39.807407 33.260746 1.710097 0.009324 0.017355 -2.078081 761.559998
39.715199 33.082481 1.746958 0.071869 0.017661 -2.128114 761.659973
39.617104 32.907757 1.782036 0.092320 0.019647 -2.216791 761.760010
39.511246 32.738312 1.815299 0.091615 0.022694 -2.296667 761.859985
39.397980 32.574356 1.848077 0.046177 0.023428 -2.334844 761.960022
39.278854 32.414764 1.880422 0.059003 0.026002 -2.380006 762.059998
39.153210 32.260422 1.912397 0.074005 0.029082 -2.427827 762.159973
39.021130 32.111229 1.944327 0.067772 0.028773 -2.420976 762.260010
38.883408 31.966341 1.977032 0.071413 0.025386 -2.415376 762.359985
38.740292 31.826031 2.009065 0.063041 0.020011 -2.410863 762.460022
38.594143 31.688473 2.041227 0.020080 0.015709 -2.350229 762.559998
38.448879 31.550610 2.072850 -0.100276 -0.067974 -2.196016 762.659973
38.310177 31.407169 2.103881 -0.147446 -0.127087 -2.037771 762.765015
38.169502 31.235432 2.115647 -0.213238 -0.037414 -1.838052 762.895020
38.065510 31.061907 2.114426 -0.214321 0.026477 -1.678457 763.025024
37.994568 30.874657 2.113397 -0.182782 0.053851 -1.538499 763.159973
37.954823 30.673361 2.112539 -0.103100 0.049004 -1.470807 763.299988
37.937054 30.466909 2.111845 -0.081710 0.037416 -1.423902 763.440002
37.936054 30.257822 2.111290 -0.073404 0.029595 -1.364641 763.580017
37.949360 30.055691 2.110852 -0.066916 0.025523 -1.303605 763.715027
37.975368 29.854343 2.110498 -0.063948 0.023573 -1.242933 763.849976
38.015053 29.647343 2.110201 -0.062385 0.022614 -1.178045 763.989990
38.065300 29.450283 2.109968 -0.062502 0.022086 -1.116224 764.125000
38.128433 29.254532 2.109781 -0.075384 0.171057 -1.050878 764.260010
38.204586 29.069048 2.109643 -0.072784 0.155572 -0.988077 764.380005
38.295601 28.880648 2.109535 -0.004726 0.098084 -0.981370 764.494995
38.385960 28.701746 2.109450 -0.008515 0.062497 -0.994394 764.599976
38.481606 28.520060 2.109378 -0.048555 0.043559 -0.967065 764.705017
38.583736 28.339075 2.109317 -0.040066 0.032297 -0.975019 764.809998
38.690910 28.159252 2.109264 -0.039527 0.025501 -0.980329 764.914978
38.813278 27.964167 2.109218 -0.030916 0.019823 -0.984888 765.030029
38.933998 27.779320 2.109180 -0.016490 0.017987 -0.988355 765.140015
39.045513 27.612148 2.109150 -0.002900 0.016449 -0.990865 765.239990
39.157490 27.445154 2.109125 0.008069 0.015937 -0.992898 765.340027
39.274582 27.269436 2.109102 0.015352 0.015695 -0.994619 765.445007
39.385059 27.101372 2.109082 0.017629 0.015794 -0.995958 765.544983
39.494347 26.932514 2.109067 0.016326 0.015497 -0.997041 765.645020
39.602543 26.762962 2.109053 0.012848 0.014782 -0.997938 765.744995
39.710220 26.593136 2.109043 -0.050530 0.014878 -0.954320 765.844971
39.820679 26.425350 2.109034 -0.044545 0.016459 -0.913106 765.945007
39.934967 26.260445 2.109024 -0.026661 0.016849 -0.861608 766.044983
40.052986 26.098450 2.109016 -0.028153 0.017328 -0.818571 766.145020
40.173321 25.938215 2.109011 0.003401 0.017469 -0.839406 766.244995
40.294041 25.777954 2.109006 -0.007667 0.018828 -0.847818 766.344971
40.415840 25.618164 2.109001 -0.019803 0.018063 -0.854570 766.445007
40.539497 25.459570 2.108997 -0.024681 0.017336 -0.860105 766.544983
40.665264 25.302523 2.108992 -0.023611 0.015421 -0.864976 766.645020
40.792915 25.146969 2.108989 -0.016791 0.015647 -0.869062 766.744995
40.921932 24.992477 2.108989 -0.007766 0.015336 -0.871839 766.844971
41.051620 24.838518 2.108989 -0.000088 0.014338 -0.874090 766.945007
41.182476 24.685665 2.108989 -0.030605 0.014220 -0.815877 767.044983
41.315422 24.534794 2.108989 -0.002053 0.015778 -0.818410 767.145020
41.448925 24.384325 2.108989 -0.055732 0.014280 -0.781976 767.244995
41.584919 24.236322 2.108989 -0.019727 0.016240 -0.775579 767.344971
41.722706 24.089930 2.117432 -0.055447 0.016242 -0.755227 767.445007
41.857189 23.954563 2.178421 -0.103026 0.017784 -0.665426 767.539978
42.010006 23.813601 2.192046 -0.059237 -0.151738 -0.558696 767.645020
42.162392 23.677881 2.192046 -0.075837 -0.322094 -0.438276 767.760010
42.311813 23.541380 2.192046 -0.098159 -0.247143 -0.281206 767.909973
42.456276 23.399187 2.192046 -0.095281 -0.120330 -0.035129 768.145020
42.589886 23.247120 2.192046 -0.041169 -0.008153 0.546031 768.700012
42.579033 23.449169 2.192046 0.004397 0.318511 1.800868 770.344971
42.534630 23.645689 2.192046 -0.007063 0.217387 1.874213 770.479980
42.480339 23.867744 2.192046 -0.014545 0.111906 1.962061 770.609985
42.422565 24.085804 2.192046 0.022872 0.065718 1.986014 770.729980
42.367653 24.291779 2.192046 -0.043590 0.049100 2.001759 770.840027
42.308525 24.489130 2.192046 -0.089001 0.044688 2.060357 770.945007
42.238979 24.684340 2.192046 -0.069189 0.038029 2.046979 771.049988
42.161049 24.877773 2.192046 -0.070696 0.030330 2.040604 771.155029
42.075329 25.068853 2.192046 -0.062208 0.023248 2.035470 771.260010
41.983223 25.257555 2.192046 -0.038274 0.020806 2.031338 771.364990
41.891708 25.435820 2.192046 -0.014614 0.018660 2.028170 771.465027
41.798702 25.613573 2.192046 0.017295 0.017877 2.020554 771.565002
41.708603 25.792656 2.192046 0.105824 0.016832 1.918337 771.664978
41.625652 25.980247 2.192046 0.112912 -0.132830 1.775622 771.770020
41.552406 26.172670 2.192046 0.120703 -0.089589 1.693211 771.885010
41.492428 26.369457 2.207332 0.122651 -0.028523 1.619258 772.010010
41.450302 26.568336 2.242208 0.114223 0.004222 1.548792 772.140015
41.426891 26.765484 2.273848 0.090474 0.016997 1.487696 772.270020
41.416740 26.969931 2.285534 0.067402 0.017184 1.471493 772.405029
41.415997 27.174427 2.286778 0.029609 0.015331 1.480372 772.539978
41.421051 27.379068 2.286612 0.023214 0.014066 1.490124 772.674988
41.430382 27.583496 2.286484 0.014653 0.171521 1.497174 772.804993
41.442249 27.784008 2.286389 0.007508 0.125255 1.502049 772.919983
41.456230 27.998508 2.286310 0.039542 0.076921 1.480826 773.034973
41.473309 28.210585 2.286247 -0.000422 0.049149 1.465176 773.145020
41.490700 28.416304 2.286196 0.036590 0.035252 1.438040 773.250000
41.512409 28.623041 2.286152 0.083891 0.029113 1.339755 773.354980
41.543129 28.828791 2.286116 0.035710 0.028373 1.293202 773.460022
41.578846 29.034153 2.286085 0.007003 0.026080 1.303090 773.565002
41.616386 29.239834 2.286058 0.019985 0.025189 1.310977 773.669983
41.656647 29.445444 2.286036 0.028439 0.023109 1.317328 773.775024
41.700382 29.650591 2.286016 0.027826 0.021468 1.322428 773.880005
41.754383 29.884321 2.285999 0.018499 0.020294 1.327057 774.000000
41.806564 30.098087 2.285983 0.006428 0.019840 1.330418 774.109985
41.854717 30.292326 2.298784 -0.061689 0.017392 1.381434 774.210022
41.899059 30.487228 2.313829 -0.080469 0.019907 1.441460 774.309998
41.939701 30.692766 2.314332 -0.089272 0.021118 1.496033 774.414978
41.977753 30.928692 2.314820 -0.030436 0.024712 1.497582 774.534973
42.008465 31.145830 2.315193 -0.032227 0.024299 1.492489 774.645020
42.034389 31.353823 2.315496 -0.034658 0.022503 1.488587 774.750000
42.056835 31.562387 2.315752 -0.030000 0.021418 1.485467 774.854980
42.076363 31.771357 2.315969 -0.020022 0.020951 1.482958 774.960022
42.094021 31.980562 2.316152 -0.008585 0.020545 1.480959 775.065002
42.110214 32.179913 2.316300 0.001155 0.020147 1.479432 775.164978
42.127499 32.389175 2.316435 0.007299 0.020213 1.478108 775.270020
42.145752 32.598343 2.316548 0.010021 0.020762 1.477055 775.375000
42.165249 32.807426 2.316644 0.009316 0.019891 1.476203 775.479980
42.187904 33.036270 2.316734 0.005495 0.020182 1.475472 775.594971
42.208382 33.235168 2.289565 0.001640 0.020073 1.474955 775.695007
42.228893 33.444046 2.254475 -0.023029 0.019664 1.516362 775.799988
42.246819 33.653027 2.219594 -0.053846 0.021198 1.552325 775.905029
42.260197 33.852203 2.186607 -0.004274 0.021546 1.566798 776.005005
42.272743 34.051472 2.154198 0.008041 0.021431 1.557942 776.104980
42.285973 34.250813 2.122146 0.002083 0.021181 1.550789 776.205017
42.299419 34.450230 2.090499 -0.005277 0.021033 1.545020 776.304993
42.316929 34.679348 2.053988 0.073116 0.018497 1.431491 776.419983
42.343468 34.907005 2.018031 0.075673 0.021339 1.323294 776.534973
42.374844 35.101627 2.058378 0.116372 -0.106182 1.168778 776.635010
42.417221 35.298786 2.098436 0.131420 -0.103366 1.025555 776.744995
42.472378 35.491539 2.065751 0.130991 -0.034102 0.963095 776.864990
42.546288 35.682072 2.040363 0.134483 0.008567 0.898497 776.994995
42.649704 35.877506 2.006498 0.137669 0.024285 0.815760 777.140015
42.781364 36.060493 1.967373 0.140043 0.032345 0.642205 777.289978
42.925198 36.211697 1.934813 0.115634 0.035397 0.492457 777.429993
43.078506 36.341011 1.906277 0.089560 0.034522 0.365767 777.565002
43.242290 36.456848 1.908356 0.098409 0.036170 0.269223 777.700012
43.428402 36.564915 1.910164 0.068974 0.036657 0.197009 777.844971
43.616352 36.655582 1.878846 0.080887 0.035896 0.152497 777.984985
43.832779 36.739491 1.854692 0.049707 0.030118 0.139788 778.140015
44.026779 36.800606 1.838172 0.056614 0.024444 0.129342 778.275024
44.224499 36.851688 1.828929 0.044530 0.018626 0.144013 778.409973
44.424335 36.896847 1.798495 0.008691 0.012493 0.209265 778.544983
44.625088 36.938961 1.798187 0.027092 0.010953 0.216424 778.679993
44.822765 36.976364 1.799935 0.021146 0.164114 0.215457 778.809998
45.024513 37.012512 1.801277 0.001099 0.139638 0.214760 778.929993
45.224293 37.049103 1.802301 -0.012557 0.089803 0.214266 779.039978
45.422329 37.087376 1.803126 -0.018063 0.056527 0.213877 779.145020
45.623940 37.128727 1.803832 -0.017023 0.039553 0.213568 779.250000
45.827042 37.172569 1.790378 -0.011763 0.005077 0.213322 779.354980
46.027531 37.217400 1.771868 -0.003283 -0.067143 0.213124 779.460022
46.227459 37.262836 1.739127 0.003599 -0.136405 0.212971 779.570007
46.428288 37.308033 1.739127 -0.016809 -0.304343 0.343863 779.695007
46.624928 37.348347 1.739127 -0.054720 -0.228977 0.516640 779.859985
46.823696 37.380573 1.739127 -0.067426 -0.104312 0.804602 780.135010
47.023888 37.392708 1.739127 -0.013362 0.002888 1.804616 781.090027
46.945229 37.591846 1.739127 0.010116 0.236761 2.022496 782.034973
46.857441 37.774910 1.739127 0.055640 0.102826 1.961930 782.195007
46.777771 37.964966 1.739127 0.082734 0.050432 1.852566 782.340027
46.710506 38.160271 1.739127 0.036032 0.030675 1.831429 782.479980
46.644588 38.375713 1.739127 0.008427 0.019186 1.865243 782.630005
46.588482 38.569431 1.739127 0.029268 0.175336 1.863925 782.760010
46.534119 38.769001 1.739127 0.013661 0.133755 1.862597 782.880005
46.479874 38.975842 1.739127 0.072281 0.079367 1.791869 782.994995
46.433178 39.172882 1.739127 -0.014202 0.051696 1.815875 783.099976
46.384495 39.373192 1.739127 -0.009615 0.037632 1.812857 783.205017
46.324306 39.613766 1.739127 0.020332 0.026636 1.799113 783.330017
46.271103 39.836658 1.739127 0.023000 0.023540 1.765469 783.445007
46.226368 40.040928 1.739127 0.039959 -0.068511 1.731957 783.549988
46.185925 40.243587 1.739127 0.001964 -0.288319 1.847142 783.659973
46.148884 40.445683 1.739127 -0.047739 -0.292670 1.988505 783.794983
46.118042 40.646492 1.739127 -0.074397 -0.178483 2.192696 783.989990
46.098202 40.846638 1.739127 -0.062550 -0.055423 2.574900 784.354980
45.901352 40.791965 1.735109 0.050340 0.191618 -2.257485 800.039978
45.745533 40.660870 1.748990 -0.035042 0.094586 -2.084710 800.200012
45.601849 40.520565 1.768705 -0.141187 0.072251 -1.890902 800.344971
45.480911 40.358459 1.756344 -0.182486 0.085712 -1.664830 800.489990
45.395702 40.176849 1.756392 -0.129526 0.091825 -1.511645 800.635010
45.338303 39.965843 1.756433 -0.161289 0.080023 -1.402138 800.789978
45.317539 39.765770 1.756461 -0.118535 0.065999 -1.340768 800.929993
45.324070 39.538799 1.756487 -0.080071 0.045649 -1.295253 801.085022
45.349602 39.324051 1.756506 -0.042685 0.028437 -1.317036 801.229980
45.382553 39.123070 1.756520 -0.032059 0.018956 -1.332066 801.364990
45.421665 38.922146 1.756531 -0.018824 0.014447 -1.343461 801.500000
45.463882 38.724152 1.756535 0.003593 -0.166099 -1.440888 801.635010
45.509556 38.525398 1.756535 0.045544 -0.229840 -1.613665 801.799988
45.562168 38.331882 1.756535 0.065217 -0.118523 -1.885920 802.059998
45.632057 38.144436 1.756535 0.023331 -0.002496 -2.676507 802.815002
45.493603 38.294876 1.756535 -0.015085 0.318673 2.298462 804.700012
45.353596 38.450466 1.756535 0.001382 0.230660 2.376116 804.844971
45.212013 38.604023 1.756535 0.012856 0.126978 2.448279 804.965027
45.073257 38.756527 1.756535 0.057277 0.067996 2.431990 805.075012
44.920292 38.932545 1.756535 -0.033748 0.044748 2.446217 805.195007
44.762085 39.109173 1.778422 -0.041529 0.035372 2.448714 805.315002
44.597393 39.282639 1.783405 -0.057068 0.028055 2.438843 805.434998
44.455189 39.423428 1.781797 -0.019428 0.003713 2.400921 805.534973
44.297985 39.573288 1.780287 -0.133826 -0.134101 2.548831 805.645020
44.145336 39.702984 1.779004 -0.155563 -0.108277 2.660624 805.755005
43.962006 39.831493 1.777720 -0.141219 -0.033324 2.751181 805.890015
43.755692 39.943539 1.776568 -0.111572 0.002086 2.837035 806.039978
43.551090 40.029167 1.775684 -0.058858 0.012333 2.893447 806.184998
43.350430 40.100925 1.774999 -0.012413 0.012044 2.873868 806.325012
43.156040 40.167889 1.774466 -0.007022 0.011635 2.859791 806.460022
42.961193 40.233799 1.763591 -0.038086 0.010815 2.881472 806.594971
42.766216 40.292225 1.763731 -0.072817 0.172698 2.963229 806.724976
42.564007 40.339928 1.763837 -0.054103 0.130871 3.041138 806.844971
42.363850 40.378521 1.763918 -0.052381 0.083927 3.117123 806.955017
42.165302 40.409851 1.763984 -0.014481 0.057949 -3.125550 807.059998
41.962555 40.438702 1.764041 -0.004313 0.044066 -3.139510 807.164978
41.757141 40.466457 1.764088 -0.032194 0.035545 3.132548 807.270020
41.520256 40.493595 1.764134 -0.054343 0.028879 3.122504 807.390015
41.311852 40.509628 1.764168 -0.136448 0.027324 -3.082280 807.494995
41.103962 40.511871 1.764184 -0.073154 -0.070893 -3.085810 807.599976
40.873741 40.504757 1.764184 0.008923 -0.305346 3.066483 807.724976
40.671345 40.493965 1.764184 0.054438 -0.283086 2.919884 807.864990
40.469307 40.476276 1.764184 0.077583 -0.157501 2.699986 808.075012
40.271343 40.446732 1.764184 0.055090 -0.036379 2.260190 808.494995
40.141315 40.631607 1.764184 0.003669 0.319446 1.589610 811.445007
40.134861 40.836086 1.764184 -0.122148 0.249619 1.650597 811.594971
40.109917 41.046478 1.764184 -0.098995 0.147635 1.756291 811.719971
40.072174 41.246479 1.764184 -0.056330 0.084473 1.845574 811.830017
40.027878 41.443012 1.764184 -0.040660 0.052726 1.921364 811.934998
39.977539 41.641441 1.764184 -0.022995 0.039037 1.982358 812.039978
39.922245 41.840363 1.764184 -0.034753 0.035357 2.018712 812.145020
39.862381 42.039257 1.794295 -0.018543 0.031455 2.004010 812.250000
39.802227 42.228802 1.827616 -0.038017 0.029108 1.990418 812.349976
39.737637 42.417591 1.860891 -0.050190 0.025627 1.980420 812.450012
39.667854 42.604984 1.893288 -0.048311 0.021508 1.973330 812.549988
39.593285 42.790798 1.925264 -0.034741 0.019435 1.967917 812.650024
39.515244 42.975361 1.957642 -0.017194 0.018707 1.964594 812.750000
39.435444 43.159355 1.989359 0.000703 0.017555 1.962332 812.849976
39.355457 43.343323 2.020766 0.014331 0.017160 1.960480 812.950012
39.276466 43.527721 2.052622 0.022169 0.017619 1.958970 813.049988
39.199116 43.712845 2.084054 0.024342 0.016893 1.957760 813.150024
39.121826 43.908569 2.084689 0.062011 0.016702 1.884564 813.255005
39.053593 44.096661 2.082463 0.025939 0.019538 1.886229 813.354980
38.987534 44.285618 2.080574 0.019876 0.019484 1.887627 813.455017
38.922642 44.475086 2.078942 -0.041037 0.017747 1.933823 813.554993
38.854122 44.663082 2.077552 -0.070716 0.017713 2.028412 813.655029
38.774918 44.857021 2.076307 -0.080902 0.021480 2.120328 813.760010
38.687565 45.046688 2.075241 -0.037250 0.024959 2.162701 813.864990
38.594975 45.234043 2.074341 -0.075341 0.028050 2.182305 813.969971
38.495266 45.417938 2.073574 -0.049277 0.026762 2.209019 814.075012
38.368946 45.633224 2.072809 -0.036470 0.023952 2.189868 814.200012
38.263630 45.803604 2.100595 -0.035524 0.021518 2.178940 814.299988
38.154888 45.972286 2.134220 -0.028768 0.018387 2.174021 814.400024
38.043449 46.139446 2.166948 -0.018062 0.016612 2.170006 814.500000
37.931641 46.306366 2.199082 0.072268 0.013930 2.080369 814.599976
37.826874 46.474590 2.231194 0.131660 -0.121062 1.901112 814.700012
37.730289 46.651234 2.249270 0.173600 -0.096979 1.718155 814.809998
37.645458 46.848373 2.247816 0.193488 -0.014324 1.551203 814.940002
37.591839 47.047871 2.246582 0.189002 0.038049 1.398720 815.075012
37.572716 47.253445 2.245557 0.162825 0.056135 1.258885 815.215027
37.585861 47.457870 2.244724 0.096674 0.051721 1.192280 815.354980
37.623978 47.676491 2.244018 0.080813 0.038642 1.140658 815.505005
37.677353 47.878750 2.243490 0.073381 0.030162 1.088112 815.645020
37.751190 48.091602 2.243034 0.067574 0.024794 1.025940 815.794983
37.837345 48.292320 2.242687 0.068741 0.023562 0.955405 815.940002
37.944740 48.500053 2.242391 0.065771 0.021921 0.881993 816.094971
38.050339 48.674503 2.242186 0.063841 0.020809 0.819962 816.229980
38.165512 48.839256 2.242025 0.077561 0.181216 0.755457 816.359985
38.307842 49.011269 2.241895 0.073473 0.135199 0.681668 816.489990
38.447170 49.159245 2.241803 0.107984 0.018415 0.567408 816.599976
38.593155 49.296539 2.241724 0.156202 -0.083698 0.395064 816.710022
38.757069 49.426708 2.241651 0.178815 -0.024513 0.237143 816.835022
38.929470 49.531658 2.271919 0.187640 0.030656 0.092982 816.965027
39.115208 49.607777 2.287669 0.173286 0.055959 -0.040496 817.099976
39.314991 49.653389 2.287780 0.147890 0.058498 -0.164674 817.239990
39.519051 49.668869 2.287870 0.128890 0.053497 -0.293561 817.380005
39.730915 49.656593 2.287944 0.120537 0.050718 -0.433122 817.525024
39.932510 49.619259 2.288001 0.111870 0.048700 -0.560766 817.664978
40.128208 49.558331 2.288046 0.116194 0.049666 -0.697774 817.804993
40.314735 49.473984 2.288082 0.116486 0.051762 -0.827119 817.945007
40.507454 49.354656 2.288115 0.123679 0.052424 -0.969507 818.099976
40.666836 49.225655 2.288138 0.117182 0.049462 -1.077321 818.239990
40.809437 49.078205 2.288157 0.130032 0.054785 -1.194612 818.380005
40.945683 48.894978 2.288172 0.092554 0.045267 -1.235139 818.534973
41.049416 48.722610 2.288185 0.090559 0.035863 -1.283796 818.669983
41.138969 48.541130 2.288193 0.086217 0.029265 -1.339868 818.804993
41.214382 48.352692 2.288200 0.080363 0.025937 -1.400133 818.940002
41.276173 48.159046 2.288206 0.074682 0.024085 -1.462739 819.075012
41.325005 47.961609 2.288213 0.071297 0.023459 -1.527330 819.210022
41.361267 47.761429 2.288219 0.066946 0.022468 -1.591188 819.344971
41.383957 47.561100 2.288220 0.075715 0.180282 -1.652833 819.474976
41.391899 47.355190 2.288220 0.074223 0.137097 -1.720937 819.594971
41.389389 47.152489 2.288220 0.001008 0.088323 -1.717370 819.705017
41.384529 46.951347 2.288220 0.012063 0.059616 -1.706705 819.809998
41.377342 46.746029 2.288220 0.032159 0.042669 -1.698163 819.914978
41.364185 46.508984 2.288220 0.041202 0.031484 -1.690439 820.034973
41.347645 46.300770 2.288220 0.035310 0.025840 -1.685159 820.140015
41.327087 46.092400 2.288220 0.022918 0.023225 -1.680860 820.244995
41.303890 45.883957 2.288220 0.007572 0.021657 -1.677442 820.349976
41.279694 45.675465 2.288220 -0.004257 0.020235 -1.674669 820.455017
41.255848 45.466885 2.288220 -0.013950 0.020823 -1.672460 820.559998
41.233284 45.258133 2.288220 -0.017885 0.020330 -1.670686 820.664978
41.209606 45.019344 2.288220 -0.016061 0.020274 -1.669103 820.784973
41.188751 44.790318 2.288220 -0.011069 0.019727 -1.667913 820.900024
41.170753 44.581139 2.288220 -0.005253 0.020282 -1.667051 821.005005
41.153114 44.371895 2.288220 -0.000361 0.020319 -1.666356 821.109985
41.130161 44.102913 2.288220 0.003424 0.019672 -1.665628 821.244995
41.111710 43.893780 2.288220 0.004309 0.019955 -1.665212 821.349976
41.093040 43.684681 2.288220 -0.048421 0.019654 -1.620492 821.455017
41.077042 43.475468 2.288220 -0.052575 0.020606 -1.584493 821.565002
41.066307 43.266224 2.288220 -0.074913 0.021868 -1.494287 821.669983
41.063877 43.057411 2.288220 -0.081378 0.025583 -1.409620 821.775024
41.070045 42.849319 2.288220 -0.026228 0.028077 -1.384313 821.880005
41.081528 42.621250 2.288220 -0.029712 0.029043 -1.396074 821.994995
41.098484 42.403088 2.288220 -0.124203 0.030934 -1.323579 822.104980
41.126831 42.196529 2.288220 -0.110819 0.031829 -1.282159 822.210022
41.175652 41.953285 2.288220 -0.042815 0.028940 -1.262399 822.335022
41.223618 41.749889 2.288220 -0.055852 0.026857 -1.253522 822.440002
41.278221 41.547840 2.288220 -0.094113 0.026734 -1.170007 822.544983
41.342350 41.351463 2.288220 -0.126923 -0.119193 -1.004072 822.650024
41.415680 41.165470 2.300165 -0.161525 -0.097886 -0.833814 822.760010
41.515697 40.967194 2.319046 -0.142893 -0.012666 -0.719682 822.895020
41.635300 40.786327 2.353768 -0.136473 0.022685 -0.656747 823.034973
41.767956 40.630550 2.386146 -0.124512 0.029697 -0.597474 823.169983
41.921989 40.486153 2.419135 -0.070403 0.024795 -0.565576 823.309998
42.086456 40.352348 2.447846 -0.035506 0.016196 -0.588369 823.450012
42.268284 40.214302 2.459115 -0.021418 0.012195 -0.606416 823.599976
42.455036 40.082302 2.457735 -0.014295 0.010573 -0.559656 823.750000
42.625656 39.966972 2.456749 -0.030820 0.010672 -0.527494 823.885010
42.798691 39.855366 2.455943 -0.033933 0.010292 -0.453927 824.020020
42.974545 39.748993 2.455293 -0.016743 0.010269 -0.401573 824.155029
43.172554 39.635975 2.440916 -0.043913 0.014059 -0.339462 824.304993
43.354240 39.541531 2.435603 -0.054505 0.016675 -0.274955 824.440002
43.539845 39.456223 2.417714 -0.060345 0.019850 -0.214673 824.575012
43.729488 39.378456 2.384440 -0.005613 0.126565 -0.237621 824.710022
43.921291 39.304359 2.350736 -0.018962 0.165463 -0.254171 824.835022
44.108452 39.236671 2.319429 0.005898 0.103922 -0.290487 824.945007
44.296776 39.169884 2.287497 0.000595 0.062821 -0.335077 825.049988
44.489357 39.100307 2.254612 0.013700 0.039902 -0.417749 825.155029
44.683701 39.028431 2.221831 -0.027709 0.029976 -0.412086 825.260010
44.870239 38.961239 2.190301 -0.007188 -0.011452 -0.408195 825.359985
45.062668 38.891933 2.157663 0.057977 -0.072255 -0.451129 825.465027
45.253414 38.818951 2.130520 0.062051 -0.037287 -0.476060 825.575012
45.454296 38.730728 2.133490 0.158651 -0.070550 -0.695753 825.695007
45.656090 38.613571 2.136305 0.172267 -0.005336 -0.896673 825.840027
45.816811 38.486183 2.138412 0.156156 0.031333 -1.045629 825.974976
45.959641 38.335251 2.140170 0.144161 0.044661 -1.191911 826.114990
46.081001 38.167980 2.130745 0.088840 0.043325 -1.252786 826.255005
46.190701 37.982220 2.117459 0.088345 0.036033 -1.307149 826.400024
46.278290 37.800125 2.089752 0.090520 0.031863 -1.364980 826.534973
46.350964 37.610931 2.072910 0.086945 0.028628 -1.427465 826.669983
46.409004 37.416328 2.062884 0.047999 0.023755 -1.464845 826.804993
46.458435 37.210846 2.027209 0.044216 0.019691 -1.479757 826.945007
46.502747 36.988091 1.997785 0.031886 0.016671 -1.495191 827.094971
46.536163 36.780849 1.970416 -0.002231 0.170528 -1.498304 827.229980
46.566429 36.576031 1.947128 0.034434 0.135218 -1.508291 827.349976
46.593697 36.373692 1.918604 0.000753 0.084713 -1.505811 827.460022
46.619793 36.173084 1.906214 0.002476 0.056197 -1.497365 827.565002
46.645916 35.968578 1.897843 0.010225 0.037169 -1.490655 827.669983
46.670704 35.761986 1.900084 0.052518 0.029700 -1.521665 827.775024
46.694328 35.524345 1.902233 0.058149 0.025062 -1.545225 827.895020
46.710171 35.315701 1.903824 0.011090 0.023245 -1.558702 828.000000
46.724354 35.106712 1.905169 -0.002077 0.022265 -1.549180 828.104980
46.738712 34.897518 1.906317 -0.000462 0.020834 -1.541479 828.210022
46.753151 34.688236 1.907292 0.003490 0.020831 -1.535295 828.315002
46.768597 34.458977 1.908191 0.006214 0.020065 -1.529931 828.429993
46.783234 34.229675 1.908942 0.052977 0.019992 -1.557237 828.544983
46.792946 34.020252 1.909521 0.066381 0.020586 -1.599889 828.650024
46.797611 33.810848 1.910014 0.016696 0.022021 -1.604776 828.755005
46.800026 33.601345 1.910431 0.011285 0.022253 -1.600118 828.859985
46.801083 33.391670 1.910786 0.013302 0.021965 -1.596338 828.965027
46.800472 33.151913 1.911123 0.012835 0.021075 -1.593000 829.085022
46.798412 32.942108 1.911374 0.009622 0.020393 -1.590650 829.190002
46.795284 32.732304 1.911587 0.004769 0.020270 -1.588754 829.294983
46.791378 32.522514 1.911767 0.055189 0.019494 -1.629766 829.400024
46.783443 32.313034 1.911921 0.010357 0.020628 -1.649145 829.505005
46.773739 32.103630 1.912051 0.004994 0.020992 -1.647333 829.609985
46.763226 31.894184 1.912163 0.009882 0.021573 -1.645887 829.715027
46.751472 31.684673 1.912257 0.012648 0.021538 -1.644704 829.820007
46.738228 31.475164 1.912338 0.011920 0.020077 -1.643766 829.924988
46.722874 31.255785 1.917813 0.007880 0.019958 -1.642995 830.034973
46.707230 31.046457 1.955385 0.002682 0.020297 -1.642400 830.140015
46.691933 30.847126 1.989938 -0.001649 0.020668 -1.641923 830.239990
46.675915 30.637789 2.025700 -0.004869 0.020687 -1.641530 830.344971
46.661011 30.438364 2.058614 -0.006456 0.020346 -1.641225 830.445007
46.645897 30.228928 2.060745 -0.006635 0.019606 -1.640981 830.549988
46.634666 30.029533 2.097185 -0.101617 0.017766 -1.528360 830.650024
46.630684 29.830425 2.131965 -0.031584 0.023779 -1.529249 830.750000
46.630272 29.621212 2.133476 -0.027877 0.023369 -1.530168 830.854980
46.633442 29.411837 2.133223 -0.092665 0.021600 -1.477918 830.960022
46.645454 29.203114 2.133010 -0.048133 0.023690 -1.433698 831.065002
46.666313 28.995411 2.132829 -0.078965 0.025368 -1.349153 831.169983
46.695389 28.788820 2.132676 -0.034708 0.027033 -1.354692 831.275024
46.734043 28.552927 2.132527 -0.034147 0.024437 -1.357847 831.395020
46.772228 28.346840 2.132418 -0.031289 0.022655 -1.360032 831.500000
46.814083 28.141201 2.132327 -0.022396 0.020381 -1.361783 831.604980
46.860428 27.936493 2.132249 -0.029136 0.020185 -1.318201 831.710022
46.910435 27.732578 2.132181 -0.000303 0.020035 -1.321439 831.815002
46.958565 27.538376 2.132127 0.006855 0.019429 -1.323736 831.914978
47.006435 27.344027 2.132081 0.008699 0.019195 -1.325590 832.015015
47.063282 27.110582 2.132033 0.008255 0.018859 -1.327386 832.135010
47.110180 26.915922 2.131999 0.006584 0.019263 -1.328573 832.234985
47.156796 26.721186 2.131971 0.004962 0.018781 -1.329557 832.335022
47.205601 26.516705 2.131945 0.003253 0.018745 -1.330373 832.440002
47.253250 26.322340 2.131925 -0.024313 0.018360 -1.285043 832.539978
47.304169 26.120655 2.131905 0.088296 -0.125309 -1.450815 832.645020
47.346069 25.922808 2.131888 0.143507 -0.116331 -1.640344 832.755005
47.373249 25.716635 2.131871 0.150419 -0.032298 -1.799215 832.880005
47.379116 25.514591 2.131859 0.117995 0.013748 -1.849946 833.010010
47.364529 25.310589 2.131846 0.110759 0.027267 -1.906022 833.145020
47.328197 25.103271 2.145671 0.074000 0.026959 -1.953134 833.284973
47.272251 24.884211 2.166466 0.054213 0.021451 -1.967103 833.434998
47.210590 24.689463 2.195931 0.034232 0.016032 -1.991556 833.570007
47.144863 24.495665 2.194164 -0.050367 0.010891 -1.850728 833.705017
47.086681 24.299536 2.172022 -0.060860 0.062679 -1.747068 833.840027
47.040310 24.105839 2.150906 -0.010082 0.172087 -1.697549 833.965027
46.997730 23.907486 2.122631 0.003648 0.119862 -1.702878 834.080017
46.955006 23.705217 2.107692 -0.017815 0.075673 -1.706926 834.190002
46.915070 23.505424 2.082388 -0.033555 0.049045 -1.710016 834.294983
46.877998 23.301867 2.047246 -0.038031 0.034208 -1.712457 834.400024
46.838558 23.056870 2.042701 -0.075468 -0.022981 -1.661424 834.525024
46.814320 22.856781 2.043160 -0.146801 -0.130845 -1.458730 834.630005
46.804253 22.656322 2.043584 -0.164794 -0.069297 -1.291830 834.744995
46.814590 22.456453 2.043966 -0.170177 -0.002165 -1.135122 834.869995
46.852230 22.255318 2.044305 -0.155085 0.035378 -0.992368 835.005005
46.919312 22.059359 2.044588 -0.115407 0.045576 -0.875242 835.145020
47.019539 21.853125 2.044839 -0.083892 0.040160 -0.829252 835.299988
47.121708 21.678877 2.045013 -0.039387 0.028447 -0.849538 835.434998
47.231987 21.507090 2.045154 -0.004488 0.016829 -0.919256 835.570007
47.344879 21.335543 2.045268 0.007208 0.009681 -1.030443 835.705017
47.456917 21.163305 2.045359 0.018616 0.008578 -1.120855 835.840027
47.567131 20.990229 2.045434 0.030313 0.011451 -1.163877 835.974976
47.673279 20.814981 2.045495 0.014579 0.013502 -1.187574 836.109985
47.772133 20.636337 2.045543 0.033173 0.175579 -1.231199 836.239990
47.863327 20.448309 2.045581 0.024361 0.130126 -1.252553 836.359985
47.947891 20.261204 2.032190 0.027978 0.081673 -1.246526 836.469971
48.026745 20.074301 2.031879 0.071727 0.054327 -1.291612 836.575012
48.104382 19.862509 2.031594 0.084701 0.040755 -1.365755 836.690002
48.165310 19.664326 2.059257 0.065753 0.034835 -1.392702 836.794983
48.215675 19.472553 2.091817 0.066584 0.031000 -1.425783 836.895020
48.259888 19.278681 2.124008 0.037622 0.026761 -1.417344 836.994995
48.300678 19.083511 2.155957 0.030442 0.023612 -1.410497 837.094971
48.340698 18.877666 2.175768 0.022290 0.022127 -1.404672 837.200012
48.380436 18.661373 2.186159 0.012503 0.020676 -1.399824 837.309998
48.415558 18.464462 2.183970 0.004337 0.019755 -1.396268 837.409973
48.455830 18.237974 2.181843 -0.003173 0.019819 -1.393030 837.525024
48.494961 18.021423 2.180131 0.033863 0.018659 -1.417119 837.635010
48.528790 17.814390 2.178746 0.081837 0.019821 -1.517969 837.739990
48.556129 17.587090 2.177467 0.031619 0.023383 -1.574888 837.854980
48.575966 17.379160 2.176488 0.058299 0.025757 -1.608667 837.960022
48.591209 17.170752 2.175657 0.025585 0.025973 -1.598771 838.065002
48.603363 16.961824 2.174944 0.031008 0.024580 -1.590692 838.169983
48.612103 16.752476 2.174340 0.034422 0.023699 -1.584192 838.275024
48.617149 16.542824 2.173826 0.030007 0.022095 -1.578977 838.380005
48.619022 16.333021 2.173389 0.020261 0.017355 -1.574804 838.484985
48.618694 16.123655 2.173016 0.048561 0.017988 -1.597951 838.590027
48.613052 15.914855 2.172700 0.046519 0.022847 -1.672452 838.695007
48.601677 15.696283 2.172419 0.004252 0.023622 -1.668226 838.804993
48.589798 15.487358 2.172191 0.006506 0.022469 -1.664998 838.909973
48.576950 15.278251 2.172000 0.012838 0.022735 -1.662424 839.015015
48.561066 15.049118 2.171822 0.014704 0.020764 -1.660158 839.130005
48.543110 14.820065 2.171673 0.011522 0.020353 -1.658391 839.244995
48.525265 14.611028 2.171558 0.006153 0.020732 -1.657106 839.349976
48.506645 14.402199 2.171462 0.000169 -0.001792 -1.656076 839.455017
48.488110 14.196226 2.171378 -0.004217 0.000779 -1.655248 839.559998
48.467400 13.992590 2.171308 0.044767 0.035095 -1.739427 839.664978
48.442196 13.788150 2.171248 -0.001964 0.035246 -1.734556 839.770020
48.416313 13.582160 2.171197 0.002288 0.029861 -1.732187 839.875000
48.385723 13.345560 2.171148 0.011760 0.025454 -1.730050 839.994995
48.357246 13.138091 2.171112 0.014660 0.022975 -1.728559 840.099976
48.326904 12.930555 2.171081 0.013047 0.020822 -1.727376 840.205017
48.294903 12.723120 2.171055 0.008228 0.020419 -1.726434 840.309998
48.261257 12.515874 2.171032 0.066847 0.019038 -1.781553 840.414978
48.219543 12.289857 2.171013 0.016680 0.019551 -1.789960 840.530029
48.177544 12.084422 2.170998 0.056749 0.020255 -1.876207 840.635010
48.128380 11.870572 2.170983 -0.003839 0.021251 -1.864381 840.744995
48.080906 11.666340 2.170973 0.000352 0.021436 -1.857274 840.849976
48.032780 11.462023 2.170963 0.009697 0.021009 -1.851602 840.955017
47.985542 11.267629 2.170954 0.014611 0.019598 -1.847234 841.054993
47.936543 11.073641 2.170949 0.014516 0.019333 -1.843709 841.155029
47.885845 10.880068 2.170944 0.010417 0.019274 -1.840810 841.255005
47.833824 10.686795 2.170939 0.004866 0.018660 -1.838476 841.354980
47.781059 10.493707 2.170934 -0.001764 0.019458 -1.836584 841.455017
47.728134 10.300631 2.170929 -0.006826 0.018942 -1.835039 841.554993
47.675514 10.107445 2.170925 -0.009788 0.018835 -1.833776 841.655029
47.623466 9.914075 2.170924 -0.010437 0.019697 -1.832738 841.755005
47.572044 9.720489 2.170924 -0.010029 0.018450 -1.831926 841.854980
47.521191 9.526767 2.170924 -0.007809 0.018910 -1.831266 841.955017
47.470715 9.332947 2.170924 -0.005246 0.019667 -1.830728 842.054993
47.420361 9.139056 2.170924 -0.003474 0.018636 -1.830293 842.155029
47.369991 8.945187 2.170924 -0.001897 0.019386 -1.829942 842.255005
47.319462 8.751342 2.170924 -0.001309 0.018407 -1.829637 842.354980
47.268723 8.557591 2.170924 -0.001229 0.018627 -1.829397 842.455017
47.217762 8.363914 2.170924 -0.001568 0.019602 -1.829198 842.554993
47.166611 8.170250 2.170924 -0.002397 0.019096 -1.829046 842.655029
47.115353 7.976598 2.170924 -0.003270 0.018874 -1.828908 842.755005
47.064083 7.782958 2.170924 -0.003993 0.018371 -1.828832 842.854980
47.012836 7.589331 2.170924 -0.004225 0.019527 -1.828756 842.955017
46.961647 7.395653 2.170924 -0.004456 0.019084 -1.828679 843.054993
46.910652 7.201901 2.170924 -0.049008 0.018284 -1.798940 843.155029
46.862057 7.007622 2.170924 -0.032780 0.019065 -1.778024 843.255005
46.815544 6.812917 2.170924 -0.005463 0.019659 -1.771417 843.354980
46.769539 6.618096 2.170924 -0.005563 0.019697 -1.773275 843.455017
46.723839 6.423167 2.170924 -0.011682 0.019471 -1.774785 843.554993
46.678997 6.228024 2.170924 -0.016015 0.019594 -1.775987 843.655029
46.635384 6.032595 2.170924 -0.016867 0.019134 -1.776983 843.755005
46.593052 5.836899 2.170924 -0.014407 0.019628 -1.777799 843.854980
46.551777 5.640982 2.170924 -0.010347 0.019181 -1.778436 843.955017
46.511154 5.444935 2.170924 -0.005759 0.019640 -1.778978 844.054993
46.468479 5.249465 2.170924 0.081360 0.018369 -1.879739 844.155029
46.415455 5.046881 2.170924 0.086407 0.011927 -1.971830 844.260010
46.353874 4.849455 2.170924 0.086483 -0.040507 -2.056962 844.364990
46.282951 4.653760 2.170924 0.101509 -0.047616 -2.140306 844.474976
46.191219 4.443750 2.170924 0.120062 0.084491 -2.223787 844.599976
46.092945 4.262328 2.170924 0.125966 0.081835 -2.299116 844.710022
45.983219 4.093349 2.170924 0.124886 0.065189 -2.370214 844.815002
45.853340 3.923103 2.170924 0.116478 0.053010 -2.441793 844.924988
45.705482 3.751665 2.170924 0.041057 0.037979 -2.409330 845.039978
45.564808 3.597372 2.170924 0.041207 0.028789 -2.394933 845.145020
45.419880 3.445417 2.170924 0.039537 0.017184 -2.387735 845.250000
45.272491 3.297025 2.170924 0.030061 -0.049697 -2.381971 845.354980
45.127758 3.155781 2.170924 0.067258 -0.021943 -2.409212 845.460022
44.978394 3.019989 2.170924 0.109838 -0.104496 -2.590520 845.570007
44.800117 2.877613 2.170924 0.121972 -0.047297 -2.775525 845.705017
44.629951 2.763695 2.170924 0.133084 0.002937 -2.926969 845.835022
44.449490 2.666969 2.170924 0.091067 0.027241 -2.986291 845.969971
44.263256 2.587167 2.170924 0.103319 0.035583 -3.041166 846.104980
44.063515 2.523393 2.170924 0.105184 0.034746 -3.101949 846.244995
43.865814 2.480699 2.170924 0.095717 0.031205 3.125404 846.380005
43.627373 2.451639 2.170924 0.041287 0.024002 3.094608 846.539978
43.424068 2.437258 2.170924 0.028632 0.019345 3.110462 846.674988
43.219643 2.428149 2.170924 0.024329 0.015327 3.122387 846.809998
43.012314 2.423383 2.170924 0.016261 0.160647 3.131493 846.945007
42.809937 2.421744 2.170924 0.007603 0.148203 3.137665 847.065002
42.608528 2.421238 2.170924 -0.000385 0.094218 -3.141088 847.174988
42.378765 2.420572 2.170924 -0.007175 0.056669 -3.137277 847.294983
42.173172 2.419171 2.170924 -0.009864 0.039431 -3.134630 847.400024
41.965420 2.416695 2.170924 -0.009832 0.030108 -3.132497 847.505005
41.756584 2.413163 2.170924 -0.007521 0.025689 -3.130781 847.609985
41.547222 2.408820 2.170924 -0.003965 0.022811 -3.129442 847.715027
41.297649 2.403103 2.170924 0.000168 0.021465 -3.128164 847.840027
41.087875 2.398268 2.170924 0.002649 0.020978 -3.127290 847.945007
40.878071 2.393689 2.170924 0.003995 0.019776 -3.126623 848.049988
40.668266 2.389502 2.170924 0.004006 0.020959 -3.126089 848.155029
40.458462 2.385705 2.170924 0.003249 0.020612 -3.125638 848.260010
40.248657 2.382212 2.170924 0.002022 0.020177 -3.125268 848.364990
40.038853 2.378886 2.170924 0.000535 0.020696 -3.124986 848.469971
39.829002 2.375579 2.170924 -0.000412 0.020435 -3.124757 848.575012
39.619118 2.372189 2.170924 -0.000971 0.020642 -3.124597 848.679993
39.409233 2.368659 2.170924 -0.001054 0.020496 -3.124437 848.784973
39.199348 2.364982 2.170924 -0.000784 0.020605 -3.124326 848.890015
38.989464 2.361186 2.170924 -0.000313 0.020705 -3.124246 848.994995
38.779579 2.357319 2.170924 0.000155 0.019713 -3.124166 849.099976
38.569763 2.353435 2.170924 0.000569 0.020421 -3.124086 849.205017
38.359959 2.349574 2.170924 0.000818 0.020573 -3.124006 849.309998
38.150154 2.345763 2.170924 0.000901 0.020026 -3.124002 849.414978
37.940338 2.342008 2.170924 0.000800 0.020696 -3.124002 849.520020
37.730453 2.338300 2.170924 0.000644 0.020448 -3.124002 849.625000
37.510601 2.334448 2.170924 0.000442 0.020649 -3.124002 849.734985
37.300720 2.330783 2.170924 0.000290 0.020204 -3.124002 849.840027
37.090893 2.327110 2.170924 0.000176 0.020847 -3.124002 849.945007
36.881008 2.323418 2.170924 0.000146 0.020657 -3.124002 850.049988
36.671124 2.319705 2.170924 0.000175 0.020101 -3.124002 850.155029
36.461239 2.315974 2.170924 0.000234 0.020293 -3.124002 850.260010
36.251354 2.312230 2.170924 0.000311 0.019913 -3.124002 850.364990
36.041470 2.308458 2.170924 -0.025509 0.020314 -3.109159 850.469971
35.831894 2.301045 2.170924 -0.085579 0.020247 -3.005891 850.575012
35.623417 2.285044 2.170924 -0.023848 0.022433 -2.963323 850.679993
35.395466 2.263245 2.170924 -0.010536 0.023846 -2.969881 850.794983
35.187191 2.241568 2.170924 -0.022714 0.023317 -2.974676 850.900024
34.978962 2.217106 2.170924 -0.028845 0.022684 -2.978517 851.005005
34.770985 2.189268 2.170924 -0.026592 0.021564 -2.981599 851.109985
34.523804 2.152138 2.170924 -0.017176 0.020046 -2.984525 851.234985
34.306618 2.117015 2.170924 -0.005221 0.019831 -2.986528 851.344971
34.109291 2.084292 2.170924 0.004732 0.020160 -2.987985 851.445007
33.892128 2.048576 2.170924 0.011705 0.019732 -2.989274 851.554993
33.694561 2.017018 2.170924 0.014489 0.019096 -2.990240 851.655029
33.496853 1.986600 2.170924 0.023901 0.018771 -2.996454 851.755005
33.288956 1.958610 2.170924 0.041278 0.020374 -3.061494 851.859985
33.070755 1.934070 2.170924 0.015585 0.021480 -3.059804 851.969971
32.862167 1.912348 2.170924 0.014825 0.021316 -3.058484 852.075012
32.653320 1.892047 2.170924 0.014360 0.020990 -3.057432 852.179993
32.424362 1.871350 2.170924 0.011350 0.020427 -3.056531 852.294983
32.215164 1.853535 2.170924 0.007037 0.020117 -3.055868 852.400024
32.005920 1.836287 2.170924 0.002769 0.020110 -3.055341 852.505005
31.796637 1.819154 2.170924 -0.000793 0.020513 -3.054899 852.609985
31.597319 1.802604 2.170924 -0.002634 0.020511 -3.054586 852.710022
31.388256 1.783252 2.170924 -0.047224 0.019774 -2.990354 852.815002
31.159981 1.757251 2.170924 -0.003097 0.020435 -2.993715 852.929993
30.951632 1.732563 2.170924 -0.004130 0.021085 -2.996118 853.034973
30.733370 1.705875 2.170924 -0.007891 0.020401 -2.998159 853.145020
30.525131 1.679261 2.170924 -0.009046 0.019966 -2.999731 853.250000
30.317028 1.651450 2.170924 -0.007162 0.020473 -3.000970 853.354980
30.109016 1.622643 2.170924 0.005829 0.019357 -3.007429 853.460022
29.900915 1.596010 2.170924 0.031312 0.019759 -3.072637 853.565002
29.692575 1.572933 2.170924 0.014228 0.021965 -3.071145 853.669983
29.483938 1.551393 2.170924 0.018081 0.021169 -3.069932 853.775024
29.275049 1.531672 2.170924 0.021015 0.021083 -3.068956 853.880005
29.065897 1.514016 2.170924 0.019124 0.020745 -3.068162 853.984985
28.836605 1.496779 2.170924 0.013088 0.020242 -3.067487 854.099976
28.627142 1.482348 2.170924 0.006327 0.020685 -3.066991 854.205017
28.417618 1.468425 2.170924 0.000326 0.020023 -3.066591 854.309998
28.208122 1.454380 2.170924 -0.003882 0.020358 -3.066259 854.414978
27.968723 1.437612 2.170924 -0.005870 0.020364 -3.065984 854.534973
27.759300 1.422119 2.170924 -0.005214 0.019918 -3.065797 854.640015
27.549953 1.405934 2.170924 -0.003193 0.020213 -3.065637 854.744995
27.340656 1.389270 2.170924 -0.000754 0.019897 -3.065477 854.849976
27.131378 1.372401 2.170924 0.001572 0.019628 -3.065397 854.955017
26.922134 1.355569 2.170924 0.003280 0.020400 -3.065317 855.059998
26.712851 1.338932 2.170924 0.004011 0.020625 -3.065236 855.164978
26.503498 1.322565 2.170924 0.003939 0.020620 -3.065156 855.270020
26.304066 1.307222 2.170924 0.003387 0.020373 -3.065122 855.369995
26.104612 1.292059 2.170924 0.002525 0.020337 -3.065122 855.469971
25.905149 1.276997 2.170924 0.001716 0.019957 -3.065122 855.570007
25.695744 1.261209 2.170924 0.000945 0.020566 -3.065122 855.674988
25.496290 1.246126 2.170924 0.000609 0.019860 -3.065122 855.775024
25.286915 1.230205 2.170924 0.000463 0.020193 -3.065122 855.880005
25.077551 1.214183 2.170924 0.000603 0.020110 -3.065122 855.984985
24.868174 1.198071 2.170924 0.000896 0.020302 -3.065122 856.090027
24.668741 1.182671 2.170924 0.001214 0.020323 -3.065122 856.190002
24.469299 1.167249 2.170924 0.001507 0.020198 -3.065122 856.289978
24.269871 1.151836 2.170924 0.001739 0.019600 -3.065122 856.390015
24.050537 1.134919 2.170924 0.001770 0.020465 -3.065122 856.500000
23.851120 1.119573 2.170924 0.001742 0.020454 -3.065122 856.599976
23.651688 1.104255 2.170924 0.001664 0.020344 -3.065122 856.700012
23.452250 1.088959 2.170924 0.001576 0.019983 -3.065122 856.799988
23.252817 1.073676 2.170924 0.001483 0.019833 -3.065122 856.900024
23.053396 1.058399 2.170924 0.001353 0.020494 -3.065122 857.000000
22.853943 1.043110 2.170924 0.001342 0.019965 -3.065122 857.099976
22.644533 1.027048 2.170924 0.001316 0.020216 -3.065122 857.205017
22.435129 1.010975 2.170924 0.001312 0.020562 -3.065122 857.309998
22.235697 0.995656 2.170924 0.001353 0.020192 -3.065122 857.409973
22.036264 0.980329 2.170924 0.001365 0.020489 -3.065122 857.510010
21.836832 0.964999 2.170924 0.001478 0.019780 -3.065122 857.609985
21.627468 0.948908 2.170924 0.001451 0.020581 -3.065122 857.715027
21.428041 0.933585 2.170924 0.001454 0.020593 -3.065122 857.815002
21.218637 0.917499 2.170924 0.001479 0.020155 -3.065122 857.919983
20.969347 0.898356 2.170924 0.001423 0.020618 -3.065122 858.044983
20.749937 0.881507 2.170924 0.001442 0.020100 -3.065122 858.155029
20.550467 0.866189 2.170924 0.001394 0.020593 -3.065122 858.255005
20.350998 0.850871 2.170924 0.001498 0.019449 -3.065122 858.354980
20.151577 0.835560 2.170924 0.001501 0.019459 -3.065122 858.455017
19.942240 0.819491 2.170924 0.001410 0.020482 -3.065122 858.559998
19.732876 0.803419 2.170924 0.001415 0.020179 -3.065122 858.664978
19.523512 0.787345 2.170924 0.001390 0.020488 -3.065122 858.770020
19.314148 0.771268 2.170924 0.001400 0.020184 -3.065122 858.875000
19.074890 0.752893 2.170924 0.001440 0.020121 -3.065122 858.994995
18.865543 0.736815 2.170924 0.001404 0.020524 -3.065122 859.099976
18.656179 0.720735 2.170924 0.001458 0.020133 -3.065122 859.205017
18.446815 0.704656 2.170924 0.001452 0.019931 -3.065122 859.309998
18.237442 0.690757 2.170924 0.084389 0.019054 3.120079 859.414978
18.028229 0.683656 2.170924 0.009465 0.021632 3.112423 859.520020
17.798969 0.677701 2.170924 0.001567 0.022493 3.119923 859.635010
17.589411 0.672611 2.170924 0.007167 0.021672 3.125370 859.739990
17.379725 0.668356 2.170924 0.011582 0.021076 3.129719 859.844971
17.169977 0.665359 2.170924 0.012541 0.020797 3.133232 859.950012
16.960165 0.663681 2.170924 0.009870 0.021280 3.136047 860.054993
16.750319 0.663053 2.170924 0.006102 0.020476 3.138286 860.159973
16.540445 0.663048 2.170924 0.001536 0.021025 3.140118 860.265015
16.330521 0.663198 2.170924 -0.001825 0.019928 3.141579 860.369995
16.100643 0.663113 2.170924 -0.004194 0.020819 -3.140352 860.484985
15.880728 0.662535 2.170924 -0.004591 0.020610 -3.139383 860.594971
15.660816 0.661415 2.170924 -0.003792 0.019682 -3.138601 860.705017
15.450956 0.659928 2.170924 -0.002201 0.020081 -3.137994 860.809998
15.241112 0.658202 2.170924 -0.000448 0.020703 -3.137525 860.914978
15.031247 0.656418 2.170924 0.000919 0.020832 -3.137166 861.020020
14.791363 0.654492 2.170924 0.001747 0.019903 -3.136819 861.140015
14.561527 0.652859 2.170924 0.001887 0.019719 -3.136556 861.255005
14.351725 0.651564 2.170924 0.001568 0.020040 -3.136388 861.359985
14.141940 0.650417 2.170924 0.000959 0.020039 -3.136228 861.465027
13.932151 0.649353 2.170924 0.000255 0.020807 -3.136140 861.570007
13.722346 0.648304 2.170924 -0.000235 0.020659 -3.136060 861.674988
13.512529 0.647216 2.170924 -0.000501 0.020671 -3.135980 861.780029
13.282678 0.645950 2.170924 -0.000541 0.020765 -3.135892 861.895020
13.062793 0.644660 2.170924 -0.000404 0.019797 -3.135831 862.005005
12.852951 0.643372 2.170924 -0.000167 0.020532 -3.135831 862.109985
12.623109 0.641928 2.170924 0.000087 0.020666 -3.135831 862.224976
12.383226 0.640417 2.170924 0.000272 0.020717 -3.135831 862.344971
12.173302 0.639112 2.170924 0.000353 0.020666 -3.135831 862.450012
11.963460 0.639656 2.170924 0.079312 0.019198 3.057053 862.554993
11.754386 0.648211 2.170924 0.038410 0.022212 2.996281 862.659973
11.545732 0.661550 2.170924 0.001816 0.023230 3.005104 862.765015
11.336837 0.675746 2.170924 0.008468 0.022807 3.012249 862.869995
11.127816 0.691169 2.170924 0.016305 0.022146 3.018021 862.974976
10.918808 0.708593 2.170924 0.019434 0.021169 3.022701 863.080017
10.709903 0.728281 2.170924 0.016144 0.021176 3.026359 863.184998
10.501120 0.749905 2.170924 0.010238 0.020023 3.029346 863.289978
10.292481 0.772810 2.170924 0.002324 0.020496 3.031746 863.395020
10.083875 0.796179 2.170924 -0.004224 0.020461 3.033684 863.500000
9.875207 0.819305 2.170924 -0.008426 0.020929 3.035221 863.604980
9.666417 0.841744 2.170924 -0.009965 0.019929 3.036476 863.710022
9.437642 0.865350 2.170924 -0.008870 0.020083 3.037556 863.825012
9.208769 0.888082 2.170924 -0.006221 0.020373 3.038395 863.940002
8.999732 0.908354 2.170924 -0.003581 0.019743 3.039005 864.044983
8.780760 0.929407 2.170924 -0.001075 0.019842 3.039513 864.155029
8.571766 0.949591 2.170924 0.000448 0.019963 3.039909 864.260010
8.362867 0.970439 2.170924 0.062934 0.019222 2.990574 864.364990
8.155007 0.997274 2.170924 0.028873 0.020830 2.934734 864.469971
7.947807 1.028083 2.170924 -0.000880 0.022343 2.941818 864.575012
7.740457 1.059398 2.170924 0.001565 0.021204 2.947510 864.679993
7.533048 1.091323 2.170924 0.007753 0.021269 2.952110 864.784973
7.325697 1.124438 2.170924 0.010433 0.020582 2.955818 864.890015
7.118482 1.158985 2.170924 0.009249 0.020395 2.958755 864.994995
6.901585 1.196566 2.170924 0.005565 0.019631 2.961258 865.104980
6.704551 1.231591 2.170924 0.001036 0.020034 2.963074 865.205017
6.507569 1.266990 2.170924 -0.003156 0.019309 2.964535 865.304993
6.310598 1.302360 2.170924 -0.006141 0.019932 2.965713 865.405029
6.113564 1.337414 2.150943 -0.007637 0.019996 2.966671 865.505005
5.916444 1.372008 2.116319 -0.007784 0.019421 2.967453 865.604980
5.719266 1.406129 2.082355 -0.006664 0.020055 2.968098 865.705017
5.522027 1.439883 2.049337 -0.005131 0.019715 2.968609 865.804993
5.324692 1.472010 2.002460 -0.030557 -0.006023 3.016891 865.905029
5.129926 1.501069 1.938128 -0.006969 -0.066985 3.014866 866.005005
4.934327 1.528545 1.873675 -0.059059 -0.113878 3.101196 866.109985
4.744263 1.551244 1.810968 -0.027704 -0.137210 3.104340 866.219971
4.542751 1.572355 1.768664 -0.052456 -0.145530 -3.123407 866.349976
4.342428 1.586851 1.739032 -0.046532 -0.135350 -3.064145 866.500000
4.144429 1.593172 1.686798 -0.037352 -0.118630 -3.043928 866.679993
3.948915 1.590015 1.633355 -0.018171 -0.084662 -3.000089 866.909973
3.743501 1.578872 1.622782 -0.007705 -0.054863 -2.998819 867.239990
3.543875 1.562517 1.612815 -0.004296 -0.045169 -2.995836 867.750000
