3.697610 1.469093 1.000000 -0.019637 0.319018 -0.140399 0.000000
3.898773 1.446299 1.000000 -0.016136 0.259234 -0.058994 0.150000
4.099681 1.423957 1.000000 0.030297 0.149840 -0.047779 0.270000
4.300570 1.397420 1.000000 -0.003677 0.088992 -0.020833 0.380000
4.500238 1.372054 1.000000 -0.001580 0.057808 0.014803 0.485000
4.704088 1.347913 1.000000 -0.008458 0.042330 0.003904 0.590000
4.910387 1.325008 1.000000 -0.032433 0.033638 -0.004949 0.695000
5.118180 1.305766 1.000000 -0.048638 0.028630 -0.011932 0.800000
5.326934 1.291653 1.000000 -0.049059 0.024634 -0.017575 0.905000
5.536258 1.282603 1.000000 -0.036561 0.022516 -0.022084 1.010000
5.745880 1.277355 1.000000 -0.019821 0.020739 -0.025699 1.115000
5.975615 1.273826 1.000000 -0.001294 0.021015 -0.028873 1.230000
6.185438 1.270730 1.000000 0.010905 0.020695 -0.031174 1.335000
6.395248 1.266419 1.000000 0.017076 0.020646 -0.033024 1.440000
6.634999 1.259190 1.000000 0.017026 0.020615 -0.034698 1.560000
6.854739 1.250423 1.000000 0.012551 0.020260 -0.035907 1.670000
7.064436 1.240622 1.000000 0.006388 0.019670 -0.036831 1.775000
7.274069 1.230221 1.000000 -0.044774 0.019553 -0.008096 1.880000
7.483564 1.224330 1.000000 -0.040179 0.020418 0.058402 1.985000
7.692898 1.223171 1.000000 -0.009481 0.023282 0.052833 2.090000
7.902434 1.223413 1.000000 -0.013531 0.022240 0.048399 2.195000
8.112115 1.225269 1.000000 -0.018247 0.021783 0.044796 2.300000
8.321861 1.229171 1.000000 -0.018234 0.021685 0.041888 2.405000
8.531643 1.235090 1.000000 -0.014159 0.020593 0.039566 2.505000
8.751390 1.242957 1.000000 -0.007047 0.020502 0.037622 2.615000
8.971128 1.251727 1.000000 0.000033 0.020655 0.036076 2.725000
9.180893 1.260191 1.000000 0.004903 0.020213 0.034900 2.830000
9.390643 1.268209 1.000000 0.007543 0.020138 0.033956 2.935000
9.600412 1.275503 1.000000 0.007811 0.020667 0.033195 3.040000
9.830176 1.283550 1.000000 -0.032535 0.019919 0.082369 3.155000
10.039760 1.293507 1.000000 0.001858 0.020627 0.079222 3.260000
10.249370 1.303660 1.000000 -0.000206 0.020358 0.076517 3.365000
10.459002 1.314057 1.000000 -0.005988 0.020496 0.074334 3.470000
10.668614 1.325269 1.000000 -0.009422 0.020824 0.072577 3.575000
10.888193 1.338249 1.000000 -0.009586 0.020142 0.071112 3.685000
11.097721 1.351807 1.000000 -0.007024 0.020248 0.069995 3.790000
11.307191 1.366230 1.000000 -0.003378 0.019877 0.069095 3.895000
11.516611 1.381120 1.000000 0.000606 0.019974 0.068374 4.000000
11.726035 1.396076 1.000000 0.003510 0.020234 0.067791 4.105000
11.935496 1.410789 1.000000 0.005095 0.020691 0.067326 4.210000
12.145007 1.425095 1.000000 0.005415 0.019781 0.066949 4.315000
12.384422 1.440910 1.000000 0.004411 0.020084 0.066611 4.435000
12.593919 1.454386 1.000000 0.002894 0.020631 0.066377 4.540000
12.803463 1.467689 1.000000 0.001591 0.020479 0.066189 4.645000
13.003070 1.480335 1.000000 0.000524 0.020422 0.066047 4.745000
13.202672 1.493053 1.000000 -0.000086 0.020300 0.065932 4.845000
13.442174 1.508488 1.000000 -0.000242 0.020075 0.065822 4.965000
13.651716 1.522160 1.000000 0.000044 0.019740 0.065746 5.070000
13.881176 1.537274 1.000000 0.000565 0.020565 0.065680 5.185000
14.090697 1.551151 1.000000 0.001052 0.020268 0.065631 5.290000
14.300229 1.565046 1.000000 0.001446 0.020740 0.065591 5.395000
14.499833 1.578262 1.000000 0.001732 0.020038 0.065562 5.495000
14.699443 1.591434 1.000000 0.001820 0.019853 0.065537 5.595000
14.899028 1.604549 1.000000 0.001737 0.020073 0.065517 5.695000
15.098617 1.617543 1.000000 0.040608 0.020242 0.040758 5.795000
15.308237 1.626905 1.000000 0.080704 0.021499 -0.053418 5.900000
15.517517 1.627587 1.000000 0.081168 0.024085 -0.142500 6.005000
15.755629 1.617276 1.000000 0.086194 0.028277 -0.237239 6.125000
15.962902 1.599352 1.000000 0.021161 0.029377 -0.241737 6.230000
16.170347 1.577823 1.000000 0.029457 0.029116 -0.229987 6.335000
16.377924 1.552428 1.000000 0.044585 0.027578 -0.220506 6.440000
16.585169 1.521791 1.000000 0.047533 0.024654 -0.212916 6.545000
16.801601 1.483903 1.000000 0.037490 0.022018 -0.206558 6.655000
17.017349 1.441326 1.000000 0.019603 0.020751 -0.201496 6.765000
17.213165 1.400317 1.000000 0.002747 0.020191 -0.197802 6.865000
17.408960 1.358789 1.000000 -0.010933 0.019654 -0.194824 6.965000
17.604944 1.318031 1.000000 -0.019156 0.019287 -0.192402 7.065000
17.801222 1.278807 1.000000 -0.021734 0.019353 -0.190425 7.165000
17.997831 1.241344 1.000000 -0.019450 0.019584 -0.188838 7.265000
18.194721 1.205432 1.000000 -0.014858 0.019118 -0.187540 7.365000
18.411503 1.167179 1.000000 -0.008252 0.019459 -0.186381 7.475000
18.608646 1.132922 1.000000 -0.002585 0.019469 -0.185536 7.575000
18.805748 1.098603 1.000000 0.001990 0.020008 -0.184863 7.675000
19.002777 1.063808 1.000000 0.003868 0.019571 -0.184311 7.775000
19.209084 1.027343 1.000000 -0.072106 -0.080556 -0.078131 7.880000
19.414532 0.997486 1.000000 -0.122175 -0.125525 0.107069 7.990000
19.619114 0.980106 1.000000 -0.123858 -0.053716 0.247569 8.110000
19.825756 0.978541 1.000000 -0.105289 -0.002145 0.299454 8.240000
20.032108 0.994690 1.000000 -0.082492 0.018244 0.337801 8.375000
20.234413 1.025917 1.000000 -0.055476 0.019713 0.317235 8.510000
20.434898 1.067620 1.000000 -0.045468 0.017047 0.301775 8.645000
20.633791 1.117748 1.000000 -0.031357 0.012293 0.290007 8.780000
20.845926 1.177729 1.000000 -0.008343 0.011700 0.280579 8.925000
21.050388 1.237796 1.000000 0.007551 0.052173 0.273792 9.065000
21.250624 1.295564 1.000000 0.016174 0.168139 0.269049 9.195000
21.447275 1.350132 1.000000 0.018548 0.114584 0.265819 9.310000
21.647472 1.403704 1.000000 0.016946 0.072147 0.263363 9.420000
21.844898 1.455007 1.000000 0.013213 0.046206 0.261487 9.525000
22.045572 1.506116 1.000000 0.008319 0.032550 0.259994 9.630000
22.248154 1.555756 1.000000 0.018886 0.025488 0.221622 9.735000
22.481516 1.607716 1.000000 0.043217 0.022655 0.137951 9.855000
22.706331 1.653014 1.000000 -0.004824 0.021706 0.145088 9.970000
22.911816 1.694781 1.000000 0.003013 0.021048 0.150283 10.075000
23.117510 1.736403 1.000000 0.014762 0.021020 0.154483 10.180000
23.323647 1.776267 1.000000 0.083598 0.021219 0.109936 10.285000
23.530745 1.808353 1.000000 0.052379 0.023275 0.054505 10.390000
23.738588 1.832618 1.000000 0.032972 0.023432 0.016340 10.495000
23.946903 1.852839 1.000000 0.012647 0.024037 0.026004 10.600000
24.155651 1.871569 1.000000 0.015992 0.022951 0.033752 10.705000
24.394640 1.889658 1.000000 0.048638 0.022518 -0.003662 10.825000
24.613979 1.899184 1.000000 0.085360 0.024485 -0.072172 10.935000
24.823299 1.900702 1.000000 0.005084 0.022476 -0.076944 11.040000
25.032671 1.899203 1.000000 0.001222 0.022314 -0.093103 11.145000
25.261896 1.893657 1.000000 0.048376 0.024119 -0.162327 11.260000
25.490435 1.880367 1.000000 0.046592 0.025141 -0.211136 11.375000
25.698484 1.862137 1.000000 0.083784 0.028415 -0.240897 11.480000
25.905535 1.835992 1.000000 0.045934 0.028506 -0.255783 11.585000
26.111715 1.802660 1.000000 0.110971 0.029819 -0.312773 11.690000
26.315357 1.757768 1.000000 0.072187 0.030176 -0.363857 11.795000
26.516962 1.703832 1.000000 0.093326 0.030438 -0.399800 11.900000
26.734852 1.634124 1.000000 0.036886 0.026919 -0.431181 12.015000
26.932379 1.564750 1.000000 0.016407 0.024206 -0.419261 12.120000
27.129547 1.492763 1.000000 0.056887 0.021456 -0.436189 12.225000
27.325003 1.415965 1.000000 0.032830 0.021884 -0.447743 12.330000
27.509928 1.339274 1.000000 -0.031098 0.017501 -0.394140 12.430000
27.695066 1.262852 1.000000 0.012441 0.017895 -0.380073 12.530000
27.879816 1.185297 1.000000 0.006551 0.018214 -0.378265 12.630000
28.064304 1.106851 1.000000 -0.008163 0.017965 -0.376795 12.730000
28.248808 1.028344 0.986176 0.062522 0.014906 -0.446306 12.830000
28.436979 0.942339 0.986489 0.033309 -0.132619 -0.540050 12.935000
28.634115 0.848413 0.986789 0.006858 -0.107395 -0.521019 13.055000
28.815950 0.761275 0.987041 0.009649 -0.057642 -0.513714 13.175000
29.003017 0.670676 0.987263 -0.025573 -0.020679 -0.447003 13.305000
29.186146 0.584059 0.987446 0.015401 -0.004840 -0.423214 13.435000
29.366474 0.497378 0.987596 -0.011561 0.002710 -0.378722 13.565000
29.552937 0.408699 0.987723 -0.018043 0.007440 -0.356993 13.700000
29.739887 0.322525 0.987825 -0.018258 0.011051 -0.340947 13.835000
29.926346 0.243600 0.987905 -0.091388 0.172419 -0.260832 13.965000
30.121325 0.177499 0.987967 -0.076076 0.138073 -0.177729 14.085000
30.316317 0.121443 0.988014 -0.058050 0.089755 -0.146794 14.195000
30.511164 0.072142 0.988052 -0.025746 0.060411 -0.115801 14.300000
30.710932 0.025737 0.988084 -0.023933 0.043586 -0.124175 14.405000
30.923397 -0.020401 0.988113 -0.039860 0.033000 -0.131149 14.515000
31.138092 -0.062334 0.988137 -0.044670 0.026855 -0.136732 14.625000
31.354338 -0.099469 0.988157 -0.037941 0.023233 -0.141178 14.735000
31.561691 -0.131079 0.988174 -0.025568 0.021507 -0.144609 14.840000
31.769547 -0.160288 0.988188 -0.010181 0.020934 -0.147329 14.945000
31.977602 -0.188714 0.988200 0.002309 0.020807 -0.149524 15.050000
32.205433 -0.220501 0.988211 0.010708 0.020020 -0.151430 15.165000
32.403355 -0.249484 0.988219 0.013239 0.019845 -0.152754 15.265000
32.601044 -0.279967 0.988226 0.011520 0.019936 -0.153819 15.365000
32.798538 -0.311786 0.988232 0.007453 0.019748 -0.154690 15.465000
33.015621 -0.347774 0.988238 -0.037477 0.019599 -0.130869 15.575000
33.223145 -0.379635 0.988242 -0.060345 0.021557 -0.080092 15.680000
33.431114 -0.407427 0.988246 -0.038915 0.020690 -0.047808 15.785000
33.639309 -0.432353 0.988249 -0.036071 0.022071 -0.022489 15.890000
33.847702 -0.455180 0.988251 -0.027434 0.022237 -0.017703 15.995000
34.056297 -0.475034 0.988254 -0.014666 0.021677 0.009831 16.100000
34.265060 -0.492706 0.988256 -0.005452 0.022272 -0.002337 16.205000
34.474037 -0.509637 0.988258 -0.013612 0.022368 -0.012170 16.309999
34.713192 -0.527154 0.988259 -0.019631 0.022075 -0.021068 16.430000
34.932678 -0.540856 0.988260 -0.045182 0.020903 -0.013435 16.540001
35.162174 -0.548424 0.988262 -0.064997 0.022701 0.069464 16.655001
35.401474 -0.548309 0.988263 -0.003497 0.021850 0.058229 16.775000
35.611019 -0.547220 0.988263 -0.001920 0.022369 0.050371 16.879999
35.820747 -0.545749 0.988263 -0.005066 0.022046 0.044054 16.985001
36.030609 -0.543610 0.988263 -0.007080 0.021231 0.039005 17.090000
36.240570 -0.540636 0.988263 -0.006817 0.020837 0.034930 17.195000
36.450535 -0.536871 0.988263 -0.005035 0.020487 0.031646 17.299999
36.650501 -0.532733 0.988263 -0.002486 0.020180 0.029128 17.400000
36.860416 -0.528080 0.988263 0.000112 0.020000 0.026990 17.504999
37.090290 -0.522950 0.988263 0.002349 0.020492 0.025146 17.620001
37.290249 -0.518671 0.988263 0.003208 0.020271 0.023851 17.719999
37.500214 -0.514461 0.988263 0.003253 0.020157 0.022751 17.825001
37.700180 -0.510728 0.988263 0.002639 0.020711 0.021905 17.924999
37.910145 -0.507035 0.988263 0.001723 0.020573 0.021187 18.030001
38.120110 -0.503480 0.988263 0.000761 0.020565 0.020609 18.135000
38.330074 -0.499963 0.988263 0.000062 0.019827 0.020139 18.240000
38.540039 -0.496406 0.988263 -0.000469 0.019736 0.019764 18.344999
38.759949 -0.492580 0.988263 -0.000658 0.019886 0.019452 18.455000
38.979828 -0.488634 0.988263 -0.000508 0.020535 0.019205 18.565001
39.189713 -0.484770 0.988263 -0.000197 0.020507 0.019017 18.670000
39.399597 -0.480847 0.988263 0.000160 0.020733 0.018866 18.775000
39.609482 -0.476902 0.988263 0.000459 0.020530 0.018743 18.879999
39.819408 -0.472967 0.988263 0.000675 0.020292 0.018645 18.985001
40.029316 -0.469064 0.988263 0.000750 0.020499 0.018566 19.090000
40.239201 -0.465202 0.988263 0.000721 0.020373 0.018503 19.195000
40.449085 -0.461377 0.988263 0.000623 0.020176 0.018452 19.299999
40.658966 -0.457580 0.988263 0.000485 0.020109 0.018412 19.405001
40.868824 -0.453794 0.988263 0.000356 0.020171 0.018379 19.510000
41.078709 -0.450006 0.988263 0.000264 0.020361 0.018353 19.615000
41.298553 -0.446026 0.988263 0.000238 0.019483 0.018331 19.725000
41.508144 -0.442218 0.988263 0.000076 -0.049544 0.018319 19.830000
41.708191 -0.438410 0.988263 0.017202 -0.259544 -0.086401 19.934999
41.913410 -0.432727 0.988263 0.053289 -0.307048 -0.222536 20.065001
42.125843 -0.420917 0.988263 0.080333 -0.186703 -0.426740 20.260000
42.325928 -0.399201 0.988263 0.067780 -0.061249 -0.782787 20.600000
42.129307 -0.466056 0.988263 0.015735 0.276680 -2.943505 23.184999
41.928623 -0.514887 0.988263 0.004072 0.157003 -3.015926 23.309999
41.733334 -0.559597 0.988263 0.019945 0.090768 -3.089165 23.420000
41.528934 -0.602145 0.988263 0.052656 0.062459 3.118961 23.530001
41.328945 -0.636617 0.988263 0.093679 0.055029 3.046314 23.635000
41.125881 -0.661950 0.988263 0.118493 0.052780 3.001028 23.740000
40.891117 -0.677971 0.988263 0.086687 0.048224 3.012708 23.860001
40.673943 -0.680921 0.988263 0.101419 0.039052 3.021419 23.969999
40.465897 -0.672275 0.988263 0.093171 0.030572 3.028116 24.075001
40.257874 -0.653492 0.988263 0.067360 0.024737 3.033504 24.180000
40.050106 -0.627582 0.988263 0.028047 0.022725 3.037755 24.285000
39.842358 -0.598610 0.988263 -0.004434 0.021563 3.041144 24.389999
39.634392 -0.569970 0.988263 -0.024677 0.020657 3.043921 24.495001
39.426079 -0.543880 0.988263 -0.036344 0.020960 3.046133 24.600000
39.217346 -0.521459 0.988263 -0.036432 0.020032 3.047902 24.705000
39.008263 -0.502697 0.988263 -0.028266 0.020276 3.049338 24.809999
38.768982 -0.484588 0.988263 -0.014244 0.020611 3.050641 24.930000
38.569420 -0.470917 0.988263 -0.003833 0.019875 3.051504 25.030001
38.359863 -0.456722 0.988263 0.005974 0.020281 3.052231 25.135000
38.140438 -0.440976 0.988263 0.010825 0.020186 3.052839 25.245001
37.931103 -0.424602 0.988263 0.011238 0.020689 3.053310 25.350000
37.711891 -0.405991 0.988263 0.008346 0.020536 3.053707 25.459999
37.502728 -0.387145 0.988263 0.003899 0.020384 3.054005 25.565001
37.303524 -0.368655 0.988263 -0.000378 0.020594 3.054233 25.665001
37.104321 -0.350050 0.988263 -0.003533 0.020537 3.054419 25.764999
36.905094 -0.331637 0.988263 -0.005567 0.020402 3.054569 25.865000
36.705814 -0.313605 0.988263 -0.006182 0.020288 3.054690 25.965000
36.486584 -0.294279 0.988263 -0.005737 0.019606 3.054797 26.075001
36.287304 -0.277130 0.988263 -0.004474 0.019712 3.054879 26.174999
36.078060 -0.259411 0.988263 -0.002611 0.020602 3.054947 26.280001
35.868816 -0.241801 0.988263 -0.001314 0.020203 3.055004 26.385000
35.659573 -0.224158 0.988263 -0.000332 0.020456 3.055051 26.490000
35.450329 -0.206378 0.988263 0.000039 0.020527 3.055089 26.594999
35.251007 -0.189279 0.988263 -0.000076 0.020075 3.055117 26.695000
35.051723 -0.172035 0.988263 -0.000438 0.019889 3.055141 26.795000
34.852444 -0.154683 0.988263 -0.000993 0.020179 3.055160 26.895000
34.653164 -0.137273 0.988263 -0.001502 0.020233 3.055175 26.995001
34.453884 -0.119854 0.988263 -0.001869 0.020147 3.055189 27.094999
34.254604 -0.102465 0.988263 -0.002102 0.020297 3.055203 27.195000
34.055325 -0.085122 0.988263 -0.002200 0.020250 3.055212 27.295000
33.856045 -0.067835 0.988263 -0.002108 0.020301 3.055219 27.395000
33.656734 -0.050970 0.988263 -0.029984 0.019758 3.084208 27.495001
33.447342 -0.035208 0.988263 -0.009412 0.020677 3.085630 27.600000
33.237885 -0.022237 0.988263 -0.033183 0.020704 -3.131428 27.705000
33.028400 -0.012629 0.988263 0.004991 0.020657 -3.138748 27.809999
32.818943 -0.005116 0.988263 -0.077884 0.022986 -3.054147 27.915001
32.609730 -0.004247 0.988263 -0.011940 0.023552 -3.047393 28.020000
32.390377 -0.005576 0.988263 -0.007726 0.022695 -3.057781 28.129999
32.180790 -0.008011 0.988263 -0.016712 0.021975 -3.065787 28.235001
31.971146 -0.012413 0.988263 -0.021815 0.022242 -3.072184 28.340000
31.751524 -0.019674 0.988263 -0.020242 0.021156 -3.077490 28.450001
31.521967 -0.029911 0.988263 -0.013611 0.020618 -3.081923 28.565001
31.312416 -0.040892 0.988263 -0.005486 0.020454 -3.085154 28.670000
31.102888 -0.052544 0.988263 0.002244 0.020872 -3.087745 28.775000
30.883347 -0.064254 0.988263 0.067555 0.018033 -3.138998 28.885000
30.674051 -0.068743 0.988263 0.101347 0.021666 3.038893 28.990000
30.465666 -0.062273 0.988263 0.103020 0.027689 2.947161 29.094999
30.258642 -0.044334 0.988263 0.102879 0.032146 2.865094 29.200001
30.053480 -0.014623 0.988263 0.112941 0.036792 2.784271 29.305000
29.831783 0.032466 0.988263 0.070848 0.038115 2.732548 29.420000
29.630983 0.085142 0.988263 0.047711 0.034880 2.745026 29.525000
29.430782 0.144023 0.988263 0.053151 0.029442 2.755052 29.629999
29.231760 0.209159 0.988263 0.050042 0.024424 2.763145 29.735001
29.034168 0.279931 0.988263 0.036196 0.021130 2.769648 29.840000
28.847054 0.351124 0.988263 0.017420 0.019287 2.774615 29.940001
28.632502 0.435277 0.988263 -0.003077 0.018464 2.779208 30.055000
28.436544 0.512253 0.988263 -0.016873 0.017651 2.782525 30.160000
28.230707 0.591474 0.988263 -0.023820 0.017904 2.785303 30.270000
28.042875 0.661613 0.988263 -0.023782 0.018082 2.787326 30.370001
27.854374 0.729965 0.988263 -0.020621 0.016899 2.788967 30.469999
27.665398 0.796850 0.988263 -0.013453 0.017841 2.790299 30.570000
27.476135 0.862903 0.988263 -0.006360 0.018309 2.791381 30.670000
27.286785 0.928770 0.988263 -0.001011 0.018194 2.792259 30.770000
27.097502 0.994867 0.988263 -0.036624 0.018187 2.817935 30.870001
26.907274 1.057860 0.988263 -0.077698 0.018346 2.911299 30.969999
26.715685 1.115267 0.988263 -0.048202 0.019607 2.949068 31.070000
26.513865 1.172669 0.988263 -0.045165 0.022455 2.972364 31.174999
26.311037 1.225844 0.988263 -0.025228 0.022322 3.012913 31.280001
26.107471 1.276100 0.988263 -0.000395 0.021619 2.998116 31.385000
25.903307 1.324095 0.988263 -0.027961 0.022237 3.031015 31.490000
25.699085 1.368068 0.988263 -0.111327 -0.086574 3.129577 31.594999
25.496265 1.401730 0.988263 -0.174055 -0.108234 -2.976558 31.705000
25.286190 1.417906 0.988263 -0.179557 -0.032486 -2.841283 31.830000
25.083670 1.408588 0.988263 -0.142999 0.018357 -2.742313 31.959999
24.882868 1.373722 0.988263 -0.111011 0.032230 -2.692378 32.095001
24.686901 1.320040 0.988263 -0.055099 0.025101 -2.713833 32.230000
24.493006 1.255449 0.988263 -0.040198 0.017600 -2.730106 32.365002
24.300909 1.183325 0.988263 -0.024485 0.013117 -2.742498 32.500000
24.110151 1.106652 0.988263 -0.006599 0.011121 -2.751764 32.634998
23.919842 1.028397 0.988263 0.006068 0.010273 -2.758790 32.770000
23.729355 0.950046 0.988263 -0.042526 0.071162 -2.711247 32.904999
23.545340 0.867298 0.988263 -0.041856 0.163255 -2.632420 33.029999
23.360786 0.778558 0.988263 0.051358 0.107578 -2.634408 33.145000
23.172974 0.690178 0.988263 -0.005767 0.068385 -2.591463 33.255001
22.989187 0.601777 0.988263 -0.022540 0.044877 -2.553132 33.360001
22.804132 0.509430 0.988263 -0.036235 0.034980 -2.529290 33.465000
22.619617 0.412662 0.988263 -0.025154 0.029627 -2.521569 33.570000
22.437571 0.309896 0.988263 -0.120795 0.029849 -2.436007 33.674999
22.263529 0.196483 0.988263 -0.154820 -0.061090 -2.319323 33.779999
22.100212 0.071725 0.988263 -0.078529 -0.120004 -2.322765 33.889999
21.921812 -0.074466 0.988263 0.045244 -0.067743 -2.568021 34.025002
21.763723 -0.197278 0.988263 0.076260 -0.026272 -2.745723 34.150002
21.593136 -0.315094 0.988263 0.102975 0.010667 -2.908450 34.285000
21.404594 -0.421406 0.988263 0.112541 0.039141 -3.046153 34.430000
21.214729 -0.501373 0.988263 0.145366 0.053839 3.104619 34.570000
20.996086 -0.556841 0.988263 0.125363 0.061868 2.976886 34.724998
20.785278 -0.579314 0.988263 0.104651 0.053140 2.929771 34.869999
20.563305 -0.577934 0.988263 0.098119 0.040682 2.871942 35.020000
20.363060 -0.556740 0.988263 0.081108 0.032310 2.817841 35.154999
20.164080 -0.519551 0.988263 0.077911 0.026026 2.758509 35.290001
19.967628 -0.468348 0.988263 0.033647 0.021767 2.733604 35.424999
19.765072 -0.406873 0.988263 0.026798 0.018149 2.746496 35.564999
19.570465 -0.341995 0.988263 0.024055 0.073861 2.755783 35.700001
19.380985 -0.273587 0.988263 0.017293 0.164223 2.762276 35.825001
19.189438 -0.200787 0.988263 0.009603 0.112487 2.766963 35.939999
18.977802 -0.118337 0.988263 -0.000400 0.065588 2.770760 36.060001
18.787207 -0.043677 0.988263 -0.008074 0.043262 2.773409 36.165001
18.593763 0.031574 0.988263 -0.013051 0.030656 2.775533 36.270000
18.398586 0.106442 0.988263 -0.014711 0.024250 2.777246 36.375000
18.202307 0.180524 0.988263 -0.013054 0.021335 2.778606 36.480000
18.014719 0.250365 0.988263 -0.010712 0.019437 2.779672 36.580002
17.826746 0.319696 0.988263 -0.007218 0.018715 2.780536 36.680000
17.638596 0.388784 0.988263 -0.004085 0.017981 2.781242 36.779999
17.441008 0.461365 0.988263 -0.001354 0.018256 2.781832 36.884998
17.252884 0.530759 0.988263 -0.000312 0.017585 2.782285 36.985001
17.064882 0.600495 0.988263 -0.000215 0.017531 2.782650 37.084999
16.877008 0.670568 0.988263 -0.001057 0.017211 2.782946 37.185001
16.689241 0.740894 0.988263 -0.002216 0.017485 2.783188 37.285000
16.501543 0.811367 0.988263 -0.003473 0.017565 2.783385 37.384998
16.313860 0.881878 0.988263 -0.004526 0.017648 2.783545 37.485001
16.126131 0.952341 0.988263 -0.005081 0.017938 2.783675 37.584999
15.938338 1.022711 0.988263 -0.005400 0.017476 2.783781 37.685001
15.750498 1.092954 0.988263 -0.005339 0.017248 2.783867 37.785000
15.562630 1.163075 0.988263 -0.004790 0.017905 2.783936 37.884998
15.374714 1.233129 0.988263 -0.004377 0.017760 2.783994 37.985001
15.186774 1.303156 0.988263 -0.004066 0.017253 2.784040 38.084999
14.998851 1.373176 0.988263 -0.003576 0.018281 2.784077 38.185001
14.810920 1.443234 0.988263 -0.003498 0.017718 2.784106 38.285000
14.622993 1.513340 0.988263 -0.003557 0.017161 2.784130 38.384998
14.435104 1.583477 0.988263 -0.003640 0.017227 2.784152 38.485001
14.247248 1.653636 0.988263 -0.003658 0.018165 2.784169 38.584999
14.059393 1.723820 0.988263 -0.003889 0.017567 2.784181 38.685001
13.871538 1.794010 0.988263 -0.003912 0.018152 2.784191 38.785000
13.683668 1.864204 0.988263 -0.004193 0.017178 2.784199 38.884998
13.495819 1.934371 0.988263 -0.004226 0.017223 2.784203 38.985001
13.308184 2.005001 0.988263 0.059949 0.017184 2.730165 39.084999
13.122897 2.080813 0.988263 0.078972 0.018968 2.639250 39.185001
12.932410 2.168331 0.988263 0.082993 0.022411 2.549554 39.290001
12.746731 2.264306 0.988263 0.091034 0.026544 2.465350 39.395000
12.566747 2.369425 0.988263 0.106513 0.032221 2.385357 39.500000
12.393843 2.484889 0.988263 0.125184 0.038291 2.306202 39.605000
12.228896 2.611123 0.988263 0.064054 0.037351 2.291897 39.709999
12.053331 2.757561 0.988263 0.060552 0.031143 2.306330 39.825001
11.897085 2.897502 0.988263 0.063317 0.025497 2.316903 39.930000
11.752270 3.035962 0.988263 0.053598 0.020661 2.325010 40.029999
11.610888 3.178454 0.988263 0.036394 0.017585 2.331599 40.130001
11.471850 3.323569 0.988263 0.015225 0.016245 2.336969 40.230000
11.333721 3.469793 0.988263 -0.003362 0.015685 2.341339 40.330002
11.195250 3.615820 0.988263 -0.016070 0.015043 2.344864 40.430000
11.057148 3.762177 0.988263 0.058490 0.014504 2.254842 40.529999
10.923045 3.911781 0.988263 0.008209 0.014002 2.209016 40.630001
10.784626 4.070629 0.988263 0.007945 0.015716 2.178288 40.735001
10.653956 4.222884 0.988263 0.062668 0.018252 2.146206 40.834999
10.528136 4.378616 0.988263 0.116528 0.023920 2.061851 40.935001
10.406480 4.548805 0.988263 0.133831 0.031077 1.975974 41.040001
10.287751 4.743567 0.988263 0.138343 0.036972 1.891244 41.154999
10.193518 4.928628 0.988263 0.109493 0.038502 1.830850 41.259998
10.109673 5.118958 0.988263 0.059519 0.033773 1.844414 41.365002
10.031641 5.312750 0.988263 0.058935 0.028067 1.855458 41.470001
9.961074 5.509786 0.988263 0.092689 0.025816 1.799815 41.575001
9.899397 5.709821 0.988263 0.048304 0.024850 1.808031 41.680000
9.842341 5.911639 0.988263 0.031784 0.021933 1.814629 41.785000
9.788446 6.114593 0.988263 0.077320 0.020576 1.777303 41.889999
9.741717 6.319138 0.988263 0.093293 0.022076 1.685051 41.994999
9.704663 6.525096 0.988263 0.086253 0.024739 1.599588 42.099998
9.677004 6.731877 0.988263 0.072237 0.027282 1.524711 42.205002
9.654143 6.959008 0.988263 0.016662 0.027248 1.539571 42.320000
9.635702 7.167138 0.988263 0.031811 0.027534 1.550321 42.424999
9.620762 7.375975 0.988263 0.043139 0.025342 1.558976 42.529999
9.610430 7.585317 0.988263 0.042765 0.023416 1.565925 42.634998
9.604668 7.794951 0.988263 0.033518 0.021664 1.571549 42.740002
9.602457 8.004709 0.988263 0.018699 0.020971 1.576064 42.845001
9.602164 8.234548 0.988263 0.001623 0.020683 1.579990 42.959999
9.602061 8.454449 0.988263 -0.010036 0.020975 1.582957 43.070000
9.600857 8.664388 0.988263 -0.015538 0.020958 1.585216 43.174999
9.597972 8.874347 0.988263 -0.016214 0.019799 1.587029 43.279999
9.593369 9.084245 0.988263 -0.012130 0.020037 1.588471 43.384998
9.588148 9.294094 0.988263 0.058211 0.019806 1.533121 43.490002
9.588715 9.503610 0.988263 0.082681 0.021978 1.436861 43.595001
9.598497 9.712113 0.988263 0.087046 0.025623 1.348393 43.700001
9.618416 9.919074 0.988263 0.099609 0.031633 1.265563 43.805000
9.653541 10.143260 0.988263 0.119159 0.039037 1.178853 43.919998
9.699265 10.344889 0.988263 0.070198 0.040543 1.145806 44.025002
9.754185 10.545051 0.988263 0.052560 0.036570 1.159952 44.130001
9.815804 10.744481 0.988263 0.055102 0.029848 1.171268 44.235001
9.890664 10.961411 0.988263 0.046022 0.024577 1.181113 44.349998
9.975469 11.186008 0.988263 0.027579 0.020159 1.189131 44.470001
10.053172 11.381485 0.988263 0.007581 0.018816 1.194710 44.575001
10.128263 11.567369 0.988263 -0.008457 0.018440 1.199032 44.674999
10.200751 11.754133 0.988263 -0.054285 0.017845 1.272287 44.775002
10.268255 11.942474 0.988263 -0.082690 0.019825 1.307914 44.875000
10.331123 12.142467 0.988263 -0.119421 0.023005 1.408241 44.980000
10.381864 12.344991 0.988263 -0.066404 0.026640 1.466142 45.084999
10.424950 12.549209 0.988263 -0.083384 0.028609 1.492470 45.189999
10.459752 12.754977 0.988263 -0.069657 0.028461 1.543075 45.294998
10.484543 12.961891 0.988263 -0.121771 0.031699 1.631735 45.400002
10.496709 13.169356 0.988263 -0.096491 0.033979 1.682433 45.505001
10.496835 13.406704 0.988263 -0.062983 0.034358 1.715837 45.625000
10.488278 13.614793 0.988263 -0.055030 0.031135 1.708166 45.730000
10.473350 13.823191 0.988263 -0.053161 0.025590 1.702027 45.834999
10.452549 14.031469 0.988263 -0.041154 0.022602 1.697083 45.939999
10.424672 14.259311 0.988263 -0.019713 0.021538 1.692781 46.055000
10.396775 14.467219 0.988263 -0.001510 0.020414 1.689668 46.160000
10.368568 14.675172 0.988263 0.012851 0.020118 1.687146 46.264999
10.341534 14.883286 0.988263 0.021071 0.020191 1.685125 46.369999
10.316507 15.091646 0.988263 0.022249 0.020688 1.683500 46.474998
10.293599 15.300289 0.988263 0.018238 0.020643 1.682201 46.580002
10.272377 15.509165 0.988263 0.012003 0.019674 1.681156 46.685001
10.252178 15.718123 0.988263 0.004762 0.019846 1.680320 46.790001
10.232245 15.927077 0.988263 -0.001476 0.020687 1.679647 46.895000
10.211287 16.135906 0.988263 -0.048254 0.018895 1.727381 47.000000
10.186446 16.344133 0.988263 -0.010633 0.021459 1.724430 47.105000
10.157388 16.572075 0.988263 -0.007610 0.020676 1.721822 47.220001
10.129667 16.780134 0.988263 -0.008108 0.020263 1.719934 47.325001
10.100811 16.988089 0.988263 -0.006749 0.019997 1.718408 47.430000
10.070980 17.195946 0.988263 -0.003536 0.020430 1.717185 47.535000
10.041965 17.393860 0.988263 -0.000228 0.019590 1.716247 47.634998
10.012697 17.591736 0.988263 0.002851 0.019356 1.715482 47.735001
9.983479 17.789618 0.988263 0.005233 0.020123 1.714872 47.834999
9.954204 17.987497 0.988263 -0.051783 0.018275 1.762008 47.935001
9.913998 18.234102 0.988263 0.002367 0.019805 1.763280 48.060001
9.879668 18.441170 0.988263 0.003063 0.019890 1.760169 48.165001
9.843883 18.647949 0.988263 -0.028975 0.019473 1.807114 48.270000
9.804802 18.853998 0.988263 -0.006520 0.020617 1.802432 48.375000
9.762097 19.069586 0.988263 -0.071052 0.020711 1.847190 48.485001
9.715852 19.274052 0.988263 -0.016105 0.021554 1.854639 48.590000
9.666550 19.477892 0.988263 -0.044718 0.021459 1.888064 48.695000
9.613004 19.680658 0.988263 -0.058361 0.021615 1.926954 48.799999
9.554075 19.881821 0.988263 -0.085209 0.022780 1.979530 48.904999
9.479691 20.098476 0.988263 -0.052001 0.024895 2.040759 49.020000
9.399931 20.302437 0.988263 -0.043844 0.025831 2.070621 49.130001
9.316727 20.494358 0.988263 -0.114678 0.026953 2.145387 49.235001
9.223863 20.681538 0.988263 -0.123138 0.028356 2.202883 49.340000
9.090393 20.914703 0.988263 -0.059144 0.028549 2.202253 49.474998
8.977611 21.091127 0.988263 -0.134631 0.007607 2.285948 49.580002
8.855364 21.256937 0.988263 -0.127464 -0.054528 2.376694 49.685001
8.722976 21.414167 0.988263 -0.110553 -0.100312 2.458436 49.794998
8.579114 21.564997 0.988263 -0.118480 0.037710 2.536740 49.915001
8.422908 21.703646 0.988263 -0.110662 0.123782 2.611151 50.035000
8.253734 21.830877 0.988263 -0.096485 0.091647 2.685106 50.150002
8.069811 21.951178 0.988263 -0.095012 0.064069 2.764980 50.264999
7.883987 22.057697 0.988263 -0.101925 0.049998 2.841152 50.375000
7.699574 22.149675 0.988263 -0.112887 0.045439 2.913569 50.480000
7.513374 22.228437 0.988263 -0.084066 -0.114665 2.961902 50.584999
7.321500 22.300798 1.002765 -0.101527 -0.093603 2.960862 50.700001
7.125444 22.366755 1.002966 -0.022365 -0.048222 2.829987 50.825001
6.922316 22.431549 1.003144 -0.001336 -0.017301 2.732764 50.959999
6.731460 22.492430 1.003283 0.020520 -0.000942 2.656217 51.090000
6.530038 22.561712 1.003405 0.054137 0.014109 2.580210 51.230000
6.340784 22.637798 1.003501 0.048555 0.020862 2.527934 51.365002
6.155391 22.723055 1.003578 0.037949 0.020957 2.544641 51.500000
5.972650 22.815660 1.003641 0.044339 0.017120 2.557140 51.634998
5.784086 22.921448 1.003693 0.036591 0.167123 2.566957 51.775002
5.609123 23.027962 1.003729 0.025247 0.140984 2.573383 51.895000
5.437366 23.136915 1.003757 0.009935 0.088571 2.577991 52.005001
5.250695 23.257051 1.003782 -0.005886 0.051990 2.581822 52.119999
5.076968 23.369741 1.003801 0.003480 0.033168 2.548668 52.224998
4.902009 23.484213 1.003817 0.026626 0.023694 2.515584 52.330002
4.728146 23.601673 1.003831 0.066084 0.020474 2.420219 52.435001
4.557125 23.723423 1.003842 -0.000554 0.019547 2.422570 52.540001
4.394425 23.840305 1.003852 0.010048 0.019084 2.428586 52.639999
4.232374 23.958626 1.003859 0.029924 0.020083 2.433494 52.740002
4.072047 24.079689 1.003866 0.039373 0.018472 2.437454 52.840000
3.914821 24.204035 1.003872 0.112776 -0.082976 2.334478 52.939999
3.744902 24.353373 1.003878 0.143388 -0.121396 2.175511 53.060001
3.601488 24.499773 1.003883 0.122460 -0.057149 2.107030 53.180000
3.473310 24.653473 1.003887 0.111716 -0.012323 2.039115 53.305000
3.357885 24.818432 1.003890 0.096815 0.009039 1.972869 53.435001
3.253668 24.996277 1.003893 0.081340 0.016081 1.907613 53.570000
3.162729 25.180004 1.003896 0.070152 0.017990 1.843766 53.705002
3.072551 25.396765 1.003899 0.064621 0.019302 1.770078 53.860001
3.005705 25.589687 1.003899 0.062821 0.019752 1.706783 53.994999
2.950223 25.784842 1.003899 0.002758 0.175859 1.692085 54.125000
2.891800 26.013229 1.003899 0.013588 0.124291 1.708647 54.259998
2.843758 26.214090 1.003899 0.030493 0.077672 1.719073 54.369999
2.800024 26.412895 1.003899 0.036729 0.049862 1.727008 54.474998
2.759343 26.615662 1.003899 0.032464 0.035724 1.733483 54.580002
2.721429 26.820683 1.003899 0.021717 0.026642 1.738555 54.685001
2.685289 27.026817 1.003899 0.010453 0.022892 1.742659 54.790001
2.649354 27.233355 1.003899 -0.062241 0.019760 1.796810 54.895000
2.607199 27.438446 1.003899 -0.059377 0.021632 1.878441 55.000000
2.558806 27.641964 1.003899 -0.041137 0.022649 1.891245 55.105000
2.505641 27.844334 1.003899 -0.028636 0.023636 1.922308 55.210999
2.448349 28.045803 1.003899 -0.026571 0.023002 1.918078 55.314999
2.384632 28.256128 1.003899 -0.032415 0.021847 1.914544 55.424999
2.323056 28.446436 1.003899 -0.029753 0.020549 1.911960 55.525002
2.258301 28.635866 1.003899 -0.020918 0.019423 1.909871 55.625000
2.191223 28.824621 1.003899 -0.009289 0.018829 1.908165 55.724998
2.121453 29.012455 1.003899 -0.074681 0.018282 1.988885 55.825001
2.044979 29.197393 1.003899 -0.072773 0.019274 2.075455 55.924999
1.957251 29.387821 1.003899 -0.072309 0.021296 2.161253 56.029999
1.862159 29.574039 1.003899 -0.081832 0.024942 2.241970 56.134998
1.758871 29.755125 1.024955 -0.103228 0.031506 2.320839 56.240002
1.634264 29.945665 1.025428 -0.127185 0.038983 2.404096 56.355000
1.502048 30.118063 1.025733 -0.143800 0.043869 2.482973 56.465000
1.363133 30.271652 1.025978 -0.151779 0.046139 2.557257 56.570000
1.212035 30.413168 1.026187 -0.109947 0.043976 2.607153 56.674999
1.059639 30.539555 1.069196 -0.068593 0.036882 2.594014 56.775002
0.900889 30.659458 1.133012 -0.136943 0.032803 2.663629 56.875000
0.718529 30.781021 1.132248 -0.062441 0.027816 2.649950 56.985001
0.539127 30.889420 1.131621 -0.089106 0.023759 2.714377 57.090000
0.355020 30.989634 1.131090 -0.075879 0.023032 2.722883 57.195000
0.166728 31.081530 1.130642 -0.048147 -0.017604 2.738049 57.299999
-0.018161 31.166018 1.130261 0.007321 -0.140180 2.663413 57.404999
-0.203181 31.253229 1.129909 0.062174 -0.092513 2.571694 57.520000
-0.407004 31.360184 1.112638 0.041142 -0.037279 2.621378 57.660000
-0.583689 31.462610 1.112615 0.011748 -0.114832 2.624746 57.790001
-0.759812 31.568031 1.112615 0.017598 -0.256556 2.467668 57.939999
-0.942835 31.671488 1.112615 0.052592 -0.154350 2.226814 58.169998
-1.123307 31.758993 1.112615 0.043189 -0.032452 1.724144 58.650002
-0.915292 31.786026 1.112615 0.005798 0.177827 -0.127795 60.459999
-0.711252 31.781979 1.112615 0.057088 0.076875 -0.092556 60.610001
-0.507896 31.765917 1.112615 0.056444 0.030258 -0.035652 60.750000
-0.308457 31.740068 1.112615 0.026728 0.014304 0.024198 60.884998
-0.106870 31.710068 1.112615 -0.015028 0.146435 0.087313 61.020000
0.097371 31.686934 1.112615 -0.055586 0.162258 0.153285 61.145000
0.303296 31.676559 1.112615 -0.094908 0.115009 0.221351 61.259998
0.509385 31.680841 1.112615 -0.122934 0.086855 0.291498 61.369999
0.709420 31.700727 1.112615 -0.141862 0.071936 0.362598 61.474998
0.909242 31.737709 1.112615 -0.151424 0.063084 0.435833 61.580002
1.106310 31.792259 1.112615 -0.146696 0.046603 0.506975 61.685001
1.297278 31.862352 1.112615 -0.134940 -0.018391 0.578318 61.790001
1.487428 31.949520 1.112615 -0.157787 -0.042097 0.693290 61.900002
1.689681 32.065998 1.112615 -0.175946 -0.071451 0.882736 62.029999
1.854377 32.187092 1.112615 -0.175010 -0.010329 1.032961 62.154999
1.998828 32.325508 1.112615 -0.165198 0.029580 1.172148 62.285000
2.131390 32.496445 1.112615 -0.147674 0.046774 1.313436 62.430000
2.232830 32.676182 1.112615 -0.137689 0.051082 1.448724 62.570000
2.308880 32.867126 1.112615 -0.126362 0.051227 1.580580 62.709999
2.362687 33.072990 1.112615 -0.111261 0.048934 1.692806 62.855000
2.393031 33.276920 1.112615 -0.087459 0.045512 1.739194 62.994999
2.405063 33.476906 1.112615 -0.092761 0.039266 1.788502 63.130001
2.399381 33.678127 1.112615 -0.117439 0.035735 1.867618 63.264999
2.372304 33.877197 1.112615 -0.111984 0.034210 1.996637 63.400002
2.320416 34.077648 1.112615 -0.135498 0.040467 2.170641 63.540001
2.239875 34.274727 1.112615 -0.122772 0.046727 2.321601 63.685001
2.138647 34.453030 1.112615 -0.101807 -0.032196 2.386222 63.825001
2.025102 34.617966 1.112615 -0.036227 -0.243095 2.229142 63.974998
1.902591 34.780346 1.112615 0.024561 -0.164947 1.998751 64.195000
1.772086 34.931992 1.112615 0.038629 -0.044303 1.522262 64.650002
1.932830 35.056332 1.112615 0.025276 0.320273 0.186434 66.349998
2.131718 35.093731 1.112615 0.007714 0.236558 0.116660 66.489998
2.363535 35.133568 1.112615 -0.041624 0.117188 0.061649 66.625000
2.566544 35.171326 1.112615 -0.049257 0.067955 0.076052 66.735001
2.784787 35.217022 1.112615 0.010807 0.046881 0.080279 66.849998
3.006837 35.260082 1.112615 0.085994 0.039539 0.013831 66.964996
3.212080 35.290611 1.112615 0.056088 0.035673 0.025332 67.070000
3.419095 35.312325 1.112615 0.103437 0.033014 -0.042298 67.175003
3.637084 35.324089 1.112615 0.033360 0.027684 -0.021854 67.285004
3.845677 35.333515 1.112615 -0.048365 0.019846 0.097907 67.389999
4.054070 35.346661 1.112615 -0.005927 0.024198 0.104626 67.495003
4.262723 35.361084 1.112615 -0.019149 0.023897 0.108233 67.599998
4.471337 35.378719 1.112615 -0.103488 0.021181 0.180298 67.705002
4.697818 35.409966 1.112615 -0.061446 0.026103 0.243515 67.820000
4.903038 35.447834 1.112615 -0.040573 0.026335 0.270361 67.925003
5.107679 35.490742 1.112615 -0.009337 0.024221 0.259934 68.029999
5.312437 35.535309 1.112615 -0.002922 0.022279 0.251538 68.135002
5.517354 35.580692 1.112615 -0.000120 0.020777 0.244753 68.239998
5.712617 35.624336 1.112615 0.002136 0.020163 0.239561 68.339996
5.917725 35.670319 1.112615 0.004158 0.019661 0.235205 68.445000
6.151382 35.722633 1.112615 0.004418 -0.033934 0.231212 68.565002
6.349934 35.766922 1.112615 0.003826 -0.094359 0.228460 68.669998
6.545285 35.810295 1.112615 0.004254 -0.087020 0.226176 68.779999
6.741161 35.851101 1.112615 0.079500 0.095467 0.141445 68.894997
6.946683 35.884655 1.112615 -0.001683 0.094142 0.106534 69.010002
7.152480 35.916832 1.112615 -0.017211 0.064434 0.112296 69.120003
7.353889 35.949978 1.112615 -0.003112 0.044999 0.116688 69.224998
7.558051 35.983929 1.112615 0.010991 0.033697 0.120240 69.330002
7.763897 36.017097 1.112615 0.020040 0.026965 0.123094 69.434998
7.970783 36.048462 1.112615 0.022379 0.023679 0.125389 69.540001
8.217909 36.083073 1.112615 0.018690 0.021267 0.127544 69.665001
8.425920 36.110249 1.112615 0.012222 0.020396 0.128972 69.769997
8.634147 36.136253 1.112615 0.054832 0.019849 0.095831 69.875000
8.842659 36.159313 1.112615 -0.049625 0.017369 0.129518 69.980003
9.049822 36.187302 1.112615 -0.113563 -0.062283 0.279619 70.084999
9.253587 36.226913 1.112615 -0.154251 -0.125604 0.482270 70.195000
9.458194 36.284363 1.112615 -0.173878 -0.041920 0.655745 70.320000
9.666513 36.372684 1.112615 -0.171980 0.022136 0.820918 70.464996
9.839370 36.477867 1.112615 -0.114437 0.039377 0.879383 70.599998
9.998939 36.601082 1.112615 -0.048292 0.032132 0.874585 70.735001
10.150505 36.736568 1.112615 -0.096325 0.025952 0.913099 70.870003
10.291097 36.884480 1.112615 -0.082765 0.021980 0.981659 71.004997
10.420525 37.042767 1.112615 -0.098828 0.020502 1.085947 71.139999
10.536122 37.210609 1.112615 -0.064288 0.018644 1.211721 71.275002
10.645455 37.398693 1.112615 -0.068235 0.025363 1.331302 71.419998
10.740672 37.593727 1.112615 -0.084034 0.031746 1.402451 71.565002
10.814963 37.781792 1.112615 -0.087293 0.031134 1.452835 71.699997
10.873574 37.975464 1.112615 -0.102525 0.031545 1.523590 71.834999
10.914183 38.173710 1.112615 -0.097352 0.030454 1.592305 71.970001
10.937788 38.374996 1.112615 -0.080077 0.025901 1.646831 72.105003
10.948069 38.577946 1.112615 -0.032948 0.022048 1.652663 72.239998
10.951383 38.783298 1.112615 -0.022883 0.144621 1.641537 72.375000
10.949171 38.990562 1.112615 -0.024192 0.156873 1.633639 72.500000
10.941491 39.227566 1.112615 -0.018426 0.091600 1.627379 72.629997
10.929933 39.476795 1.112615 -0.007417 0.053476 1.622581 72.760002
10.918251 39.702152 1.112615 0.001961 0.036787 1.619270 72.875000
10.907113 39.919819 1.112615 0.008899 0.028285 1.616773 72.985001
10.897305 40.128540 1.112615 0.011745 0.024265 1.614868 73.089996
10.888634 40.337742 1.112615 0.011294 0.022146 1.613342 73.195000
10.881056 40.547180 1.112615 0.008321 0.021239 1.612122 73.300003
10.874266 40.756737 1.112615 0.004712 0.020532 1.611132 73.404999
10.867871 40.966347 1.112615 0.000693 0.020970 1.610341 73.510002
10.861453 41.176052 1.112615 -0.002066 0.021104 1.609703 73.614998
10.854733 41.385838 1.112615 -0.003299 0.020200 1.609192 73.720001
10.846877 41.615536 1.112615 -0.003227 0.020006 1.608748 73.834999
10.839265 41.825260 1.112615 -0.002097 0.020255 1.608426 73.940002
10.831352 42.034935 1.112615 -0.000814 0.019804 1.608165 74.044998
10.822898 42.254562 1.112615 0.000747 0.020680 1.607946 74.154999
10.814063 42.484200 1.112615 0.001845 0.021066 1.607766 74.269997
10.806116 42.693924 1.112615 0.002290 0.020470 1.607635 74.375000
10.798335 42.903671 1.112615 0.002192 0.020864 1.607531 74.480003
10.790709 43.113476 1.112615 0.001801 0.020689 1.607448 74.584999
10.783195 43.323280 1.112615 0.001292 0.020453 1.607379 74.690002
10.775739 43.533085 1.112615 0.000767 0.020438 1.607324 74.794998
10.768287 43.742889 1.112615 0.000401 0.020437 1.607280 74.900002
10.760801 43.952694 1.112615 0.000190 0.020521 1.607245 75.004997
10.752902 44.172489 1.112615 0.000167 0.020031 1.607216 75.114998
10.744576 44.402206 1.112615 0.000278 0.019720 1.607194 75.230003
10.736929 44.611893 1.112615 0.000474 0.020158 1.607174 75.334999
10.729259 44.821587 1.112615 0.000641 0.021176 1.607163 75.440002
10.720473 45.061272 1.112615 0.000846 0.019941 1.607152 75.559998
10.712807 45.270996 1.112615 0.000908 0.020650 1.607142 75.665001
10.705161 45.480721 1.112615 0.000926 0.020636 1.607132 75.769997
10.697536 45.690491 1.112615 0.000868 0.021048 1.607125 75.875000
10.689926 45.900295 1.112615 0.000780 0.020824 1.607124 75.980003
10.682323 46.110107 1.112615 0.000758 0.020272 1.607124 76.084999
10.674732 46.319912 1.112615 0.000679 0.020440 1.607124 76.190002
10.667137 46.529716 1.112615 0.000627 0.020474 1.607124 76.294998
10.659527 46.739521 1.112615 0.000624 0.020356 1.607124 76.400002
10.650822 46.979298 1.112615 0.000629 0.020637 1.607124 76.519997
10.642828 47.199131 1.112615 0.000700 0.019885 1.607124 76.629997
10.635198 47.408936 1.112615 0.000739 0.019804 1.607124 76.735001
10.626841 47.638702 1.112615 0.000721 0.020644 1.607124 76.849998
10.618487 47.868446 1.112615 0.000766 0.020057 1.607124 76.964996
10.610877 48.078171 1.112615 0.000703 0.020986 1.607124 77.070000
10.603267 48.287971 1.112615 0.000723 0.020194 1.607124 77.175003
10.595653 48.497776 1.112615 0.000670 0.020691 1.607124 77.279999
10.588022 48.707581 1.112615 0.000714 0.019903 1.607124 77.385002
10.580392 48.917370 1.112615 0.000738 0.019884 1.607124 77.489998
10.572782 49.127094 1.112615 0.000713 0.020771 1.607124 77.595001
10.565171 49.336880 1.112615 0.000713 0.020385 1.607124 77.699997
10.557550 49.546684 1.112615 0.000672 0.020937 1.607124 77.805000
10.549557 49.766479 1.112615 0.000738 0.019938 1.607124 77.915001
10.541572 49.986275 1.112615 0.000709 0.020742 1.607124 78.025002
10.533941 50.196079 1.112615 0.000744 0.020035 1.607124 78.129997
10.526325 50.405884 1.112615 0.000721 0.020707 1.607124 78.235001
10.518715 50.615688 1.112615 0.000733 0.019852 1.607124 78.339996
10.510380 50.845474 1.112615 0.000671 0.020777 1.607124 78.455002
10.502028 51.075287 1.112615 0.000666 0.020818 1.607124 78.570000
10.494761 51.275177 1.112615 0.000727 0.020161 1.607124 78.669998
10.487494 51.475067 1.112615 0.000718 0.020443 1.607124 78.769997
10.480345 51.674957 1.112615 0.045460 0.020121 1.577418 78.870003
10.477443 51.884720 1.112615 0.082496 0.021490 1.481620 78.974998
10.480922 52.094093 1.112615 -0.002744 0.021282 1.485792 79.080002
10.484829 52.303539 1.112615 -0.004156 0.021810 1.493368 79.184998
10.488609 52.513145 1.112615 0.016150 0.021933 1.494824 79.290001
10.496296 52.722507 1.112615 0.097935 0.023832 1.401982 79.394997
10.514478 52.930496 1.112615 0.105454 0.027712 1.314816 79.500000
10.544451 53.136364 1.112615 0.108302 0.032367 1.232034 79.605003
10.585822 53.339851 1.112615 0.041254 0.032447 1.211380 79.709999
10.638240 53.561878 1.112615 0.091174 0.030790 1.181812 79.824997
10.694630 53.762691 1.112615 0.052690 0.029532 1.173056 79.930000
10.757688 53.962082 1.112615 0.044494 0.026160 1.181945 80.035004
10.826026 54.160320 1.112615 0.038452 0.022530 1.189085 80.139999
10.895224 54.348042 1.112615 0.026604 0.020115 1.194579 80.239998
10.967250 54.534950 1.112615 0.011927 0.018893 1.199058 80.339996
11.040209 54.721638 1.112615 -0.066456 0.016278 1.260696 80.440002
11.108437 54.909718 1.112615 -0.028308 0.019126 1.296190 80.540001
11.183534 55.127090 1.112615 -0.011596 0.020132 1.289682 80.654999
11.251087 55.326084 1.112615 -0.016132 0.019985 1.284936 80.760002
11.314236 55.516144 1.112615 -0.018982 0.019748 1.281293 80.860001
11.374457 55.707150 1.112615 -0.093992 0.020052 1.357630 80.959999
11.435699 55.928818 1.112615 -0.072763 0.022572 1.400512 81.074997
11.485668 56.132599 1.112615 -0.051630 0.023153 1.434173 81.180000
11.530197 56.337128 1.112615 -0.094047 -0.056978 1.552653 81.285004
11.567475 56.542458 1.112615 -0.085319 -0.128664 1.625127 81.394997
11.598875 56.764381 1.112615 -0.101749 -0.059099 1.697936 81.525002
11.614256 56.964157 1.112615 -0.113423 -0.011185 1.764569 81.650002
11.612642 57.164585 1.112615 -0.109059 0.014693 1.827408 81.779999
11.589838 57.383179 1.112615 -0.063994 0.021072 1.870907 81.925003
11.549999 57.590591 1.112615 -0.122434 0.025984 2.010331 82.065002
11.490632 57.783947 1.112615 -0.105373 0.029809 2.155644 82.199997
11.413633 57.970074 1.112615 -0.051029 0.026900 2.231137 82.334999
11.325789 58.152039 1.112615 -0.032767 0.024575 2.263671 82.470001
11.229268 58.330681 1.112615 -0.050347 0.024591 2.298218 82.605003
11.123965 58.505375 1.112615 -0.037515 0.020660 2.278999 82.739998
11.011720 58.676945 1.112615 -0.016373 0.014550 2.238610 82.875000
10.894882 58.846203 1.112615 0.001637 0.009367 2.170315 83.010002
10.768035 59.027187 1.112615 -0.004393 0.007902 2.110886 83.154999
10.649364 59.197426 1.112615 0.008051 0.151955 2.059962 83.290001
10.539433 59.366055 1.112615 0.044656 0.150588 2.007128 83.410004
10.436710 59.538326 1.112615 0.025456 0.098134 1.986439 83.519997
10.334856 59.721947 1.112615 0.055498 0.063802 1.947273 83.629997
10.241380 59.904613 1.112615 0.094976 0.044734 1.915304 83.735001
10.146631 60.111198 1.112615 0.091789 0.034542 1.868841 83.849998
10.064473 60.313011 1.112615 0.039094 -0.079228 1.889204 83.959999
9.990816 60.503906 1.112615 0.003494 -0.295412 2.004399 84.070000
9.920853 60.693821 1.112615 -0.041807 -0.293306 2.145775 84.205002
9.855954 60.887203 1.112615 -0.070880 -0.174900 2.355218 84.404999
9.802402 61.080997 1.112615 -0.059246 -0.051325 2.753147 84.785004
9.627353 60.983807 1.112615 -0.025122 0.195019 -2.146390 86.165001
9.504128 60.793774 1.112615 -0.071758 0.077102 -2.081886 86.334999
9.406751 60.616028 1.112615 -0.086353 0.036873 -2.043109 86.474998
9.314564 60.412586 1.122747 -0.029597 0.020084 -2.055326 86.625000
9.236027 60.224266 1.122312 0.000074 0.114839 -2.113056 86.760002
9.154873 60.037468 1.121982 0.011719 0.159493 -2.169593 86.885002
9.069574 59.849899 1.121731 -0.029003 0.103947 -2.141611 87.000000
8.983965 59.660065 1.121528 0.006986 0.069042 -2.127175 87.110001
8.897831 59.474529 1.121364 0.038682 0.047436 -2.114238 87.214996
8.796830 59.270844 1.121214 0.052151 0.032663 -2.105367 87.330002
8.698210 59.086399 1.121097 0.046579 0.025141 -2.099476 87.434998
8.599486 58.912460 1.121002 0.031935 0.018345 -2.095216 87.535004
8.493237 58.731850 1.120917 -0.041798 -0.039183 -2.036551 87.639999
8.382360 58.539356 1.120838 -0.026060 -0.099701 -2.024530 87.754997
8.281005 58.358650 1.120772 -0.034656 -0.135454 -2.024417 87.870003
8.183027 58.177437 1.120764 0.000601 -0.292250 -2.144830 88.000000
8.090259 57.996323 1.120764 0.045296 -0.217937 -2.328087 88.175003
8.006153 57.813641 1.120764 0.060662 -0.095635 -2.637005 88.470001
7.806126 57.793121 1.120764 0.010020 0.319730 2.214682 90.279999
7.684021 57.960636 1.120764 0.020882 0.248125 2.130778 90.430000
7.567136 58.129196 1.120764 -0.058217 0.139091 2.100166 90.550003
7.447909 58.295334 1.120764 0.018966 0.080925 2.053970 90.660004
7.320687 58.477139 1.120764 0.010390 0.048935 2.009751 90.775002
7.204681 58.647778 1.120764 0.015471 0.038762 2.022043 90.879997
7.089293 58.821548 1.120764 0.042416 0.032106 2.032009 90.985001
6.977212 58.998905 1.120764 0.060002 0.025651 2.039938 91.089996
6.875169 59.171284 1.120764 0.060615 0.021322 2.046070 91.190002
6.777818 59.346642 1.120764 0.047765 0.018773 2.051044 91.290001
6.684114 59.524155 1.120764 0.029864 0.016661 2.055040 91.389999
6.592551 59.702831 1.120764 0.009927 0.016669 2.058275 91.489998
6.501429 59.881763 1.120764 -0.006514 0.016869 2.060871 91.589996
6.409392 60.060242 1.120764 -0.014874 0.017017 2.062993 91.690002
6.315739 60.237926 1.120764 -0.017041 0.016982 2.064743 91.790001
6.220337 60.414730 1.120764 0.011493 0.016630 2.051420 91.889999
6.125967 60.592010 1.120764 0.029477 0.016665 1.996692 91.989998
6.034993 60.770790 1.120764 0.032780 0.017832 1.948283 92.089996
5.948024 60.951218 1.120764 0.025756 0.018418 1.904009 92.190002
5.863536 61.132690 1.120764 0.005047 0.019421 1.915722 92.290001
5.779471 61.314556 1.120764 0.015445 0.020145 1.925206 92.389999
5.696566 61.497162 1.120764 0.024618 0.019836 1.932935 92.489998
5.615586 61.680733 1.120764 0.028119 0.018434 1.939178 92.589996
5.536819 61.865257 1.120764 0.025639 0.017802 1.944275 92.690002
5.459982 62.050587 1.120764 0.018173 0.017843 1.948361 92.790001
5.384424 62.236439 1.120764 0.010969 0.016975 1.951706 92.889999
5.309468 62.422501 1.120764 0.003190 0.017651 1.954428 92.989998
5.234424 62.608543 1.120764 -0.001717 0.016981 1.956641 93.089996
5.158863 62.794342 1.120764 -0.004434 0.017222 1.958445 93.190002
5.082551 62.979847 1.120764 -0.004646 0.017813 1.959894 93.290001
5.005757 63.165203 1.120764 0.036299 0.017342 1.927125 93.389999
4.930350 63.351093 1.120764 -0.001497 0.017679 1.932183 93.489998
4.855034 63.537041 1.120764 0.056072 0.018214 1.889963 93.589996
4.783876 63.724350 1.120764 0.025369 0.018437 1.844591 93.690002
4.715312 63.912453 1.120764 0.003092 0.019276 1.855056 93.790001
4.643728 64.109634 1.120764 0.019007 -0.081206 1.808661 93.894997
4.573892 64.303505 1.120764 0.055228 -0.294011 1.693466 94.004997
4.503180 64.494308 1.120764 0.087316 -0.282923 1.552090 94.139999
4.427621 64.680702 1.120764 0.097449 -0.164213 1.347880 94.334999
4.342420 64.861778 1.120764 0.069482 -0.046142 0.965641 94.699997
4.481257 64.709984 1.120764 0.016204 0.289085 -0.971039 97.025002
4.620808 64.525963 1.120764 0.002381 0.154212 -1.013607 97.165001
4.744017 64.365555 1.120764 -0.033196 0.088998 -1.018823 97.275002
4.868336 64.206573 1.120764 -0.003196 0.057150 -1.012652 97.379997
4.994812 64.043503 1.120764 0.089452 0.040418 -1.049471 97.485001
5.114973 63.873722 1.120764 0.090194 0.033603 -1.108256 97.589996
5.225660 63.697063 1.120764 0.073253 0.030948 -1.149795 97.695000
5.329360 63.515472 1.120764 0.057840 0.027031 -1.143395 97.800003
5.428009 63.330299 1.120764 0.054602 0.022630 -1.138261 97.904999
5.534864 63.115116 1.120764 0.092670 0.018289 -1.169697 98.025002
5.621069 62.923420 1.120764 0.034281 0.019744 -1.183976 98.129997
5.698714 62.738834 1.120764 0.084741 0.020313 -1.252390 98.230003
5.770748 62.552086 1.120764 0.008571 0.019462 -1.259281 98.330002
5.841875 62.364887 1.120764 -0.002376 0.019136 -1.252442 98.430000
5.913463 62.177734 1.120764 0.003735 0.019023 -1.246895 98.529999
5.985023 61.990440 1.120764 0.010738 0.017951 -1.242401 98.629997
6.062963 61.784081 1.120764 0.002467 0.017603 -1.230886 98.739998
6.134654 61.596859 1.120764 -0.011114 0.017284 -1.177552 98.839996
6.220423 61.368103 1.120764 0.124340 -0.139876 -1.407411 98.964996
6.280345 61.173397 1.120764 0.160216 -0.084093 -1.591058 99.080002
6.321675 60.975731 1.120764 0.164660 -0.008917 -1.746551 99.205002
6.338457 60.770798 1.120764 0.152168 0.032595 -1.884707 99.339996
6.325250 60.556541 1.120764 0.144221 0.048780 -2.031223 99.485001
6.282859 60.356014 1.120764 0.156963 0.053574 -2.202006 99.625000
6.210285 60.167210 1.120764 0.163773 0.058261 -2.434946 99.764999
6.111922 59.992191 1.120764 0.079602 -0.169691 -2.426011 99.910004
6.005886 59.819618 1.120764 0.053665 -0.193830 -2.395378 100.095001
5.900599 59.648731 1.120764 0.029008 -0.127867 -2.362860 100.425003
5.757278 59.505871 1.120764 0.048647 0.322479 -2.641983 101.434998
5.568053 59.417301 1.120764 0.003326 0.156778 -2.660283 101.625000
5.380857 59.328751 1.120764 -0.027737 0.066988 -2.716374 101.775002
5.177348 59.225807 1.120764 -0.018945 0.024384 -2.786474 101.930000
4.991486 59.128025 1.120764 0.011902 0.016411 -2.852841 102.070000
4.809558 59.034290 1.120764 -0.024497 0.140012 -2.872444 102.205002
4.624298 58.942627 1.120764 0.024893 0.159266 -2.882434 102.330002
4.433525 58.858883 1.120764 0.114306 0.110715 -2.943012 102.445000
4.237573 58.786514 1.120764 0.048097 0.069844 -2.927953 102.555000
4.043203 58.723297 1.120764 0.096875 0.049539 -2.980293 102.660004
3.843877 58.668686 1.120764 0.056902 0.038066 -2.971670 102.764999
3.641469 58.619720 1.120764 0.049534 0.029552 -2.964616 102.870003
3.437054 58.575481 1.120764 0.048648 0.024526 -2.963634 102.974998
3.221196 58.536175 1.120764 0.060459 0.023057 -3.033633 103.084999
3.014069 58.504795 1.120764 -0.000227 0.021671 -3.021291 103.190002
2.806523 58.475319 1.120764 0.001994 0.021156 -3.049964 103.294998
2.598819 58.446281 1.120764 -0.013054 0.020326 -3.041425 103.400002
2.391128 58.416512 1.120764 0.016730 0.020417 -3.065929 103.504997
2.183281 58.387951 1.120764 0.037980 0.020634 -3.081931 103.610001
1.975221 58.362701 1.120764 0.020615 0.021611 -3.106840 103.714996
1.766887 58.340183 1.120764 0.019346 0.022792 -3.101052 103.820000
1.548241 58.318813 1.120764 0.026665 0.022301 -3.096159 103.930000
1.339192 58.301228 1.120764 0.028117 0.021208 -3.092421 104.035004
1.129957 58.285980 1.120764 -0.043822 0.017862 -3.028701 104.139999
0.883769 58.261848 1.120764 -0.114739 -0.116872 -2.825907 104.264999
0.684960 58.230900 1.120764 -0.163293 -0.100186 -2.640749 104.375000
0.484532 58.181145 1.120764 -0.185440 -0.020329 -2.476491 104.500000
0.292548 58.104076 1.120764 -0.186404 0.036714 -2.323373 104.635002
0.116360 57.995735 1.120764 -0.145533 0.013826 -2.177886 104.775002
-0.048254 57.864510 1.120764 -0.100091 -0.220618 -2.015580 104.930000
-0.204371 57.738552 1.120764 -0.097754 -0.145379 -1.795682 105.139999
-0.367447 57.620876 1.120764 -0.059323 -0.028903 -1.350616 105.565002
-0.163055 57.639595 1.120764 0.002444 0.306520 0.255192 107.705002
0.035616 57.689533 1.120764 0.002517 0.190365 0.252235 107.834999
0.263315 57.746960 1.120764 0.003900 0.101912 0.249959 107.964996
0.457943 57.795982 1.120764 0.005197 0.060614 0.248541 108.070000
0.657159 57.845959 1.120764 0.005865 0.041013 0.247395 108.175003
0.858788 57.896278 1.120764 0.006054 0.029749 0.246476 108.279999
1.061688 57.946461 1.120764 0.057476 0.022335 0.207657 108.385002
1.265678 57.993965 1.120764 0.013930 0.022387 0.207602 108.489998
1.470294 58.040161 1.120764 0.011007 0.021473 0.207546 108.595001
1.675312 58.085510 1.120764 0.012599 0.019664 0.207502 108.699997
1.870825 58.127800 1.120764 0.012375 0.019998 0.207469 108.800003
2.066575 58.169235 1.120764 0.010775 0.019377 0.207440 108.900002
2.262582 58.209480 1.120764 0.045474 0.019178 0.168419 109.000000
2.459085 58.247009 1.120764 0.001000 0.019724 0.173512 109.099998
2.655621 58.284565 1.120764 -0.007450 0.019617 0.177651 109.199997
2.852022 58.323059 1.120764 -0.006811 0.019759 0.181018 109.300003
3.048147 58.362865 1.120764 -0.068261 0.016259 0.239109 109.400002
3.252367 58.410645 1.120764 -0.060039 0.019975 0.302841 109.504997
3.454330 58.465794 1.120764 -0.088326 0.022560 0.400357 109.610001
3.680836 58.540619 1.120764 -0.096431 0.027611 0.502459 109.730003
3.874402 58.617191 1.120764 -0.101625 0.031486 0.584159 109.834999
4.062785 58.704758 1.120764 -0.112898 0.035963 0.661839 109.940002
4.244855 58.804165 1.120764 -0.129714 0.040427 0.739774 110.044998
4.419091 58.916306 1.120764 -0.140924 0.043561 0.817542 110.150002
4.584009 59.041569 1.120764 -0.144407 0.044641 0.892260 110.254997
4.745644 59.186356 1.120764 -0.109795 0.042625 0.947146 110.364998
4.890645 59.335175 1.120764 -0.133018 0.039781 1.001431 110.470001
5.026489 59.493179 1.120764 -0.058691 0.033506 1.003856 110.574997
5.155981 59.657574 1.120764 -0.124294 0.031132 1.071703 110.680000
5.276857 59.828659 1.120764 -0.046004 0.026266 1.067057 110.785004
5.392304 60.003998 1.120764 0.005712 0.019053 1.037735 110.889999
5.501966 60.171505 1.120764 -0.004060 0.017765 0.979474 110.989998
5.612249 60.338860 1.120764 0.026568 0.016158 0.938456 111.089996
5.723121 60.505924 1.120764 -0.066517 0.014162 0.987783 111.190002
5.829304 60.675880 1.120764 -0.087355 0.005875 1.079471 111.290001
5.932137 60.853519 1.120764 -0.004423 -0.204125 0.969512 111.394997
6.038973 61.044025 1.120764 0.049272 -0.316950 0.833372 111.525002
6.133183 61.221096 1.120764 0.078831 -0.222036 0.660579 111.690002
6.221568 61.402573 1.120764 0.066487 -0.104808 0.623926 111.964996
6.319362 61.577335 1.120764 -0.007435 -0.013063 1.414584 112.889999
6.499707 61.480312 1.120764 0.024603 0.249864 -0.672841 115.220001
6.667161 61.346725 1.120764 -0.006055 0.095434 -0.828156 115.389999
6.825871 61.217030 1.120764 0.009912 0.038500 -0.965935 115.535004
6.986105 61.079842 1.120764 0.051019 0.031132 -1.102462 115.680000
7.137990 60.932484 1.120764 0.108538 0.050474 -1.239243 115.820000
7.266993 60.775436 1.120764 0.140308 0.065392 -1.369288 115.959999
7.372375 60.602341 1.120764 0.143025 0.069393 -1.465028 116.099998
7.451953 60.415157 1.120764 0.047950 0.049914 -1.461823 116.239998
7.520771 60.219490 1.120764 -0.006066 0.028487 -1.282396 116.379997
7.591221 60.020878 1.120764 -0.003161 0.012004 -1.140577 116.519997
7.663339 59.822388 1.120764 -0.017712 0.012213 -1.033831 116.660004
7.736918 59.632771 1.120764 -0.044985 0.018363 -0.958982 116.794998
7.819656 59.447609 1.120764 -0.116869 0.028277 -0.828199 116.930000
7.919994 59.273914 1.120764 -0.130658 0.040111 -0.674370 117.065002
8.044278 59.109169 1.120764 -0.120021 0.043863 -0.555571 117.205002
8.187072 58.961002 1.120764 -0.134857 0.049631 -0.409499 117.345001
8.346835 58.831081 1.120764 -0.090992 0.046550 -0.362215 117.485001
8.532597 58.707958 1.120764 -0.063319 0.035774 -0.330747 117.635002
8.708928 58.607773 1.120764 -0.049489 0.026370 -0.351909 117.769997
8.891073 58.514843 1.120764 -0.083252 0.018660 -0.338937 117.904999
9.107928 58.426311 1.120764 -0.127565 0.023405 -0.140067 118.059998
9.302749 58.370430 1.120764 -0.055578 0.023664 -0.075092 118.195000
9.500651 58.325142 1.120764 -0.049553 0.021652 -0.020651 118.330002
9.700639 58.288845 1.120764 -0.057703 0.022079 0.037854 118.464996
9.902170 58.263130 1.120764 -0.070328 0.024632 0.100696 118.599998
10.104739 58.249878 1.120764 -0.039267 0.022898 0.130824 118.735001
10.308209 58.245667 1.120764 -0.072787 0.022499 0.163300 118.870003
10.511536 58.253933 1.120764 -0.079982 0.022962 0.232309 119.004997
10.717565 58.275963 1.120764 -0.013360 0.173972 0.233753 119.139999
10.919583 58.305050 1.120764 -0.058581 0.143457 0.265200 119.260002
11.117942 58.343582 1.140857 -0.057686 0.093224 0.308405 119.370003
11.313408 58.389328 1.141384 -0.024022 0.061648 0.302111 119.474998
11.512414 58.439617 1.141810 -0.024014 0.041458 0.297481 119.580002
11.712981 58.493542 1.142173 -0.022788 0.031026 0.293732 119.684998
11.913192 58.552826 1.142482 -0.100680 0.025082 0.389363 119.790001
12.110049 58.622475 1.142743 -0.099457 0.026312 0.480584 119.894997
12.302574 58.702686 1.142966 -0.094519 0.027803 0.566347 120.000000
12.490287 58.792923 1.143155 -0.101411 0.031421 0.648351 120.105003
12.689385 58.903603 1.143331 -0.110404 0.034899 0.733156 120.220001
12.880219 59.027409 1.143477 -0.126268 0.039158 0.817911 120.334999
13.045550 59.152714 1.143590 -0.137976 0.042336 0.894613 120.440002
13.207949 59.296875 1.143690 -0.142165 0.044007 0.970860 120.550003
13.357089 59.452961 1.143774 -0.175981 -0.079196 1.110098 120.660004
13.483465 59.610226 1.143846 -0.174040 -0.089549 1.246331 120.769997
13.594516 59.777931 1.143911 -0.152570 -0.031713 1.303895 120.889999
13.692583 59.967003 1.143972 -0.137145 0.006251 1.366343 121.025002
13.773321 60.181816 1.144026 -0.111983 0.018981 1.433352 121.175003
13.825834 60.379471 1.144064 -0.073754 0.019715 1.472669 121.309998
13.866025 60.579853 1.144095 -0.026463 0.016287 1.480069 121.445000
13.900885 60.781616 1.144120 -0.015749 0.013504 1.465521 121.580002
13.935666 61.006794 1.144143 -0.016374 0.063364 1.482532 121.730003
13.962053 61.205360 1.144158 -0.030184 0.168982 1.501964 121.855003
13.983265 61.407951 1.144170 -0.031107 0.116191 1.553366 121.970001
14.000975 61.613892 1.144180 0.018284 0.073090 1.543264 122.080002
14.019673 61.816437 1.144187 0.009100 0.049121 1.535455 122.184998
14.039372 62.022099 1.144194 -0.005384 0.036533 1.529153 122.290001
14.057895 62.229546 1.144199 -0.083597 0.029511 1.580463 122.394997
14.068213 62.437855 1.144204 -0.076331 0.027651 1.653800 122.500000
14.070540 62.646420 1.144208 -0.076574 0.028417 1.688401 122.605003
14.064911 62.864864 1.144211 -0.026678 0.026948 1.716445 122.714996
14.055387 63.073574 1.144213 -0.013427 0.025719 1.704704 122.820000
14.045216 63.282692 1.144216 -0.002023 0.022451 1.654657 122.925003
14.036285 63.492065 1.144218 0.049541 0.019630 1.564588 123.029999
14.030712 63.701416 1.144221 -0.018690 0.020064 1.549698 123.135002
14.023815 63.910759 1.144222 -0.017384 0.021151 1.554537 123.239998
14.015266 64.120178 1.144222 0.001626 0.021630 1.558395 123.345001
14.005927 64.359680 1.144222 0.019349 0.021321 1.561883 123.464996
13.999912 64.569351 1.144222 0.026116 0.020961 1.564293 123.570000
13.996661 64.779076 1.144222 0.024940 0.020857 1.566250 123.675003
13.996016 64.988838 1.144222 0.018320 0.020724 1.567820 123.779999
13.997249 65.198723 1.144222 0.009554 0.020361 1.569089 123.885002
13.999395 65.408607 1.144222 -0.000035 0.021126 1.570096 123.989998
14.001513 65.618492 1.144222 -0.006362 0.020617 1.570907 124.095001
14.002940 65.828384 1.144222 -0.009404 0.020966 1.571556 124.199997
14.003370 66.028427 1.144222 -0.009426 0.020783 1.572058 124.300003
14.002897 66.228470 1.144222 -0.007622 0.019828 1.572465 124.400002
14.001700 66.428482 1.144222 -0.004410 0.020018 1.572791 124.500000
13.999997 66.638367 1.144222 -0.001016 0.020070 1.573066 124.605003
13.998190 66.848251 1.144222 0.001668 0.020313 1.573289 124.709999
13.996641 67.058052 1.144222 0.048489 -0.030192 1.516875 124.815002
13.999983 67.269478 1.144222 0.134732 -0.131760 1.330876 124.925003
14.015356 67.469589 1.144222 0.135027 -0.069120 1.219205 125.040001
14.049302 67.676498 1.144222 0.132760 -0.011772 1.139354 125.169998
14.102226 67.870262 1.144222 0.119462 0.012657 1.070136 125.300003
14.176206 68.061523 1.144222 0.097332 0.020358 1.002040 125.434998
14.266415 68.244713 1.144222 0.077648 0.021118 0.935109 125.570000
14.369425 68.421127 1.144222 0.061378 0.018972 0.870131 125.705002
14.482480 68.591537 1.144222 0.053460 0.017086 0.805748 125.839996
14.604870 68.756737 1.144222 0.060776 0.142995 0.742759 125.974998
14.738124 68.914665 1.144222 0.024414 0.159069 0.710847 126.099998
14.892022 69.081955 1.144222 0.002071 0.094239 0.696622 126.224998
15.030123 69.227867 1.144222 0.012540 0.060494 0.707042 126.330002
15.200957 69.404099 1.144222 0.032321 0.038220 0.716829 126.455002
15.349214 69.551254 1.139193 0.037938 0.027062 0.723289 126.559998
15.493869 69.689384 1.132896 0.057358 0.008648 0.714073 126.660004
15.656331 69.834770 1.133446 0.093298 -0.058900 0.616021 126.769997
15.813049 69.961830 1.133891 0.100839 0.035545 0.532413 126.875000
15.976642 70.080383 1.134268 0.096569 0.053178 0.453793 126.980003
16.148466 70.191200 1.134590 0.098135 0.047776 0.375146 127.084999
16.327440 70.293358 1.134862 0.108456 0.032784 0.296643 127.190002
16.508196 70.382828 1.135093 0.168458 -0.110278 0.120653 127.294998
16.695414 70.458496 1.135307 0.154883 -0.059126 0.023144 127.410004
16.889204 70.516998 1.135502 0.113571 -0.009226 -0.003205 127.535004
17.117388 70.563828 1.135690 0.082246 0.009317 0.021865 127.684998
17.322334 70.589729 1.144999 0.102710 0.012898 -0.009818 127.820000
17.527109 70.597000 1.144855 0.081451 0.017507 -0.107792 127.955002
17.731485 70.591019 1.144738 -0.001945 0.014152 -0.097614 128.089996
17.943672 70.582886 1.144640 0.033963 0.014432 -0.140747 128.229996
18.148022 70.570045 1.144562 -0.025470 0.010184 -0.143642 128.365005
18.352512 70.558228 1.144498 -0.025850 0.012598 -0.088696 128.500000
18.572556 70.548904 1.144444 -0.028307 0.011492 -0.012717 128.645004
18.777433 70.544724 1.144403 -0.001119 0.011605 0.056485 128.779999
18.991531 70.541267 1.144369 0.019470 0.147553 0.050186 128.919998
19.191870 70.536797 1.144345 -0.001383 0.152902 0.046032 129.039993
19.420282 70.533524 1.144324 -0.022401 0.093341 0.042674 129.164993
19.621326 70.533768 1.144310 -0.030372 0.059978 0.040459 129.270004
19.826576 70.535004 1.144298 0.053710 0.037413 -0.062391 129.375000
20.033705 70.533035 1.144288 0.033680 0.030509 -0.089113 129.479996
20.241522 70.526939 1.144279 0.083862 0.028673 -0.184503 129.585007
20.449127 70.513824 1.144272 0.017770 0.028295 -0.180855 129.690002
20.657120 70.497589 1.144265 0.029452 0.028326 -0.173863 129.794998
20.865337 70.477638 1.144260 0.041350 0.025368 -0.168225 129.899994
21.063469 70.454216 1.159262 0.023935 0.022133 -0.152680 130.000000
21.271397 70.428421 1.158179 -0.029255 0.018153 -0.052694 130.104996
21.479372 70.405487 1.170154 -0.061405 0.021670 0.004861 130.210007
21.717133 70.387154 1.168422 -0.094621 0.027297 0.107476 130.330002
21.924913 70.381798 1.167137 -0.048234 0.031757 0.144294 130.434998
22.133043 70.382729 1.166044 -0.033138 0.031570 0.131327 130.539993
22.371685 70.388924 1.164998 -0.043322 0.028041 0.119658 130.660004
22.590750 70.400238 1.164195 -0.043152 0.024459 0.111244 130.770004
22.799805 70.415863 1.163544 0.005606 0.020440 0.078734 130.875000
23.018782 70.431816 1.162970 0.005385 0.019826 0.016327 130.985001
23.227797 70.445854 1.162506 -0.005266 0.021788 0.019331 131.089996
23.436951 70.460236 1.162112 0.008526 0.021502 0.021733 131.195007
23.646278 70.473701 1.161778 -0.011431 0.020135 0.044967 131.300003
23.855587 70.487404 1.161493 0.015230 0.020645 0.066418 131.404999
24.084978 70.500168 1.161228 0.003993 0.017718 0.068964 131.520004
24.294266 70.510765 1.161024 -0.017369 0.021555 0.098122 131.625000
24.503437 70.523621 1.160853 -0.030259 0.022502 0.101278 131.729996
24.712473 70.539932 1.160706 -0.036713 0.020901 0.103825 131.835007
24.921181 70.560349 1.160581 -0.033560 0.021480 0.105877 131.940002
25.129608 70.584503 1.160475 -0.023382 0.020712 0.107518 132.044998
25.337826 70.611145 1.160384 0.038856 0.019726 0.074778 132.149994
25.566023 70.635689 1.160301 0.090824 0.022464 -0.034081 132.264999
25.784246 70.648209 1.160234 0.099248 0.028044 -0.126352 132.375000
25.992048 70.648666 1.160179 0.110206 0.034094 -0.209081 132.479996
26.198830 70.636597 1.160133 0.118460 0.038911 -0.286383 132.585007
26.404613 70.613197 1.160094 0.045333 0.037034 -0.273873 132.690002
26.610615 70.583588 1.160061 0.043823 0.032472 -0.260154 132.794998
26.816719 70.549049 1.160033 0.014771 0.024951 -0.212058 132.899994
27.022949 70.512024 1.160009 0.005497 0.021223 -0.168284 133.005005
27.229149 70.473854 1.159988 -0.007565 0.019045 -0.123109 133.110001
27.464725 70.429802 1.159969 0.010436 0.020726 -0.127975 133.229996
27.670971 70.391617 1.159955 -0.086958 0.022376 -0.049315 133.335007
27.877897 70.360573 1.159942 -0.098657 0.025368 0.009209 133.440002
28.114941 70.338181 1.159931 -0.129355 0.033293 0.112294 133.559998
28.322243 70.333664 1.159922 -0.098524 0.037207 0.173866 133.664993
28.539516 70.340378 1.159914 -0.046155 0.034749 0.159310 133.774994
28.757505 70.353439 1.159908 -0.043325 0.029706 0.147610 133.884995
28.965885 70.371094 1.159903 -0.038628 0.025427 0.138603 133.990005
29.174267 70.392548 1.159898 0.040502 0.019343 0.070355 134.095001
29.382742 70.410416 1.159894 0.079958 0.020190 -0.038480 134.199997
29.590931 70.419640 1.159892 0.098459 0.026823 -0.135203 134.304993
29.798546 70.418533 1.159889 0.047900 0.032287 -0.166872 134.410004
30.006386 70.410942 1.159887 0.047119 0.024501 -0.160344 134.514999
30.213257 70.397957 1.159884 0.030350 -0.030688 -0.127808 134.619995
30.414139 70.382256 1.159882 -0.011343 -0.084768 -0.020990 134.725006
30.621653 70.366661 1.159880 -0.045062 -0.035870 0.075607 134.839996
30.851189 70.352867 1.159880 0.000881 0.101348 0.078363 134.970001
31.054913 70.342888 1.159880 -0.078653 0.086270 0.101156 135.080002
31.255854 70.342224 1.159880 -0.077165 0.064573 0.147742 135.184998
31.460281 70.351028 1.159880 -0.044154 0.045879 0.136420 135.289993
31.666801 70.365326 1.159880 -0.035668 0.034426 0.127334 135.395004
31.874350 70.383835 1.159880 -0.025096 0.018130 0.115043 135.500000
32.086899 70.405602 1.159880 0.012747 -0.201870 -0.000152 135.610001
32.287281 70.427917 1.159880 0.053899 -0.315018 -0.125820 135.729996
32.488518 70.454826 1.159880 0.082266 -0.221760 -0.298613 135.895004
32.689518 70.490364 1.159880 0.080344 -0.096730 -0.586601 136.169998
32.882832 70.544205 1.159880 0.015582 0.004011 -1.523872 137.065002
32.789650 70.366798 1.159880 -0.008966 0.236313 -2.182295 137.889999
32.671223 70.169930 1.159880 -0.020823 0.099948 -2.134016 138.070007
32.567108 69.997833 1.159880 0.014341 0.046275 -2.100454 138.210007
32.460594 69.827194 1.159880 0.004726 0.021495 -2.031074 138.345001
32.352280 69.654411 1.159880 -0.015096 0.094698 -1.964098 138.479996
32.248657 69.481148 1.159880 0.027987 0.161647 -1.938731 138.604996
32.144348 69.304321 1.159880 0.003447 0.110761 -1.954329 138.720001
32.039787 69.124313 1.159880 -0.037942 0.071854 -1.965564 138.830002
31.942709 68.944443 1.159880 -0.141948 0.050859 -1.889855 138.934998
31.858225 68.756447 1.159880 -0.156412 0.044566 -1.800291 139.039993
31.780773 68.533463 1.159880 -0.143690 0.042835 -1.706813 139.160004
31.727432 68.333336 1.159880 -0.047669 0.035347 -1.706390 139.264999
31.681013 68.130486 1.159880 -0.069972 0.031993 -1.663250 139.369995
31.643105 67.925484 1.159880 -0.111810 0.031929 -1.594698 139.475006
31.613850 67.708992 1.159880 -0.034497 0.028962 -1.594476 139.585007
31.590321 67.501259 1.159880 -0.025178 0.026474 -1.605229 139.690002
31.569510 67.292778 1.159880 -0.025754 0.023675 -1.613866 139.794998
31.551342 67.083817 1.159880 -0.022503 0.022034 -1.620796 139.899994
31.535431 66.874542 1.159880 -0.016039 0.020639 -1.626370 140.005005
31.519741 66.645187 1.159880 -0.005930 0.020766 -1.631199 140.119995
31.505976 66.435623 1.159880 0.001161 0.020488 -1.634718 140.225006
31.491972 66.226089 1.159880 0.005702 0.019937 -1.637546 140.330002
31.477226 66.016685 1.159880 0.007529 0.020470 -1.639812 140.434998
31.460091 65.787338 1.159880 -0.032560 0.020589 -1.617443 140.550003
31.446257 65.557861 1.159880 -0.001502 0.019977 -1.579583 140.664993
31.434532 65.348457 1.159880 0.023598 0.019909 -1.590962 140.770004
31.423006 65.139053 1.159880 -0.017906 0.019670 -1.530193 140.875000
31.412971 64.919678 1.159880 0.005384 0.020895 -1.540028 140.985001
31.403177 64.710243 1.159880 -0.007234 0.021360 -1.547644 141.089996
31.394394 64.500679 1.159880 -0.020943 0.021623 -1.553698 141.195007
31.387928 64.291000 1.159880 -0.026737 0.021079 -1.558544 141.300003
31.384298 64.081276 1.159880 -0.023881 0.021159 -1.562436 141.404999
31.383211 63.851521 1.159880 -0.015667 0.020716 -1.565852 141.520004
31.383982 63.641712 1.159880 -0.005587 0.020751 -1.568316 141.625000
31.386957 63.431908 1.159880 -0.075984 0.020380 -1.487350 141.729996
31.397642 63.222763 1.159880 -0.079917 0.022434 -1.395024 141.835007
31.417150 63.014866 1.159880 -0.079725 0.025337 -1.309972 141.940002
31.450481 62.779385 1.159880 -0.089478 0.030302 -1.220462 142.059998
31.495073 62.556660 1.159880 -0.109492 0.036871 -1.134960 142.175003
31.548838 62.356922 1.159880 -0.127833 0.042636 -1.059415 142.279999
31.616835 62.162308 1.172960 -0.163863 -0.034431 -0.946576 142.384995
31.699711 61.974174 1.173572 -0.180455 -0.102223 -0.821096 142.494995
31.799215 61.796299 1.172581 -0.189466 -0.034757 -0.669110 142.615005
31.930521 61.619770 1.171633 -0.162583 0.016161 -0.550043 142.755005
32.073559 61.473400 1.170891 -0.119814 0.031006 -0.500262 142.889999
32.230541 61.344383 1.170288 -0.105816 0.030415 -0.443708 143.024994
32.410740 61.220200 1.169770 -0.044363 0.020641 -0.460816 143.169998
32.584362 61.111351 1.169379 -0.036761 0.014721 -0.478863 143.304993
32.761753 61.007572 1.169062 -0.026571 0.011558 -0.488560 143.440002
32.940609 60.905891 1.146405 0.021849 0.009804 -0.563459 143.574997
33.117428 60.800945 1.147508 0.038623 0.020007 -0.653974 143.710007
33.285950 60.691235 1.148372 0.048329 0.011290 -0.754949 143.839996
33.448013 60.572536 1.149082 0.068624 0.004598 -0.888130 143.970001
33.604374 60.440071 1.149680 0.080256 0.019885 -1.004207 144.104996
33.769131 60.275295 1.150230 0.070492 0.029862 -1.064699 144.259995
33.902519 60.121529 1.150613 0.055170 0.025719 -1.049133 144.395004
34.042007 59.941654 1.150953 0.060041 0.018106 -1.036270 144.544998
34.159031 59.772633 1.151198 0.049044 0.012565 -1.027645 144.679993
34.269279 59.598747 1.151396 0.028091 0.009887 -1.021180 144.815002
34.377571 59.423550 1.151557 -0.034760 0.008620 -0.923249 144.949997
34.489075 59.250031 1.151688 0.012584 0.109571 -0.927713 145.085007
34.609825 59.062817 1.151795 -0.038995 0.152766 -0.914106 145.220001
34.727669 58.890232 1.151869 -0.075305 0.100010 -0.859962 145.335007
34.846931 58.729393 1.151926 -0.068485 0.064294 -0.818770 145.440002
34.974770 58.569084 1.151974 -0.009890 0.040746 -0.797381 145.544998
35.118484 58.393066 1.152020 0.001394 -0.009812 -0.810733 145.660004
35.254898 58.228195 1.152056 -0.050716 -0.078039 -0.756488 145.770004
35.393551 58.068531 1.152088 -0.108010 -0.107153 -0.669985 145.884995
35.535252 57.922951 1.152116 -0.147396 -0.051203 -0.493408 146.005005
35.716187 57.770821 1.152144 -0.079894 0.002257 -0.413181 146.154999
35.884193 57.649853 1.152164 -0.081115 0.015552 -0.411290 146.289993
36.058537 57.540848 1.152181 -0.059379 0.017351 -0.399521 146.425003
36.252003 57.434589 1.152195 -0.067343 0.014273 -0.394856 146.570007
36.437523 57.346531 1.152205 -0.078536 0.015045 -0.315184 146.705002
36.663754 57.258053 1.152215 -0.057046 0.015767 -0.228955 146.865005
36.858192 57.193916 1.152221 -0.045674 0.014663 -0.162578 147.000000
37.054020 57.139462 1.152227 -0.056493 0.173864 -0.096810 147.130005
37.283527 57.090496 1.152231 -0.065571 0.125695 -0.015565 147.264999
37.485558 57.058846 1.152233 -0.072055 0.084926 0.054248 147.375000
37.685379 57.037533 1.152236 -0.089917 0.063020 0.124225 147.479996
37.888691 57.027184 1.152238 -0.113168 0.055574 0.196605 147.585007
38.093391 57.030220 1.152241 -0.129819 0.053082 0.268479 147.690002
38.297714 57.048588 1.152243 -0.126449 0.052388 0.333545 147.794998
38.501320 57.080387 1.152243 -0.062581 0.043665 0.316714 147.899994
38.705093 57.120335 1.152243 -0.057152 0.035117 0.303078 148.005005
38.908596 57.167122 1.152243 -0.049318 0.027316 0.288959 148.110001
39.121052 57.222179 1.152243 -0.031421 0.022602 0.280485 148.220001
39.332863 57.281250 1.152243 -0.008395 0.020845 0.272740 148.330002
39.525291 57.336281 1.152243 0.007699 0.019616 0.267065 148.429993
39.737213 57.396309 1.152243 0.020515 0.018992 0.261379 148.539993
39.930328 57.449245 1.152243 0.024958 0.018947 0.258332 148.639999
40.123966 57.500187 1.152243 0.023603 0.019007 0.256312 148.740005
40.318096 57.549255 1.152243 0.019316 0.018146 0.254665 148.839996
40.541668 57.603882 1.152243 0.046354 -0.021512 0.213320 148.955002
40.740231 57.647350 1.152243 0.124055 -0.138698 0.010781 149.059998
40.940121 57.679211 1.152243 0.156193 -0.078846 -0.167878 149.175003
41.140766 57.692268 1.152243 0.171553 -0.005692 -0.329290 149.300003
41.345028 57.678566 1.152243 0.164144 0.036778 -0.476362 149.434998
41.547283 57.634769 1.152243 0.103099 0.046517 -0.546761 149.574997
41.737148 57.571354 1.152243 0.092233 0.040261 -0.593282 149.710007
41.922302 57.491138 1.152243 0.085600 0.030953 -0.638799 149.845001
42.101154 57.399769 1.152243 0.068406 -0.228248 -0.785411 149.985001
42.282665 57.306103 1.152243 0.084399 -0.184954 -0.984385 150.179993
42.469372 57.220188 1.152243 0.068172 -0.058297 -1.350915 150.529999
42.288578 57.121193 1.152243 -0.027160 0.292149 -3.039570 152.625000
42.090137 57.091686 1.152243 -0.053952 0.180820 -3.032328 152.750000
41.885441 57.055027 1.152243 -0.020736 0.104086 -3.027176 152.865005
41.650623 57.012180 1.152243 0.091558 0.059173 -3.104826 152.990005
41.447926 56.983410 1.152243 0.042867 0.046115 -3.111952 153.095001
41.242279 56.959644 1.152243 0.041808 0.035779 -3.105399 153.199997
41.034794 56.940300 1.152243 0.042250 0.028992 -3.100144 153.304993
40.826214 56.925343 1.152243 0.034747 0.024353 -3.095950 153.410004
40.587120 56.912571 1.152243 0.020162 0.021531 -3.092141 153.529999
40.377628 56.903633 1.152243 0.005032 0.020849 -3.089506 153.634995
40.168034 56.895126 1.152243 -0.006256 0.020894 -3.087382 153.740005
39.958389 56.885822 1.152243 -0.013260 0.020183 -3.085692 153.845001
39.748825 56.875008 1.152243 -0.014531 0.020726 -3.084332 153.949997
39.529366 56.861908 1.152243 -0.011615 0.020426 -3.083201 154.059998
39.309967 56.847340 1.152243 -0.006462 0.020444 -3.082293 154.169998
39.100563 56.832619 1.152243 -0.001074 0.020675 -3.081598 154.274994
38.891159 56.817669 1.152243 0.003403 0.020670 -3.081035 154.380005
38.671719 56.802288 1.152243 0.006307 0.019401 -3.080568 154.490005
38.462315 56.788174 1.152243 0.007102 0.019821 -3.080214 154.595001
38.252911 56.774689 1.152243 0.006295 0.020036 -3.079927 154.699997
38.043484 56.761730 1.152243 0.004269 0.020784 -3.079699 154.804993
37.833973 56.749790 1.152243 0.026665 0.020142 -3.112958 154.910004
37.624409 56.740051 1.152243 -0.003432 0.020718 -3.108528 155.014999
37.384907 56.728508 1.152243 -0.007611 0.020332 -3.104550 155.134995
37.175343 56.717487 1.152243 -0.005236 0.020157 -3.101782 155.240005
36.965778 56.705845 1.152243 -0.001646 0.020056 -3.099549 155.345001
36.756218 56.693935 1.152243 0.001691 0.019929 -3.097762 155.449997
36.516785 56.680481 1.152243 0.004213 0.020095 -3.096148 155.570007
36.307289 56.669075 1.152243 0.004927 0.020278 -3.095037 155.675003
36.097744 56.658089 1.152243 0.004593 0.019920 -3.094157 155.779999
35.888180 56.647488 1.152243 0.003154 0.020865 -3.093456 155.884995
35.678596 56.637119 1.152243 0.001853 0.020584 -3.092889 155.990005
35.468956 56.626858 1.152243 0.000736 0.019936 -3.092426 156.095001
35.259392 56.616554 1.152243 -0.000172 0.020544 -3.092051 156.199997
35.049828 56.606125 1.152243 -0.000520 0.020478 -3.091752 156.304993
34.840199 56.595539 1.152243 -0.000408 0.020026 -3.091509 156.404999
34.630634 56.584816 1.152243 0.000008 0.020379 -3.091322 156.509995
34.411091 56.573475 1.152243 0.000541 0.020497 -3.091159 156.619995
34.191547 56.562061 1.152243 0.001087 0.019969 -3.091033 156.729996
33.981983 56.551182 1.152243 0.001422 0.020500 -3.090933 156.835007
33.762409 56.539852 1.152243 0.001529 0.020863 -3.090850 156.945007
33.522816 56.527561 1.152243 0.001471 0.020669 -3.090781 157.065002
33.283222 56.515335 1.152243 0.001327 0.020023 -3.090728 157.184998
33.073582 56.504681 1.152243 0.001124 0.019601 -3.090687 157.289993
32.864017 56.494026 1.152243 0.000945 0.019810 -3.090658 157.395004
32.654453 56.483372 1.152243 0.000797 0.020549 -3.090638 157.500000
32.444889 56.472717 1.152243 0.000734 0.020786 -3.090618 157.604996
32.235294 56.462029 1.152243 0.000734 0.020765 -3.090598 157.710007
32.025650 56.451294 1.152243 0.000847 0.020390 -3.090578 157.815002
31.815981 56.440559 1.152243 0.000928 0.020618 -3.090577 157.919998
31.606264 56.429825 1.152243 0.001001 0.020202 -3.090577 158.024994
31.396574 56.419090 1.152243 0.001043 0.020046 -3.090577 158.130005
31.186888 56.408356 1.152243 0.001035 0.020541 -3.090577 158.235001
30.977163 56.397621 1.152243 0.001076 0.019983 -3.090577 158.339996
30.757492 56.386375 1.152243 0.001072 0.020147 -3.090577 158.449997
30.527838 56.374619 1.152243 0.001056 0.020482 -3.090577 158.565002
30.318153 56.363884 1.152243 0.001075 0.020286 -3.090577 158.669998
30.108473 56.353188 1.152243 0.001073 0.020133 -3.090577 158.774994
29.898811 56.342533 1.152243 0.000925 0.020666 -3.090577 158.880005
29.689127 56.331844 1.152243 0.000859 0.020020 -3.090577 158.985001
29.479443 56.321110 1.152243 0.000887 0.020300 -3.090577 159.089996
29.269787 56.310375 1.152243 0.000944 0.020639 -3.090577 159.195007
29.060116 56.300079 1.152243 0.046414 0.018812 -3.133845 159.300003
28.850489 56.292747 1.152243 0.007800 0.020964 -3.132271 159.404999
28.640779 56.286469 1.152243 0.006120 0.021384 -3.131012 159.509995
28.420958 56.280621 1.152243 0.008533 0.020703 -3.129966 159.619995
28.211073 56.275951 1.152243 0.009105 0.020175 -3.129158 159.725006
28.001205 56.272228 1.152243 0.007720 0.020047 -3.128516 159.830002
27.791361 56.269283 1.152243 0.004870 0.020339 -3.127991 159.934998
27.581482 56.266819 1.152243 0.001589 0.020954 -3.127573 160.039993
27.371557 56.264496 1.152243 -0.000848 0.020299 -3.127241 160.145004
27.161617 56.262039 1.152243 -0.002363 0.020168 -3.126974 160.250000
26.941690 56.259163 1.152243 -0.002857 0.020860 -3.126749 160.360001
26.731726 56.256073 1.152243 -0.002469 0.020510 -3.126577 160.464996
26.521761 56.252693 1.152243 -0.001616 0.019797 -3.126439 160.570007
26.311832 56.249119 1.152243 -0.000510 0.019606 -3.126332 160.675003
26.101969 56.245441 1.152243 0.000569 0.020857 -3.126246 160.779999
25.892075 56.241814 1.152243 0.001245 0.020120 -3.126175 160.884995
25.682190 56.238285 1.152243 0.001502 0.020798 -3.126115 160.990005
25.472290 56.234882 1.152243 0.001423 0.020473 -3.126073 161.095001
25.262405 56.231598 1.152243 0.001113 0.020041 -3.126033 161.199997
25.052540 56.228394 1.152243 0.000661 0.020553 -3.126003 161.304993
24.822666 56.224941 1.152243 0.000240 0.020767 -3.125981 161.419998
24.602787 56.221603 1.152243 -0.000039 0.019917 -3.125960 161.529999
24.392929 56.218399 1.152243 -0.000134 0.020688 -3.125940 161.634995
24.183025 56.215134 1.152243 -0.000107 0.020171 -3.125920 161.740005
23.973503 56.211849 1.152243 -0.001089 -0.069385 -3.078798 161.845001
23.766544 56.208755 1.152243 -0.033921 -0.287035 -2.963613 161.955002
23.561104 56.207668 1.152243 -0.069629 -0.294781 -2.822250 162.089996
23.358328 56.212471 1.152243 -0.088064 -0.177212 -2.618059 162.285004
23.152143 56.229542 1.152243 -0.064157 -0.044941 -2.214912 162.669998
23.352961 56.189392 1.152243 -0.015521 0.285730 -0.137349 165.134995
23.560577 56.154316 1.152243 -0.022947 0.172045 -0.051124 165.264999
23.766758 56.125053 1.152243 -0.034418 0.100208 0.030408 165.380005
23.973911 56.101894 1.152243 -0.065348 0.066572 0.111087 165.490005
24.176231 56.087639 1.152243 -0.035751 0.053584 0.143343 165.595001
24.381531 56.078922 1.152243 -0.040120 0.044452 0.129596 165.699997
24.588903 56.075382 1.152243 -0.063604 0.037905 0.118403 165.804993
24.797319 56.079136 1.152243 -0.070548 0.031291 0.109555 165.910004
25.006035 56.090736 1.152243 -0.059686 0.025452 0.102442 166.014999
25.224564 56.109921 1.152243 -0.036705 0.021698 0.096472 166.125000
25.432947 56.132420 1.152243 -0.009133 0.021545 0.091943 166.229996
25.641354 56.156116 1.152243 0.011637 0.021459 0.088237 166.335007
25.849976 56.178722 1.152243 0.025653 0.020698 0.085295 166.440002
26.058867 56.198795 1.152243 0.029735 0.020650 0.082915 166.544998
26.268011 56.215881 1.152243 0.026410 0.019804 0.081024 166.649994
26.517252 56.232922 1.152243 0.016143 0.019940 0.079241 166.774994
26.726749 56.245529 1.152243 0.006143 0.020179 0.078063 166.880005
26.936274 56.257694 1.152243 -0.002428 0.019722 0.077132 166.985001
27.145735 56.270309 1.152243 -0.007805 0.020692 0.076380 167.089996
27.355179 56.283913 1.152243 -0.009371 0.021194 0.075773 167.195007
27.564602 56.298664 1.152243 -0.007943 0.020837 0.075282 167.300003
27.774006 56.314384 1.152243 -0.004632 0.020258 0.074893 167.404999
27.973423 56.329956 1.152243 -0.001208 0.019701 0.074591 167.505005
28.182758 56.346535 1.152243 0.002259 0.019728 0.074337 167.610001
28.411995 56.364578 1.152243 0.004722 0.020238 0.074117 167.725006
28.621319 56.380688 1.152243 0.005437 0.020247 0.073959 167.830002
28.840624 56.397102 1.152243 0.004965 0.020204 0.073829 167.940002
29.049988 56.412380 1.152243 0.003821 0.020478 0.073723 168.044998
29.279331 56.428833 1.152243 0.002248 0.020352 0.073632 168.160004
29.488752 56.443733 1.152243 0.000933 0.020736 0.073568 168.264999
29.698221 56.458721 1.152243 0.000191 0.019993 0.073517 168.369995
29.907660 56.473824 1.152243 -0.000079 0.019693 0.073475 168.475006
30.117037 56.489082 1.152243 0.000042 0.019584 0.073443 168.580002
30.326361 56.504478 1.152243 0.000405 0.020175 0.073417 168.684998
30.535685 56.519974 1.152243 0.000953 0.019936 0.073397 168.789993
30.744892 56.536198 1.152243 -0.069607 0.018594 0.137893 168.895004
30.952927 56.559368 1.152243 -0.091439 0.021681 0.239016 169.000000
31.188301 56.597351 1.152243 -0.023025 0.025284 0.274664 169.119995
31.393740 56.635071 1.152243 -0.017204 0.025852 0.267461 169.225006
31.599215 56.675312 1.152243 -0.027688 0.024269 0.261700 169.330002
31.804321 56.718987 1.152243 -0.031936 0.021668 0.257036 169.434998
32.047646 56.775822 1.152243 -0.024397 0.020859 0.251693 169.559998
32.241741 56.824348 1.152243 -0.013985 0.020116 0.249149 169.660004
32.464592 56.882137 1.152243 -0.001588 0.018900 0.246798 169.774994
32.658295 56.932922 1.152243 0.007783 0.019334 0.245156 169.875000
32.852127 56.983292 1.152243 0.014054 0.018771 0.243827 169.975006
33.046219 57.032665 1.152243 0.016274 0.019109 0.242758 170.074997
33.240623 57.080853 1.152243 0.015370 0.018614 0.241890 170.175003
33.435276 57.127949 1.152243 0.011908 0.018933 0.241185 170.274994
33.630096 57.174274 1.152243 0.007821 0.018463 0.240619 170.375000
33.844437 57.224792 1.152243 0.003105 0.019482 0.240108 170.485001
34.039291 57.270760 1.152243 0.000170 0.019648 0.239737 170.585007
34.234131 57.317055 1.152243 -0.000991 0.018676 0.239435 170.684998
34.428860 57.363777 1.152243 -0.001059 0.018990 0.239192 170.785004
34.623596 57.410397 1.152243 0.063846 0.018727 0.185045 170.884995
34.829014 57.453583 1.152243 0.082867 0.020273 0.090864 170.990005
35.035210 57.490372 1.152243 0.057008 0.023222 0.060134 171.095001
35.242031 57.521908 1.152243 0.014376 0.022787 0.035940 171.199997
35.449280 57.551117 1.152243 0.008860 0.023437 0.045553 171.304993
35.656963 57.579193 1.152243 0.025161 0.023949 0.053312 171.410995
35.894970 57.607994 1.152243 0.035464 0.022645 0.060274 171.529999
36.103733 57.629307 1.152243 0.033969 0.021372 0.065142 171.634995
36.312847 57.647144 1.152243 0.025429 0.020617 0.069060 171.740005
36.522186 57.662437 1.152243 0.013340 0.020978 0.072227 171.845001
36.761597 57.678474 1.152243 0.000181 0.020172 0.075046 171.964996
37.000992 57.694683 1.152243 -0.008438 0.019784 0.077244 172.085007
37.210350 57.709976 1.152243 -0.011614 0.019691 0.078764 172.190002
37.419571 57.726639 1.152243 -0.010824 0.020153 0.079984 172.294998
37.628693 57.744572 1.152243 -0.007090 0.020750 0.080959 172.399994
37.837826 57.762722 1.152243 0.065357 0.019749 0.022666 172.505005
38.047024 57.775452 1.152243 0.017914 0.021287 -0.012078 172.610001
38.276222 57.786491 1.152243 0.006624 0.021993 -0.006492 172.725006
38.485661 57.795700 1.152243 0.014986 0.022417 -0.002388 172.830002
38.695293 57.803276 1.152243 0.020820 0.021630 0.000861 172.934998
38.904964 57.810242 1.152243 -0.059763 0.018598 0.091711 173.039993
39.143635 57.825668 1.152243 -0.076073 0.021708 0.204380 173.160004
39.360695 57.849560 1.152243 -0.052943 0.025472 0.280007 173.270004
39.566505 57.880039 1.152243 -0.054222 0.029611 0.322354 173.375000
39.771408 57.917145 1.152243 -0.046069 0.031848 0.314473 173.479996
39.975796 57.960224 1.152243 -0.061231 0.028704 0.307194 173.585007
40.179024 58.010410 1.152243 -0.094716 0.025005 0.321390 173.690002
40.379581 58.070580 1.152243 -0.040657 0.022757 0.341454 173.794998
40.578869 58.135464 1.152243 -0.011916 0.019896 0.285136 173.899994
40.778217 58.200943 1.152243 0.054463 0.019770 0.231061 174.005005
40.977638 58.261658 1.152243 0.047101 -0.109956 0.227629 174.110001
41.195564 58.322647 1.152243 -0.003139 -0.318722 0.358533 174.235001
41.390854 58.373043 1.152243 -0.048394 -0.269679 0.510381 174.380005
41.586742 58.416897 1.152243 -0.071267 -0.149456 0.740772 174.600006
41.784687 58.448143 1.152243 -0.047477 -0.027873 1.238206 175.074997
41.643463 58.597782 1.152243 0.008886 0.195132 2.611371 176.684998
41.474426 58.706665 1.152243 0.002596 0.083261 2.559689 176.835007
41.302425 58.815754 1.152243 -0.058503 0.036384 2.575478 176.975006
41.127125 58.916027 1.152243 -0.044032 0.018435 2.588537 177.110001
40.946445 59.011288 1.152243 -0.026721 0.063707 2.598315 177.244995
40.767784 59.101994 1.152243 -0.011153 0.165018 2.605346 177.369995
40.586037 59.194595 1.152243 0.008569 0.117023 2.610441 177.485001
40.402252 59.290779 1.152243 0.020249 0.072850 2.614291 177.595001
40.222603 59.388054 1.152243 0.021706 0.037141 2.617220 177.699997
40.043091 59.488308 1.152243 0.016302 -0.039692 2.619585 177.804993
39.856514 59.594654 1.152243 0.009665 -0.258651 2.546474 177.919998
39.664494 59.702438 1.152243 0.047338 -0.290552 2.394633 178.065002
39.479095 59.799881 1.152243 0.073762 -0.172989 2.179956 178.270004
39.296597 59.883804 1.152243 0.059788 -0.049856 1.782008 178.649994
39.319866 60.086491 1.152243 0.026191 0.320393 0.806845 180.000000
39.462337 60.229965 1.152243 0.004960 0.249667 0.736381 180.145004
39.607788 60.375401 1.152243 -0.053020 0.134646 0.708523 180.264999
39.748978 60.523846 1.152243 -0.023302 0.076002 0.698834 180.375000
39.886372 60.673264 1.152243 -0.027861 0.047155 0.705541 180.479996
40.025177 60.826683 1.152243 0.000320 0.034023 0.717924 180.585007
40.165924 60.981182 1.152243 0.026355 0.028302 0.728044 180.690002
40.302933 61.127068 1.152243 0.041787 0.023582 0.735743 180.789993
40.443378 61.270435 1.152243 0.043239 0.019690 0.741985 180.889999
40.587002 61.411053 1.152243 0.035645 0.016878 0.747053 180.990005
40.733059 61.549377 1.152243 0.022524 0.014890 0.751150 181.089996
40.880527 61.686260 1.152243 0.007274 0.014881 0.754477 181.190002
41.028381 61.822788 1.152243 -0.005198 0.014910 0.757179 181.289993
41.175835 61.959782 1.152243 -0.012941 0.014930 0.759379 181.389999
41.322388 62.097740 1.152243 -0.016069 0.014459 0.761147 181.490005
41.467850 62.236835 1.152243 -0.014432 0.014681 0.762582 181.589996
41.612358 62.376949 1.152243 -0.010465 0.014574 0.763752 181.690002
41.756191 62.517754 1.152243 -0.004886 0.014823 0.764700 181.789993
41.899719 62.658878 1.152243 -0.000040 0.014405 0.765470 181.889999
42.043285 62.799999 1.152243 0.003742 0.014695 0.766099 181.990005
42.187119 62.940865 1.152243 0.005738 0.014072 0.766602 182.089996
42.331314 63.081322 1.152243 0.005846 0.014945 0.767008 182.190002
42.475903 63.221401 1.152243 0.004764 0.014655 0.767342 182.289993
42.620815 63.361198 1.152243 0.002894 0.015396 0.767614 182.389999
42.765915 63.500854 1.152243 0.001322 0.013928 0.767833 182.490005
42.911053 63.640415 1.152243 -0.000285 0.014012 0.768011 182.589996
43.056126 63.780006 1.152243 -0.001360 0.014060 0.768160 182.690002
43.201065 63.919701 1.152243 -0.002088 0.014905 0.768491 182.789993
43.350735 64.064301 1.152243 0.008488 -0.175236 0.674229 182.895004
43.495693 64.205643 1.152243 0.049900 -0.324705 0.553798 183.009995
43.636650 64.347923 1.152243 0.080941 -0.249558 0.396714 183.160004
43.772942 64.495850 1.152243 0.086475 -0.126315 0.150615 183.395004
43.898216 64.652458 1.152243 0.041766 -0.012302 -0.425362 183.945007
43.777405 64.485214 1.152243 -0.002422 0.317140 -2.203658 186.054993
43.660164 64.317184 1.152243 0.014945 0.212802 -2.211311 186.190002
43.540970 64.151894 1.152243 0.023330 0.124812 -2.217251 186.304993
43.410507 63.977066 1.152243 0.024187 0.066070 -2.220842 186.419998
43.279251 63.806423 1.152243 0.018464 0.040294 -2.222875 186.529999
43.125076 63.611752 1.152243 0.040174 0.024659 -2.267569 186.654999
42.972370 63.426674 1.152243 0.050627 0.018959 -2.299926 186.774994
42.840904 63.275623 1.152243 0.091176 0.018140 -2.399712 186.875000
42.688942 63.116821 1.152243 0.052356 0.020692 -2.472331 186.985001
42.539261 62.969780 1.152243 0.019994 0.022807 -2.460200 187.089996
42.394585 62.831085 1.152243 0.029486 0.021305 -2.454706 187.190002
42.247517 62.694321 1.152243 0.037243 0.018667 -2.450274 187.289993
42.097851 62.560093 1.152243 0.036809 0.017090 -2.445584 187.389999
41.945801 62.428394 1.152243 0.029271 0.015560 -2.442878 187.490005
41.791977 62.298683 1.152243 0.017476 0.015400 -2.439932 187.589996
41.637150 62.170052 1.152243 0.006021 0.014697 -2.438286 187.690002
41.482082 62.041691 1.152243 -0.003625 0.014351 -2.436947 187.789993
41.327374 61.912922 1.152243 -0.019688 0.014622 -2.430377 187.889999
41.175320 61.781372 1.152243 -0.097783 0.013827 -2.325587 187.990005
41.030247 61.643280 1.152243 -0.107095 0.019640 -2.231093 188.089996
40.886246 61.491013 1.152243 -0.044459 0.023622 -2.190885 188.195007
40.746410 61.334541 1.152243 -0.029511 0.022906 -2.198764 188.300003
40.615704 61.182701 1.152243 -0.082618 0.021862 -2.168168 188.399994
40.490444 61.026283 1.152243 -0.080926 0.022094 -2.135552 188.500000
40.370712 60.865528 1.152243 -0.034425 0.020175 -2.145100 188.600006
40.253536 60.702549 1.152243 -0.023005 0.018130 -2.152427 188.699997
40.137917 60.538181 1.152243 -0.015673 0.016852 -2.158334 188.800003
40.023849 60.372612 1.152243 -0.076497 0.017141 -2.106163 188.904999
39.915394 60.203598 1.152243 -0.086703 0.018276 -2.022765 189.005005
39.814346 60.030712 1.152243 -0.087279 0.021192 -1.940164 189.104996
39.715740 59.845665 1.152243 -0.020513 0.021604 -1.919681 189.210007
39.619797 59.659027 1.152243 -0.023718 0.022832 -1.929867 189.315002
39.517231 59.452869 1.152243 -0.042922 0.022860 -1.938829 189.425003
39.431709 59.271545 1.152243 -0.049556 0.020379 -1.945081 189.524994
39.342342 59.069851 1.152243 -0.043909 0.018564 -1.950568 189.634995
39.264874 58.884834 1.152243 -0.031458 0.018080 -1.954605 189.735001
39.189865 58.698765 1.152243 -0.016626 0.017389 -1.957863 189.835007
39.116001 58.512260 1.152243 -0.002624 0.017350 -1.960509 189.934998
39.040363 58.326626 1.152243 0.087877 0.016646 -2.053951 190.035004
38.952705 58.136059 1.152243 0.100513 0.021360 -2.151397 190.139999
38.855202 57.951202 1.152243 0.101595 0.026272 -2.238177 190.244995
38.747551 57.772736 1.152243 0.112623 0.031706 -2.323988 190.350006
38.629166 57.601730 1.152243 0.122141 0.036493 -2.403323 190.455002
38.486778 57.424313 1.152243 0.131363 0.039718 -2.486330 190.570007
38.345051 57.272713 1.152243 0.138176 0.041745 -2.561115 190.675003
38.192341 57.132343 1.152243 0.142444 0.042961 -2.635800 190.779999
38.029594 57.004223 1.152243 0.106345 -0.036608 -2.640678 190.884995
37.860523 56.884548 1.152243 0.032413 -0.256608 -2.525493 190.994995
37.686386 56.767414 1.152243 -0.026899 -0.299870 -2.384130 191.130005
37.506138 56.653954 1.152243 -0.063941 -0.185020 -2.174703 191.330002
37.330441 56.555981 1.152243 -0.060656 -0.062775 -1.802971 191.684998
37.480968 56.409317 1.152243 -0.008757 0.313276 -0.236940 193.664993
37.675720 56.358719 1.152243 -0.019875 0.201834 -0.159897 193.794998
37.874554 56.311806 1.152243 -0.031864 0.111048 -0.078090 193.910004
38.105026 56.264519 1.152243 -0.062896 0.068793 0.013698 194.035004
38.333786 56.226845 1.152243 -0.056348 0.052695 0.049695 194.154999
38.537655 56.200005 1.152243 -0.045689 0.044238 0.038511 194.259995
38.763721 56.176949 1.152243 -0.071139 0.037095 0.028707 194.375000
38.971821 56.163952 1.152243 -0.077673 0.029598 0.021571 194.479996
39.180748 56.159222 1.152243 -0.064622 0.025188 0.015861 194.585007
39.390038 56.161247 1.152243 -0.039386 0.022358 0.011310 194.690002
39.599510 56.167309 1.152243 -0.011179 0.022012 0.007652 194.794998
39.809128 56.174450 1.152243 0.010806 0.020826 0.004723 194.899994
40.018818 56.180382 1.152243 0.025034 0.021192 0.002364 195.005005
40.228577 56.183620 1.152243 0.029309 0.020333 0.000477 195.110001
40.438381 56.183792 1.152243 0.024881 0.020698 -0.001037 195.214996
40.658176 56.181141 1.152243 0.015460 0.020347 -0.002310 195.324997
40.867981 56.176907 1.152243 0.004899 0.020718 -0.003278 195.429993
41.077827 56.172138 1.152243 -0.003351 0.020015 -0.004058 195.535004
41.287666 56.167744 1.152243 -0.008799 0.019910 -0.004687 195.639999
41.497471 56.164276 1.152243 -0.010943 0.020006 -0.005196 195.744995
41.737301 56.161694 1.152243 -0.009489 0.020346 -0.005653 195.865005
41.947186 56.160500 1.152243 -0.005969 0.020886 -0.005964 195.970001
42.157070 56.159924 1.152243 -0.002480 0.020815 -0.006218 196.074997
42.366955 56.159592 1.152243 0.000515 0.019670 -0.006419 196.179993
42.576797 56.159161 1.152243 0.002968 0.020370 -0.006579 196.285004
42.786606 56.158398 1.152243 0.003862 0.020621 -0.006709 196.389999
42.996490 56.157207 1.152243 0.003469 0.020571 -0.006813 196.494995
43.206375 56.155598 1.152243 0.034665 0.019849 -0.027536 196.600006
43.416126 56.151283 1.152243 0.036377 0.019934 -0.063286 196.705002
43.625374 56.141785 1.152243 0.091636 0.021337 -0.165949 196.809998
43.833374 56.123425 1.152243 0.024481 0.024742 -0.186895 196.914993
44.060966 56.099113 1.152243 0.013659 0.024505 -0.178708 197.029999
44.268963 56.074841 1.152243 0.020790 0.023706 -0.172784 197.134995
44.476887 56.047962 1.152243 0.023589 0.021555 -0.168052 197.240005
44.714230 56.013855 1.152243 0.018246 0.021171 -0.163780 197.360001
44.941414 55.978451 1.152243 0.009379 0.020450 -0.160565 197.475006
45.138844 55.946396 1.152243 0.001449 0.019653 -0.158312 197.574997
45.336224 55.914009 1.152243 -0.006369 0.020240 -0.156506 197.675003
45.533707 55.881992 1.152243 -0.010819 0.019908 -0.155037 197.774994
45.731323 55.850758 1.152243 -0.012222 0.020259 -0.153846 197.875000
45.929092 55.820446 1.152243 -0.011376 0.019491 -0.152887 197.975006
46.126961 55.790962 1.152243 -0.008673 0.019920 -0.152104 198.074997
46.324902 55.762054 1.152243 -0.005296 0.019884 -0.151470 198.175003
46.522884 55.733414 1.152243 -0.002121 0.020334 -0.150960 198.274994
46.740665 55.701839 1.152243 -0.000233 0.019647 -0.150500 198.384995
46.948009 55.671986 1.152243 -0.067096 -0.080590 -0.048049 198.490005
47.154385 55.647373 1.152243 -0.083725 -0.130168 0.049265 198.600006
47.385197 55.630157 1.152243 -0.098657 -0.059502 0.141984 198.735001
47.600349 55.628956 1.152243 -0.100634 -0.010656 0.221196 198.869995
47.800110 55.642784 1.152243 -0.069389 0.009389 0.246808 199.000000
48.004341 55.667980 1.152243 -0.030316 0.012411 0.227880 199.134995
48.207333 55.699127 1.152243 -0.020579 0.012176 0.213522 199.270004
48.409611 55.734188 1.152243 -0.011099 0.011564 0.202670 199.404999
48.613762 55.771862 1.152243 0.000767 0.156734 0.194502 199.539993
48.839085 55.813950 1.152243 0.007630 0.138512 0.188301 199.675003
49.038960 55.850697 1.152243 0.010797 0.087680 0.184410 199.785004
49.237621 55.886333 1.152243 0.011757 0.056684 0.181427 199.889999
49.440460 55.921764 1.152243 0.010994 0.038005 0.179051 199.994995
49.645466 55.956730 1.152243 0.008448 0.029219 0.177137 200.100006
49.851616 55.991333 1.152243 0.005426 0.024553 0.175601 200.205002
50.058334 56.025780 1.152243 0.002673 0.021928 0.174374 200.309998
50.285049 56.063595 1.152243 0.000609 0.020775 0.173306 200.425003
50.492130 56.098396 1.152243 -0.000098 0.020264 0.172526 200.529999
50.689350 56.131836 1.152243 0.000055 0.019908 0.171925 200.630005
50.906609 56.166168 1.152243 0.023734 0.018914 0.103788 200.740005
51.114330 56.194721 1.152243 0.035351 0.020410 0.050126 200.845001
51.322327 56.219006 1.152243 0.035199 0.022368 0.008575 200.949997
51.530621 56.239853 1.152243 0.052007 0.023567 -0.011286 201.054993
51.739132 56.254936 1.152243 0.103265 0.027756 -0.097904 201.160004
51.947388 56.258934 1.152243 0.067744 0.030937 -0.147949 201.264999
52.155663 56.254944 1.152243 0.073014 0.030155 -0.159048 201.369995
52.363865 56.243675 1.152243 0.100405 0.030775 -0.202614 201.475006
52.570934 56.221298 1.152243 0.088003 0.032060 -0.261480 201.580002
52.776836 56.189156 1.152243 0.006835 0.027006 -0.216413 201.684998
52.982887 56.153854 1.152243 -0.007487 0.022614 -0.170875 201.789993
53.188980 56.116642 1.152243 0.034316 0.021362 -0.171190 201.895004
53.394981 56.078571 1.152243 -0.064155 0.019432 -0.064517 202.000000
53.601391 56.047115 1.152243 -0.093680 0.025542 0.029774 202.104996
53.808231 56.024967 1.152243 -0.041265 0.030681 0.050932 202.210007
54.015926 56.008190 1.152243 -0.043499 0.030482 0.041784 202.315002
54.244438 55.995514 1.152243 -0.056629 0.027100 0.033874 202.429993
54.503513 55.989925 1.152243 -0.051437 0.015815 0.026922 202.559998
54.731216 55.991962 1.152243 -0.032845 -0.036102 0.022141 202.675003
54.932827 55.996498 1.152243 0.005966 -0.070373 -0.028507 202.779999
55.133835 56.000259 1.152243 0.029605 -0.042528 -0.060468 202.889999
55.339378 56.002674 1.152243 -0.027957 0.088624 0.002799 203.005005
55.572060 56.006634 1.152243 0.033723 0.074123 0.000488 203.130005
55.774212 56.006420 1.152243 0.032446 0.052068 -0.001048 203.235001
55.979935 56.002769 1.152243 0.021283 0.037738 -0.002295 203.339996
56.187599 55.996967 1.152243 0.006003 0.029073 -0.003286 203.445007
56.436134 55.989452 1.152243 -0.008783 0.024731 -0.004216 203.570007
56.645466 55.984085 1.152243 -0.015173 0.022489 -0.004832 203.675003
56.855045 55.980320 1.152243 -0.016195 0.021481 -0.005326 203.779999
57.064594 55.976490 1.152243 0.076052 0.017569 -0.103711 203.884995
57.273479 55.966877 1.152243 0.019230 0.023550 -0.112250 203.990005
57.482384 55.954464 1.152243 0.018948 0.024013 -0.110132 204.095001
57.691452 55.939938 1.152243 -0.032883 0.021457 -0.063402 204.199997
57.900734 55.928104 1.152243 -0.055567 0.019835 0.033715 204.304993
58.129639 55.922127 1.152243 -0.026919 0.020874 0.108239 204.419998
58.338440 55.920109 1.152243 0.003713 0.023498 0.097077 204.524994
58.547596 55.918270 1.152243 -0.015269 0.024613 0.088102 204.630005
58.757072 55.918324 1.152243 -0.033268 0.024761 0.080935 204.735001
58.966702 55.922096 1.152243 -0.039474 0.023251 0.075120 204.839996
59.176334 55.930195 1.152243 -0.035251 0.021229 0.070507 204.945007
59.385834 55.942097 1.152243 -0.023882 0.020048 0.066786 205.050003
59.625084 55.958778 1.152243 -0.006307 0.020717 0.063413 205.169998
59.834408 55.974289 1.152243 0.005866 0.019962 0.061080 205.274994
60.043732 55.989254 1.152243 0.014328 0.020608 0.059229 205.380005
60.253132 56.002792 1.152243 0.017343 0.019707 0.057742 205.485001
60.462608 56.014648 1.152243 0.015306 0.020476 0.056546 205.589996
60.672161 56.025021 1.152243 0.010658 0.020612 0.055584 205.695007
60.881786 56.034420 1.152243 0.005082 0.020254 0.054814 205.800003
61.091431 56.043430 1.152243 -0.000496 0.020751 0.054194 205.904999
61.301075 56.052624 1.152243 -0.003897 0.020641 0.053697 206.009995
61.540668 56.063786 1.152243 -0.005154 0.020173 0.053252 206.130005
61.750267 56.074253 1.152243 -0.004366 0.020357 0.052940 206.235001
61.959831 56.085285 1.152243 -0.002505 0.019925 0.052690 206.339996
62.209312 56.098877 1.152243 0.000071 0.020071 0.052457 206.464996
62.428802 56.110962 1.152243 0.001967 0.020564 0.052297 206.574997
62.638348 56.122383 1.152243 0.003046 0.019974 0.052173 206.679993
62.847912 56.133591 1.152243 0.003362 0.020226 0.052074 206.785004
63.057430 56.144962 1.152243 -0.058720 0.019363 0.101395 206.889999
63.266178 56.162159 1.152243 -0.086774 0.021254 0.202088 206.994995
63.473198 56.188789 1.152243 -0.089729 0.025654 0.292073 207.100006
63.678333 56.224457 1.152243 -0.024226 0.027819 0.305610 207.205002
63.883167 56.264164 1.152243 -0.024583 0.027002 0.297382 207.309998
64.107323 56.311668 1.152243 -0.040233 0.025511 0.290204 207.425003
64.311310 56.359978 1.152243 -0.041948 0.023565 0.284932 207.529999
64.514397 56.413147 1.152243 -0.033259 0.020551 0.280759 207.634995
64.735840 56.475697 1.152243 -0.015885 0.019539 0.277145 207.750000
64.956787 56.540619 1.152243 0.034229 0.017967 0.252132 207.865005
65.159233 56.596264 1.152243 0.060646 0.019960 0.170497 207.970001
65.362839 56.646072 1.152243 0.022773 0.022138 0.174753 208.074997
65.567162 56.693501 1.152243 0.025719 0.021469 0.178369 208.179993
65.772202 56.738480 1.152243 0.028783 0.021526 0.181252 208.285004
65.968132 56.778805 1.152243 0.026777 0.019987 0.183444 208.384995
66.164536 56.816910 1.152243 0.020060 0.020049 0.185256 208.485001
66.361290 56.853443 1.152243 0.011296 0.020131 0.186717 208.585007
66.558212 56.889233 1.152243 0.003079 0.019614 0.187895 208.684998
66.755157 56.925045 1.152243 -0.002640 0.020085 0.188863 208.785004
66.951996 56.961285 1.152243 0.040471 0.018012 0.157414 208.884995
67.159027 56.995655 1.152243 0.027142 0.019857 0.099293 208.990005
67.366402 57.026833 1.152243 0.002462 0.021068 0.107575 209.095001
67.573936 57.057697 1.152243 0.008582 0.021466 0.113120 209.199997
67.781708 57.087811 1.152243 0.016016 0.020663 0.115570 209.304993
67.989738 57.116409 1.152243 0.018853 0.020515 0.117011 209.410004
68.188103 57.142017 1.152243 0.017191 0.020061 0.118981 209.509995
68.396568 57.167355 1.152243 0.012428 0.020014 0.120390 209.615005
68.595238 57.190472 1.152243 0.007086 0.020260 0.120829 209.714996
68.803841 57.214249 1.152243 0.001686 0.020046 0.121216 209.820007
69.012573 57.236485 1.152243 0.075141 0.019201 0.037694 209.925003
69.221519 57.253040 1.152243 0.004505 0.020925 0.030259 210.029999
69.430603 57.268635 1.152243 -0.000920 0.020939 0.034439 210.134995
69.639740 57.284275 1.152243 0.007612 0.021530 0.037816 210.240005
69.848991 57.299160 1.152243 0.014365 0.020513 0.040528 210.345001
70.058395 57.312607 1.152243 0.016627 0.020746 0.042722 210.449997
70.267952 57.324398 1.152243 0.014431 0.020709 0.044468 210.554993
70.477608 57.334759 1.152243 0.009464 0.020624 0.045864 210.660004
70.687332 57.344215 1.152243 0.004440 0.019967 0.046988 210.764999
70.907043 57.353680 1.152243 0.039989 0.019100 0.021046 210.875000
71.116631 57.358322 1.152243 0.085190 0.020275 -0.081765 210.979996
71.325508 57.353790 1.152243 0.085818 0.024341 -0.171883 211.085007
71.533340 57.340038 1.152243 0.026277 0.026235 -0.207407 211.190002
71.741074 57.321938 1.152243 0.020662 0.028065 -0.194117 211.294998
71.949036 57.300873 1.152243 0.035609 0.026408 -0.181966 211.399994
72.156914 57.275505 1.152243 0.043288 0.023444 -0.175818 211.505005
72.393600 57.239056 1.152243 0.053574 0.022705 -0.212385 211.625000
72.599655 57.200500 1.152243 0.013593 0.021501 -0.204403 211.729996
72.805534 57.160019 1.152243 -0.005133 0.020459 -0.198044 211.835007
73.011536 57.119701 1.152243 -0.015446 0.019735 -0.192961 211.940002
73.217850 57.080647 1.152243 -0.018970 0.020293 -0.188867 212.044998
73.414688 57.044979 1.152243 -0.017977 0.019933 -0.184986 212.145004
73.611816 57.010735 1.152243 -0.014287 0.019618 -0.182564 212.244995
73.809113 56.977551 1.152243 -0.009157 0.018996 -0.180613 212.345001
74.016373 56.943302 1.152243 -0.002977 0.020242 -0.178956 212.449997
74.243439 56.905773 1.152243 0.001034 0.019259 -0.177514 212.565002
74.440735 56.872749 1.152243 0.002927 0.019553 -0.176513 212.664993
74.637939 56.839130 1.152243 0.035848 0.019182 -0.195328 212.764999
74.853714 56.797203 1.152243 0.087615 0.020013 -0.300668 212.875000
75.057419 56.749104 1.152243 0.010363 0.021459 -0.310057 212.979996
75.260735 56.698681 1.152243 0.003799 0.022041 -0.300207 213.085007
75.464050 56.647121 1.152243 0.012729 0.021527 -0.293846 213.190002
75.667114 56.593719 1.152243 0.018062 0.020197 -0.288262 213.294998
75.860062 56.540722 1.152243 0.017235 0.019372 -0.285648 213.395004
76.052536 56.485786 1.152243 0.011600 0.019345 -0.283595 213.494995
76.244698 56.429440 1.152243 0.004325 0.019349 -0.282018 213.595001
76.436661 56.372372 1.152243 -0.001921 0.018286 -0.280697 213.695007
76.628616 56.315193 1.152243 -0.007656 0.019180 -0.280169 213.794998
76.820915 56.259041 1.152243 -0.078532 0.018267 -0.220088 213.895004
77.024315 56.207172 1.152243 -0.055556 0.019837 -0.148517 214.000000
77.228813 56.161530 1.152243 -0.075908 0.022961 -0.103354 214.104996
77.454002 56.119465 1.152243 -0.025084 0.024159 -0.073929 214.220001
77.670212 56.083099 1.152243 -0.013843 0.023881 -0.084420 214.330002
77.877174 56.049870 1.152243 -0.022200 0.023167 -0.092439 214.434998
78.084679 56.018829 1.152243 -0.026843 0.021864 -0.098932 214.539993
78.302666 55.990948 1.152243 -0.041315 0.021906 -0.063680 214.649994
78.521187 55.968075 1.152243 -0.021581 0.021349 -0.069010 214.759995
78.740005 55.947659 1.152243 -0.015134 0.020706 -0.073271 214.869995
78.949089 55.931328 1.152243 -0.091715 0.019683 0.012095 214.975006
79.158012 55.924217 1.152243 -0.051334 0.023055 0.075221 215.080002
79.366867 55.923225 1.152243 -0.014891 0.024462 0.068290 215.184998
79.576042 55.924358 1.152243 -0.019889 0.024737 0.062694 215.289993
79.785522 55.927818 1.152243 -0.023927 0.023345 0.058183 215.395004
79.995148 55.933956 1.152243 -0.022836 0.021211 0.054551 215.500000
80.204712 55.942566 1.152243 -0.015577 0.020611 0.051663 215.604996
80.414276 55.952904 1.152243 -0.007461 0.019943 0.049318 215.710007
80.623840 55.964069 1.152243 0.001645 0.020221 0.047447 215.815002
80.843384 55.975655 1.152243 0.008117 0.020767 0.045899 215.925003
81.052948 55.985943 1.152243 0.010364 0.020786 0.044703 216.029999
81.262657 55.995224 1.152243 0.009818 0.020763 0.043742 216.134995
81.472382 56.003544 1.152243 0.007456 0.020673 0.042966 216.240005
81.682106 56.011173 1.152243 0.003998 0.020316 0.042348 216.345001
81.891830 56.018471 1.152243 0.000812 0.020396 0.041851 216.449997
82.111542 56.026142 1.152243 -0.001723 0.020260 0.041441 216.559998
82.341240 56.034466 1.152243 -0.002795 0.020121 0.041097 216.675003
82.550964 56.042465 1.152243 -0.002623 0.020079 0.040850 216.779999
82.760689 56.050823 1.152243 -0.001655 0.020360 0.040654 216.884995
82.970413 56.059437 1.152243 -0.000548 0.020260 0.040491 216.990005
83.180138 56.068169 1.152243 0.000655 0.020967 0.040363 217.095001
83.389862 56.076900 1.152243 0.001548 0.020289 0.040260 217.199997
83.599586 56.085583 1.152243 0.002038 0.020323 0.040176 217.304993
83.809311 56.094120 1.152243 0.002111 0.020190 0.040108 217.410004
84.039009 56.103310 1.152243 0.001753 0.020659 0.040049 217.524994
84.248734 56.111591 1.152243 0.001330 0.020603 0.040007 217.630005
84.458458 56.119827 1.152243 0.000929 0.020078 0.039976 217.735001
84.688156 56.128807 1.152243 0.000504 0.019929 0.039944 217.850006
84.914574 56.135513 1.152243 0.103323 -0.133564 -0.143365 217.964996
85.122047 56.131382 1.152243 0.153973 -0.097360 -0.335507 218.080002
85.325226 56.109539 1.152243 0.171595 -0.017281 -0.499145 218.205002
85.525940 56.061356 1.152243 0.168124 0.032809 -0.649034 218.339996
85.717613 55.982628 1.152243 0.152658 0.051078 -0.791984 218.479996
85.899765 55.872738 1.152243 0.131836 0.051762 -0.925113 218.625000
86.064865 55.738541 1.152243 0.125425 0.050128 -1.069383 218.770004
86.206238 55.589451 1.152243 0.120665 0.050145 -1.204651 218.910004
86.343971 55.399437 1.152243 0.123143 0.051278 -1.358435 219.070007
86.441406 55.219021 1.152243 0.101735 0.050875 -1.471728 219.210007
86.520088 55.028542 1.152243 0.080607 0.044483 -1.504352 219.350006
86.581284 54.837605 1.152243 0.090087 0.039066 -1.548364 219.485001
86.626213 54.641235 1.152243 0.098292 0.035552 -1.605230 219.619995
86.655464 54.418751 1.152243 0.093317 0.031456 -1.673246 219.770004
86.665878 54.208763 1.152243 0.037111 0.023501 -1.666753 219.910004
86.667900 53.974594 1.152243 0.031553 0.016878 -1.651020 220.065002
86.663429 53.770012 1.152243 0.023486 0.054635 -1.640766 220.199997
86.654327 53.562386 1.152243 0.012174 0.168443 -1.633330 220.330002
86.643135 53.358761 1.152243 0.003013 0.117191 -1.628202 220.445007
86.634163 53.151997 1.152243 -0.087967 0.070412 -1.521843 220.554993
86.635353 52.939510 1.152243 -0.060237 0.049868 -1.439535 220.664993
86.643631 52.734058 1.152243 -0.057649 0.039637 -1.418298 220.770004
86.658699 52.527534 1.152243 -0.064237 0.034551 -1.354590 220.875000
86.681068 52.320873 1.152243 -0.026951 0.031461 -1.364269 220.979996
86.707245 52.113758 1.152243 -0.032675 0.027895 -1.370742 221.085007
86.737427 51.906582 1.152243 -0.035382 0.023734 -1.375951 221.190002
86.769341 51.699471 1.152243 0.056575 0.018808 -1.486967 221.294998
86.795738 51.492035 1.152243 0.074624 0.021435 -1.585806 221.399994
86.813728 51.284508 1.152243 0.082661 0.026973 -1.673567 221.505005
86.824226 51.076832 1.152243 0.025200 0.029928 -1.660975 221.610001
86.831161 50.868416 1.152243 0.039038 0.029336 -1.650856 221.714996
86.833595 50.659363 1.152243 0.049422 0.026606 -1.642737 221.820007
86.830307 50.440044 1.152243 0.046248 0.023884 -1.635902 221.929993
86.821991 50.230640 1.152243 0.033427 0.021720 -1.630653 222.035004
86.810005 50.021263 1.152243 0.015669 0.020753 -1.626465 222.139999
86.796280 49.811939 1.152243 -0.001844 0.020946 -1.623092 222.244995
86.779526 49.552681 1.152243 -0.016079 0.021024 -1.619813 222.375000
86.767693 49.343117 1.152243 -0.020365 0.020944 -1.617742 222.479996
86.760017 49.133488 1.152243 -0.101564 0.019114 -1.518118 222.585007
86.760544 48.924183 1.152243 -0.083695 0.022404 -1.473343 222.690002
86.769424 48.715454 1.152243 -0.060868 0.025640 -1.418667 222.794998
86.785988 48.507351 1.152243 -0.027814 0.025304 -1.386085 222.899994
86.808693 48.279564 1.152243 -0.015343 0.025060 -1.395924 223.014999
86.833984 48.051559 1.152243 -0.020136 0.023489 -1.403712 223.130005
86.858116 47.843239 1.152243 0.055615 0.019760 -1.495388 223.235001
86.877106 47.634583 1.152243 0.063457 0.020035 -1.592373 223.339996
86.889183 47.426052 1.152243 0.068703 0.022705 -1.679172 223.445007
86.893867 47.217934 1.152243 0.021824 0.026585 -1.709707 223.550003
86.894684 46.989670 1.152243 0.031235 0.029950 -1.698445 223.664993
86.890602 46.750813 1.152243 0.050320 0.027988 -1.689121 223.785004
86.880997 46.541664 1.152243 0.054340 0.024896 -1.682641 223.889999
86.865417 46.332687 1.152243 0.045094 0.021983 -1.677472 223.994995
86.844955 46.124004 1.152243 0.026494 0.020770 -1.673339 224.100006
86.821594 45.915535 1.152243 0.006115 0.021103 -1.670005 224.205002
86.797424 45.707058 1.152243 -0.009395 0.020210 -1.667318 224.309998
86.771973 45.478600 1.152243 -0.020475 0.020227 -1.664993 224.425003
86.746986 45.229980 1.152243 -0.022055 0.020806 -1.663014 224.550003
86.726677 45.000946 1.152243 -0.018124 0.019648 -1.661592 224.664993
86.709953 44.791702 1.152243 -0.010708 0.020205 -1.660562 224.770004
86.694168 44.582382 1.152243 -0.003902 0.019885 -1.659729 224.875000
86.678589 44.373058 1.152243 0.002247 0.020742 -1.659064 224.979996
86.662582 44.163734 1.152243 0.005596 0.020625 -1.658528 225.085007
86.645813 43.954430 1.152243 0.006337 0.019909 -1.658101 225.190002
86.628189 43.745209 1.152243 0.005045 0.020421 -1.657754 225.294998
86.609886 43.536045 1.152243 0.002481 0.019928 -1.657477 225.399994
86.589401 43.307022 1.152243 -0.000806 0.020495 -1.657238 225.514999
86.568787 43.077950 1.152243 -0.003111 0.020239 -1.657048 225.630005
86.550125 42.868786 1.152243 -0.004238 0.019952 -1.656913 225.735001
86.531746 42.659622 1.152243 -0.004464 0.020315 -1.656801 225.839996
86.513672 42.450443 1.152243 -0.004087 0.019728 -1.656715 225.945007
86.493896 42.201439 1.152243 -0.051352 0.018994 -1.590866 226.070007
86.481956 41.992233 1.152243 -0.013974 0.021594 -1.591941 226.175003
86.471718 41.782845 1.152243 -0.014040 0.021518 -1.593042 226.279999
86.462982 41.573299 1.152243 -0.016542 0.020615 -1.593924 226.384995
86.455971 41.363636 1.152243 -0.015181 0.020860 -1.594629 226.490005
86.450462 41.153877 1.152243 -0.010976 0.021373 -1.595197 226.595001
86.446045 40.944016 1.152243 -0.005929 0.020020 -1.595653 226.699997
86.442154 40.734135 1.152243 -0.000538 0.019990 -1.596017 226.804993
86.438248 40.524307 1.152243 0.003512 0.020884 -1.596310 226.910004
86.433479 40.284439 1.152243 -0.048008 0.019656 -1.555924 227.029999
86.432457 40.074650 1.152243 -0.001631 0.020243 -1.539463 227.134995
86.433449 39.864975 1.152243 -0.017402 0.021046 -1.502994 227.240005
86.436523 39.655373 1.152243 -0.003644 0.021634 -1.507648 227.345001
86.440918 39.415730 1.152243 -0.011572 0.021233 -1.511854 227.464996
86.446190 39.206005 1.152243 -0.016334 0.021833 -1.514785 227.570007
86.453323 38.996281 1.152243 -0.016287 0.021428 -1.517134 227.675003
86.462769 38.776569 1.152243 -0.012237 0.020625 -1.519103 227.785004
86.473206 38.566853 1.152243 -0.006146 0.020138 -1.520599 227.889999
86.484352 38.357208 1.152243 -0.010273 0.019350 -1.516399 227.994995
86.497917 38.147865 1.152243 -0.016275 0.020381 -1.470850 228.100006
86.513855 37.938778 1.152243 -0.009147 0.021127 -1.470219 228.205002
86.531067 37.729694 1.152243 -0.013172 0.021057 -1.469706 228.309998
86.549896 37.520706 1.152243 -0.014865 0.020810 -1.469295 228.414993
86.571541 37.301872 1.152243 -0.012105 0.020753 -1.468950 228.524994
86.593719 37.093082 1.152243 -0.007312 0.020076 -1.468687 228.630005
86.616875 36.884418 1.152243 -0.001412 0.019882 -1.468476 228.735001
86.640388 36.675785 1.152243 0.003671 0.020535 -1.468307 228.839996
86.662979 36.467072 1.152243 0.077044 0.017926 -1.532753 228.945007
86.678032 36.258316 1.152243 0.102739 0.022218 -1.633781 229.050003
86.684822 36.039703 1.152243 0.022770 0.025776 -1.626290 229.160004
86.688133 35.830616 1.152243 0.023279 0.024679 -1.620554 229.264999
86.688744 35.621201 1.152243 0.028360 0.022882 -1.615947 229.369995
86.686249 35.411633 1.152243 0.026997 0.022339 -1.612258 229.475006
86.680847 35.201988 1.152243 0.020233 0.020961 -1.609295 229.580002
86.673264 34.992344 1.152243 0.010118 0.020853 -1.606899 229.684998
86.664589 34.782700 1.152243 0.000562 0.020022 -1.604988 229.789993
86.655869 34.573055 1.152243 -0.007030 0.020158 -1.603450 229.895004
86.647255 34.363422 1.152243 0.016010 0.019825 -1.635701 230.000000
86.637642 34.153858 1.152243 -0.015631 0.019666 -1.630451 230.104996
86.629036 33.934261 1.152243 -0.016310 0.019829 -1.626039 230.214996
86.621582 33.694626 1.152243 -0.008039 0.020675 -1.622250 230.335007
86.614510 33.484993 1.152243 0.025434 0.020662 -1.666512 230.440002
86.604576 33.275562 1.152243 0.007048 0.021070 -1.662131 230.544998
86.593559 33.066078 1.152243 0.010021 0.021630 -1.658589 230.649994
86.579994 32.836678 1.152243 0.013232 0.021111 -1.655519 230.764999
86.563835 32.597359 1.152243 0.011760 0.020905 -1.653033 230.884995
86.548172 32.388035 1.152243 0.008243 0.019964 -1.651296 230.990005
86.531525 32.178780 1.152243 0.002696 0.020006 -1.649911 231.095001
86.514442 31.969543 1.152243 -0.002088 0.020214 -1.648796 231.199997
86.497482 31.760319 1.152243 -0.005557 0.020202 -1.647903 231.304993
86.480965 31.551050 1.152243 -0.007035 0.019940 -1.647186 231.410004
86.461685 31.311972 1.152243 0.014136 0.020023 -1.683864 231.529999
86.443176 31.102953 1.152243 -0.011419 0.020302 -1.678403 231.634995
86.425270 30.893871 1.152243 0.044211 0.018517 -1.716855 231.740005
86.404305 30.685349 1.152243 0.011576 0.021687 -1.733969 231.845001
86.377937 30.447256 1.152243 0.011736 0.021912 -1.729745 231.964996
86.353142 30.238962 1.152243 0.018122 0.021284 -1.726824 232.070007
86.326118 30.030842 1.152243 0.019127 0.021415 -1.724472 232.175003
86.296814 29.822941 1.152243 0.014975 0.020858 -1.722587 232.279999
86.267181 29.625120 1.152243 0.008778 0.020217 -1.721131 232.380005
86.236488 29.427429 1.152243 0.001955 0.019345 -1.719944 232.479996
86.205414 29.229824 1.152243 -0.004858 0.019896 -1.718985 232.580002
86.174606 29.032190 1.152243 -0.009214 0.019489 -1.718214 232.679993
86.142944 28.824575 1.152243 -0.010851 0.019740 -1.717559 232.785004
86.113609 28.626709 1.152243 -0.010142 0.020123 -1.717056 232.884995
86.084969 28.428707 1.152243 -0.008117 0.019626 -1.716645 232.985001
86.056847 28.230629 1.152243 -0.005373 0.019625 -1.716313 233.085007
86.028954 28.032532 1.152243 -0.002707 0.019591 -1.716046 233.184998
86.001076 27.834435 1.152243 -0.000755 0.019451 -1.715825 233.285004
85.973038 27.636375 1.152243 0.000395 0.019711 -1.715645 233.384995
85.944717 27.438358 1.152243 0.000604 0.019545 -1.715502 233.485001
85.916107 27.240400 1.152243 0.000181 0.020092 -1.715383 233.589996
85.888237 27.032398 1.152243 -0.029176 0.019341 -1.650327 233.695007
85.863708 26.824150 1.152243 -0.011589 0.020947 -1.651450 233.800003
85.840462 26.615698 1.152243 -0.016740 0.021013 -1.652355 233.904999
85.818886 26.406998 1.152243 -0.020489 0.020542 -1.653081 234.009995
85.799301 26.198063 1.152243 -0.018792 0.020726 -1.653660 234.115005
85.779121 25.959030 1.152243 -0.012851 0.020947 -1.654189 234.235001
85.762772 25.749706 1.152243 -0.006824 0.020234 -1.654559 234.339996
85.747002 25.540342 1.152243 -0.000481 0.020216 -1.654851 234.445007
85.731117 25.331013 1.152243 0.003625 0.020218 -1.655089 234.550003
85.713867 25.111788 1.152243 0.005492 0.020827 -1.655286 234.660004
85.696823 24.882574 1.152243 -0.043702 0.018966 -1.580985 234.774994
85.685455 24.673315 1.152243 -0.064466 0.020424 -1.537118 234.880005
85.680733 24.464334 1.152243 -0.099305 0.024377 -1.439077 234.985001
85.686897 24.256292 1.152243 -0.107690 0.030478 -1.350750 235.089996
85.703529 24.049252 1.152243 -0.037204 0.031985 -1.353723 235.195007
85.725548 23.842028 1.152243 -0.039606 0.029853 -1.362196 235.300003
85.752457 23.634724 1.152243 -0.045915 0.026162 -1.368981 235.404999
85.784607 23.427757 1.152243 -0.041246 0.023503 -1.374478 235.509995
85.823341 23.211491 1.152243 -0.027045 0.020925 -1.379059 235.619995
85.869484 22.976099 1.152243 -0.006877 0.020720 -1.383008 235.740005
85.909111 22.780018 1.152243 0.006888 0.020553 -1.385634 235.839996
85.948959 22.573793 1.152243 0.038016 0.019468 -1.430919 235.945007
85.983833 22.366913 1.152243 0.035046 0.021028 -1.467804 236.050003
86.019356 22.129875 1.152243 0.012162 0.021798 -1.462520 236.169998
86.050491 21.912235 1.152243 0.013180 0.020746 -1.458693 236.279999
86.080368 21.694347 1.152243 -0.026797 0.019273 -1.427861 236.389999
86.112083 21.487003 1.152243 -0.077083 0.019060 -1.319604 236.494995
86.152161 21.281776 1.152243 -0.071544 0.022717 -1.230313 236.600006
86.198570 21.078184 1.152243 -0.001546 0.023831 -1.242236 236.705002
86.246391 20.874472 1.152243 -0.009489 0.024178 -1.251849 236.809998
86.296005 20.670732 1.152243 -0.049444 0.022849 -1.244060 236.914993
86.355095 20.459320 1.152243 -0.078968 0.023957 -1.167902 237.024994
86.420006 20.260326 1.152243 -0.029511 0.024437 -1.178157 237.130005
86.488823 20.062185 1.152243 -0.019962 0.022763 -1.186434 237.235001
86.555664 19.873558 1.165347 0.003136 0.018924 -1.232255 237.335007
86.622871 19.684944 1.195832 -0.072498 0.017532 -1.184249 237.434998
86.697159 19.490894 1.209696 0.069024 -0.127509 -1.330178 237.539993
86.775116 19.267769 1.209101 0.152342 -0.092523 -1.547340 237.669998
86.825829 19.069016 1.208626 0.166912 -0.021357 -1.709757 237.794998
86.852859 18.856541 1.208322 0.125940 -0.071818 -1.860460 237.934998
86.861900 18.652475 1.208322 0.105944 -0.226804 -2.022766 238.089996
86.873398 18.451754 1.208322 0.097733 -0.121208 -2.263607 238.320007
86.898201 18.252151 1.208322 0.045205 -0.010898 -2.813352 238.845001
86.888809 18.052032 1.208322 -0.014917 0.319620 -1.826566 242.229996
86.840508 17.850779 1.208322 0.001523 0.308173 -1.765323 242.410004
86.791023 17.648996 1.208322 0.066771 0.183428 -1.777747 242.539993
86.728165 17.430582 1.208322 0.036155 0.095370 -1.786875 242.664993
86.662430 17.210028 1.208322 -0.046820 0.057637 -1.722730 242.785004
86.608597 17.011606 1.208322 -0.030465 0.042499 -1.730652 242.889999
86.557777 16.810112 1.208322 -0.044077 0.032673 -1.736102 242.994995
86.511230 16.606428 1.208322 -0.049629 0.026476 -1.740481 243.100006
86.469444 16.401142 1.208322 -0.044109 0.022443 -1.744018 243.205002
86.426788 16.165266 1.208322 -0.027223 0.020139 -1.747201 243.324997
86.392242 15.958286 1.208322 -0.008727 0.020508 -1.749401 243.429993
86.358322 15.751104 1.208322 0.003983 0.019690 -1.751175 243.535004
86.323624 15.544024 1.208322 0.012738 0.020367 -1.752586 243.639999
86.289047 15.347023 1.208322 0.015196 0.019477 -1.753681 243.740005
86.252754 15.150312 1.208322 0.012562 0.019855 -1.754567 243.839996
86.214996 14.953854 1.208322 0.007462 0.019943 -1.755281 243.940002
86.176254 14.757561 1.208322 0.001486 0.019824 -1.755857 244.039993
86.137085 14.561329 1.208322 -0.003826 0.019967 -1.756333 244.139999
86.098007 14.365049 1.208322 -0.007588 0.019794 -1.756716 244.240005
86.061203 14.168427 1.208322 -0.086278 0.019260 -1.671315 244.339996
86.028320 13.961299 1.208322 -0.007639 0.021044 -1.678775 244.445007
85.988846 13.704593 1.208322 -0.001390 0.020406 -1.686449 244.574997
85.956985 13.497164 1.208322 -0.005774 0.021107 -1.691357 244.679993
85.925529 13.289600 1.208322 -0.009383 0.020363 -1.695257 244.785004
85.894852 13.081895 1.208322 -0.024141 0.020547 -1.691409 244.889999
85.868202 12.873809 1.208322 -0.084425 0.020593 -1.597238 244.994995
85.848251 12.665354 1.208322 -0.010042 0.021794 -1.605604 245.100006
85.829712 12.456648 1.208322 -0.005281 0.022186 -1.612498 245.205002
85.811745 12.247698 1.208322 -0.009603 0.021081 -1.618047 245.309998
85.792404 12.008722 1.208322 -0.012666 0.020286 -1.623072 245.429993
85.776802 11.799525 1.208322 -0.011582 0.020865 -1.626548 245.535004
85.762321 11.590213 1.208322 -0.008848 0.020088 -1.629338 245.639999
85.748634 11.380823 1.208322 -0.004205 0.020953 -1.631544 245.744995
85.733383 11.141454 1.208322 -0.000205 0.020592 -1.633557 245.865005
85.719925 10.931990 1.208322 0.002221 0.020689 -1.634946 245.970001
85.706093 10.722529 1.208322 0.003132 0.020678 -1.636059 246.074997
85.694084 10.513043 1.208322 -0.035232 0.019826 -1.567066 246.179993
85.685646 10.303571 1.208322 -0.003363 0.020469 -1.569856 246.285004
85.677895 10.094048 1.208322 -0.009038 0.021879 -1.572177 246.389999
85.671196 9.884390 1.208322 -0.015528 0.021480 -1.574040 246.494995
85.666161 9.674635 1.208322 -0.017327 0.021497 -1.575534 246.600006
85.662971 9.464804 1.208322 -0.014879 0.020885 -1.576738 246.705002
85.661263 9.234964 1.208322 -0.009139 0.020062 -1.577785 246.820007
85.660690 9.005146 1.208322 -0.002134 0.020074 -1.578604 246.934998
85.660370 8.795332 1.208322 0.002657 0.020210 -1.579203 247.039993
85.659630 8.555542 1.208322 0.006066 0.020700 -1.579738 247.160004
85.658279 8.345706 1.208322 0.006468 0.020456 -1.580110 247.264999
85.656235 8.135862 1.208322 0.005308 0.020320 -1.580410 247.369995
85.653633 7.926015 1.208322 0.002973 0.020558 -1.580648 247.475006
85.650681 7.716158 1.208322 0.000655 0.020992 -1.580839 247.580002
85.647636 7.506280 1.208322 -0.001201 0.020887 -1.580996 247.684998
85.644737 7.296381 1.208322 -0.002376 0.020618 -1.581123 247.789993
85.642075 7.086461 1.208322 -0.002674 0.020606 -1.581224 247.895004
85.640099 6.876568 1.208322 -0.048168 0.018885 -1.538161 248.000000
85.641342 6.666861 1.208322 -0.008887 0.020857 -1.539743 248.104996
85.644203 6.427189 1.208322 -0.006345 0.020962 -1.541176 248.225006
85.647530 6.217419 1.208322 -0.007655 0.021159 -1.542171 248.330002
85.651741 6.007600 1.208322 -0.007316 0.021079 -1.542970 248.434998
85.656784 5.797746 1.208322 -0.005381 0.020950 -1.543612 248.539993
85.662468 5.587875 1.208322 -0.002974 0.019724 -1.544133 248.645004
85.668503 5.378049 1.208322 -0.000145 0.019724 -1.544552 248.750000
85.677673 5.138592 1.208322 0.028999 -0.030555 -1.557502 248.869995
85.683609 4.936415 1.208322 0.099400 -0.138790 -1.705317 248.975006
85.679604 4.734666 1.208322 0.155140 -0.079930 -1.895782 249.089996
85.656357 4.518847 1.208322 0.119435 -0.009402 -1.971617 249.225006
85.613968 4.315624 1.208322 0.113295 0.018045 -2.039084 249.360001
85.552391 4.120778 1.208322 0.100402 0.024729 -2.103856 249.494995
85.473503 3.933046 1.208322 0.083701 0.024294 -2.168901 249.630005
85.365364 3.725515 1.208322 0.066733 0.020738 -2.240443 249.785004
85.254814 3.544975 1.208322 0.059758 0.019153 -2.305839 249.925003
85.124847 3.358809 1.208322 0.064289 0.058101 -2.377929 250.074997
84.994911 3.197837 1.208322 0.069546 0.173724 -2.443825 250.205002
84.850746 3.042852 1.208322 0.071972 0.119995 -2.514395 250.324997
84.702148 2.900101 1.208322 0.076928 0.079011 -2.584992 250.434998
84.550423 2.765646 1.208322 0.014243 0.052930 -2.561466 250.539993
84.393959 2.630724 1.208322 0.024076 0.038083 -2.544522 250.645004
84.201530 2.473535 1.208322 0.055611 0.029132 -2.566964 250.770004
84.018555 2.334496 1.208322 0.050379 0.022820 -2.554395 250.884995
83.855858 2.217426 1.208322 0.044589 0.019227 -2.549035 250.985001
83.690598 2.103515 1.208322 0.031350 0.017564 -2.546205 251.085007
83.523636 1.991779 1.208322 0.017360 0.016592 -2.544218 251.184998
83.355843 1.881073 1.208322 0.002981 0.016238 -2.542609 251.285004
83.187843 1.770582 1.208322 0.043346 0.014702 -2.583850 251.384995
83.018982 1.661555 1.208322 -0.004879 0.015338 -2.579886 251.485001
82.850395 1.552105 1.208322 -0.007823 0.015618 -2.577416 251.585007
82.682304 1.441857 1.208322 -0.002589 0.015258 -2.576190 251.684998
82.514458 1.331243 1.208322 0.004077 0.016142 -2.575191 251.785004
82.345474 1.222547 1.208322 0.041734 0.016205 -2.632474 251.884995
82.173706 1.118972 1.208322 0.098255 0.018488 -2.727452 251.985001
81.989189 1.018969 1.208322 0.047360 0.021806 -2.773902 252.089996
81.801468 0.925816 1.208322 0.044720 0.023908 -2.809821 252.195007
81.611313 0.837337 1.208322 0.040580 0.024671 -2.802222 252.300003
81.428223 0.756550 1.208322 0.046750 0.022340 -2.796355 252.399994
81.243225 0.679613 1.208322 0.071766 0.020078 -2.807262 252.500000
81.055824 0.609218 1.208322 0.062582 0.019927 -2.854294 252.600006
80.866470 0.544595 1.208322 0.031406 0.020245 -2.849719 252.699997
80.676147 0.482616 1.208322 0.047457 0.019614 -2.861774 252.800003
80.484535 0.424967 1.208322 0.036440 0.019938 -2.905218 252.899994
80.291946 0.370837 1.208322 0.015824 0.020056 -2.902164 253.000000
80.098907 0.317998 1.208322 0.015010 0.019751 -2.899676 253.100006
79.905487 0.266268 1.208322 0.015314 0.019226 -2.897670 253.199997
79.711754 0.215698 1.208322 0.047186 0.018678 -2.917412 253.300003
79.517204 0.169170 1.208322 0.032800 0.019858 -2.961719 253.399994
79.312225 0.123818 1.208322 0.013277 0.020141 -2.959000 253.505005
79.116684 0.081797 1.208322 0.014595 0.020106 -2.956898 253.604996
78.920815 0.040917 1.208322 0.016188 0.020498 -2.955201 253.705002
78.724640 0.001294 1.208322 0.015577 0.019220 -2.953820 253.804993
78.528122 -0.036310 1.208322 0.084192 0.018290 -3.019908 253.904999
78.320992 -0.067636 1.208322 0.101419 0.022661 -3.120739 254.009995
78.083580 -0.091665 1.208322 0.024187 0.025534 3.137235 254.130005
77.875252 -0.108816 1.208322 0.022346 0.025864 -3.139420 254.235001
77.666351 -0.123480 1.208322 0.031464 0.023564 -3.134137 254.339996
77.427101 -0.136109 1.208322 0.033504 0.022738 -3.129439 254.460007
77.197472 -0.143871 1.208322 0.027622 0.020582 -3.125876 254.574997
76.987747 -0.147956 1.208322 0.015615 0.020655 -3.123295 254.679993
76.777878 -0.150472 1.208322 0.003629 0.020492 -3.121238 254.785004
76.567993 -0.152683 1.208322 -0.005463 0.020988 -3.119570 254.889999
76.358109 -0.155574 1.208322 -0.011335 0.020349 -3.118255 254.994995
76.148293 -0.159724 1.208322 -0.012571 0.020121 -3.117183 255.100006
75.938568 -0.165245 1.208322 -0.010186 0.020408 -3.116325 255.205002
75.698883 -0.172892 1.208322 -0.005332 0.020139 -3.115556 255.324997
75.489159 -0.180261 1.208322 -0.000785 0.020177 -3.115017 255.429993
75.279434 -0.187760 1.208322 0.003043 0.020760 -3.114585 255.535004
75.069710 -0.194994 1.208322 0.005090 0.019798 -3.114242 255.639999
74.859985 -0.201745 1.208322 0.005544 0.019734 -3.113959 255.744995
74.610313 -0.209025 1.208322 0.044837 0.019143 -3.140707 255.869995
74.380928 -0.209774 1.208322 0.055810 0.021596 3.051237 255.985001
74.171829 -0.204136 1.208322 0.010687 0.023279 3.056162 256.089996
73.962563 -0.196832 1.208322 0.012635 0.022646 3.060123 256.195007
73.753159 -0.187892 1.208322 0.018717 0.022001 3.063269 256.299988
73.543755 -0.176794 1.208322 0.018994 0.021718 3.065791 256.404999
73.334351 -0.163519 1.208322 0.014611 0.020846 3.067816 256.510010
73.125031 -0.148564 1.208322 0.007483 0.020554 3.069436 256.614990
72.885887 -0.130392 1.208322 -0.000784 0.020625 3.070913 256.734985
72.676483 -0.114383 1.208322 -0.005754 0.020297 3.071941 256.839996
72.467079 -0.098845 1.208322 -0.008635 0.019468 3.072764 256.945007
72.257675 -0.084082 1.208322 -0.008795 0.020854 3.073424 257.049988
71.988365 -0.066245 1.208322 -0.006713 0.020571 3.074091 257.184998
71.778801 -0.053032 1.208322 -0.004191 0.020181 3.074493 257.290009
71.569237 -0.040109 1.208322 -0.001675 0.020373 3.074813 257.394989
71.359673 -0.027220 1.208322 0.000352 0.020230 3.075063 257.500000
71.150108 -0.014158 1.208322 0.001485 0.020344 3.075266 257.605011
70.940628 -0.000807 1.208322 0.001596 0.020342 3.075431 257.709991
70.711166 0.014162 1.208322 0.000927 0.020192 3.075570 257.825012
70.491745 0.028741 1.208322 -0.000081 0.020702 3.075678 257.934998
70.292160 0.042118 1.208322 -0.000990 0.019932 3.075759 258.035004
70.042847 0.058860 1.208322 -0.001933 0.019660 3.075832 258.160004
69.833443 0.072844 1.208322 -0.002272 0.020317 3.075876 258.265015
69.624039 0.085121 1.208322 -0.080451 0.019250 -3.121422 258.369995
69.414871 0.089188 1.208322 -0.094080 0.023497 -3.023148 258.475006
69.206543 0.082925 1.208322 -0.096129 0.028286 -2.934909 258.579987
68.999519 0.065725 1.208322 -0.102678 0.033076 -2.851716 258.684998
68.794273 0.037022 1.208322 -0.055953 0.034978 -2.811417 258.790009
68.589729 0.000849 1.208322 -0.032741 0.032487 -2.826724 258.894989
68.385162 -0.039979 1.208322 -0.024385 0.028120 -2.850174 259.000000
68.180527 -0.083860 1.208322 -0.033240 0.023190 -2.893602 259.105011
67.976196 -0.130575 1.208322 0.015152 0.019260 -2.950493 259.209991
67.742676 -0.184256 1.208322 -0.003411 0.020442 -2.952533 259.329987
67.538300 -0.231729 1.208322 0.016095 0.020833 -2.953947 259.434998
67.333473 -0.277825 1.208322 0.030016 0.021028 -2.955084 259.540009
67.117935 -0.321266 1.208322 0.094234 0.020173 -3.033887 259.649994
66.911095 -0.354607 1.208322 0.029412 0.021959 -3.028785 259.755005
66.654190 -0.391659 1.208322 0.016562 0.021588 -3.023538 259.885010
66.446159 -0.418238 1.208322 0.028539 0.021129 -3.061254 259.989990
66.237770 -0.441666 1.208322 0.011188 0.021165 -3.057485 260.095001
66.029175 -0.463975 1.208322 0.009052 0.021399 -3.054457 260.200012
65.820412 -0.485481 1.208322 0.007948 0.020797 -3.052055 260.304993
65.611488 -0.506315 1.208322 0.006292 0.020588 -3.050094 260.410004
65.372627 -0.529571 1.208322 0.003574 0.019955 -3.048349 260.529999
65.173500 -0.548506 1.208322 0.055151 0.019109 -3.087539 260.630005
64.964317 -0.564868 1.208322 0.006668 0.020144 -3.098682 260.734985
64.755074 -0.580187 1.208322 -0.001312 0.020377 -3.094522 260.839996
64.525902 -0.594332 1.208322 0.088135 0.021478 3.087378 260.954987
64.306976 -0.598620 1.208322 0.053417 0.025006 3.042273 261.065002
64.098228 -0.595482 1.208322 0.042534 0.025676 2.987074 261.170013
63.889576 -0.587249 1.208322 0.010207 0.025868 2.999777 261.274994
63.680592 -0.577299 1.208322 0.017282 0.024022 3.010201 261.380005
63.471439 -0.565089 1.208322 0.025357 0.023661 3.018536 261.484985
63.262325 -0.549900 1.208322 0.025757 0.022658 3.025269 261.589996
63.053318 -0.531755 1.208322 0.019754 0.020940 3.030662 261.695007
62.844456 -0.511352 1.208322 0.010236 0.020229 3.034968 261.799988
62.635693 -0.489725 1.208322 -0.000156 0.020719 3.038433 261.904999
62.397045 -0.464852 1.208322 -0.008334 0.020325 3.041567 262.024994
62.188152 -0.443792 1.208322 -0.011964 0.019808 3.043747 262.130005
61.979183 -0.423803 1.208322 -0.012114 0.020481 3.045501 262.234985
61.770100 -0.404907 1.208322 -0.010016 0.019759 3.046898 262.339996
61.560936 -0.386889 1.208322 -0.006532 0.019691 3.048021 262.445007
61.341812 -0.368532 1.208322 -0.002210 0.020684 3.048955 262.554993
61.112682 -0.349386 1.208322 0.000863 0.020584 3.049730 262.670013
60.903439 -0.331626 1.208322 0.002159 0.020566 3.050299 262.774994
60.694233 -0.313457 1.208322 0.002236 0.020514 3.050759 262.880005
60.485069 -0.294878 1.208322 0.001439 0.019468 3.051126 262.984985
60.275970 -0.275984 1.208322 0.000028 0.019758 3.051415 263.089996
60.066887 -0.256920 1.208322 -0.001325 0.019800 3.051645 263.195007
59.857803 -0.237829 1.208322 -0.002375 0.020616 3.051833 263.299988
59.648720 -0.218819 1.208322 -0.002944 0.020552 3.051983 263.404999
59.409752 -0.197263 1.208322 -0.003088 0.020119 3.052121 263.524994
59.200569 -0.180160 1.208322 -0.080461 0.019079 3.135613 263.630005
58.991489 -0.171247 1.208322 -0.092328 0.022861 -3.048940 263.734985
58.785927 -0.172584 1.208322 -0.100057 -0.121415 -2.919538 263.839996
58.552563 -0.184757 1.208322 -0.078904 -0.089348 -2.883759 263.970001
58.347294 -0.205639 1.208322 -0.102912 -0.035649 -2.813327 264.095001
58.146381 -0.240920 1.208322 -0.066116 -0.001067 -2.773493 264.225006
57.922237 -0.294350 1.208322 -0.055512 0.009762 -2.778667 264.375000
57.724602 -0.352177 1.208322 0.014484 0.008658 -2.817171 264.510010
57.527542 -0.409858 1.208322 0.044142 0.008933 -2.959525 264.644989
57.321903 -0.461732 1.208322 0.045832 0.071740 -3.077085 264.785004
57.101387 -0.504812 1.208322 0.057106 0.165260 3.125185 264.924988
56.899311 -0.531612 1.208322 0.077058 0.119324 3.052627 265.040009
56.656071 -0.552307 1.208322 0.022398 0.073797 3.063170 265.170013
56.452904 -0.565033 1.208322 0.047511 0.053443 3.072769 265.274994
56.246468 -0.572162 1.208322 0.063635 0.039523 3.080383 265.380005
56.038395 -0.572273 1.208322 0.063068 0.029585 3.086546 265.484985
55.829647 -0.565715 1.208322 0.043697 0.025306 3.091466 265.589996
55.620613 -0.554467 1.208322 0.021934 0.022353 3.095409 265.695007
55.411438 -0.540953 1.208322 0.000011 0.021795 3.098597 265.799988
55.202122 -0.527478 1.208322 -0.016675 0.020723 3.101144 265.904999
54.962746 -0.514253 1.208322 -0.025426 0.020588 3.103458 266.024994
54.753162 -0.505464 1.208322 -0.024474 0.020281 3.105042 266.130005
54.543507 -0.499192 1.208322 -0.017868 0.020519 3.106304 266.234985
54.333782 -0.494745 1.208322 -0.009157 0.020561 3.107325 266.339996
54.114056 -0.491024 1.208322 -0.000106 0.021075 3.108182 266.450012
53.864288 -0.486683 1.208322 0.006387 0.021017 3.108950 266.575012
53.654453 -0.482244 1.208322 0.008858 0.020214 3.109450 266.679993
53.444649 -0.476804 1.208322 0.008526 0.019913 3.109861 266.785004
53.234898 -0.470420 1.208322 0.005722 0.020879 3.110179 266.890015
53.025173 -0.463375 1.208322 0.002559 0.020088 3.110433 266.994995
52.815449 -0.456015 1.208322 -0.000625 0.020303 3.110640 267.100006
52.595737 -0.448324 1.208322 -0.003118 0.020815 3.110815 267.209991
52.385941 -0.441253 1.208322 -0.004121 0.020665 3.110948 267.315002
52.156155 -0.433937 1.208322 -0.003951 0.020402 3.111065 267.429993
51.946320 -0.427629 1.208322 -0.003014 0.020531 3.111148 267.535004
51.736473 -0.421578 1.208322 -0.001851 0.020118 3.111219 267.640015
51.496655 -0.414810 1.208322 -0.000443 0.020412 3.111284 267.760010
51.286770 -0.408872 1.208322 0.000338 0.020131 3.111324 267.864990
51.066948 -0.402544 1.208322 0.000723 0.020749 3.111366 267.975006
50.857063 -0.396360 1.208322 0.000671 0.020360 3.111390 268.079987
50.647186 -0.390044 1.208322 0.000316 0.019849 3.111410 268.184998
50.437382 -0.383634 1.208322 -0.000124 0.019805 3.111430 268.290009
50.227577 -0.377178 1.208322 -0.000576 0.020650 3.111450 268.394989
50.017773 -0.370721 1.208322 -0.000904 0.020061 3.111459 268.500000
49.807968 -0.364297 1.208322 -0.001047 0.020799 3.111460 268.605011
49.598164 -0.357921 1.208322 -0.001059 0.020611 3.111469 268.709991
49.368378 -0.350994 1.208322 -0.000947 0.020378 3.111469 268.825012
49.160931 -0.344782 1.208322 0.011120 -0.149604 3.022462 268.929993
48.956787 -0.339110 1.208322 0.047516 -0.321715 2.902042 269.045013
48.753815 -0.336662 1.208322 0.079406 -0.256865 2.744972 269.195007
48.550739 -0.341643 1.208322 0.085924 -0.126952 2.498895 269.429993
48.351048 -0.361591 1.208322 0.041501 -0.012141 1.922971 269.980011
48.468044 -0.194979 1.208322 -0.020752 0.318354 0.790137 271.730011
48.612858 -0.047857 1.208322 -0.012000 0.224726 0.874525 271.869995
48.750813 0.098737 1.208322 -0.010876 0.123244 0.953814 271.984985
48.891296 0.249719 1.208322 0.048139 0.069081 0.947424 272.095001
49.032413 0.396576 1.208322 0.008759 0.047307 0.936322 272.200012
49.176136 0.545990 1.208322 -0.028339 0.035286 0.927331 272.304993
49.339882 0.720427 1.208322 -0.017758 0.022989 0.855569 272.424988
49.475395 0.867554 1.208322 0.014412 -0.059322 0.769331 272.524994
49.618271 1.022015 1.208322 0.072964 -0.138027 0.610889 272.635010
49.776169 1.182918 1.208322 0.105734 -0.066189 0.509990 272.765015
49.925800 1.316929 1.208322 0.099193 -0.011478 0.460612 272.890015
50.092129 1.444248 1.208322 0.083600 0.007762 0.473603 273.024994
50.290985 1.573981 1.208322 0.070334 0.009236 0.484665 273.179993
50.470272 1.675452 1.208322 0.042696 0.009522 0.491793 273.315002
50.673328 1.780901 1.208322 0.013411 0.009286 0.497649 273.464996
50.857895 1.874251 1.208322 -0.003286 0.127313 0.501568 273.600006
51.042103 1.969194 1.208322 -0.016495 0.151138 0.504305 273.725006
51.226482 2.067686 1.208322 -0.020893 0.097268 0.506257 273.839996
51.441319 2.181337 1.208322 0.101951 -0.099413 0.282128 273.970001
51.622833 2.265715 1.208322 0.111925 -0.072802 0.137804 274.084991
51.811180 2.338985 1.208322 0.113013 -0.015709 0.071162 274.209991
52.004028 2.396244 1.208322 0.120863 0.015675 0.004562 274.339996
52.205002 2.434484 1.208322 0.113755 0.026269 -0.058815 274.475006
52.422371 2.452868 1.208322 0.094121 0.026512 -0.124081 274.619995
52.625603 2.453883 1.208322 0.029692 0.020777 -0.116084 274.755005
52.829704 2.448526 1.208322 0.019319 0.016225 -0.100464 274.890015
53.041939 2.439082 1.208322 0.011119 0.054333 -0.088205 275.029999
53.249607 2.427306 1.208322 0.003343 0.167070 -0.079604 275.160004
53.452995 2.414653 1.208322 -0.000599 0.117167 -0.073683 275.274994
53.659565 2.401619 1.208322 -0.005033 0.073109 -0.069208 275.385010
53.862846 2.389171 1.208322 -0.007661 0.048560 -0.065750 275.489990
54.069271 2.377214 1.208322 -0.008626 0.034580 -0.063003 275.595001
54.277306 2.365942 1.208322 -0.007531 0.027741 -0.060805 275.700012
54.486176 2.355294 1.208322 -0.005359 0.023496 -0.059051 275.804993
54.695438 2.345068 1.208322 -0.002735 0.022102 -0.057633 275.910004
54.934814 2.333567 1.208322 -0.000270 0.020774 -0.056354 276.029999
55.144344 2.323415 1.208322 0.001152 0.020618 -0.055472 276.135010
55.353909 2.313024 1.208322 0.001702 0.020862 -0.054776 276.239990
55.573483 2.301825 1.208322 0.001353 0.020425 -0.054194 276.350006
55.813072 2.289293 1.208322 0.000446 0.020436 -0.053689 276.470001
56.042656 2.277091 1.208322 -0.000532 0.020369 -0.053309 276.584991
56.252243 2.265896 1.208322 -0.001316 0.020779 -0.053031 276.690002
56.461861 2.254737 1.208322 -0.001848 0.020013 -0.052813 276.795013
56.667671 2.243785 1.208322 -0.003614 -0.179857 0.004788 276.899994
56.881767 2.231253 1.208322 -0.040826 -0.320349 0.135680 277.024994
57.082890 2.215109 1.208322 -0.073013 -0.236494 0.303221 277.184998
57.282642 2.190530 1.208322 -0.078313 -0.107264 0.575476 277.445007
57.478767 2.148896 1.208322 -0.024288 -0.000210 1.355591 278.190002
57.261597 2.209339 1.208322 0.007667 0.195303 2.888306 280.075012
57.057976 2.270690 1.208322 0.001394 0.079988 2.964974 280.234985
56.863987 2.327832 1.208322 -0.018433 0.041116 3.033379 280.375000
56.670830 2.380329 1.208322 -0.044795 0.028912 3.098721 280.510010
56.474026 2.425038 1.208322 -0.068677 0.028334 -3.119324 280.644989
56.274338 2.458642 1.208322 -0.039768 0.027089 -3.113566 280.779999
56.043095 2.483605 1.208322 -0.039891 0.181001 -3.090308 280.929993
55.798557 2.495712 1.208322 -0.042104 0.123275 -3.100894 281.070007
55.591724 2.498916 1.208322 -0.041822 0.074697 -3.107225 281.179993
55.388138 2.497189 1.208322 -0.031638 0.048859 -3.112072 281.285004
55.181477 2.491997 1.208322 -0.016898 0.035202 -3.115989 281.390015
54.973267 2.485034 1.208322 -0.000803 0.028000 -3.119094 281.494995
54.764252 2.477979 1.208322 0.010816 0.024164 -3.121591 281.600006
54.554825 2.472046 1.208322 0.016843 0.021913 -3.123588 281.704987
54.345207 2.467865 1.208322 0.017332 0.020690 -3.125189 281.809998
54.115559 2.465343 1.208322 0.012906 0.020778 -3.126598 281.924988
53.905800 2.464452 1.208322 0.006792 0.020637 -3.127618 282.029999
53.695995 2.464240 1.208322 0.000881 0.020419 -3.128432 282.135010
53.486191 2.464087 1.208322 -0.003581 0.020223 -3.129089 282.239990
53.276386 2.463525 1.208322 -0.006023 0.019797 -3.129614 282.345001
53.026619 2.461992 1.208322 -0.006057 0.020897 -3.130106 282.470001
52.816814 2.459971 1.208322 -0.004495 0.020888 -3.130430 282.575012
52.606945 2.457453 1.208322 -0.002251 0.020838 -3.130691 282.679993
52.397060 2.454682 1.208322 -0.000046 0.020393 -3.130899 282.785004
52.187195 2.451890 1.208322 0.001600 0.020442 -3.131074 282.890015
51.977329 2.449252 1.208322 0.002546 0.020629 -3.131208 282.994995
51.767464 2.447297 1.208322 0.067089 0.018850 3.098041 283.100006
51.558113 2.451942 1.208322 0.093528 0.021421 2.997360 283.204987
51.350037 2.466853 1.208322 0.096608 0.026619 2.906156 283.309998
51.133999 2.494113 1.208322 0.103168 0.032006 2.817638 283.420013
50.930260 2.532135 1.208322 0.112872 0.025114 2.736654 283.524994
50.731342 2.582219 1.208322 0.120185 -0.024666 2.659026 283.630005
50.525543 2.648423 1.208322 0.123636 -0.076140 2.582464 283.744995
50.322140 2.730474 1.208322 0.152242 -0.023624 2.482894 283.869995
50.139511 2.826952 1.208322 0.172142 -0.025335 2.311021 283.994995
49.973122 2.942750 1.208322 0.114382 0.011668 2.224796 284.125000
49.817181 3.076475 1.208322 0.094854 0.022672 2.175442 284.260010
49.674248 3.222257 1.208322 0.091481 0.025074 2.114630 284.394989
49.543808 3.379069 1.208322 0.083066 0.023996 2.050437 284.529999
49.417034 3.557880 1.208322 0.073582 0.021756 1.984691 284.674988
49.310547 3.732083 1.208322 0.069304 0.020991 1.921310 284.809998
49.205029 3.932900 1.208322 0.068957 0.021317 1.847169 284.959991
49.118843 4.121284 1.208322 0.029826 0.168254 1.843773 285.095001
49.032806 4.334120 1.208322 0.021005 0.137115 1.829431 285.230011
48.962017 4.524695 1.208322 0.023002 0.091074 1.839688 285.339996
48.885029 4.742860 1.208322 0.031026 0.053385 1.848381 285.459991
48.818233 4.948657 1.208322 0.072078 0.036838 1.792168 285.570007
48.760799 5.148760 1.208322 0.029826 0.029557 1.798407 285.674988
48.703560 5.360339 1.208322 0.022644 0.024218 1.802870 285.785004
48.650909 5.563366 1.208322 0.018995 0.021245 1.806321 285.890015
48.602169 5.767426 1.208322 0.079420 0.019987 1.718350 285.994995
48.560276 5.972727 1.208322 0.058433 0.022568 1.688260 286.100006
48.523178 6.178905 1.208322 0.055752 0.022433 1.654483 286.204987
48.490097 6.385758 1.208322 0.008680 0.022063 1.668327 286.309998
48.455040 6.612700 1.208322 0.009446 0.021333 1.675599 286.424988
48.423901 6.820177 1.208322 0.014434 0.020970 1.680875 286.529999
48.394085 7.027934 1.208322 0.015852 0.020904 1.685145 286.635010
48.367123 7.236084 1.208322 0.028629 0.021022 1.652733 286.739990
48.344719 7.444704 1.208322 0.015592 0.020390 1.626159 286.845001
48.323620 7.683453 1.208322 -0.000349 0.020954 1.602466 286.964996
48.305786 7.892447 1.208322 -0.008052 0.020843 1.610560 287.070007
48.286648 8.111441 1.208322 0.062014 0.021373 1.569654 287.179993
48.272888 8.320585 1.208322 0.019377 0.022046 1.556060 287.285004
48.261772 8.529884 1.208322 0.017685 0.022762 1.561715 287.390015
48.252686 8.739403 1.208322 0.024069 0.021969 1.566259 287.494995
48.246201 8.949075 1.208322 0.025452 0.021312 1.569913 287.600006
48.242401 9.158834 1.208322 0.020287 0.021340 1.572831 287.704987
48.240749 9.368661 1.208322 0.011973 0.020878 1.575167 287.809998
48.241158 9.578481 1.208322 0.043826 0.019519 1.529669 287.915009
48.246006 9.808040 1.208322 0.063676 0.019384 1.481669 288.029999
48.255547 10.017161 1.208322 0.010870 0.021643 1.467538 288.135010
48.267006 10.226246 1.208322 0.005730 0.022599 1.472036 288.239990
48.279373 10.435475 1.208322 0.011154 0.022092 1.475624 288.345001
48.293156 10.644769 1.208322 0.013906 0.022133 1.478542 288.450012
48.311741 10.893934 1.208322 0.012294 0.020906 1.481276 288.575012
48.328976 11.103160 1.208322 0.007903 0.020249 1.483077 288.679993
48.347195 11.312310 1.208322 0.002403 0.020569 1.484521 288.785004
48.365826 11.521461 1.208322 -0.002788 0.020630 1.485673 288.890015
48.383430 11.720701 1.208322 -0.005971 0.020359 1.486551 288.989990
48.400608 11.920002 1.208322 -0.007355 0.019952 1.487266 289.089996
48.417221 12.119320 1.208322 -0.007170 0.019803 1.487859 289.190002
48.434097 12.328611 1.208322 -0.005492 0.020494 1.488354 289.295013
48.450558 12.537965 1.208322 -0.003617 0.020259 1.488758 289.399994
48.466057 12.737390 1.208322 -0.001755 0.020038 1.489060 289.500000
48.481129 12.936847 1.208322 -0.052274 0.019602 1.533644 289.600006
48.493404 13.146373 1.208322 -0.028876 0.020037 1.568263 289.704987
48.504593 13.385813 1.208322 0.007775 0.020381 1.561474 289.825012
48.515018 13.595328 1.208322 0.002173 0.021251 1.556772 289.929993
48.525700 13.804928 1.208322 -0.005270 0.020791 1.552957 290.035004
48.535816 14.014607 1.208322 -0.010952 0.020841 1.549940 290.140015
48.545605 14.244334 1.208322 -0.012431 0.020682 1.547293 290.255005
48.553215 14.454149 1.208322 -0.010520 0.020725 1.545375 290.359985
48.560062 14.674007 1.208322 -0.006961 0.020009 1.543759 290.470001
48.565907 14.883872 1.208322 -0.002587 0.020722 1.542529 290.575012
48.571533 15.093737 1.208322 0.000895 0.020476 1.541549 290.679993
48.577339 15.303596 1.208322 0.003144 0.020508 1.540758 290.785004
48.583546 15.513456 1.208322 0.003866 0.020468 1.540118 290.890015
48.590473 15.723254 1.208322 0.059835 0.017729 1.496134 290.994995
48.601570 15.932583 1.208322 0.048903 0.020218 1.454826 291.100006
48.617435 16.141411 1.208322 0.037781 0.021902 1.422042 291.204987
48.636726 16.349957 1.208322 0.001175 0.021942 1.430661 291.309998
48.656677 16.558626 1.208322 0.002749 0.021467 1.435465 291.415009
48.677197 16.767403 1.208322 -0.030470 0.019396 1.466762 291.519989
48.695736 16.996237 1.208322 -0.076675 0.019203 1.583824 291.635010
48.705780 17.205101 1.208322 -0.000974 0.021757 1.596247 291.739990
48.715012 17.414072 1.208322 0.002101 0.022050 1.589325 291.845001
48.721615 17.652946 1.208322 -0.102333 0.025876 1.699981 291.964996
48.715897 17.861166 1.208322 -0.111137 0.030897 1.784316 292.070007
48.700008 18.068523 1.208322 -0.031775 0.030835 1.774480 292.174988
48.679646 18.276146 1.208322 -0.028054 0.028187 1.762554 292.279999
48.655682 18.483980 1.208322 -0.030537 0.025580 1.753120 292.385010
48.628075 18.691753 1.208322 -0.026197 0.023289 1.745550 292.489990
48.597382 18.899330 1.208322 -0.016974 0.020904 1.739464 292.595001
48.564606 19.106705 1.208322 -0.006353 0.020044 1.734526 292.700012
48.532562 19.304129 1.208322 0.003970 0.020554 1.730713 292.799988
48.501320 19.501707 1.208322 0.078668 0.018090 1.666530 292.899994
48.476036 19.709646 1.208322 0.102726 0.021469 1.562895 293.005005
48.460964 19.917768 1.208322 0.033365 0.025986 1.531957 293.109985
48.449467 20.146198 1.208322 0.019065 0.025333 1.540686 293.225006
48.441334 20.355261 1.208322 0.026847 0.024658 1.547058 293.329987
48.436142 20.564690 1.208322 0.029706 0.023000 1.552133 293.434998
48.434155 20.774326 1.208322 0.025437 0.022103 1.556248 293.540009
48.436726 20.983978 1.208322 0.025029 0.021592 1.524360 293.644989
48.444527 21.193445 1.208322 0.081789 0.022037 1.438242 293.750000
48.460236 21.432297 1.208322 -0.006495 0.021667 1.449760 293.869995
48.474106 21.641443 1.208322 -0.008026 0.021656 1.457779 293.975006
48.487450 21.850800 1.208322 -0.000922 0.020870 1.464251 294.079987
48.500992 22.060242 1.208322 0.006322 0.021284 1.469363 294.184998
48.515438 22.269670 1.208322 0.009552 0.020199 1.473492 294.290009
48.531086 22.479006 1.208322 0.009319 0.020285 1.476816 294.394989
48.547890 22.688259 1.208322 0.006400 0.020673 1.479479 294.500000
48.565540 22.897463 1.208322 0.002467 0.020981 1.481631 294.605011
48.583611 23.106676 1.208322 -0.001211 0.020625 1.483351 294.709991
48.600861 23.305956 1.208322 -0.003907 0.020391 1.484687 294.809998
48.617878 23.505262 1.208322 -0.005534 0.019995 1.485750 294.910004
48.634518 23.704580 1.208322 -0.005802 0.019724 1.486624 295.010010
48.653942 23.943733 1.208322 -0.004783 0.020117 1.487445 295.130005
48.670563 24.153011 1.208322 -0.003332 0.020476 1.488022 295.234985
48.687008 24.362318 1.208322 -0.001943 0.019902 1.488480 295.339996
48.704994 24.591520 1.208322 -0.000674 0.020692 1.488890 295.454987
48.725426 24.850634 1.208322 -0.000026 0.020289 1.489251 295.584991
48.742100 25.059921 1.208322 0.000031 0.020848 1.489469 295.690002
48.758141 25.259277 1.208322 -0.000279 0.020782 1.489635 295.790009
48.774292 25.458660 1.208322 -0.000809 0.019536 1.489771 295.890015
48.791325 25.667957 1.208322 -0.001327 0.020064 1.489888 295.994995
48.808376 25.877245 1.208322 -0.019922 0.020199 1.499881 296.100006
48.822750 26.086603 1.208322 -0.017481 0.020106 1.543527 296.204987
48.834873 26.296011 1.208322 -0.001503 0.021393 1.540002 296.309998
48.847347 26.515491 1.208322 -0.003650 0.020693 1.537070 296.420013
48.858921 26.725042 1.208322 -0.007044 0.020789 1.534829 296.524994
48.869820 26.934647 1.208322 -0.008455 0.020297 1.533033 296.630005
48.879894 27.144278 1.208322 -0.007757 0.020364 1.531587 296.734985
48.889221 27.353922 1.208322 -0.005568 0.020198 1.530433 296.839996
48.896294 27.603430 1.208322 -0.049713 0.020488 1.621523 296.964996
48.896591 27.812849 1.208322 -0.005453 0.021888 1.616745 297.070007
48.895905 28.022394 1.208322 -0.006901 0.022379 1.612755 297.174988
48.894341 28.232100 1.208322 -0.011867 0.021774 1.609529 297.279999
48.891415 28.441893 1.208322 -0.013811 0.021019 1.606942 297.385010
48.886951 28.651697 1.208322 -0.012169 0.020602 1.604861 297.489990
48.881596 28.861494 1.208322 0.055779 0.018915 1.549503 297.595001
48.881157 29.071007 1.208322 0.023061 0.021229 1.497952 297.700012
48.883930 29.280382 1.208322 0.001037 0.022327 1.503434 297.804993
48.887203 29.489927 1.208322 0.008771 0.021575 1.507814 297.910004
48.892395 29.729509 1.208322 0.017412 0.021448 1.511773 298.029999
48.899014 29.939137 1.208322 0.018831 0.021060 1.514536 298.135010
48.907742 30.148712 1.208322 0.014974 0.021267 1.516736 298.239990
48.918163 30.358276 1.208322 0.008596 0.020746 1.518499 298.345001
48.931198 30.597742 1.208322 -0.038378 0.019956 1.545127 298.464996
48.938515 30.807217 1.208322 -0.054444 0.020303 1.627535 298.570007
48.940460 31.016487 1.208322 -0.006010 0.022054 1.621565 298.674988
48.941303 31.225893 1.208322 -0.009446 0.021941 1.616615 298.779999
48.940529 31.435427 1.208322 -0.077674 0.023193 1.659374 298.885010
48.931942 31.644493 1.208322 -0.103585 0.025358 1.751411 298.989990
48.914429 31.852648 1.208322 -0.016692 0.024309 1.741451 299.095001
48.894100 32.060848 1.208322 -0.013024 0.024488 1.733760 299.200012
48.871910 32.269211 1.208322 -0.017875 0.023050 1.727610 299.304993
48.847466 32.477551 1.208322 -0.018982 0.021224 1.722643 299.410004
48.818081 32.705513 1.208322 -0.013844 0.020800 1.718359 299.524994
48.789398 32.913464 1.208322 -0.006746 0.020439 1.715249 299.630005
48.759727 33.121319 1.208322 0.000227 0.020320 1.712717 299.734985
48.726982 33.348991 1.208322 0.006599 0.020153 1.710522 299.850006
48.693378 33.586632 1.208322 0.009897 0.019935 1.708723 299.970001
48.666142 33.784794 1.208322 0.010219 0.019741 1.707520 300.070007
48.639656 33.983040 1.208322 0.008655 0.019971 1.706555 300.170013
48.613762 34.181377 1.208322 0.006263 0.019629 1.705776 300.269989
48.586964 34.389660 1.208322 0.003572 0.019819 1.705108 300.375000
48.560287 34.597950 1.208322 0.001236 0.020507 1.704569 300.480011
48.533466 34.806313 1.208322 -0.000229 0.020347 1.704143 300.584991
48.507671 35.004753 1.208322 -0.000593 0.020091 1.703814 300.684998
48.481598 35.203186 1.208322 -0.000294 0.019648 1.703552 300.785004
48.455276 35.401550 1.208322 0.000529 0.019130 1.703336 300.885010
48.428799 35.599838 1.208322 0.001481 0.019318 1.703158 300.984985
48.400921 35.807972 1.208322 0.002414 0.019703 1.703005 301.089996
48.373055 36.016117 1.208322 0.003029 0.020603 1.702886 301.195007
48.346603 36.214405 1.208322 0.003412 0.019674 1.702795 301.295013
48.320251 36.412693 1.208322 0.003427 0.019305 1.702718 301.394989
48.293999 36.610981 1.208322 0.003123 0.019606 1.702661 301.494995
48.267830 36.809269 1.208322 0.002621 0.020569 1.702607 301.595001
48.241661 37.007633 1.208322 0.002354 0.020061 1.702569 301.695007
48.215492 37.205997 1.208322 0.002238 0.019214 1.702531 301.795013
48.188026 37.414124 1.208322 0.001119 -0.030184 1.728694 301.899994
48.159184 37.632339 1.208322 -0.028901 -0.260184 1.849114 302.015015
48.133644 37.836079 1.208322 -0.065731 -0.303717 1.985242 302.144989
48.113457 38.038963 1.208322 -0.086921 -0.187886 2.178961 302.329987
48.103722 38.243839 1.208322 -0.071031 -0.061726 2.534987 302.670013
47.987000 38.073669 1.208322 -0.022179 0.288732 -1.866868 304.950012
47.920033 37.879986 1.208322 0.020275 0.165621 -1.806495 305.075012
47.854107 37.690670 1.208322 0.047280 0.096218 -1.819866 305.184998
47.784302 37.502487 1.208322 0.008728 0.061838 -1.831494 305.290009
47.712414 37.309868 1.208322 -0.028983 0.042028 -1.837920 305.394989
47.642654 37.113895 1.208322 -0.050205 0.030814 -1.840986 305.500000
47.577366 36.915226 1.208322 -0.053338 0.025412 -1.843411 305.605011
47.514217 36.704784 1.208322 -0.045220 0.020742 -1.845958 305.714996
47.452995 36.483093 1.208322 -0.026048 0.019401 -1.848158 305.829987
47.399864 36.281864 1.208322 0.011454 -0.140619 -1.932510 305.934998
47.339695 36.051868 1.208322 0.059237 -0.320227 -2.073873 306.070007
47.290581 35.850754 1.208322 0.086711 -0.234758 -2.241415 306.230011
47.250401 35.654140 1.208322 0.086068 -0.111960 -2.503198 306.480011
47.226418 35.453217 1.208322 0.028583 -0.001298 3.062700 307.165009
47.269566 35.652771 1.208322 0.018346 0.318443 1.370852 309.179993
47.316437 35.865852 1.208322 0.021791 0.226941 1.355569 309.329987
47.363056 36.061745 1.208322 0.021155 0.133737 1.346622 309.445007
47.420845 36.290424 1.208322 0.016636 0.069055 1.339120 309.570007
47.473099 36.488327 1.208322 0.009983 0.044196 1.334170 309.674988
47.527336 36.688641 1.208322 0.002170 0.031856 1.329096 309.779999
47.582466 36.890224 1.208322 -0.003705 0.025576 1.326108 309.885010
47.637688 37.092529 1.208322 -0.007979 0.022552 1.323715 309.989990
47.689899 37.285648 1.208322 -0.010112 0.020624 1.321869 310.089996
47.741524 37.479095 1.208322 -0.010363 0.019370 1.320394 310.190002
47.792519 37.672752 1.208322 -0.009297 0.018489 1.319193 310.290009
47.842987 37.866524 1.208322 -0.006716 0.018857 1.318224 310.390015
47.893173 38.060371 1.208322 -0.004273 0.018974 1.317440 310.489990
47.943298 38.254234 1.208322 -0.002353 0.019344 1.316788 310.589996
47.993549 38.448097 1.208322 -0.001119 0.019709 1.316269 310.690002
48.044025 38.641930 1.208322 -0.019006 0.019097 1.325718 310.790009
48.092281 38.836227 1.208322 -0.020851 0.018328 1.371325 310.890015
48.138496 39.030865 1.208322 0.000236 0.019391 1.367201 310.989990
48.184349 39.225597 1.208322 -0.047747 0.019751 1.406322 311.089996
48.229469 39.430672 1.208322 -0.060828 0.022156 1.438223 311.195007
48.268814 39.636700 1.208322 -0.057095 0.022659 1.506531 311.299988
48.303093 39.843395 1.208322 -0.000095 0.021763 1.491069 311.404999
48.337116 40.050308 1.208322 -0.005569 0.022306 1.481680 311.510010
48.375282 40.287128 1.208322 -0.019334 0.020984 1.473224 311.630005
48.406731 40.494678 1.208322 -0.025210 0.021128 1.467378 311.734985
48.435688 40.702587 1.208322 -0.024413 0.020496 1.462690 311.839996
48.460129 40.910934 1.208322 -0.102003 0.021235 1.554714 311.945007
48.474358 41.119598 1.208322 -0.042011 0.023939 1.602646 312.049988
48.481293 41.328388 1.208322 -0.082668 0.025889 1.678054 312.154999
48.481911 41.547146 1.208322 -0.006023 0.024403 1.664139 312.265015
48.481014 41.766262 1.208322 -0.008920 0.024235 1.652726 312.375000
48.478909 41.975742 1.208322 -0.017302 0.022874 1.644005 312.480011
48.477531 42.185280 1.208322 0.064346 0.017192 1.523257 312.584991
48.480404 42.394524 1.208322 0.046176 0.020695 1.483916 312.690002
48.485962 42.603619 1.208322 -0.002491 0.021793 1.483223 312.795013
48.492477 42.812813 1.208322 0.050915 0.022402 1.444778 312.899994
48.502838 43.021820 1.208322 0.054883 0.023574 1.428638 313.005005
48.519077 43.230309 1.208322 0.036694 0.025064 1.394600 313.109985
48.542336 43.458340 1.208322 0.021109 0.023952 1.402551 313.225006
48.566448 43.666508 1.208322 0.022137 0.022368 1.408330 313.329987
48.593246 43.874527 1.208322 0.019757 0.022050 1.413010 313.434998
48.622444 44.082371 1.208322 0.013522 0.020327 1.416741 313.540009
48.653328 44.290035 1.208322 0.004999 0.020448 1.419743 313.644989
48.682884 44.497826 1.208322 -0.016126 0.019285 1.468728 313.750000
48.712315 44.725662 1.208322 -0.036248 0.020207 1.513549 313.864990
48.737431 44.943829 1.208322 -0.001447 0.021218 1.506643 313.975006
48.761101 45.152218 1.208322 -0.005381 0.021179 1.501203 314.079987
48.783997 45.360794 1.208322 -0.058512 0.021070 1.533373 314.184998
48.803143 45.569672 1.208322 -0.022059 0.021625 1.529776 314.290009
48.819778 45.778801 1.208322 -0.020612 0.021657 1.526762 314.394989
48.834267 45.988152 1.208322 -0.020344 0.020537 1.524341 314.500000
48.846706 46.197624 1.208322 -0.016270 0.020283 1.522399 314.605011
48.857548 46.407204 1.208322 -0.009445 0.021039 1.520823 314.709991
48.867496 46.616890 1.208322 -0.003080 0.020769 1.519549 314.815002
48.876751 46.846584 1.208322 -0.075265 0.019479 1.600214 314.929993
48.878784 47.056114 1.208322 -0.063729 0.021895 1.657266 315.035004
48.876179 47.265446 1.208322 -0.001551 0.021830 1.654396 315.140015
48.872219 47.504837 1.208322 -0.006489 0.022438 1.646900 315.260010
48.867523 47.724476 1.208322 -0.016181 0.022523 1.641471 315.369995
48.860397 47.954174 1.208322 -0.020320 0.020932 1.636989 315.484985
48.851509 48.163853 1.208322 -0.018243 0.020560 1.633727 315.589996
48.840622 48.373463 1.208322 -0.011996 0.020546 1.631112 315.695007
48.828377 48.583019 1.208322 -0.004690 0.019942 1.629020 315.799988
48.815586 48.792503 1.208322 0.002096 0.019439 1.627339 315.904999
48.802338 49.011913 1.208322 0.007285 0.020880 1.625938 316.015015
48.789257 49.241402 1.208322 0.009161 0.020353 1.624779 316.130005
48.778221 49.450966 1.208322 0.008366 0.020492 1.623924 316.234985
48.767967 49.660591 1.208322 0.006018 0.020088 1.623247 316.339996
48.758236 49.870235 1.208322 0.003102 0.020749 1.622705 316.445007
48.748722 50.079880 1.208322 0.000551 0.020444 1.622265 316.549988
48.739159 50.289516 1.208322 -0.001243 0.019805 1.621913 316.654999
48.729355 50.499081 1.208322 -0.002131 0.020139 1.621632 316.760010
48.718246 50.728603 1.208322 -0.001905 0.020848 1.621384 316.875000
48.707779 50.938168 1.208322 -0.001085 0.020307 1.621202 316.980011
48.697098 51.147755 1.208322 0.000068 0.020391 1.621061 317.084991
48.686317 51.357376 1.208322 0.001091 0.019853 1.620949 317.190002
48.675568 51.566940 1.208322 0.001810 0.020100 1.620859 317.295013
48.664902 51.776505 1.208322 0.002146 0.020021 1.620781 317.399994
48.654366 51.986069 1.208322 0.002061 0.020705 1.620721 317.505005
48.643936 52.195705 1.208322 0.001804 0.020146 1.620680 317.609985
48.634693 52.405350 1.208322 0.034766 0.020068 1.572899 317.714996
48.628262 52.624977 1.208322 0.047900 0.020410 1.538677 317.825012
48.626812 52.834408 1.208322 0.023729 0.021257 1.484385 317.929993
48.628792 53.043663 1.208322 0.054351 0.022411 1.449678 318.035004
48.636513 53.252399 1.208322 0.096312 0.026743 1.360120 318.140015
48.652782 53.460140 1.208322 0.028780 0.028754 1.361641 318.244995
48.675877 53.667336 1.208322 0.116226 0.032074 1.276629 318.350006
48.721985 53.920540 1.208322 0.080651 0.033846 1.208005 318.480011
48.770401 54.122925 1.208322 0.040479 0.031087 1.221741 318.584991
48.824162 54.324799 1.208322 0.040410 0.027090 1.234328 318.690002
48.882774 54.525932 1.208322 0.037483 0.023189 1.244128 318.795013
48.945683 54.726173 1.208322 0.025583 0.021203 1.251223 318.899994
49.008404 54.916233 1.208322 0.011143 0.019504 1.255505 319.000000
49.072453 55.106007 1.208322 -0.003036 0.019282 1.257702 319.100006
49.136547 55.295887 1.208322 -0.013099 0.018167 1.259474 319.200012
49.199776 55.486088 1.208322 -0.018470 0.017840 1.260934 319.299988
49.261631 55.676704 1.208322 -0.019788 0.017476 1.262115 319.399994
49.322056 55.867733 1.208322 -0.016562 0.018690 1.263062 319.500000
49.381336 56.059128 1.208322 -0.011448 0.018874 1.264279 319.600006
49.439972 56.250763 1.208322 0.011807 0.017575 1.254176 319.700012
49.501251 56.441322 1.208322 0.086717 0.017762 1.151030 319.799988
49.574276 56.637573 1.208322 0.099519 0.023586 1.055014 319.904999
49.657585 56.828884 1.208322 0.103754 0.028703 0.968547 320.010010
49.765999 57.040524 1.208322 0.116139 0.034438 0.874012 320.130005
49.873146 57.218403 1.208322 0.125520 0.038280 0.796078 320.234985
49.991142 57.389343 1.208322 0.113194 0.036388 0.762697 320.339996
50.118351 57.554222 1.208322 0.074306 0.034415 0.764885 320.445007
50.249176 57.713329 1.208322 0.009663 -0.131544 0.907840 320.549988
50.388603 57.881092 1.208322 0.020107 -0.114893 0.976616 320.670013
50.519890 58.033512 1.208322 -0.008284 -0.058273 0.984601 320.790009
50.659718 58.196873 1.208322 -0.057597 -0.015188 1.062363 320.924988
50.792934 58.367485 1.208322 -0.077279 0.008434 1.136758 321.065002
50.908638 58.537632 1.208322 -0.084459 0.018834 1.205404 321.200012
51.010876 58.714725 1.208322 -0.084470 0.022493 1.272299 321.334991
51.102444 58.905346 1.208322 -0.082020 0.023673 1.340282 321.475006
51.176998 59.095135 1.208322 -0.085423 0.093742 1.403752 321.609985
51.234993 59.286922 1.208322 -0.082575 0.174622 1.467967 321.734985
51.282749 59.503319 1.208322 -0.078547 0.116665 1.544132 321.859985
51.315228 59.707066 1.208322 -0.076752 0.077974 1.613707 321.970001
51.337246 59.914944 1.208322 -0.108931 -0.085310 1.742934 322.079987
51.347706 60.119453 1.208322 -0.124468 -0.078045 1.815987 322.195007
51.342510 60.340694 1.208322 -0.134876 -0.017613 1.890261 322.329987
51.317345 60.549477 1.208322 -0.080761 0.006833 1.882477 322.464996
51.277771 60.752502 1.208322 -0.063473 0.011469 1.870179 322.600006
51.227104 60.952076 1.208322 -0.041724 0.010580 1.860927 322.734985
51.169029 61.149395 1.208322 -0.016197 0.010987 1.853897 322.869995
51.107880 61.345810 1.208322 0.003991 0.010451 1.848652 323.005005
51.047501 61.541325 1.208322 0.016356 0.169733 1.844828 323.135010
50.990662 61.733463 1.208322 0.022304 0.129045 1.842188 323.250000
50.932346 61.940174 1.208322 0.022556 0.077219 1.840120 323.364990
50.876785 62.145699 1.208322 0.018342 0.048610 1.838546 323.475006
50.824345 62.345676 1.208322 0.011795 0.034767 1.837346 323.579987
50.767258 62.566872 1.208322 0.004292 0.026179 1.836319 323.695007
50.714962 62.769707 1.208322 -0.000222 0.023287 1.835561 323.799988
50.662117 62.972893 1.208322 -0.002443 0.020665 1.834953 323.904999
50.611164 63.166458 1.208322 0.023209 0.019845 1.819503 324.005005
50.562233 63.360542 1.208322 0.015199 0.018470 1.777898 324.105011
50.514919 63.554947 1.208322 0.032096 0.019205 1.760376 324.204987
50.468189 63.759567 1.208322 0.022729 0.020566 1.721836 324.309998
50.424187 63.964718 1.208322 0.018621 0.021044 1.725055 324.415009
50.378136 64.189972 1.208322 0.027926 0.021609 1.727871 324.529999
50.340664 64.386444 1.208322 0.030920 0.019887 1.729826 324.630005
50.304722 64.593323 1.208322 0.092527 0.019070 1.673442 324.734985
50.275433 64.800957 1.208322 0.029397 0.021076 1.670396 324.839996
50.249741 65.009064 1.208322 0.077188 0.020602 1.625457 324.945007
50.225471 65.257401 1.208322 0.058108 0.022213 1.605500 325.070007
50.211876 65.466354 1.208322 0.059403 0.022596 1.532972 325.174988
50.204494 65.675446 1.208322 0.011735 0.023140 1.540770 325.279999
50.198738 65.884773 1.208322 0.011830 0.022592 1.547201 325.385010
50.194351 66.094299 1.208322 0.015911 0.022227 1.552345 325.489990
50.191711 66.303986 1.208322 0.016309 0.021361 1.556465 325.595001
50.190815 66.513733 1.208322 0.012831 0.020888 1.559791 325.700012
50.191261 66.723618 1.208322 0.006850 0.020923 1.562445 325.804993
50.192574 66.953491 1.208322 0.000697 0.019996 1.564751 325.920013
50.193878 67.163376 1.208322 -0.003545 0.019981 1.566435 326.024994
50.194817 67.373260 1.208322 -0.005890 0.020585 1.567789 326.130005
50.195137 67.583145 1.208322 -0.006320 0.020053 1.568877 326.234985
50.194801 67.793030 1.208322 -0.004952 0.020409 1.569750 326.339996
50.194294 68.002464 1.208322 0.066774 -0.070154 1.468119 326.445007
50.202702 68.245636 1.208322 0.162316 -0.116449 1.225444 326.575012
50.227245 68.444847 1.208322 0.149607 -0.036064 1.097994 326.695007
50.273777 68.642235 1.208322 0.174272 0.017316 0.981460 326.825012
50.344646 68.834167 1.208322 0.095706 -0.209596 0.831630 326.964996
50.422913 69.029198 1.208322 0.095881 -0.181268 0.632675 327.154999
50.490929 69.219414 1.208322 0.075493 -0.063268 0.292356 327.480011
50.618805 69.065163 1.208322 0.019412 0.155070 -1.338429 329.404999
50.671200 68.842781 1.208322 0.037748 0.061375 -1.365299 329.570007
50.710991 68.640800 1.208322 0.039868 0.030612 -1.381814 329.709991
50.743401 68.441055 1.208322 0.031919 0.018988 -1.393815 329.845001
50.772018 68.229767 1.208322 0.027223 0.153906 -1.403101 329.984985
50.796360 68.030922 1.208322 -0.048971 0.156664 -1.369972 330.105011
50.830448 67.814743 1.208322 -0.072051 0.096209 -1.280577 330.225006
50.869740 67.618416 1.208322 0.010707 0.059646 -1.283364 330.329987
50.910450 67.417679 1.208322 0.011145 0.041043 -1.293698 330.434998
50.951275 67.214355 1.208322 -0.003664 0.032413 -1.302114 330.540009
51.001621 66.970901 1.208322 -0.017493 0.025633 -1.309888 330.665009
51.046490 66.766220 1.208322 -0.020253 0.023182 -1.315045 330.769989
51.093941 66.561775 1.208322 -0.016815 0.021678 -1.319199 330.875000
51.141163 66.367310 1.208322 -0.010558 0.020276 -1.322439 330.975006
51.189678 66.173042 1.208322 -0.002368 0.019154 -1.325020 331.075012
51.243610 65.959389 1.208322 0.005490 0.019148 -1.327303 331.184998
51.292439 65.765144 1.208322 0.010056 0.019552 -1.328987 331.285004
51.340645 65.570709 1.208322 0.012204 0.019126 -1.330333 331.385010
51.388035 65.376076 1.208322 0.011781 0.019235 -1.331429 331.484985
51.434647 65.181259 1.208322 0.009765 0.019193 -1.332323 331.584991
51.480675 64.986305 1.208322 0.006883 0.019508 -1.333058 331.684998
51.526409 64.791298 1.208322 0.004161 0.018810 -1.333643 331.785004
51.571907 64.596260 1.208322 0.053577 0.017359 -1.372321 331.885010
51.614922 64.400803 1.208322 0.008978 0.018569 -1.376806 331.984985
51.657078 64.205185 1.208322 0.004381 0.019189 -1.375801 332.084991
51.699017 64.009567 1.208322 0.007798 0.019119 -1.374992 332.184998
51.740459 63.813835 1.208322 0.010708 0.019044 -1.374332 332.285004
51.781162 63.617962 1.208322 0.011102 0.019956 -1.373793 332.385010
51.820110 63.415409 1.208322 0.084003 -0.135898 -1.531022 332.489990
51.851711 63.209873 1.208322 0.069916 -0.101638 -1.593138 332.605011
51.875320 63.011215 1.208322 0.042076 -0.047521 -1.577924 332.725006
51.893436 62.797955 1.208322 0.058040 -0.011141 -1.604041 332.859985
51.900707 62.597183 1.208322 0.041832 0.003076 -1.644868 332.989990
51.897461 62.368217 1.208322 0.059237 0.011586 -1.730278 333.140015
51.885216 62.163666 1.208322 0.003840 0.012071 -1.724972 333.274994
51.870846 61.959274 1.208322 0.040420 0.015145 -1.746137 333.410004
51.848545 61.756115 1.208322 0.009852 0.172067 -1.788013 333.540009
51.821651 61.557491 1.208322 -0.020386 0.126078 -1.774523 333.654999
51.794941 61.354042 1.208322 -0.007838 0.078969 -1.764416 333.765015
51.764790 61.124203 1.208322 0.006306 0.026814 -1.755677 333.885010
51.738880 60.920971 1.208322 -0.070486 0.033197 -1.652310 333.989990
51.719730 60.715855 1.208322 -0.080245 0.033721 -1.547680 334.095001
51.709293 60.509426 1.208322 -0.084152 0.033423 -1.456253 334.200012
51.708393 60.302593 1.208322 -0.093711 0.035304 -1.373640 334.304993
51.718433 60.096169 1.208322 -0.115621 0.040255 -1.291165 334.410004
51.741631 59.891148 1.208322 -0.131025 0.045037 -1.213332 334.515015
51.779655 59.688736 1.208322 -0.136958 0.024032 -1.140145 334.619995
51.831879 59.492550 1.208322 -0.138171 -0.035441 -1.065618 334.725006
51.898327 59.300400 1.208322 -0.131485 -0.084111 -0.993374 334.834991
51.987282 59.096279 1.208322 -0.149937 -0.011809 -0.900830 334.964996
52.087563 58.920204 1.208322 -0.159078 -0.012668 -0.737963 335.089996
52.222095 58.740776 1.208322 -0.136801 0.017915 -0.579598 335.234985
52.379784 58.579597 1.208322 -0.124002 0.033851 -0.422779 335.385010
52.536186 58.454529 1.208322 -0.122241 0.042679 -0.290557 335.519989
52.724091 58.337627 1.208322 -0.081032 0.043779 -0.210245 335.670013
52.903164 58.247528 1.208322 -0.085461 0.039805 -0.167337 335.804993
53.090054 58.171795 1.208322 -0.094581 0.035734 -0.113362 335.940002
53.297848 58.108509 1.208322 -0.093213 0.031807 -0.050302 336.084991
53.496120 58.066608 1.208322 -0.086404 0.028668 0.011087 336.220001
53.697376 58.038918 1.208322 -0.073306 0.024349 0.050780 336.355011
53.900352 58.023071 1.208322 -0.029028 0.019703 0.059806 336.489990
54.105801 58.013489 1.208322 -0.013302 0.149603 0.043887 336.625000
54.331615 58.007679 1.208322 -0.016454 0.147001 0.031866 336.760010
54.532986 58.005703 1.208322 -0.014926 0.095752 0.024266 336.869995
54.733807 58.005680 1.208322 -0.009693 0.060940 0.018475 336.975006
54.948986 58.006863 1.208322 -0.002492 0.040551 0.013610 337.084991
55.156712 58.008289 1.208322 0.003703 0.030397 0.009939 337.190002
55.365528 58.009354 1.208322 0.007347 0.024867 0.006973 337.295013
55.574871 58.009647 1.208322 0.008471 0.023083 0.004576 337.399994
55.784481 58.009068 1.208322 0.007386 0.021449 0.002660 337.505005
55.994221 58.007721 1.208322 0.004588 0.021355 0.001134 337.609985
56.204056 58.005890 1.208322 0.001745 0.020754 -0.000101 337.714996
56.433929 58.003696 1.208322 -0.001064 0.020530 -0.001167 337.829987
56.643875 58.001797 1.208322 -0.002617 0.020217 -0.001948 337.934998
56.853840 58.000172 1.208322 -0.003172 0.020090 -0.002568 338.040009
57.063782 57.998875 1.208322 -0.002872 0.019968 -0.003068 338.144989
57.293655 57.997791 1.208322 -0.001843 0.020334 -0.003504 338.260010
57.513535 57.996964 1.208322 -0.000673 0.020712 -0.003831 338.369995
57.743477 57.996174 1.208322 0.000344 0.020426 -0.004105 338.484985
57.953442 57.995403 1.208322 0.000885 0.020735 -0.004300 338.589996
58.163406 57.994526 1.208322 0.001073 0.020201 -0.004460 338.695007
58.373371 57.993526 1.208322 0.000921 0.020438 -0.004590 338.799988
58.583309 57.992424 1.208322 0.000419 -0.010097 -0.020384 338.904999
58.805187 57.991333 1.208322 0.024497 -0.240097 -0.140805 339.019989
59.007679 57.991825 1.208322 0.062939 -0.309080 -0.271696 339.144989
59.209976 57.997128 1.208322 0.086795 -0.200308 -0.454945 339.320007
59.413197 58.011593 1.208322 0.076465 -0.076951 -0.774321 339.625000
59.244991 57.894211 1.208322 -0.014808 0.266533 -2.807052 342.065002
59.058090 57.819168 1.208322 0.013107 0.154613 -2.872526 342.184998
58.869915 57.744461 1.208322 -0.042639 0.089492 -2.868517 342.295013
58.683376 57.667381 1.208322 -0.010897 0.056730 -2.860559 342.399994
58.492977 57.588108 1.208322 0.026357 0.039454 -2.854157 342.505005
58.299484 57.510754 1.208322 0.051824 0.030741 -2.849050 342.609985
58.084320 57.431400 1.208322 0.057715 0.024022 -2.844586 342.725006
57.875900 57.361465 1.208322 0.047392 0.020301 -2.841229 342.834991
57.674915 57.300785 1.208322 0.111684 0.019126 -2.925626 342.940002
57.471748 57.249111 1.208322 0.022467 0.020988 -2.930329 343.045013
57.267830 57.199928 1.208322 -0.000704 0.020932 -2.924064 343.149994
57.054077 57.148010 1.208322 -0.004818 0.019906 -2.916995 343.260010
56.830673 57.092770 1.208322 -0.003151 0.019930 -2.912093 343.375000
56.636250 57.045250 1.208322 0.026579 0.018737 -2.953664 343.475006
56.441429 56.999901 1.208322 0.006165 0.019105 -2.949930 343.575012
56.226997 56.950600 1.208322 0.009835 0.019889 -2.946691 343.684998
56.031868 56.906502 1.208322 0.014077 0.020009 -2.944334 343.785004
55.836369 56.863976 1.208322 0.079465 0.019957 -2.995274 343.885010
55.630161 56.825035 1.208322 0.065627 0.022051 -3.036969 343.989990
55.423363 56.790035 1.208322 -0.004653 0.019964 -3.019584 344.095001
55.216564 56.754704 1.208322 -0.008882 0.020547 -3.011947 344.200012
55.009754 56.718872 1.208322 0.047949 0.020805 -3.051923 344.304993
54.802574 56.685986 1.208322 0.012042 0.021074 -3.044977 344.410004
54.575371 56.651516 1.208322 0.015112 0.021574 -3.038887 344.524994
54.367603 56.621555 1.208322 0.019257 0.020538 -3.034486 344.630005
54.159561 56.593418 1.208322 0.018826 0.020182 -3.030959 344.734985
53.951279 56.567051 1.208322 0.014888 0.020059 -3.028088 344.839996
53.743477 56.542664 1.208322 0.082493 -0.089357 -3.136626 344.945007
53.511177 56.525051 1.208322 0.143562 -0.114077 2.931055 345.070007
53.309887 56.525501 1.208322 0.162517 -0.038891 2.769426 345.190002
53.093819 56.551033 1.208322 0.160740 0.021404 2.614977 345.329987
52.899189 56.602856 1.208322 0.151950 0.046291 2.479216 345.464996
52.710041 56.684139 1.208322 0.135363 0.051848 2.346363 345.605011
52.522354 56.798851 1.208322 0.126084 0.051113 2.203096 345.755005
52.360981 56.927078 1.208322 0.072544 0.042488 2.156382 345.894989
52.214325 57.064365 1.208322 0.082059 0.036787 2.108463 346.029999
52.074326 57.220177 1.208322 0.088248 0.033275 2.028406 346.170013
51.952553 57.382015 1.208322 0.118678 0.031276 1.935009 346.304993
51.848118 57.554665 1.208322 0.087263 0.032393 1.828217 346.440002
51.758595 57.735638 1.208322 0.047682 0.027631 1.796040 346.575012
51.677490 57.921936 1.208322 0.070689 0.025835 1.775118 346.709991
51.607216 58.113174 1.208322 0.079038 0.023630 1.715469 346.845001
51.550320 58.308731 1.208322 0.074109 0.022789 1.653839 346.980011
51.503708 58.522350 1.208322 0.069288 0.022387 1.585741 347.125000
51.467041 58.760921 1.208322 0.065226 0.020536 1.533962 347.285004
51.446018 58.980667 1.208322 0.078373 0.160107 1.495159 347.429993
51.442127 59.206631 1.208322 0.075237 0.151091 1.418852 347.565002
51.451931 59.407017 1.208322 0.067810 0.098818 1.349567 347.674988
51.472340 59.614933 1.208322 0.074011 0.067266 1.274460 347.785004
51.501705 59.815186 1.208322 0.088009 0.042142 1.200804 347.890015
51.539661 60.015011 1.208322 0.022041 0.047832 1.210901 347.994995
51.582195 60.216434 1.208322 0.033074 0.042175 1.226000 348.100006
51.629612 60.418743 1.208322 0.044566 0.033482 1.238155 348.204987
51.682549 60.620869 1.208322 0.043428 0.027400 1.247959 348.309998
51.740623 60.822292 1.208322 0.032237 0.023028 1.255857 348.415009
51.808495 61.042110 1.208322 0.013352 0.020099 1.262638 348.529999
51.869343 61.232899 1.208322 -0.002615 0.019440 1.267385 348.630005
51.930473 61.423710 1.208322 0.033536 0.012067 1.235138 348.730011
51.997734 61.621742 1.208322 0.060621 -0.024582 1.140182 348.834991
52.069954 61.814350 1.208322 0.009018 0.026023 1.107487 348.940002
52.143288 62.005795 1.233392 -0.077095 -0.096431 1.256325 349.045013
52.219463 62.222401 1.231707 -0.042955 -0.110654 1.307087 349.170013
52.281555 62.415218 1.230355 -0.039523 -0.060020 1.363029 349.290009
52.346191 62.637230 1.229194 -0.048763 -0.060822 1.397762 349.434998
52.396786 62.832226 1.229194 -0.010318 -0.262669 1.277342 349.575012
52.441715 63.027603 1.229194 0.037211 -0.188259 1.073151 349.769989
52.476425 63.225952 1.229194 0.049645 -0.064504 0.685711 350.140015
52.670967 63.207798 1.179753 0.022907 0.215955 -0.918194 353.725006
52.819927 63.066017 1.175336 0.036111 0.103781 -1.163914 353.894989
52.955631 62.915409 1.172319 0.052494 0.078062 -1.266110 354.045013
53.079575 62.751690 1.169976 0.115358 0.075159 -1.369297 354.190002
53.179241 62.576218 1.168181 0.075322 0.060934 -1.379330 354.329987
53.276463 62.368740 1.166593 -0.051334 0.016088 -1.070133 354.484985
53.377846 62.170166 1.165381 -0.114795 -0.000020 -0.708015 354.635010
53.490200 61.997124 1.164449 -0.113740 0.038139 -0.395039 354.779999
53.625500 61.840893 1.163685 -0.143032 0.095788 -0.246422 354.929993
53.780888 61.711330 1.163098 -0.109504 0.100465 -0.232348 355.075012
53.953743 61.607525 1.162642 -0.179008 0.075358 -0.163296 355.214996
54.165840 61.528843 1.162240 -0.154225 0.051858 -0.087133 355.369995
54.383553 61.485416 1.161931 -0.067556 0.032687 -0.057816 355.519989
54.614433 61.456020 1.161679 -0.047021 0.019787 -0.085039 355.674988
54.840374 61.434196 1.161488 -0.005465 0.014996 -0.086102 355.825012
55.060532 61.414436 1.161341 0.010996 0.130938 -0.094805 355.970001
55.266125 61.394058 1.161238 0.015596 0.155670 -0.100452 356.095001
55.501251 61.368000 1.161150 0.013534 0.094437 -0.104948 356.225006
55.710327 61.342915 1.161088 0.008654 0.058047 -0.107904 356.334991
55.914246 61.317360 1.161037 0.003175 0.040330 -0.110167 356.440002
56.120518 61.293430 1.160994 -0.082756 0.030343 -0.016066 356.545013
56.328075 61.277866 1.160958 -0.089719 0.029098 0.072540 356.649994
56.535931 61.272156 1.160928 -0.060974 0.029907 0.137266 356.755005
56.763882 61.273510 1.160900 -0.024221 0.029487 0.125496 356.869995
56.972656 61.278275 1.160878 -0.039572 0.027904 0.119038 356.975006
57.191677 61.288208 1.160859 -0.048859 0.025568 0.113638 357.084991
57.400692 61.303268 1.160844 -0.045745 0.022905 0.109493 357.190002
57.609497 61.322945 1.160830 0.016313 0.019861 0.065699 357.295013
57.818260 61.343445 1.160819 -0.007043 0.019501 0.063393 357.399994
58.026958 61.362778 1.160809 0.018235 0.019809 0.005495 357.505005
58.245651 61.380241 1.160801 0.018559 0.022401 0.008877 357.614990
58.474613 61.395962 1.160793 0.033463 0.023363 0.011688 357.730011
58.713970 61.407841 1.160786 0.037037 0.021892 0.013981 357.850006
58.923622 61.413502 1.160781 0.098889 0.019443 -0.045330 357.954987
59.142914 61.410488 1.160777 0.036227 0.023252 -0.063145 358.065002
59.352222 61.402966 1.160774 0.018760 0.022849 -0.060299 358.170013
59.561672 61.393230 1.160772 0.012168 0.021873 -0.057993 358.274994
59.781216 61.381653 1.160769 -0.038696 0.019735 -0.025887 358.385010
59.990704 61.374542 1.160766 -0.086088 0.020557 0.077221 358.489990
60.199596 61.376328 1.160764 -0.031811 0.023364 0.125767 358.595001
60.408329 61.382690 1.160761 -0.013343 0.025216 0.119263 358.700012
60.617374 61.391087 1.160761 -0.001674 0.023367 0.097448 358.804993
60.826668 61.399952 1.160761 0.021088 0.020504 0.028994 358.910004
61.055901 61.406548 1.160761 0.014921 0.018681 -0.058434 359.024994
61.264996 61.410732 1.160761 -0.019633 0.020996 -0.049547 359.130005
61.474258 61.416611 1.160761 -0.003322 0.022564 -0.042412 359.234985
61.683758 61.422703 1.160761 0.013979 0.022290 -0.036627 359.339996
61.893444 61.427151 1.160761 0.026303 0.022536 -0.032013 359.445007
62.103237 61.428726 1.160761 0.029495 0.020952 -0.028290 359.549988
62.322716 61.423958 1.160761 0.071943 0.021491 -0.111488 359.660004
62.551483 61.410366 1.160761 0.021174 0.023389 -0.105776 359.774994
62.770332 61.394260 1.160761 0.013814 0.022314 -0.101269 359.885010
62.979321 61.377144 1.160761 0.000013 0.021425 -0.092779 359.989990
63.188389 61.361881 1.160761 -0.081038 0.019558 0.018242 360.095001
63.397316 61.354706 1.160761 -0.030730 0.023298 0.067690 360.200012
63.606270 61.351765 1.160761 -0.014735 0.024543 0.063374 360.304993
63.835533 61.350903 1.160761 -0.028945 0.024167 0.059607 360.420013
64.055084 61.353706 1.160761 -0.035690 0.022382 0.056747 360.529999
64.274628 61.360783 1.160761 -0.031174 0.021592 0.054485 360.640015
64.484184 61.370857 1.160761 0.031246 0.017920 0.009609 360.744995
64.733475 61.382008 1.160761 0.000512 0.021134 0.005150 360.869995
64.942924 61.390995 1.160761 0.009771 0.021179 0.006172 360.975006
65.152489 61.398884 1.160761 0.019281 0.021346 0.007004 361.079987
65.362175 61.404720 1.160761 0.022882 0.020312 0.007677 361.184998
65.571899 61.408173 1.160761 0.019781 0.020570 0.008215 361.290009
65.781471 61.407188 1.160761 0.087614 0.020108 -0.090164 361.394989
65.990578 61.399090 1.160761 0.012588 0.023198 -0.084339 361.500000
66.219688 61.388142 1.160761 0.003594 0.022372 -0.079256 361.614990
66.458984 61.375916 1.160761 0.005305 0.021655 -0.075069 361.734985
66.668465 61.364857 1.160761 -0.054887 0.018683 -0.019772 361.839996
66.907707 61.358871 1.160761 -0.042831 0.020439 0.071325 361.959991
67.116791 61.358936 1.160761 -0.003770 0.023240 0.065197 362.065002
67.356026 61.360092 1.160761 -0.014284 0.022987 0.060829 362.184998
67.565567 61.362915 1.160761 -0.024322 0.022081 0.057810 362.290009
67.775131 61.368465 1.160761 -0.026717 0.021362 0.055399 362.394989
67.984695 61.376945 1.160761 -0.021545 0.021458 0.053457 362.500000
68.194221 61.387356 1.160761 0.010733 0.020153 0.023916 362.605011
68.403763 61.397148 1.160761 0.005803 0.020804 0.021234 362.709991
68.613342 61.406204 1.160761 0.016382 0.021548 0.019062 362.815002
68.823067 61.413528 1.160761 0.023010 0.020767 0.017315 362.920013
69.032867 61.418438 1.160761 0.022966 0.020540 0.015926 363.024994
69.242752 61.420967 1.160761 0.017685 0.020358 0.014805 363.130005
69.452637 61.421665 1.160761 0.009918 0.020491 0.013899 363.234985
69.662521 61.421356 1.160761 0.001855 0.020082 0.013174 363.339996
69.872276 61.418442 1.160761 0.078883 0.019114 -0.089634 363.445007
70.121407 61.407906 1.160761 -0.004886 0.021755 -0.085291 363.570007
70.330772 61.398762 1.160761 -0.005881 0.021245 -0.080410 363.674988
70.540321 61.389969 1.160761 0.002604 0.021540 -0.076519 363.779999
70.749886 61.380947 1.160761 -0.047307 0.018988 -0.029028 363.885010
70.959389 61.376431 1.160761 -0.079988 0.020275 0.077578 363.989990
71.167343 61.380562 1.160761 -0.089661 -0.094720 0.205946 364.095001
71.371712 61.392700 1.160761 -0.084575 -0.114367 0.279327 364.204987
71.575417 61.412979 1.160761 -0.093112 -0.053419 0.339142 364.325012
71.773376 61.444782 1.160761 -0.106498 -0.010110 0.404924 364.450012
71.969414 61.491837 1.160761 -0.061580 0.006946 0.406748 364.579987
72.167465 61.551498 1.160761 -0.050550 0.010071 0.395782 364.714996
72.361855 61.619854 1.160761 -0.037370 0.010618 0.387789 364.850006
72.553215 61.695595 1.160761 -0.064709 0.010889 0.450453 364.984985
72.748085 61.785694 1.160761 -0.067788 0.148157 0.536793 365.125000
72.924858 61.880337 1.160761 0.018844 0.148953 0.567781 365.244995
73.134583 61.993378 1.160761 0.001545 0.088732 0.573299 365.375000
73.311676 62.089912 1.160761 -0.079042 0.013659 0.677347 365.480011
73.489334 62.196934 1.160761 -0.135190 -0.109580 0.855532 365.589996
73.665649 62.320320 1.160761 -0.170493 -0.048613 1.024849 365.714996
73.819717 62.455395 1.160761 -0.140903 -0.090765 1.171892 365.845001
73.960487 62.599506 1.160761 -0.117303 -0.225416 1.328962 365.994995
74.106087 62.745102 1.160761 -0.104415 -0.121247 1.569803 366.225006
74.259361 62.879044 1.160761 -0.047576 -0.010324 2.109077 366.739990
74.099129 62.752533 1.160761 0.000855 0.320482 -2.490653 368.890015
73.926079 62.622459 1.160761 -0.000168 0.197394 -2.493968 369.029999
73.738976 62.481400 1.160761 0.001497 0.103313 -2.495136 369.160004
73.578583 62.360428 1.160761 0.002949 0.060977 -2.495876 369.265015
73.414017 62.236481 1.160761 0.003879 0.038214 -2.496466 369.369995
73.247200 62.111237 1.160761 0.050530 0.025386 -2.529452 369.475006
73.076637 61.989475 1.160761 0.050405 0.021449 -2.605448 369.579987
72.902725 61.871914 1.160761 0.015817 0.020782 -2.601846 369.684998
72.735672 61.761646 1.160761 0.082177 -0.001679 -2.653643 369.785004
72.557602 61.653709 1.160761 0.129739 -0.054694 -2.784935 369.890015
72.374352 61.557507 1.160761 0.150869 -0.120096 -2.960074 370.000000
72.179192 61.469872 1.160761 0.071043 -0.058719 -2.926370 370.125000
71.992249 61.395664 1.160761 0.063356 -0.019700 -2.909237 370.250000
71.800835 61.329411 1.160761 0.039072 -0.086093 -2.857524 370.380005
71.597229 61.265919 1.160761 -0.018318 -0.254939 -2.695218 370.535004
71.397072 61.210232 1.160761 -0.055034 -0.155988 -2.459613 370.760010
71.200615 61.168900 1.160761 -0.044624 -0.033498 -1.967460 371.230011
71.420204 61.149963 1.160761 -0.058215 0.161047 0.157714 373.184998
71.622032 61.158558 1.160761 -0.042982 0.082909 0.189608 373.334991
71.823639 61.178535 1.160761 -0.066448 0.044810 0.205444 373.475006
72.028465 61.214363 1.160761 -0.091023 0.026583 0.293897 373.614990
72.248749 61.272419 1.160761 -0.047937 0.170713 0.295501 373.765015
72.442039 61.332764 1.160761 -0.029544 0.149387 0.296469 373.885010
72.633545 61.396553 1.160761 -0.010843 0.092607 0.296988 373.994995
72.824112 61.460949 1.160761 0.066223 0.059255 0.250555 374.100006
73.020409 61.520451 1.160761 0.072739 0.014099 0.201519 374.204987
73.214523 61.574440 1.160761 -0.097142 -0.127593 0.426586 374.309998
73.413193 61.638527 1.160761 -0.066808 -0.279028 0.446282 374.429993
73.605064 61.708031 1.160761 -0.006536 -0.266773 0.289212 374.579987
73.798332 61.787407 1.160761 0.042509 -0.148036 0.037900 374.820007
73.980743 61.879532 1.160761 0.035011 -0.022704 -0.553731 375.385010
73.814644 61.758835 1.172779 0.023151 0.186433 -2.606307 377.700012
73.647697 61.648575 1.171907 -0.036202 0.073741 -2.710391 377.850006
73.481102 61.535252 1.171258 -0.006214 0.036340 -2.766662 377.989990
73.309311 61.419540 1.170738 0.046428 0.030884 -2.828955 378.130005
73.130630 61.311073 1.170317 0.085342 0.034342 -2.894639 378.269989
72.950226 61.220249 1.169989 0.100756 0.034696 -2.956444 378.404999
72.762154 61.146381 1.169723 0.105259 0.033812 -3.021385 378.540009
72.553131 61.087044 1.169494 0.095701 0.030362 -3.090698 378.684998
72.341492 61.047863 1.169316 0.072902 0.172044 -3.135635 378.825012
72.141785 61.027370 1.169192 0.120337 -0.001888 2.999222 378.945007
71.935837 61.022453 1.169086 0.080233 -0.027835 2.916837 379.070007
71.730705 61.029701 1.168993 0.073745 -0.005978 2.861473 379.200012
71.516708 61.050793 1.168913 0.079092 0.013854 2.800096 379.339996
71.307716 61.087143 1.168848 0.080568 0.021751 2.736328 379.480011
71.095963 61.141533 1.168795 0.079145 0.024528 2.668299 379.625000
70.903328 61.206871 1.168755 0.043911 0.022251 2.631399 379.760010
70.714867 61.284126 1.168723 0.113404 0.024680 2.504677 379.894989
70.535713 61.378654 1.168696 0.104744 0.028344 2.359087 380.029999
70.355515 61.498245 1.168674 0.096773 0.031202 2.216059 380.174988
70.199936 61.624386 1.168657 0.102202 0.037176 2.087563 380.311005
70.053253 61.769886 1.168643 0.120922 0.045152 1.948399 380.450012
69.924706 61.930477 1.168632 0.083613 0.047377 1.882294 380.589996
69.810898 62.103645 1.168622 0.096961 0.043748 1.834658 380.730011
69.716660 62.281322 1.168615 0.128834 0.038960 1.759241 380.864990
69.640999 62.467983 1.168608 0.104472 0.035335 1.695276 381.000000
69.583290 62.661385 1.168604 0.095002 0.031277 1.631985 381.135010
69.542274 62.859516 1.168601 0.066115 0.026388 1.581129 381.269989
69.512749 63.060589 1.168598 0.038306 0.021377 1.591787 381.404999
69.490265 63.263519 1.168594 0.027540 0.016333 1.586391 381.540009
69.472908 63.467407 1.168591 0.012937 0.014365 1.600676 381.674988
69.458107 63.671837 1.168591 0.038819 0.013384 1.581377 381.809998
69.449837 63.877666 1.168591 0.067823 0.139743 1.498434 381.945007
69.449921 64.084724 1.168591 -0.018399 0.154392 1.504309 382.070007
69.449722 64.293587 1.168591 -0.010438 0.099684 1.511612 382.184998
69.449272 64.503235 1.168591 0.007885 0.063091 1.517097 382.295013
69.450165 64.708183 1.168591 0.018752 0.042935 1.521286 382.399994
69.453278 64.915504 1.168591 0.022007 0.031484 1.524666 382.505005
69.458855 65.123970 1.168591 0.018478 0.026349 1.527372 382.609985
69.466476 65.333038 1.168591 0.011216 0.023621 1.529545 382.714996
69.476257 65.562386 1.168591 0.002921 0.021346 1.531446 382.829987
69.485596 65.771950 1.168591 -0.003964 0.020776 1.532837 382.934998
69.494591 65.981544 1.168591 -0.008128 0.021020 1.533939 383.040009
69.502815 66.191269 1.168591 -0.009211 0.020995 1.534813 383.144989
69.510132 66.401031 1.168591 -0.008019 0.021073 1.535534 383.250000
69.517563 66.640900 1.168591 -0.005077 0.020618 1.536175 383.369995
69.523552 66.850784 1.168591 -0.002231 0.020206 1.536619 383.475006
69.529327 67.060669 1.168591 0.000237 0.019946 1.536976 383.579987
69.535278 67.270554 1.168591 0.002085 0.020495 1.537266 383.684998
69.541504 67.480438 1.168591 0.002619 0.020515 1.537491 383.790009
69.548080 67.690308 1.168591 0.002327 0.019708 1.537687 383.894989
69.554962 67.900024 1.168591 0.021415 0.000617 1.516340 384.000000
69.565018 68.104156 1.168591 0.070370 -0.139449 1.380636 384.105011
69.584969 68.316078 1.168591 0.160253 -0.082147 1.169975 384.225006
69.627342 68.537750 1.146504 0.126541 -0.009442 1.076176 384.364990
69.683784 68.730003 1.144432 0.071657 0.012620 1.096678 384.494995
69.755630 68.922943 1.158425 0.113066 0.016984 1.033049 384.630005
69.847740 69.114143 1.164147 0.056988 0.018060 0.981905 384.769989
69.944199 69.286163 1.198784 0.055642 0.017083 0.920542 384.899994
70.053101 69.459717 1.198885 0.041792 -0.054834 0.910084 385.035004
70.169266 69.631218 1.198885 -0.002859 -0.256002 1.067154 385.184998
70.287880 69.794075 1.198885 -0.046648 -0.171963 1.287052 385.394989
70.418953 69.951370 1.198885 -0.046567 -0.042504 1.747791 385.834991
70.305046 70.117943 1.198885 -0.002023 0.319946 2.713789 387.234985
70.122292 70.199615 1.198885 -0.069529 0.256045 2.775724 387.380005
69.931602 70.273483 1.195339 -0.018482 0.145067 2.831961 387.500000
69.739967 70.343468 1.193697 0.024065 0.081523 2.869504 387.609985
69.532158 70.421013 1.198081 0.017450 0.049797 2.862544 387.725006
69.339287 70.494987 1.177475 -0.011299 0.035654 2.855402 387.829987
69.143784 70.566841 1.179545 -0.112908 0.030149 2.935485 387.934998
68.944679 70.627640 1.181305 -0.152331 0.031733 3.042765 388.040009
68.703873 70.683472 1.183055 -0.091768 0.033193 3.065717 388.165009
68.489403 70.720390 1.184342 -0.140269 0.035598 -3.121248 388.274994
68.283188 70.740242 1.185387 -0.140814 0.039158 -3.038466 388.380005
68.076447 70.744514 1.186267 -0.134407 0.041355 -2.957683 388.484985
67.870956 70.734024 1.187020 -0.083151 -0.011022 -2.912973 388.589996
67.671410 70.714760 1.187654 -0.049971 -0.076708 -2.925625 388.695007
67.465958 70.689575 1.188239 -0.043226 -0.106898 -2.936142 388.809998
67.254440 70.659439 1.188769 0.040544 0.101302 -3.016807 388.934998
67.050369 70.634346 1.189177 -0.010238 0.103401 -3.075256 389.049988
66.835770 70.606941 1.189516 -0.054651 0.066662 -3.037187 389.165009
66.634621 70.578117 1.170103 0.047725 0.049368 -3.116108 389.269989
66.430092 70.553596 1.170882 0.031582 0.038362 -3.111730 389.375000
66.223412 70.532616 1.171592 0.041507 0.031548 -3.108016 389.480011
66.015358 70.515999 1.172196 0.043779 0.027154 -3.105042 389.584991
65.806419 70.504250 1.172711 0.097044 0.022748 3.136959 389.690002
65.607224 70.501877 1.195030 0.111742 0.024145 3.044151 389.790009
65.398682 70.510559 1.195651 0.032758 0.025238 3.004970 389.894989
65.190193 70.523888 1.196165 0.003404 0.024178 3.013604 390.000000
64.981361 70.538147 1.196603 0.007032 0.022494 3.020546 390.105011
64.782326 70.552307 1.214936 -0.050519 0.019220 3.081373 390.204987
64.583199 70.562202 1.232461 -0.075818 0.019776 -3.098314 390.304993
64.374451 70.564575 1.232145 -0.082634 0.023854 -3.001427 390.410004
64.166550 70.557663 1.231877 -0.091763 0.029521 -2.915503 390.515015
63.930176 70.538170 1.231622 -0.033162 0.032136 -2.900420 390.635010
63.723217 70.515518 1.231434 -0.039063 0.032132 -2.910526 390.739990
63.516098 70.487930 1.231273 -0.050441 0.028072 -2.918567 390.845001
63.309280 70.455299 1.231137 0.023609 0.019631 -2.998573 390.950012
63.062836 70.417953 1.231001 -0.013268 0.020454 -3.048811 391.075012
62.855793 70.386169 1.230906 0.037385 0.021026 -3.074962 391.179993
62.648445 70.358681 1.230825 0.107775 0.024432 3.107138 391.285004
62.440983 70.342903 1.230755 0.126902 0.032589 3.016026 391.390015
62.233868 70.341331 1.230696 0.134098 0.039230 2.932207 391.494995
62.027699 70.354675 1.230647 0.082014 0.041010 2.892846 391.600006
61.821739 70.378159 1.230604 0.049443 0.036175 2.905035 391.704987
61.615475 70.407860 1.230568 0.048517 0.029773 2.914847 391.809998
61.409344 70.443260 1.230537 0.042075 0.024691 2.922708 391.915009
61.183907 70.486298 1.230509 -0.047299 0.018832 3.005801 392.029999
60.979977 70.520950 1.230488 -0.077937 -0.124954 -3.139611 392.135010
60.780949 70.547874 1.230468 -0.097351 -0.106981 -3.050999 392.244995
60.572720 70.565117 1.230449 -0.119171 -0.040068 -2.965667 392.369995
60.367748 70.566765 1.230434 -0.070913 -0.004189 -2.967524 392.500000
60.167824 70.556541 1.230421 -0.058283 0.007047 -2.980417 392.630005
59.955212 70.534950 1.230411 -0.040391 0.009478 -2.990883 392.769989
59.751694 70.506828 1.230402 -0.018602 0.010797 -2.998536 392.904999
59.548756 70.475357 1.230395 0.001144 0.011211 -3.004219 393.040009
59.343330 70.446732 1.230389 0.041397 0.157838 -3.088419 393.174988
59.142639 70.429565 1.230386 0.089973 0.150227 3.096178 393.295013
58.933601 70.425316 1.230383 0.086525 0.099728 3.003241 393.410004
58.725060 70.432732 1.230380 0.021096 0.064617 2.974555 393.519989
58.511673 70.445023 1.230378 0.020804 0.047213 2.982572 393.630005
58.305359 70.459908 1.230375 0.035007 0.035385 2.988700 393.734985
58.097923 70.479080 1.230373 0.040541 0.028965 2.993662 393.839996
57.889946 70.500160 1.230373 -0.046626 0.020936 3.105680 393.945007
57.681686 70.516434 1.230373 -0.063934 0.021291 -3.079704 394.049988
57.473602 70.526100 1.230373 -0.014949 0.024602 -3.046444 394.154999
57.235405 70.533607 1.230373 -0.023319 0.028269 -3.056651 394.274994
57.026337 70.537125 1.230373 -0.043075 0.026622 -3.063764 394.380005
56.816952 70.535812 1.230373 -0.050754 0.025232 -3.069435 394.484985
56.607468 70.528954 1.230373 -0.044402 0.023173 -3.073959 394.589996
56.398434 70.517815 1.230373 0.012668 -0.006829 -3.123056 394.695007
56.192513 70.506714 1.230373 0.025345 -0.037464 3.121890 394.799988
55.987366 70.497520 1.230373 0.008821 -0.248616 -3.050930 394.910004
55.785969 70.491447 1.230373 -0.035509 -0.302278 -2.914803 395.040009
55.585682 70.491188 1.230373 -0.068652 -0.190777 -2.721083 395.225006
55.378757 70.501045 1.230373 -0.063730 -0.064996 -2.354586 395.575012
55.593868 70.462982 1.230373 0.002136 0.114049 -0.030468 398.174988
55.815613 70.427750 1.230373 0.015141 0.046216 0.045178 398.334991
56.018009 70.394844 1.223545 -0.027507 0.033096 0.104963 398.475006
56.216705 70.369110 1.217520 -0.036721 0.032961 0.147878 398.609985
56.418106 70.351837 1.216994 -0.050144 0.030168 0.129693 398.744995
56.621517 70.344116 1.216567 -0.064241 0.023512 0.115917 398.880005
56.825706 70.347977 1.216220 -0.056838 0.017651 0.105471 399.015015
57.029907 70.361992 1.215938 -0.036720 0.013675 0.097600 399.149994
57.233109 70.378365 1.215716 0.053959 0.171359 -0.006843 399.279999
57.441216 70.386559 1.215549 -0.008064 0.131071 -0.057153 399.399994
57.645538 70.395355 1.215420 -0.036373 0.080957 0.003901 399.510010
57.876694 70.409523 1.215303 0.013490 0.050757 0.006285 399.630005
58.082779 70.420891 1.215216 -0.023427 0.035167 0.050340 399.734985
58.289906 70.432610 1.215180 0.005445 -0.078297 0.002988 399.839996
58.493622 70.444275 1.215180 0.036353 -0.292907 -0.112196 399.950012
58.694431 70.458046 1.215180 0.070744 -0.287565 -0.253559 400.084991
58.895721 70.478180 1.215180 0.087776 -0.167056 -0.462986 400.285004
59.095142 70.510262 1.215180 0.062583 -0.041948 -0.871369 400.674988
59.191055 70.330223 1.215180 0.005595 0.320325 -1.699571 401.964996
59.161896 70.108772 1.215180 -0.001661 0.240860 -1.694840 402.125000
59.135056 69.903214 1.215180 -0.008476 0.137497 -1.692191 402.244995
59.109360 69.699249 1.215180 -0.011929 0.079811 -1.690273 402.355011
59.082802 69.478058 1.215180 -0.012532 0.047843 -1.688698 402.470001
59.059299 69.272575 1.215180 -0.010188 0.034578 -1.687548 402.575012
59.036476 69.065407 1.215180 -0.007251 0.026884 -1.686621 402.679993
59.014072 68.857399 1.215180 -0.003171 0.023414 -1.685891 402.785004
58.991734 68.649010 1.215180 -0.000560 0.021432 -1.685303 402.890015
58.969223 68.440483 1.215180 0.001177 0.021227 -1.684825 402.994995
58.946358 68.231880 1.215180 0.001694 0.020828 -1.684440 403.100006
58.923092 68.023277 1.215180 0.001174 0.020080 -1.684134 403.204987
58.899494 67.814674 1.215180 0.000059 0.020246 -1.683889 403.309998
58.874622 67.596138 1.215180 -0.040359 0.018275 -1.657000 403.420013
58.851768 67.367538 1.215180 -0.011724 0.020728 -1.637386 403.535004
58.828922 67.118904 1.215180 -0.007679 0.020822 -1.639723 403.660004
58.809669 66.899971 1.215180 -0.010380 0.020888 -1.641323 403.769989
58.792271 66.690834 1.215180 -0.010716 0.020870 -1.642557 403.875000
58.775848 66.481590 1.215180 -0.009012 0.020078 -1.643531 403.980011
58.760452 66.272209 1.215180 -0.060289 0.019932 -1.605078 404.084991
58.748123 66.062691 1.215180 -0.001161 0.019891 -1.610944 404.190002
58.736462 65.853127 1.215180 -0.042604 0.020953 -1.573569 404.295013
58.726658 65.643562 1.215180 0.013307 0.019303 -1.583388 404.399994
58.715702 65.434082 1.215180 0.017397 0.019595 -1.591357 404.505005
58.703053 65.224678 1.215180 -0.034818 0.020647 -1.569328 404.609985
58.694073 65.015388 1.215180 -0.053355 0.021987 -1.494773 404.714996
58.690113 64.786316 1.215180 -0.006304 0.023852 -1.507315 404.829987
58.687698 64.576859 1.215180 -0.009972 0.023186 -1.516357 404.934998
58.686512 64.367180 1.215180 -0.016237 0.022749 -1.523659 405.040009
58.687168 64.157341 1.215180 -0.018124 0.021591 -1.529524 405.144989
58.690388 63.917507 1.215180 -0.014984 0.020372 -1.534820 405.265015
58.693356 63.707779 1.215180 0.071689 0.017986 -1.629638 405.369995
58.688244 63.478867 1.215180 0.041357 0.022294 -1.705969 405.484985
58.677601 63.270336 1.215180 0.073373 0.025937 -1.743442 405.589996
58.658978 63.062622 1.215180 0.109794 0.029319 -1.834103 405.695007
58.628036 62.857067 1.215180 0.117571 0.034350 -1.919166 405.799988
58.583904 62.654449 1.215180 0.118973 0.038085 -1.997457 405.904999
58.526451 62.455528 1.215180 0.136667 -0.000443 -2.094215 406.010010
58.450626 62.251144 1.203984 0.179212 -0.105109 -2.279312 406.125000
58.361248 62.066048 1.197901 0.198930 -0.040115 -2.442534 406.244995
58.248882 61.895329 1.198199 0.190775 0.021455 -2.585247 406.375000
58.112156 61.745995 1.198450 0.168502 0.048150 -2.718115 406.510010
57.950306 61.617661 1.198662 0.144812 0.051277 -2.850180 406.649994
57.772942 61.511314 1.198834 0.057918 0.040085 -2.872975 406.790009
57.593029 61.419834 1.198966 0.115806 0.034462 -2.946711 406.924988
57.391212 61.340473 1.199081 0.097630 0.032937 -3.049321 407.070007
57.197472 61.283508 1.199167 0.065479 0.029528 -3.102757 407.204987
56.999985 61.238605 1.199237 0.065149 0.026564 3.131827 407.339996
56.799839 61.205505 1.199294 0.069860 0.025509 3.076493 407.475006
56.597847 61.183388 1.199341 0.025988 0.021300 3.088582 407.609985
56.394402 61.166836 1.199378 0.028907 0.017982 3.106954 407.744995
56.190025 61.155510 1.199408 0.028234 0.015226 3.120773 407.880005
55.985130 61.149136 1.199432 0.020217 0.013834 3.131244 408.015015
55.785137 61.146347 1.199452 0.010521 0.159644 3.138852 408.144989
55.555782 61.145184 1.199468 -0.000109 0.139359 -3.138336 408.279999
55.352459 61.144245 1.199479 -0.006480 0.088248 -3.134551 408.390015
55.150623 61.142563 1.199487 -0.010408 0.055953 -3.131693 408.494995
54.944843 61.140247 1.199495 0.053911 0.038820 3.101322 408.600006
54.737324 61.143108 1.199501 0.074163 0.030680 3.009103 408.704987
54.529705 61.154293 1.199506 0.049434 0.027744 2.937553 408.809998
54.322163 61.170647 1.199511 -0.002550 0.026055 2.951831 408.915009
54.094173 61.189381 1.199515 0.011695 0.026343 2.964293 409.029999
53.885609 61.208267 1.199517 0.025075 0.024325 2.973310 409.135010
53.677078 61.230190 1.199520 0.029556 0.022908 2.980528 409.239990
53.468815 61.255581 1.199522 0.026861 0.020709 2.986393 409.345001
53.221340 61.289715 1.199525 0.014178 0.020397 2.991834 409.470001
53.003792 61.321854 1.199528 0.001991 0.020077 2.995583 409.579987
52.796150 61.353001 1.199530 -0.006990 0.019409 2.998456 409.684998
52.588490 61.383644 1.199530 -0.013061 0.019914 3.000762 409.790009
52.380634 61.412605 1.199530 -0.081497 0.018231 3.061474 409.894989
52.172375 61.433968 1.199530 -0.046030 0.021415 3.121324 410.000000
51.965000 61.452362 1.199530 0.083290 -0.098159 2.941636 410.105011
51.761871 61.478569 1.199530 0.135720 -0.119067 2.742327 410.214996
51.563591 61.518471 1.199530 0.165070 -0.042278 2.570349 410.334991
51.350506 61.581894 1.199530 0.064015 -0.262088 2.715408 410.484985
51.161003 61.649090 1.199530 -0.006720 -0.199644 2.914364 410.674988
50.975723 61.727230 1.199530 -0.040865 -0.078680 -3.002324 411.024994
50.909031 61.536285 1.199530 -0.011320 0.191505 -1.282862 412.945007
50.962734 61.336609 1.199530 -0.028275 0.084382 -1.261681 413.100006
51.025841 61.120697 1.199530 -0.005648 0.037782 -1.334437 413.255005
51.083645 60.927387 1.199530 -0.023235 0.019722 -1.356726 413.390015
51.153339 60.709713 1.199530 -0.031104 0.156335 -1.344643 413.540009
51.223351 60.501987 1.199530 0.004481 0.145564 -1.336786 413.670013
51.286308 60.309681 1.199530 0.030973 0.093506 -1.331664 413.779999
51.343430 60.117100 1.199530 0.131909 -0.018471 -1.454641 413.885010
51.388340 59.918575 1.199530 0.169144 -0.101691 -1.641867 413.994995
51.415035 59.717766 1.199530 0.178093 -0.038052 -1.806540 414.114990
51.417320 59.514610 1.199530 0.170547 0.016850 -1.954889 414.244995
51.390842 59.314178 1.199530 0.149887 0.042465 -2.086018 414.380005
51.335342 59.115200 1.199530 0.118981 0.045442 -2.192649 414.519989
51.251171 58.910118 1.199530 0.071366 0.038691 -2.246605 414.670013
51.159557 58.730862 1.199530 0.079271 0.032213 -2.291672 414.804993
51.053505 58.558704 1.199530 0.129507 0.029362 -2.399982 414.940002
50.930882 58.398399 1.199530 0.095670 0.030978 -2.466807 415.075012
50.793972 58.249447 1.199530 0.088004 0.028116 -2.532656 415.209991
50.644985 58.111534 1.199530 0.080931 0.024889 -2.598577 415.345001
50.485928 57.984524 1.199530 0.076235 0.023017 -2.665222 415.480011
50.312077 57.864231 1.199530 0.071148 0.021539 -2.734967 415.619995
50.137234 57.759148 1.199530 0.069564 0.020969 -2.800180 415.755005
49.956306 57.664913 1.199530 0.069416 0.021152 -2.865631 415.890015
49.761520 57.570915 1.199530 -0.032700 0.015245 -2.706637 416.029999
49.574448 57.472778 1.199530 -0.055055 -0.007005 -2.519411 416.165009
49.395233 57.368076 1.199530 -0.053223 0.000508 -2.355871 416.299988
49.224621 57.256527 1.199530 -0.073281 0.015783 -2.211955 416.434998
49.057896 57.131157 1.199530 -0.062920 0.031653 -2.139098 416.575012
48.900452 56.994469 1.199530 -0.091100 0.039483 -2.090524 416.714996
48.760475 56.849392 1.199530 -0.106270 0.038562 -2.036505 416.850006
48.635197 56.690910 1.199530 -0.107211 0.034624 -1.978962 416.984985
48.514458 56.501022 1.199530 -0.096272 0.029188 -1.910632 417.135010
48.421669 56.320377 1.199530 -0.084847 0.025763 -1.845113 417.269989
48.342396 56.132927 1.199530 -0.040493 0.021471 -1.809822 417.404999
48.269207 55.939163 1.199530 -0.004672 0.164791 -1.829174 417.540009
48.185337 55.705605 1.199530 -0.015201 0.134346 -1.844781 417.684998
48.118771 55.511719 1.199530 -0.018894 0.085238 -1.853909 417.795013
48.054794 55.318909 1.199530 -0.017181 0.051530 -1.860765 417.899994
47.991112 55.122131 1.199530 -0.011149 0.034964 -1.866256 418.005005
47.927650 54.923344 1.199530 -0.005309 0.026445 -1.870673 418.109985
47.864067 54.723656 1.199530 -0.000527 0.022120 -1.874215 418.214996
47.793888 54.504601 1.199530 0.002394 0.019532 -1.877316 418.329987
47.732212 54.314148 1.199530 0.002781 0.018705 -1.879477 418.429993
47.666782 54.114319 1.199530 0.001802 0.019155 -1.881295 418.535004
47.605240 53.923733 1.199530 -0.077014 0.018320 -1.804197 418.635010
47.546188 53.722271 1.199530 -0.012620 0.020154 -1.792017 418.739990
47.488716 53.520336 1.199530 -0.008045 0.020943 -1.797107 418.845001
47.434532 53.327690 1.199530 -0.015643 0.020413 -1.801032 418.945007
47.381535 53.134602 1.199530 -0.020958 0.020556 -1.804238 419.045013
47.330193 52.940987 1.199530 -0.021723 0.019670 -1.806816 419.144989
47.280556 52.746910 1.199530 -0.018229 0.019502 -1.808909 419.244995
47.232323 52.552467 1.199530 -0.012742 0.019275 -1.810604 419.345001
47.186604 52.357483 1.199530 -0.017418 0.019123 -1.775921 419.445007
47.144142 52.161854 1.199530 -0.004574 0.019301 -1.747150 419.545013
47.096783 51.926498 1.199530 -0.023429 0.019330 -1.682806 419.665009
47.057693 51.720291 1.199530 0.020624 0.018623 -1.697643 419.769989
47.018093 51.514244 1.199530 -0.023879 0.019948 -1.653984 419.875000
46.980762 51.307926 1.199530 -0.014174 0.022558 -1.661108 419.980011
46.945118 51.101166 1.199530 -0.029747 0.022499 -1.666450 420.084991
46.912529 50.893818 1.199530 -0.038811 0.022048 -1.670793 420.190002
46.883869 50.685879 1.199530 -0.039052 0.020455 -1.674236 420.295013
46.859058 50.477474 1.199530 -0.029469 0.020065 -1.677006 420.399994
46.837059 50.268734 1.199530 -0.015773 0.020123 -1.679236 420.505005
46.816452 50.059826 1.199530 -0.002825 0.020517 -1.681024 420.609985
46.795902 49.850872 1.199530 0.006087 0.019835 -1.682469 420.714996
46.774460 49.642025 1.199530 0.011251 0.020621 -1.683629 420.820007
46.751617 49.433289 1.199530 0.011785 0.019989 -1.684558 420.924988
46.727322 49.224697 1.199530 0.008572 0.020268 -1.685308 421.029999
46.703133 49.026146 1.199530 0.004111 0.020280 -1.685879 421.130005
46.678356 48.827652 1.199530 -0.000107 0.019405 -1.686344 421.230011
46.652168 48.619289 1.199530 -0.004346 0.020139 -1.686736 421.334991
46.625969 48.410961 1.199530 0.050051 0.017482 -1.732938 421.440002
46.596920 48.203213 1.199530 0.009470 0.020794 -1.740737 421.545013
46.563271 47.975914 1.199530 0.011520 0.020682 -1.742133 421.660004
46.529316 47.758682 1.199530 0.016865 0.020786 -1.743189 421.769989
46.494770 47.551567 1.199530 0.016617 0.020479 -1.743995 421.875000
46.460339 47.344467 1.199530 -0.071488 0.018549 -1.646180 421.980011
46.433105 47.136959 1.199530 -0.086267 0.022408 -1.551095 422.084991
46.415455 46.929321 1.199530 -0.096382 0.028218 -1.464485 422.190002
46.408882 46.721874 1.199530 -0.113267 0.035582 -1.381670 422.295013
46.415295 46.515114 1.199530 -0.125905 0.041428 -1.302879 422.399994
46.436115 46.309780 1.199530 -0.134411 0.045435 -1.229510 422.505005
46.472446 46.106873 1.199530 -0.142640 0.047842 -1.153298 422.609985
46.524879 45.907543 1.199530 -0.142903 0.047932 -1.079956 422.714996
46.604183 45.685665 1.199530 -0.108930 -0.012885 -1.015381 422.834991
46.686039 45.494747 1.199530 -0.074009 -0.232885 -0.921139 422.945007
46.769279 45.307495 1.199530 -0.090327 -0.296800 -0.785012 423.075012
46.850224 45.115036 1.199530 -0.100586 -0.180046 -0.586056 423.265015
46.919033 44.927017 1.199530 -0.076489 -0.059097 -0.240502 423.595001
46.973068 44.734386 1.199530 -0.006183 0.304103 -1.622489 425.540009
46.968365 44.532204 1.199530 -0.002526 0.320856 -1.611686 425.795013
46.962612 44.326054 1.199530 -0.001461 0.242266 -1.607720 425.940002
46.956379 44.109283 1.199530 -0.001480 0.134298 -1.605116 426.065002
46.950478 43.902931 1.199530 -0.002082 0.076980 -1.603329 426.174988
46.944794 43.699379 1.199530 -0.002498 0.047643 -1.601991 426.279999
46.939220 43.492752 1.199530 -0.002546 0.033393 -1.600913 426.385010
46.933807 43.284626 1.199530 -0.002138 0.027741 -1.600026 426.489990
46.928539 43.075687 1.199530 -0.001538 0.024551 -1.599311 426.595001
46.923340 42.866310 1.199530 -0.000867 0.022387 -1.598743 426.700012
46.918182 42.656719 1.199530 0.025556 0.021140 -1.613431 426.804993
46.909290 42.447346 1.199530 0.086208 0.021240 -1.716971 426.910004
46.891228 42.239182 1.199530 0.063421 0.023854 -1.792565 427.015015
46.866722 42.031895 1.199530 0.006773 0.025097 -1.777443 427.119995
46.839321 41.814472 1.199530 0.012365 0.023940 -1.769365 427.230011
46.811150 41.606861 1.199530 0.070979 0.022987 -1.797943 427.334991
46.777119 41.400143 1.199530 0.032552 0.022923 -1.803040 427.440002
46.737434 41.194439 1.199530 0.042946 0.022529 -1.834791 427.545013
46.692604 40.989719 1.199530 0.020983 0.022413 -1.829048 427.649994
46.642776 40.775612 1.199530 -0.024782 0.019686 -1.799228 427.760010
46.595131 40.562366 1.199530 -0.016772 -0.121361 -1.830772 427.869995
46.552189 40.358021 1.199530 0.033689 -0.318673 -1.951192 427.984985
46.513275 40.157768 1.199530 0.071240 -0.267917 -2.103027 428.130005
46.481441 39.958107 1.199530 0.084152 -0.144411 -2.333396 428.350006
46.462868 39.758850 1.199530 0.049766 -0.023682 -2.825549 428.820007
46.447990 39.975853 1.199530 0.023590 0.308769 1.572639 431.075012
46.443432 40.181210 1.199530 0.007021 0.192700 1.496347 431.204987
46.442135 40.415573 1.199530 0.012685 0.093650 1.412128 431.334991
46.442940 40.624451 1.199530 -0.031913 0.060127 1.417231 431.445007
46.442039 40.858177 1.199530 0.010153 0.043975 1.430172 431.565002
46.443050 41.065384 1.199530 0.045829 0.036687 1.439148 431.670013
46.449436 41.273716 1.199530 0.062116 0.030850 1.446390 431.774994
46.462730 41.482357 1.199530 0.059725 0.025791 1.452185 431.880005
46.482533 41.690842 1.199530 0.044324 0.022156 1.456848 431.984985
46.507111 41.899055 1.199530 0.022150 0.021195 1.460638 432.089996
46.534027 42.107178 1.199530 -0.009412 0.020314 1.469196 432.195007
46.557888 42.315426 1.199530 -0.104526 0.019882 1.581844 432.299988
46.571308 42.523647 1.199530 -0.080873 0.026504 1.640171 432.404999
46.574795 42.731785 1.199530 -0.061492 0.029564 1.680475 432.510010
46.570625 42.940128 1.199530 -0.054720 0.029282 1.677322 432.614990
46.557938 43.178566 1.199530 -0.110425 0.024252 1.717339 432.734985
46.534958 43.385979 1.199530 -0.080643 0.026835 1.777475 432.839996
46.502701 43.592239 1.199530 -0.027549 0.026269 1.769115 432.945007
46.463364 43.818134 1.199530 -0.008935 0.022500 1.761858 433.059998
46.426006 44.024490 1.199530 0.002352 0.021034 1.756607 433.165009
46.386784 44.240841 1.199530 0.010262 0.020589 1.752220 433.274994
46.348362 44.457474 1.199530 0.013574 0.020045 1.748720 433.385010
46.314667 44.664658 1.199530 0.096754 0.017046 1.648743 433.489990
46.290771 44.872360 1.199530 0.107184 0.023085 1.545824 433.595001
46.278549 45.080189 1.199530 0.107074 0.029796 1.455868 433.700012
46.278206 45.287724 1.199530 0.095822 0.023512 1.382019 433.804993
46.287296 45.489983 1.199530 0.067580 -0.186489 1.308720 433.910004
46.299446 45.690536 1.199530 0.085084 -0.305883 1.183063 434.029999
46.308712 45.892822 1.199530 0.100263 -0.219360 1.010286 434.195007
46.309643 46.095585 1.199530 0.087334 -0.089157 0.722324 434.470001
46.290554 46.294838 1.199530 0.013956 0.005397 -0.246275 435.394989
46.298206 46.092072 1.199530 -0.003393 0.319638 -1.524435 437.095001
46.311165 45.887054 1.199530 -0.001034 0.245104 -1.520182 437.239990
46.325169 45.661854 1.199530 0.000403 0.130552 -1.517286 437.369995
46.337917 45.455715 1.199530 0.000540 0.076162 -1.515396 437.480011
46.350483 45.252495 1.199530 0.000464 0.048132 -1.513948 437.584991
46.363293 45.046169 1.199530 0.000293 0.034932 -1.512800 437.690002
46.376278 44.838249 1.199530 0.000349 0.028017 -1.511864 437.795013
46.389385 44.629494 1.199530 0.000500 0.024614 -1.511101 437.899994
46.402588 44.420319 1.199530 0.000827 0.021631 -1.510494 438.005005
46.415806 44.210995 1.199530 0.001096 0.021210 -1.510000 438.109985
46.429024 44.001591 1.199530 0.001329 0.020072 -1.509611 438.214996
46.442871 43.782215 1.199530 0.001346 0.020926 -1.509287 438.325012
46.456089 43.572742 1.199530 0.001447 0.020164 -1.509047 438.429993
46.469288 43.363258 1.199530 0.001427 0.020375 -1.508856 438.535004
46.482426 43.153774 1.199530 0.001323 0.020437 -1.508696 438.640015
46.495564 42.944290 1.199530 0.001254 0.020188 -1.508575 438.744995
46.508701 42.734821 1.199530 0.001206 0.019625 -1.508472 438.850006
46.523716 42.495502 1.199530 0.001116 0.020124 -1.508381 438.970001
46.536854 42.286098 1.199530 0.001128 0.019970 -1.508301 439.075012
46.548691 42.066757 1.199530 0.087930 0.018128 -1.605965 439.184998
46.552696 41.857700 1.199530 0.022733 0.022723 -1.618700 439.290009
46.553223 41.648563 1.199530 0.077937 0.023035 -1.662075 439.394989
46.546257 41.439808 1.199530 0.045373 0.025072 -1.705074 439.500000
46.533482 41.231258 1.199530 0.025515 0.025721 -1.698774 439.605011
46.517509 41.022549 1.199530 0.025281 0.024095 -1.693695 439.709991
46.497192 40.783875 1.199530 -0.000386 0.020690 -1.640858 439.829987
46.479252 40.574955 1.199530 0.024283 0.020356 -1.644854 439.934998
46.459003 40.366165 1.199530 -0.035315 0.019739 -1.606728 440.040009
46.440044 40.157341 1.199530 -0.001045 0.020768 -1.601500 440.144989
46.421535 39.948414 1.199530 -0.007024 0.021754 -1.606321 440.250000
46.403790 39.739326 1.199530 -0.017356 0.020790 -1.610157 440.355011
46.387848 39.530071 1.199530 -0.022694 0.021085 -1.613216 440.459991
46.374207 39.320610 1.180692 -0.021561 0.020396 -1.615673 440.565002
46.364277 39.111065 1.180000 -0.037568 0.018919 -1.579330 440.670013
46.360241 38.901718 1.179410 -0.100324 0.019145 -1.494915 440.774994
46.365227 38.693016 1.178905 -0.086668 0.024852 -1.441349 440.880005
46.379997 38.485134 1.178479 -0.111184 0.027768 -1.346792 440.984985
46.404961 38.278515 1.178118 -0.026974 0.028704 -1.349644 441.089996
46.433872 38.071812 1.177809 -0.016618 0.026114 -1.360022 441.195007
46.464508 37.864777 1.162481 0.050074 0.020883 -1.431652 441.299988
46.490810 37.657082 1.163348 0.070486 0.020079 -1.541039 441.404999
46.509571 37.449120 1.164080 0.075475 0.023630 -1.634413 441.510010
46.519844 37.241261 1.164707 0.088845 0.028868 -1.720331 441.614990
46.519001 37.004341 1.165304 0.113297 0.037559 -1.812544 441.734985
46.505795 36.797882 1.165748 0.111549 0.041865 -1.856255 441.839996
46.474873 36.563602 1.166169 0.100868 0.004702 -1.884068 441.959991
46.437222 36.356358 1.166494 -0.045267 -0.132287 -1.659973 442.070007
46.404613 36.156631 1.166781 -0.090314 -0.092058 -1.478348 442.184998
46.382229 35.955299 1.167038 -0.125420 -0.021853 -1.315538 442.309998
46.378395 35.748989 1.167265 -0.141172 0.027073 -1.169643 442.445007
46.401043 35.543106 1.167457 -0.152761 0.051372 -1.028269 442.584991
46.460693 35.325256 1.167626 -0.143876 0.059861 -0.879345 442.739990
46.544716 35.139820 1.167747 -0.108770 0.056198 -0.769465 442.880005
46.655121 34.957630 1.167847 -0.081041 0.044308 -0.731728 443.024994
46.785965 34.775978 1.167930 -0.038894 0.029190 -0.748634 443.174988
46.922153 34.604282 1.167994 -0.042888 0.019589 -0.768723 443.320007
47.061203 34.443077 1.168042 -0.036664 0.013486 -0.783077 443.459991
47.201855 34.292923 1.168080 -0.037354 0.011201 -0.744991 443.595001
47.347446 34.147327 1.168111 -0.006158 0.009714 -0.755957 443.730011
47.494690 34.001930 1.168136 0.032311 0.072077 -0.788324 443.864990
47.635044 33.853828 1.168155 0.098140 -0.003281 -0.988230 443.994995
47.762028 33.698166 1.168171 0.086477 0.004804 -1.144674 444.125000
47.879440 33.530621 1.168185 0.092896 0.016427 -1.296978 444.260010
47.980801 33.356884 1.168195 0.113558 0.034731 -1.440895 444.394989
48.067039 33.162075 1.168205 0.133892 0.051881 -1.585745 444.540009
48.125931 32.966030 1.168212 0.098539 0.053790 -1.636953 444.679993
48.164417 32.763195 1.168218 0.106893 0.047112 -1.687307 444.820007
48.181885 32.541027 1.168223 0.103705 0.038740 -1.751762 444.970001
48.177124 32.339451 1.168227 0.090504 0.032015 -1.811188 445.105011
48.155323 32.138172 1.168230 0.075867 0.026769 -1.873875 445.239990
48.119171 31.938353 1.168233 0.065621 0.023574 -1.936470 445.375000
48.072414 31.740091 1.168235 0.012696 0.018531 -1.927956 445.510010
48.023006 31.545996 1.168235 0.000454 0.167900 -1.912340 445.640015
47.962830 31.322697 1.168235 0.011342 0.134645 -1.899895 445.774994
47.906776 31.126087 1.168235 0.014838 0.084403 -1.892059 445.885010
47.848953 30.931879 1.168235 0.011141 0.052259 -1.886152 445.989990
47.788433 30.734545 1.168235 0.004786 0.036352 -1.881397 446.095001
47.726475 30.535616 1.168235 -0.002471 0.027459 -1.877579 446.200012
47.664093 30.335754 1.168235 -0.007999 0.023630 -1.874493 446.304993
47.601990 30.135220 1.168235 -0.011204 0.020470 -1.872030 446.410004
47.540562 29.934223 1.168235 -0.011557 0.019640 -1.870039 446.515015
47.475281 29.723885 1.168235 0.068748 0.018315 -1.956118 446.625000
47.406178 29.525803 1.168235 0.027053 0.019876 -2.008396 446.730011
47.326317 29.310417 1.168235 -0.000312 0.020699 -1.998795 446.845001
47.255783 29.123260 1.185558 0.073125 0.019127 -2.043966 446.945007
47.175999 28.929371 1.194182 0.043640 0.022387 -2.063662 447.049988
47.079494 28.721443 1.195056 0.136135 0.026019 -2.176601 447.165009
46.977928 28.539433 1.195726 0.140270 0.032069 -2.267454 447.269989
46.863255 28.365911 1.196295 0.081818 0.033283 -2.314781 447.375000
46.731476 28.192202 1.196800 0.154005 0.033554 -2.437113 447.484985
46.593273 28.037920 1.197211 0.081361 -0.043469 -2.415863 447.589996
46.448994 27.887959 1.197573 -0.085710 -0.137111 -2.178610 447.700012
46.307556 27.726423 1.197917 -0.154330 -0.062510 -1.940762 447.825012
46.188728 27.559772 1.198213 -0.137467 0.008207 -1.818588 447.954987
46.088154 27.381289 1.198462 -0.096878 0.028991 -1.811894 448.089996
46.004047 27.195555 1.198663 -0.128745 0.021527 -1.781261 448.225006
45.940048 27.003300 1.198826 -0.093929 0.027348 -1.716248 448.359985
45.893082 26.805792 1.188655 -0.066762 0.021336 -1.720240 448.494995
45.859257 26.604702 1.189222 -0.076670 0.017251 -1.659271 448.630005
45.834049 26.371292 1.189756 -0.010326 0.014447 -1.652350 448.785004
45.815926 26.167133 1.190126 -0.076402 0.013628 -1.558466 448.920013
45.807087 25.940067 1.190454 -0.033234 0.014341 -1.463171 449.070007
45.806480 25.735910 1.190690 -0.033006 0.015089 -1.398163 449.204987
45.812481 25.532209 1.190881 -0.046776 0.018115 -1.333538 449.339996
45.825199 25.328901 1.191038 -0.016136 0.018607 -1.350210 449.475006
45.842014 25.125225 1.191165 -0.031384 0.017510 -1.363039 449.609985
45.864834 24.921713 1.191268 -0.036763 0.015435 -1.372662 449.744995
45.894409 24.718859 1.191352 -0.030174 0.013022 -1.379971 449.880005
45.928909 24.520124 1.191416 -0.018746 0.166919 -1.385281 450.010010
45.967335 24.317984 1.191466 -0.004499 0.134149 -1.389053 450.130005
46.006104 24.118288 1.191504 0.007177 0.085618 -1.391787 450.239990
46.043987 23.919996 1.191535 0.014666 0.056438 -1.393877 450.345001
46.081329 23.717434 1.191562 0.017978 0.037613 -1.395546 450.450012
46.119122 23.502804 1.191584 0.016554 0.027556 -1.396927 450.559998
46.155537 23.286898 1.191603 0.011922 0.023935 -1.398039 450.670013
46.191025 23.070286 1.191619 0.006292 0.022181 -1.398930 450.779999
46.224560 22.863192 1.191632 0.001795 0.020764 -1.399611 450.885010
46.258244 22.655994 1.191644 -0.001347 0.020608 -1.400168 450.989990
46.292381 22.448788 1.191654 -0.002696 0.019541 -1.400600 451.095001
46.325439 22.251497 1.191661 -0.002394 0.020085 -1.400938 451.195007
46.358990 22.054255 1.191669 -0.001105 0.020309 -1.401211 451.295013
46.392910 21.857035 1.191674 0.000834 0.019996 -1.401434 451.394989
46.427002 21.659824 1.191678 0.002544 0.018889 -1.401608 451.494995
46.461105 21.462643 1.191683 0.003791 0.020179 -1.401760 451.595001
46.494690 21.265368 1.191687 0.056696 0.018812 -1.446295 451.695007
46.526878 21.057852 1.191689 0.001765 0.020398 -1.439959 451.799988
46.556667 20.850063 1.191692 0.014244 0.020324 -1.485786 451.904999
46.584728 20.642084 1.191694 -0.005560 0.020380 -1.478613 452.010010
46.613380 20.434128 1.191697 -0.000497 0.020353 -1.472887 452.114990
46.642113 20.226141 1.191699 0.051527 0.020685 -1.497871 452.220001
46.667156 20.017838 1.191701 0.019726 0.021461 -1.511183 452.325012
46.689827 19.809269 1.191701 0.013641 0.021072 -1.505981 452.429993
46.711102 19.600517 1.191701 0.015469 0.020941 -1.501806 452.535004
46.730850 19.391596 1.191701 0.015182 0.020673 -1.498463 452.640015
46.749012 19.162548 1.191701 0.028723 0.021461 -1.536949 452.755005
46.763855 18.923273 1.191701 0.010072 0.021420 -1.533218 452.875000
46.774059 18.713764 1.191701 0.086133 0.021125 -1.613899 452.980011
46.775475 18.504547 1.191701 0.091611 0.024096 -1.704619 453.084991
46.766605 18.296211 1.191701 0.093688 0.028448 -1.789970 453.190002
46.747360 18.089172 1.191701 0.041002 0.028707 -1.835432 453.295013
46.722229 17.882547 1.191701 0.022534 0.029356 -1.822130 453.399994
46.692585 17.675985 1.191701 0.102388 0.030462 -1.877214 453.505005
46.650085 17.451315 1.191701 0.039868 0.027305 -1.855427 453.619995
46.605846 17.246754 1.191701 0.028296 0.024541 -1.845070 453.725006
46.558060 17.042559 1.191701 0.018872 0.022055 -1.836807 453.829987
46.509102 16.838425 1.191701 -0.003890 0.019967 -1.795572 453.934998
46.462410 16.633808 1.191701 -0.075346 0.019241 -1.701967 454.040009
46.419872 16.408607 1.191701 -0.086899 0.023147 -1.602263 454.154999
46.389790 16.192404 1.191701 -0.100794 0.029687 -1.512484 454.265015
46.372475 15.985572 1.191701 -0.082256 0.034465 -1.450298 454.369995
46.365715 15.758667 1.191701 -0.085135 0.037001 -1.403549 454.484985
46.369797 15.551155 1.191701 -0.065359 0.036696 -1.413796 454.589996
46.381653 15.343097 1.191701 -0.071146 0.030432 -1.420883 454.695007
46.401413 15.135083 1.191701 -0.062644 0.025743 -1.426537 454.799988
46.427967 14.927409 1.191701 -0.041567 0.022508 -1.431038 454.904999
46.459038 14.720039 1.191701 -0.016370 0.021279 -1.434652 455.010010
46.492081 14.512789 1.191701 0.005500 0.020411 -1.437586 455.114990
46.524796 14.305428 1.191701 0.021007 0.020527 -1.439951 455.220001
46.556908 14.087848 1.191701 0.028251 0.019740 -1.441898 455.329987
46.584766 13.879799 1.191701 0.026168 0.020395 -1.443413 455.434998
46.610085 13.671404 1.191701 0.020622 0.019375 -1.444632 455.540009
46.633533 13.462805 1.191701 0.011338 0.019512 -1.445622 455.644989
46.656075 13.254105 1.191701 0.002507 0.019748 -1.446400 455.750000
46.678638 13.045401 1.191701 -0.004374 0.020940 -1.447035 455.855011
46.705315 12.806927 1.191701 -0.007629 0.020536 -1.447590 455.975006
46.728413 12.598262 1.191701 0.018027 0.019749 -1.495354 456.079987
46.749763 12.389517 1.191701 -0.000102 0.020647 -1.493357 456.184998
46.771133 12.180735 1.191701 0.003575 0.020253 -1.491695 456.290009
46.792202 11.971896 1.191701 0.009340 0.020826 -1.490362 456.394989
46.812424 11.762962 1.191701 0.012180 0.019941 -1.489286 456.500000
46.829613 11.553912 1.191701 0.027136 0.020728 -1.530111 456.605011
46.845524 11.314781 1.191701 0.014319 0.021195 -1.527926 456.725006
46.857811 11.105353 1.191701 0.012692 0.020781 -1.526411 456.829987
46.868832 10.895806 1.191701 0.009901 0.021090 -1.525202 456.934998
46.878887 10.686156 1.191701 0.006257 0.020627 -1.524227 457.040009
46.888374 10.476456 1.191701 0.002222 0.020543 -1.523451 457.144989
46.899094 10.236790 1.191701 -0.001223 0.020873 -1.522732 457.265015
46.907143 10.027062 1.191701 0.038375 0.019856 -1.584826 457.369995
46.911694 9.817393 1.191701 0.005609 0.021033 -1.583893 457.475006
46.915359 9.607674 1.191701 0.009995 0.021333 -1.582968 457.579987
46.917877 9.397865 1.191701 0.015626 0.020977 -1.582232 457.684998
46.918705 9.188017 1.191701 0.016827 0.020951 -1.581640 457.790009
46.917717 8.978160 1.191701 0.014586 0.020080 -1.581169 457.894989
46.915215 8.768335 1.191701 0.008832 0.020890 -1.580790 458.000000
46.911781 8.558490 1.191701 0.002465 0.020651 -1.580477 458.105011
46.908058 8.348600 1.191701 0.030120 0.019775 -1.601322 458.209991
46.900654 8.108918 1.191701 0.001836 0.020059 -1.629097 458.329987
46.893196 7.899280 1.191701 -0.005259 0.020239 -1.626209 458.434998
46.886093 7.689599 1.191701 -0.000779 0.021150 -1.623930 458.540009
46.878956 7.479846 1.191701 0.003057 0.020220 -1.622080 458.644989
46.865681 7.230646 1.191701 0.058044 0.021610 -1.723217 458.769989
46.847637 7.022097 1.191701 0.019521 0.023766 -1.720585 458.875000
46.826904 6.813567 1.191701 0.022596 0.023050 -1.718260 458.980011
46.803398 6.605130 1.191701 0.026486 0.022075 -1.716421 459.084991
46.776798 6.396948 1.191701 0.024214 0.020377 -1.714920 459.190002
46.747437 6.189113 1.191701 0.016172 0.020606 -1.713720 459.295013
46.716190 5.981509 1.191701 0.006361 0.019810 -1.712750 459.399994
46.684116 5.774025 1.191701 -0.003674 0.020336 -1.711975 459.505005
46.651527 5.566632 1.191701 0.059319 0.018376 -1.774033 459.609985
46.608925 5.341151 1.191701 0.079467 0.020788 -1.882225 459.725006
46.562134 5.137457 1.191701 0.058218 0.023372 -1.924923 459.829987
46.509598 4.935295 1.191701 0.073194 0.025756 -1.975094 459.934998
46.451187 4.734731 1.191701 0.021230 0.025738 -1.964819 460.040009
46.383442 4.515618 1.191701 0.026757 0.024150 -1.955460 460.154999
46.314758 4.306771 1.191701 0.032060 0.021862 -1.948380 460.265015
46.235115 4.080233 1.191701 0.027417 0.019843 -1.942320 460.385010
46.165504 3.892458 1.191701 0.017167 0.019573 -1.938267 460.484985
46.093983 3.705266 1.191701 0.005124 0.018458 -1.935024 460.584991
46.021664 3.518298 1.191701 -0.005726 0.017968 -1.932373 460.684998
45.949543 3.331220 1.191701 -0.013331 0.018216 -1.930220 460.785004
45.878162 3.144174 1.191701 0.048209 -0.062739 -2.014488 460.885010
45.802319 2.958416 1.191701 0.124975 -0.135517 -2.209332 460.989990
45.712059 2.771295 1.191701 0.163276 -0.060093 -2.386086 461.109985
45.603447 2.595955 1.191701 0.172307 0.008382 -2.544815 461.239990
45.473244 2.439702 1.191701 0.163402 0.042932 -2.683273 461.375000
45.318382 2.303236 1.191701 0.152089 0.053664 -2.824680 461.515015
45.145996 2.192012 1.191701 0.135179 0.053898 -2.957214 461.654999
44.960266 2.104781 1.191701 0.090653 0.048588 -3.053173 461.795013
44.765327 2.035609 1.191701 0.080926 0.041434 -3.095541 461.934998
44.571045 1.983574 1.191701 0.088770 0.036285 3.135392 462.070007
44.372318 1.947483 1.191701 0.087780 0.031823 3.079038 462.204987
44.170879 1.927574 1.191701 0.084651 0.029116 3.017610 462.339996
43.952858 1.920696 1.191701 0.030669 0.021834 3.031816 462.484985
43.733509 1.921250 1.191701 0.029483 0.016960 3.047076 462.630005
43.504654 1.928499 1.191701 0.021760 0.146328 3.058656 462.779999
43.296524 1.939914 1.191701 0.013413 0.154302 3.065933 462.904999
43.077782 1.954396 1.191701 0.002825 0.092894 3.071277 463.024994
42.867680 1.968893 1.191701 -0.005690 0.057996 3.075155 463.135010
42.662796 1.983832 1.191701 0.006661 0.039591 3.042894 463.239990
42.455822 1.999872 1.191701 -0.020163 0.030531 3.049938 463.345001
42.247585 2.014168 1.191701 -0.021042 0.024964 3.055507 463.450012
41.999069 2.031418 1.191701 0.031191 0.022128 2.998506 463.575012
41.790440 2.048744 1.191701 -0.004805 0.021122 2.988820 463.679993
41.581718 2.066394 1.191701 -0.004868 0.021625 2.997211 463.785004
41.372814 2.083960 1.191701 0.005586 0.021201 3.003953 463.890015
41.163902 2.102467 1.191701 0.013980 0.021409 3.009303 463.994995
40.955082 2.122732 1.191701 0.016044 0.021146 3.013608 464.100006
40.746410 2.144943 1.191701 0.013268 0.020466 3.017072 464.204987
40.537899 2.168781 1.191701 0.007493 0.020308 3.019861 464.309998
40.329456 2.193618 1.191701 0.000877 0.020330 3.022109 464.415009
40.101162 2.221146 1.191701 -0.004986 0.020157 3.024043 464.529999
39.892651 2.245982 1.191701 -0.007913 0.019497 3.025483 464.635010
39.684109 2.270198 1.191701 -0.008698 0.020344 3.026624 464.739990
39.475464 2.293712 1.191701 -0.007721 0.020526 3.027538 464.845001
39.266720 2.316632 1.191701 -0.005804 0.020097 3.028268 464.950012
39.067871 2.338095 1.191701 -0.003912 0.019345 3.028829 465.049988
38.829285 2.363648 1.191701 -0.001364 0.019798 3.029371 465.170013
38.600719 2.388214 1.191701 0.000147 0.019905 3.029771 465.285004
38.392094 2.411120 1.191701 0.057105 0.017869 2.986846 465.390015
38.184090 2.437521 1.191701 0.008569 0.020436 2.984077 465.494995
37.976234 2.465438 1.191701 0.002769 0.020857 2.986404 465.600006
37.768353 2.494020 1.191701 0.004077 0.020938 2.988271 465.704987
37.530865 2.527584 1.191701 0.004472 -0.029658 2.989648 465.825012
37.330887 2.556698 1.191701 -0.008322 -0.239658 3.078655 465.929993
37.103123 2.592477 1.191701 -0.052085 -0.302961 -3.052696 466.075012
36.891865 2.632424 1.191701 -0.079286 -0.184047 -2.843269 466.274994
36.693771 2.681860 1.191701 -0.064964 -0.054873 -2.466301 466.635010
36.857037 2.563764 1.191701 -0.021962 0.289814 -0.440907 469.035004
37.061363 2.455950 1.191701 0.034401 0.156516 -0.404858 469.174988
37.239113 2.358535 1.191701 0.045885 0.087129 -0.414635 469.285004
37.414463 2.257978 1.191701 0.008698 0.055356 -0.422234 469.390015
37.593395 2.154827 1.191701 -0.024700 0.038371 -0.428371 469.494995
37.775589 2.053015 1.191701 -0.046731 0.029031 -0.433279 469.600006
37.961006 1.954937 1.191701 -0.051022 0.023429 -0.437189 469.704987
38.140209 1.865585 1.191701 -0.044984 0.019337 -0.440208 469.804993
38.321323 1.779663 1.191701 -0.028563 0.018546 -0.442638 469.904999
38.503563 1.695790 1.191701 -0.013125 0.017456 -0.444601 470.005005
38.686192 1.612605 1.191701 0.000732 0.017336 -0.446201 470.105011
38.868633 1.528927 1.191701 0.010378 0.017390 -0.447489 470.204987
39.050510 1.443960 1.191701 0.014028 0.016912 -0.448532 470.304993
39.231682 1.357426 1.191701 0.012906 0.017128 -0.449383 470.404999
39.412186 1.269448 1.191701 0.008455 0.016538 -0.450069 470.505005
39.592209 1.180444 1.191701 0.002386 0.016602 -0.450611 470.605011
39.772038 1.090960 1.191701 -0.029185 0.016225 -0.434952 470.704987
39.952919 1.004114 1.191701 -0.046887 0.016247 -0.377035 470.804993
40.135441 0.921640 1.191701 -0.019656 0.018507 -0.357681 470.904999
40.318806 0.841052 1.191701 -0.015653 0.019127 -0.362316 471.005005
40.502823 0.761675 1.191701 -0.054311 0.018831 -0.345404 471.105011
40.688564 0.686904 1.191701 -0.046867 0.019959 -0.302355 471.204987
40.875938 0.616565 1.191701 -0.029474 0.020659 -0.306328 471.304993
41.064373 0.548698 1.191701 -0.028722 0.019383 -0.309559 471.404999
41.253693 0.483120 1.191701 -0.044940 0.018147 -0.301546 471.505005
41.444332 0.422153 1.191701 -0.042253 0.018740 -0.251858 471.605011
41.636051 0.365125 1.191701 -0.011039 0.020061 -0.258675 471.704987
41.828136 0.308861 1.191701 -0.003246 0.020217 -0.264217 471.804993
42.020374 0.252563 1.191701 -0.001341 0.018816 -0.268738 471.904999
42.212635 0.196054 1.191701 -0.019219 0.018261 -0.261965 472.005005
42.405331 0.141591 1.191701 -0.018754 0.018468 -0.224863 472.105011
42.598442 0.088975 1.191701 -0.004528 0.019390 -0.230106 472.204987
42.791672 0.036593 1.191701 -0.006422 0.019693 -0.234337 472.304993
42.985062 -0.015463 1.191701 -0.009545 0.019484 -0.237757 472.404999
43.178654 -0.066926 1.191701 -0.010933 0.019264 -0.240566 472.505005
43.372536 -0.117267 1.191701 -0.072329 0.018448 -0.194536 472.605011
43.567406 -0.162324 1.191701 -0.022425 0.020153 -0.167507 472.704987
43.772514 -0.207109 1.191701 -0.000901 0.020257 -0.174973 472.809998
43.968037 -0.249291 1.191701 -0.047959 0.020599 -0.139349 472.910004
44.203526 -0.295199 1.191701 -0.018300 0.021084 -0.113751 473.029999
44.410191 -0.331927 1.191701 -0.002804 0.019601 -0.098972 473.135010
44.617157 -0.366448 1.191701 -0.002013 0.020249 -0.075474 473.239990
44.853806 -0.405318 1.191701 0.002445 0.020931 -0.088577 473.359985
45.060932 -0.439678 1.191701 -0.009413 0.021289 -0.097689 473.464996
45.278175 -0.474734 1.191701 -0.018780 0.020772 -0.105322 473.575012
45.475948 -0.504895 1.191701 -0.021648 0.020843 -0.110920 473.674988
45.693966 -0.533334 1.191701 -0.054294 0.020943 -0.045937 473.785004
45.902504 -0.554593 1.191701 -0.019697 0.021966 -0.051687 473.890015
46.111343 -0.573668 1.191701 -0.016079 0.021599 -0.056471 473.994995
46.320446 -0.591130 1.191701 -0.014301 0.021550 -0.060301 474.100006
46.529751 -0.607203 1.191701 -0.011291 0.020360 -0.063379 474.204987
46.739155 -0.622223 1.191701 -0.006368 0.020490 -0.065863 474.309998
46.978531 -0.638759 1.191701 -0.001175 0.020508 -0.068108 474.429993
47.188015 -0.652978 1.191701 -0.052138 0.018479 -0.027638 474.535004
47.397469 -0.664180 1.191701 -0.004526 0.020772 -0.021030 474.640015
47.606953 -0.674616 1.191701 0.001404 0.021096 -0.024900 474.744995
47.866386 -0.687702 1.191701 -0.002816 0.020632 -0.028652 474.875000
48.075951 -0.698022 1.191701 -0.006106 0.020957 -0.031027 474.980011
48.285618 -0.707754 1.191701 -0.007466 0.020814 -0.032932 475.084991
48.495365 -0.716773 1.191701 -0.006887 0.020264 -0.034451 475.190002
48.705124 -0.724733 1.191701 -0.043399 0.019294 0.001823 475.295013
48.914848 -0.729562 1.191701 -0.010034 0.020813 0.000435 475.399994
49.124619 -0.733127 1.191701 -0.007509 0.021058 -0.000692 475.505005
49.334484 -0.735858 1.191701 -0.008158 0.020616 -0.001596 475.609985
49.574379 -0.737922 1.191701 -0.007211 0.020652 -0.002415 475.730011
49.784252 -0.738908 1.191701 -0.003508 -0.029774 -0.002865 475.834991
50.030872 -0.739878 1.191701 -0.020283 -0.287660 0.117556 475.964996
50.236313 -0.742969 1.191701 -0.057142 -0.299325 0.258919 476.100006
50.438648 -0.752230 1.191701 -0.081112 -0.177153 0.463110 476.295013
50.646240 -0.773918 1.191701 -0.062493 -0.047567 0.871492 476.684998
50.443275 -0.734737 1.191701 0.001140 0.296329 2.947807 479.244995
50.244946 -0.693075 1.191701 -0.000887 0.178463 2.944735 479.369995
50.040268 -0.650136 1.191701 -0.001797 0.101626 2.942525 479.484985
49.843914 -0.608931 1.191701 -0.002283 0.061037 2.940935 479.589996
49.643024 -0.566736 1.191701 -0.002378 0.041614 2.939642 479.695007
49.439754 -0.523989 1.191701 -0.002624 0.030364 2.938619 479.799988
49.235294 -0.480955 1.191701 -0.002874 0.024994 2.937790 479.904999
49.030239 -0.437776 1.191701 -0.003152 0.021907 2.937119 480.010010
48.814976 -0.393202 1.191701 -0.033799 0.019853 2.974593 480.119995
48.608936 -0.353334 1.191701 -0.053683 0.020115 3.009638 480.225006
48.402359 -0.317138 1.191701 -0.009192 0.020921 3.025678 480.329987
48.195515 -0.282205 1.191701 -0.007976 0.021340 3.021626 480.434998
47.988430 -0.247967 1.191701 -0.016283 0.020909 3.018370 480.540009
47.781067 -0.215246 1.191701 -0.021402 0.020436 3.015746 480.644989
47.573391 -0.184560 1.191701 -0.021234 0.019829 3.013656 480.750000
47.365383 -0.156500 1.191701 -0.082810 0.019950 3.070595 480.855011
47.127060 -0.130642 1.191701 -0.008493 0.020910 3.063932 480.975006
46.918358 -0.109272 1.191701 -0.000175 0.020749 3.059264 481.079987
46.709595 -0.087811 1.191701 0.000155 0.020415 3.055556 481.184998
46.500809 -0.066187 1.191701 -0.001029 0.020146 3.052578 481.290009
46.291958 -0.044752 1.191701 -0.056629 0.019749 3.088885 481.394989
46.082966 -0.028300 1.191701 -0.026314 0.021329 3.134542 481.500000
45.873829 -0.015270 1.191701 -0.007529 0.021966 3.129936 481.605011
45.644558 -0.002151 1.191701 -0.014073 0.021287 3.125924 481.720001
45.435059 0.008279 1.191701 -0.018884 0.021118 3.123005 481.825012
45.225426 0.016750 1.191701 -0.018204 0.021239 3.120668 481.929993
45.015671 0.023326 1.191701 -0.014519 0.020096 3.118785 482.035004
44.805866 0.028464 1.191701 -0.007345 0.021024 3.117279 482.140015
44.595985 0.032881 1.191701 -0.001061 0.020743 3.116066 482.244995
44.336128 0.038328 1.191701 0.004285 0.020332 3.114885 482.375000
44.126263 0.043263 1.191701 0.006204 0.020024 3.114136 482.480011
43.916458 0.048909 1.191701 0.006143 0.020440 3.113538 482.584991
43.706654 0.055254 1.191701 0.004572 0.020191 3.113062 482.690002
43.496941 0.059659 1.191701 -0.026304 0.019809 -3.104802 482.795013
43.287361 0.060812 1.191701 -0.010077 0.021659 -3.106438 482.899994
43.077671 0.060607 1.191701 -0.015455 0.021560 -3.107767 483.005005
42.867912 0.058633 1.191701 -0.019363 0.021048 -3.108829 483.109985
42.648117 0.054289 1.191701 -0.017832 0.020950 -3.109716 483.220001
42.418331 0.047479 1.191701 -0.011578 0.020763 -3.110452 483.334991
42.208553 0.039875 1.191701 -0.004898 0.020776 -3.110998 483.440002
41.998749 0.031696 1.191701 0.001625 0.021064 -3.111431 483.545013
41.788944 0.023629 1.191701 0.005935 0.020539 -3.111774 483.649994
41.579140 0.016133 1.191701 0.007904 0.020513 -3.112054 483.755005
41.339272 0.008512 1.191701 0.007489 0.020263 -3.112303 483.875000
41.129387 0.002624 1.191701 0.005577 0.020262 -3.112478 483.980011
40.919502 -0.002757 1.191701 0.002899 0.020135 -3.112610 484.084991
40.709618 -0.007911 1.191701 0.000570 0.019828 -3.112724 484.190002
40.499733 -0.013080 1.191701 -0.001263 0.020766 -3.112817 484.295013
40.289848 -0.018447 1.191701 -0.002094 0.019847 -3.112889 484.399994
40.080002 -0.024096 1.191701 -0.002084 0.020598 -3.112949 484.505005
39.850128 -0.030601 1.191701 -0.001360 0.020365 -3.112993 484.619995
39.630249 -0.037053 1.191701 -0.000344 0.021022 -3.113035 484.730011
39.430290 -0.043015 1.191701 0.000502 0.020490 -3.113066 484.829987
39.220379 -0.047193 1.191701 0.079598 0.020341 3.078275 484.934998
39.011005 -0.043145 1.191701 0.085528 0.023165 2.985234 485.040009
38.802753 -0.029711 1.191701 0.082564 0.026188 2.902226 485.144989
38.556889 -0.001113 1.191701 0.100450 0.033322 2.805092 485.269989
38.352867 0.035365 1.191701 0.114109 0.038780 2.728317 485.375000
38.151970 0.084658 1.191701 0.074581 0.040142 2.686350 485.480011
37.954002 0.145586 1.191701 0.076755 0.039766 2.646604 485.584991
37.758209 0.215781 1.191701 0.045658 0.034640 2.663799 485.690002
37.563427 0.291903 1.191701 0.041380 0.027613 2.677608 485.795013
37.369843 0.372983 1.191701 0.032926 0.023346 2.688757 485.899994
37.186565 0.453791 1.191701 0.019860 0.020307 2.697340 486.000000
37.003979 0.536766 1.191701 0.005173 0.017958 2.704233 486.100006
36.821609 0.620522 1.191701 -0.006976 0.017388 2.709902 486.200012
36.639038 0.703951 1.191701 -0.015916 0.017311 2.714483 486.299988
36.455978 0.786296 1.191701 -0.019773 0.016914 2.718195 486.399994
36.272324 0.867225 1.191701 -0.019072 0.017190 2.721210 486.500000
36.088104 0.946812 1.191701 -0.015506 0.017014 2.723654 486.600006
35.903465 1.025409 1.191701 -0.010672 0.016921 2.725624 486.700012
35.718620 1.103459 1.191701 -0.005332 0.016846 2.727224 486.799988
35.533779 1.181394 1.191701 -0.001023 0.017298 2.728531 486.899994
35.349072 1.259602 1.191701 0.001467 0.017565 2.729589 487.000000
35.164555 1.338310 1.191701 0.002043 0.017283 2.730438 487.100006
34.980129 1.417268 1.191701 -0.047201 0.016601 2.770904 487.200012
34.794743 1.493658 1.191701 -0.035438 0.017010 2.807682 487.299988
34.608364 1.567072 1.191701 -0.061244 0.018798 2.862135 487.399994
34.420975 1.637266 1.191701 -0.042367 0.019863 2.887680 487.500000
34.223183 1.707425 1.191701 -0.008162 0.019626 2.914941 487.605011
34.024868 1.776205 1.191701 -0.036938 0.021837 2.922185 487.709991
33.806370 1.847248 1.191701 -0.037471 0.022956 2.955179 487.825012
33.605236 1.905898 1.191701 -0.121850 0.026781 3.029547 487.929993
33.401913 1.952173 1.191701 -0.141319 0.033254 3.117907 488.035004
33.196716 1.983254 1.191701 -0.138853 0.038234 -3.084827 488.140015
32.990120 2.001747 1.191701 -0.050586 0.035024 -3.099303 488.244995
32.752411 2.015576 1.191701 -0.040699 0.029827 -3.112815 488.364990
32.513527 2.023556 1.191701 -0.034337 0.024940 -3.123343 488.484985
32.304020 2.026577 1.191701 -0.023975 0.022383 -3.130643 488.589996
32.094334 2.027093 1.191701 -0.010249 0.021450 -3.136549 488.695007
31.884558 2.026602 1.191701 0.002777 0.020367 -3.141219 488.799988
31.674793 2.025892 1.191701 -0.056426 0.019736 -3.087605 488.904999
31.465328 2.020780 1.191701 -0.003180 0.020660 -3.059696 489.010010
31.216026 2.013384 1.191701 0.006668 0.020986 -3.066551 489.135010
31.006483 2.007672 1.191701 -0.003748 0.021227 -3.071111 489.239990
30.756927 2.000022 1.191701 -0.013617 0.020987 -3.075384 489.364990
30.537340 1.991472 1.191701 -0.015998 0.020823 -3.078305 489.475006
30.327793 1.981449 1.191701 -0.013936 0.020300 -3.080543 489.579987
30.118324 1.969876 1.191701 -0.008100 0.020984 -3.082322 489.684998
29.908890 1.957346 1.191701 -0.002277 0.020064 -3.083761 489.790009
29.699486 1.944491 1.191701 0.003305 0.020800 -3.084912 489.894989
29.490044 1.931883 1.191701 0.006673 0.020314 -3.085830 490.000000
29.280567 1.919872 1.191701 0.007729 0.019944 -3.086574 490.105011
29.061108 1.908044 1.191701 0.006665 0.020556 -3.087193 490.214996
28.821661 1.895885 1.191701 0.004393 0.020270 -3.087733 490.334991
28.612122 1.885635 1.191701 0.001968 0.020751 -3.088104 490.440002
28.402514 1.875473 1.191701 0.000006 0.020360 -3.088406 490.545013
28.192869 1.865195 1.191701 -0.001202 0.020840 -3.088647 490.649994
27.983215 1.854680 1.191701 -0.001496 0.019815 -3.088837 490.755005
27.773596 1.843903 1.191701 -0.001119 0.020106 -3.088986 490.859985
27.524059 1.830787 1.191701 -0.000155 0.020389 -3.089132 490.984985
27.314447 1.819630 1.191701 0.000691 0.020190 -3.089224 491.089996
27.104849 1.808445 1.191701 0.001375 0.020583 -3.089304 491.195007
26.895241 1.797302 1.191701 0.001826 0.020498 -3.089364 491.299988
26.685621 1.786247 1.191701 0.001936 0.020529 -3.089406 491.404999
26.475998 1.775290 1.191701 0.001762 0.020947 -3.089446 491.510010
26.266354 1.764416 1.191701 0.001509 0.020260 -3.089475 491.614990
26.036749 1.752568 1.191701 0.001169 0.019793 -3.089497 491.730011
25.827145 1.741770 1.191701 0.000866 0.020174 -3.089517 491.834991
25.617535 1.730956 1.191701 0.000656 0.020927 -3.089537 491.940002
25.407867 1.720103 1.191701 0.000629 0.020520 -3.089557 492.045013
25.198156 1.709207 1.191701 0.000687 0.020692 -3.089557 492.149994
24.948503 1.696196 1.191701 0.000853 0.019955 -3.089557 492.274994
24.738840 1.685250 1.191701 0.000977 0.019928 -3.089557 492.380005
24.529219 1.674305 1.191701 0.001086 0.019745 -3.089557 492.484985
24.319614 1.663368 1.191701 0.001083 0.020944 -3.089557 492.589996
24.109964 1.652438 1.191701 0.001103 0.020795 -3.089557 492.695007
23.900295 1.641519 1.191701 0.001120 0.020152 -3.089557 492.799988
23.690645 1.630613 1.191701 0.001068 0.020479 -3.089557 492.904999
23.480961 1.619711 1.191701 0.001027 0.020392 -3.089557 493.010010
23.241322 1.607254 1.191701 0.001011 0.019984 -3.089557 493.130005
23.031637 1.596356 1.191701 0.000968 0.020373 -3.089557 493.234985
22.821981 1.585456 1.191701 0.000993 0.019619 -3.089557 493.339996
22.612366 1.574555 1.191701 0.000961 0.020240 -3.089557 493.445007
22.402721 1.563648 1.191701 0.000987 0.019869 -3.089557 493.549988
22.163160 1.551179 1.191701 0.000980 0.020376 -3.089557 493.670013
21.953543 1.540267 1.191701 0.000994 0.020399 -3.089557 493.774994
21.743902 1.529353 1.191701 0.001030 0.019893 -3.089557 493.880005
21.534292 1.518443 1.191701 0.001014 0.020394 -3.089557 493.984985
21.324680 1.507534 1.191701 0.000982 0.021012 -3.089557 494.089996
21.115036 1.496623 1.191701 0.001004 0.020527 -3.089557 494.195007
20.905392 1.485714 1.191701 0.001018 0.020190 -3.089557 494.299988
20.695747 1.474807 1.191701 0.000984 0.020782 -3.089557 494.404999
20.486103 1.463899 1.191701 0.000983 0.020705 -3.089557 494.510010
20.276459 1.452992 1.191701 0.000996 0.020346 -3.089557 494.614990
20.066843 1.442085 1.191701 0.000998 0.020286 -3.089557 494.720001
19.847210 1.430656 1.191701 0.000995 0.020393 -3.089557 494.829987
19.637543 1.419743 1.191701 0.001020 0.019969 -3.089557 494.934998
19.427898 1.408833 1.191701 0.001024 0.019956 -3.089557 495.040009
19.218287 1.397927 1.191701 0.001017 0.020053 -3.089557 495.144989
19.008682 1.387023 1.191701 0.001002 0.020265 -3.089557 495.250000
18.769110 1.374557 1.191701 0.000964 0.021004 -3.089557 495.369995
18.559429 1.363643 1.191701 0.000997 0.020415 -3.089557 495.475006
18.349749 1.352729 1.191701 0.001027 0.019926 -3.089557 495.579987
18.140104 1.341819 1.191701 0.001033 0.019863 -3.089557 495.684998
17.930460 1.330911 1.191701 0.000990 0.020675 -3.089557 495.790009
17.720816 1.320001 1.191701 0.000995 0.020519 -3.089557 495.894989
17.511162 1.309092 1.191701 0.001035 0.019708 -3.089557 496.000000
17.301529 1.298186 1.191701 0.000995 0.020481 -3.089557 496.105011
17.091867 1.287277 1.191701 0.000994 0.020399 -3.089557 496.209991
16.882193 1.277304 1.191701 0.036193 0.019305 -3.137793 496.315002
16.652565 1.269809 1.191701 0.004125 0.020889 -3.135047 496.429993
16.442831 1.263638 1.191701 0.004458 0.020758 -3.133047 496.535004
16.233042 1.257955 1.191701 0.007423 0.020232 -3.131463 496.640015
16.003256 1.252618 1.191701 0.008372 0.020831 -3.130063 496.755005
15.773407 1.248356 1.191701 0.041114 0.019349 3.132727 496.869995
15.563648 1.247809 1.191701 0.015387 0.021375 3.113119 496.975006
15.353875 1.249302 1.191701 0.006045 0.020711 3.115056 497.079987
15.144070 1.251573 1.191701 0.006159 0.021022 3.116590 497.184998
14.934250 1.254567 1.191701 0.006277 0.019858 3.117823 497.290009
14.724478 1.258266 1.191701 0.005080 0.019769 3.118819 497.394989
14.514763 1.262539 1.191701 0.020782 0.020401 3.109798 497.500000
14.305244 1.269891 1.191701 0.018463 0.020999 3.063334 497.605011
14.095854 1.279774 1.191701 -0.003737 0.021189 3.068106 497.709991
13.886367 1.289545 1.191701 -0.003271 0.020926 3.071932 497.815002
13.656877 1.298855 1.191701 -0.075985 0.018206 -3.128042 497.929993
13.447696 1.299621 1.191701 -0.089390 0.021756 -3.024709 498.035004
13.239141 1.292328 1.191701 -0.010226 0.024211 -3.018078 498.140015
13.030380 1.282967 1.191701 -0.009409 0.024801 -3.025218 498.244995
12.821300 1.272171 1.191701 -0.020419 0.023706 -3.030816 498.350006
12.612118 1.258933 1.191701 -0.024464 0.022560 -3.035315 498.454987
12.402961 1.242878 1.191701 -0.022053 0.021617 -3.039006 498.559998
12.174017 1.222411 1.191701 -0.014258 0.021028 -3.042268 498.674988
11.965084 1.201920 1.191701 -0.005128 0.020722 -3.044642 498.779999
11.756181 1.180711 1.191701 0.002891 0.020029 -3.046551 498.885010
11.547266 1.159650 1.191701 0.009015 0.019843 -3.048060 498.989990
11.338332 1.139035 1.191701 -0.039158 0.019144 -3.006429 499.095001
11.129706 1.116559 1.191701 0.004437 0.020152 -3.008792 499.200012
10.921086 1.094040 1.191701 0.003728 0.020835 -3.010796 499.304993
10.712405 1.071579 1.191701 -0.002747 0.020879 -3.012398 499.410004
10.473946 1.045186 1.191701 -0.007706 0.020258 -3.013832 499.529999
10.265388 1.020979 1.191701 -0.008295 0.020741 -3.014840 499.635010
10.056922 0.995657 1.191701 -0.006304 0.019875 -3.015641 499.739990
9.858477 0.970708 1.191701 -0.003059 0.019937 -3.016260 499.839996
9.650580 0.941690 1.191701 -0.049027 0.019885 -2.937566 499.945007
9.443576 0.907917 1.191701 -0.003933 0.020526 -2.939622 500.049988
9.207116 0.867969 1.191701 -0.007736 0.021577 -2.941507 500.170013
9.010102 0.833496 1.191701 -0.012131 0.020324 -2.942782 500.269989
8.803462 0.795696 1.191701 -0.013434 0.020143 -2.943855 500.375000
8.587291 0.754238 1.191701 -0.010756 0.019727 -2.944747 500.484985
8.391012 0.715173 1.191701 -0.005765 0.019888 -2.945407 500.584991
8.194860 0.675278 1.191701 -0.000363 0.019745 -2.945942 500.684998
7.998745 0.635084 1.191701 0.004439 0.019476 -2.946374 500.785004
7.802589 0.595048 1.191701 0.007756 0.018744 -2.946724 500.885010
7.606380 0.555472 1.191701 0.009224 0.018805 -2.947008 500.984985
7.410091 0.516479 1.191701 0.008719 0.019822 -2.947235 501.084991
7.213691 0.478024 1.191701 0.007340 0.019591 -2.947421 501.184998
7.017209 0.439967 1.191701 0.005355 0.019462 -2.947571 501.285004
6.820690 0.402124 1.191701 0.003381 0.019357 -2.947699 501.385010
6.624183 0.364308 1.191701 0.001735 0.019882 -2.947798 501.484985
6.427687 0.326364 1.191701 0.001009 0.018989 -2.947877 501.584991
6.231248 0.288224 1.191701 0.000727 0.019715 -2.947948 501.684998
6.034842 0.249864 1.191701 0.001124 0.018987 -2.948005 501.785004
5.838489 0.211329 1.191701 0.001758 0.019906 -2.948044 501.885010
5.642146 0.172678 1.191701 0.002578 0.019575 -2.948082 501.984985
5.445797 0.133984 1.191701 0.003262 0.019204 -2.948113 502.084991
5.249438 0.095309 1.191701 0.003685 0.019520 -2.948132 502.184998
5.053060 0.056696 1.191701 0.003979 0.018833 -2.948151 502.285004
4.856695 0.018172 1.191701 0.003778 0.019835 -2.948170 502.385010
4.660313 -0.020279 1.191701 0.003561 0.019922 -2.948189 502.484985
4.463901 -0.058682 1.191701 0.003451 0.019004 -2.948189 502.584991
4.267492 -0.097054 1.191701 0.002992 0.020066 -2.948189 502.684998
4.071046 -0.135436 1.191701 0.002874 0.019475 -2.948189 502.785004
3.874569 -0.173662 1.191701 0.054265 0.018003 -2.986127 502.885010
3.667809 -0.210037 1.191701 0.063231 0.019810 -3.041866 502.989990
3.460581 -0.242205 1.191701 0.009111 0.019844 -3.037856 503.095001
3.253111 -0.271498 1.191701 0.026334 0.021292 -3.090744 503.200012
3.045312 -0.297679 1.191701 0.009412 0.021873 -3.083497 503.304993
2.837200 -0.322678 1.191701 0.018458 0.022738 -3.077754 503.410004
2.628710 -0.345790 1.191701 0.023714 0.022281 -3.073119 503.515015
2.390023 -0.369257 1.191701 0.022781 0.020663 -3.068927 503.635010
2.180923 -0.387356 1.191701 0.016505 0.020312 -3.066034 503.739990
1.971666 -0.403890 1.191701 0.008388 0.020518 -3.063711 503.845001
1.729073 -0.417910 1.191701 0.120047 -0.136782 2.985976 503.970001
1.526726 -0.417505 1.191701 0.152697 -0.080506 2.809334 504.084991
1.326637 -0.398805 1.191701 0.167194 -0.003700 2.650385 504.209991
1.126903 -0.353370 1.191701 0.160538 0.037248 2.503811 504.345001
0.934312 -0.277975 1.191701 0.147366 0.051627 2.364494 504.484985
0.756342 -0.175867 1.191701 0.132862 0.053439 2.228523 504.625000
0.593877 -0.050571 1.191701 0.120000 0.051066 2.098499 504.765015
0.445176 0.092699 1.191701 0.099384 -0.191613 1.948152 504.910004
0.302617 0.237152 1.191701 0.103028 -0.181391 1.754433 505.095001
0.155036 0.375065 1.191701 0.077996 -0.059994 1.414114 505.420013
0.218135 0.565558 1.191701 0.021705 0.318842 0.392174 506.765015
0.408434 0.640391 1.191701 0.023182 0.259453 0.375950 506.915009
0.599607 0.712058 1.191701 0.023698 0.149254 0.366247 507.035004
0.791822 0.781558 1.191701 0.022440 0.085573 0.359207 507.144989
1.020364 0.861520 1.191701 0.017859 0.047884 0.352940 507.269989
1.216540 0.928506 1.191701 0.012057 0.033267 0.348837 507.375000
1.414541 0.995284 1.191701 0.006793 0.025399 0.345562 507.480011
1.613365 1.062089 1.191701 0.002271 0.021575 0.342932 507.584991
1.802998 1.126019 1.191701 -0.000452 0.020243 0.340893 507.684998
1.992653 1.190429 1.191701 -0.001495 0.018698 0.339252 507.785004
2.182190 1.255368 1.191701 -0.001099 0.018434 0.337917 507.885010
2.371594 1.320770 1.191701 0.000287 0.018723 0.336847 507.984985
2.561472 1.384541 1.191701 0.040738 0.017153 0.265705 508.084991
2.752219 1.444905 1.191701 0.012637 0.019556 0.267046 508.184998
2.943344 1.504207 1.191701 0.016306 0.019854 0.268236 508.285004
3.134951 1.562262 1.191701 0.021624 0.019601 0.269180 508.385010
3.327132 1.618649 1.191701 0.021907 0.019606 0.269957 508.484985
3.520169 1.671881 1.191701 0.056601 0.019173 0.210695 508.584991
3.714244 1.720570 1.191701 0.012963 0.020383 0.215696 508.684998
3.908673 1.768179 1.191701 0.005047 0.019499 0.219908 508.785004
4.122673 1.820281 1.191701 0.036579 0.019318 0.204374 508.894989
4.317840 1.864219 1.191701 0.034291 0.018964 0.148252 508.994995
4.523328 1.906763 1.191701 0.005710 0.020385 0.154327 509.100006
4.729033 1.948674 1.191701 0.010016 0.021289 0.159206 509.204987
4.925217 1.987814 1.191701 0.015162 0.019931 0.162958 509.304993
5.121687 2.025747 1.191701 0.016829 0.020516 0.165979 509.404999
5.318468 2.062339 1.191701 0.015615 0.019741 0.168455 509.505005
5.525313 2.099454 1.191701 0.011291 0.019425 0.170540 509.609985
5.722415 2.133944 1.191701 0.006727 0.019095 0.172142 509.709991
5.929413 2.169778 1.191701 0.001839 0.019547 0.173510 509.815002
6.156114 2.209163 1.191701 -0.001464 0.019837 0.174688 509.929993
6.353183 2.243839 1.191701 -0.002474 0.019361 0.175508 510.029999
6.549829 2.280354 1.191701 -0.020212 0.019176 0.214081 510.130005
6.755043 2.323653 1.191701 -0.091371 0.019766 0.317642 510.234985
6.957242 2.376548 1.191701 -0.101367 0.024836 0.414072 510.339996
7.155532 2.440321 1.191701 -0.105019 0.030019 0.501871 510.445007
7.349200 2.515288 1.191701 -0.110440 0.016617 0.583523 510.549988
7.535460 2.600370 1.191701 -0.115159 -0.039780 0.660425 510.654999
7.740314 2.709970 1.191701 -0.101984 -0.092029 0.725672 510.779999
7.910399 2.815446 1.191701 -0.077924 0.074065 0.749409 510.894989
8.077336 2.933432 1.191701 -0.062396 0.112403 0.738308 511.010010
8.254978 3.072037 1.191701 -0.055984 0.073353 0.729250 511.130005
8.411266 3.203088 1.191701 -0.039771 0.047536 0.722967 511.234985
8.567378 3.339802 1.191701 -0.018487 0.031344 0.717970 511.339996
8.723540 3.479278 1.191701 -0.000573 0.022833 0.713926 511.445007
8.871481 3.614034 1.191701 -0.006018 -0.004395 0.756927 511.545013
9.052894 3.780553 1.191701 0.004027 -0.077091 0.760569 511.670013
9.203973 3.919621 1.191701 -0.022554 -0.124528 0.831118 511.779999
9.356040 4.062119 1.191701 -0.075231 -0.054257 0.906393 511.899994
9.504888 4.215143 1.191701 -0.135544 -0.029540 1.097158 512.030029
9.641579 4.384657 1.191701 -0.095504 0.008737 1.179680 512.169983
9.756351 4.554848 1.191701 -0.096291 0.022642 1.239355 512.304993
9.855515 4.732871 1.191701 -0.095390 0.026032 1.301451 512.440002
9.944686 4.932208 1.191701 -0.088302 0.025490 1.368097 512.585022
10.018977 5.145504 1.191701 -0.078870 0.023948 1.439039 512.734985
10.071321 5.342024 1.191701 -0.073171 0.023371 1.505350 512.869995
10.110845 5.541587 1.191701 -0.066381 0.021798 1.566904 513.005005
10.138433 5.742210 1.191701 -0.002483 0.175706 1.575903 513.135010
10.163671 5.967159 1.191701 -0.050166 0.126985 1.582111 513.265015
10.181850 6.191037 1.191701 -0.029527 0.077926 1.587830 513.385010
10.193703 6.393951 1.191701 -0.028647 0.052800 1.579451 513.489990
10.202402 6.600368 1.191701 -0.028079 0.036616 1.572742 513.594971
10.208139 6.808573 1.191701 -0.022728 0.027531 1.567369 513.700012
10.211590 7.017627 1.191701 -0.012404 0.023663 1.563082 513.804993
10.213821 7.227087 1.191701 -0.002039 0.021741 1.559633 513.909973
10.216100 7.456693 1.191701 0.006330 0.021282 1.556620 514.025024
10.218902 7.666429 1.191701 0.010264 0.021147 1.554455 514.130005
10.222824 7.876210 1.191701 0.010466 0.020912 1.552696 514.234985
10.227892 8.086009 1.191701 0.008047 0.020656 1.551298 514.340027
10.233852 8.295796 1.191701 0.004419 0.020254 1.550161 514.445007
10.240317 8.505550 1.191701 0.000511 0.020681 1.549263 514.549988
10.246866 8.715306 1.191701 -0.002760 0.020911 1.548546 514.655029
10.253755 8.945083 1.191701 -0.004450 0.020109 1.547914 514.770020
10.259530 9.154878 1.191701 -0.043726 0.019747 1.572058 514.875000
10.260605 9.364497 1.191701 -0.044737 0.021247 1.643274 514.979980
10.256768 9.573895 1.191701 -0.003808 0.021586 1.637936 515.085022
10.252060 9.783400 1.191701 -0.006462 0.022506 1.633650 515.190002
10.246452 9.993051 1.191701 -0.011921 0.022205 1.630197 515.294983
10.239428 10.202778 1.191701 -0.013856 0.021395 1.627453 515.400024
10.230837 10.412510 1.191701 0.014141 0.019220 1.608828 515.505005
10.224701 10.622058 1.191701 0.082564 0.018948 1.497333 515.609985
10.227237 10.850792 1.191701 0.073650 0.023551 1.425081 515.724976
10.237623 11.068920 1.191701 0.036630 0.028040 1.408628 515.835022
10.252521 11.277205 1.191701 0.043441 0.028072 1.412416 515.940002
10.272528 11.485543 1.191701 0.050220 0.024926 1.415422 516.044983
10.298167 11.693563 1.191701 0.044930 0.022882 1.417856 516.150024
10.333507 11.930717 1.191701 0.027988 0.020742 1.420034 516.270020
10.367923 12.137829 1.191701 0.010081 0.020151 1.421570 516.375000
10.401894 12.334960 1.191701 -0.005669 0.020154 1.422729 516.474976
10.435434 12.532196 1.191701 -0.055577 0.019103 1.448605 516.575012
10.464801 12.739816 1.191701 -0.106495 0.021141 1.551453 516.679993
10.482963 12.947817 1.191701 -0.105780 0.026298 1.640943 516.784973
10.489435 13.155725 1.191701 -0.104525 0.031030 1.725555 516.890015
10.484052 13.363063 1.191701 -0.110481 0.035854 1.804338 516.994995
10.466460 13.569363 1.191701 -0.056934 0.036809 1.837015 517.099976
10.441039 13.775521 1.191701 -0.046075 0.034686 1.825989 517.205017
10.409702 13.981816 1.191701 -0.054695 0.029432 1.817152 517.309998
10.370055 14.197440 1.191701 -0.051942 0.024429 1.809738 517.419983
10.326226 14.402446 1.191701 -0.035789 0.021797 1.804127 517.525024
10.278260 14.606787 1.191701 -0.016214 0.020165 1.799589 517.630005
10.228271 14.810807 1.191701 0.003849 0.020054 1.795952 517.739990
10.180654 15.005201 1.191701 0.016512 0.018916 1.793150 517.840027
10.134306 15.199887 1.191701 0.023788 0.019387 1.790884 517.940002
10.089889 15.395018 1.191701 0.024963 0.018834 1.789059 518.039978
10.047492 15.590580 1.191701 0.020866 0.018812 1.787565 518.140015
10.006720 15.786478 1.191701 0.013372 0.019499 1.786360 518.239990
9.966895 15.982591 1.191701 0.006164 0.019571 1.785376 518.340027
9.927332 16.178780 1.191701 0.000324 0.019550 1.784576 518.440002
9.887485 16.374920 1.191701 -0.003026 0.018747 1.783937 518.539978
9.845757 16.570538 1.191701 -0.027957 0.018719 1.825966 518.640015
9.796351 16.774309 1.191701 -0.095255 0.020686 1.925934 518.744995
9.738676 16.975439 1.191701 -0.086052 0.022526 1.982077 518.849976
9.669252 17.193548 1.191701 0.061075 0.018791 1.866440 518.965027
9.609273 17.393858 1.191701 0.002072 0.022214 1.843027 519.070007
9.549591 17.594648 1.191701 -0.002656 0.022438 1.842455 519.174988
9.490778 17.795990 1.191701 0.050106 0.019611 1.775787 519.280029
9.435985 17.998365 1.191701 0.014191 0.022024 1.781334 519.385010
9.382572 18.201303 1.191701 0.015393 0.020657 1.785932 519.489990
9.330532 18.404556 1.191701 0.019123 -0.001524 1.789619 519.594971
9.280503 18.605236 1.191701 -0.022221 -0.056495 1.837511 519.700012
9.229332 18.806564 1.191701 -0.027187 -0.093914 1.878351 519.809998
9.168674 19.025307 1.191701 -0.064648 0.076275 1.976040 519.934998
9.105000 19.220066 1.191701 -0.064989 0.075038 2.055546 520.044983
9.036827 19.409309 1.191701 0.075142 0.050808 1.964716 520.150024
8.966381 19.622837 1.191701 0.002001 0.038719 1.912111 520.265015
8.895550 19.839127 1.191701 -0.038158 0.028943 1.914314 520.380005
8.826245 20.036329 1.191701 -0.044976 0.023474 1.920893 520.484985
8.750154 20.231565 1.195056 -0.102294 0.022160 2.022943 520.590027
8.663770 20.422457 1.208309 -0.089655 0.023018 2.114441 520.695007
8.569799 20.609730 1.208164 -0.049886 0.022738 2.149744 520.799988
8.470618 20.794380 1.208041 -0.067409 0.022821 2.228172 520.905029
8.364627 20.974833 1.207936 -0.081296 0.025715 2.305927 521.010010
8.250744 21.149801 1.207847 -0.098889 0.031063 2.380182 521.114990
8.127664 21.317757 1.207772 -0.120110 0.037150 2.455141 521.219971
7.994030 21.476786 1.207707 -0.138785 0.042411 2.529785 521.325012
7.849912 21.626289 1.207652 -0.072196 0.038820 2.531517 521.429993
7.698725 21.770145 1.207606 -0.071472 0.007062 2.518393 521.534973
7.543871 21.907028 1.207566 -0.068902 -0.056713 2.507782 521.640015
7.383652 22.039194 1.207531 -0.051719 -0.103123 2.498859 521.750000
7.210775 22.173824 1.207497 0.013094 -0.072566 2.468250 521.875000
7.052799 22.299320 1.207471 0.061550 0.119262 2.366768 521.994995
6.899285 22.434328 1.207450 0.061125 0.108043 2.262108 522.109985
6.736887 22.590200 1.207432 0.045985 0.071385 2.209286 522.229980
6.593875 22.734589 1.207419 0.008475 0.050572 2.205675 522.335022
6.450439 22.883591 1.207408 0.093244 0.038801 2.160524 522.440002
6.311953 23.039124 1.207398 0.055118 0.022509 2.157543 522.544983
6.178781 23.198362 1.207391 0.056614 -0.040457 2.167015 522.650024
6.031728 23.385067 1.207382 0.051093 -0.112219 2.175810 522.775024
5.911211 23.547169 1.207377 0.036536 -0.065570 2.182125 522.890015
5.788970 23.712660 1.207371 -0.084748 -0.041921 2.387501 523.015015
5.658977 23.870081 1.207366 -0.067341 -0.005770 2.499119 523.145020
5.512895 24.027029 1.207362 -0.074296 0.014124 2.570297 523.284973
5.357925 24.172071 1.207359 -0.085958 0.022750 2.639234 523.424988
5.181493 24.314873 1.207355 -0.043923 0.020790 2.633839 523.575012
5.016359 24.436626 1.207352 -0.045660 0.016079 2.621124 523.710022
4.846312 24.552410 1.207351 -0.003431 0.010145 2.565248 523.844971
4.675470 24.667280 1.207351 0.020955 0.007938 2.459909 523.979980
4.506704 24.785952 1.207351 0.041994 0.126375 2.373302 524.114990
4.343884 24.912027 1.207351 0.054745 0.156684 2.295305 524.239990
4.166682 25.066696 1.207351 0.072068 0.098279 2.209143 524.369995
4.016057 25.211645 1.207351 0.013849 0.065417 2.209595 524.479980
3.870905 25.356264 1.207351 0.029056 0.047139 2.222708 524.585022
3.726822 25.505482 1.207351 0.093191 -0.005446 2.199026 524.690002
3.590643 25.657181 1.207351 0.064392 -0.070119 2.203268 524.794983
3.459296 25.814020 1.207351 0.119466 -0.082915 2.122389 524.905029
3.339967 25.975897 1.207351 0.142830 -0.067587 1.954742 525.020020
3.233966 26.149496 1.207351 0.136400 -0.019633 1.799763 525.145020
3.145577 26.330498 1.207351 0.085322 0.010782 1.728434 525.275024
3.069522 26.520994 1.207351 0.083668 0.023059 1.679602 525.409973
3.008031 26.715216 1.207351 0.086486 0.026523 1.625986 525.544983
2.961824 26.913054 1.207351 0.086872 0.027377 1.568026 525.679993
2.931066 27.113689 1.207351 0.081776 0.026222 1.507990 525.815002
2.914050 27.316078 1.207351 0.030802 0.021315 1.501120 525.950012
2.903810 27.519800 1.207351 0.025747 0.017619 1.517952 526.085022
2.898334 27.725248 1.207351 0.019843 0.132562 1.530544 526.219971
2.897267 27.931612 1.207351 0.016466 0.157042 1.539425 526.344971
2.899105 28.140100 1.207351 0.009815 0.102519 1.545824 526.460022
2.902670 28.369110 1.207351 0.039461 0.060304 1.528101 526.580017
2.910455 28.574169 1.207351 0.077014 0.041604 1.435852 526.684998
2.926846 28.780504 1.207351 0.071406 0.032831 1.350502 526.789978
2.951714 28.986498 1.207351 0.076821 0.031273 1.268063 526.895020
2.985730 29.191103 1.207351 0.089722 0.033568 1.189821 527.000000
3.030463 29.393286 1.207351 0.112863 0.039591 1.111946 527.104980
3.087911 29.591867 1.207351 0.126608 0.043831 1.039186 527.210022
3.171085 29.812677 1.207351 0.141750 0.047390 0.953127 527.330017
3.260147 29.998903 1.207351 0.144796 0.047782 0.880615 527.434998
3.362854 30.174694 1.207351 0.183743 -0.097145 0.721029 527.539978
3.481855 30.342363 1.207351 0.156378 -0.074554 0.623461 527.655029
3.615843 30.498341 1.207351 0.135459 -0.021865 0.571218 527.780029
3.763090 30.639051 1.233483 0.087290 0.003750 0.541410 527.909973
3.910946 30.762224 1.298548 0.014680 0.005680 0.630405 528.034973
4.084513 30.901148 1.370423 0.063416 0.004237 0.661680 528.179993
4.239008 31.013391 1.431178 0.075360 0.008447 0.569832 528.304993
4.405789 31.120541 1.493108 0.021391 0.010118 0.511106 528.434998
4.574606 31.224514 1.555533 -0.008573 0.039680 0.504801 528.565002
4.743686 31.330353 1.616531 -0.017201 0.165741 0.511103 528.690002
4.907293 31.434277 1.676854 -0.000415 0.124394 0.515535 528.799988
5.079229 31.543041 1.679649 0.001645 -0.086934 0.625673 528.909973
5.260286 31.656841 1.679649 -0.041003 -0.296607 0.756565 529.034973
5.433371 31.762333 1.679649 -0.073260 -0.246109 0.918871 529.190002
5.609688 31.861217 1.679649 -0.080728 -0.119080 1.175419 529.429993
5.791076 31.945801 1.679649 -0.034497 -0.007375 1.814171 530.039978
5.591491 31.988504 1.693587 -0.001956 0.195591 -3.112788 531.434998
5.391603 32.008148 1.666322 0.028934 0.095195 -3.106556 531.590027
5.192678 32.029907 1.636785 -0.020463 0.051877 -3.108015 531.729980
4.985771 32.050259 1.605354 0.009649 0.026905 3.060615 531.869995
4.783430 32.071434 1.573826 0.003064 0.013037 2.940593 532.005005
4.584332 32.091373 1.543069 -0.013960 0.159890 2.903660 532.135010
4.345743 32.112938 1.505633 -0.007347 0.131871 2.905780 532.275024
4.142672 32.133217 1.473181 0.039391 0.089307 2.909377 532.385010
3.942197 32.159004 1.442035 0.065213 0.060399 2.912142 532.489990
3.739162 32.193035 1.409829 0.071929 0.040900 2.914339 532.594971
3.536551 32.235809 1.377444 0.118099 -0.015012 2.853111 532.700012
3.341162 32.288395 1.354146 0.046217 -0.123008 2.790354 532.804993
3.133471 32.349758 1.354146 0.044827 -0.309515 2.659462 532.929993
2.939019 32.404911 1.354146 0.071977 -0.248051 2.497156 533.085022
2.740940 32.453438 1.354146 0.079644 -0.117621 2.235372 533.335022
2.543127 32.485264 1.354146 0.031474 -0.005120 1.559971 533.979980
2.651855 32.672260 1.354146 -0.000152 0.320045 0.839565 535.184998
2.785589 32.824276 1.354146 -0.001823 0.236676 0.844353 535.325012
2.919246 32.973442 1.354146 0.008776 0.132752 0.816706 535.440002
3.086734 33.152397 1.354146 0.061400 0.069372 0.724352 535.570007
3.246102 33.310268 1.354146 0.060906 0.042534 0.633839 535.684998
3.397434 33.452206 1.354146 -0.009718 0.029776 0.640346 535.789978
3.550012 33.595268 1.354146 -0.000483 0.024046 0.650839 535.895020
3.696303 33.731876 1.354146 0.022854 0.022267 0.658874 535.994995
3.844611 33.867050 1.354146 0.037158 0.019285 0.665405 536.094971
3.995516 33.999660 1.354146 0.039946 0.018070 0.670696 536.195007
4.149259 34.129147 1.354146 0.087706 0.016078 0.628084 536.294983
4.306779 34.253845 1.354146 0.029785 0.016930 0.636808 536.395020
4.467304 34.374561 1.354146 0.078482 0.016699 0.553858 536.494995
4.631184 34.490299 1.354146 0.015203 0.017929 0.560135 536.594971
4.796119 34.604797 1.354146 0.009821 0.017848 0.565306 536.695007
4.961684 34.718693 1.354146 0.012534 0.016411 0.569469 536.794983
5.128058 34.831497 1.354146 0.074505 0.015301 0.525408 536.895020
5.296718 34.940479 1.354146 0.021424 0.016853 0.526031 536.994995
5.466532 35.047699 1.354146 0.011217 0.017300 0.530975 537.094971
5.637068 35.153908 1.354146 0.060571 0.015705 0.493071 537.195007
5.809442 35.256790 1.354146 0.077738 0.016564 0.450912 537.294983
5.984896 35.353325 1.354146 0.105820 0.020075 0.358721 537.395020
6.173328 35.444645 1.354146 0.084436 0.024903 0.285616 537.500000
6.364963 35.528366 1.354146 0.031042 0.025128 0.300386 537.604980
6.557556 35.609089 1.354146 -0.001951 -0.024935 0.355230 537.710022
6.772179 35.698502 1.354146 -0.024995 -0.004516 0.435059 537.830017
6.955947 35.778156 1.354146 -0.044741 0.046737 0.529203 537.934998
7.139583 35.864235 1.354146 -0.063244 0.047100 0.617374 538.039978
7.321646 35.958424 1.354146 -0.083385 0.042544 0.697742 538.145020
7.499781 36.062019 1.354146 -0.107547 0.042610 0.774340 538.250000
7.671339 36.176800 1.354146 -0.135789 0.046747 0.853901 538.354980
7.833773 36.304253 1.354146 -0.149128 0.048506 0.926943 538.460022
8.012708 36.472878 1.354146 -0.147452 0.046562 1.002197 538.585022
8.149433 36.626991 1.354146 -0.154882 -0.004552 1.080114 538.690002
8.270188 36.786999 1.354146 -0.146623 -0.057779 1.155485 538.794983
8.382390 36.962147 1.354146 -0.147874 0.039695 1.229370 538.909973
8.488679 37.171242 1.354146 -0.135328 0.104287 1.312517 539.039978
8.564597 37.363415 1.354146 -0.114970 0.081482 1.382973 539.150024
8.633747 37.584343 1.354146 -0.102163 0.057693 1.464148 539.270020
8.682912 37.783672 1.354146 -0.101826 0.046374 1.535799 539.375000
8.722648 37.986370 1.354146 -0.032994 0.038509 1.537588 539.479980
8.758183 38.191254 1.354146 -0.035197 0.032612 1.524441 539.585022
8.789873 38.397720 1.354146 -0.046609 0.028560 1.513851 539.690002
8.816720 38.605370 1.354146 -0.047350 0.025483 1.505403 539.794983
8.838738 38.813908 1.354146 -0.038277 0.022236 1.498625 539.900024
8.856968 39.022953 1.354146 -0.022207 0.021266 1.493196 540.005005
8.874576 39.252228 1.354146 -0.005173 0.019843 1.488459 540.119995
8.891758 39.481514 1.354146 0.009232 0.020332 1.484737 540.234985
8.908576 39.690754 1.354146 0.015351 0.020559 1.482038 540.340027
8.927188 39.899860 1.354146 0.015839 0.020503 1.479877 540.445007
8.947639 40.108822 1.354146 0.012191 0.020387 1.478128 540.549988
8.972760 40.347473 1.354146 0.005747 0.019598 1.476549 540.669983
8.995584 40.556156 1.354146 -0.000886 0.020014 1.475464 540.775024
9.018488 40.764839 1.354146 -0.005434 0.020256 1.474588 540.880005
9.040982 40.973568 1.354146 -0.008223 0.019985 1.473879 540.984985
9.062799 41.182377 1.354146 -0.008615 0.020076 1.473320 541.090027
9.083909 41.391281 1.354146 -0.007391 0.019832 1.472870 541.195007
9.104454 41.600204 1.354146 -0.005268 0.019575 1.472504 541.299988
9.124660 41.809128 1.354146 -0.002489 0.020431 1.472219 541.405029
9.144798 42.018051 1.354146 -0.000641 0.019781 1.471985 541.510010
9.167008 42.246872 1.354146 0.000588 0.020284 1.471775 541.625000
9.187550 42.455795 1.354146 0.000781 0.020362 1.471630 541.729980
9.208366 42.664719 1.354146 0.000330 0.019573 1.471510 541.835022
9.229403 42.873569 1.354146 -0.000548 0.020311 1.471415 541.940002
9.250571 43.082413 1.354146 -0.001441 0.019558 1.471334 542.044983
9.274549 43.290760 1.354146 0.087676 0.018908 1.359362 542.150024
9.312336 43.526657 1.354146 0.051352 0.024455 1.301832 542.270020
9.353017 43.731506 1.354146 0.047155 0.025244 1.238209 542.375000
9.399176 43.935318 1.354146 0.008394 0.024963 1.249155 542.479980
9.447276 44.139191 1.354146 0.016439 0.023645 1.258095 542.585022
9.497794 44.342857 1.354146 0.025022 0.022231 1.265226 542.690002
9.548791 44.536297 1.354146 0.025589 0.021469 1.270714 542.789978
9.602350 44.729206 1.354146 -0.033771 0.017869 1.316416 542.890015
9.653325 44.922615 1.354146 -0.076427 0.017972 1.419496 542.989990
9.700979 45.126595 1.354146 -0.005614 0.020820 1.428717 543.094971
9.746865 45.330986 1.354146 -0.042224 0.022506 1.459291 543.200012
9.788922 45.536190 1.354146 -0.074373 0.024227 1.478258 543.304993
9.826122 45.762211 1.354146 -0.062703 0.026478 1.522919 543.419983
9.854621 45.989494 1.354146 -0.047747 0.026070 1.516867 543.534973
9.873494 46.195583 1.354146 -0.141099 -0.118053 1.673597 543.640015
9.878801 46.395905 1.354146 -0.168675 -0.099203 1.846798 543.750000
9.865324 46.602184 1.354146 -0.080001 -0.032726 1.893022 543.875000
9.837892 46.820248 1.354146 -0.016848 -0.006293 1.757263 544.015015
9.809552 47.018692 1.354146 -0.010429 -0.000731 1.658335 544.145020
9.777755 47.222378 1.354146 -0.037957 0.002554 1.635832 544.280029
9.739820 47.439365 1.354146 0.001742 0.011388 1.605207 544.424988
9.704060 47.648804 1.354146 0.022529 0.014384 1.616003 544.565002
9.673573 47.851501 1.354146 0.038223 0.015706 1.623781 544.700012
9.649470 48.057213 1.354146 0.038073 0.156308 1.629646 544.835022
9.631260 48.275669 1.354146 0.028460 0.143126 1.633913 544.965027
9.618385 48.477150 1.354146 0.016057 0.091496 1.636719 545.075012
9.607143 48.677738 1.354146 0.002654 0.059866 1.638874 545.179993
9.595743 48.882717 1.354146 -0.006901 0.040895 1.640614 545.284973
9.583268 49.089928 1.354146 -0.012612 0.030621 1.642004 545.390015
9.569236 49.298222 1.354146 -0.013531 0.025342 1.643114 545.494995
9.553194 49.506931 1.354146 -0.072738 0.021463 1.693699 545.599976
9.529891 49.714859 1.354146 -0.090816 0.022302 1.792381 545.705017
9.497178 49.921062 1.354146 -0.020135 0.023846 1.828905 545.809998
9.460319 50.126705 1.367371 -0.071327 0.025535 1.875851 545.914978
9.410989 50.349854 1.376696 -0.107053 0.029456 1.975058 546.030029
9.355308 50.550522 1.382812 -0.033353 0.028702 1.982111 546.135010
9.294539 50.750305 1.382032 -0.034361 0.028224 1.971910 546.239990
9.215737 50.986889 1.381250 -0.046692 0.023927 1.980841 546.364990
9.139997 51.193230 1.380678 -0.010617 0.021690 1.938875 546.474976
9.066132 51.389740 1.380215 -0.046146 -0.051429 1.986372 546.580017
8.990422 51.576065 1.379825 -0.150714 -0.136866 2.155294 546.684998
8.896506 51.761669 1.379447 -0.237654 -0.075431 2.398323 546.804993
8.779818 51.929840 1.379112 -0.055068 -0.008376 2.312359 546.934998
8.649111 52.097301 1.378818 -0.026358 -0.064258 2.212225 547.075012
8.510346 52.274998 1.378561 0.040277 0.027305 2.027872 547.229980
8.379354 52.460110 1.402567 0.081812 0.034434 1.845072 547.385010
8.272571 52.643566 1.404322 0.112112 0.045762 1.691299 547.530029
8.190686 52.830467 1.425917 0.134292 0.056644 1.551121 547.669983
8.135278 53.025745 1.451945 0.167682 0.063972 1.385279 547.809998
8.113160 53.246357 1.483491 0.202275 0.072392 1.138542 547.965027
8.137786 53.445862 1.488733 0.221877 0.084915 0.814499 548.109985
8.213204 53.648041 1.499607 0.097751 -0.138549 0.746859 548.275024
8.298885 53.834427 1.500331 0.062196 -0.174801 0.781040 548.474976
8.383281 54.022491 1.501253 0.031488 -0.104012 0.818394 548.875000
