3.701624 1.500000 1.000000 0.000000 0.333070 0.000000 0.000000
3.901850 1.500000 1.000000 0.000000 0.262728 0.000000 0.145000
4.106768 1.500000 1.000000 0.000000 0.146879 0.000000 0.265000
4.311200 1.500000 1.000000 0.000000 0.083707 0.000000 0.375000
4.513782 1.500000 1.000000 0.000000 0.053194 0.000000 0.480000
4.720053 1.500000 1.000000 0.000000 0.036704 0.000000 0.585000
4.928167 1.500000 1.000000 0.000000 0.028587 0.000000 0.690000
5.137212 1.500000 1.000000 0.000000 0.024091 0.000000 0.795000
5.346705 1.500000 1.000000 0.000000 0.022554 0.000000 0.900000
5.556431 1.500000 1.000000 0.000000 0.021663 0.000000 1.005000
5.766282 1.500000 1.000000 0.000000 0.020361 0.000000 1.110000
5.996133 1.500000 1.000000 0.000000 0.020687 0.000000 1.225000
6.226023 1.500000 1.000000 0.000000 0.020889 0.000000 1.340000
6.435959 1.500000 1.000000 0.000000 0.020220 0.000000 1.445000
6.645873 1.500000 1.000000 0.000000 0.020244 0.000000 1.550000
6.855769 1.500000 1.000000 0.000000 0.020422 0.000000 1.655000
7.065674 1.500000 1.000000 0.000000 0.020049 0.000000 1.760000
7.275573 1.500000 1.000000 0.000000 0.020274 0.000000 1.865000
7.485465 1.500000 1.000000 0.000000 0.020524 0.000000 1.970000
7.695372 1.500000 1.000000 0.000000 0.020575 0.000000 2.075000
7.905305 1.500000 1.000000 0.000000 0.020764 0.000000 2.180000
8.135280 1.500000 1.000000 0.000000 0.020205 0.000000 2.295000
8.365228 1.500000 1.000000 0.000000 0.020327 0.000000 2.410000
8.585172 1.500000 1.000000 0.000000 0.020971 0.000000 2.520000
8.805161 1.500000 1.000000 0.000000 0.020630 0.000000 2.630000
9.005174 1.500000 1.000000 0.000000 0.020592 0.000000 2.730000
9.205202 1.500000 1.000000 0.000000 0.020662 0.000000 2.830000
9.425241 1.500000 1.000000 0.000000 0.019777 0.000000 2.940000
9.625247 1.500000 1.000000 0.000000 0.020423 0.000000 3.040000
9.825252 1.500000 1.000000 0.000000 0.020714 0.000000 3.140000
10.025256 1.500000 1.000000 0.000000 0.020385 0.000000 3.240000
10.225261 1.500000 1.000000 0.000000 0.020178 0.000000 3.340000
10.445251 1.499991 1.000000 0.018754 0.020221 -0.010828 3.450000
10.655005 1.496576 1.000000 0.086821 0.020145 -0.116706 3.555000
10.863708 1.484009 1.000000 0.089110 0.024180 -0.208001 3.660000
11.090451 1.458697 1.000000 0.049623 0.027461 -0.275508 3.775000
11.296627 1.428975 1.000000 0.016290 0.027345 -0.263076 3.880000
11.512833 1.394943 1.000000 0.029165 0.027032 -0.252630 3.990000
11.719108 1.358700 1.000000 0.036699 0.024081 -0.244637 4.095000
11.924891 1.318156 1.000000 0.034090 0.021812 -0.238257 4.200000
12.130054 1.273698 1.000000 0.023889 0.020243 -0.233078 4.305000
12.344453 1.224183 1.000000 0.008306 0.019721 -0.228782 4.415000
12.568370 1.171039 1.000000 -0.006029 0.019986 -0.225211 4.530000
12.763208 1.125036 1.000000 -0.014138 0.019797 -0.222736 4.630000
12.958321 1.080057 1.000000 -0.018011 0.018350 -0.220721 4.730000
13.153680 1.036470 1.000000 -0.017526 0.018597 -0.219100 4.830000
13.349279 0.994220 1.000000 -0.013836 0.019339 -0.217780 4.930000
13.545275 0.954194 1.000000 -0.041472 0.018963 -0.165087 5.030000
13.751622 0.915740 1.000000 -0.007039 0.020121 -0.167279 5.135000
13.958378 0.880069 1.000000 -0.033651 0.020337 -0.107476 5.240000
14.165577 0.847754 1.000000 -0.019608 0.021449 -0.104703 5.345000
14.373183 0.818448 1.000000 -0.040390 0.022269 -0.052273 5.450000
14.581273 0.794687 1.000000 -0.023194 0.022573 -0.013267 5.555000
14.789673 0.774435 1.000000 -0.043842 0.023024 0.014454 5.660000
14.998377 0.757670 1.000000 -0.042969 0.024071 0.019515 5.765000
15.207326 0.745961 1.000000 -0.038104 0.024657 0.051734 5.870000
15.436425 0.738411 1.000000 -0.023746 0.024240 0.040673 5.985000
15.645928 0.734390 1.000000 -0.023376 0.022904 0.032642 6.090000
15.855649 0.732926 1.000000 -0.020008 0.021485 0.026197 6.195000
16.065170 0.733604 1.000000 -0.011005 -0.058650 0.059492 6.300000
16.273142 0.735198 1.000000 -0.037228 -0.278233 0.174684 6.410000
16.474056 0.735298 1.000000 -0.070238 -0.299266 0.310819 6.540000
16.677383 0.729897 1.000000 -0.089081 -0.181487 0.509787 6.730000
16.881037 0.713628 1.000000 -0.068671 -0.053645 0.881541 7.085000
16.733084 0.854350 1.000000 -0.018229 0.294309 2.701487 9.320000
16.552105 0.946237 1.000000 -0.004898 0.175426 2.772284 9.445000
16.364649 1.038401 1.000000 -0.015391 0.095676 2.849087 9.560000
16.175379 1.127925 1.000000 0.015192 0.057335 2.881000 9.670000
15.972375 1.223398 1.000000 -0.014221 0.044299 2.868006 9.785000
15.783409 1.309614 1.000000 -0.112077 0.038367 2.899152 9.890000
15.589635 1.385607 1.000000 -0.105206 0.036783 2.944109 9.995000
15.391619 1.450638 1.000000 -0.075434 0.031853 2.933592 10.100000
15.190594 1.508129 1.000000 -0.063517 0.025695 2.925179 10.205000
14.958293 1.566477 1.000000 -0.041842 0.021685 2.917550 10.325000
14.734196 1.617637 1.000000 -0.016522 0.020706 2.911842 10.440000
14.519319 1.665123 1.000000 0.003503 0.019974 2.907533 10.550000
14.324044 1.709008 1.000000 0.014661 0.020091 2.904358 10.650000
14.129141 1.754644 1.000000 0.019585 0.018635 2.901818 10.750000
13.934782 1.802427 1.000000 0.018117 0.018662 2.899755 10.850000
13.740927 1.852192 1.000000 0.012423 0.018821 2.898073 10.950000
13.547416 1.903386 1.000000 0.004739 0.019029 2.896712 11.050000
13.354056 1.955299 1.000000 -0.002679 0.019393 2.895603 11.150000
13.160666 2.007259 1.000000 -0.008043 0.019364 2.894703 11.250000
12.967174 2.058946 1.000000 0.040578 0.017150 2.855770 11.350000
12.775032 2.114478 1.000000 0.080475 0.018792 2.755810 11.450000
12.576536 2.181023 1.000000 0.085544 0.022353 2.661397 11.555000
12.382071 2.256641 1.000000 0.094201 0.027642 2.576200 11.660000
12.192412 2.342174 1.000000 0.105513 0.032804 2.497554 11.765000
12.008649 2.438720 1.000000 0.124857 0.038372 2.418005 11.870000
11.832415 2.547679 1.000000 0.141514 0.043561 2.339468 11.975000
11.665392 2.669964 1.000000 0.144914 0.045387 2.266635 12.080000
11.508685 2.805324 1.000000 0.106494 0.042795 2.214028 12.185000
11.359422 2.950201 1.000000 0.048295 0.033872 2.233654 12.290000
11.213335 3.100225 1.000000 0.038587 0.026626 2.249362 12.395000
11.077053 3.246955 1.000000 0.099949 0.023720 2.206826 12.495000
10.946736 3.399213 1.000000 0.090247 0.022566 2.161388 12.595000
10.821770 3.555968 1.000000 0.022998 0.019923 2.164090 12.695000
10.700158 3.715548 1.000000 0.090042 0.021231 2.093327 12.795000
10.585016 3.879545 1.000000 0.029159 0.019866 2.066613 12.895000
10.473987 4.046301 1.000000 0.083929 0.022391 2.005265 12.995000
10.368114 4.216150 1.000000 0.020245 0.020351 2.008715 13.095000
10.264125 4.387391 1.000000 0.022401 0.020954 2.019599 13.195000
10.163484 4.560738 1.000000 0.111362 0.023238 1.946516 13.295000
10.067940 4.747495 1.000000 0.122942 0.027025 1.863463 13.400000
9.984601 4.939089 1.000000 0.120272 0.030853 1.784544 13.505000
9.913726 5.134886 1.000000 0.123537 0.035453 1.705393 13.610000
9.848679 5.363074 1.000000 0.126355 0.039090 1.619784 13.730000
9.804619 5.575565 1.000000 0.086050 0.039012 1.567311 13.840000
9.771189 5.790436 1.000000 0.051158 0.035726 1.582561 13.950000
9.745190 5.997355 1.000000 0.054071 0.031246 1.594299 14.055000
9.724968 6.205547 1.000000 0.051377 0.025736 1.603742 14.160000
9.710028 6.414510 1.000000 0.036032 0.022470 1.611163 14.265000
9.698784 6.623876 1.000000 0.017986 0.021022 1.617122 14.370000
9.688934 6.843388 1.000000 0.001218 0.020842 1.622215 14.480000
9.679576 7.052965 1.000000 -0.011154 0.020580 1.626101 14.585000
9.668376 7.272461 1.000000 -0.017456 0.020136 1.629372 14.695000
9.655684 7.481869 1.000000 -0.017299 0.021274 1.631886 14.800000
9.641039 7.691233 1.000000 -0.012964 0.020631 1.633883 14.905000
9.624906 7.900530 1.000000 -0.006570 0.020281 1.635489 15.010000
9.607962 8.109769 1.000000 -0.000273 0.020427 1.636788 15.115000
9.593033 8.328996 1.000000 0.051136 0.020841 1.553834 15.225000
9.584112 8.538296 1.000000 0.053337 0.022601 1.533235 15.330000
9.581175 8.747527 1.000000 0.049667 0.024006 1.474413 15.435000
9.585984 8.956410 1.000000 0.052731 0.025432 1.420928 15.540000
9.597345 9.174977 1.000000 0.022771 0.025955 1.429936 15.650000
9.611295 9.383814 1.000000 0.027463 0.024944 1.436923 15.755000
9.628524 9.592721 1.000000 0.029235 0.022687 1.442506 15.860000
9.649096 9.801500 1.000000 0.023233 0.021805 1.446976 15.965000
9.672383 10.010110 1.000000 0.014127 0.020821 1.450596 16.070000
9.698569 10.228535 1.000000 0.002698 0.020002 1.453611 16.180000
9.725300 10.446924 1.000000 -0.006556 0.020065 1.456017 16.290001
9.749175 10.645509 1.000000 -0.011543 0.020422 1.457780 16.389999
9.772135 10.844216 1.000000 -0.013252 0.020267 1.459207 16.490000
9.794019 11.043059 1.000000 -0.011999 0.020214 1.460364 16.590000
9.814940 11.242010 1.000000 -0.009093 0.020000 1.461299 16.690001
9.836172 11.450972 1.000000 -0.005248 0.020085 1.462099 16.795000
9.856068 11.650022 1.000000 -0.001772 0.020728 1.462716 16.895000
9.875990 11.849102 1.000000 0.000654 0.020288 1.463213 16.995001
9.896162 12.048163 1.000000 0.001875 0.020287 1.463620 17.094999
9.916700 12.247187 1.000000 0.002006 0.020398 1.463952 17.195000
9.937619 12.446179 1.000000 0.001267 0.020172 1.464219 17.295000
9.958840 12.645132 1.000000 0.000064 0.020227 1.464436 17.395000
9.980247 12.844061 1.000000 -0.001266 0.019882 1.464611 17.495001
10.001709 13.042953 1.000000 -0.002329 0.020176 1.464753 17.594999
10.023129 13.241848 1.000000 -0.003019 0.020225 1.464869 17.695000
10.044442 13.440752 1.000000 -0.003290 0.020255 1.464965 17.795000
10.065619 13.639662 1.000000 -0.003225 0.020022 1.465041 17.895000
10.086664 13.838568 1.000000 -0.002996 0.019408 1.465104 17.995001
10.108658 14.047407 1.000000 -0.002363 0.020247 1.465157 18.100000
10.133734 14.286091 1.000000 -0.001791 0.020603 1.465204 18.219999
10.154645 14.485035 1.000000 -0.001519 0.020253 1.465236 18.320000
10.177692 14.703886 1.000000 -0.001400 0.020090 1.465264 18.430000
10.198695 14.902842 1.000000 -0.001464 0.019635 1.465284 18.530001
10.220793 15.111722 1.000000 -0.001561 0.019884 1.465302 18.635000
10.241867 15.310621 1.000000 -0.001738 0.019664 1.465315 18.735001
10.266120 15.539310 1.000000 -0.001879 0.020010 1.465327 18.850000
10.288270 15.748127 1.000000 -0.001967 0.020389 1.465336 18.955000
10.309360 15.947025 1.000000 -0.002087 0.019874 1.465343 19.055000
10.330436 16.145935 1.000000 -0.002067 0.020236 1.465348 19.155001
10.351493 16.344847 1.000000 -0.002033 0.020332 1.465353 19.254999
10.372532 16.543751 1.000000 -0.002027 0.019802 1.465357 19.355000
10.393553 16.742649 1.000000 -0.001915 0.020299 1.465360 19.455000
10.414572 16.941547 1.000000 -0.001882 0.019944 1.465362 19.555000
10.435604 17.140457 1.000000 -0.001798 0.020385 1.465364 19.655001
10.456642 17.339394 1.000000 -0.001824 0.020084 1.465367 19.754999
10.477685 17.538309 1.000000 -0.001876 0.019589 1.465368 19.855000
10.499784 17.747139 1.000000 -0.001861 0.020000 1.465368 19.959999
10.520842 17.946037 1.000000 -0.001894 0.019943 1.465368 20.059999
10.542952 18.154860 1.000000 -0.001895 0.020250 1.465368 20.165001
10.564009 18.353758 1.000000 -0.001967 0.019738 1.465368 20.264999
10.585066 18.552675 1.000000 -0.001929 0.020263 1.465368 20.365000
10.606123 18.751612 1.000000 -0.001937 0.020171 1.465368 20.465000
10.627133 18.950552 1.000000 -0.035387 0.019130 1.486717 20.565001
10.648040 19.189404 1.000000 -0.017709 0.019935 1.533561 20.684999
10.663533 19.398479 1.000000 -0.010961 0.021664 1.531734 20.790001
10.677863 19.607738 1.000000 -0.015444 0.021937 1.530265 20.895000
10.692298 19.847151 1.000000 -0.017564 0.020891 1.528935 21.014999
10.704429 20.086742 1.000000 -0.014660 0.020398 1.527906 21.135000
10.713463 20.296463 1.000000 -0.009619 0.020451 1.527186 21.240000
10.721598 20.506216 1.000000 -0.003689 0.020614 1.526610 21.344999
10.729467 20.715981 1.000000 0.001216 0.020306 1.526149 21.450001
10.737594 20.925745 1.000000 0.004519 0.020729 1.525780 21.555000
10.746301 21.135538 1.000000 0.005443 0.020784 1.525485 21.660000
10.755214 21.335348 1.000000 0.004653 0.020403 1.525260 21.760000
10.764655 21.535130 1.000000 0.003009 0.020210 1.525075 21.860001
10.774459 21.734905 1.000000 0.000990 0.020022 1.524924 21.959999
10.784929 21.944630 1.000000 -0.001093 0.020143 1.524796 22.065001
10.795360 22.154314 1.000000 -0.021472 0.019103 1.535863 22.170000
10.803507 22.373919 1.000000 -0.021648 0.020457 1.572706 22.280001
10.808464 22.583538 1.000000 -0.021543 0.021364 1.574757 22.385000
10.811065 22.793257 1.000000 -0.024963 0.021475 1.576412 22.490000
10.810994 23.003075 1.000000 -0.023108 0.021052 1.577742 22.594999
10.808275 23.222914 1.000000 -0.016970 0.019878 1.578856 22.705000
10.802852 23.472691 1.000000 -0.006652 0.020527 1.579856 22.830000
10.797448 23.682501 1.000000 0.001427 0.021206 1.580520 22.934999
10.792203 23.892374 1.000000 0.007040 0.020741 1.581046 23.040001
10.787703 24.102264 1.000000 0.009497 0.020642 1.581470 23.145000
10.784186 24.312189 1.000000 0.009137 0.020503 1.581812 23.250000
10.781607 24.522112 1.000000 0.006667 0.019947 1.582082 23.355000
10.779701 24.731981 1.000000 0.003400 0.020168 1.582298 23.459999
10.778114 24.941843 1.000000 0.000267 0.020595 1.582474 23.565001
10.776526 25.151701 1.000000 -0.001942 0.020386 1.582616 23.670000
10.774707 25.361540 1.000000 -0.003162 0.020037 1.582730 23.775000
10.772528 25.571344 1.000000 -0.003222 0.020032 1.582821 23.879999
10.769595 25.811121 1.000000 -0.002188 0.020953 1.582903 24.000000
10.766322 26.050920 1.000000 -0.000827 0.020468 1.582968 24.120001
10.763330 26.260736 1.000000 0.000362 0.020681 1.583012 24.225000
10.760350 26.470581 1.000000 0.001160 0.020518 1.583047 24.330000
10.757469 26.680426 1.000000 0.001529 0.020638 1.583076 24.434999
10.754725 26.890270 1.000000 0.001505 0.020766 1.583099 24.540001
10.752115 27.100115 1.000000 0.001209 0.020583 1.583118 24.645000
10.749604 27.309959 1.000000 0.000748 0.020596 1.583133 24.750000
10.747144 27.519814 1.000000 0.000316 0.020099 1.583145 24.855000
10.744690 27.729630 1.000000 -0.000041 0.020301 1.583155 24.959999
10.742204 27.939434 1.000000 -0.000240 0.021130 1.583163 25.065001
10.739665 28.149279 1.000000 -0.000254 0.020646 1.583169 25.170000
10.737074 28.359129 1.000000 -0.000141 0.020577 1.583174 25.275000
10.734315 28.578987 1.000000 0.000039 0.019651 1.583178 25.385000
10.731658 28.788794 1.000000 0.000217 0.020682 1.583181 25.490000
10.728994 28.998627 1.000000 0.000360 0.020335 1.583183 25.594999
10.726348 29.208477 1.000000 0.000433 0.020862 1.583186 25.700001
10.723719 29.418362 1.000000 0.000457 0.019872 1.583188 25.805000
10.720863 29.648235 1.000000 0.000393 0.020720 1.583189 25.920000
10.718152 29.868113 1.000000 0.000338 0.019931 1.583189 26.030001
10.715569 30.077957 1.000000 0.000256 0.020705 1.583189 26.135000
10.712985 30.287802 1.000000 0.000213 0.020505 1.583189 26.240000
10.710402 30.497662 1.000000 0.000187 0.020652 1.583189 26.344999
10.707818 30.707541 1.000000 0.000175 0.020151 1.583189 26.450001
10.705215 30.917408 1.000000 0.000179 0.020824 1.583189 26.555000
10.702611 31.127329 1.000000 0.000210 0.020470 1.583189 26.660000
10.700007 31.337254 1.000000 0.000228 0.020282 1.583189 26.764999
10.697032 31.577114 1.000000 0.000250 0.019663 1.583189 26.885000
10.694428 31.786922 1.000000 0.000250 0.020529 1.583189 26.990000
10.691825 31.996727 1.000000 0.000249 0.020895 1.583189 27.094999
10.689221 32.206551 1.000000 0.000247 0.021051 1.583189 27.200001
10.686618 32.416435 1.000000 0.000258 0.020410 1.583189 27.305000
10.685583 32.666225 1.000000 0.079941 0.019845 1.490693 27.430000
10.691850 32.875526 1.000000 0.052862 0.021699 1.447779 27.535000
10.702581 33.084454 1.000000 0.057663 0.023031 1.410092 27.639999
10.717551 33.293045 1.000000 0.017220 0.024392 1.412195 27.745001
10.735131 33.501682 1.000000 0.022668 0.023964 1.418029 27.850000
10.755570 33.710335 1.000000 0.028920 0.022772 1.422733 27.955000
10.779373 33.918789 1.000000 0.026980 0.021782 1.426482 28.059999
10.805477 34.127033 1.000000 -0.052524 0.018345 1.498924 28.165001
10.827399 34.335407 1.000000 -0.014976 0.020747 1.540969 28.270000
10.847014 34.543919 1.000000 -0.013784 0.022810 1.540016 28.375000
10.866603 34.772682 1.000000 -0.031169 0.022572 1.539182 28.490000
10.881124 34.981937 1.000000 -0.038321 0.021486 1.538573 28.594999
10.891652 35.191437 1.000000 -0.034608 0.021331 1.538090 28.700001
10.899321 35.431126 1.000000 -0.023081 0.020891 1.537650 28.820000
10.903435 35.640991 1.000000 -0.010291 0.020311 1.537347 28.924999
10.906711 35.860870 1.000000 0.001792 0.020278 1.537095 29.035000
10.910114 36.070755 1.000000 0.009664 0.019995 1.536901 29.139999
10.914890 36.290562 1.000000 0.013431 0.020002 1.536741 29.250000
10.920534 36.500286 1.000000 -0.051163 0.018948 1.589612 29.355000
10.921848 36.709747 1.000000 -0.016321 0.021051 1.634690 29.459999
10.920670 36.919117 1.000000 0.000938 0.021657 1.629207 29.565001
10.919273 37.128609 1.000000 -0.008170 0.021719 1.624806 29.670000
10.916848 37.338173 1.000000 -0.016561 0.021488 1.621261 29.775000
10.912027 37.567772 1.000000 -0.019085 0.021367 1.618178 29.889999
10.905403 37.777416 1.000000 -0.015924 0.020639 1.615933 29.995001
10.897011 37.987061 1.000000 -0.009645 0.020375 1.614125 30.100000
10.887539 38.196705 1.000000 -0.002543 0.020262 1.612680 30.205000
10.876361 38.436298 1.000000 0.004154 0.020252 1.611375 30.325001
10.866940 38.645943 1.000000 0.007440 0.020458 1.610469 30.430000
10.858230 38.855602 1.000000 0.008283 0.020495 1.609740 30.535000
10.850312 39.065327 1.000000 0.007362 0.019868 1.609153 30.639999
10.843067 39.275051 1.000000 0.005064 0.019687 1.608686 30.745001
10.836247 39.484776 1.000000 0.002070 0.020945 1.608311 30.850000
10.829555 39.694500 1.000000 -0.000165 0.020510 1.608008 30.955000
10.822756 39.904224 1.000000 -0.001704 0.020870 1.607765 31.059999
10.815697 40.114025 1.000000 -0.002182 0.020443 1.607571 31.165001
10.808331 40.323792 1.000000 -0.001819 0.020854 1.607414 31.270000
10.800697 40.533596 1.000000 -0.000965 0.020340 1.607289 31.375000
10.792512 40.753391 1.000000 0.000120 0.020314 1.607184 31.485001
10.784632 40.963196 1.000000 0.001028 0.019894 1.607104 31.590000
10.776788 41.173000 1.000000 0.001594 0.019894 1.607041 31.695000
10.769036 41.382805 1.000000 0.001814 0.019939 1.606988 31.799999
10.759600 41.642467 1.000000 0.001658 0.019925 1.606938 31.930000
10.752091 41.852192 1.000000 0.001285 0.020663 1.606906 32.035000
10.744643 42.061916 1.000000 0.000896 0.020666 1.606881 32.139999
10.737213 42.271641 1.000000 0.000589 0.020561 1.606861 32.244999
10.729772 42.481365 1.000000 0.000380 0.020627 1.606844 32.349998
10.722294 42.691166 1.000000 0.000300 0.020197 1.606831 32.455002
10.714772 42.900909 1.000000 0.000336 0.020332 1.606820 32.560001
10.707212 43.110649 1.000000 0.000453 0.020670 1.606812 32.665001
10.698180 43.360416 1.000000 0.000629 0.020530 1.606804 32.790001
10.690590 43.570221 1.000000 0.000756 0.020133 1.606799 32.895000
10.683000 43.780025 1.000000 0.000835 0.019866 1.606795 33.000000
10.675419 43.989830 1.000000 0.000862 0.020065 1.606793 33.105000
10.668928 44.229511 1.000000 0.015890 0.020595 1.564570 33.224998
10.665583 44.439217 1.000000 0.005776 0.021244 1.565916 33.330002
10.662950 44.648994 1.000000 0.007333 0.020271 1.566998 33.435001
10.661130 44.858799 1.000000 0.008751 0.020699 1.567850 33.540001
10.660246 45.068604 1.000000 0.008090 0.020086 1.568546 33.645000
10.660211 45.278412 1.000000 0.005605 0.020955 1.569113 33.750000
10.660751 45.488297 1.000000 0.002482 0.020909 1.569565 33.855000
10.661546 45.698223 1.000000 -0.000117 0.020580 1.569930 33.959999
10.662320 45.908188 1.000000 -0.002121 0.020554 1.570223 34.064999
10.662868 46.118153 1.000000 -0.003047 0.020420 1.570461 34.169998
10.663093 46.328117 1.000000 -0.003001 0.020346 1.570649 34.275002
10.663002 46.538048 1.000000 -0.002311 0.020215 1.570801 34.380001
10.662670 46.747932 1.000000 -0.001253 0.020035 1.570923 34.485001
10.662208 46.957817 1.000000 -0.000140 0.020471 1.571022 34.590000
10.661732 47.167709 1.000000 0.000661 0.020159 1.571101 34.695000
10.661323 47.377594 1.000000 0.001088 0.020527 1.571166 34.799999
10.661028 47.587555 1.000000 0.001171 0.019924 1.571217 34.904999
10.660854 47.797508 1.000000 0.000965 0.020055 1.571258 35.009998
10.660778 48.017422 1.000000 0.000550 0.020149 1.571293 35.119999
10.660763 48.237305 1.000000 0.000118 0.020299 1.571320 35.230000
10.660763 48.447189 1.000000 -0.000197 0.020607 1.571340 35.334999
10.660733 48.677063 1.000000 -0.000394 0.020792 1.571359 35.450001
10.660662 48.887024 1.000000 -0.000423 0.020676 1.571372 35.555000
10.660544 49.096989 1.000000 -0.000352 0.020108 1.571382 35.660000
10.660391 49.306931 1.000000 -0.000193 0.020498 1.571391 35.764999
10.660195 49.536827 1.000000 -0.000023 0.020651 1.571398 35.880001
10.660015 49.746738 1.000000 0.000095 0.020231 1.571404 35.985001
10.659842 49.956623 1.000000 0.000166 0.019956 1.571409 36.090000
10.659685 50.166508 1.000000 0.000177 0.020705 1.571411 36.195000
10.659545 50.376392 1.000000 0.000148 0.020247 1.571414 36.299999
10.659424 50.586266 1.000000 0.000096 0.019936 1.571416 36.404999
10.659304 50.796127 1.000000 0.000038 0.020488 1.571419 36.509998
10.659166 51.035995 1.000000 -0.000005 0.020612 1.571420 36.630001
10.659040 51.255875 1.000000 -0.000025 0.020643 1.571420 36.740002
10.658920 51.465771 1.000000 -0.000035 0.020984 1.571420 36.845001
10.658800 51.675735 1.000000 -0.000041 0.020657 1.571420 36.950001
10.658669 51.885700 1.000000 -0.000040 0.020126 1.571420 37.055000
10.658528 52.095665 1.000000 -0.000011 0.020220 1.571420 37.160000
10.658388 52.305630 1.000000 0.000016 0.020742 1.571420 37.264999
10.658228 52.545540 1.000000 0.000035 0.020288 1.571420 37.384998
10.658081 52.765423 1.000000 0.000043 0.020870 1.571420 37.494999
10.657944 52.975388 1.000000 0.000047 0.020573 1.571420 37.599998
10.660496 53.185200 1.000000 0.082157 0.019557 1.468453 37.705002
10.671762 53.394081 1.000000 0.088019 0.023172 1.373952 37.810001
10.692167 53.611732 1.000000 0.042632 0.025154 1.339372 37.919998
10.717761 53.818699 1.000000 0.049844 0.027176 1.296225 38.025002
10.749277 54.024967 1.000000 0.035802 0.028523 1.304004 38.130001
10.785457 54.230976 1.000000 0.046793 0.025989 1.310270 38.235001
10.827115 54.436302 1.000000 0.047948 0.023920 1.315293 38.340000
10.874217 54.640705 1.000000 0.037921 0.021755 1.319320 38.445000
10.925590 54.844284 1.000000 0.022337 0.019609 1.322547 38.549999
10.976653 55.037712 1.000000 -0.051329 0.017666 1.369218 38.650002
11.025505 55.241558 1.000000 -0.101123 0.020496 1.474511 38.755001
11.066439 55.446522 1.000000 -0.029239 0.025006 1.468144 38.860001
11.103951 55.652393 1.000000 -0.032212 0.025001 1.462980 38.965000
11.138177 55.859165 1.000000 -0.037817 0.023049 1.458832 39.070000
11.172670 56.096416 1.000000 -0.034078 0.021643 1.455061 39.189999
11.198989 56.304672 1.000000 -0.078474 0.020032 1.493699 39.294998
11.217544 56.513474 1.000000 -0.099102 0.022171 1.588969 39.400002
11.225007 56.718941 1.000000 -0.129206 -0.126784 1.774736 39.505001
11.218954 56.942204 1.000000 -0.157535 -0.079392 1.959336 39.630001
11.194412 57.143116 1.000000 -0.175737 -0.005892 2.115803 39.755001
11.142706 57.341831 1.000000 -0.168061 0.039033 2.255183 39.889999
11.060267 57.531467 1.000000 -0.129440 0.052616 2.370074 40.029999
10.952477 57.707176 1.000000 -0.114652 0.048535 2.472358 40.169998
10.829824 57.865227 1.000000 -0.078950 0.038572 2.509242 40.305000
10.693837 58.014385 1.000000 -0.111076 0.033992 2.591684 40.439999
10.543934 58.149387 1.000000 -0.120727 0.034955 2.735085 40.575001
10.380970 58.266365 1.000000 -0.119522 0.037986 2.874400 40.709999
10.200794 58.368656 1.000000 -0.073177 0.038149 2.942859 40.849998
10.019028 58.453964 1.000000 -0.083665 0.036403 2.990514 40.985001
9.830338 58.525143 1.000000 -0.094022 0.034276 3.046450 41.119999
9.635992 58.581928 1.000000 -0.049403 0.026522 3.033594 41.255001
9.437890 58.629559 1.000000 -0.049409 0.020206 3.021636 41.389999
9.237476 58.670910 1.000000 -0.011025 0.012764 2.931763 41.525002
9.036650 58.711658 1.000000 0.017435 0.010138 2.833764 41.660000
8.835546 58.756584 1.000000 0.040578 0.149561 2.749012 41.794998
8.618756 58.817539 1.000000 0.060999 0.148607 2.663541 41.930000
8.412469 58.889378 1.000000 0.012028 0.095783 2.628263 42.049999
8.216542 58.963303 1.000000 0.020074 0.032332 2.640883 42.160000
8.029810 59.037201 1.000000 0.044277 -0.046051 2.650600 42.264999
7.843253 59.116230 1.000000 0.048983 -0.021905 2.658588 42.375000
7.660204 59.203190 1.000000 0.114389 -0.070571 2.516562 42.490002
7.458899 59.317177 1.000000 0.072424 -0.035174 2.450330 42.630001
7.286571 59.428463 1.000000 0.060228 -0.008684 2.386536 42.759998
7.122972 59.544884 1.000000 0.015032 0.003709 2.379119 42.889999
6.956502 59.668087 1.000000 0.016980 0.008407 2.394694 43.025002
6.792276 59.793602 1.000000 -0.012378 0.007100 2.449046 43.160000
6.627654 59.918098 1.000000 -0.024420 0.006599 2.556154 43.294998
6.462056 60.040226 1.000000 0.094282 0.001822 2.463102 43.430000
6.306215 60.172371 1.000000 0.107474 0.013905 2.265289 43.564999
6.164360 60.317558 1.000000 0.086570 0.019501 2.098376 43.700001
6.035347 60.472725 1.000000 0.093494 0.025735 1.942594 43.834999
5.920933 60.637054 1.000000 0.105695 0.036545 1.797531 43.970001
5.820264 60.817085 1.000000 0.095431 0.043758 1.695168 44.110001
5.736410 61.006004 1.000000 0.074443 0.042726 1.666441 44.250000
5.668658 61.202732 1.000000 0.145708 0.040337 1.567523 44.389999
5.627679 61.405014 1.000000 0.132535 0.048583 1.429315 44.529999
5.614866 61.617817 1.000000 0.106093 0.044672 1.341516 44.674999
5.626852 61.839584 1.000000 0.092903 0.037045 1.274473 44.825001
5.656452 62.038712 1.000000 0.083586 0.030850 1.213113 44.959999
5.701565 62.235916 1.000000 0.037835 0.024136 1.183525 45.095001
5.757483 62.431450 1.000000 0.065774 0.021338 1.124606 45.230000
5.824271 62.624027 1.000000 -0.016060 0.014650 1.155244 45.365002
5.890967 62.817383 1.000000 -0.066018 0.010398 1.309473 45.500000
5.947374 63.013348 1.000000 -0.078117 0.013364 1.500558 45.634998
5.990073 63.210869 1.000000 -0.078705 0.021602 1.656621 45.770000
6.019539 63.423828 1.000000 -0.095699 0.033738 1.804669 45.915001
6.030015 63.629936 1.000000 -0.076843 0.042950 1.861215 46.055000
6.023382 63.837166 1.000000 -0.092478 0.042023 1.913651 46.195000
5.998382 64.036446 1.000000 -0.097643 0.037888 1.967807 46.330002
5.954889 64.233299 1.000000 -0.083495 0.031728 2.013853 46.465000
5.887024 64.447632 1.000000 -0.090846 0.028101 2.094265 46.615002
5.809011 64.634903 1.000000 -0.048675 0.023312 2.136715 46.750000
5.720677 64.818695 1.000000 -0.035156 0.018730 2.135168 46.884998
5.612978 65.017960 1.000000 -0.052460 0.174647 2.160311 47.029999
5.509819 65.189453 1.000000 -0.006969 0.128881 2.162081 47.145000
5.401839 65.364105 1.000000 0.000295 0.080491 2.152207 47.255001
5.293745 65.536285 1.000000 -0.071015 0.049232 2.208544 47.360001
5.178102 65.707535 1.000000 -0.051537 0.034529 2.264421 47.465000
5.055758 65.875961 1.000000 -0.040778 0.028307 2.323617 47.570000
4.916428 66.057800 1.000000 -0.065104 0.024280 2.349421 47.685001
4.783480 66.219681 1.000000 -0.055616 0.025325 2.389921 47.790001
4.643761 66.375961 1.000000 -0.117183 0.026930 2.464609 47.895000
4.495109 66.523346 1.000000 -0.124243 0.029336 2.547831 48.000000
4.322268 66.672745 1.000000 -0.120442 -0.001876 2.635505 48.115002
4.159614 66.796188 1.000000 -0.115931 -0.060740 2.710424 48.220001
3.989609 66.910126 1.000000 -0.131793 0.051198 2.784709 48.330002
3.811238 67.010506 1.000000 -0.133298 0.084718 2.855919 48.439999
3.620866 67.097977 1.000000 -0.129378 0.070983 2.929582 48.549999
3.430282 67.168816 1.000000 -0.125034 0.057541 3.000269 48.654999
3.233512 67.226814 1.000000 -0.092757 0.048643 3.056078 48.759998
3.032658 67.275558 1.000000 -0.040360 0.038686 3.039746 48.865002
2.829256 67.319939 1.000000 -0.041108 0.022571 3.026688 48.970001
2.625707 67.359436 1.000000 -0.096107 -0.039482 3.068737 49.075001
2.418794 67.391357 1.000000 -0.044697 -0.099345 3.073423 49.185001
2.216483 67.417877 1.000000 -0.020891 -0.044488 3.062103 49.299999
2.005138 67.439171 1.000000 -0.089790 -0.041648 -3.085956 49.424999
1.801505 67.447014 1.000000 -0.074463 -0.028351 -2.967509 49.549999
1.598077 67.443680 1.000000 -0.058878 -0.002337 -2.909322 49.680000
1.369174 67.427750 1.000000 -0.067002 0.013563 -2.841692 49.830002
1.166744 67.400497 1.000000 -0.074838 0.021255 -2.779620 49.965000
0.968114 67.358444 1.000000 -0.123590 0.027279 -2.644662 50.099998
0.777337 67.295448 1.000000 -0.120067 0.036061 -2.493778 50.235001
0.589724 67.208076 1.000000 -0.110883 0.039744 -2.351889 50.375000
0.401660 67.092056 1.000000 -0.112408 0.044138 -2.204289 50.525002
0.234867 66.959282 1.000000 -0.081384 0.044744 -2.109610 50.669998
0.085259 66.815689 1.000000 -0.077836 0.039259 -2.070776 50.810001
-0.048494 66.664871 1.000000 -0.091839 0.035527 -2.018783 50.945000
-0.177870 66.490143 1.000000 -0.092119 0.030301 -1.959910 51.090000
-0.283928 66.317108 1.000000 -0.089614 0.027854 -1.897570 51.224998
-0.376181 66.135918 1.000000 -0.079774 0.024581 -1.840682 51.360001
-0.455527 65.948463 1.000000 -0.078068 0.022976 -1.775356 51.494999
-0.521792 65.755013 1.000000 -0.087116 0.141395 -1.704507 51.630001
-0.575157 65.556900 1.000000 -0.003918 0.161690 -1.710986 51.755001
-0.624691 65.355186 1.000000 -0.048313 0.106818 -1.688390 51.869999
-0.670966 65.141357 1.000000 -0.071452 0.065875 -1.667183 51.985001
-0.709634 64.930344 1.000000 -0.027913 0.044312 -1.657948 52.095001
-0.747954 64.696365 1.000000 -0.025273 0.031821 -1.666506 52.215000
-0.780101 64.482765 1.000000 -0.035055 -0.149566 -1.573509 52.325001
-0.811538 64.266991 1.000000 -0.068950 -0.315871 -1.442605 52.450001
-0.843782 64.067818 1.000000 -0.092655 -0.235465 -1.280284 52.605000
-0.883250 63.870628 1.000000 -0.089819 -0.112214 -1.023713 52.849998
-0.937313 63.677429 1.000000 -0.034786 -0.004409 -0.379667 53.465000
-0.756607 63.776711 1.000000 -0.022444 0.319106 0.689014 54.919998
-0.593234 63.903347 1.000000 0.061539 0.223049 0.678001 55.060001
-0.429630 64.021362 1.000000 -0.002457 0.126985 0.694477 55.174999
-0.262016 64.142799 1.000000 -0.002026 0.072129 0.714732 55.285000
-0.097679 64.263885 1.000000 -0.009693 0.046637 0.706500 55.389999
0.068400 64.388374 1.000000 -0.024927 0.032366 0.702968 55.494999
0.234072 64.516357 1.000000 -0.031778 0.024077 0.700114 55.599998
0.390467 64.641396 1.000000 -0.029722 0.019266 0.697929 55.700001
0.545320 64.769058 1.000000 -0.020272 0.017751 0.696157 55.799999
0.698611 64.898972 1.000000 -0.077189 0.015352 0.753633 55.900002
0.863842 65.045822 1.000000 -0.000977 0.015718 0.742933 56.009998
1.043792 65.206589 1.000000 0.010238 0.015785 0.737746 56.130001
1.194450 65.339973 1.000000 0.009265 0.015526 0.735145 56.230000
1.345676 65.472717 1.000000 0.048319 -0.034444 0.682846 56.330002
1.501639 65.604393 1.000000 0.068161 -0.141346 0.576015 56.435001
1.662958 65.730461 1.000000 0.098396 -0.093386 0.432624 56.549999
1.831567 65.848038 1.000000 0.088463 -0.032017 0.368764 56.674999
2.005772 65.954193 1.000000 0.088230 -0.000013 0.308290 56.805000
2.189534 66.049873 1.000000 0.047465 0.012048 0.305341 56.939999
2.376315 66.136833 1.000000 0.018646 0.012231 0.343895 57.075001
2.572048 66.222412 1.000000 0.066183 0.008879 0.354059 57.215000
2.763364 66.296440 1.000000 0.022187 -0.079268 0.331418 57.349998
2.955868 66.366440 1.000000 0.005363 -0.229339 0.338763 57.500000
3.146506 66.434891 1.000000 0.001757 -0.191891 0.345910 57.709999
3.339906 66.489700 1.000000 0.006875 0.294622 -0.245360 59.014999
3.536685 66.435677 1.000000 0.020304 0.320275 -0.300604 59.290001
3.731157 66.376152 1.000000 -0.025704 0.244725 -0.349953 59.435001
3.928585 66.317802 1.000000 -0.056783 0.139007 -0.343852 59.555000
4.126167 66.263969 1.000000 0.045559 0.081207 -0.396814 59.665001
4.329076 66.203087 1.000000 0.020891 0.053311 -0.430631 59.775002
4.534286 66.136589 1.000000 0.029651 0.040433 -0.422834 59.884998
4.730832 66.068275 1.000000 0.099212 0.031354 -0.458412 59.990002
4.924745 65.991028 1.000000 0.060348 0.020002 -0.474520 60.095001
5.114850 65.907402 1.000000 0.047061 -0.041990 -0.469987 60.200001
5.322810 65.809074 1.000000 0.070597 -0.037599 -0.506571 60.320000
5.508238 65.710846 1.000000 0.134010 -0.101217 -0.707444 60.435001
5.678378 65.603096 1.000000 0.144284 -0.044410 -0.876509 60.555000
5.839205 65.477226 1.000000 0.141871 0.007284 -1.028993 60.685001
5.994014 65.322296 1.000000 0.133741 0.034273 -1.176234 60.830002
6.116427 65.163803 1.000000 0.114179 0.044312 -1.290818 60.965000
6.224983 64.987106 1.000000 0.084094 0.040336 -1.325991 61.105000
6.315724 64.807381 1.000000 0.091382 0.036087 -1.373530 61.240002
6.393981 64.612892 1.000000 0.091117 0.031166 -1.430850 61.380001
6.453611 64.419228 1.000000 0.085417 0.027636 -1.489824 61.514999
6.498530 64.221329 1.000000 0.043902 0.023637 -1.519552 61.650002
6.534286 64.013199 1.000000 0.028353 0.018834 -1.527311 61.790001
6.564011 63.803226 1.000000 0.019312 0.056834 -1.511403 61.930000
6.586484 63.596714 1.000000 0.050265 0.171573 -1.545966 62.060001
6.599685 63.384483 1.000000 0.003975 0.112784 -1.575871 62.180000
6.610113 63.177792 1.000000 -0.010093 0.070709 -1.567578 62.290001
6.621069 62.974659 1.000000 -0.001975 0.048162 -1.561208 62.395000
6.632266 62.768394 1.000000 0.006625 0.035701 -1.556045 62.500000
6.644212 62.530651 1.000000 0.012350 0.027176 -1.551424 62.619999
6.654533 62.291855 1.000000 0.012783 0.023731 -1.547786 62.740002
6.662184 62.082439 1.000000 0.009941 0.022315 -1.545259 62.845001
6.668873 61.872787 1.000000 0.005381 0.021695 -1.543254 62.950001
6.675057 61.663002 1.000000 0.001326 0.020545 -1.541640 63.055000
6.681177 61.453197 1.000000 -0.001934 0.020541 -1.540344 63.160000
6.688579 61.243496 1.000000 -0.077312 0.018788 -1.466659 63.264999
6.703904 61.034832 1.000000 -0.095273 0.022839 -1.365918 63.369999
6.734459 60.798618 1.000000 -0.099675 0.028801 -1.262278 63.490002
6.773140 60.594501 1.000000 -0.102133 0.032789 -1.180346 63.595001
6.823598 60.393452 1.000000 -0.115945 0.037929 -1.100696 63.700001
6.886959 60.196426 1.000000 -0.122460 0.040920 -1.025221 63.805000
6.976100 59.977585 1.000000 -0.133739 0.043924 -0.940399 63.924999
7.069271 59.793030 1.000000 -0.140603 0.043384 -0.864038 64.029999
7.176065 59.616886 1.000000 -0.138120 -0.000757 -0.790093 64.135002
7.303708 59.438183 1.000000 -0.129432 -0.061319 -0.714458 64.250000
7.436253 59.278366 1.000000 -0.147702 -0.027730 -0.624339 64.364998
7.586653 59.127811 1.000000 -0.172960 -0.039252 -0.445417 64.489998
7.755110 58.995693 1.000000 -0.141871 0.004773 -0.308413 64.625000
7.930734 58.888180 1.000000 -0.093202 0.022820 -0.272646 64.760002
8.113460 58.797733 1.000000 -0.105570 0.028110 -0.206166 64.894997
8.303116 58.724857 1.000000 -0.098512 0.027757 -0.140369 65.029999
8.498254 58.668812 1.000000 -0.089251 0.026511 -0.070584 65.165001
8.697267 58.628098 1.000000 -0.042939 0.022376 -0.036177 65.300003
8.898643 58.596031 1.000000 -0.026957 0.018588 -0.051375 65.434998
9.109075 58.567852 1.000000 -0.025332 0.045516 -0.063143 65.574997
9.314980 58.545185 1.000000 -0.019102 0.169802 -0.071377 65.705002
9.517118 58.526245 1.000000 -0.012769 0.119869 -0.076989 65.820000
9.722952 58.508575 1.000000 -0.004900 0.075489 -0.081276 65.930000
9.925775 58.491566 1.000000 0.002010 0.049134 -0.084529 66.035004
10.131753 58.473907 1.000000 0.006484 0.034963 -0.087138 66.139999
10.339268 58.455250 1.000000 0.007993 0.027476 -0.089228 66.245003
10.547496 58.435516 1.000000 0.006887 0.023736 -0.090903 66.349998
10.756050 58.414860 1.000000 0.004182 0.022417 -0.092262 66.455002
10.964827 58.394115 1.000000 -0.062696 0.021162 -0.040967 66.559998
11.173876 58.379372 1.000000 -0.084555 0.022594 0.053276 66.665001
11.382715 58.373913 1.000000 -0.086794 0.026118 0.140034 66.769997
11.610641 58.379074 1.000000 -0.095186 0.030924 0.227878 66.885002
11.817467 58.395149 1.000000 -0.108823 0.036745 0.306102 66.989998
12.023123 58.420849 1.000000 0.033868 0.026862 0.196568 67.095001
12.229846 58.444649 1.000000 0.051948 0.023894 0.079371 67.199997
12.457250 58.464485 1.000000 0.052421 0.022659 -0.030887 67.315002
12.694860 58.480019 1.000000 -0.017956 0.022602 -0.037886 67.434998
12.903131 58.494480 1.000000 0.045460 0.025175 -0.058554 67.540001
13.111764 58.505840 1.000000 0.036567 0.027463 -0.060490 67.644997
13.320863 58.512825 1.000000 0.045106 0.026539 -0.053962 67.750000
13.530317 58.514786 1.000000 0.047971 0.024425 -0.048707 67.855003
13.739921 58.511547 1.000000 0.040250 0.022453 -0.044457 67.959999
13.949550 58.504017 1.000000 0.007560 0.020533 -0.029968 68.065002
14.159052 58.496815 1.000000 0.008309 0.017375 0.003290 68.169998
14.388179 58.488503 1.000000 0.011044 0.021886 -0.032237 68.285004
14.597349 58.479248 1.000000 -0.001382 -0.037079 -0.012271 68.389999
14.798114 58.470131 1.000000 -0.028589 -0.247079 0.097688 68.495003
15.018977 58.458305 1.000000 -0.067677 -0.300256 0.244300 68.635002
15.236815 58.440067 1.000000 -0.088463 -0.176292 0.458982 68.839996
15.435925 58.411800 1.000000 -0.067644 -0.051696 0.835985 69.199997
15.446502 58.613445 1.000000 -0.024736 0.202849 2.080716 70.430000
15.349632 58.793056 1.000000 -0.063331 0.088296 2.135524 70.584999
15.233682 58.975601 1.000000 -0.078224 0.039537 2.174184 70.735001
15.114030 59.137169 1.000000 -0.046712 0.021706 2.175170 70.870003
14.984653 59.294662 1.004757 -0.018863 0.013398 2.194195 71.004997
14.854805 59.452332 1.006551 0.064045 0.014438 2.004297 71.139999
14.722394 59.634743 1.006813 0.087678 0.023752 1.870986 71.290001
14.615873 59.805836 1.007004 0.066068 0.031080 1.810191 71.425003
14.520675 59.983677 1.007159 0.083877 0.034318 1.759340 71.559998
14.439723 60.168720 1.007284 0.100644 0.035393 1.700879 71.695000
14.373878 60.367714 1.007388 0.101778 0.033342 1.637400 71.834999
14.328538 60.564953 1.007470 0.093933 0.030355 1.572864 71.970001
14.299912 60.765652 1.007536 0.080726 0.026695 1.510357 72.105003
14.283666 60.968365 1.007590 0.024280 0.020398 1.523488 72.239998
14.272710 61.168518 1.007632 0.013218 0.172049 1.537968 72.370003
14.265521 61.373222 1.007664 0.018611 0.140569 1.548223 72.489998
14.261230 61.604721 1.007692 0.016092 0.082152 1.556448 72.614998
14.259530 61.846165 1.007715 0.008645 0.050184 1.562813 72.739998
14.259171 62.062622 1.007731 0.001509 0.034913 1.567192 72.849998
14.258965 62.270905 1.007745 -0.004435 0.027479 1.570545 72.955002
14.258259 62.480011 1.007756 -0.007992 0.024414 1.573236 73.059998
14.256501 62.709538 1.007767 -0.008534 0.021653 1.575554 73.175003
14.253943 62.919292 1.007775 -0.006699 0.020519 1.577233 73.279999
14.252071 63.129017 1.007783 0.076144 0.019691 1.496021 73.385002
14.257967 63.338055 1.007788 0.092370 0.023471 1.399951 73.489998
14.273738 63.545853 1.007793 0.034674 0.026702 1.361321 73.595001
14.294546 63.753368 1.007798 0.021747 0.027511 1.370337 73.699997
14.318377 63.961105 1.007801 0.031511 0.026136 1.377620 73.805000
14.351771 64.208290 1.007804 0.035323 0.023236 1.384535 73.930000
14.384297 64.415527 1.007806 0.028810 0.021461 1.389071 74.035004
14.420119 64.622353 1.007809 0.016294 0.020904 1.392702 74.139999
14.456075 64.819107 1.007811 0.003595 0.019864 1.395481 74.239998
14.492599 65.015793 1.007814 -0.006814 0.019296 1.397760 74.339996
14.528696 65.212540 1.007814 -0.014418 0.020049 1.399596 74.440002
14.563692 65.409523 1.007814 -0.017259 0.019552 1.401077 74.540001
14.597322 65.606743 1.007814 -0.015762 0.020009 1.402289 74.639999
14.629726 65.804169 1.007814 -0.012069 0.020069 1.403263 74.739998
14.661266 66.001770 1.007814 -0.007575 0.019861 1.404062 74.839996
14.692370 66.199371 1.007814 -0.003045 0.019647 1.404712 74.940002
14.726581 66.416733 1.007814 0.000560 0.019768 1.405288 75.050003
14.758008 66.614319 1.007814 0.002093 0.019187 1.405705 75.150002
14.789887 66.811768 1.007814 0.002353 0.019843 1.406046 75.250000
14.822245 67.009216 1.007814 0.001360 0.020398 1.406321 75.349998
14.854992 67.206558 1.007814 0.000030 0.019589 1.406547 75.449997
14.887983 67.403854 1.007814 -0.001942 0.019844 1.406728 75.550003
14.921042 67.601151 1.007814 -0.003488 0.019273 1.406868 75.650002
14.954199 67.798431 1.007814 0.045633 0.019119 1.372380 75.750000
14.993729 68.004501 1.007814 0.079395 0.019634 1.274990 75.855003
15.041067 68.204330 1.007814 0.084412 -0.134469 1.132388 75.959999
15.106010 68.426819 1.007814 0.116538 -0.080517 0.983608 76.089996
15.190698 68.655380 0.999033 0.100160 -0.017265 0.976731 76.239998
15.275579 68.838936 0.993013 0.127063 0.006562 0.915325 76.370003
15.379424 69.016876 0.992856 0.059747 0.014045 0.897229 76.504997
15.493210 69.187927 0.992727 0.037894 0.012932 0.909773 76.639999
15.621964 69.367599 0.992617 0.020087 0.010884 0.919722 76.785004
15.746313 69.531906 0.995243 0.029244 0.009493 0.887548 76.919998
15.875913 69.692581 0.996180 0.054754 0.099523 0.804362 77.055000
16.011263 69.845497 0.996849 0.042127 0.137235 0.728272 77.180000
16.150845 69.990631 0.997362 0.040010 -0.045494 0.621752 77.294998
16.326384 70.160049 0.997894 0.106937 -0.045033 0.434288 77.440002
16.483589 70.291100 0.998279 0.133292 0.005289 0.286847 77.570000
16.653028 70.403969 0.998604 0.148588 0.040142 0.147966 77.705002
16.838614 70.496002 0.998875 0.140703 0.051700 0.073639 77.845001
17.040907 70.565231 0.999101 0.068860 0.044303 0.023837 77.989998
17.236025 70.613678 0.999271 0.086229 0.036460 0.011401 78.125000
17.435827 70.647644 0.999409 0.086648 0.027064 0.002587 78.260002
17.638420 70.668663 0.999520 0.040500 0.018593 0.020681 78.394997
17.857559 70.683235 0.999617 0.018876 0.013821 0.035246 78.540001
18.084742 70.690605 0.999696 0.047495 0.013783 -0.062734 78.690002
18.311958 70.689583 0.999759 0.000454 0.014451 -0.064527 78.839996
18.532026 70.687561 0.999808 0.002134 0.012903 -0.055407 78.985001
18.752316 70.684883 0.999846 0.006829 0.012449 -0.048739 79.129997
18.957520 70.681068 0.999875 0.007602 0.012669 -0.044090 79.264999
19.162827 70.675850 0.999899 0.005870 0.012289 -0.040570 79.400002
19.368151 70.669495 0.999918 0.003154 0.011582 -0.037902 79.535004
19.569397 70.661652 0.999933 0.067246 0.165879 -0.087073 79.665001
19.773447 70.644341 0.999944 0.054141 0.138228 -0.170998 79.785004
19.974298 70.618996 0.999953 0.037004 0.087107 -0.247873 79.894997
20.201506 70.585907 0.999961 -0.001255 0.051448 -0.257476 80.014999
20.404251 70.556183 0.999967 -0.010566 0.040135 -0.248449 80.120003
20.609579 70.527885 0.999972 -0.011360 0.030621 -0.187842 80.224998
20.816286 70.499992 0.999976 0.005970 0.026933 -0.166886 80.330002
21.033289 70.468719 0.999980 -0.008199 0.021483 -0.114635 80.440002
21.240467 70.437805 0.999983 -0.026124 0.019401 -0.063720 80.544998
21.447706 70.409515 0.999985 -0.070743 0.022269 0.029546 80.650002
21.655005 70.388893 0.999988 -0.090527 0.028181 0.112267 80.754997
21.862183 70.378426 0.999990 -0.057100 0.034797 0.145869 80.860001
22.069893 70.375603 0.999991 -0.058090 0.035805 0.136848 80.964996
22.278357 70.379700 0.999992 -0.072792 0.031871 0.129611 81.070000
22.506878 70.393539 0.999994 -0.070547 0.025509 0.123325 81.184998
22.715237 70.413956 0.999995 0.005625 0.019969 0.072635 81.290001
22.923506 70.434692 0.999996 0.000465 0.019560 0.016547 81.394997
23.131788 70.454750 0.999997 0.002390 0.022306 0.019066 81.500000
23.340328 70.474312 0.999997 0.026833 0.023148 0.021074 81.605003
23.549250 70.490303 0.999997 0.109802 0.022131 -0.037348 81.709999
23.787880 70.495712 0.999997 0.057990 0.026515 -0.075327 81.830002
23.996777 70.492622 0.999997 0.034077 0.025876 -0.068720 81.934998
24.205994 70.488144 0.999997 -0.009021 0.021539 0.010157 82.040001
24.415344 70.484428 0.999997 0.022626 0.021351 0.006960 82.144997
24.624786 70.478645 0.999997 0.013213 0.015484 0.004387 82.250000
24.833885 70.471886 0.999997 -0.058072 0.020147 0.044257 82.355003
25.042692 70.470245 0.999997 -0.036251 0.024999 0.081440 82.459999
25.251616 70.473289 0.999997 -0.028843 0.025518 0.078159 82.565002
25.480743 70.480560 0.999997 -0.032837 0.023649 0.075318 82.680000
25.690025 70.491058 0.999997 -0.029800 0.021697 0.073248 82.785004
25.909231 70.503792 0.999997 0.058049 0.019047 -0.017582 82.894997
26.118214 70.510056 0.999997 0.082314 0.022365 -0.117243 83.000000
26.326431 70.507248 0.999997 0.094014 0.028429 -0.204622 83.105003
26.553797 70.494675 0.999997 0.027964 0.030993 -0.192596 83.220001
26.781631 70.477158 0.999997 0.040047 0.029054 -0.182902 83.334999
26.989784 70.456161 0.999997 0.047967 0.026094 -0.175837 83.440002
27.207531 70.428314 0.999997 0.043438 0.022843 -0.169952 83.550003
27.414890 70.396759 0.999997 0.029375 0.021871 -0.165457 83.654999
27.622141 70.364532 1.003587 -0.050457 0.018524 -0.064763 83.760002
27.829065 70.336533 1.023380 -0.084912 -0.079839 0.032247 83.864998
28.034473 70.315903 1.023393 -0.112254 -0.118581 0.155710 83.974998
28.239212 70.306610 1.023406 -0.124038 -0.052894 0.228856 84.095001
28.462416 70.312996 1.023417 -0.075229 -0.008201 0.216827 84.235001
28.662865 70.331444 1.023426 -0.061936 0.004650 0.203152 84.364998
28.867565 70.360870 1.036962 -0.006650 0.006378 0.148779 84.500000
29.070910 70.392296 1.038476 0.029386 0.008382 0.041837 84.635002
29.281456 70.419350 1.038599 0.047954 0.014438 -0.049728 84.775002
29.484863 70.436424 1.038695 0.066471 0.098747 -0.126307 84.910004
29.685825 70.440956 1.038768 0.003952 0.170746 -0.138252 85.035004
29.890303 70.440048 1.038824 0.013823 0.114209 -0.125006 85.150002
30.095970 70.435677 1.038868 0.036239 0.013745 -0.114997 85.260002
30.303596 70.426689 1.038905 0.020452 0.058091 -0.096092 85.370003
30.505465 70.416779 1.038936 -0.017257 0.048352 -0.003794 85.474998
30.720301 70.407776 1.038963 0.014223 0.037892 -0.004175 85.584999
30.927435 70.397911 1.038985 -0.002421 0.031135 -0.004465 85.690002
31.135782 70.388321 1.039003 -0.018899 0.026469 -0.004699 85.794998
31.344688 70.382874 1.039020 -0.109374 0.024168 0.090677 85.900002
31.553097 70.388496 1.039033 -0.054112 0.027309 0.134887 86.004997
31.791164 70.403061 1.039046 -0.026375 0.026286 0.127250 86.125000
32.009689 70.420227 1.039056 -0.024665 0.023805 0.121785 86.235001
32.216049 70.439156 1.039057 -0.004513 -0.146309 0.031878 86.339996
32.419384 70.459587 1.039057 0.038394 -0.324119 -0.088553 86.455002
32.621254 70.483566 1.039057 0.074105 -0.258410 -0.245638 86.605003
32.822182 70.515320 1.039057 0.083974 -0.130171 -0.491737 86.839996
33.017143 70.561386 1.039057 0.041012 -0.012583 -1.062477 87.385002
33.178368 70.442490 1.049967 0.026017 0.263170 -0.927647 88.330002
33.278526 70.265945 1.051952 0.053199 0.135645 -0.948757 88.500000
33.373989 70.084747 1.051717 -0.035708 0.061363 -1.021417 88.644997
33.476814 69.903938 1.051536 -0.060633 0.018092 -1.091570 88.785004
33.590374 69.726326 1.051390 -0.034208 0.004526 -1.151060 88.925003
33.704937 69.557892 1.051278 0.017679 0.011669 -1.211592 89.059998
33.817226 69.388084 1.051187 0.055627 0.021073 -1.250347 89.195000
33.926876 69.207260 1.051110 0.045562 0.075271 -1.238046 89.334999
34.022610 69.022697 1.051052 0.133148 0.179295 -1.299510 89.464996
34.102299 68.816261 1.051005 0.120539 0.120832 -1.381011 89.589996
34.160027 68.618042 1.050971 0.103381 0.080599 -1.458801 89.699997
34.211342 68.391968 1.050941 0.056213 0.051999 -1.499405 89.820000
34.254253 68.170334 1.050917 0.014412 0.037081 -1.491680 89.934998
34.291443 67.965721 1.050898 0.019787 0.031026 -1.481180 90.040001
34.326633 67.759750 1.050881 0.030173 0.026062 -1.472825 90.144997
34.358845 67.552788 1.050867 0.032998 0.023520 -1.463195 90.250000
34.387836 67.345070 1.050854 0.027878 0.021833 -1.458355 90.355003
34.414169 67.136856 1.050844 0.018829 0.020518 -1.452734 90.459999
34.438854 66.928383 1.050837 0.007247 0.020199 -1.449982 90.565002
34.461906 66.729713 1.050830 -0.001864 0.020339 -1.447056 90.665001
34.486546 66.521210 1.050824 -0.007342 0.020213 -1.445411 90.769997
34.512192 66.312813 1.050819 -0.009366 0.020026 -1.444016 90.875000
34.539059 66.104538 1.050814 -0.007945 0.020008 -1.442528 90.980003
34.568352 65.886505 1.050811 -0.004326 0.019923 -1.441755 91.089996
34.597019 65.678383 1.050808 -0.000216 0.020035 -1.441164 91.195000
34.627312 65.460457 1.050806 0.003335 0.019625 -1.440667 91.305000
34.656445 65.252518 1.050803 -0.052298 0.018792 -1.392684 91.410004
34.698441 64.996223 1.050800 0.001908 0.019663 -1.360333 91.540001
34.733639 64.789482 1.050797 0.011515 0.020098 -1.366495 91.644997
34.768387 64.582581 1.050797 -0.050587 0.019646 -1.330091 91.750000
34.805859 64.376259 1.050797 -0.010515 0.021391 -1.335373 91.855003
34.845097 64.170387 1.050797 -0.012529 -0.007553 -1.341349 91.959999
34.885239 63.968452 1.050797 -0.009775 -0.073900 -1.350092 92.065002
34.930199 63.741573 1.050797 0.041193 -0.127082 -1.462500 92.190002
34.968929 63.526653 1.050797 0.069838 -0.008969 -1.523028 92.320000
34.995602 63.322136 1.050797 0.082375 0.145536 -1.611159 92.445000
35.008251 63.118671 1.050797 0.082669 0.117885 -1.691151 92.559998
35.008709 62.913319 1.050797 0.084804 0.082287 -1.768136 92.669998
34.997208 62.702595 1.050797 0.098248 0.060876 -1.845584 92.779999
34.972370 62.490295 1.050797 0.111840 0.052247 -1.923521 92.889999
34.934933 62.288639 1.050797 0.124021 0.034573 -1.997239 92.995003
34.884033 62.091572 1.050797 0.129837 -0.023086 -2.069972 93.099998
34.814388 61.878857 1.050797 0.072813 -0.081723 -2.059517 93.220001
34.739239 61.679409 1.050797 0.053756 0.080150 -2.038928 93.339996
34.663467 61.493626 1.050797 -0.031352 0.088237 -1.931776 93.449997
34.587612 61.299282 1.050797 -0.047540 0.060461 -1.826854 93.559998
34.516876 61.108242 1.050797 -0.019391 0.044916 -1.798026 93.665001
34.446342 60.914116 1.050797 0.006705 0.033763 -1.815465 93.769997
34.364716 60.690269 1.050797 -0.017154 0.027546 -1.829297 93.889999
34.294376 60.493000 1.050797 0.014520 0.002800 -1.880721 93.995003
34.213123 60.271259 1.050797 0.039875 -0.072973 -2.007675 94.114998
34.138206 60.079967 1.050797 0.053114 -0.114177 -2.102321 94.224998
34.057278 59.888420 1.050797 -0.011627 -0.059320 -2.073593 94.345001
33.978462 59.698471 1.050797 -0.066070 -0.040049 -1.874574 94.470001
33.908524 59.505711 1.050797 -0.066401 -0.014356 -1.696900 94.599998
33.848331 59.308327 1.050797 -0.082141 0.009579 -1.540664 94.735001
33.798000 59.082355 1.050797 -0.105412 0.033075 -1.382898 94.889999
33.774662 58.877945 1.050797 -0.124671 0.050231 -1.249495 95.029999
33.777260 58.674198 1.050797 -0.138970 0.060558 -1.119257 95.169998
33.813919 58.452637 1.050797 -0.142651 0.063602 -0.974577 95.324997
33.877907 58.260025 1.050797 -0.137027 0.061719 -0.843794 95.464996
33.969139 58.077984 1.050797 -0.129319 0.056663 -0.711210 95.605003
34.084435 57.909233 1.050797 -0.124605 0.053702 -0.578888 95.745003
34.226036 57.751259 1.050797 -0.123288 0.052136 -0.440379 95.889999
34.393002 57.608509 1.050797 -0.098570 0.049723 -0.319838 96.040001
34.582878 57.482265 1.050797 -0.089238 0.046233 -0.240892 96.195000
34.773075 57.381748 1.050797 -0.098442 0.041641 -0.186303 96.339996
34.959248 57.304600 1.050797 -0.097193 0.035028 -0.138886 96.474998
35.152180 57.244160 1.050797 -0.102117 0.031301 -0.068074 96.610001
35.350033 57.201511 1.050797 -0.094465 0.029491 0.000332 96.745003
35.558582 57.174789 1.050797 -0.054930 0.024875 0.050201 96.885002
35.776772 57.158562 1.050797 -0.020912 0.018616 0.030420 97.029999
35.976734 57.147942 1.050797 -0.012106 0.168669 0.017124 97.160004
36.189491 57.140217 1.050797 -0.013547 0.137649 0.007436 97.285004
36.392273 57.135262 1.050797 -0.010557 0.087580 0.000736 97.394997
36.593666 57.131706 1.050797 -0.004912 0.057756 -0.004408 97.500000
36.799232 57.128635 1.050797 0.000921 0.039484 -0.008523 97.605003
37.046707 57.124779 1.050797 0.005561 0.029568 -0.012400 97.730003
37.255722 57.120880 1.050797 0.006970 0.024407 -0.014943 97.834999
37.465191 57.116199 1.050797 0.006432 0.022266 -0.017003 97.940002
37.674870 57.110813 1.050797 0.004460 0.021494 -0.018657 98.044998
37.884647 57.104919 1.050797 0.001861 0.021119 -0.019983 98.150002
38.094452 57.098789 1.050797 -0.000520 0.020251 -0.021036 98.254997
38.304256 57.092690 1.050797 -0.002341 0.020676 -0.021879 98.360001
38.514061 57.086796 1.050797 -0.003185 0.020064 -0.022555 98.464996
38.723812 57.081192 1.050797 -0.003082 0.020516 -0.023099 98.570000
38.963524 57.075123 1.050797 -0.002354 0.020026 -0.023597 98.690002
39.173248 57.070034 1.050797 -0.001323 0.020141 -0.023938 98.794998
39.382969 57.065453 1.050797 -0.061666 0.018886 0.027298 98.900002
39.622272 57.066994 1.050797 -0.017148 0.021498 0.072348 99.019997
39.831551 57.071495 1.050797 -0.002435 0.022185 0.067025 99.125000
40.050976 57.076824 1.050797 -0.008386 0.022648 0.062597 99.235001
40.260597 57.082981 1.050797 -0.012526 0.022098 0.059180 99.339996
40.470257 57.090618 1.050797 -0.013283 0.020726 0.056473 99.445000
40.679901 57.099754 1.050797 -0.010372 0.020571 0.054300 99.550003
40.889545 57.110077 1.050797 -0.005441 0.020722 0.052549 99.654999
41.099148 57.121063 1.050797 -0.000534 0.020725 0.051140 99.760002
41.308788 57.132183 1.050797 0.003504 0.020520 0.050013 99.864998
41.518433 57.143040 1.050797 0.005771 0.020279 0.049112 99.970001
41.758026 57.154804 1.050797 0.006298 0.019927 0.048289 100.089996
41.967670 57.164497 1.050797 0.005253 0.020214 0.047722 100.195000
42.177315 57.173737 1.050797 0.003413 0.020203 0.047265 100.300003
42.386959 57.182720 1.050797 0.001580 0.019990 0.046900 100.404999
42.626587 57.192913 1.050797 -0.000301 0.020980 0.046570 100.525002
42.836311 57.201973 1.050797 -0.001008 0.020563 0.046342 100.629997
43.046036 57.211239 1.050797 -0.001079 0.020764 0.046160 100.735001
43.275734 57.221622 1.050797 -0.000628 0.020290 0.046000 100.849998
43.485481 57.231277 1.050797 0.000009 0.020185 0.045882 100.955002
43.695206 57.241020 1.050797 0.000721 0.020209 0.045789 101.059998
43.904930 57.250793 1.050797 0.001310 0.020209 0.045715 101.165001
44.114578 57.260487 1.050797 0.001604 0.020221 0.045656 101.269997
44.354195 57.271484 1.050797 0.001617 0.020279 0.045602 101.389999
44.563694 57.282658 1.050797 -0.082045 0.018910 0.136141 101.495003
44.772213 57.300716 1.050797 -0.017420 0.022078 0.155212 101.599998
44.980541 57.321629 1.050797 -0.014066 0.023578 0.152160 101.705002
45.188957 57.344486 1.050797 -0.020384 0.022566 0.149710 101.809998
45.436909 57.374958 1.050797 -0.021832 0.021113 0.147413 101.934998
45.644932 57.403378 1.050797 -0.017023 0.020690 0.145886 102.040001
45.842842 57.432365 1.050797 -0.009614 0.020464 0.144709 102.139999
46.040623 57.462463 1.050797 -0.001212 0.020255 0.143767 102.239998
46.238407 57.492886 1.050797 0.005490 0.019788 0.142998 102.339996
46.436237 57.522999 1.050797 0.009684 0.019533 0.142375 102.440002
46.634136 57.552399 1.050797 0.011452 0.019503 0.141872 102.540001
46.832130 57.580940 1.050797 0.010662 0.020039 0.141458 102.639999
47.030247 57.608711 1.050797 0.008135 0.020332 0.141124 102.739998
47.228458 57.635944 1.050797 0.005652 0.019250 0.140851 102.839996
47.426670 57.662899 1.050797 0.002502 0.020132 0.140634 102.940002
47.644722 57.692551 1.050797 0.000304 0.020205 0.140439 103.050003
47.842934 57.719723 1.050797 -0.000727 0.019876 0.140298 103.150002
48.041145 57.747196 1.050797 -0.000763 0.020127 0.140183 103.250000
48.239300 57.774967 1.050797 -0.000218 0.019983 0.140090 103.349998
48.437428 57.802982 1.050797 0.000815 0.019440 0.140016 103.449997
48.644844 57.835171 1.050797 -0.063879 0.018773 0.235821 103.555000
48.851006 57.872860 1.050797 -0.029706 0.021113 0.242926 103.660004
49.056259 57.914745 1.050797 -0.024012 0.022251 0.284810 103.764999
49.260826 57.960209 1.050797 -0.017545 0.022605 0.281738 103.870003
49.474781 58.010502 1.050797 -0.026231 0.021689 0.279170 103.980003
49.688095 58.064297 1.050797 -0.027911 0.020372 0.277126 104.089996
49.881378 58.116116 1.050797 0.031378 0.017805 0.233406 104.190002
50.084747 58.167820 1.050797 0.079353 0.019237 0.128249 104.294998
50.289177 58.211369 1.050797 0.091154 0.024287 0.036387 104.400002
50.533756 58.253815 1.050797 0.024596 0.028118 0.048864 104.525002
50.760014 58.289055 1.050797 0.035719 0.027019 0.058241 104.639999
50.967613 58.317333 1.050797 0.044515 0.024940 0.065082 104.745003
51.175983 58.341007 1.050797 0.043187 0.022217 0.070486 104.849998
51.384857 58.360306 1.050797 0.031741 0.020694 0.074815 104.955002
51.594021 58.376438 1.050797 0.016556 0.020442 0.078319 105.059998
51.803333 58.391064 1.050797 0.001700 0.020809 0.081132 105.165001
52.012684 58.405735 1.050797 -0.008876 0.020291 0.083397 105.269997
52.251560 58.425545 1.050797 -0.094424 0.019351 0.173808 105.389999
52.458836 58.452702 1.050797 -0.047661 0.023820 0.228432 105.495003
52.665173 58.485935 1.050797 -0.016604 0.024883 0.222575 105.599998
52.910839 58.528667 1.050797 -0.017536 0.022449 0.217054 105.724998
53.126873 58.568871 1.050797 0.022694 0.019231 0.185416 105.834999
53.333157 58.605106 1.050797 0.043494 -0.051986 0.146043 105.940002
53.539246 58.637047 1.050797 -0.009871 -0.271986 0.261239 106.050003
53.746517 58.666355 1.050797 -0.056354 -0.296444 0.402615 106.184998
53.956676 58.690033 1.050797 -0.080508 -0.179391 0.570172 106.385002
54.156094 58.711910 1.050797 -0.012389 -0.084044 0.193169 106.745003
54.355331 58.746037 1.050797 0.026717 0.275880 0.111455 107.095001
54.559231 58.770210 1.050797 -0.031567 0.121614 0.032033 107.264999
54.767475 58.797810 1.050797 -0.011756 0.050970 -0.031254 107.415001
54.970802 58.824867 1.050797 0.030489 0.034109 -0.098686 107.555000
55.170528 58.844856 1.050797 0.064954 0.031674 -0.163217 107.690002
55.394535 58.853531 1.050797 0.041892 0.029519 -0.182615 107.839996
55.597477 58.849918 1.050797 0.056530 0.025962 -0.197364 107.974998
55.830990 58.832153 1.050797 0.048300 0.060609 -0.185217 108.129997
56.036964 58.806038 1.050797 0.040594 0.172542 -0.177633 108.260002
56.265495 58.768852 1.050797 0.022714 0.109226 -0.171911 108.389999
56.518139 58.723156 1.050797 0.002292 0.061381 -0.167353 108.525002
56.720181 58.685966 1.050797 -0.012190 0.040868 -0.164613 108.629997
56.924732 58.649403 1.050797 -0.020425 0.030492 -0.162407 108.735001
57.130779 58.614529 1.050797 -0.022759 0.024111 -0.160660 108.839996
57.337673 58.581638 1.050797 -0.019754 0.021344 -0.159252 108.945000
57.545052 58.550434 1.050797 -0.012629 0.021492 -0.158120 109.050003
57.752743 58.520210 1.050797 -0.006283 0.020322 -0.157203 109.154999
57.960564 58.490295 1.050797 -0.000028 0.020674 -0.156471 109.260002
58.158539 58.461514 1.050797 0.003402 0.019920 -0.155907 109.360001
58.356419 58.432148 1.050797 0.004742 0.020224 -0.155450 109.459999
58.554222 58.402073 1.050797 0.004096 0.019484 -0.155079 109.559998
58.751907 58.371372 1.050797 0.002224 0.019101 -0.154777 109.660004
58.949482 58.340240 1.050797 -0.000241 0.019286 -0.154533 109.760002
59.156883 58.307335 1.050797 -0.002777 0.019834 -0.154330 109.864998
59.384037 58.271336 1.050797 -0.004586 0.020221 -0.154153 109.980003
59.601395 58.237133 1.050797 -0.005262 0.020015 -0.154020 110.089996
59.799065 58.206299 1.050797 -0.005083 0.020050 -0.153919 110.190002
59.996815 58.175701 1.050797 -0.004469 0.019701 -0.153839 110.290001
60.194595 58.145279 1.050797 -0.003588 0.019705 -0.153776 110.389999
60.392376 58.114956 1.050797 -0.002816 0.019364 -0.153723 110.489998
60.590130 58.084667 1.050797 -0.002016 0.019954 -0.153679 110.589996
60.787884 58.054302 1.050797 -0.001655 0.019734 -0.153644 110.690002
60.985638 58.023842 1.050797 -0.001583 0.019738 -0.153615 110.790001
61.193279 57.991760 1.050797 -0.001812 0.019333 -0.153593 110.894997
61.390972 57.961140 1.050797 -0.002039 0.019801 -0.153574 110.995003
61.598724 57.930687 1.050797 -0.021594 0.019105 -0.107437 111.099998
61.806656 57.902439 1.050797 0.007828 0.020163 -0.114238 111.205002
62.014679 57.875340 1.050797 -0.011689 0.019886 -0.073451 111.309998
62.272438 57.843491 1.050797 0.003899 0.020926 -0.081284 111.440002
62.480679 57.817295 1.050797 -0.003452 0.021229 -0.086230 111.544998
62.689053 57.791595 1.050797 -0.066637 0.020113 -0.048353 111.650002
62.897697 57.769791 1.050797 -0.021262 0.020929 -0.052718 111.754997
63.106567 57.750416 1.050797 -0.018420 0.021766 -0.056324 111.860001
63.315689 57.732941 1.050797 -0.018412 0.020863 -0.059233 111.964996
63.524990 57.717369 1.050797 -0.055705 0.019277 -0.034717 112.070000
63.734341 57.706860 1.050797 -0.029313 0.021030 -0.000079 112.175003
63.953724 57.699703 1.050797 -0.014966 0.022321 -0.002554 112.285004
64.163338 57.694611 1.050797 -0.013920 0.021908 -0.004442 112.389999
64.373085 57.690998 1.050797 -0.012128 0.020927 -0.005951 112.495003
64.582970 57.688656 1.050797 -0.008387 0.021152 -0.007177 112.599998
64.792854 57.687187 1.050797 -0.003964 0.019838 -0.008153 112.705002
65.002739 57.686108 1.050797 0.000325 0.020163 -0.008941 112.809998
65.212624 57.684967 1.050797 0.003361 0.020284 -0.009572 112.915001
65.442497 57.683266 1.050797 0.004756 0.020726 -0.010118 113.029999
65.652382 57.681164 1.050797 0.004390 0.020787 -0.010515 113.135002
65.862267 57.678570 1.050797 0.003054 0.020538 -0.010831 113.239998
66.072151 57.675632 1.050797 0.001361 0.020458 -0.011091 113.345001
66.282036 57.672531 1.050797 -0.000238 0.020196 -0.011298 113.449997
66.491920 57.669445 1.050797 -0.001479 0.019959 -0.011462 113.555000
66.701805 57.666500 1.050797 -0.002040 0.020730 -0.011596 113.660004
66.911690 57.663750 1.050797 -0.002036 0.020083 -0.011700 113.764999
67.121574 57.661190 1.050797 -0.001537 0.020741 -0.011785 113.870003
67.331459 57.658760 1.050797 -0.000924 0.020528 -0.011853 113.974998
67.541405 57.656418 1.050797 -0.000295 0.020977 -0.011906 114.080002
67.751450 57.654091 1.050797 0.000191 0.020412 -0.011951 114.184998
67.951462 57.651802 1.050797 0.000395 0.019893 -0.011985 114.285004
68.161346 57.649342 1.050797 0.000412 0.020034 -0.012015 114.389999
68.411209 57.646324 1.050797 0.000234 0.020641 -0.012040 114.514999
68.641083 57.643501 1.050797 0.000009 0.020100 -0.012062 114.629997
68.850967 57.640858 1.050797 -0.000230 0.019997 -0.012074 114.735001
69.060852 57.638214 1.050797 -0.000435 0.020907 -0.012084 114.839996
69.270737 57.635628 1.050797 -0.000535 0.020637 -0.012094 114.945000
69.480621 57.633064 1.050797 -0.000473 0.021125 -0.012104 115.050003
69.690544 57.630501 1.050797 -0.000415 0.020755 -0.012110 115.154999
69.890587 57.628090 1.050797 -0.000379 0.020397 -0.012110 115.254997
70.100479 57.625607 1.050797 -0.000237 0.020690 -0.012110 115.360001
70.310364 57.623123 1.050797 -0.000112 0.020649 -0.012110 115.464996
70.520248 57.620575 1.050797 -0.000079 0.019781 -0.012110 115.570000
70.740082 57.616997 1.050797 0.032413 0.019671 -0.055085 115.680000
70.949806 57.610844 1.050797 -0.006865 0.020432 -0.048939 115.785004
71.159531 57.605145 1.050797 -0.011810 0.020498 -0.044044 115.889999
71.369148 57.598488 1.050797 0.070531 0.021279 -0.129474 115.995003
71.578262 57.586533 1.050797 0.000680 0.021247 -0.128080 116.099998
71.817230 57.571854 1.050797 0.003336 0.022444 -0.120685 116.220001
72.046402 57.556957 1.050797 0.014328 0.021464 -0.115098 116.334999
72.255608 57.541512 1.050797 0.019540 0.020602 -0.111050 116.440002
72.464622 57.523560 1.050797 0.072965 0.020832 -0.146080 116.544998
72.672592 57.498386 1.050797 0.043507 0.021416 -0.203568 116.650002
72.879761 57.467846 1.050797 0.004520 0.021657 -0.196032 116.754997
73.086922 57.436176 1.050797 0.003010 0.021499 -0.189999 116.860001
73.294083 57.403751 1.050797 0.005049 0.020515 -0.185126 116.964996
73.501244 57.370441 1.050797 0.005489 0.020919 -0.181224 117.070000
73.708405 57.336216 1.050797 0.004036 0.019788 -0.178071 117.175003
73.915451 57.301266 1.050797 0.001202 0.020126 -0.174123 117.279999
74.132309 57.264187 1.050797 -0.001892 0.020200 -0.171690 117.389999
74.329453 57.230389 1.050797 -0.004198 0.019425 -0.170030 117.489998
74.536453 57.195042 1.050797 -0.005610 0.019640 -0.168748 117.595001
74.733673 57.161667 1.050797 -0.006010 0.019585 -0.167873 117.695000
74.940453 57.125336 1.050797 0.075618 0.018899 -0.255788 117.800003
75.145164 57.081329 1.050797 0.086028 0.022151 -0.350298 117.904999
75.346878 57.027882 1.050797 0.089197 0.026347 -0.436755 118.010002
75.584198 56.955036 1.050797 0.016484 0.026567 -0.417335 118.135002
75.783226 56.890480 1.050797 0.030084 0.026122 -0.409362 118.239998
75.981514 56.822002 1.050797 0.040210 0.023914 -0.403041 118.345001
76.169182 56.752438 1.050797 0.038361 0.021514 -0.398136 118.445000
76.355614 56.678944 1.050797 0.029278 0.018964 -0.394176 118.544998
76.541023 56.602539 1.050797 0.014814 0.017547 -0.391007 118.644997
76.725815 56.524548 1.050797 -0.000081 0.018065 -0.388403 118.745003
76.910545 56.446266 1.050797 -0.012064 0.017904 -0.386312 118.845001
77.095528 56.368786 1.050797 -0.018453 -0.002007 -0.384613 118.945000
77.287498 56.289982 1.050797 -0.018922 -0.066831 -0.383165 119.050003
77.479774 56.212803 1.050797 -0.014133 -0.120525 -0.381966 119.160004
77.680634 56.133808 1.050797 -0.007445 -0.147066 -0.380896 119.285004
77.893852 56.055470 1.050797 -0.078689 0.101117 -0.285340 119.430000
78.091454 55.996300 1.050797 -0.051266 0.158277 -0.198210 119.555000
78.292366 55.944664 1.050797 -0.036397 0.101149 -0.116492 119.669998
78.504639 55.896172 1.050797 -0.003303 0.061509 -0.061630 119.785004
78.713142 55.850124 1.050797 0.008070 0.044372 -0.075679 119.894997
78.915047 55.805283 1.050797 -0.028176 0.037209 -0.086423 120.000000
79.118568 55.761696 1.050797 0.019241 -0.008443 -0.189752 120.105003
79.318855 55.718754 1.050797 -0.044816 -0.066147 -0.196386 120.209999
79.519814 55.680031 1.050797 -0.079657 -0.048553 -0.172216 120.320000
79.753403 55.647091 1.050797 -0.083052 0.082788 -0.072916 120.449997
79.959183 55.630035 1.050797 -0.077541 0.071191 0.022520 120.559998
80.161194 55.622467 1.050797 -0.064567 0.053048 0.104937 120.665001
80.366158 55.621849 1.050797 -0.003465 0.040359 0.122652 120.769997
80.583069 55.623131 1.050797 -0.009672 0.032927 0.114378 120.879997
80.791451 55.626007 1.050797 -0.034322 0.029615 0.108036 120.985001
81.020340 55.633781 1.050797 -0.046803 0.026144 0.102542 121.099998
81.229424 55.646347 1.050797 -0.045475 0.022456 0.098500 121.205002
81.438309 55.663864 1.050797 -0.033118 0.020971 0.095254 121.309998
81.676773 55.688084 1.050797 -0.010069 0.021459 0.092381 121.430000
81.885399 55.710724 1.050797 0.004383 0.020741 0.090364 121.535004
82.094170 55.733021 1.050797 0.015134 0.020941 0.088757 121.639999
82.303123 55.753887 1.050797 0.019439 0.020332 0.087455 121.745003
82.512253 55.772861 1.050797 0.018352 0.020400 0.086414 121.849998
82.711578 55.789295 1.050797 0.014323 0.020226 0.085620 121.949997
82.911011 55.804546 1.050797 0.008850 0.019798 0.084972 122.050003
83.120415 55.819874 1.050797 0.002639 0.020130 0.084423 122.154999
83.329819 55.835144 1.050797 -0.002004 0.019732 0.083985 122.260002
83.539223 55.850811 1.050797 -0.004718 0.020546 0.083631 122.364998
83.748573 55.867146 1.050797 -0.005107 0.020220 0.083347 122.470001
83.957817 55.884178 1.050797 -0.003713 0.020339 0.083121 122.574997
84.206917 55.905163 1.050797 -0.001011 0.020586 0.082906 122.699997
84.406197 55.922245 1.050797 0.000961 0.019398 0.082769 122.800003
84.605476 55.939384 1.050797 0.002775 0.020583 0.082660 122.900002
84.804756 55.956398 1.050797 0.003824 0.020475 0.082572 123.000000
85.013237 55.975845 1.050797 -0.091854 -0.080611 0.226181 123.105003
85.235832 56.006836 1.050797 -0.139322 -0.118212 0.432216 123.224998
85.441498 56.051701 1.050797 -0.164523 -0.038223 0.601491 123.349998
85.633369 56.116989 1.050797 -0.148966 0.018463 0.719454 123.480003
85.848625 56.224541 1.050797 -0.118390 0.038383 0.791334 123.639999
86.034485 56.350143 1.062076 -0.097222 0.034389 0.862561 123.790001
86.196991 56.483982 1.072951 -0.040352 0.023045 0.817909 123.930000
86.349632 56.620499 1.073198 -0.031505 0.014437 0.794499 124.065002
86.498016 56.762730 1.073399 -0.080377 0.012170 0.875762 124.199997
86.636139 56.914093 1.073528 -0.029412 -0.047903 0.901900 124.334999
86.767464 57.067619 1.073528 0.010068 -0.253136 0.750052 124.480003
86.894531 57.224644 1.073528 0.050434 -0.173317 0.535370 124.684998
87.014610 57.391479 1.073528 0.049674 -0.047948 0.100770 125.099998
87.129608 57.221260 1.073528 -0.029256 0.181661 -1.439271 126.949997
87.167847 57.024437 1.073528 -0.035681 0.075281 -1.499552 127.099998
87.211151 56.827370 1.073528 0.006984 0.039699 -1.565296 127.239998
87.255501 56.609840 1.073528 0.051847 0.031377 -1.636097 127.389999
87.289444 56.373631 1.073528 0.083773 0.033606 -1.712544 127.550003
87.302231 56.157234 1.073528 0.054133 0.030722 -1.732937 127.695000
87.301979 55.946548 1.073528 0.053011 0.024005 -1.717802 127.834999
87.291252 55.738911 1.073528 0.046627 0.173771 -1.706810 127.971001
87.271759 55.535030 1.073528 0.035743 0.140873 -1.699347 128.089996
87.247246 55.333344 1.073528 0.020054 0.088657 -1.693937 128.199997
87.220627 55.133259 1.073528 0.000375 0.055513 -1.689862 128.304993
87.192085 54.919460 1.073528 -0.015448 0.037222 -1.686468 128.414993
87.163689 54.693485 1.073528 -0.022832 0.028217 -1.683634 128.529999
87.138847 54.476006 1.073528 -0.022239 0.024278 -1.681505 128.639999
87.117271 54.267689 1.073528 -0.017758 0.021817 -1.679870 128.744995
87.097305 54.058990 1.073528 -0.010283 0.021379 -1.678546 128.850006
87.078156 53.850082 1.073528 -0.002594 0.020915 -1.677491 128.955002
87.059036 53.641079 1.073528 0.002996 0.021033 -1.676647 129.059998
87.039375 53.432076 1.073528 0.005758 0.020293 -1.675972 129.164993
87.018906 53.223110 1.073528 0.005884 0.020087 -1.675425 129.270004
86.997612 53.014248 1.073528 0.004149 0.019952 -1.674995 129.375000
86.972534 52.775650 1.073528 0.001114 0.019832 -1.674597 129.494995
86.950226 52.566959 1.073528 -0.001492 0.020057 -1.674321 129.600006
86.927887 52.358231 1.073528 -0.003656 0.020107 -1.674105 129.705002
86.905731 52.149452 1.073528 -0.004642 0.020678 -1.673930 129.809998
86.883873 51.940609 1.073528 -0.004784 0.020062 -1.673788 129.914993
86.861229 51.691856 1.073528 -0.045146 0.019829 -1.591499 130.039993
86.847321 51.482784 1.073528 -0.007239 0.021130 -1.595883 130.145004
86.834389 51.273579 1.073528 -0.007307 0.021409 -1.599543 130.250000
86.822243 51.064236 1.073528 -0.011272 0.021647 -1.602474 130.354996
86.811249 50.854736 1.073528 -0.012393 0.021188 -1.604823 130.460007
86.801506 50.645123 1.073528 -0.010552 0.020932 -1.606719 130.565002
86.792786 50.435417 1.073528 -0.007079 0.020741 -1.608251 130.669998
86.784737 50.225681 1.073528 -0.002796 0.020636 -1.609477 130.774994
86.775764 49.985905 1.073528 0.001114 0.020136 -1.610579 130.895004
86.767723 49.776173 1.073528 0.003090 0.020107 -1.611350 131.000000
86.759270 49.566448 1.073528 0.003637 0.020885 -1.611961 131.104996
86.750343 49.356724 1.073528 0.002988 0.020480 -1.612455 131.210007
86.741013 49.146999 1.073528 0.001728 0.019852 -1.612854 131.315002
86.731430 48.937275 1.073528 0.000033 0.019894 -1.613168 131.419998
86.721817 48.727604 1.073528 -0.001327 0.020010 -1.613420 131.524994
86.711746 48.507977 1.073528 -0.002178 0.020415 -1.613632 131.634995
86.702278 48.298332 1.073528 -0.002511 0.020284 -1.613795 131.740005
86.694839 48.088718 1.073528 -0.082246 0.019187 -1.522452 131.845001
86.695824 47.879593 1.073528 -0.091872 0.023124 -1.427712 131.949997
86.706825 47.671516 1.073528 -0.043117 0.026878 -1.376494 132.054993
86.723694 47.463749 1.073528 -0.022449 0.028445 -1.383924 132.160004
86.743820 47.255665 1.073528 -0.035583 0.026917 -1.389862 132.264999
86.768250 47.047615 1.073528 -0.042262 0.024032 -1.394622 132.369995
86.797462 46.839958 1.073528 -0.005386 0.020743 -1.419373 132.475006
86.830704 46.602715 1.073528 0.065051 0.018856 -1.543156 132.595001
86.854279 46.394981 1.073528 0.002248 0.021733 -1.555192 132.699997
86.876915 46.187038 1.073528 0.010577 0.023668 -1.548249 132.804993
86.898239 45.978657 1.073528 0.029636 0.024238 -1.542728 132.910004
86.918709 45.739899 1.073528 0.038827 0.022014 -1.537729 133.029999
86.932350 45.530621 1.073528 0.035799 0.020883 -1.534250 133.134995
86.942322 45.321125 1.073528 0.025463 0.020325 -1.531456 133.240005
86.949615 45.111515 1.073528 0.061916 0.019748 -1.566116 133.345001
86.950615 44.902020 1.073528 0.088037 0.021473 -1.664398 133.449997
86.942192 44.693230 1.073528 0.083531 0.024370 -1.754628 133.554993
86.927086 44.485104 1.073528 -0.000100 0.023936 -1.743227 133.660004
86.910919 44.276691 1.073528 0.007078 0.024839 -1.734050 133.764999
86.893440 44.067982 1.073528 0.021926 0.024595 -1.726675 133.869995
86.872177 43.849308 1.073528 0.028986 0.022579 -1.720579 133.979996
86.847252 43.630890 1.073528 0.026201 0.021060 -1.715710 134.089996
86.820312 43.422707 1.073528 0.016974 0.020792 -1.711996 134.195007
86.792747 43.224606 1.073528 0.006441 0.019995 -1.709156 134.294998
86.764343 43.026581 1.073528 -0.002858 0.020259 -1.706837 134.395004
86.736015 42.828522 1.073528 -0.009748 0.019729 -1.704955 134.494995
86.708389 42.630363 1.073528 -0.013325 0.019981 -1.703421 134.595001
86.681839 42.432091 1.073528 -0.013820 0.019309 -1.702178 134.695007
86.656380 42.233707 1.073528 -0.011411 0.020091 -1.701168 134.794998
86.631783 42.035194 1.073528 -0.007582 0.020261 -1.700363 134.895004
86.607666 41.836575 1.073528 -0.003857 0.020157 -1.699708 134.994995
86.583710 41.637905 1.073528 -0.000907 0.019875 -1.699173 135.095001
86.559608 41.439308 1.073528 0.001086 0.019561 -1.698738 135.195007
86.535194 41.240795 1.073528 0.001906 0.019992 -1.698386 135.294998
86.511490 41.032249 1.073528 -0.078446 0.019439 -1.600802 135.399994
86.490799 40.783710 1.073528 0.000198 0.021115 -1.594666 135.524994
86.474152 40.574829 1.073528 -0.000462 0.021978 -1.600844 135.630005
86.456825 40.355812 1.073528 -0.009788 0.021575 -1.606028 135.740005
86.441292 40.146561 1.073528 -0.015775 0.021881 -1.610000 135.845001
86.427361 39.937103 1.073528 -0.017279 0.020641 -1.613168 135.949997
86.415138 39.727524 1.073528 -0.014291 0.020716 -1.615712 136.054993
86.404327 39.517849 1.073528 -0.008787 0.020816 -1.617759 136.160004
86.394760 39.308125 1.073528 -0.067377 0.018740 -1.566407 136.264999
86.388992 39.098412 1.073528 -0.004928 0.021210 -1.571125 136.369995
86.383759 38.878696 1.073528 0.003288 0.020588 -1.575114 136.479996
86.378220 38.658905 1.073528 0.001029 0.020724 -1.578267 136.589996
86.372520 38.439106 1.073528 -0.001899 0.020616 -1.580810 136.699997
86.367294 38.229221 1.073528 -0.003764 0.020608 -1.582761 136.804993
86.362000 37.999321 1.073528 -0.004378 0.020432 -1.584441 136.919998
86.359337 37.769497 1.073528 -0.054579 0.019896 -1.508309 137.035004
86.362175 37.559967 1.073528 -0.009392 0.021923 -1.512568 137.139999
86.366409 37.350368 1.073528 -0.007514 0.020847 -1.516331 137.244995
86.371643 37.140724 1.073528 -0.010686 0.021399 -1.519367 137.350006
86.378120 36.931080 1.073528 -0.011464 0.020481 -1.521802 137.455002
86.385902 36.721436 1.073528 -0.009359 0.020047 -1.523757 137.559998
86.394722 36.511791 1.073528 -0.004877 0.020713 -1.525330 137.664993
86.404152 36.302147 1.073528 -0.000460 0.020776 -1.526584 137.770004
86.414642 36.072536 1.073528 0.003146 0.020455 -1.527678 137.884995
86.423950 35.862892 1.073528 0.005049 0.020612 -1.528477 137.990005
86.432808 35.653233 1.073528 0.005400 0.020430 -1.529118 138.095001
86.441185 35.443508 1.073528 0.004576 0.020421 -1.529630 138.199997
86.449158 35.233784 1.073528 0.003028 0.020338 -1.530042 138.304993
86.456894 35.024059 1.073528 0.001451 0.020805 -1.530376 138.410004
86.465683 34.784363 1.073528 -0.000093 0.020742 -1.530675 138.529999
86.473457 34.574574 1.073528 -0.000816 0.020532 -1.530882 138.634995
86.481407 34.364769 1.073528 -0.000958 0.019868 -1.531050 138.740005
86.489540 34.155006 1.073528 -0.000655 0.019499 -1.531180 138.845001
86.497826 33.945305 1.073528 -0.000105 0.020178 -1.531287 138.949997
86.506157 33.735619 1.073528 0.000535 0.020567 -1.531372 139.054993
86.514488 33.525894 1.073528 0.000925 0.019932 -1.531442 139.160004
86.522820 33.316170 1.073528 0.001169 0.020417 -1.531496 139.264999
86.531151 33.106445 1.073528 0.001298 0.020247 -1.531543 139.369995
86.539864 32.886734 1.073528 0.001352 0.020436 -1.531581 139.479996
86.548424 32.667023 1.073528 0.001199 0.020400 -1.531611 139.589996
86.556595 32.457298 1.073528 0.000995 0.020125 -1.531631 139.695007
86.564766 32.247574 1.073528 0.000814 0.020608 -1.531651 139.800003
86.572937 32.037849 1.073528 0.000740 0.020352 -1.531662 139.904999
86.582275 31.798138 1.073528 0.000674 0.020450 -1.531673 140.024994
86.590446 31.588373 1.073528 0.000663 0.020173 -1.531683 140.130005
86.598618 31.378609 1.073528 0.000647 0.020192 -1.531693 140.235001
86.606789 31.168844 1.073528 0.000622 0.020520 -1.531703 140.339996
86.614960 30.959080 1.073528 0.000635 0.020037 -1.531705 140.445007
86.623131 30.749323 1.073528 0.000642 0.019831 -1.531705 140.550003
86.631302 30.539598 1.073528 0.000636 0.019936 -1.531705 140.654999
86.639473 30.329891 1.073528 0.000604 0.020952 -1.531705 140.759995
86.647682 30.120161 1.073528 0.000634 0.020194 -1.531705 140.865005
86.656807 29.890430 1.073528 0.000846 0.020800 -1.531705 140.979996
86.665459 29.670637 1.073528 0.001058 0.020310 -1.531705 141.089996
86.673630 29.460855 1.073528 0.000975 0.020123 -1.531705 141.195007
86.681801 29.251091 1.073528 0.000817 0.020502 -1.531705 141.300003
86.689972 29.041290 1.073528 0.000727 0.020428 -1.531705 141.404999
86.698143 28.831501 1.073528 0.000683 0.020420 -1.531705 141.509995
86.707870 28.581781 1.073528 0.000663 0.019984 -1.531705 141.634995
86.716042 28.372057 1.073528 0.000652 0.019870 -1.531705 141.740005
86.724213 28.162361 1.073528 0.000612 0.020979 -1.531705 141.845001
86.732384 27.952637 1.073528 0.000641 0.019805 -1.531705 141.949997
86.740707 27.742912 1.073528 0.000738 0.020699 -1.531705 142.054993
86.749031 27.533150 1.073528 0.000992 0.020644 -1.531705 142.160004
86.757202 27.323385 1.073528 0.001021 0.020532 -1.531705 142.264999
86.765373 27.113585 1.073528 0.000895 0.020317 -1.531705 142.369995
86.773544 26.903788 1.073528 0.000789 0.019975 -1.531705 142.475006
86.781715 26.694042 1.073528 0.000718 0.019940 -1.531705 142.580002
86.789886 26.484318 1.073528 0.000653 0.020718 -1.531705 142.684998
86.798058 26.274593 1.073528 0.000639 0.020577 -1.531705 142.789993
86.806229 26.064854 1.073528 0.000634 0.020418 -1.531705 142.895004
86.814400 25.855129 1.073528 0.000620 0.020772 -1.531705 143.000000
86.823418 25.625389 1.073528 0.000639 0.020860 -1.531705 143.115005
86.832146 25.405636 1.073528 0.000900 0.020166 -1.531705 143.225006
86.840759 25.185883 1.073528 0.001021 0.020767 -1.531705 143.335007
86.848930 24.976070 1.073528 0.000926 0.020436 -1.531705 143.440002
86.857491 24.756233 1.073528 0.000792 0.020306 -1.531705 143.550003
86.865662 24.546396 1.073528 0.000731 0.019753 -1.531705 143.654999
86.873833 24.336605 1.073528 0.000650 0.020731 -1.531705 143.759995
86.882004 24.126801 1.073528 0.000633 0.020574 -1.531705 143.865005
86.890175 23.916996 1.073528 0.000629 0.020376 -1.531705 143.970001
86.899162 23.687210 1.073528 0.000623 0.020476 -1.531705 144.085007
86.907494 23.477406 1.073528 0.000826 0.020413 -1.531705 144.190002
86.916916 23.237656 1.073528 0.026981 0.020398 -1.546598 144.309998
86.921448 22.998001 1.073528 0.082612 0.021104 -1.658741 144.429993
86.917473 22.788788 1.073528 0.044706 0.023496 -1.692299 144.535004
86.910095 22.579704 1.073528 -0.009159 0.021655 -1.686654 144.639999
86.902908 22.370386 1.073528 -0.009502 0.021622 -1.674661 144.744995
86.896309 22.160837 1.073528 0.002110 0.022198 -1.665077 144.850006
86.889221 21.951141 1.073528 0.010565 0.021181 -1.657342 144.955002
86.880791 21.741432 1.073528 0.014316 0.021466 -1.651172 145.059998
86.870132 21.521769 1.073528 0.013024 0.020720 -1.646040 145.169998
86.857216 21.292187 1.073528 0.008165 0.020590 -1.641757 145.285004
86.842979 21.082743 1.073528 0.079051 0.020540 -1.715556 145.389999
86.820892 20.874407 1.073528 0.028768 0.021338 -1.767615 145.494995
86.793625 20.666895 1.073528 0.011382 0.022078 -1.794551 145.600006
86.764427 20.459547 1.073528 -0.005104 0.021662 -1.784497 145.705002
86.735168 20.252010 1.073528 0.005567 0.021642 -1.776416 145.809998
86.703392 20.034601 1.073528 0.016045 0.022034 -1.769632 145.919998
86.669327 19.817385 1.073528 0.019294 0.021170 -1.764317 146.029999
86.634384 19.610329 1.073528 0.016092 0.020439 -1.760225 146.134995
86.597443 19.403559 1.073528 0.009055 0.020319 -1.756938 146.240005
86.561081 19.206785 1.073528 0.001680 0.019688 -1.754413 146.339996
86.521118 19.003405 1.073528 0.100060 -0.132900 -1.936609 146.445007
86.473251 18.809072 1.073528 0.155936 -0.106361 -2.125836 146.554993
86.406471 18.614283 1.073528 0.178430 -0.021726 -2.299006 146.679993
86.294197 18.397408 1.073528 0.146363 0.035482 -2.456715 146.839996
86.164001 18.215139 1.073528 0.061349 0.034223 -2.432625 146.990005
86.009666 18.029373 1.073528 0.055112 0.021522 -2.407559 147.149994
85.864861 17.873407 1.073528 0.039908 0.014335 -2.391532 147.289993
85.719437 17.727581 1.073528 0.021968 0.009980 -2.379945 147.425003
85.571198 17.584202 1.073528 0.004027 0.009032 -2.371194 147.559998
85.422432 17.441164 1.073528 -0.008142 0.008596 -2.364640 147.695007
85.270195 17.291014 1.096018 -0.053974 0.005655 -2.273220 147.835007
85.129913 17.140919 1.101309 -0.053393 0.011095 -2.213819 147.970001
84.997841 16.984186 1.118234 -0.038632 0.012546 -2.128114 148.104996
84.872688 16.822008 1.120865 -0.075174 0.018251 -2.044075 148.240005
84.754875 16.651926 1.120842 -0.032186 -0.208760 -2.139648 148.380005
84.644585 16.480524 1.120842 0.022109 -0.222028 -2.322912 148.554993
84.543205 16.307064 1.120842 0.051093 -0.104124 -2.626594 148.845001
84.462662 16.123598 1.120842 0.004242 0.002897 2.242895 150.195007
84.387550 16.314480 1.120842 0.024378 0.253185 1.845334 150.759995
84.321999 16.529785 1.120842 -0.000995 0.106434 1.739767 150.940002
84.263092 16.734896 1.120842 0.003498 0.049559 1.740744 151.089996
84.205376 16.942009 1.120842 0.033396 0.029321 1.741499 151.235001
84.157082 17.139349 1.120842 0.060827 0.039624 1.712720 151.369995
84.115273 17.366005 1.120842 0.039010 0.170379 1.693866 151.514999
84.088097 17.568068 1.120842 0.059245 0.116377 1.633824 151.630005
84.069122 17.773933 1.120842 0.024267 0.073525 1.590037 151.740005
84.053925 17.976589 1.120842 -0.006745 0.048465 1.597047 151.845001
84.038193 18.182379 1.120842 0.000292 0.036533 1.602759 151.949997
84.022453 18.389933 1.120842 0.009272 0.028604 1.607334 152.054993
84.007210 18.598324 1.120842 -0.044468 0.003416 1.665524 152.160004
83.988052 18.803951 1.120842 -0.045485 -0.046270 1.757077 152.264999
83.963783 19.024412 1.120842 0.032778 0.038145 1.708243 152.380005
83.943497 19.227688 1.120842 -0.006542 0.042470 1.705964 152.485001
83.921005 19.443090 1.120842 -0.018045 0.034141 1.704063 152.595001
83.897156 19.650019 1.120842 -0.018305 0.027422 1.702615 152.699997
83.871017 19.857471 1.120842 -0.014128 0.023045 1.701447 152.804993
83.843147 20.065092 1.120842 -0.005619 0.022592 1.700509 152.910004
83.805298 20.321850 1.120842 0.026772 0.018623 1.686346 153.039993
83.774940 20.535343 1.120842 0.000350 -0.180812 1.785424 153.149994
83.747543 20.739843 1.120842 -0.044029 -0.321889 1.911089 153.270004
83.724403 20.942238 1.120842 -0.076684 -0.234633 2.078640 153.429993
83.708992 21.148113 1.120842 -0.079634 -0.106312 2.356143 153.695007
83.711487 21.348459 1.120842 -0.023802 0.000299 3.141530 154.445007
83.681602 21.149292 1.120842 -0.010852 0.222773 -1.622781 155.860001
83.654732 20.937334 1.120842 -0.059521 0.097952 -1.577615 156.024994
83.643700 20.737301 1.120842 -0.083923 0.048167 -1.549686 156.164993
83.650017 20.507961 1.120842 -0.073189 0.022935 -1.527120 156.320007
83.669662 20.306000 1.120842 -0.063229 0.096776 -1.512523 156.455002
83.700562 20.089046 1.120842 -0.028434 0.158937 -1.501610 156.589996
83.732521 19.884592 1.120842 0.005227 0.107270 -1.494379 156.705002
83.766167 19.658827 1.120842 0.027719 0.064838 -1.488499 156.824997
83.793144 19.455498 1.120842 0.034228 0.043264 -1.484446 156.929993
83.816872 19.249277 1.120842 0.031096 0.031355 -1.481199 157.035004
83.837517 19.041494 1.120842 0.066534 0.025813 -1.507456 157.139999
83.853966 18.822807 1.120842 0.009387 0.022610 -1.514097 157.250000
83.868660 18.613731 1.120842 -0.066154 0.019312 -1.465510 157.354996
83.889336 18.405350 1.120842 -0.032753 0.022007 -1.419899 157.460007
83.914345 18.197416 1.120842 -0.009499 0.022368 -1.422390 157.565002
83.940819 17.989439 1.120842 -0.007653 0.021388 -1.424399 157.669998
83.968391 17.781483 1.120842 -0.007261 0.020871 -1.426013 157.774994
84.001183 17.543888 1.120842 -0.004796 0.019984 -1.427467 157.895004
84.030708 17.336081 1.120842 -0.001597 0.019875 -1.428481 158.000000
84.060631 17.128319 1.120842 0.001899 0.019565 -1.429283 158.104996
84.094872 16.890860 1.120842 0.004685 0.019698 -1.430013 158.225006
84.124588 16.683058 1.120842 0.005875 0.020058 -1.430517 158.330002
84.153931 16.475201 1.120842 0.005887 0.020277 -1.430921 158.434998
84.182915 16.267284 1.120842 0.005205 0.019688 -1.431246 158.539993
84.211617 16.059332 1.120842 0.003831 0.020504 -1.431507 158.645004
84.240135 15.851339 1.120842 0.002568 0.020097 -1.431714 158.750000
84.268654 15.643330 1.120842 0.001587 0.019987 -1.431885 158.854996
84.297279 15.435337 1.120842 0.001082 0.019851 -1.432021 158.960007
84.326027 15.227386 1.120842 0.001006 0.020035 -1.432127 159.065002
84.354912 15.019473 1.120842 0.001308 0.019675 -1.432213 159.169998
84.388054 14.781894 1.120842 0.001853 0.019966 -1.432293 159.289993
84.417107 14.573998 1.120842 0.002211 0.020272 -1.432349 159.395004
84.446266 14.366053 1.120842 0.002725 0.019798 -1.432394 159.500000
84.475288 14.158091 1.120842 0.003018 0.019387 -1.432429 159.604996
84.504288 13.950132 1.120842 0.002942 0.019681 -1.432459 159.710007
84.536018 13.722348 1.120842 0.002803 0.020075 -1.432481 159.824997
84.566231 13.504463 1.120842 0.002621 0.019521 -1.432500 159.934998
84.595070 13.296494 1.120842 0.002224 0.020427 -1.432510 160.039993
84.623909 13.088491 1.120842 0.002080 0.020345 -1.432520 160.145004
84.652771 12.880497 1.120842 0.002023 0.019916 -1.432530 160.250000
84.681770 12.672523 1.120842 0.002113 0.020010 -1.432540 160.354996
84.710770 12.464540 1.120842 0.002311 0.020223 -1.432546 160.460007
84.738388 12.266442 1.120842 0.002511 0.019727 -1.432546 160.559998
84.767387 12.058459 1.120842 0.002569 0.020044 -1.432547 160.664993
84.797768 11.840569 1.120842 0.002601 0.020211 -1.432547 160.774994
84.829361 11.612758 1.120842 0.002547 0.019534 -1.432547 160.889999
84.858200 11.404773 1.120842 0.002266 0.020019 -1.432547 160.994995
84.887039 11.196799 1.120842 0.002091 0.020109 -1.432547 161.100006
84.915977 10.988820 1.120842 0.002078 0.019854 -1.432547 161.205002
84.944626 10.780795 1.120842 0.024084 0.019860 -1.458109 161.309998
84.975327 10.542844 1.120842 0.009404 0.020143 -1.460240 161.429993
85.001198 10.334527 1.120842 0.014395 0.020704 -1.461722 161.535004
85.025520 10.125997 1.120842 0.071807 0.018605 -1.502947 161.639999
85.042946 9.917204 1.120842 0.055923 0.020754 -1.573677 161.744995
85.054306 9.708306 1.120842 0.010205 0.022759 -1.566682 161.850006
85.064331 9.499161 1.120842 0.007468 0.022384 -1.561107 161.955002
85.073509 9.289789 1.120842 0.009829 0.021474 -1.556620 162.059998
85.081673 9.080275 1.120842 0.010212 0.021528 -1.553030 162.164993
85.088768 8.870642 1.120842 0.008506 0.020571 -1.550150 162.270004
85.094666 8.631057 1.120842 0.082357 0.019721 -1.625073 162.389999
85.091263 8.421964 1.120842 0.096957 0.023856 -1.722338 162.494995
85.077560 8.213979 1.120842 0.035696 0.026360 -1.765299 162.600006
85.058762 8.006225 1.120842 0.015603 0.027147 -1.755439 162.705002
85.037605 7.798122 1.120842 0.023191 0.025013 -1.747492 162.809998
85.009804 7.560231 1.120842 0.028513 0.023524 -1.740365 162.929993
84.981827 7.352275 1.120842 0.024811 0.021912 -1.735412 163.035004
84.947884 7.124825 1.120842 0.015789 0.020302 -1.731074 163.149994
84.916466 6.927283 1.120842 0.005080 0.020685 -1.728051 163.250000
84.884552 6.729767 1.120842 -0.054662 0.019067 -1.690044 163.350006
84.856300 6.521933 1.120842 -0.093983 0.020516 -1.589749 163.455002
84.838005 6.317099 1.120842 -0.089271 -0.128595 -1.475628 163.559998
84.828278 6.109738 1.120842 -0.106663 -0.095391 -1.387804 163.675003
84.830872 5.902601 1.120842 -0.115007 -0.034112 -1.310407 163.800003
84.851280 5.691815 1.120842 -0.112099 0.003211 -1.235781 163.934998
84.890495 5.489299 1.120842 -0.097517 0.017425 -1.167170 164.070007
84.953400 5.271035 1.120842 -0.038317 0.018238 -1.137369 164.220001
85.019440 5.077260 1.120842 -0.052518 0.016120 -1.122170 164.354996
85.092415 4.885602 1.120842 -0.021631 0.044074 -1.135533 164.490005
85.174210 4.685687 1.120842 -0.015470 0.168668 -1.141985 164.625000
85.254875 4.497741 1.120842 -0.012548 0.114830 -1.146201 164.740005
85.338768 4.307616 1.120842 -0.005829 0.071426 -1.149393 164.850006
85.422287 4.120896 1.120842 0.001599 0.045039 -1.151825 164.955002
85.507217 3.931422 1.120842 0.007556 0.031856 -1.153785 165.059998
85.592392 3.740329 1.120842 0.011437 0.024496 -1.155347 165.164993
85.693169 3.511505 1.120842 0.012279 0.020167 -1.156804 165.289993
85.773109 3.327742 1.120842 0.010730 0.018393 -1.157728 165.389999
85.852516 3.143595 1.120842 0.007939 0.017785 -1.158469 165.490005
85.931602 2.959245 1.120842 0.005227 0.017216 -1.159070 165.589996
86.010559 2.774808 1.120842 0.043288 0.015574 -1.187003 165.690002
86.086601 2.589409 1.120842 0.015605 0.017556 -1.216543 165.789993
86.160240 2.403158 1.120842 0.074333 0.019009 -1.280057 165.889999
86.230942 2.205543 1.120842 0.043748 0.020548 -1.342357 165.994995
86.297203 2.006595 1.120842 0.011517 0.021576 -1.333682 166.100006
86.361183 1.806759 1.120842 0.087675 0.023464 -1.403511 166.205002
86.418869 1.605488 1.120842 0.038629 -0.046549 -1.402566 166.309998
86.473427 1.403936 1.120842 0.055686 -0.266549 -1.517761 166.419998
86.527046 1.208144 1.120842 0.083918 -0.296107 -1.653901 166.550003
86.585464 1.014965 1.120842 0.097572 -0.181246 -1.847638 166.735001
86.653099 0.826250 1.120842 0.075541 -0.059333 -2.193224 167.065002
86.522102 0.670626 1.120842 0.032096 0.320474 -3.104383 168.345001
86.319679 0.667684 1.120842 -0.005937 0.257168 3.128637 168.494995
86.081581 0.663354 1.120842 -0.070912 0.133564 3.102762 168.634995
85.877106 0.653181 1.120842 -0.055783 0.077635 3.114175 168.744995
85.675011 0.638171 1.120842 0.037045 0.053862 3.087740 168.850006
85.469376 0.624961 1.120842 0.016564 0.038653 3.091606 168.955002
85.261772 0.614172 1.120842 0.025281 0.031529 3.102401 169.059998
85.053047 0.606320 1.120842 0.032941 0.027115 3.111132 169.164993
84.843719 0.602568 1.120842 0.096256 0.025292 3.067511 169.270004
84.634514 0.607677 1.120842 0.033588 0.024029 3.042167 169.375000
84.405403 0.618178 1.120842 -0.000174 0.021830 3.054317 169.490005
84.196022 0.628145 1.120842 -0.006173 0.021498 3.063144 169.595001
83.986473 0.637656 1.120842 -0.006901 0.020361 3.070229 169.699997
83.776848 0.646603 1.120842 -0.005442 0.020565 3.075925 169.804993
83.567123 0.655114 1.120842 -0.003319 0.020563 3.080469 169.910004
83.307465 0.665367 1.120842 -0.001010 0.020220 3.084906 170.039993
83.097740 0.673647 1.120842 0.000420 0.020496 3.087726 170.145004
82.888016 0.682087 1.120842 0.001179 0.020132 3.089967 170.250000
82.678291 0.690758 1.120842 0.001205 0.020574 3.091763 170.354996
82.468567 0.699658 1.120842 0.000677 0.020380 3.093174 170.460007
82.258842 0.708729 1.120842 -0.000074 0.020780 3.094312 170.565002
82.049118 0.717889 1.120842 -0.000756 0.020022 3.095241 170.669998
81.829407 0.727498 1.120842 -0.001368 0.020181 3.096015 170.779999
81.599869 0.737482 1.120842 -0.001693 0.019773 3.096663 170.895004
81.390305 0.746506 1.120842 -0.001714 0.020210 3.097132 171.000000
81.180740 0.755441 1.120842 -0.001509 0.020150 3.097506 171.104996
80.971176 0.764310 1.120842 -0.001231 0.020255 3.097808 171.210007
80.721695 0.774822 1.120842 -0.000844 0.020645 3.098092 171.335007
80.512093 0.783652 1.120842 -0.000592 0.021201 3.098277 171.440002
80.302368 0.792511 1.120842 -0.000496 0.020606 3.098422 171.544998
80.092644 0.801405 1.120842 -0.000501 0.020217 3.098539 171.649994
79.882919 0.810335 1.120842 -0.000548 0.020840 3.098628 171.755005
79.673195 0.819295 1.120842 -0.000680 0.020243 3.098701 171.860001
79.463470 0.828271 1.120842 -0.000785 0.020358 3.098758 171.964996
79.253746 0.837252 1.120842 -0.000874 0.020542 3.098805 172.070007
79.014061 0.847511 1.120842 -0.000995 0.019801 3.098849 172.190002
78.804337 0.856469 1.120842 -0.000977 0.020503 3.098878 172.294998
78.594612 0.865411 1.120842 -0.000963 0.020155 3.098901 172.399994
78.384888 0.874342 1.120842 -0.000911 0.020414 3.098919 172.505005
78.145203 0.884540 1.120842 -0.000856 0.019609 3.098933 172.625000
77.935478 0.893459 1.120842 -0.000802 0.020051 3.098943 172.729996
77.725754 0.902381 1.120842 -0.000746 0.020259 3.098949 172.835007
77.516029 0.911311 1.120842 -0.000738 0.020799 3.098954 172.940002
77.306305 0.920251 1.120842 -0.000765 0.019766 3.098959 173.044998
77.096634 0.929196 1.120842 -0.000775 0.020783 3.098964 173.149994
76.887329 0.937778 1.120842 -0.064430 -0.069661 -3.093071 173.255005
76.678856 0.941224 1.120842 -0.085565 -0.136650 -2.990487 173.365005
76.471825 0.935699 1.120842 -0.099562 -0.069440 -2.906390 173.485001
76.271820 0.917635 1.120842 -0.103133 -0.016915 -2.829457 173.610001
76.073654 0.883897 1.120842 -0.072661 0.007163 -2.776486 173.740005
75.858452 0.833023 1.120842 -0.035500 0.012910 -2.793643 173.884995
75.645706 0.774311 1.120842 -0.027543 0.012263 -2.806465 174.029999
75.449173 0.714336 1.120842 -0.016906 0.011259 -2.815391 174.164993
75.236549 0.645579 1.120842 -0.002662 0.158419 -2.822485 174.309998
75.043320 0.581971 1.120842 0.005821 0.143128 -2.826952 174.429993
74.851135 0.519136 1.120842 0.011794 0.091228 -2.830164 174.539993
74.658951 0.459951 1.120842 0.097484 0.056813 -2.933869 174.645004
74.460609 0.409435 1.120842 0.101982 0.043532 -3.029975 174.750000
74.258354 0.369451 1.120842 0.092839 0.038367 -3.114839 174.854996
74.053726 0.338040 1.120842 0.071142 0.035541 3.137234 174.960007
73.847420 0.312667 1.120842 0.031971 0.031483 -3.134938 175.065002
73.639832 0.291102 1.120842 0.039231 0.028472 -3.126202 175.169998
73.401451 0.271619 1.120842 0.041344 0.024389 -3.118270 175.289993
73.192238 0.259218 1.120842 0.033998 0.022145 -3.112701 175.395004
72.982719 0.250335 1.120842 0.020705 0.021310 -3.108245 175.500000
72.773010 0.243518 1.120842 0.006745 0.020321 -3.104672 175.604996
72.563286 0.237274 1.120842 -0.005610 0.021138 -3.101804 175.710007
72.333504 0.229631 1.120842 -0.012675 0.020605 -3.099297 175.824997
72.083832 0.219370 1.120842 -0.014267 0.019990 -3.097177 175.949997
71.874176 0.209020 1.120842 -0.011268 0.020319 -3.095779 176.054993
71.664612 0.197403 1.120842 -0.006658 0.019755 -3.094651 176.160004
71.455048 0.185035 1.120842 -0.000414 0.020838 -3.093759 176.264999
71.215546 0.172048 1.120842 0.038480 0.020199 3.137519 176.384995
71.006058 0.166117 1.120842 0.088033 0.021855 3.056960 176.490005
70.796944 0.167860 1.120842 0.018154 0.023902 3.046230 176.595001
70.587738 0.172375 1.120842 0.010395 0.023475 3.054302 176.699997
70.348351 0.179327 1.120842 0.016845 0.023046 3.061576 176.820007
70.118828 0.188405 1.120842 0.018698 0.021814 3.067016 176.934998
69.909264 0.198936 1.120842 0.015379 0.021027 3.070976 177.039993
69.699837 0.211093 1.120842 -0.041997 -0.039781 3.139748 177.145004
69.498268 0.219752 1.120842 -0.079119 -0.136568 -3.030361 177.250000
69.296150 0.220903 1.120842 -0.099569 -0.087083 -2.940468 177.365005
69.093224 0.209908 1.120842 -0.110864 -0.024864 -2.858213 177.490005
68.847588 0.175362 1.120842 -0.054635 0.006065 -2.840387 177.649994
68.630531 0.131278 1.120842 -0.041295 0.010908 -2.853325 177.794998
68.430824 0.082477 1.120842 -0.027747 0.011455 -2.862342 177.929993
68.232498 0.028599 1.120842 -0.012183 0.010652 -2.869131 178.065002
68.032616 -0.028254 1.120842 0.001520 0.157160 -2.874212 178.199997
67.819794 -0.084536 1.120842 0.064105 0.139897 -2.967988 178.330002
67.622589 -0.128713 1.120842 0.003729 0.090746 -2.966783 178.440002
67.426163 -0.171636 1.120842 0.009374 0.059283 -2.965551 178.544998
67.225281 -0.214494 1.120842 0.019006 0.040289 -2.964553 178.649994
67.021767 -0.255992 1.120842 0.024043 0.030137 -2.963759 178.755005
66.816673 -0.295486 1.120842 0.022621 0.025497 -2.963113 178.860001
66.610580 -0.332928 1.120842 0.063247 0.020755 -2.994811 178.964996
66.403549 -0.364769 1.120842 0.035285 0.021846 -3.039822 179.070007
66.166130 -0.396204 1.120842 0.021807 0.022114 -3.040511 179.190002
65.957878 -0.421336 1.120842 0.023454 0.020883 -3.040991 179.294998
65.709526 -0.448208 1.120842 0.061100 0.019527 -3.068558 179.419998
65.480690 -0.465126 1.120842 0.060728 0.021517 3.129604 179.535004
65.271606 -0.473826 1.120842 0.039316 0.022102 3.117154 179.639999
65.062363 -0.479267 1.120842 0.011950 0.022705 3.108125 179.744995
64.852936 -0.482996 1.120842 0.010517 0.022330 3.113289 179.850006
64.643349 -0.485466 1.120842 0.014730 0.022385 3.117467 179.955002
64.433624 -0.486290 1.120842 0.016077 0.021535 3.120795 180.059998
64.223869 -0.485378 1.120842 0.013012 0.020884 3.123451 180.164993
64.013985 -0.483062 1.120842 0.007576 0.020783 3.125583 180.270004
63.804176 -0.479914 1.120842 0.001710 0.020542 3.127286 180.375000
63.594372 -0.476544 1.120842 -0.002785 0.020415 3.128663 180.479996
63.374577 -0.473309 1.120842 -0.005769 0.020130 3.129808 180.589996
63.164772 -0.470815 1.120842 -0.006435 0.020207 3.130685 180.695007
62.954967 -0.468977 1.120842 -0.005470 0.020287 3.131396 180.800003
62.725182 -0.467584 1.120842 -0.003231 0.020045 3.132004 180.914993
62.475414 -0.466492 1.120842 -0.000694 0.020901 3.132526 181.039993
62.265583 -0.465643 1.120842 0.000984 0.020797 3.132871 181.145004
62.055698 -0.464667 1.120842 0.001923 0.020954 3.133149 181.250000
61.845814 -0.463467 1.120842 0.002121 0.020537 3.133370 181.354996
61.635929 -0.462025 1.120842 0.001726 0.020552 3.133548 181.460007
61.426044 -0.460386 1.120842 0.001008 0.020636 3.133693 181.565002
61.216160 -0.458626 1.120842 0.000172 0.020367 3.133807 181.669998
61.006275 -0.456832 1.120842 -0.000475 0.020138 3.133899 181.774994
60.766407 -0.454828 1.120842 -0.000934 0.020146 3.133983 181.895004
60.556522 -0.453161 1.120842 -0.001019 0.020083 3.134042 182.000000
60.346638 -0.451586 1.120842 -0.000886 0.020177 3.134089 182.104996
60.126759 -0.450017 1.120842 -0.000580 0.020062 3.134127 182.214996
59.896885 -0.448428 1.120842 -0.000251 0.020305 3.134159 182.330002
59.687000 -0.446989 1.120842 -0.000006 0.020584 3.134183 182.434998
59.477116 -0.445534 1.120842 0.000144 0.020620 3.134202 182.539993
59.267231 -0.444048 1.120842 0.000177 0.020818 3.134217 182.645004
59.057346 -0.442528 1.120842 0.000126 0.020700 3.134227 182.750000
58.847382 -0.440979 1.120842 0.000031 0.020836 3.134237 182.854996
58.637417 -0.439412 1.120842 -0.000088 0.020827 3.134244 182.960007
58.427452 -0.437839 1.120842 -0.000188 0.019488 3.134249 183.065002
58.217487 -0.436270 1.120842 -0.000253 0.020241 3.134254 183.169998
58.007523 -0.434712 1.120842 -0.000271 0.020335 3.134259 183.274994
57.797646 -0.432325 1.120842 0.073074 0.018316 3.065197 183.380005
57.588345 -0.424259 1.120842 0.015209 0.021383 3.047717 183.485001
57.379143 -0.413827 1.120842 0.008994 0.022314 3.050850 183.589996
57.169800 -0.402137 1.120842 0.013803 0.022203 3.053359 183.695007
56.960377 -0.389195 1.120842 -0.047018 0.019246 3.108150 183.800003
56.750893 -0.378543 1.120842 0.000944 0.020971 3.120212 183.904999
56.541367 -0.368142 1.120842 -0.001080 0.020566 3.120660 184.009995
56.331802 -0.357943 1.120842 -0.012159 0.020232 3.121023 184.115005
56.092262 -0.347940 1.120842 -0.020619 0.021071 3.121350 184.235001
55.862568 -0.340953 1.120842 -0.020598 0.020829 3.121595 184.350006
55.652756 -0.336801 1.120842 -0.015577 0.020938 3.121771 184.455002
55.442871 -0.334225 1.120842 -0.008831 0.020799 3.121915 184.559998
55.232986 -0.332482 1.120842 -0.001270 0.020326 3.122028 184.664993
55.023056 -0.330801 1.120842 0.004381 0.020694 3.122120 184.770004
54.813091 -0.328603 1.120842 0.007047 0.020582 3.122192 184.875000
54.573132 -0.325119 1.120842 0.007198 0.020000 3.122259 184.994995
54.373165 -0.321413 1.120842 0.005520 0.019842 3.122302 185.095001
54.163280 -0.316912 1.120842 0.002951 0.020057 3.122340 185.199997
53.953396 -0.312067 1.120842 0.000130 0.020223 3.122370 185.304993
53.743511 -0.307177 1.120842 -0.002075 0.021000 3.122394 185.410004
53.503643 -0.301818 1.120842 -0.003209 0.020582 3.122416 185.529999
53.293728 -0.297446 1.120842 -0.003226 0.020663 3.122432 185.634995
53.063766 -0.292998 1.120842 -0.002551 0.020424 3.122445 185.750000
52.853802 -0.289178 1.120842 -0.001612 0.020463 3.122455 185.854996
52.643837 -0.285477 1.120842 -0.000542 0.020828 3.122463 185.960007
52.433872 -0.281790 1.120842 0.000194 0.020023 3.122468 186.065002
52.223942 -0.278041 1.120842 0.000631 0.020760 3.122473 186.169998
51.984043 -0.273624 1.120842 0.000674 0.020134 3.122478 186.289993
51.774158 -0.269639 1.120842 0.000455 0.020370 3.122483 186.395004
51.564274 -0.265566 1.120842 0.000078 0.019787 3.122488 186.500000
51.354389 -0.261446 1.120842 -0.000287 0.020170 3.122489 186.604996
51.145241 -0.256764 1.120842 0.073864 -0.089235 3.010656 186.710007
50.930359 -0.244306 1.120842 0.143277 -0.120335 2.804287 186.824997
50.721733 -0.216041 1.120842 0.167875 -0.040987 2.629012 186.949997
50.503082 -0.160007 1.120842 0.129357 0.018297 2.537767 187.095001
50.312843 -0.086495 1.120842 0.102401 0.029609 2.494744 187.229996
50.131355 0.004513 1.120842 0.081293 0.027727 2.451068 187.365005
49.955921 0.108264 1.120842 0.031989 0.019438 2.489003 187.500000
49.782925 0.218372 1.120842 0.024256 0.013855 2.513110 187.634995
49.611923 0.332746 1.107858 0.014801 -0.018900 2.526968 187.770004
49.430683 0.457508 1.108959 0.003616 -0.233668 2.532029 187.925003
49.262211 0.574877 1.110044 0.000601 -0.206385 2.536570 188.125000
49.099407 0.691813 1.110806 -0.012629 -0.057148 2.795998 188.559998
