3.698888 1.477425 1.000000 0.003131 0.319502 -0.139115 0.000000
3.899433 1.448453 1.000000 0.005738 0.255732 -0.204248 0.150000
4.125705 1.413152 1.000000 -0.055679 0.137797 -0.228343 0.285000
4.328064 1.385932 1.000000 -0.090554 0.079265 -0.184628 0.395000
4.529470 1.367203 1.000000 -0.086084 0.051582 -0.075790 0.500000
4.735014 1.355387 1.000000 0.022599 0.036899 -0.059958 0.605000
4.942267 1.341614 1.000000 0.042577 0.028559 -0.063844 0.710000
5.150192 1.323794 1.000000 -0.032305 0.024319 -0.018394 0.815000
5.358556 1.306736 1.000000 0.001892 0.023522 -0.010618 0.920000
5.567280 1.290029 1.000000 -0.015018 0.023800 -0.012649 1.025000
5.776401 1.275032 1.000000 -0.032025 0.022761 -0.014283 1.130000
5.995805 1.263019 1.000000 -0.039195 0.021551 -0.015634 1.240000
6.215440 1.255517 1.000000 -0.034233 0.020903 -0.016721 1.350000
6.425213 1.252063 1.000000 -0.023140 0.020562 -0.017554 1.455000
6.635034 1.251019 1.000000 -0.009284 0.020440 -0.018217 1.560000
6.844871 1.250920 1.000000 0.002523 0.020731 -0.018754 1.665000
7.054718 1.250518 1.000000 0.010286 0.021137 -0.019190 1.770000
7.294559 1.248627 1.000000 0.014125 0.020450 -0.019578 1.890000
7.504412 1.245346 1.000000 0.012676 0.020779 -0.019848 1.995000
7.714280 1.240698 1.000000 0.008744 0.020302 -0.020065 2.100000
7.924142 1.235114 1.000000 0.003826 0.020124 -0.020239 2.205000
8.133965 1.229106 1.000000 -0.000798 0.020345 -0.020380 2.310000
8.343781 1.223582 1.000000 -0.065353 0.019853 0.028531 2.415000
8.553356 1.223996 1.000000 -0.027935 0.021888 0.075235 2.520000
8.762816 1.228172 1.000000 -0.005324 0.021810 0.070207 2.625000
8.972397 1.233320 1.000000 -0.010755 0.021732 0.066204 2.730000
9.182070 1.239799 1.000000 -0.015426 0.021306 0.062970 2.835000
9.421709 1.249380 1.000000 -0.015141 0.021164 0.060047 2.955000
9.631370 1.259636 1.000000 -0.011306 0.020569 0.058005 3.060000
9.840972 1.271206 1.000000 -0.005286 0.020996 0.056374 3.165000
10.080520 1.285208 1.000000 0.001195 0.020480 0.054908 3.285000
10.290152 1.297471 1.000000 0.005126 0.020319 0.053890 3.390000
10.499778 1.308076 1.000000 0.086473 0.017878 -0.030192 3.495000
10.708885 1.309936 1.000000 0.105832 0.023318 -0.131579 3.600000
10.916859 1.300124 1.000000 0.107733 0.029573 -0.222316 3.705000
11.123326 1.278445 1.000000 0.058607 0.032395 -0.269490 3.810000
11.329211 1.249095 1.000000 0.036094 0.031308 -0.260038 3.915000
11.535145 1.214854 1.000000 0.044463 0.028561 -0.252409 4.020000
11.740697 1.175290 1.000000 0.044606 0.024433 -0.246285 4.125000
11.945525 1.130582 1.000000 0.033853 0.022057 -0.241371 4.230000
12.149685 1.081921 1.000000 0.018351 0.020428 -0.237407 4.335000
12.343779 1.033479 1.000000 0.001185 0.020144 -0.234374 4.435000
12.537870 0.984583 1.000000 -0.010647 0.019461 -0.231889 4.535000
12.751637 0.931652 1.000000 -0.019191 0.019066 -0.229706 4.645000
12.956094 0.882789 1.000000 -0.020835 0.019264 -0.228033 4.750000
13.151217 0.837936 1.000000 -0.018249 0.019234 -0.226746 4.850000
13.346665 0.794477 1.000000 -0.013240 0.019170 -0.225704 4.950000
13.542324 0.751941 1.000000 -0.007528 0.019422 -0.224855 5.050000
13.738074 0.709790 1.000000 -0.002456 0.019248 -0.224168 5.150000
13.933805 0.667544 1.000000 0.001119 0.019296 -0.223611 5.250000
14.129444 0.624869 1.000000 0.002746 0.018827 -0.223161 5.350000
14.324938 0.581618 1.000000 0.002657 0.019093 -0.222793 5.450000
14.520301 0.537802 1.000000 0.001368 0.018811 -0.222494 5.550000
14.715548 0.493550 1.000000 -0.000581 0.018875 -0.222248 5.650000
14.910715 0.449049 1.000000 -0.002702 0.019276 -0.222050 5.750000
15.115633 0.402266 1.000000 -0.004351 0.019555 -0.221882 5.855000
15.310839 0.357807 1.000000 -0.005350 0.018819 -0.221753 5.955000
15.506079 0.313538 1.000000 -0.005559 0.019176 -0.221648 6.055000
15.701369 0.269481 1.000000 -0.005397 0.018883 -0.221562 6.155000
15.896702 0.225611 1.000000 -0.004734 0.018912 -0.221494 6.255000
16.092052 0.181870 1.000000 -0.003941 0.018827 -0.221438 6.355000
16.287415 0.138367 1.000000 -0.052980 0.016940 -0.184091 6.455000
16.493155 0.097763 1.000000 -0.070424 0.019333 -0.095168 6.560000
16.699654 0.066080 1.000000 -0.112431 0.024336 0.008163 6.665000
16.906755 0.044050 1.000000 -0.043612 0.028633 0.009315 6.770000
17.124640 0.026755 1.000000 -0.051116 0.028150 0.005552 6.880000
17.333437 0.015915 1.000000 -0.055029 0.025019 0.002655 6.985000
17.542728 0.010923 1.000000 -0.047253 0.022401 0.000328 7.090000
17.792185 0.011296 1.000000 -0.026383 0.021438 -0.001860 7.215000
18.001884 0.014723 1.000000 -0.006872 0.021593 -0.003303 7.320000
18.211706 0.018808 1.000000 -0.010291 0.020316 0.006172 7.425000
18.421473 0.024377 1.000000 0.003504 0.020250 0.040782 7.530000
18.631241 0.030082 1.000000 0.016321 0.020261 0.037927 7.635000
18.841091 0.034256 1.000000 0.011402 0.020465 0.035616 7.740000
19.061001 0.037457 1.000000 0.003119 0.020422 0.033683 7.850000
19.270926 0.040236 1.000000 -0.003260 0.020086 0.032207 7.955000
19.480850 0.043441 1.000000 -0.007263 0.020802 0.031019 8.060000
19.690775 0.047481 1.000000 -0.008470 0.019992 0.030063 8.165000
19.920650 0.052991 1.000000 -0.006680 0.020572 0.029237 8.280000
20.170486 0.060016 1.000000 -0.003550 0.020264 0.028535 8.405000
20.380316 0.066405 1.000000 -0.000667 0.020169 0.028065 8.510000
20.590120 0.072903 1.000000 0.002089 0.020747 0.027694 8.615000
20.799967 0.078815 1.000000 0.065580 0.019891 -0.022677 8.720000
21.009743 0.080671 1.000000 0.044526 0.020921 -0.055262 8.825000
21.219439 0.079683 1.000000 -0.004691 0.020658 -0.048654 8.930000
21.429197 0.078776 1.000000 -0.003866 0.020683 -0.043243 9.035000
21.659023 0.078015 1.000000 0.004318 0.020569 -0.038499 9.150000
21.868876 0.076761 1.000000 0.009779 0.020111 -0.035060 9.255000
22.078669 0.075283 1.000000 -0.065526 0.016698 0.041461 9.360000
22.287821 0.080185 1.000000 -0.041379 0.020897 0.112236 9.465000
22.496536 0.090312 1.000000 -0.018606 0.023969 0.111522 9.570000
22.705385 0.103049 1.000000 -0.029660 0.023818 0.110955 9.675000
22.924164 0.120091 1.000000 -0.034576 0.022050 0.110475 9.785000
23.132778 0.140325 1.000000 -0.029624 0.021634 0.110111 9.890000
23.341171 0.163912 1.000000 -0.019661 0.020732 0.109817 9.995000
23.559317 0.191014 1.000000 -0.006532 0.020463 0.109569 10.105000
23.767519 0.217759 1.000000 0.005142 0.020680 0.109382 10.210000
23.975813 0.244144 1.000000 0.012268 0.020537 0.109231 10.315000
24.184277 0.269414 1.000000 0.015213 0.019976 0.109110 10.420000
24.392883 0.293286 1.000000 0.013873 0.020381 0.109013 10.525000
24.601624 0.315895 1.000000 0.010769 0.019576 0.108935 10.630000
24.830326 0.339648 1.000000 0.005463 0.020090 0.108866 10.745000
25.039207 0.360949 1.000000 0.001163 0.019895 0.108816 10.850000
25.248085 0.382340 1.000000 -0.001675 0.019815 0.108776 10.955000
25.456917 0.404120 1.000000 -0.002881 0.019691 0.108743 11.060000
25.675631 0.427484 1.000000 -0.002595 0.019785 0.108715 11.170000
25.884348 0.450273 1.000000 -0.001405 0.019613 0.108694 11.275000
26.093008 0.473402 1.000000 0.000411 0.019832 0.108677 11.380000
26.301641 0.496687 1.000000 0.002032 0.019651 0.108664 11.485000
26.510244 0.519956 1.000000 0.003171 0.020462 0.108652 11.590000
26.738743 0.545288 1.000000 0.003743 0.020192 0.108642 11.705000
26.957348 0.569308 1.000000 0.003654 0.020072 0.108634 11.815000
27.166050 0.592058 1.000000 0.003130 0.020336 0.108628 11.920000
27.374790 0.614687 1.000000 0.002652 0.019525 0.108624 12.025000
27.583487 0.637241 1.000000 0.001946 0.019985 0.108620 12.130000
27.812044 0.661941 1.000000 0.001456 0.020021 0.108617 12.245000
28.020727 0.684549 1.000000 0.001254 0.020221 0.108614 12.350000
28.229448 0.707003 1.000000 0.053439 0.020030 0.070231 12.455000
28.438438 0.724366 1.000000 0.081573 0.021218 -0.022896 12.560000
28.647366 0.732926 1.000000 0.080846 0.024063 -0.111152 12.665000
28.855753 0.732276 1.000000 0.084548 0.027828 -0.193031 12.770000
29.082869 0.720104 1.000000 0.079952 0.034023 -0.268199 12.885000
29.289251 0.699021 1.000000 0.116150 0.036856 -0.323391 12.990000
29.494127 0.667119 1.000000 0.056257 0.037174 -0.321443 13.095000
29.698565 0.627830 1.000000 0.048698 0.032240 -0.306378 13.200000
29.902620 0.582582 1.000000 0.044201 0.026628 -0.294303 13.305000
30.106022 0.532165 1.000000 0.030657 0.023574 -0.284582 13.410000
30.308870 0.478092 1.000000 0.014841 0.020220 -0.276833 13.515000
30.501760 0.424846 1.000000 -0.000663 0.019631 -0.270820 13.615000
30.694672 0.371358 1.000000 -0.013080 0.019176 -0.265947 13.715000
30.887857 0.318771 1.000000 -0.019852 0.019272 -0.261967 13.815000
31.081469 0.267713 1.000000 -0.021680 0.018815 -0.258734 13.915000
31.275503 0.218327 1.000000 -0.018831 0.018933 -0.256110 14.015000
31.469894 0.170340 1.000000 -0.013679 0.019189 -0.253977 14.115000
31.664524 0.123257 1.000000 -0.007938 0.018816 -0.252250 14.215000
31.859226 0.076541 1.000000 -0.002512 0.018823 -0.250857 14.315000
32.053890 0.029702 1.000000 0.000998 0.018802 -0.249714 14.415000
32.248840 -0.015608 1.000000 -0.074262 0.018924 -0.159253 14.515000
32.454605 -0.056095 1.000000 -0.078350 0.021023 -0.068642 14.620000
32.661121 -0.088225 1.000000 -0.052073 0.022569 0.002174 14.725000
32.868011 -0.115483 1.000000 0.004076 0.023829 -0.016180 14.830000
33.075314 -0.142799 1.000000 -0.005261 0.024557 -0.030975 14.935000
33.293034 -0.170779 1.000000 -0.019132 0.023441 -0.043405 15.045000
33.501328 -0.195495 1.000000 -0.025963 0.022790 -0.052912 15.150000
33.729923 -0.219517 1.000000 -0.025458 0.021411 -0.061181 15.265000
33.968857 -0.241369 1.000000 -0.018102 0.020387 -0.067926 15.385000
34.178120 -0.258607 1.000000 -0.008864 0.020155 -0.072535 15.490000
34.387444 -0.275083 1.000000 -0.001125 0.019930 -0.076278 15.595000
34.596760 -0.291634 1.000000 0.004559 0.019605 -0.079293 15.700000
34.806061 -0.307313 1.000000 -0.056695 0.020148 -0.008346 15.805000
35.015442 -0.319339 1.000000 -0.036313 0.021606 0.016813 15.910000
35.224812 -0.329748 1.000000 0.023779 0.019335 0.012518 16.014999
35.434090 -0.342215 1.000000 0.022380 0.019868 0.001366 16.120001
35.643333 -0.356914 1.000000 0.006701 0.020575 -0.007579 16.225000
35.852592 -0.372274 1.000000 -0.008217 0.021380 -0.014829 16.330000
36.071938 -0.387411 1.000000 -0.017710 0.021530 -0.020882 16.440001
36.291447 -0.400532 1.000000 -0.020069 0.020962 -0.025692 16.549999
36.501122 -0.410936 1.000000 -0.017090 0.020916 -0.029395 16.655001
36.710888 -0.419600 1.000000 -0.011230 0.020412 -0.032365 16.760000
36.920692 -0.427161 1.000000 -0.004629 0.019907 -0.034756 16.865000
37.130497 -0.434327 1.000000 0.001246 0.019892 -0.036673 16.969999
37.400246 -0.443935 1.000000 0.005679 0.020761 -0.038605 17.105000
37.610050 -0.452161 1.000000 0.006391 0.020513 -0.039761 17.209999
37.819855 -0.461143 1.000000 0.005238 0.020789 -0.040695 17.315001
38.029629 -0.470758 1.000000 0.003104 0.020020 -0.041444 17.420000
38.239342 -0.478191 1.000000 -0.078554 0.020815 0.055839 17.525000
38.448757 -0.478188 1.000000 -0.012871 0.021684 0.087500 17.629999
38.688034 -0.475582 1.000000 0.005139 0.021864 0.076588 17.750000
38.897610 -0.473542 1.000000 -0.005178 0.022684 0.068920 17.855000
39.107372 -0.470752 1.000000 -0.014347 0.021473 0.062839 17.959999
39.317177 -0.466300 1.000000 -0.017939 0.020896 0.057972 18.065001
39.556953 -0.458771 1.000000 -0.015092 0.021325 0.053570 18.184999
39.766758 -0.450330 1.000000 -0.009857 0.020544 0.050517 18.290001
39.976517 -0.440752 1.000000 -0.003465 0.020491 0.048049 18.395000
40.196239 -0.430248 1.000000 0.002528 0.020829 0.045983 18.504999
40.396053 -0.420856 1.000000 0.005866 0.019720 0.044463 18.605000
40.605839 -0.411534 1.000000 0.007513 0.020438 0.043191 18.709999
40.815643 -0.402923 1.000000 0.007391 0.019452 0.042160 18.815001
41.025368 -0.394990 1.000000 0.005572 0.019668 0.041334 18.920000
41.235092 -0.387542 1.000000 0.003086 0.020212 0.040669 19.025000
41.444817 -0.380328 1.000000 0.000880 0.019934 0.040132 19.129999
41.654499 -0.373114 1.000000 -0.000970 0.020468 0.039706 19.235001
41.884109 -0.364997 1.000000 -0.001780 0.020285 0.039330 19.350000
42.093754 -0.357305 1.000000 -0.001699 0.020277 0.039058 19.455000
42.303383 -0.349351 1.000000 -0.001074 0.020961 0.038837 19.559999
42.513027 -0.341205 1.000000 -0.000130 0.020613 0.038662 19.665001
42.752621 -0.331787 1.000000 0.000844 0.020296 0.038505 19.785000
42.962265 -0.323553 1.000000 0.001434 0.020311 0.038396 19.889999
43.171959 -0.315390 1.000000 0.001719 0.019964 0.038309 19.995001
43.381611 -0.307330 1.000000 0.001682 0.020252 0.038239 20.100000
43.591309 -0.299366 1.000000 0.001458 0.019982 0.038182 20.205000
43.810944 -0.291099 1.000000 0.001092 0.020046 0.038136 20.315001
44.020599 -0.283243 1.000000 0.000716 0.021033 0.038100 20.420000
44.230324 -0.275382 1.000000 0.000480 0.020870 0.038071 20.525000
44.440113 -0.267491 1.000000 0.000399 0.020544 0.038048 20.629999
44.679863 -0.258428 1.000000 0.000437 0.020202 0.038027 20.750000
44.889587 -0.251811 1.000000 0.022981 0.020323 -0.003954 20.855000
45.099277 -0.248322 1.000000 0.067465 0.020020 -0.065122 20.959999
45.308674 -0.249537 1.000000 0.006207 0.021327 -0.069801 21.065001
45.528080 -0.252188 1.000000 0.007882 0.022503 -0.064640 21.174999
45.747639 -0.255986 1.000000 0.016304 0.021860 -0.060511 21.285000
45.957283 -0.261520 1.000000 0.019917 0.021161 -0.057378 21.389999
46.166927 -0.269272 1.000000 0.017837 0.020841 -0.054855 21.495001
46.376503 -0.279002 1.000000 0.011641 0.021003 -0.052820 21.600000
46.586067 -0.290053 1.000000 0.004511 0.020758 -0.051190 21.705000
46.805611 -0.302201 1.000000 -0.002285 0.020271 -0.049833 21.815001
47.015175 -0.313645 1.000000 -0.006547 0.019918 -0.048794 21.920000
47.224739 -0.324484 1.000000 -0.008395 0.019848 -0.047955 22.025000
47.434357 -0.334537 1.000000 -0.007797 0.020858 -0.047274 22.129999
47.664021 -0.344716 1.000000 -0.005650 0.020424 -0.046686 22.245001
47.873745 -0.353472 1.000000 -0.003091 0.020146 -0.046258 22.350000
48.083469 -0.361994 1.000000 -0.000711 0.020323 -0.045914 22.455000
48.293144 -0.370535 1.000000 0.000999 0.020381 -0.045635 22.559999
48.502789 -0.379275 1.000000 0.001838 0.020307 -0.045412 22.665001
48.712433 -0.388302 1.000000 0.001823 0.020325 -0.045233 22.770000
48.932018 -0.397388 1.000000 -0.044698 0.018464 0.006732 22.879999
49.151485 -0.402883 1.000000 -0.016051 0.021433 0.008294 22.990000
49.361084 -0.406123 1.000000 -0.020047 0.021639 0.009497 23.094999
49.570793 -0.407175 1.000000 -0.022946 0.020879 0.010460 23.200001
49.780575 -0.405789 1.000000 -0.020536 0.020335 0.011235 23.305000
49.990379 -0.402263 1.000000 -0.013642 0.020859 0.011858 23.410000
50.200184 -0.397328 1.000000 -0.005529 0.020808 0.012357 23.514999
50.410046 -0.391826 1.000000 0.001144 0.019992 0.012759 23.620001
50.619919 -0.386473 1.000000 0.006342 0.020438 0.013081 23.725000
50.829803 -0.381778 1.000000 0.008467 0.020145 0.013340 23.830000
51.049683 -0.377791 1.000000 0.007820 0.020683 0.013555 23.940001
51.269604 -0.374684 1.000000 0.005556 0.020635 0.013728 24.049999
51.479568 -0.372301 1.000000 0.002767 0.020091 0.013860 24.155001
51.689514 -0.370183 1.000000 0.000061 0.020165 0.013965 24.260000
51.919476 -0.367827 1.000000 -0.001943 0.020909 0.014057 24.375000
52.139439 -0.365311 1.000000 -0.002729 0.019985 0.014126 24.485001
52.379356 -0.362169 1.000000 -0.002469 0.020590 0.014185 24.605000
52.599289 -0.358957 1.000000 -0.001580 0.021066 0.014227 24.715000
52.809254 -0.355690 1.000000 -0.000588 0.019759 0.014259 24.820000
53.019218 -0.352338 1.000000 0.000427 0.020571 0.014285 24.924999
53.229183 -0.349002 1.000000 0.001055 0.020921 0.014306 25.030001
53.439148 -0.345749 1.000000 0.001351 0.020630 0.014322 25.135000
53.649113 -0.342609 1.000000 0.001329 0.020183 0.014335 25.240000
53.889072 -0.339154 1.000000 0.001017 0.020055 0.014347 25.360001
54.129032 -0.335799 1.000000 0.000587 0.020262 0.014357 25.480000
54.348991 -0.332761 1.000000 0.000234 0.019832 0.014363 25.590000
54.558876 -0.329856 1.000000 -0.000018 0.020591 0.014368 25.695000
54.768761 -0.326918 1.000000 -0.000114 0.020319 0.014371 25.799999
54.978676 -0.323937 1.000000 -0.000095 0.020209 0.014374 25.905001
55.188560 -0.320916 1.000000 0.000011 0.019776 0.014376 26.010000
55.398445 -0.317867 1.000000 0.000152 0.020009 0.014377 26.115000
55.608318 -0.314804 1.000000 0.000289 0.020105 0.014378 26.219999
55.818123 -0.311743 1.000000 0.000386 0.020241 0.014379 26.325001
56.027927 -0.308692 1.000000 0.000444 0.019933 0.014380 26.430000
56.237732 -0.305657 1.000000 0.000425 0.020835 0.014380 26.535000
56.477596 -0.302205 1.000000 0.000390 0.020505 0.014381 26.655001
56.687481 -0.299196 1.000000 0.000341 0.020449 0.014381 26.760000
56.897366 -0.296193 1.000000 0.000293 0.020451 0.014381 26.865000
57.107250 -0.293191 1.000000 0.000254 0.020711 0.014381 26.969999
57.317135 -0.290186 1.000000 0.000249 0.019676 0.014381 27.075001
57.546921 -0.286889 1.000000 0.000234 0.020498 0.014380 27.190001
57.756725 -0.283873 1.000000 0.000247 0.020319 0.014380 27.295000
57.966564 -0.280852 1.000000 0.000260 0.020841 0.014380 27.400000
58.176449 -0.277828 1.000000 0.000289 0.020174 0.014380 27.504999
58.386333 -0.274804 1.000000 0.000297 0.020487 0.014380 27.610001
58.596218 -0.271781 1.000000 0.000310 0.020158 0.014380 27.715000
58.806103 -0.268761 1.000000 0.000307 0.020374 0.014380 27.820000
59.015980 -0.265743 1.000000 0.000310 0.019872 0.014379 27.924999
59.225784 -0.262726 1.000000 0.000302 0.020107 0.014379 28.030001
59.445583 -0.259567 1.000000 0.000285 0.020730 0.014379 28.139999
59.665462 -0.256407 1.000000 0.000288 0.020399 0.014378 28.250000
59.895329 -0.253103 1.000000 0.000297 0.019613 0.014377 28.365000
60.105133 -0.250089 1.000000 0.000282 0.020707 0.014377 28.469999
60.324928 -0.246930 1.000000 0.000278 0.020745 0.014376 28.580000
60.534752 -0.243913 1.000000 0.000277 0.020886 0.014376 28.684999
60.754631 -0.240752 1.000000 0.000291 0.020161 0.014376 28.795000
60.964474 -0.237735 1.000000 0.000288 0.020762 0.014375 28.900000
61.174328 -0.234718 1.000000 0.000286 0.020636 0.014375 29.004999
61.384121 -0.233144 1.000000 0.029869 0.019225 -0.037926 29.110001
61.593754 -0.234952 1.000000 0.016468 0.021544 -0.039222 29.215000
61.803421 -0.238784 1.000000 0.020278 0.021784 -0.040264 29.320000
62.013145 -0.244889 1.000000 0.021246 0.020579 -0.041093 29.424999
62.222801 -0.253315 1.000000 0.017121 0.020415 -0.041765 29.530001
62.442364 -0.264146 1.000000 0.009403 0.020475 -0.042325 29.639999
62.651928 -0.275602 1.000000 0.001832 0.020570 -0.042753 29.745001
62.861492 -0.287341 1.000000 -0.004089 0.020676 -0.043101 29.850000
63.071133 -0.298739 1.000000 -0.007607 0.020763 -0.043380 29.955000
63.280815 -0.309419 1.000000 -0.008691 0.020468 -0.043604 30.059999
63.510513 -0.320159 1.000000 -0.007598 0.020142 -0.043800 30.174999
63.750198 -0.330465 1.000000 -0.004734 0.020395 -0.043959 30.295000
63.969910 -0.339435 1.000000 -0.001902 0.020216 -0.044074 30.405001
64.179634 -0.347885 1.000000 0.000339 0.020200 -0.044162 30.510000
64.389359 -0.356475 1.000000 0.001766 0.019936 -0.044232 30.615000
64.599083 -0.365346 1.000000 0.002116 0.020576 -0.044288 30.719999
64.808601 -0.376703 1.000000 0.079087 0.020904 -0.135453 30.825001
65.027504 -0.394431 1.000000 -0.006009 0.020237 -0.126496 30.934999
65.256386 -0.413027 1.000000 -0.009877 0.020885 -0.119060 31.049999
65.465355 -0.430551 1.000000 0.018584 0.020554 -0.153390 31.155001
65.673683 -0.452717 1.000000 0.082739 0.023321 -0.241102 31.260000
65.880371 -0.483334 1.000000 0.026590 0.024281 -0.277698 31.365000
66.086464 -0.518024 1.000000 0.004747 0.024346 -0.264298 31.469999
66.312431 -0.557507 1.001899 -0.026667 0.020280 -0.223023 31.584999
66.519310 -0.590481 0.999281 -0.090905 0.016971 -0.071625 31.690001
66.726601 -0.614062 0.997051 -0.048346 0.020285 0.031156 31.795000
66.933861 -0.631294 0.995143 -0.036425 0.026297 0.075317 31.900000
67.161354 -0.645286 0.993376 -0.045072 0.031551 0.072537 32.014999
67.369926 -0.652466 0.992019 -0.071344 0.030279 0.070356 32.119999
67.578957 -0.651720 0.990869 -0.078878 0.025747 0.068610 32.224998
67.787994 -0.642524 0.989893 -0.064335 0.022740 0.067213 32.330002
68.036583 -0.622700 0.988922 -0.032980 0.021396 0.065903 32.455002
68.245186 -0.601803 0.988236 -0.006029 0.021525 0.065032 32.560001
68.453926 -0.580134 0.987653 0.014347 0.020642 0.064332 32.665001
68.662857 -0.559939 0.987158 0.027260 0.021320 0.063772 32.770000
68.891960 -0.541028 0.986700 0.030465 0.020202 0.063281 32.884998
69.121307 -0.525797 0.986317 0.024288 0.020423 0.062896 33.000000
69.350830 -0.513469 0.985997 0.013461 0.020514 0.062593 33.115002
69.560539 -0.503577 0.985750 0.003384 0.020997 0.062373 33.220001
69.770264 -0.493881 0.985542 -0.004313 0.020273 0.062199 33.325001
69.979988 -0.483594 0.985364 -0.008521 0.020193 0.062057 33.430000
70.189560 -0.472273 0.985213 -0.009440 0.020372 0.061943 33.535000
70.399124 -0.459833 0.985084 -0.007510 0.020653 0.061851 33.640999
70.608688 -0.446474 0.984975 -0.004259 0.019706 0.061777 33.744999
70.818253 -0.432550 0.984883 -0.000374 0.020524 0.061717 33.849998
71.017838 -0.419128 0.984807 0.002510 0.019986 0.061671 33.950001
71.217422 -0.405837 0.984743 0.004399 0.020204 0.061633 34.049999
71.417007 -0.392858 0.984687 0.005076 0.020324 0.061602 34.150002
71.626572 -0.379632 0.984637 0.004660 0.020735 0.061574 34.255001
71.836136 -0.366779 0.984595 0.003863 0.019638 0.061551 34.360001
72.045700 -0.354201 0.984559 0.002265 0.020284 0.061532 34.465000
72.265244 -0.341144 0.984527 0.000968 0.020197 0.061515 34.575001
72.504745 -0.326868 0.984498 0.000069 0.020361 0.061501 34.695000
72.714310 -0.314252 0.984477 -0.000288 0.020623 0.061491 34.799999
72.923874 -0.301481 0.984459 -0.000169 0.020177 0.061482 34.904999
73.133438 -0.288570 0.984443 0.000246 0.020429 0.061475 35.009998
73.343002 -0.275566 0.984430 0.000770 0.019853 0.061469 35.115002
73.552567 -0.262523 0.984419 0.001218 0.020148 0.061463 35.220001
73.762131 -0.249484 0.984410 0.001477 0.020669 0.061457 35.325001
73.971695 -0.236479 0.984402 0.001674 0.020315 0.061451 35.430000
74.181259 -0.223540 0.984395 0.014227 0.020303 0.054423 35.535000
74.420860 -0.211122 0.984389 0.054927 0.020723 -0.004619 35.654999
74.630562 -0.204583 0.984384 0.000440 0.019987 -0.017705 35.759998
74.850197 -0.198363 0.984380 -0.006351 0.020405 -0.011193 35.869999
75.079895 -0.191236 0.984376 0.001435 0.020811 -0.005757 35.985001
75.319580 -0.184064 0.984373 0.008906 0.020829 -0.001312 36.105000
75.529343 -0.178784 0.984370 0.011565 0.020815 0.001745 36.209999
75.739227 -0.175142 0.984368 0.071702 0.020972 -0.044087 36.314999
75.948952 -0.176241 0.984367 0.011054 0.021154 -0.043632 36.419998
76.158691 -0.178952 0.984365 0.002096 0.021475 -0.039200 36.525002
76.368576 -0.182031 0.984364 0.002466 0.020516 -0.035623 36.630001
76.588455 -0.185640 0.984363 0.003598 0.020350 -0.032646 36.740002
76.808334 -0.189745 0.984361 0.003486 0.020612 -0.030270 36.849998
77.018219 -0.194109 0.984361 0.002463 0.020745 -0.028468 36.955002
77.228104 -0.198797 0.984361 0.001053 0.020953 -0.027011 37.060001
77.437988 -0.203656 0.984361 -0.000203 0.019817 -0.025837 37.165001
77.647873 -0.208541 0.984361 -0.001328 0.020712 -0.024897 37.270000
77.877747 -0.213785 0.984361 -0.001950 0.020035 -0.024079 37.384998
78.107620 -0.218843 0.984361 -0.001976 0.020695 -0.023435 37.500000
78.317505 -0.223293 0.984361 -0.001637 0.020868 -0.022963 37.605000
78.527336 -0.226190 0.984361 -0.030183 0.019576 0.030170 37.709999
78.737061 -0.225723 0.984361 -0.015650 0.021318 0.031723 37.814999
78.946785 -0.223345 0.984361 -0.019542 0.021372 0.032912 37.919998
79.156509 -0.218789 0.984361 -0.020795 0.020838 0.033875 38.025002
79.366219 -0.211952 0.984361 -0.017640 0.020162 0.034651 38.130001
79.575783 -0.203218 0.984361 -0.010512 0.020540 0.035273 38.235001
79.785347 -0.193305 0.984361 -0.003226 0.020481 0.035776 38.340000
79.994911 -0.182992 0.984361 0.003088 0.019796 0.036178 38.445000
80.204475 -0.172946 0.984361 0.007344 0.020131 0.036501 38.549999
80.414078 -0.163600 0.984361 0.008789 0.020119 0.036760 38.654999
80.623802 -0.155100 0.984361 0.007696 0.020801 0.036969 38.759998
80.833527 -0.147339 0.984361 0.005680 0.019937 0.037136 38.865002
81.083199 -0.138744 0.984361 0.002211 0.020563 0.037294 38.990002
81.302910 -0.131379 0.984361 -0.000278 0.020183 0.037402 39.099998
81.512634 -0.124238 0.984361 -0.001798 0.019816 0.037484 39.205002
81.722359 -0.116826 0.984361 -0.002334 0.020842 0.037549 39.310001
81.932083 -0.109089 0.984361 -0.001994 0.020913 0.037602 39.415001
82.141808 -0.101066 0.984361 -0.001084 0.020650 0.037644 39.520000
82.351532 -0.092856 0.984361 0.000023 0.020595 0.037677 39.625000
82.561256 -0.084576 0.984361 0.000976 0.019945 0.037704 39.730000
82.780968 -0.075937 0.984361 0.001663 0.020341 0.037726 39.840000
82.990692 -0.067790 0.984361 0.001880 0.020706 0.037742 39.945000
83.200417 -0.059763 0.984361 0.001770 0.020631 0.037756 40.049999
83.410141 -0.051845 0.984361 0.001440 0.020761 0.037766 40.154999
83.619911 -0.044000 0.984361 0.001104 0.020038 0.037774 40.259998
83.829636 -0.036194 0.984361 0.000692 0.020527 0.037780 40.365002
84.038948 -0.028071 0.984361 -0.061806 -0.069670 0.125166 40.470001
84.291069 -0.009329 0.984361 -0.135350 -0.116999 0.357425 40.605000
84.490356 0.020851 0.984361 -0.157518 -0.040900 0.521636 40.724998
84.686493 0.072378 0.984361 -0.155992 0.018130 0.660141 40.855000
84.873764 0.149295 0.984361 -0.156634 0.043434 0.796379 40.990002
85.051102 0.254669 0.984361 -0.130415 0.049219 0.914172 41.130001
85.211487 0.383144 0.984361 -0.138336 0.052661 1.058489 41.270000
85.352951 0.532177 0.984361 -0.109201 0.048864 1.154461 41.410000
85.485046 0.709672 0.984361 -0.122648 0.045951 1.297834 41.560001
85.587364 0.889171 0.984361 -0.077314 0.041122 1.374574 41.700001
85.671753 1.071110 0.984361 -0.081241 0.036771 1.421071 41.834999
85.748894 1.281444 0.984361 -0.093217 0.034018 1.487719 41.985001
85.801147 1.476717 0.984361 -0.096881 0.032269 1.550237 42.119999
85.836502 1.676056 0.984361 -0.087993 0.028342 1.610825 42.255001
85.855995 1.877832 0.984361 -0.069988 0.025234 1.667764 42.389999
85.861763 2.080777 0.984361 -0.077852 0.024286 1.738057 42.525002
85.853256 2.284499 0.984361 -0.086191 0.141393 1.807811 42.660000
85.824570 2.504226 0.984361 -0.080403 0.161821 1.884608 42.794998
85.782677 2.707417 0.984361 -0.021957 0.105237 1.921710 42.910000
85.735222 2.910570 0.984361 0.010573 0.066772 1.906740 43.020000
85.688187 3.109643 0.984361 -0.007968 0.045486 1.896018 43.125000
85.638771 3.311041 0.984361 -0.023006 0.033346 1.887437 43.230000
85.583427 3.522706 0.984361 -0.027672 0.026104 1.880247 43.340000
85.524269 3.734112 0.984361 -0.022423 0.022530 1.874519 43.450001
85.464897 3.935479 0.984361 -0.013022 0.020272 1.870144 43.555000
85.406677 4.126978 0.984361 -0.002654 0.019358 1.866755 43.654999
85.347824 4.318406 0.984361 0.006573 0.018812 1.864007 43.755001
85.289246 4.509963 0.984361 0.012937 0.018278 1.861785 43.855000
85.226456 4.721118 0.984361 0.086001 0.016381 1.794635 43.965000
85.173248 4.924058 0.984361 0.025622 0.020017 1.773631 44.070000
85.120171 5.147427 0.984361 0.024480 0.021756 1.742627 44.185001
85.074631 5.352126 0.984361 0.011057 0.021700 1.747954 44.290001
85.030052 5.557239 0.984361 0.012805 0.020855 1.752213 44.395000
84.987839 5.762898 0.984361 0.088903 0.021450 1.680791 44.500000
84.952995 5.969609 0.984361 0.065472 0.024193 1.641622 44.605000
84.925171 6.177171 0.984361 0.080806 0.024750 1.558849 44.709999
84.903267 6.385190 0.984361 -0.001430 0.022491 1.579711 44.814999
84.881798 6.593471 0.984361 0.005217 0.023335 1.589238 44.919998
84.860962 6.802073 0.984361 0.020516 0.023327 1.596936 45.025002
84.842308 7.011025 0.984361 0.029167 0.022513 1.603148 45.130001
84.826698 7.220302 0.984361 0.029416 0.021345 1.608099 45.235001
84.812492 7.459786 0.984361 0.021682 0.020448 1.612560 45.355000
84.802780 7.669475 0.984361 0.069298 0.019514 1.570513 45.459999
84.799995 7.879008 0.984361 0.090591 0.021701 1.473689 45.564999
84.807732 8.097693 0.984361 0.087376 0.025385 1.380257 45.674999
84.830917 8.354317 0.984361 0.094083 0.030884 1.278105 45.805000
84.861122 8.569977 0.984361 0.023825 0.030477 1.294343 45.915001
84.893974 8.775977 0.984361 0.030611 0.028951 1.304410 46.020000
84.930824 8.981921 0.984361 0.041042 0.025612 1.312414 46.125000
84.972511 9.187300 0.984361 0.039939 0.023132 1.318870 46.230000
85.018845 9.391921 0.984361 0.030512 0.020808 1.324103 46.334999
85.068680 9.595865 0.984361 0.013692 0.020408 1.328277 46.439999
85.122803 9.809196 0.984361 -0.002351 0.019528 1.331788 46.549999
85.172173 10.003177 0.984361 -0.013695 0.019437 1.334332 46.650002
85.220573 10.197428 0.984361 -0.019394 0.018821 1.336392 46.750000
85.269768 10.401753 0.984361 -0.020072 0.018805 1.338153 46.855000
85.315025 10.596711 0.984361 -0.016741 0.019451 1.339517 46.955002
85.359055 10.791970 0.984361 -0.011465 0.019208 1.340602 47.055000
85.402344 10.987418 0.984361 -0.006102 0.019351 1.341497 47.154999
85.445374 11.182934 0.984361 -0.001696 0.018879 1.342224 47.255001
85.488586 11.378387 0.984361 0.001436 0.018825 1.342810 47.355000
85.532272 11.573727 0.984361 0.002696 0.019485 1.343284 47.455002
85.576538 11.768971 0.984361 0.002276 0.019657 1.343676 47.555000
85.621338 11.964130 0.984361 0.000640 0.018818 1.343991 47.654999
85.666512 12.159196 0.984361 -0.001265 0.019388 1.344248 47.755001
85.711830 12.354220 0.984361 -0.003245 0.018819 1.344455 47.855000
85.757149 12.549210 0.984361 -0.004620 0.018728 1.344623 47.955002
85.802391 12.744213 0.984361 -0.005310 0.019350 1.344759 48.055000
85.847450 12.939273 0.984361 -0.005505 0.019070 1.344870 48.154999
85.892288 13.134361 0.984361 -0.005177 0.019066 1.344960 48.255001
85.936966 13.329483 0.984361 -0.004586 0.018822 1.345034 48.355000
85.983749 13.534385 0.984361 -0.003638 0.019600 1.345095 48.459999
86.028305 13.729560 0.984361 -0.003228 0.018833 1.345143 48.560001
86.072861 13.924723 0.984361 -0.002854 0.018826 1.345182 48.660000
86.117424 14.119864 0.984361 -0.002641 0.018761 1.345214 48.759998
86.162132 14.314975 0.984361 -0.002581 0.019349 1.345239 48.860001
86.206841 14.510077 0.984361 -0.002846 0.018820 1.345260 48.959999
86.251640 14.705161 0.984361 -0.003073 0.018687 1.345276 49.060001
86.296501 14.900226 0.984361 -0.003298 0.019288 1.345290 49.160000
86.341362 15.095282 0.984361 -0.003699 0.018521 1.345301 49.259998
86.386108 15.290317 0.984361 -0.003697 0.019131 1.345310 49.360001
86.430649 15.485401 0.984361 -0.055084 0.017650 1.384425 49.459999
86.473694 15.690841 0.984361 -0.085857 0.018779 1.456801 49.564999
86.510490 15.897095 0.984361 -0.031424 0.023175 1.462688 49.669998
86.546692 16.123795 0.984361 -0.035480 0.022034 1.462757 49.785000
86.577278 16.341354 0.984361 -0.039354 0.021472 1.462809 49.895000
86.603806 16.549412 0.984361 0.042554 0.017945 1.379310 50.000000
86.631859 16.757067 0.984361 -0.026212 0.018991 1.390500 50.105000
86.659195 16.964748 0.984361 0.015561 0.020247 1.345617 50.209999
86.688362 17.172115 0.984361 0.007356 0.022100 1.350396 50.314999
86.719040 17.379435 0.984361 0.024678 0.022475 1.354012 50.419998
86.753365 17.586256 0.984361 0.102336 0.021701 1.299809 50.525002
86.798004 17.790491 0.984361 0.077338 0.025377 1.235614 50.630001
86.851189 17.992565 0.984361 0.018535 0.025002 1.247924 50.735001
86.909866 18.204023 0.976067 0.004829 0.022510 1.258075 50.845001
86.972237 18.435349 0.970459 -0.111464 0.015441 1.408779 50.965000
87.020828 18.658691 0.971450 -0.021081 0.023677 1.444693 51.080002
87.061249 18.863514 0.972209 -0.080034 0.025771 1.496360 51.185001
87.093811 19.069515 0.972857 -0.108120 0.029105 1.583282 51.290001
87.115639 19.276447 0.973410 -0.088606 0.032101 1.630001 51.395000
87.127533 19.484024 0.973878 -0.067918 0.032580 1.681736 51.500000
87.131668 19.692142 0.974278 -0.028661 0.030630 1.666465 51.605000
87.132149 19.900999 0.974615 -0.029481 0.027523 1.654278 51.709999
87.129265 20.110348 0.974903 -0.029070 0.024534 1.644467 51.814999
87.123100 20.319893 0.975148 -0.023189 0.022344 1.636534 51.919998
87.114365 20.529469 0.975357 -0.012888 0.021273 1.630139 52.025002
87.104218 20.739073 0.975532 -0.001582 0.020442 1.625087 52.130001
87.093834 20.948692 0.975682 0.006556 0.020740 1.620973 52.235001
87.084015 21.158369 0.975810 0.011224 0.019917 1.617685 52.340000
87.075294 21.368053 0.975918 0.012328 0.019522 1.615037 52.445000
87.067795 21.577726 0.976011 0.010205 0.020206 1.612922 52.549999
87.060699 21.807405 0.976096 0.006039 0.020479 1.611070 52.665001
87.054817 22.017143 0.976162 0.002084 0.020479 1.609730 52.770000
87.048775 22.236872 0.976220 -0.001154 0.020529 1.608607 52.880001
87.042534 22.456615 0.976269 -0.003089 0.021013 1.607713 52.990002
87.035530 22.686399 0.976312 -0.003452 0.020387 1.606969 53.105000
87.028664 22.896204 0.976346 -0.002660 0.020588 1.606431 53.209999
87.021461 23.106009 0.976374 -0.001344 0.020708 1.605998 53.314999
87.014046 23.315807 0.976398 0.000041 0.019739 1.605649 53.419998
87.006401 23.525537 0.976418 -0.047440 0.017770 1.640193 53.525002
86.993675 23.734550 0.976436 -0.099107 0.020531 1.749732 53.630001
86.968735 23.961725 0.976452 -0.027869 0.025518 1.777053 53.744999
86.941422 24.168858 0.976465 -0.019526 0.025014 1.770881 53.849998
86.911453 24.376074 0.976475 -0.024165 0.023512 1.765903 53.955002
86.878510 24.583162 0.976484 -0.023706 0.022374 1.761914 54.060001
86.842712 24.789997 0.976492 -0.017761 0.021186 1.758720 54.165001
86.806564 24.986748 0.976498 -0.010074 0.019842 1.756253 54.264999
86.769226 25.183346 0.976503 -0.000361 0.020210 1.754265 54.365002
86.731560 25.379938 0.976508 0.006450 0.019279 1.752637 54.465000
86.692184 25.576109 0.976512 -0.013417 0.018249 1.807475 54.564999
86.646919 25.781012 0.976515 -0.013678 0.019875 1.852754 54.669998
86.592827 26.014597 0.976518 0.011452 0.019874 1.844287 54.790001
86.545990 26.219261 0.976521 0.003120 0.020567 1.838784 54.895000
86.501259 26.414280 0.976523 -0.004429 0.020371 1.834537 54.994999
86.455696 26.609179 0.976524 -0.008977 0.019107 1.831084 55.095001
86.408791 26.803770 0.976526 -0.054493 0.019992 1.857207 55.195000
86.357681 26.997198 0.976527 -0.016953 0.020124 1.873408 55.294998
86.304207 27.190039 0.976528 -0.001591 0.019953 1.869289 55.395000
86.250099 27.382803 0.976529 -0.000510 0.019773 1.865972 55.494999
86.187302 27.604435 0.976531 -0.000851 0.018834 1.862904 55.610001
86.132195 27.797052 0.976531 -0.000568 0.018990 1.860757 55.709999
86.073891 27.999193 0.976531 0.000671 0.017865 1.858950 55.814999
86.018097 28.191566 0.976531 0.002195 0.018490 1.857563 55.915001
85.962135 28.383875 0.976531 0.003555 0.019020 1.856434 56.014999
85.906151 28.576204 0.976531 0.004868 0.018480 1.855529 56.115002
85.850304 28.768547 0.976531 0.005313 0.018962 1.854794 56.215000
85.794601 28.960947 0.976531 0.005411 0.018576 1.854192 56.314999
85.739052 29.153397 0.976531 0.005217 0.018100 1.853701 56.415001
85.683655 29.345848 0.976531 0.004584 0.018606 1.853298 56.514999
85.628265 29.538313 0.976531 0.003896 0.019260 1.852972 56.615002
85.572876 29.730808 0.976531 0.003652 0.018529 1.852709 56.715000
85.517487 29.923298 0.976531 0.003357 0.018886 1.852495 56.814999
85.462097 30.115805 0.976531 0.003216 0.018966 1.852321 56.915001
85.406708 30.308319 0.976531 0.003187 0.018674 1.852178 57.014999
85.351181 30.500801 0.976531 0.003297 0.018313 1.852063 57.115002
85.295639 30.693249 0.976531 0.003530 0.018346 1.851971 57.215000
85.240097 30.885674 0.976531 0.003550 0.019349 1.851896 57.314999
85.184555 31.078167 0.976531 0.003671 0.019275 1.851834 57.415001
85.129013 31.270727 0.976531 0.003718 0.019165 1.851784 57.514999
85.073471 31.463331 0.976531 0.003842 0.018311 1.851745 57.615002
85.017929 31.655910 0.976531 0.003769 0.018604 1.851711 57.715000
84.962387 31.848476 0.976531 0.003761 0.018630 1.851684 57.814999
84.906845 32.041039 0.976531 0.003819 0.018309 1.851663 57.915001
84.851303 32.233604 0.976531 0.003733 0.018791 1.851645 58.014999
84.795761 32.426170 0.976531 0.003776 0.018547 1.851631 58.115002
84.740219 32.618736 0.976531 0.003733 0.018794 1.851619 58.215000
84.684677 32.811302 0.976531 0.003816 0.018337 1.851609 58.314999
84.629135 33.003815 0.976531 0.003805 0.018461 1.851602 58.415001
84.573593 33.196304 0.976531 0.003734 0.019009 1.851596 58.514999
84.518051 33.388794 0.976531 0.003822 0.018686 1.851591 58.615002
84.464211 33.581703 0.976531 0.031831 0.018324 1.800510 58.715000
84.414917 33.775547 0.976531 0.079695 0.020090 1.710432 58.814999
84.371094 33.980289 0.976531 0.084551 0.023281 1.622450 58.919998
84.336578 34.185986 0.976531 0.094783 0.028890 1.539562 59.025002
84.312408 34.392384 0.976531 0.075652 0.033127 1.485282 59.130001
84.296341 34.619255 0.976531 0.045251 0.034081 1.474717 59.244999
84.287865 34.827442 0.976531 0.051611 0.032039 1.486296 59.349998
84.285217 35.036404 0.976531 0.058122 0.027406 1.495566 59.455002
84.288895 35.245697 0.976531 0.051317 0.023494 1.502993 59.560001
84.298042 35.455021 0.976531 0.034285 0.021596 1.508960 59.665001
84.310814 35.664291 0.976531 0.014299 0.020645 1.513796 59.770000
84.327148 35.903461 0.976531 -0.007228 0.020950 1.518157 59.889999
84.340805 36.112839 0.976531 -0.018845 0.021062 1.521177 59.994999
84.352554 36.322376 0.976531 -0.022599 0.020780 1.523612 60.099998
84.362015 36.532063 0.976531 -0.020524 0.020720 1.525588 60.205002
84.369438 36.741856 0.976531 -0.014391 0.020373 1.527150 60.310001
84.375443 36.951660 0.976531 -0.006890 0.019960 1.528406 60.415001
84.380806 37.161465 0.976531 0.000066 0.020586 1.529425 60.520000
84.386322 37.371269 0.976531 0.005190 0.020327 1.530238 60.625000
84.392479 37.581059 0.976531 0.007360 0.021014 1.530889 60.730000
84.399857 37.800816 0.976531 0.006880 0.020164 1.531434 60.840000
84.407730 38.010540 0.976531 0.004645 0.020233 1.531851 60.945000
84.416176 38.220264 0.976531 0.001675 0.020449 1.532183 61.049999
84.424873 38.429989 0.976531 -0.000871 0.020033 1.532452 61.154999
84.433533 38.639713 0.976531 -0.002758 0.020525 1.532666 61.259998
84.442001 38.849438 0.976531 -0.003620 0.019730 1.532842 61.365002
84.451309 39.089123 0.976531 -0.003487 0.020743 1.533000 61.485001
84.460968 39.348824 0.976531 -0.002616 0.020171 1.533131 61.615002
84.468536 39.558548 0.976531 -0.001599 0.020231 1.533215 61.720001
84.476067 39.768272 0.976531 -0.000628 0.020389 1.533281 61.825001
84.483597 39.977997 0.976531 -0.000045 0.020224 1.533335 61.930000
84.491150 40.187721 0.976531 0.000289 0.020009 1.533379 62.035000
84.499207 40.407433 0.976531 0.000297 0.020346 1.533415 62.145000
84.507019 40.617157 0.976531 0.000052 0.020911 1.533442 62.250000
84.514870 40.826923 0.976531 -0.000307 0.020730 1.533464 62.355000
84.522812 41.036728 0.976531 -0.000618 0.019937 1.533482 62.459999
84.530823 41.246532 0.976531 -0.001012 0.019859 1.533497 62.564999
84.540176 41.496300 0.976531 -0.001164 0.020480 1.533510 62.689999
84.548027 41.706104 0.976531 -0.001066 0.020771 1.533519 62.794998
84.555878 41.915909 0.976531 -0.001029 0.019860 1.533527 62.900002
84.563728 42.125713 0.976531 -0.000943 0.020623 1.533532 63.005001
84.571465 42.335518 0.976531 -0.000856 0.020777 1.533537 63.110001
84.579155 42.545322 0.976531 -0.000599 0.020101 1.533540 63.215000
84.586937 42.755127 0.976531 -0.000418 0.020450 1.533543 63.320000
84.592773 42.964863 0.976531 -0.021849 0.019753 1.585321 63.424999
84.595963 43.174507 0.976531 -0.003454 0.021210 1.582096 63.529999
84.598648 43.384258 0.976531 -0.004377 0.021328 1.579538 63.634998
84.600700 43.594063 0.976531 -0.050550 0.020210 1.607457 63.740002
84.596657 43.823486 0.976531 -0.051066 0.021566 1.685651 63.855000
84.586792 44.032494 0.976531 -0.014795 0.023137 1.681268 63.959999
84.574814 44.241558 0.976531 -0.019386 0.023455 1.677764 64.065002
84.558243 44.480591 0.976531 -0.023589 0.022195 1.674583 64.184998
84.540833 44.689663 0.976531 -0.020591 0.021674 1.672393 64.290001
84.521057 44.898632 0.976531 -0.013911 0.020843 1.670629 64.394997
84.499626 45.107498 0.976531 -0.005506 0.020317 1.669206 64.500000
84.477440 45.316280 0.976531 0.002857 0.020566 1.668066 64.605003
84.456429 45.515179 0.976531 0.008183 0.020210 1.667193 64.705002
84.436050 45.714149 0.976531 0.010595 0.020276 1.666473 64.805000
84.416519 45.913208 0.976531 0.010620 0.020297 1.665898 64.904999
84.397835 46.112350 0.976531 0.008796 0.020110 1.665424 65.004997
84.379814 46.311554 0.976531 0.005886 0.020263 1.665044 65.105003
84.361313 46.520725 0.976531 0.002976 0.019554 1.664720 65.209999
84.342888 46.729889 0.976531 0.000238 0.020502 1.664459 65.315002
84.324341 46.939053 0.976531 -0.001266 0.020452 1.664250 65.419998
84.307297 47.148251 0.976531 0.019488 0.020254 1.617634 65.525002
84.292664 47.357567 0.976531 0.015239 0.020960 1.615070 65.629997
84.279152 47.577038 0.976531 0.021555 0.020623 1.612907 65.739998
84.268074 47.796650 0.976531 0.023281 0.020113 1.611191 65.849998
84.260109 48.006355 0.976531 0.068804 0.018447 1.572330 65.955002
84.257118 48.216011 0.976531 0.020578 0.021045 1.562540 66.059998
84.256630 48.425686 0.976531 0.008300 0.020646 1.563832 66.165001
84.257080 48.635410 0.976531 0.004319 0.020318 1.564867 66.269997
84.258087 48.865143 0.976531 0.001353 0.020387 1.565769 66.385002
84.259209 49.074947 0.976531 -0.000740 0.020035 1.566427 66.489998
84.260231 49.284672 0.976531 -0.002138 0.020033 1.566955 66.595001
84.261063 49.504402 0.976531 -0.002586 0.020953 1.567389 66.705002
84.261589 49.714207 0.976531 -0.002315 0.020796 1.567732 66.809998
84.261864 49.924053 0.976531 -0.001643 0.019902 1.568007 66.915001
84.261749 50.133842 0.976531 -0.056975 0.018239 1.611515 67.019997
84.258568 50.343437 0.976531 -0.008607 0.021272 1.610181 67.125000
84.251892 50.552830 0.976531 -0.025751 0.021164 1.663969 67.230003
84.241417 50.771992 0.976531 -0.007342 0.022421 1.659046 67.339996
84.229156 51.001247 0.976531 -0.008949 0.020974 1.654991 67.455002
84.216766 51.210571 0.976531 -0.010362 0.020965 1.652034 67.559998
84.199699 51.469734 0.976531 -0.008459 0.020693 1.649159 67.690002
84.184715 51.679058 0.976531 -0.004632 0.020930 1.647339 67.794998
84.168343 51.898350 0.976531 -0.000320 0.020294 1.645825 67.904999
84.152489 52.107674 0.976531 0.003085 0.019896 1.644674 68.010002
84.136856 52.317020 0.976531 0.005148 0.020246 1.643747 68.114998
84.121628 52.526424 0.976531 0.005732 0.020558 1.642999 68.220001
84.106857 52.735840 0.976531 0.005161 0.020267 1.642405 68.324997
84.092484 52.945324 0.976531 0.003799 0.020182 1.641929 68.430000
84.077690 53.164783 0.976531 0.002141 0.020585 1.641528 68.540001
84.063675 53.374268 0.976531 0.000877 0.020083 1.641222 68.644997
84.049576 53.583714 0.976531 0.000055 0.020015 1.640976 68.750000
84.035378 53.793118 0.976531 -0.000285 0.020081 1.640779 68.855003
84.021011 54.002522 0.976531 -0.000170 0.020298 1.640620 68.959999
84.006477 54.211926 0.976531 0.000267 0.020125 1.640492 69.065002
83.991859 54.421329 0.976531 0.000819 0.019870 1.640390 69.169998
83.977119 54.630733 0.976531 0.001405 0.019772 1.640308 69.275002
83.961006 54.860081 0.976531 0.001824 0.020676 1.640237 69.389999
83.946426 55.069485 0.976531 0.001986 0.019797 1.640185 69.495003
83.931847 55.278889 0.976531 0.001848 0.020496 1.640144 69.599998
83.917397 55.488293 0.976531 0.001639 0.020843 1.640111 69.705002
83.904396 55.697750 0.976531 0.018328 0.019613 1.598852 69.809998
83.893303 55.907234 0.976531 -0.007875 0.019796 1.604612 69.915001
83.881447 56.116642 0.976531 -0.009035 0.021017 1.609235 70.019997
83.866119 56.321522 0.976531 -0.113056 -0.139332 1.826534 70.125000
83.834938 56.550514 0.976531 -0.161576 -0.076918 2.034796 70.254997
83.775963 56.783268 0.976531 -0.141064 0.000362 2.197896 70.404999
83.701859 56.973545 0.976531 -0.088185 -0.110566 2.197894 70.540001
83.617165 57.155602 0.976531 -0.027240 -0.244310 2.035581 70.695000
83.521858 57.338795 0.976531 0.029618 -0.144703 1.779016 70.940002
83.415497 57.508896 0.976531 0.031225 -0.022985 1.166401 71.525002
83.556511 57.655064 0.976531 0.044718 0.258136 0.454772 72.610001
83.765579 57.756180 0.976531 -0.013732 0.097937 0.358522 72.794998
83.964462 57.852821 0.976531 0.013916 0.044671 0.275684 72.949997
84.165939 57.945862 0.976531 0.047294 0.030179 0.198989 73.099998
84.352821 58.022099 0.976531 0.067975 0.027957 0.136287 73.235001
84.544579 58.086674 0.976531 0.054180 0.029256 0.098778 73.370003
84.740753 58.137478 0.976531 0.141088 0.030787 -0.037840 73.504997
84.954407 58.165279 0.976531 0.131434 0.039594 -0.201494 73.650002
85.160950 58.165100 0.976531 0.116902 0.042793 -0.347124 73.790001
85.365562 58.141144 0.976531 0.103884 0.042829 -0.476461 73.930000
85.566536 58.096214 0.976531 0.110651 0.041798 -0.597527 74.070000
85.760422 58.029514 0.976531 0.132801 0.051465 -0.745407 74.209999
85.943062 57.938362 0.976531 0.132379 0.053747 -0.868147 74.349998
86.122528 57.814262 0.976531 0.152624 0.060002 -1.032655 74.500000
86.269150 57.673695 0.976531 0.147397 0.060978 -1.171651 74.639999
86.394646 57.512875 0.976531 0.092054 0.052365 -1.241165 74.779999
86.504410 57.337646 0.976531 0.093941 0.042319 -1.293666 74.919998
86.595329 57.158077 0.976531 0.095130 0.034977 -1.352451 75.055000
86.675743 56.956257 0.976531 0.087081 0.028971 -1.413800 75.199997
86.740974 56.740498 0.976531 0.078364 0.025524 -1.482197 75.349998
86.785522 56.542213 0.976531 0.034570 0.020816 -1.511915 75.485001
86.822914 56.341732 0.976531 0.024343 0.017367 -1.496457 75.620003
86.856422 56.136662 0.976531 0.022125 0.167054 -1.484839 75.754997
86.884895 55.907810 0.976531 0.032060 0.135040 -1.517503 75.889999
86.903908 55.705074 0.976531 0.009338 0.086291 -1.510706 76.000000
86.921463 55.503960 0.976531 0.005245 0.055075 -1.505539 76.105003
86.938835 55.298935 0.976531 0.003030 0.037904 -1.501404 76.209999
86.956139 55.091892 0.976531 0.001237 0.030018 -1.498034 76.315002
86.973579 54.883762 0.976531 -0.000045 0.025087 -1.495338 76.419998
86.988861 54.675041 0.976531 0.047324 0.022465 -1.573135 76.525002
87.000023 54.466026 0.976531 -0.006934 0.021924 -1.562596 76.629997
87.011635 54.256817 0.976531 0.015125 0.021111 -1.569026 76.735001
87.021301 54.047573 0.976531 0.016670 0.021443 -1.605035 76.839996
87.028870 53.828274 0.976531 0.015559 0.022279 -1.599576 76.949997
87.034241 53.618759 0.976531 0.023945 0.022090 -1.595380 77.055000
87.037003 53.409096 0.976531 0.026629 0.022219 -1.592068 77.160004
87.036888 53.199310 0.976531 0.022552 0.021583 -1.589374 77.264999
87.033981 52.969524 0.976531 0.013787 0.020467 -1.587027 77.379997
87.029907 52.762070 0.976531 0.010856 -0.149208 -1.670442 77.485001
87.026085 52.557911 0.976531 0.044042 -0.323875 -1.790870 77.599998
87.025505 52.349514 0.976531 0.077954 -0.248745 -1.953187 77.754997
87.032242 52.148720 0.976531 0.084578 -0.126890 -2.199276 77.989998
87.053734 51.949051 0.976531 0.040090 -0.011402 -2.785698 78.550003
86.854843 51.996147 0.976531 0.024322 0.319701 2.629518 79.794998
86.678139 52.093853 0.976531 -0.025763 0.232898 2.607042 79.934998
86.494698 52.192104 0.976531 -0.001922 0.129296 2.560982 80.055000
86.314293 52.290749 0.976531 0.048027 0.075590 2.476017 80.165001
86.140038 52.393654 0.976531 0.075517 0.054394 2.395594 80.269997
85.960434 52.511532 0.976531 0.104581 0.047055 2.315254 80.379997
85.780190 52.647411 0.976531 0.132182 0.047472 2.231969 80.495003
85.618347 52.790833 0.976531 0.103601 0.047344 2.184597 80.605003
85.471855 52.937870 0.976531 0.077843 0.039471 2.196792 80.709999
85.330940 53.092224 0.976531 0.080796 0.030640 2.205505 80.815002
85.196014 53.253048 0.976531 0.071651 0.022329 2.212425 80.919998
85.072586 53.410965 0.976531 0.048007 0.018878 2.217718 81.019997
84.952515 53.571854 0.976531 0.023700 0.017219 2.222060 81.120003
84.833855 53.734093 0.976531 0.000163 0.016434 2.225556 81.220001
84.714928 53.896278 0.976531 -0.014983 0.015847 2.228419 81.320000
84.594604 54.057457 0.976531 -0.023162 0.015644 2.230749 81.419998
84.470535 54.215462 0.976531 -0.111564 0.014009 2.341696 81.519997
84.338730 54.366001 0.976531 -0.115962 0.020580 2.434433 81.620003
84.191727 54.515060 0.976531 -0.111641 0.025574 2.523560 81.724998
84.038040 54.657082 0.976531 -0.044398 0.025316 2.513348 81.830002
83.879578 54.794308 0.976531 -0.066036 0.024530 2.573077 81.934998
83.684921 54.950897 0.976531 -0.037472 0.022694 2.558797 82.059998
83.526131 55.073097 0.976531 -0.044416 0.020380 2.552488 82.160004
83.364540 55.192081 0.976531 -0.044839 0.018562 2.546793 82.260002
83.200356 55.307804 0.976531 -0.037833 0.016336 2.544355 82.360001
83.034172 55.420876 0.976531 -0.023379 0.016153 2.541578 82.459999
82.840416 55.546959 0.976531 -0.089456 0.015882 2.637823 82.574997
82.668358 55.650349 0.976531 -0.005026 0.017003 2.642704 82.675003
82.460327 55.771759 0.976531 -0.029947 0.018172 2.689608 82.794998
82.267693 55.879425 0.976531 -0.068387 0.019142 2.776574 82.904999
82.089836 55.970997 0.976531 -0.078629 0.021902 2.852151 83.004997
81.900803 56.061516 0.976531 -0.020576 0.022835 2.837518 83.110001
81.710274 56.147217 0.976531 -0.138980 -0.073221 2.971872 83.214996
81.517708 56.221062 0.976531 -0.162396 -0.110072 3.092619 83.324997
81.321976 56.280155 0.976531 -0.132670 -0.045091 -3.135823 83.445000
81.119209 56.322659 0.976531 -0.122324 -0.001492 -3.076819 83.574997
80.920219 56.344978 0.976531 -0.082684 0.013160 -3.036726 83.705002
80.707466 56.351677 0.976531 -0.063192 0.018042 -3.005137 83.845001
80.464790 56.345432 0.976531 -0.016036 0.014040 -3.032108 84.004997
80.237282 56.335213 0.976531 -0.005595 0.012390 -3.050319 84.154999
80.024940 56.324272 0.976531 0.000378 0.011380 -3.062878 84.294998
79.823067 56.313858 0.976531 0.008615 0.170438 -3.071705 84.425003
79.598732 56.303040 0.976531 0.008052 0.128180 -3.078360 84.555000
79.394051 56.293854 0.976531 0.006684 0.081722 -3.082809 84.665001
79.152512 56.283669 0.976531 0.004325 0.048442 -3.086703 84.790001
78.945976 56.275311 0.976531 0.002714 0.034402 -3.089283 84.894997
78.737862 56.267059 0.976531 0.001180 0.027364 -3.091352 85.000000
78.528976 56.258785 0.976531 0.000073 0.024346 -3.093020 85.105003
78.309700 56.249992 0.976531 -0.000529 0.022847 -3.094421 85.214996
78.100143 56.241425 0.976531 -0.000583 0.021654 -3.095492 85.320000
77.890434 56.232700 0.976531 -0.000268 0.020619 -3.096352 85.425003
77.680710 56.223850 0.976531 0.000240 0.020197 -3.097037 85.529999
77.460999 56.214535 0.976531 0.000758 0.020724 -3.097611 85.639999
77.241287 56.205219 0.976531 0.001104 0.020374 -3.098071 85.750000
77.031563 56.196327 0.976531 0.001270 0.020739 -3.098424 85.855003
76.821838 56.187469 0.976531 0.001380 0.020221 -3.098704 85.959999
76.612114 56.178665 0.976531 0.001320 0.020124 -3.098930 86.065002
76.402390 56.169933 0.976531 0.001170 0.019731 -3.099111 86.169998
76.192665 56.161201 0.976531 0.000935 0.020651 -3.099256 86.275002
75.933006 56.150391 0.976531 0.000802 0.020495 -3.099396 86.404999
75.723282 56.142006 0.976531 0.061237 0.018943 3.134933 86.510002
75.513817 56.139492 0.976531 0.087393 0.021244 3.037742 86.614998
75.305183 56.146519 0.976531 0.091541 0.025553 2.946853 86.720001
75.097305 56.161186 0.976531 0.013902 0.026772 2.963574 86.824997
74.859352 56.180969 0.976531 0.020913 0.025991 2.973031 86.945000
74.650909 56.201107 0.976531 0.029953 0.023977 2.979638 87.050003
74.442635 56.224766 0.976531 0.030859 0.022278 2.984925 87.154999
74.234673 56.252014 0.976531 0.024194 0.020844 2.989183 87.260002
74.027000 56.282085 0.976531 0.012960 0.021016 2.992638 87.364998
73.819496 56.313751 0.976531 0.001146 0.020237 2.995385 87.470001
73.572495 56.351826 0.976531 -0.009742 0.019496 2.997965 87.595001
73.355003 56.384472 0.976531 -0.014717 0.019807 2.999738 87.705002
73.147240 56.414314 0.976531 -0.015440 0.019505 3.001102 87.809998
72.939285 56.442825 0.976531 -0.012489 0.019678 3.002183 87.915001
72.731178 56.470303 0.976531 -0.008369 0.019507 3.003055 88.019997
72.523056 56.497200 0.976531 -0.003863 0.019465 3.003757 88.125000
72.314835 56.523182 0.976531 -0.052229 0.019225 3.058816 88.230003
72.106293 56.545792 0.976531 -0.000093 0.020427 3.054509 88.334999
71.877823 56.570461 0.976531 0.003243 0.020519 3.051833 88.449997
71.669220 56.593311 0.976531 -0.053435 0.018389 3.089242 88.555000
71.460594 56.612843 0.976531 -0.023887 0.021144 3.101005 88.660004
71.251740 56.629589 0.976531 -0.027403 0.022356 3.100972 88.764999
71.042534 56.643459 0.976531 -0.030971 0.021434 3.100945 88.870003
70.803108 56.655457 0.976531 -0.026687 0.020321 3.100922 88.989998
70.593445 56.663033 0.976531 -0.017718 0.020343 3.100906 89.095001
70.383720 56.668877 0.976531 -0.007122 0.020067 3.100892 89.199997
70.173996 56.672684 0.976531 -0.062188 0.020312 -3.108117 89.305000
69.964272 56.671238 0.976531 0.004201 0.019778 -3.085828 89.410004
69.754578 56.669853 0.976531 0.043799 0.017657 -3.100090 89.514999
69.545013 56.672783 0.976531 0.038148 0.019242 -3.111683 89.620003
69.335449 56.679592 0.976531 0.021848 0.020508 -3.121003 89.724998
69.125885 56.688587 0.976531 0.004386 0.020685 -3.128428 89.830002
68.916191 56.697964 0.976531 -0.009559 0.020906 -3.134422 89.934998
68.696480 56.706635 0.976531 -0.017749 0.021547 -3.139426 90.044998
68.466644 56.713493 0.976531 -0.018842 0.020973 3.139649 90.160004
68.216782 56.718288 0.976531 -0.013992 0.020628 3.136136 90.285004
68.006897 56.720665 0.976531 -0.007580 0.020182 3.133824 90.389999
67.797012 56.722282 0.976531 -0.001347 0.020231 3.131962 90.495003
67.587128 56.723793 0.976531 0.003732 0.020661 3.130468 90.599998
67.377182 56.725731 0.976531 0.006297 0.020466 3.129258 90.705002
67.167259 56.728363 0.976531 0.006717 0.020356 3.128296 90.809998
66.957375 56.731735 0.976531 0.005450 0.020104 3.127518 90.915001
66.747490 56.735695 0.976531 0.003045 0.020486 3.126899 91.019997
66.537605 56.740002 0.976531 0.000615 0.020810 3.126398 91.125000
66.327721 56.744408 0.976531 -0.001322 0.020527 3.125993 91.230003
66.087852 56.749287 0.976531 -0.002636 0.020642 3.125627 91.349998
65.857910 56.753666 0.976531 -0.002858 0.020216 3.125353 91.464996
65.648026 56.757385 0.976531 -0.002424 0.020232 3.125156 91.570000
65.438141 56.760883 0.976531 -0.001604 0.020325 3.124996 91.675003
65.208267 56.764572 0.976531 -0.000606 0.020306 3.124859 91.790001
64.998383 56.767910 0.976531 0.000098 0.020221 3.124759 91.894997
64.788498 56.771286 0.976531 0.000513 0.020059 3.124678 92.000000
64.578613 56.774757 0.976531 0.000617 0.020653 3.124613 92.105003
64.368729 56.778324 0.976531 0.000476 0.021267 3.124559 92.209999
64.158844 56.781979 0.976531 0.000207 0.020241 3.124518 92.315002
63.948959 56.785664 0.976531 -0.000132 0.019643 3.124485 92.419998
63.739075 56.789421 0.976531 -0.000428 0.020222 3.124458 92.525002
63.529190 56.793125 0.976531 -0.000656 0.020260 3.124436 92.629997
63.309311 56.796986 0.976531 -0.000703 0.020139 3.124418 92.739998
63.079437 56.800976 0.976531 -0.000661 0.020663 3.124403 92.855003
62.869553 56.804581 0.976531 -0.000536 0.020296 3.124393 92.959999
62.619690 56.808872 0.976531 -0.000407 0.020579 3.124383 93.084999
62.409729 56.812477 0.976531 -0.000350 0.020254 3.124378 93.190002
62.199764 56.816082 0.976531 -0.000319 0.020068 3.124373 93.294998
61.989876 56.819687 0.976531 -0.000282 0.020768 3.124368 93.400002
61.779942 56.823292 0.976531 -0.000272 0.020709 3.124363 93.504997
61.569977 56.826897 0.976531 -0.000291 0.019785 3.124359 93.610001
61.360123 56.828987 0.976531 -0.021388 0.019193 -3.112299 93.714996
61.150417 56.828228 0.976531 -0.045983 0.020647 -3.077158 93.820000
60.940853 56.824219 0.976531 -0.012697 0.022150 -3.079826 93.925003
60.731209 56.818512 0.976531 -0.013825 0.021222 -3.081452 94.029999
60.521564 56.811142 0.976531 -0.017162 0.021357 -3.082754 94.135002
60.282001 56.800144 0.976531 -0.065138 0.019972 -3.047394 94.254997
60.073151 56.783550 0.976531 -0.098163 0.022163 -2.948661 94.360001
59.866051 56.756538 0.976531 -0.042456 0.024803 -2.892368 94.464996
59.649925 56.722363 0.976531 -0.013615 0.024767 -2.898695 94.574997
59.433754 56.685696 0.976531 -0.026401 0.024270 -2.903698 94.684998
59.227673 56.647335 0.976531 -0.033094 0.022669 -2.907524 94.790001
59.022129 56.605087 0.976531 -0.030292 0.021167 -2.910891 94.894997
58.807106 56.559185 0.976531 0.026418 0.018603 -2.990951 95.004997
58.601585 56.517452 0.976531 -0.000053 0.020325 -2.989386 95.110001
58.395927 56.475838 0.976531 0.013097 0.018881 -2.987936 95.214996
58.191200 56.435230 0.976531 -0.028292 -0.039847 -2.931212 95.320000
57.984035 56.393185 0.976531 0.001764 -0.049104 -2.899903 95.430000
57.772976 56.351093 0.976531 -0.023590 0.058942 -2.863612 95.544998
57.567127 56.310112 0.976531 0.059430 0.051367 -2.923098 95.654999
57.366199 56.273846 0.976531 0.007816 0.041726 -2.897766 95.760002
57.162727 56.237400 0.976531 0.009429 0.033101 -2.906978 95.864998
56.938099 56.197525 0.976531 -0.004921 0.027612 -2.912936 95.980003
56.732273 56.159988 0.976531 -0.014041 0.024359 -2.917304 96.084999
56.526112 56.122143 0.976531 0.034599 0.018873 -2.996033 96.190002
56.319534 56.086842 0.976531 0.001471 0.021229 -2.998371 96.294998
56.112778 56.051739 0.976531 0.009784 0.020928 -2.999819 96.400002
55.905739 56.017498 0.976531 0.019529 0.020784 -3.000988 96.504997
55.698215 55.986370 0.976531 0.043668 0.020292 -3.043318 96.610001
55.490181 55.959564 0.976531 0.013742 0.020411 -3.038253 96.714996
55.281940 55.934101 0.976531 0.005547 0.020773 -3.034151 96.820000
55.073597 55.909031 0.976531 0.001775 0.020596 -3.030872 96.925003
54.865158 55.884041 0.976531 0.036650 0.019238 -3.054802 97.029999
54.656582 55.860836 0.976531 0.010095 0.019967 -3.054429 97.135002
54.447876 55.839447 0.976531 0.041411 0.019832 -3.092232 97.239998
54.229004 55.821083 0.976531 0.074626 0.019381 -3.137449 97.349998
54.020058 55.809769 0.976531 0.038990 0.023267 3.123156 97.455002
53.810913 55.803139 0.976531 0.037529 0.024000 3.123375 97.559998
53.601719 55.803299 0.976531 0.118863 0.024237 3.023148 97.665001
53.353477 55.816608 0.976531 0.027730 0.025501 3.021990 97.790001
53.134911 55.832897 0.976531 0.015575 0.023683 3.028474 97.900002
52.926102 55.850441 0.976531 0.010939 0.022519 3.033427 98.004997
52.717197 55.869396 0.976531 0.006443 0.021154 3.037432 98.110001
52.508236 55.889202 0.976531 0.001269 0.020705 3.040627 98.214996
52.299232 55.909302 0.976531 -0.003369 0.020952 3.043181 98.320000
52.100105 55.928284 0.976531 -0.006106 0.020061 3.045152 98.419998
51.900913 55.946835 0.976531 -0.007237 0.019778 3.046739 98.519997
51.691692 55.963093 0.976531 -0.090101 0.019693 -3.128740 98.625000
51.482437 55.972607 0.976531 -0.016697 0.022300 -3.129993 98.730003
51.272999 55.979816 0.976531 -0.017980 0.022752 -3.131046 98.834999
51.043369 55.985382 0.976531 -0.025203 0.021900 -3.131961 98.949997
50.823589 55.987667 0.976531 -0.025699 0.021060 -3.132652 99.059998
50.613739 55.987038 0.976531 -0.021150 0.020088 -3.133183 99.165001
50.403854 55.984241 0.976531 -0.011386 0.020507 -3.133605 99.269997
50.174053 55.979820 0.976531 -0.001493 0.020611 -3.133973 99.385002
49.954258 55.975380 0.976531 0.005684 0.020577 -3.134252 99.495003
49.744373 55.971733 0.976531 0.009353 0.020796 -3.134466 99.599998
49.534489 55.969070 0.976531 0.009985 0.020407 -3.134637 99.705002
49.314610 55.967388 0.976531 0.008003 0.020319 -3.134780 99.815002
49.104736 55.966084 0.976531 -0.059368 0.019780 -3.081151 99.919998
48.895065 55.961296 0.976531 -0.001574 0.020578 -3.080821 100.025002
48.685421 55.955872 0.976531 0.002123 0.020777 -3.084585 100.129997
48.455761 55.949944 0.976531 -0.004504 0.020446 -3.087845 100.245003
48.246037 55.943905 0.976531 -0.008892 0.020568 -3.090229 100.349998
48.036381 55.936943 0.976531 0.036756 0.018610 -3.126089 100.455002
47.826805 55.932251 0.976531 0.008929 0.020299 3.131853 100.559998
47.617222 55.929035 0.976531 0.011406 0.022010 3.130378 100.665001
47.407520 55.927132 0.976531 0.018618 0.020747 3.129201 100.769997
47.197765 55.927223 0.976531 0.020675 0.021452 3.128243 100.875000
46.957989 55.930046 0.976531 0.017182 0.020590 3.127382 100.995003
46.748184 55.934502 0.976531 0.010682 0.020444 3.126785 101.099998
46.538380 55.940094 0.976531 0.003431 0.020615 3.126304 101.205002
46.318584 55.946342 0.976531 -0.002955 0.020197 3.125903 101.315002
46.108780 55.952000 0.976531 -0.006806 0.020246 3.125596 101.419998
45.898975 55.956947 0.976531 -0.008087 0.020526 3.125350 101.525002
45.689171 55.961075 0.976531 -0.007125 0.020564 3.125155 101.629997
45.479290 55.964500 0.976531 -0.004844 0.020680 3.124996 101.735001
45.259361 55.967590 0.976531 -0.002016 0.020573 3.124863 101.845001
45.049397 55.970341 0.976531 0.000362 0.020460 3.124762 101.949997
44.839432 55.973183 0.976531 0.001883 0.020549 3.124681 102.055000
44.599472 55.976723 0.976531 0.002499 0.019613 3.124607 102.175003
44.369587 55.980473 0.976531 0.002098 0.020508 3.124553 102.290001
44.159702 55.984169 0.976531 0.001272 0.020521 3.124512 102.394997
43.949818 55.988110 0.976531 0.039452 0.019887 3.099718 102.500000
43.740078 55.994865 0.976531 0.035351 0.019997 3.064534 102.605003
43.530621 56.004833 0.976531 -0.001767 0.020283 3.050381 102.709999
43.321171 56.015270 0.976531 -0.007436 0.020668 3.055681 102.815002
43.111607 56.025246 0.976531 -0.000411 0.021053 3.059925 102.919998
42.901962 56.035431 0.976531 0.006169 0.020639 3.063346 103.025002
42.692318 56.046467 0.976531 0.009661 0.020997 3.066088 103.129997
42.482735 56.058681 0.976531 0.009591 0.020484 3.068272 103.235001
42.273193 56.072044 0.976531 0.007041 0.019968 3.070028 103.339996
42.053734 56.086987 0.976531 0.002727 0.020640 3.071506 103.449997
41.844250 56.101707 0.976531 -0.001043 0.020322 3.072629 103.555000
41.634785 56.116459 0.976531 -0.003706 0.019501 3.073539 103.660004
41.425339 56.130939 0.976531 -0.005317 0.019852 3.074267 103.764999
41.215855 56.145000 0.976531 -0.005566 0.019670 3.074853 103.870003
40.986420 56.159885 0.976531 -0.004428 0.020546 3.075362 103.985001
40.776936 56.173130 0.976531 -0.003103 0.019979 3.075729 104.089996
40.567451 56.186203 0.976531 -0.001585 0.020256 3.076025 104.195000
40.347992 56.199867 0.976531 -0.000375 0.020817 3.076275 104.305000
40.138474 56.212994 0.976531 0.000221 0.020520 3.076462 104.410004
39.928909 56.226280 0.976531 0.000323 0.020685 3.076613 104.514999
39.719372 56.240055 0.976531 0.058086 0.019657 3.032194 104.620003
39.510605 56.259586 0.976531 0.086284 0.021051 2.933532 104.724998
39.303478 56.287781 0.976531 0.086533 0.023723 2.851985 104.830002
39.098419 56.325001 0.976531 0.064644 0.027550 2.805802 104.934998
38.875786 56.374748 0.976531 0.045624 0.030546 2.777644 105.050003
38.673550 56.426708 0.976531 0.052073 0.029538 2.783314 105.154999
38.472321 56.484726 0.976531 0.008559 0.023116 2.825153 105.260002
38.271214 56.544479 0.976531 -0.031050 0.017420 2.928799 105.364998
38.031075 56.611370 0.976531 -0.057927 0.019146 3.039260 105.489998
37.828602 56.660881 0.976531 -0.086662 0.027454 3.124336 105.595001
37.615284 56.702328 0.976531 -0.076444 0.036458 -3.100000 105.705002
37.410065 56.732697 0.976531 -0.063659 0.039127 -3.111610 105.809998
37.203030 56.755722 0.976531 -0.080165 0.034878 -3.121007 105.915001
36.994663 56.770035 0.976531 -0.081734 0.028367 -3.128445 106.019997
36.785568 56.775631 0.976531 -0.064538 0.023970 -3.134443 106.125000
36.576149 56.774460 0.976531 -0.034627 0.022152 -3.139209 106.230003
36.336613 56.768768 0.976531 -0.003517 0.021078 3.139638 106.349998
36.126923 56.763000 0.976531 -0.036391 0.020562 -3.105160 106.455002
35.917324 56.754688 0.976531 0.018552 0.019148 -3.077517 106.559998
35.707771 56.747314 0.976531 -0.019145 0.019322 -3.042819 106.665001
35.458374 56.739559 0.976531 0.022069 0.020040 -3.053986 106.790001
35.248737 56.735062 0.976531 0.006791 0.021514 -3.060691 106.894997
35.038952 56.731068 0.976531 -0.008677 0.021483 -3.066101 107.000000
34.809380 56.723412 0.976531 -0.040880 0.022609 -3.025064 107.114998
34.600128 56.711319 0.976531 -0.023874 0.022146 -3.030991 107.220001
34.390995 56.696335 0.976531 -0.021890 0.021088 -3.035297 107.324997
34.182022 56.678822 0.976531 -0.017192 0.021009 -3.038736 107.430000
33.963219 56.658337 0.976531 -0.009042 0.020988 -3.041615 107.540001
33.734486 56.635571 0.976531 -0.000703 0.020431 -3.044003 107.654999
33.525642 56.614475 0.976531 0.005467 0.020024 -3.045747 107.760002
33.316757 56.593777 0.976531 0.009230 0.019879 -3.047140 107.864998
33.107800 56.573868 0.976531 0.009961 0.020678 -3.048260 107.970001
32.878757 56.554207 0.976531 0.082491 0.018676 -3.125264 108.084999
32.669582 56.542900 0.976531 0.012212 0.021358 -3.134713 108.190002
32.460308 56.533447 0.976531 0.000367 0.021230 -3.130213 108.294998
32.250912 56.524139 0.976531 0.004600 0.021979 -3.126563 108.400002
32.041351 56.515308 0.976531 0.008782 0.020933 -3.123630 108.504997
31.821718 56.507034 0.976531 0.010367 0.020528 -3.121201 108.614998
31.612034 56.500217 0.976531 0.009155 0.020211 -3.119341 108.720001
31.402306 56.494286 0.976531 0.005887 0.020980 -3.117854 108.824997
31.192503 56.488914 0.976531 0.002479 0.020845 -3.116648 108.930000
30.952698 56.483006 0.976531 -0.000821 0.020119 -3.115567 109.050003
30.742891 56.477695 0.976531 -0.002638 0.020622 -3.114816 109.154999
30.533047 56.472050 0.976531 -0.003172 0.020113 -3.114217 109.260002
30.323240 56.466011 0.976531 -0.002692 0.020151 -3.113729 109.364998
30.113436 56.459629 0.976531 -0.001605 0.020054 -3.113337 109.470001
29.893658 56.452713 0.976531 -0.000154 0.020212 -3.113012 109.580002
29.673899 56.445747 0.976531 0.001042 0.020252 -3.112755 109.690002
29.464134 56.439121 0.976531 0.001704 0.020028 -3.112557 109.794998
29.254370 56.432610 0.976531 0.001936 0.020682 -3.112400 109.900002
29.024620 56.425644 0.976531 0.001820 0.019886 -3.112263 110.014999
28.814869 56.419426 0.976531 0.001415 0.020015 -3.112163 110.120003
28.605145 56.413292 0.976531 0.000915 0.020065 -3.112083 110.224998
28.375477 56.406624 0.976531 0.000376 0.020935 -3.112015 110.339996
28.165739 56.400505 0.976531 0.000101 0.020569 -3.111965 110.445000
27.955975 56.394337 0.976531 0.000041 0.020651 -3.111924 110.550003
27.746187 56.388096 0.976531 0.000123 0.020889 -3.111892 110.654999
27.536350 56.381813 0.976531 0.000285 0.020413 -3.111865 110.760002
27.316486 56.375183 0.976531 0.000515 0.020891 -3.111843 110.870003
27.076580 56.367950 0.976531 0.000715 0.019679 -3.111825 110.989998
26.866703 56.361622 0.976531 0.000807 0.019798 -3.111812 111.095001
26.656860 56.355339 0.976531 0.000848 0.019806 -3.111802 111.199997
26.447056 56.349091 0.976531 0.000739 0.020470 -3.111792 111.305000
26.237251 56.342842 0.976531 0.000647 0.020438 -3.111786 111.410004
26.027447 56.336594 0.976531 0.000592 0.020377 -3.111781 111.514999
25.817642 56.330345 0.976531 0.000553 0.020627 -3.111776 111.620003
25.607800 56.324097 0.976531 0.000539 0.020552 -3.111771 111.724998
25.397947 56.317848 0.976531 0.000528 0.020563 -3.111767 111.830002
25.168098 56.311005 0.976531 0.000523 0.020470 -3.111767 111.945000
24.948254 56.304459 0.976531 0.000537 0.019697 -3.111767 112.055000
24.738449 56.298210 0.976531 0.000518 0.020536 -3.111767 112.160004
24.528645 56.291962 0.976531 0.000522 0.020205 -3.111767 112.264999
24.318840 56.285713 0.976531 0.000529 0.020136 -3.111767 112.370003
24.069073 56.278214 0.976531 0.000573 0.019981 -3.111767 112.495003
23.859274 56.271896 0.976531 0.000679 0.020846 -3.111767 112.599998
23.649469 56.265648 0.976531 0.000692 0.020826 -3.111767 112.705002
23.439632 56.259399 0.976531 0.000628 0.020939 -3.111767 112.809998
23.229788 56.253151 0.976531 0.000589 0.020462 -3.111767 112.915001
23.019943 56.246902 0.976531 0.000555 0.020525 -3.111767 113.019997
22.810099 56.240654 0.976531 0.000535 0.020435 -3.111767 113.125000
22.600271 56.234406 0.976531 0.000535 0.020102 -3.111767 113.230003
22.390474 56.228157 0.976531 0.000527 0.020224 -3.111767 113.334999
22.150743 56.220997 0.976531 0.000532 0.020326 -3.111767 113.455002
21.941029 56.216339 0.976531 0.082313 0.019397 3.082722 113.559998
21.731895 56.219990 0.976531 0.094840 0.023404 2.986062 113.665001
21.523993 56.234074 0.976531 0.098672 0.028349 2.896643 113.769997
21.299480 56.261429 0.976531 0.052675 -0.100589 2.869502 113.885002
21.081142 56.294552 0.976531 0.040109 -0.111173 2.879014 114.004997
20.880953 56.329281 0.976531 0.039446 -0.060720 2.886435 114.125000
20.684427 56.368778 0.976531 0.032761 -0.022972 2.892380 114.250000
20.471930 56.417469 0.976531 0.020062 -0.003398 2.897429 114.389999
20.270670 56.467579 0.976531 0.006699 0.004862 2.901103 114.525002
20.070900 56.518887 0.976531 -0.004570 0.009026 2.903847 114.660004
19.856615 56.573410 0.976531 -0.010456 0.011063 2.906066 114.805000
19.658415 56.622208 0.976531 -0.013148 0.169044 2.907553 114.934998
19.455212 56.670467 0.976531 -0.011414 0.124715 2.908603 115.055000
19.255327 56.716846 0.976531 -0.008140 0.079082 2.909360 115.165001
19.019587 56.770870 0.976531 -0.004224 0.047815 2.910033 115.290001
18.798634 56.821400 0.976531 -0.001844 0.033140 2.910520 115.404999
18.595297 56.868084 0.976531 -0.000553 0.026343 2.910874 115.510002
18.391281 56.915234 0.976531 -0.000234 0.022945 2.911157 115.614998
18.186951 56.962795 0.976531 -0.000787 0.021124 2.911384 115.720001
17.982481 57.010670 0.976531 -0.001782 0.020060 2.911567 115.824997
17.787703 57.056423 0.976531 -0.002884 0.019478 2.911708 115.925003
17.592916 57.102200 0.976531 -0.003721 0.019594 2.911820 116.025002
17.398079 57.147976 0.976531 -0.004332 0.018978 2.911913 116.125000
17.203224 57.193661 0.976531 -0.004515 0.019077 2.911989 116.224998
17.008520 57.239765 0.976531 0.062528 0.016949 2.853430 116.324997
16.805176 57.291721 0.976531 0.001247 0.019762 2.859385 116.430000
16.572962 57.352093 0.976531 -0.003701 0.019544 2.863232 116.550003
16.370073 57.406143 0.976531 0.025180 0.019222 2.825524 116.654999
16.168030 57.463142 0.976531 0.008040 0.019836 2.829236 116.760002
15.975879 57.518757 0.976531 0.009346 0.019596 2.831590 116.860001
15.784013 57.575676 0.976531 0.010626 0.019202 2.833484 116.959999
15.592020 57.632107 0.976531 -0.020293 0.018920 2.891502 117.059998
15.399258 57.685432 0.976531 -0.014932 0.019319 2.928989 117.160004
15.196426 57.739796 0.976531 -0.048274 0.019473 2.963242 117.264999
14.964005 57.799168 0.976531 -0.012948 0.020919 2.964187 117.385002
14.760139 57.849487 0.976531 -0.064375 0.022031 2.984821 117.489998
14.555160 57.894272 0.976531 -0.038356 0.022258 3.005375 117.595001
14.349311 57.934822 0.976531 -0.019918 0.021614 2.996316 117.699997
14.142989 57.973454 0.976531 -0.014182 0.020601 2.989038 117.805000
13.936383 58.010845 0.976531 -0.009205 0.020223 2.983161 117.910004
13.729617 58.047565 0.976531 -0.003998 0.020161 2.978452 118.014999
13.532628 58.082397 0.976531 -0.000380 0.020162 2.974839 118.114998
13.335648 58.117477 0.976531 0.001699 0.019434 2.971926 118.214996
13.138761 58.152973 0.976531 0.002359 0.019289 2.969554 118.315002
12.941957 58.188950 0.976531 0.001785 0.019851 2.967607 118.415001
12.745203 58.225353 0.976531 0.000249 0.019417 2.966051 118.514999
12.548492 58.262039 0.976531 -0.001407 0.019786 2.964774 118.614998
12.351756 58.298859 0.976531 -0.002987 0.020015 2.963745 118.714996
12.154974 58.335659 0.976531 -0.004166 0.019379 2.962912 118.815002
11.958164 58.372330 0.976531 -0.004706 0.019394 2.962226 118.915001
11.761322 58.408825 0.976531 -0.004678 0.019679 2.961678 119.014999
11.564197 58.443127 0.976531 -0.083185 0.019189 3.052519 119.114998
11.360836 58.470272 0.976531 -0.091023 -0.132241 -3.085580 119.220001
11.155381 58.489056 0.976531 -0.100718 -0.092814 -3.002440 119.334999
10.949348 58.496365 0.976531 -0.111082 -0.033353 -2.926875 119.459999
10.738663 58.486725 0.976531 -0.112407 0.005424 -2.851839 119.595001
10.534947 58.458134 0.976531 -0.063306 0.017275 -2.822331 119.730003
10.334278 58.417057 0.976531 -0.038762 0.016545 -2.835517 119.864998
10.134941 58.368515 0.976531 -0.029187 0.013954 -2.845523 120.000000
9.914763 58.308304 0.976531 -0.015023 0.011733 -2.853740 120.150002
9.720164 58.251713 0.976531 -0.003414 0.167824 -2.859065 120.279999
9.521691 58.193127 0.976531 0.006857 0.132924 -2.862851 120.400002
9.316444 58.133205 0.976531 0.013754 0.082936 -2.865710 120.514999
9.121402 58.077538 0.976531 0.016370 0.052854 -2.867784 120.620003
8.922379 58.022175 0.976531 0.015553 0.036083 -2.869452 120.724998
8.721210 57.967510 0.976531 0.022000 0.026834 -2.876211 120.830002
8.508641 57.914345 0.976531 0.095073 0.022297 -2.990333 120.940002
8.274639 57.866199 0.976531 0.015519 0.023409 -3.005197 121.059998
8.069089 57.826473 0.976531 0.011836 0.023471 -3.000670 121.165001
7.843266 57.784836 0.976531 0.061020 0.021386 -3.042962 121.279999
7.636294 57.751759 0.976531 0.027085 0.022120 -3.037261 121.385002
7.399091 57.717434 0.976531 0.023999 0.021395 -3.032924 121.504997
7.181170 57.688660 0.976531 0.020635 0.020791 -3.029779 121.614998
6.972839 57.663177 0.976531 0.014532 0.021123 -3.027385 121.720001
6.764285 57.638973 0.976531 0.006902 0.020590 -3.025485 121.824997
6.525820 57.611855 0.976531 -0.000259 0.020323 -3.023765 121.945000
6.307246 57.586758 0.976531 -0.004032 0.019751 -3.022516 122.055000
6.098702 57.562149 0.976531 -0.005385 0.020245 -3.021564 122.160004
5.900164 57.537979 0.976531 -0.004687 0.020163 -3.020834 122.260002
5.701694 57.513161 0.976531 -0.002696 0.020017 -3.020242 122.360001
5.503255 57.487892 0.976531 -0.000160 0.019937 -3.019762 122.459999
5.275794 57.458660 0.976531 0.006264 -0.090656 -3.077112 122.574997
5.056118 57.430008 0.976531 0.042293 -0.310333 3.080411 122.695000
4.849608 57.400108 0.976531 0.078230 -0.268580 2.928570 122.839996
4.652098 57.364922 0.976531 0.088815 -0.145763 2.708662 123.050003
4.453715 57.318668 0.976531 0.057158 -0.031470 2.258373 123.480003
4.511317 57.514027 1.015554 0.014293 0.316602 0.936415 125.144997
4.649611 57.689484 1.020305 0.056717 0.197117 0.838044 125.290001
4.784280 57.845375 1.023364 0.044672 0.110789 0.805309 125.404999
4.923859 58.000893 1.025832 -0.005445 0.066401 0.796302 125.514999
5.061196 58.153412 1.027830 -0.010643 0.042905 0.801582 125.620003
5.200026 58.308681 1.029515 -0.001403 0.028650 0.805774 125.724998
5.366720 58.494846 1.031203 0.007669 0.021322 0.809729 125.849998
5.501266 58.643711 1.032339 0.011238 0.018066 0.812236 125.949997
5.643699 58.799400 1.033349 0.011138 0.008458 0.814339 126.055000
5.786219 58.953339 1.034215 0.008315 -0.048861 0.816047 126.160004
5.924737 59.101646 1.034953 0.004165 -0.104407 0.817426 126.264999
6.072641 59.259209 1.035660 0.000026 -0.141583 0.818670 126.385002
6.211065 59.406540 1.036266 -0.002373 -0.145097 0.819664 126.510002
6.352285 59.566162 1.036834 -0.087943 0.025349 1.018329 126.654999
6.475264 59.730221 1.037275 -0.071946 0.034147 1.172109 126.794998
6.587073 59.904270 1.037633 -0.074886 0.030622 1.318270 126.934998
6.687149 60.085781 1.037920 -0.046108 0.030709 1.383764 127.074997
6.774642 60.266693 1.038144 -0.041094 0.032932 1.405128 127.209999
6.860088 60.467075 1.038337 -0.053268 0.027411 1.382470 127.355003
6.928857 60.658924 1.038482 -0.092165 0.025060 1.427141 127.489998
6.980619 60.855724 1.038599 -0.125019 0.025289 1.534723 127.625000
7.012645 61.056011 1.038695 -0.071869 0.024040 1.593892 127.760002
7.031284 61.258301 1.038772 -0.058848 0.021908 1.655448 127.894997
7.039259 61.476608 1.038840 -0.055559 0.020569 1.722240 128.039993
7.037714 61.680214 1.038890 -0.012696 0.017827 1.716811 128.175003
7.032618 61.884441 1.038931 -0.021564 0.016357 1.702760 128.309998
7.023359 62.088963 1.038964 -0.026528 0.014400 1.692076 128.445007
7.005157 62.292568 1.038990 -0.113587 0.018317 1.851361 128.580002
6.968792 62.492359 1.039012 -0.047268 0.019797 1.935992 128.714996
6.921204 62.689785 1.039029 -0.053088 0.021253 2.004688 128.850006
6.853905 62.913303 1.039046 -0.057671 0.021259 2.077061 129.005005
6.780764 63.111111 1.039057 -0.066653 0.022803 2.144510 129.145004
6.688230 63.317268 1.039067 -0.074346 0.024255 2.218248 129.294998
6.591622 63.496346 1.039074 -0.075469 0.024269 2.285366 129.429993
6.482477 63.668285 1.039080 -0.075066 0.023863 2.352393 129.565002
6.359361 63.834084 1.039084 -0.081721 0.173135 2.419630 129.699997
6.226125 63.985634 1.039087 -0.072833 0.154580 2.482457 129.820007
6.085250 64.128563 1.039090 0.049139 0.089308 2.425114 129.929993
5.946747 64.273354 1.039092 0.085345 0.057752 2.308937 130.035004
5.792443 64.450134 1.039095 0.064891 0.037061 2.194529 130.154999
5.660612 64.610657 1.039098 -0.017118 0.026881 2.186598 130.259995
5.527207 64.771744 1.039098 -0.010225 0.022784 2.196395 130.365005
5.392781 64.932869 1.039098 0.017467 -0.058396 2.200466 130.470001
5.248732 65.107826 1.039098 0.000658 -0.295224 2.326131 130.589996
5.120712 65.268105 1.039098 -0.043067 -0.296138 2.467501 130.725006
4.998579 65.430511 1.039098 -0.071894 -0.182691 2.671701 130.919998
4.884111 65.601089 1.039098 -0.061122 -0.054044 3.064394 131.294998
4.846526 65.401703 1.039098 -0.013682 0.299036 -1.423882 133.460007
4.872169 65.195152 1.039098 -0.011960 0.180288 -1.340179 133.589996
4.902061 64.989700 1.039098 -0.018130 0.098208 -1.261830 133.705002
4.936648 64.784393 1.039098 -0.050553 0.064859 -1.182731 133.815002
4.975663 64.585106 1.039098 -0.064437 0.052565 -1.162125 133.919998
5.020857 64.384453 1.039098 -0.042539 0.044158 -1.176437 134.024994
5.074694 64.184494 1.039098 -0.094846 0.040548 -1.130174 134.130005
5.139798 63.987076 1.039098 -0.093450 0.034582 -1.134954 134.235001
5.226877 63.764889 1.039098 -0.080711 0.025792 -1.139246 134.354996
5.312462 63.573612 1.039098 -0.057333 0.020673 -1.142247 134.460007
5.399614 63.393555 1.039098 -0.027388 0.018927 -1.144566 134.559998
5.489417 63.214424 1.039098 0.003978 0.018257 -1.146424 134.660004
5.579149 63.035030 1.039098 0.025646 0.018035 -1.147927 134.759995
5.666926 62.854626 1.039098 0.036114 0.017796 -1.149152 134.860001
5.751854 62.672863 1.039098 0.036420 0.017947 -1.150145 134.960007
5.833923 62.489731 1.039098 0.029749 0.017690 -1.150952 135.059998
5.913718 62.305538 1.039098 0.021159 0.016426 -1.151611 135.160004
5.992097 62.120731 1.039098 0.008634 0.017489 -1.152140 135.259995
6.069031 61.935318 1.039098 0.021892 0.016042 -1.190294 135.360001
6.143100 61.748947 1.039098 0.016309 0.016140 -1.231653 135.460007
6.215525 61.562099 1.039098 0.049507 0.017477 -1.274079 135.559998
6.284232 61.374207 1.025999 0.024123 0.019507 -1.319397 135.660004
6.351811 61.175610 1.026793 0.084749 0.023616 -1.395899 135.764999
6.408401 60.984577 0.992593 0.099285 0.027469 -1.472600 135.865005
6.456804 60.791821 0.951740 0.092681 0.030254 -1.514014 135.964996
6.499867 60.587830 0.932927 0.122810 0.030469 -1.567184 136.070007
6.533040 60.382385 0.917309 0.070169 0.034744 -1.566015 136.175003
6.555727 60.175537 0.904097 0.090838 0.034162 -1.609309 136.279999
6.567060 59.947968 0.893835 0.101641 0.032344 -1.643237 136.395004
6.565066 59.729797 0.892244 0.090118 0.027727 -1.644432 136.505005
6.552816 59.511501 0.890898 -0.007642 0.021647 -1.576516 136.615005
6.538637 59.303089 0.889808 -0.035477 0.019686 -1.514067 136.720001
6.528368 59.095085 0.888883 -0.100756 0.025283 -1.390157 136.824997
6.530708 58.859142 0.887993 -0.142158 0.041206 -1.257610 136.945007
6.549862 58.655540 0.887335 -0.155569 0.056297 -1.157824 137.050003
6.586932 58.455238 0.886776 -0.157546 0.050377 -1.092342 137.154999
6.641198 58.260548 0.886305 -0.160422 -0.010504 -1.023572 137.259995
6.720019 58.052814 0.885852 -0.150322 -0.069298 -0.948799 137.380005
6.809514 57.866425 0.885475 -0.080816 -0.027197 -0.932761 137.500000
6.907400 57.689472 0.898914 -0.038865 0.130804 -0.955766 137.619995
7.023591 57.496014 0.898976 -0.020823 0.099432 -0.974212 137.744995
7.134593 57.318359 0.899022 -0.004378 0.062778 -0.986961 137.854996
7.244237 57.144714 0.899059 0.009374 0.040307 -0.996698 137.960007
7.354816 56.968342 0.899091 0.019134 0.028514 -1.004547 138.065002
7.464741 56.789829 0.899118 0.022729 0.022298 -1.010885 138.169998
7.568140 56.618244 0.899140 0.021452 0.018660 -1.015709 138.270004
7.690472 56.410862 0.899162 0.015351 0.016610 -1.020313 138.389999
7.791378 56.237293 0.899178 0.008248 0.016797 -1.023345 138.490005
7.895583 56.054001 0.899191 0.080205 0.015002 -1.114065 138.595001
7.988319 55.876369 0.899203 0.086489 0.017540 -1.208943 138.695007
8.077439 55.686577 0.899213 0.047546 0.020990 -1.273942 138.800003
8.160307 55.494381 0.899221 0.042847 0.024054 -1.315133 138.904999
8.239051 55.300354 0.899229 0.021566 0.025157 -1.301991 139.009995
8.315685 55.104980 0.899235 0.032972 0.023030 -1.291449 139.115005
8.385818 54.917549 0.899240 0.040745 0.021686 -1.283356 139.214996
8.452552 54.728748 0.899245 0.039590 0.019872 -1.276763 139.315002
8.516070 54.538784 0.899248 0.030644 0.018844 -1.271455 139.414993
8.577189 54.348011 0.899252 0.017381 0.018777 -1.267154 139.514999
8.637097 54.156807 0.899254 0.005731 0.018271 -1.263660 139.615005
8.696895 53.965553 0.899256 -0.003841 0.018974 -1.260838 139.714996
8.757424 53.774490 0.899259 -0.008509 0.018984 -1.258520 139.815002
8.817434 53.583305 0.899260 0.010641 0.017433 -1.303728 139.914993
8.876472 53.391930 0.899261 -0.004554 0.018300 -1.300009 140.014999
8.936101 53.200729 0.899262 0.000547 0.018990 -1.296959 140.115005
8.994132 53.009136 0.899264 0.025649 0.019192 -1.340105 140.214996
9.049701 52.816906 0.899265 0.016011 0.019612 -1.336176 140.315002
9.103937 52.624256 0.899266 0.019770 0.020289 -1.332985 140.414993
9.156591 52.431114 0.899266 0.021798 0.019307 -1.330394 140.514999
9.207520 52.237511 0.899266 0.019725 0.019026 -1.328290 140.615005
9.256941 52.043526 0.899266 0.014538 0.019344 -1.326572 140.714996
9.305355 51.849266 0.899266 0.008551 0.018886 -1.325189 140.815002
9.353333 51.654896 0.899266 0.002500 0.019374 -1.324074 140.914993
9.401421 51.460545 0.899266 -0.001185 0.019298 -1.323162 141.014999
9.449963 51.266300 0.899266 -0.003029 0.019220 -1.322423 141.115005
9.499125 51.072186 0.899266 -0.002981 0.018982 -1.321821 141.214996
9.548894 50.878208 0.899266 -0.001616 0.019465 -1.321334 141.315002
9.599131 50.684315 0.899266 0.000632 0.018434 -1.320940 141.414993
9.649614 50.490517 0.899266 0.002815 0.018905 -1.320620 141.514999
9.700143 50.296730 0.899266 0.004553 0.019354 -1.320360 141.615005
9.750558 50.102943 0.899266 0.005727 0.018720 -1.320151 141.714996
9.800765 49.909096 0.899266 0.006054 0.018804 -1.319980 141.815002
9.850740 49.715176 0.899266 0.005662 0.019142 -1.319842 141.914993
9.900514 49.521236 0.899266 0.005003 0.018960 -1.319731 142.014999
9.950149 49.327244 0.899266 0.004221 0.018616 -1.319641 142.115005
9.999397 49.133190 0.899266 0.063759 0.017475 -1.368251 142.214996
10.045671 48.938576 0.899266 0.010248 0.019021 -1.365720 142.315002
10.090998 48.743771 0.899266 0.005251 0.020090 -1.363626 142.414993
10.136060 48.548843 0.899266 0.007881 0.019464 -1.361923 142.514999
10.180644 48.353779 0.899266 0.010273 0.019700 -1.360552 142.615005
10.224552 48.158535 0.899266 0.010557 0.019588 -1.359452 142.714996
10.267762 47.963116 0.899266 0.009379 0.019075 -1.358552 142.815002
10.310392 47.767593 0.899266 0.007115 0.019541 -1.357815 142.914993
10.350912 47.571712 0.899266 0.028018 0.019546 -1.408875 143.014999
10.390718 47.365582 0.899266 0.004655 0.020311 -1.405174 143.119995
10.429630 47.159271 0.899266 0.071175 0.019367 -1.459559 143.225006
10.467737 46.932724 0.899266 0.010239 0.021297 -1.452298 143.339996
10.502827 46.715721 0.899266 0.007355 0.020498 -1.446772 143.449997
10.535880 46.508442 0.899266 -0.039208 0.018248 -1.404043 143.554993
10.571278 46.301617 0.899266 0.003018 0.020252 -1.387080 143.660004
10.607038 46.094818 0.899266 0.008918 0.019703 -1.387650 143.764999
10.642297 45.887867 0.899266 0.003549 0.019559 -1.388106 143.869995
10.682613 45.651321 0.899266 -0.002882 0.020320 -1.388522 143.990005
10.716803 45.454262 0.899266 -0.005396 0.020282 -1.388794 144.089996
10.751802 45.257282 0.899266 -0.005577 0.019962 -1.389015 144.190002
10.793161 45.030910 0.899266 -0.049893 0.018137 -1.356744 144.304993
10.834381 44.825027 0.899266 -0.010057 0.019467 -1.347463 144.410004
10.876885 44.619438 0.899266 0.060119 0.018077 -1.399140 144.514999
10.917315 44.413620 0.899266 0.046472 0.017850 -1.402163 144.619995
10.954469 44.207474 0.899266 0.010589 0.017664 -1.418018 144.725006
10.988675 44.001133 0.899266 0.009058 0.020762 -1.459891 144.830002
11.023679 43.794979 0.899266 -0.051606 0.019449 -1.367517 144.934998
11.065725 43.560326 0.899266 0.050302 -0.071529 -1.454414 145.054993
11.097304 43.354992 0.899266 0.033307 -0.131998 -1.455709 145.164993
11.124918 43.149055 0.899266 0.055631 -0.077087 -1.503575 145.285004
11.146435 42.939461 0.899266 0.035511 -0.030449 -1.507538 145.414993
11.161696 42.736687 0.899266 0.028344 -0.007072 -1.510384 145.544998
11.173223 42.514011 0.899266 0.017690 0.003642 -1.512790 145.690002
11.180805 42.308056 0.899266 0.005536 0.009526 -1.514455 145.824997
11.187525 42.102486 0.899266 -0.002735 0.011373 -1.515703 145.960007
11.194634 41.901917 0.899266 -0.005284 0.158090 -1.516609 146.089996
11.203059 41.699036 0.899266 -0.007147 0.139359 -1.517250 146.210007
11.212564 41.497963 0.899266 -0.006637 0.094534 -1.517724 146.320007
11.222364 41.297653 0.899266 0.040944 0.060075 -1.560217 146.425003
11.229032 41.092815 0.899266 0.063778 0.042786 -1.617703 146.529999
11.229952 40.885765 0.899266 -0.000274 0.030793 -1.645397 146.634995
11.229825 40.677551 0.899266 -0.011035 0.026501 -1.636848 146.740005
11.230543 40.458630 0.899266 0.004572 0.024662 -1.629707 146.850006
11.229188 40.249340 0.899266 0.043134 0.023730 -1.669076 146.955002
11.221961 40.000187 0.899266 0.010665 0.022755 -1.656411 147.080002
11.212595 39.750839 0.899266 0.006552 0.021724 -1.646610 147.205002
11.203747 39.541275 0.899266 0.004483 0.021140 -1.640115 147.309998
11.194285 39.331703 0.899266 0.001959 0.020783 -1.634921 147.414993
11.184490 39.122059 0.899266 -0.000603 0.020908 -1.630760 147.520004
11.174644 38.912369 0.899266 -0.002548 0.021036 -1.627408 147.625000
11.164951 38.702644 0.899266 -0.003648 0.020061 -1.624738 147.729996
11.155092 38.482933 0.899266 -0.003785 0.020066 -1.622509 147.839996
11.145551 38.263214 0.899266 -0.003104 0.020558 -1.620726 147.949997
11.136675 38.053410 0.899266 -0.002236 0.019940 -1.619367 148.054993
11.127934 37.843605 0.899266 -0.001181 0.020712 -1.618270 148.162003
11.118387 37.613819 0.899266 -0.000355 0.020209 -1.617323 148.274994
11.108350 37.374043 0.899266 0.000117 0.020633 -1.616548 148.395004
11.098173 37.134266 0.899266 0.000123 0.020212 -1.615945 148.514999
11.089155 36.924461 0.899266 -0.000111 0.020322 -1.615526 148.619995
11.080058 36.714691 0.899266 -0.000459 0.020163 -1.615190 148.725006
11.070920 36.504967 0.899266 -0.000819 0.020191 -1.614922 148.830002
11.061775 36.295238 0.899266 -0.001064 0.020621 -1.614705 148.934998
11.051785 36.065453 0.899266 -0.001242 0.019796 -1.614516 149.050003
11.042709 35.855705 0.899266 -0.001242 0.019975 -1.614378 149.154999
11.033671 35.645981 0.899266 -0.001114 0.020811 -1.614268 149.259995
11.024663 35.436184 0.899266 -0.000988 0.020772 -1.614180 149.365005
11.015671 35.226379 0.899266 -0.000871 0.020383 -1.614110 149.470001
11.004966 34.976635 0.899266 -0.000786 0.019840 -1.614043 149.595001
10.995973 34.766911 0.899266 -0.000699 0.020659 -1.614000 149.699997
10.986960 34.557114 0.899266 -0.000710 0.020137 -1.613964 149.804993
10.977931 34.347351 0.899266 -0.000724 0.020341 -1.613935 149.910004
10.968897 34.137596 0.899266 -0.000753 0.020922 -1.613912 150.014999
10.959845 33.927792 0.899266 -0.000833 0.020064 -1.613894 150.119995
10.950792 33.717987 0.899266 -0.000874 0.020316 -1.613880 150.225006
10.942171 33.518158 0.899266 -0.000888 0.020630 -1.613868 150.324997
10.933561 33.318325 0.899266 -0.000924 0.020035 -1.613859 150.425003
10.924529 33.108521 0.899266 -0.000896 0.020172 -1.613851 150.529999
10.914207 32.868744 0.899266 -0.000873 0.020179 -1.613845 150.649994
10.905185 32.658939 0.899266 -0.000844 0.020444 -1.613840 150.755005
10.896173 32.449135 0.899266 -0.000797 0.020712 -1.613836 150.860001
10.887141 32.239330 0.899266 -0.000782 0.020813 -1.613833 150.964996
10.878109 32.029526 0.899266 -0.000800 0.020691 -1.613831 151.070007
10.869507 31.829678 0.899266 -0.000809 0.020717 -1.613828 151.169998
10.859614 31.599859 0.899266 -0.000843 0.019887 -1.613826 151.285004
10.850582 31.390055 0.899266 -0.000825 0.020496 -1.613826 151.389999
10.841550 31.180260 0.899266 -0.000851 0.019953 -1.613826 151.494995
10.832518 30.970495 0.899266 -0.000849 0.020024 -1.613826 151.600006
10.822625 30.740753 0.899266 -0.000846 0.020242 -1.613826 151.714996
10.813593 30.530989 0.899266 -0.000848 0.020236 -1.613826 151.820007
10.804561 30.321224 0.899266 -0.000828 0.020675 -1.613826 151.925003
10.795528 30.111460 0.899266 -0.000855 0.020103 -1.613826 152.029999
10.786496 29.901722 0.899266 -0.000851 0.020215 -1.613826 152.134995
10.777464 29.691990 0.899266 -0.000848 0.020397 -1.613826 152.240005
10.768432 29.482231 0.899266 -0.000851 0.020274 -1.613825 152.345001
10.759399 29.272467 0.899266 -0.000841 0.020630 -1.613825 152.449997
10.748818 29.062811 0.899266 0.072011 0.019796 -1.693678 152.554993
10.731960 28.853928 0.899266 0.061245 0.020125 -1.749030 152.660004
10.710361 28.645752 0.899266 0.010269 0.022881 -1.747767 152.764999
10.686923 28.437605 0.899266 0.013065 0.023024 -1.742302 152.869995
10.661672 28.229456 0.899266 0.019731 0.022516 -1.737866 152.975006
10.633979 28.021465 0.899266 0.021804 0.020367 -1.734283 153.080002
10.602226 27.803932 0.899266 0.016521 0.020456 -1.731329 153.190002
10.566686 27.576805 0.899266 0.007694 0.020465 -1.728883 153.304993
10.533081 27.369545 0.899266 -0.000096 0.019580 -1.727097 153.410004
10.499486 27.162317 0.899266 -0.062996 0.017376 -1.681872 153.514999
10.472065 26.954723 0.899266 -0.103916 0.020697 -1.575522 153.619995
10.453343 26.746792 0.899266 -0.023579 0.024684 -1.578853 153.725006
10.437662 26.538361 0.899266 -0.037322 0.024499 -1.575485 153.830002
10.426924 26.319628 0.899266 -0.046841 0.024598 -1.519249 153.940002
10.422340 26.110634 0.899266 -0.013472 0.024392 -1.530870 154.044998
10.420362 25.901297 0.899266 -0.040089 0.023706 -1.501298 154.149994
10.422147 25.671858 0.899266 0.002889 0.022183 -1.515193 154.264999
10.424009 25.442205 0.899266 -0.025529 0.021205 -1.506215 154.380005
10.429127 25.202709 0.899266 -0.008409 0.021605 -1.476115 154.500000
10.435576 24.993166 0.899266 -0.005612 0.021997 -1.482395 154.604996
10.442945 24.783525 0.899266 -0.013307 0.020968 -1.487429 154.710007
10.451970 24.573933 0.899266 -0.018613 0.021342 -1.491410 154.815002
10.463140 24.364418 0.899266 -0.017849 0.021041 -1.494634 154.919998
10.476338 24.154997 0.899266 -0.012684 0.020703 -1.497220 155.024994
10.491009 23.945654 0.899266 -0.005658 0.020424 -1.499300 155.130005
10.507866 23.716372 0.899266 0.001733 0.020320 -1.501108 155.244995
10.523945 23.497019 0.899266 0.006501 0.020311 -1.502492 155.354996
10.538739 23.287575 0.899266 0.008603 0.020059 -1.503548 155.460007
10.552762 23.078089 0.899266 0.008327 0.020534 -1.504392 155.565002
10.566034 22.868538 0.899266 0.006541 0.020710 -1.505068 155.669998
10.578744 22.658936 0.899266 0.004031 0.020038 -1.505608 155.774994
10.591169 22.449316 0.899266 0.001442 0.020179 -1.506039 155.880005
10.602987 22.249655 0.899266 -0.000322 0.020152 -1.506371 155.979996
10.617989 22.000092 0.899266 -0.001346 0.020051 -1.506703 156.104996
10.630883 21.790506 0.899266 -0.001405 0.020276 -1.506922 156.210007
10.644051 21.580961 0.899266 -0.000849 0.020093 -1.507098 156.315002
10.657427 21.371460 0.899266 0.000091 0.020252 -1.507239 156.419998
10.670914 21.161959 0.899266 0.010891 0.020312 -1.512773 156.524994
10.681624 20.952463 0.899266 0.030275 0.019529 -1.578469 156.630005
10.689925 20.703142 0.899266 0.010669 0.021706 -1.575763 156.755005
10.695482 20.493568 0.899266 0.015043 0.021637 -1.573964 156.860001
10.699414 20.283857 0.899266 0.017547 0.021076 -1.572538 156.964996
10.701550 20.064058 0.899266 0.015221 0.020850 -1.571340 157.074997
10.701913 19.834200 0.899266 0.009976 0.019866 -1.570351 157.190002
10.701144 19.624355 0.899266 0.003815 0.020080 -1.569628 157.294998
10.700003 19.414551 0.899266 -0.001819 0.019806 -1.569055 157.399994
10.699081 19.204781 0.899266 -0.005468 0.019872 -1.568595 157.505005
10.698755 18.995016 0.899266 -0.006749 0.020666 -1.568226 157.610001
10.699147 18.785252 0.899266 -0.006004 0.020755 -1.567928 157.714996
10.700171 18.575457 0.899266 -0.004114 0.020033 -1.567691 157.820007
10.701620 18.365677 0.899266 -0.001497 0.020797 -1.567499 157.925003
10.703233 18.155857 0.899266 0.000657 0.021012 -1.567345 158.029999
10.704781 17.946001 0.899266 0.002013 0.020576 -1.567222 158.134995
10.706122 17.736116 0.899266 0.002541 0.020562 -1.567121 158.240005
10.707201 17.526232 0.899266 0.002380 0.020166 -1.567041 158.345001
10.708107 17.296379 0.899266 0.001631 0.020265 -1.566973 158.460007
10.708792 17.088888 0.899266 0.011102 -0.149877 -1.655974 158.565002
10.710172 16.861208 0.899266 0.052051 -0.321877 -1.792111 158.695007
10.715446 16.654911 0.899266 0.082455 -0.235234 -1.959664 158.854996
10.729235 16.449617 0.899266 0.083529 -0.108328 -2.231932 159.115005
10.760287 16.251627 0.899266 0.025792 -0.000008 -2.980667 159.830002
10.607169 16.388626 0.899266 0.021519 0.224198 2.243261 161.214996
10.477777 16.542028 0.899266 -0.003034 0.090784 2.104722 161.369995
10.346911 16.701370 0.899266 0.014465 0.037744 1.964636 161.514999
10.219038 16.861256 0.899266 0.017742 0.029984 1.928329 161.654999
10.098272 17.020731 0.899266 0.076223 0.039430 1.875494 161.789993
9.988936 17.189455 0.899266 0.105729 0.042167 1.816795 161.925003
9.893686 17.367699 0.899266 0.067389 0.032767 1.838486 162.059998
9.806310 17.560106 0.899266 0.067037 0.023187 1.855272 162.199997
9.732677 17.751192 0.899266 0.042968 0.015013 1.876246 162.335007
9.661575 17.951797 0.899266 0.001882 0.009562 1.982964 162.475006
9.597210 18.143696 0.899266 0.092679 0.170569 1.895734 162.604996
9.542202 18.343403 0.899266 0.041555 0.133080 1.809547 162.725006
9.492992 18.541681 0.899266 -0.005564 0.078448 1.737165 162.835007
9.437600 18.756098 0.899266 -0.068716 0.043800 1.752746 162.949997
9.379109 18.953560 0.899266 -0.038062 0.033336 1.764106 163.054993
9.316228 19.151854 0.899266 0.002456 0.029403 1.773216 163.160004
9.253221 19.351267 0.899266 0.033559 0.013532 1.780531 163.264999
9.193506 19.550322 0.899266 0.003091 -0.037374 1.831415 163.369995
9.125705 19.780453 0.899266 -0.001601 0.020390 1.893907 163.494995
9.064945 19.981401 0.899266 -0.048121 0.051285 1.989974 163.604996
9.000149 20.174097 0.899266 -0.065477 0.046140 2.073788 163.710007
8.927044 20.365820 0.899266 -0.083697 0.041188 2.153414 163.815002
8.844124 20.554422 0.899266 -0.104362 0.042440 2.228012 163.919998
8.750083 20.738235 0.899266 -0.071291 0.041840 2.257030 164.024994
8.645561 20.917196 0.899266 -0.141764 0.044238 2.332967 164.130005
8.515535 21.103365 0.899266 -0.149565 0.043932 2.416469 164.244995
8.376039 21.269905 0.910425 -0.143725 0.042704 2.493910 164.354996
8.230412 21.417753 0.918566 -0.139007 0.041826 2.569776 164.460007
8.073994 21.554407 0.919191 -0.131466 0.040042 2.642508 164.565002
7.883752 21.696554 0.919793 -0.130813 0.039692 2.729065 164.684998
7.708470 21.808104 0.920233 -0.129354 0.040178 2.801944 164.789993
7.525999 21.907242 0.920608 -0.132200 0.040950 2.873280 164.895004
7.337176 21.993256 0.920928 -0.135279 0.041834 2.945711 165.000000
7.142868 22.065351 0.921198 -0.138240 0.043114 3.018610 165.104996
6.944065 22.123291 0.921426 -0.138687 0.043040 3.083629 165.210007
6.741760 22.166397 0.921620 -0.145160 0.044281 -3.125356 165.315002
6.536979 22.193913 0.921786 -0.086571 0.041794 -3.088520 165.419998
6.330349 22.211111 0.921928 -0.057428 0.035885 -3.101306 165.524994
6.122281 22.221815 0.922049 -0.053850 0.030305 -3.111556 165.630005
5.883435 22.226950 0.922164 -0.041551 0.024531 -3.120786 165.750000
5.674113 22.225105 0.922249 -0.057298 0.023119 -3.076144 165.854996
5.464829 22.217199 0.922323 -0.017962 0.022773 -3.079791 165.960007
5.255402 22.207109 0.922383 -0.006918 0.021172 -3.082671 166.065002
5.045888 22.196148 0.922435 -0.001210 0.021370 -3.084996 166.169998
4.836290 22.184938 0.922480 0.002435 0.020559 -3.086868 166.274994
4.576717 22.171289 0.922526 0.004985 0.020086 -3.088687 166.404999
4.367076 22.160477 0.922557 -0.050887 0.018896 -3.046923 166.509995
4.157841 22.146425 0.922583 -0.003529 0.021159 -3.035890 166.615005
3.948984 22.129086 0.922605 -0.019717 0.021009 -2.982945 166.720001
3.740438 22.109020 0.922624 0.001812 0.021621 -2.990959 166.824997
3.531787 22.088650 0.922640 -0.002941 0.021431 -2.997445 166.929993
3.323055 22.067606 0.922653 -0.009062 0.021310 -3.002605 167.035004
3.114324 22.045311 0.922665 -0.010991 0.021195 -3.006786 167.139999
2.905658 22.021591 0.922675 -0.009535 0.020006 -3.010127 167.244995
2.707054 21.997833 0.922683 -0.005709 0.020182 -3.012708 167.345001
2.498705 21.972075 0.922689 -0.002121 -0.030487 -2.988258 167.449997
2.298247 21.946978 0.922689 -0.027443 -0.240487 -2.878304 167.554993
2.069754 21.919819 0.922689 -0.067329 -0.300746 -2.726462 167.699997
1.864853 21.901073 0.922689 -0.087611 -0.184158 -2.527498 167.889999
1.663971 21.892813 0.922689 -0.070455 -0.059842 -2.171456 168.229996
1.794533 21.736525 0.922689 -0.042678 0.173342 -0.366991 169.830002
1.986267 21.658953 0.922689 -0.079119 0.077859 -0.170579 169.985001
2.176731 21.598286 0.932691 -0.055823 0.050375 -0.075967 170.125000
2.390114 21.546770 0.933853 -0.042590 0.038068 0.042222 170.274994
2.587194 21.511084 0.934701 -0.040408 0.033804 0.031450 170.410004
2.787577 21.487312 0.935382 -0.113568 0.033763 0.136077 170.544998
3.011548 21.484968 0.935992 -0.100471 0.032114 0.212287 170.695007
3.212947 21.502460 0.936432 -0.081735 0.027150 0.276224 170.830002
3.413054 21.535433 0.936790 -0.069840 0.024651 0.344298 170.964996
3.618418 21.583454 0.937091 -0.058154 0.021094 0.410853 171.104996
3.828240 21.645439 0.937340 -0.073207 0.019540 0.487890 171.250000
4.033057 21.721123 0.937540 -0.101657 0.023580 0.623379 171.395004
4.217694 21.804268 0.937690 -0.061105 0.020053 0.581546 171.529999
4.397193 21.897684 0.937812 -0.105346 0.026081 0.750437 171.664993
4.572145 22.011530 0.937913 -0.099665 0.031409 0.904415 171.804993
4.728898 22.136299 0.937992 -0.100821 0.035611 1.037383 171.940002
4.897290 22.301903 0.938067 -0.114544 0.044352 1.192282 172.100006
5.029520 22.468611 0.938121 -0.125432 0.051896 1.329769 172.244995
5.134797 22.643806 0.938162 -0.133861 0.056147 1.470129 172.384995
5.214745 22.830845 0.938195 -0.145536 0.061588 1.606763 172.524994
5.269700 23.048168 0.938224 -0.148584 0.064976 1.764400 172.679993
5.288089 23.249813 0.938246 -0.144105 0.060788 1.883609 172.820007
5.276769 23.452053 0.938262 -0.149402 0.062942 2.032549 172.960007
5.232388 23.657251 0.938277 -0.110366 0.056740 2.154366 173.104996
5.159602 23.855476 0.938288 -0.136202 0.053591 2.306288 173.250000
5.064595 24.036861 0.938296 -0.088783 0.047656 2.365877 173.389999
4.951149 24.210285 0.938303 -0.091671 0.039736 2.419801 173.529999
4.826306 24.368666 0.938308 -0.055594 0.030297 2.447233 173.664993
4.691251 24.520962 0.938313 -0.064825 0.022420 2.449214 173.800003
4.548102 24.667303 0.938316 -0.033915 0.016101 2.449983 173.934998
4.383010 24.825008 0.938320 -0.022498 0.011847 2.436982 174.085007
4.231158 24.964083 0.938322 -0.014486 0.009604 2.428249 174.220001
4.082014 25.097469 0.938323 -0.005057 0.145456 2.421900 174.350006
3.931284 25.231142 0.938325 0.002433 0.149369 2.417397 174.470001
3.760862 25.384947 0.938326 0.043239 0.087384 2.358015 174.595001
3.607064 25.530380 0.938328 0.004131 0.055703 2.359554 174.705002
3.457485 25.673038 0.938328 0.003087 0.036046 2.360892 174.809998
3.308012 25.819002 0.938328 0.040969 0.025284 2.299552 174.914993
3.160815 25.968630 0.938328 0.005166 0.021040 2.305685 175.020004
3.020758 26.112127 0.938328 0.004028 0.018860 2.310466 175.119995
2.880773 26.256227 0.938328 0.006765 0.016818 2.314330 175.220001
2.741133 26.400957 0.938328 0.008122 0.016411 2.317459 175.320007
2.601959 26.546331 0.938328 0.007577 0.015518 2.320004 175.419998
2.463239 26.692253 0.938328 0.005599 0.015231 2.322069 175.520004
2.324562 26.838251 0.938328 -0.058548 0.013072 2.374360 175.619995
2.182392 26.980345 0.938328 -0.088920 0.015048 2.472897 175.720001
2.035629 27.116898 0.938328 -0.080854 0.018075 2.527250 175.820007
1.876284 27.253435 0.938328 -0.110899 0.023688 2.621199 175.925003
1.710043 27.379959 0.938328 -0.107680 0.030604 2.698399 176.029999
1.513004 27.514198 0.938328 -0.053853 -0.000930 2.684870 176.149994
1.339007 27.623837 0.938328 -0.120861 -0.061439 2.751782 176.255005
1.159819 27.723013 0.938328 -0.122955 -0.100347 2.830917 176.365005
0.964213 27.813856 0.961035 -0.115545 -0.103567 2.903850 176.490005
0.773202 27.887722 0.961035 -0.024915 -0.284152 2.762481 176.625000
0.582820 27.953878 0.961035 0.032945 -0.203133 2.568752 176.809998
0.388361 28.011112 0.961035 0.051516 -0.078310 2.217946 177.145004
0.369294 28.212700 0.961035 0.006177 0.236058 0.815917 178.725006
0.511312 28.378595 0.961035 0.048581 0.097329 0.797428 178.895004
0.669489 28.546030 0.961035 0.039114 0.041044 0.822216 179.054993
0.812776 28.687986 0.961035 0.030305 0.020554 0.814065 179.190002
0.961340 28.828346 0.961035 0.010641 0.045543 0.807935 179.324997
1.111891 28.971239 0.961035 -0.073814 0.168142 0.867464 179.455002
1.251594 29.118835 0.961035 -0.072316 0.120145 0.948720 179.570007
1.394240 29.281454 0.961035 0.015682 0.071239 0.938351 179.684998
1.529269 29.434750 0.961035 0.008715 0.045076 0.927537 179.789993
1.680093 29.605217 0.961035 -0.010540 0.030589 0.918162 179.904999
1.818039 29.763060 0.961035 -0.021532 0.023587 0.911271 180.009995
1.954803 29.923082 0.961035 -0.025015 0.014314 0.905754 180.115005
2.088856 30.083828 0.961035 -0.022416 -0.051658 0.901354 180.220001
2.216509 30.240065 0.961035 -0.014673 -0.110287 0.897850 180.324997
2.346302 30.401295 0.961035 -0.050180 -0.058454 0.941196 180.440002
2.468992 30.564369 0.961035 -0.117448 -0.058117 1.142357 180.559998
2.580805 30.739237 0.961035 -0.125412 -0.011608 1.315024 180.690002
2.674479 30.922886 0.961035 -0.123760 0.020912 1.463739 180.824997
2.746109 31.110973 0.961035 -0.122734 0.039382 1.595164 180.960007
2.796531 31.310892 0.961035 -0.130480 0.048490 1.731798 181.100006
2.823095 31.514616 0.961035 -0.112632 0.049939 1.806234 181.240005
2.828272 31.728416 0.961035 -0.089452 0.043672 1.849690 181.384995
2.814798 31.928553 0.961035 -0.090959 0.037635 1.901661 181.520004
2.783854 32.127728 0.961035 -0.087470 0.032236 1.959344 181.654999
2.730185 32.346035 0.961035 -0.078551 0.027683 2.025784 181.804993
2.661121 32.552837 0.961035 -0.069286 0.023861 2.093477 181.949997
2.580538 32.747829 0.961035 -0.063652 0.021744 2.158346 182.089996
2.491282 32.930981 0.961035 -0.064835 0.040826 2.222253 182.225006
2.389661 33.109051 0.961035 -0.044811 0.176285 2.264070 182.354996
2.281808 33.279324 0.961035 -0.049515 0.126260 2.289641 182.470001
2.160275 33.456978 0.961035 -0.004689 0.075348 2.301266 182.585007
2.024114 33.645580 0.961035 -0.092754 0.051272 2.377353 182.705002
1.894586 33.806152 0.961035 -0.114066 0.043042 2.457926 182.809998
1.754768 33.959122 0.961035 -0.066620 0.038107 2.493145 182.914993
1.606601 34.105247 0.961035 -0.124542 0.036576 2.569579 183.020004
1.450063 34.242996 0.961035 -0.117073 0.034827 2.606360 183.125000
1.285650 34.371677 0.961035 -0.065635 0.030847 2.632024 183.229996
1.107757 34.500145 0.961035 -0.045339 0.026184 2.618947 183.339996
0.926444 34.624447 0.961035 -0.030093 -0.066598 2.565330 183.449997
0.724082 34.758511 0.961035 0.020010 -0.308817 2.429196 183.580002
0.551315 34.869255 0.961035 0.059940 -0.284202 2.282590 183.720001
0.377987 34.973232 0.961035 0.080298 -0.162713 2.067918 183.925003
0.200953 35.066551 0.961035 0.059592 -0.043051 1.649037 184.324997
0.316040 34.875771 0.961035 0.065916 0.304469 -0.845036 187.205002
0.448895 34.725105 0.961035 0.020747 0.182210 -0.918802 187.330002
0.590958 34.559772 0.961035 -0.050573 0.094763 -0.911975 187.449997
0.725521 34.410290 0.961035 -0.025548 0.057669 -0.907225 187.554993
0.865073 34.258541 0.961035 0.009447 0.038112 -0.903450 187.660004
1.005419 34.104073 0.961035 0.031425 0.027245 -0.900447 187.764999
1.143993 33.946415 0.961035 0.039578 0.022183 -0.898017 187.869995
1.273405 33.793278 0.961035 0.038084 0.018782 -0.896107 187.970001
1.400280 33.637623 0.961035 0.029160 0.016439 -0.894567 188.070007
1.537007 33.465256 0.961035 0.013122 -0.044808 -0.893202 188.179993
1.668135 33.297722 0.961035 0.000708 -0.106793 -0.892116 188.289993
1.795796 33.134220 0.961035 0.043169 -0.062626 -0.921971 188.404999
1.915128 32.973537 0.961035 0.064638 0.101382 -1.013726 188.520004
2.027691 32.807987 0.961035 0.049607 0.091703 -1.098556 188.630005
2.138926 32.631573 0.961035 0.054763 0.063543 -1.178154 188.740005
2.241538 32.455791 0.961035 0.076279 0.048537 -1.254678 188.845001
2.337477 32.274040 0.961035 0.102408 0.044978 -1.328838 188.949997
2.423350 32.086605 0.961035 0.130479 0.047029 -1.403079 189.054993
2.495814 31.893608 0.961035 0.151024 0.050167 -1.476246 189.160004
2.554215 31.695745 0.961035 0.081424 0.045512 -1.473988 189.264999
2.603622 31.494146 0.961035 0.076745 0.037406 -1.460746 189.369995
2.648725 31.270144 0.961035 0.068858 0.028308 -1.449203 189.485001
2.684114 31.053823 0.961035 0.048334 0.024105 -1.440437 189.595001
2.713039 30.846210 0.961035 0.024425 0.021214 -1.433748 189.699997
2.739801 30.638103 0.961035 0.001968 0.020811 -1.428336 189.804993
2.766763 30.429916 0.961035 -0.015249 0.020987 -1.424025 189.910004
2.795622 30.221928 0.961035 -0.022471 0.020292 -1.420510 190.014999
2.825239 30.024120 0.961035 0.036199 0.019901 -1.461937 190.115005
2.853179 29.816189 0.961035 0.070326 0.020241 -1.557645 190.220001
2.874211 29.608097 0.961035 0.014598 0.021503 -1.593788 190.324997
2.892636 29.399836 0.961035 0.008854 0.023695 -1.584702 190.429993
2.909738 29.191174 0.961035 0.028841 0.024508 -1.577404 190.535004
2.925331 28.952166 0.961035 0.041131 0.023742 -1.570786 190.654999
2.934303 28.742664 0.961035 0.040659 0.021434 -1.566193 190.759995
2.939084 28.532972 0.961035 0.028098 0.021857 -1.562543 190.865005
2.940893 28.323139 0.961035 0.014387 0.020943 -1.559601 190.970001
2.941213 28.083271 0.961035 -0.001053 0.020463 -1.556939 191.089996
2.943427 27.863565 0.961035 -0.054088 0.019334 -1.484430 191.199997
2.951111 27.654327 0.961035 -0.065171 0.021972 -1.458336 191.304993
2.965986 27.445795 0.961035 -0.055506 0.024553 -1.399967 191.410004
2.989819 27.238443 0.961035 -0.118308 0.026043 -1.304802 191.514999
3.026325 27.033731 0.961035 -0.128985 0.031679 -1.212303 191.619995
3.077035 26.832747 0.961035 -0.129110 0.036647 -1.125941 191.725006
3.142021 26.636211 0.961035 -0.126169 0.039451 -1.044686 191.830002
3.220720 26.444744 0.961035 -0.097364 0.038791 -0.981332 191.934998
3.310559 26.257629 0.961035 -0.094719 0.037025 -0.938292 192.039993
3.423827 26.047997 0.961035 -0.038737 0.029254 -0.953250 192.160004
3.528339 25.866375 0.961035 -0.039193 0.024690 -0.963680 192.264999
3.631954 25.695108 0.961035 -0.036684 0.020743 -0.971628 192.365005
3.739037 25.525539 0.961035 -0.027003 0.018126 -0.978037 192.464996
3.848631 25.357317 0.961035 -0.012648 0.017328 -0.983224 192.565002
3.959559 25.189760 0.961035 -0.000513 0.016033 -0.987491 192.664993
4.070749 25.022249 0.961035 0.010197 0.016184 -0.990925 192.764999
4.181365 24.854279 0.961035 0.015788 0.016296 -0.993736 192.865005
4.290948 24.685574 0.961035 0.017228 0.015933 -0.996008 192.964996
4.399364 24.516111 0.961035 0.016051 0.014614 -0.997862 193.065002
4.517672 24.329185 0.961035 0.005207 0.014923 -0.987798 193.175003
4.625077 24.159220 0.961035 0.002374 0.016215 -0.988972 193.274994
4.748729 23.963831 0.961035 -0.002769 0.015296 -0.990045 193.389999
4.867606 23.777397 0.961035 -0.042521 -0.023924 -0.951234 193.500000
4.991615 23.592085 0.961035 -0.076276 -0.140238 -0.833711 193.615005
5.111260 23.427326 0.961035 -0.086806 -0.088265 -0.751573 193.729996
5.240256 23.267570 0.961035 -0.089642 -0.032250 -0.677967 193.854996
5.400070 23.095112 0.961035 -0.072340 -0.000669 -0.627524 194.005005
5.562459 22.943104 0.961035 -0.087642 0.013065 -0.547612 194.149994
5.741128 22.801601 0.961035 -0.081742 0.018933 -0.467370 194.300003
5.929887 22.675173 0.961035 -0.073066 0.020037 -0.392225 194.449997
6.108335 22.573019 0.961035 -0.079096 0.152148 -0.325479 194.585007
6.295648 22.484146 0.961035 -0.073624 0.162535 -0.259890 194.710007
6.488484 22.403830 0.961035 0.011062 0.100854 -0.275415 194.824997
6.673666 22.327257 0.961035 -0.000865 0.063582 -0.289348 194.929993
6.863720 22.249292 0.961035 -0.020104 0.043085 -0.300519 195.035004
7.084841 22.161507 0.961035 -0.031590 0.024481 -0.310589 195.154999
7.279585 22.087673 0.961035 -0.031346 -0.037355 -0.317537 195.259995
7.469624 22.018532 0.961035 -0.024295 -0.094181 -0.323181 195.365005
7.674814 21.946331 0.961035 0.024153 0.014875 -0.351342 195.485001
7.868902 21.873968 0.961035 0.072605 0.090533 -0.457995 195.600006
8.058105 21.792789 0.961035 0.072596 0.073995 -0.551570 195.710007
8.239665 21.704494 0.961035 0.077086 0.055121 -0.635259 195.815002
8.419345 21.606293 0.961035 0.089219 0.045258 -0.713691 195.919998
8.594661 21.497940 0.961035 0.108893 0.042503 -0.791755 196.024994
8.763132 21.378471 0.961035 0.118108 0.037122 -0.863379 196.130005
8.922796 21.249277 0.961035 0.133787 -0.025018 -0.913481 196.235001
9.081820 21.102211 0.961035 0.092155 -0.086789 -0.934113 196.350006
9.222939 20.957811 0.961035 0.069918 -0.125944 -0.919228 196.464996
9.355091 20.805433 0.961035 0.142695 -0.023871 -1.082729 196.589996
9.469924 20.641481 0.961035 0.115269 0.012632 -1.228792 196.720001
9.570890 20.464102 0.961035 0.084186 0.021187 -1.336545 196.854996
9.659356 20.281521 0.961035 0.054282 0.023980 -1.388096 196.990005
9.738014 20.094538 0.961035 0.071047 0.027503 -1.441180 197.125000
9.804453 19.902878 0.961035 0.082657 0.028614 -1.497329 197.259995
9.856331 19.706921 0.961035 0.088903 0.029385 -1.556974 197.395004
9.892420 19.507513 0.961035 0.086395 0.028155 -1.617975 197.529999
9.912821 19.305822 0.961035 0.080177 0.026376 -1.680330 197.664993
9.919832 19.102907 0.961035 0.044548 0.022549 -1.703640 197.800003
9.918332 18.895449 0.961035 0.015912 0.173054 -1.688514 197.934998
9.911527 18.691141 0.961035 0.024683 0.141271 -1.678200 198.054993
9.900397 18.488695 0.961035 0.025873 0.091071 -1.670703 198.164993
9.883706 18.258520 0.961035 0.017390 0.054504 -1.664259 198.285004
9.863953 18.023521 0.961035 0.005872 0.034734 -1.659291 198.404999
9.845646 17.816122 0.961035 -0.003242 0.027471 -1.655805 198.509995
9.827516 17.607883 0.961035 -0.010830 0.024096 -1.653053 198.615005
9.810349 17.399118 0.961035 -0.013629 0.022083 -1.650842 198.720001
9.794442 17.190031 0.961035 -0.012565 0.021360 -1.649072 198.824997
9.779686 16.980742 0.961035 -0.009138 0.021019 -1.647643 198.929993
9.765081 16.761345 0.961035 -0.005035 0.020136 -1.646444 199.039993
9.750237 16.531933 0.961035 -0.000597 0.020770 -1.645442 199.154999
9.736611 16.322449 0.961035 0.001931 0.020342 -1.644718 199.259995
9.722631 16.112991 0.961035 0.003065 0.020666 -1.644136 199.365005
9.705564 15.866032 0.961035 0.013033 -0.149495 -1.732956 199.490005
9.691616 15.662302 0.961035 0.048292 -0.323511 -1.853385 199.604996
9.680815 15.459804 0.961035 0.080059 -0.253848 -2.010466 199.755005
9.677115 15.256599 0.961035 0.085997 -0.126161 -2.256554 199.990005
9.687354 15.056637 0.961035 0.042112 -0.012906 -2.822032 200.529999
9.607802 15.241811 0.961035 0.009357 0.185134 1.823148 202.470001
9.544082 15.436841 0.961035 0.011089 0.076080 1.682656 202.625000
9.483829 15.634501 0.961035 0.010205 0.042819 1.590361 202.770004
9.429087 15.832196 0.961035 0.055383 0.039606 1.530137 202.910004
9.385810 16.035011 0.961035 0.094767 0.041571 1.465455 203.050003
9.361838 16.234232 0.961035 0.094478 0.039631 1.408404 203.184998
9.354598 16.435862 0.961035 0.060624 0.030735 1.425580 203.320007
9.359049 16.639200 0.961035 0.054094 0.021729 1.438703 203.455002
9.373456 16.843090 0.961035 0.039014 0.016129 1.448698 203.589996
9.395063 17.047468 0.961035 0.022455 0.114317 1.456278 203.725006
9.418825 17.250959 0.961035 -0.066559 0.155160 1.527825 203.850006
9.435295 17.484818 0.961035 -0.076184 0.099018 1.635619 203.979996
9.438650 17.702641 0.961035 -0.076300 0.066164 1.726903 204.095001
9.431848 17.905563 0.961035 -0.084977 0.051717 1.805476 204.199997
9.414355 18.109600 0.961035 -0.105822 0.038700 1.886141 204.304993
9.384963 18.311100 0.961035 -0.115062 -0.018424 1.959601 204.410004
9.345793 18.507452 0.961035 0.015106 0.046817 1.865552 204.514999
9.305789 18.706188 0.961035 0.007463 0.045304 1.762513 204.619995
9.264642 18.907597 0.961035 -0.057623 0.035480 1.766949 204.725006
9.214877 19.119211 0.961035 -0.043147 0.028035 1.770768 204.835007
9.157189 19.340498 0.961035 -0.010872 0.024379 1.773941 204.949997
9.102701 19.542824 0.961035 -0.029768 0.020538 1.808738 205.054993
9.046920 19.745157 0.961035 -0.026478 0.019579 1.849929 205.160004
8.988196 19.946367 0.961035 -0.050769 -0.010262 1.948812 205.264999
8.925145 20.142241 0.961035 -0.055292 -0.056024 2.037939 205.369995
8.849762 20.353628 0.961035 -0.081073 -0.039105 2.128383 205.490005
8.769664 20.546286 0.961035 -0.105365 0.090166 2.205920 205.604996
8.677009 20.728970 0.975776 -0.120411 0.087569 2.282415 205.714996
8.572701 20.900219 0.977087 -0.126965 0.071172 2.355303 205.820007
8.454473 21.066252 0.992542 -0.069375 0.053877 2.377150 205.925003
8.325773 21.227564 0.993681 -0.126953 0.046426 2.447632 206.029999
8.171632 21.394575 0.994727 -0.128117 0.040760 2.526830 206.145004
8.012359 21.543280 0.995578 -0.121881 0.037674 2.602238 206.255005
7.850963 21.674734 0.996263 -0.122136 0.037229 2.676380 206.360001
7.681672 21.794975 0.996845 -0.150909 -0.052235 2.797513 206.464996
7.482773 21.916620 0.997427 -0.131519 -0.104941 2.876971 206.589996
7.302017 22.010303 0.997888 -0.166764 -0.045112 2.980758 206.710007
7.110602 22.086226 0.998300 -0.135196 0.002248 3.057710 206.839996
6.866955 22.150084 0.998716 -0.115346 0.023063 3.140177 207.005005
6.665376 22.179220 0.998985 -0.095178 0.025230 -3.080616 207.139999
6.432081 22.194107 0.999233 -0.028594 0.019337 -3.085661 207.294998
6.227745 22.200382 0.999405 -0.021238 0.015587 -3.099680 207.429993
6.022861 22.202774 0.999544 -0.015818 0.013572 -3.110240 207.565002
5.817752 22.202330 0.999658 -0.008762 0.011696 -3.118203 207.699997
5.614970 22.200373 0.999746 -0.000331 0.169637 -3.124009 207.830002
5.407668 22.198109 0.999813 0.004400 0.132664 -3.128158 207.949997
5.205289 22.196102 0.999824 -0.013392 -0.054571 -3.034525 208.059998
4.988772 22.193275 0.999824 -0.051559 -0.285036 -2.903628 208.184998
4.786694 22.192635 0.999824 -0.081570 -0.248639 -2.746550 208.335007
4.586510 22.198660 0.999824 -0.086933 -0.128451 -2.505698 208.565002
4.387475 22.218954 0.999824 -0.043448 -0.013888 -1.950691 209.095001
4.206779 22.127819 0.988356 -0.028957 0.283174 -2.460818 209.815002
4.054980 21.991003 0.988286 0.050743 0.141906 -2.730984 210.000000
3.890170 21.869370 0.988244 0.096934 0.089069 -2.926744 210.154999
3.707904 21.769041 0.988219 0.118682 0.021921 -3.068882 210.304993
3.521397 21.692200 0.988219 0.059928 -0.223515 -2.917041 210.460007
3.316768 21.619633 0.988219 -0.010114 -0.157047 -2.660481 210.705002
3.121209 21.565990 0.988219 -0.030341 -0.032475 -2.095003 211.244995
3.316227 21.611897 0.988219 -0.013061 0.187467 0.212947 213.725006
3.553297 21.662357 0.988219 -0.064657 0.070626 0.277060 213.904999
3.749887 21.716228 0.988219 -0.068092 0.036185 0.337683 214.044998
3.974136 21.796392 0.988219 -0.098919 0.022643 0.512449 214.205002
4.175280 21.894163 0.988219 -0.036128 0.022920 0.626642 214.354996
4.366737 21.997583 0.988219 0.030231 0.018415 0.504905 214.500000
4.548642 22.090794 0.988219 0.017523 0.013017 0.410311 214.634995
4.752824 22.191483 0.988219 0.019901 0.010697 0.323799 214.785004
4.937962 22.278656 0.988219 0.033241 0.012205 0.253630 214.919998
5.125244 22.359724 0.988219 0.059560 0.018933 0.183842 215.054993
5.337488 22.436890 0.988219 0.104484 0.026366 0.060959 215.205002
5.540038 22.490313 0.988219 0.112488 0.030759 -0.026989 215.345001
5.760734 22.525919 0.988219 0.078708 0.033009 -0.100347 215.494995
5.961785 22.541113 0.988219 0.084991 0.030658 -0.154254 215.630005
6.163713 22.539698 0.988219 0.100092 0.030264 -0.235543 215.764999
6.364796 22.519962 0.988219 0.060815 0.027272 -0.279890 215.899994
6.565207 22.487387 0.988219 0.084852 0.022858 -0.320461 216.035004
6.763223 22.441065 0.988219 0.056778 0.021539 -0.381536 216.169998
6.973141 22.378696 0.988219 0.053451 0.018799 -0.449006 216.315002
7.172589 22.307642 0.988219 0.050432 0.018286 -0.516045 216.455002
7.375259 22.223650 0.988219 0.052006 0.018442 -0.587978 216.600006
7.559678 22.135967 0.988219 0.056146 0.019089 -0.651134 216.735001
7.739027 22.038586 0.988219 0.063151 0.020694 -0.716722 216.869995
7.913668 21.932566 0.988219 0.021863 0.017523 -0.704301 217.005005
8.082975 21.823803 0.988219 0.019583 0.169170 -0.690218 217.134995
8.252539 21.707851 0.988219 0.031229 0.137696 -0.680279 217.255005
8.417244 21.588730 0.988219 0.031250 0.053028 -0.673064 217.365005
8.605653 21.446404 0.988219 0.016009 -0.018565 -0.693963 217.490005
8.764389 21.323795 0.988219 0.030511 -0.238565 -0.809154 217.600006
8.937058 21.191872 0.988219 0.067838 -0.280038 -0.960997 217.744995
9.108378 21.068398 0.988219 0.085266 -0.161408 -1.180910 217.955002
9.279223 20.959423 0.988219 0.060248 -0.040014 -1.599792 218.354996
9.304838 20.759985 0.988219 -0.046579 0.298961 -1.989189 219.220001
9.230914 20.567753 0.988219 0.042917 0.128859 -1.924147 219.395004
9.151421 20.367460 0.988219 -0.036673 0.054594 -1.734706 219.550003
9.078081 20.154682 0.988219 -0.041915 0.035209 -1.580767 219.705002
9.020678 19.956911 0.988219 -0.048677 0.034954 -1.533049 219.845001
8.972155 19.747486 0.988219 -0.090009 0.040045 -1.473022 219.990005
8.944018 19.549437 0.988219 -0.083563 -0.067625 -1.492823 220.125000
8.927330 19.329350 0.988219 -0.013817 -0.242944 -1.670848 220.294998
8.920800 19.127779 0.988219 0.036696 -0.142233 -1.922178 220.535004
8.929310 18.927637 0.988219 0.032574 -0.022333 -2.529545 221.115005
8.720023 18.887663 0.986028 0.026553 0.246393 3.016343 221.914993
8.499160 18.899931 0.985179 0.107054 0.082156 3.038910 222.085007
8.301629 18.933439 0.984627 0.086840 0.022160 3.107359 222.225006
8.101665 18.982100 0.984187 0.028234 0.014298 -3.130865 222.365005
7.907854 19.033554 0.983842 -0.035862 0.025702 -3.080422 222.500000
7.711754 19.077934 0.983561 -0.089660 0.038240 -3.024036 222.634995
7.490592 19.107641 0.983311 -0.098544 0.041481 -2.969438 222.785004
7.289085 19.115387 0.983129 -0.072752 0.032860 -2.986272 222.919998
7.085963 19.109335 0.982982 -0.064192 0.022373 -2.998995 223.054993
6.858289 19.088694 0.982851 -0.046595 0.154094 -3.009535 223.205002
6.659618 19.062366 0.982766 -0.022410 0.152446 -3.015889 223.324997
6.461376 19.033243 0.982701 -0.015745 0.097986 -3.010699 223.434998
6.254041 19.000120 0.982646 -0.034580 0.060858 -2.949057 223.544998
6.051982 18.964682 0.982602 -0.023963 0.039417 -2.904926 223.649994
5.848119 18.926962 0.982564 0.012976 0.029317 -2.888223 223.755005
5.643622 18.887283 0.982533 -0.035727 0.027216 -2.831271 223.860001
5.440188 18.841331 0.982506 -0.098828 0.029469 -2.753271 223.964996
5.239774 18.784748 0.982483 -0.112003 0.032516 -2.670084 224.070007
5.006878 18.701551 0.982460 -0.114704 0.023098 -2.578241 224.195007
4.818655 18.619425 0.982444 -0.115576 -0.033859 -2.503157 224.300003
4.634719 18.525576 0.982430 -0.120143 -0.079877 -2.426584 224.410004
4.458560 18.419567 0.982417 -0.133334 0.088104 -2.356614 224.524994
4.296676 18.300940 0.982407 -0.129935 0.099236 -2.285153 224.634995
4.133328 18.157642 0.982398 -0.125288 0.075478 -2.205234 224.750000
3.990269 18.013308 0.982391 -0.042849 0.053394 -2.204209 224.854996
3.849051 17.862247 0.982385 -0.033479 0.038401 -2.217749 224.960007
3.710956 17.705608 0.982380 -0.059786 0.030016 -2.180922 225.065002
3.564821 17.528526 0.982376 -0.030283 -0.008077 -2.192899 225.179993
3.412138 17.336973 0.982371 -0.021751 -0.083930 -2.203060 225.304993
3.287040 17.176605 0.982369 -0.023679 -0.115958 -2.205451 225.414993
3.166843 17.014582 0.982366 -0.086215 0.082786 -2.108813 225.529999
3.042377 16.825054 0.982364 -0.072748 0.091551 -2.012872 225.654999
2.936975 16.645409 0.982362 -0.068575 0.066206 -1.931446 225.764999
2.841586 16.465813 0.982361 -0.080270 0.050504 -1.854849 225.869995
2.738093 16.244064 0.982359 -0.110105 0.045461 -1.763150 225.994995
2.653410 16.024086 0.982358 -0.085661 0.044663 -1.704750 226.115005
2.589476 15.827042 0.982357 -0.067499 0.040237 -1.716826 226.220001
2.532632 15.626627 0.982356 -0.079920 0.033775 -1.726457 226.324997
2.479672 15.403870 0.982356 -0.116248 0.025741 -1.708119 226.440002
2.441399 15.178388 0.982356 -0.147888 0.027652 -1.600546 226.554993
2.422921 14.971062 0.982356 -0.126752 0.031594 -1.512613 226.660004
2.419006 14.713779 0.982356 -0.103400 0.032508 -1.413727 226.789993
2.428958 14.506363 0.982356 -0.057190 0.031390 -1.354785 226.895004
2.447248 14.299397 0.982356 -0.056338 0.031059 -1.310254 227.000000
2.472008 14.092753 0.982356 -0.035405 0.031385 -1.320993 227.104996
2.501523 13.886004 0.982356 -0.046549 0.028785 -1.329753 227.210007
2.536584 13.679601 0.982356 -0.049383 0.024981 -1.336731 227.315002
2.577004 13.473871 0.982356 0.012785 0.019655 -1.383923 227.419998
2.616719 13.268087 0.982356 0.044112 0.018244 -1.480523 227.524994
2.653260 13.062056 0.982356 0.005235 0.021079 -1.479181 227.630005
2.687405 12.855726 0.982356 0.034737 0.023897 -1.524275 227.735001
2.719931 12.628962 0.982356 0.046222 0.025958 -1.520555 227.850006
2.744563 12.421002 0.982356 0.055700 0.024300 -1.517844 227.955002
2.763387 12.212283 0.982356 0.051834 0.022656 -1.515653 228.059998
2.776800 12.003026 0.982356 0.038283 0.021332 -1.513888 228.164993
2.788165 11.743525 0.982356 0.015779 0.020581 -1.512178 228.294998
2.795492 11.533776 0.982356 -0.002328 0.020917 -1.511100 228.399994
2.803226 11.323997 0.982356 -0.014154 0.020628 -1.510241 228.505005
2.812783 11.114302 0.982356 -0.069018 0.019647 -1.474721 228.610001
2.829521 10.905446 0.982356 -0.104088 0.022010 -1.373948 228.714996
2.857507 10.698534 0.982356 -0.099879 0.026652 -1.283562 228.820007
2.895904 10.493764 0.982356 -0.028985 0.027528 -1.255691 228.925003
2.939038 10.289510 0.982356 -0.022658 0.027065 -1.263320 229.029999
2.985401 10.085370 0.982356 -0.033964 0.024782 -1.269516 229.134995
3.040963 9.862481 0.982356 -0.037502 0.022979 -1.274873 229.250000
3.096297 9.659871 0.982356 -0.030215 0.021202 -1.278783 229.354996
3.153636 9.468094 0.982356 -0.094227 0.020112 -1.206501 229.455002
3.223153 9.270065 0.982356 -0.090825 0.021876 -1.114018 229.559998
3.302167 9.076105 0.982356 -0.080680 0.023518 -1.028272 229.664993
3.389632 8.886306 0.982356 -0.084062 0.026432 -0.946796 229.770004
3.500143 8.675213 0.982356 -0.060782 0.029898 -0.879408 229.889999
3.604058 8.494187 0.982356 -0.033029 0.029365 -0.891479 229.994995
3.712483 8.314830 0.982356 -0.052758 0.027690 -0.901307 230.100006
3.826581 8.138281 0.982356 -0.062440 0.023284 -0.909176 230.205002
3.940890 7.973500 0.982356 -0.055972 0.019884 -0.915268 230.304993
4.059896 7.811771 0.982356 -0.038799 0.017539 -0.920183 230.404999
4.182074 7.652166 0.982356 -0.017204 0.016269 -0.924153 230.505005
4.305703 7.493476 0.982356 0.002230 0.015746 -0.927388 230.604996
4.429273 7.334646 0.982356 0.015877 0.015472 -0.930029 230.705002
4.551773 7.174992 0.982356 -0.016871 0.013347 -0.905416 230.804993
4.675622 7.016687 0.982356 -0.022529 0.013583 -0.836203 230.904999
4.801239 6.860066 0.982356 0.009727 0.016303 -0.842603 231.005005
4.926593 6.703037 0.982356 0.003490 0.016615 -0.847881 231.104996
5.052028 6.545867 0.982356 -0.006380 0.015687 -0.852202 231.205002
5.178414 6.389418 0.982356 -0.084281 0.014249 -0.800854 231.304993
5.308510 6.236597 1.028973 -0.030275 -0.042836 -0.767939 231.404999
5.441659 6.084708 1.028973 -0.047169 -0.252836 -0.657983 231.509995
5.583303 5.922540 1.028973 -0.080822 -0.300496 -0.516612 231.645004
5.711691 5.768016 1.028973 -0.096345 -0.189954 -0.328116 231.824997
5.834585 5.605000 1.028973 -0.076006 -0.062760 0.012223 232.149994
5.770135 5.800599 1.028973 -0.012781 0.280951 1.998856 234.520004
5.676626 5.997013 1.028973 -0.092179 0.151395 2.085057 234.649994
5.578716 6.174526 1.028973 -0.090490 0.091305 2.187976 234.759995
5.471808 6.345160 1.028973 -0.078928 0.057630 2.277158 234.865005
5.355168 6.513793 1.028973 -0.021427 0.040882 2.318825 234.970001
5.220667 6.696793 1.028973 -0.046030 0.033240 2.359486 235.085007
5.092429 6.861474 1.028973 -0.025392 0.028326 2.379483 235.190002
4.960541 7.024496 1.028973 -0.023632 0.024068 2.367148 235.294998
4.832276 7.178426 1.028973 -0.036180 0.021838 2.357651 235.395004
4.700867 7.330190 1.028973 -0.040235 0.019560 2.349966 235.494995
4.566256 7.479468 1.028973 -0.035152 0.017291 2.343701 235.595001
4.429085 7.626612 1.028973 0.021314 0.014613 2.307377 235.695007
4.293394 7.774944 1.028973 0.040971 0.013737 2.224586 235.794998
4.148203 7.941175 1.028973 0.080655 0.017250 2.153165 235.904999
4.016385 8.104619 1.028973 0.054207 0.021208 2.092967 236.009995
3.889975 8.272080 1.028973 0.086136 0.024962 2.066187 236.115005
3.771486 8.443837 1.028973 0.125012 -0.021252 1.978425 236.220001
3.666867 8.616992 1.028973 0.125217 -0.066509 1.900044 236.324997
3.571970 8.795485 1.028973 -0.002754 0.046227 1.966049 236.434998
3.472695 8.984690 1.028973 0.013432 0.071261 2.055077 236.550003
3.379667 9.163163 1.028973 -0.011701 0.051027 2.108572 236.654999
3.283930 9.344501 1.028973 0.014372 0.037593 2.146920 236.759995
3.185920 9.527263 1.028973 -0.005421 0.030384 2.176238 236.865005
3.084406 9.709612 1.028973 -0.079196 0.028426 2.243748 236.970001
2.953260 9.920797 1.028973 -0.068497 0.029275 2.319902 237.095001
2.835241 10.093404 1.028973 -0.079344 0.030030 2.334063 237.199997
2.709574 10.260842 1.028973 -0.083811 0.029477 2.390373 237.304993
2.574778 10.420886 1.028973 -0.132150 0.031031 2.467704 237.410004
2.429565 10.570835 1.028973 -0.138559 0.034252 2.549270 237.514999
2.274006 10.709352 1.028973 -0.136481 0.036585 2.627109 237.619995
2.109037 10.836123 1.028973 -0.131825 0.037563 2.701325 237.725006
1.935720 10.950942 1.028973 -0.120183 0.037508 2.769959 237.830002
1.738394 11.065321 1.028973 -0.105941 0.037653 2.803886 237.945007
1.552239 11.159811 1.028973 -0.061534 0.030705 2.844299 238.050003
1.362617 11.248382 1.028973 -0.014328 0.024570 2.823968 238.154999
1.181524 11.332482 1.053239 -0.022601 -0.053826 2.823410 238.255005
1.007149 11.412844 1.120249 -0.025855 -0.134919 2.806194 238.354996
0.783959 11.512995 1.129583 -0.001358 -0.311166 2.651377 238.500000
0.597375 11.591867 1.129583 0.043402 -0.232761 2.478592 238.664993
0.409377 11.662447 1.129583 0.062568 -0.110228 2.195853 238.934998
0.216195 11.714756 1.129583 0.016902 0.000818 1.279552 239.809998
0.313312 11.890553 1.129583 0.012162 0.253618 1.004544 240.320007
0.425376 12.063946 1.129583 0.026836 0.109517 0.971407 240.485001
0.540269 12.234838 1.129583 0.026195 0.051059 1.000479 240.630005
0.659740 12.404679 1.129583 0.037236 0.024222 0.984582 240.770004
0.782147 12.567338 1.129583 0.021706 0.014939 0.972904 240.904999
0.917304 12.740014 1.129583 0.010657 0.170595 0.963872 241.044998
1.039766 12.898880 1.129583 -0.031616 0.128718 1.001712 241.160004
1.161474 13.064625 1.129583 -0.012665 0.079384 0.995735 241.270004
1.280458 13.229787 1.129583 -0.017066 0.050804 0.991159 241.375000
1.422922 13.431725 1.129583 -0.020462 0.030942 0.986867 241.500000
1.541921 13.604209 1.129583 -0.018055 0.023713 0.984029 241.604996
1.654417 13.770038 1.129583 -0.013117 0.019261 0.981874 241.705002
1.766131 13.936822 1.129583 -0.058679 0.015907 1.017134 241.804993
1.873455 14.106301 1.129583 -0.092071 0.017244 1.112796 241.904999
1.973102 14.279747 1.129583 -0.093209 0.020881 1.199185 242.005005
2.068847 14.465879 1.129583 -0.097730 0.025541 1.284329 242.110001
2.156992 14.655335 1.129583 -0.027217 0.026706 1.275557 242.214996
2.242218 14.846695 1.129583 -0.035265 0.025022 1.264624 242.320007
2.322073 15.040538 1.129583 -0.066539 0.025815 1.303368 242.425003
2.395188 15.237101 1.129583 -0.050051 0.024080 1.293925 242.529999
2.466685 15.445151 1.129583 -0.040876 0.021457 1.286001 242.639999
2.534040 15.654797 1.129583 -0.027719 0.019335 1.279699 242.750000
2.594071 15.845776 1.129583 0.016133 0.017796 1.225223 242.850006
2.656187 16.035952 1.129583 0.070288 0.016570 1.167535 242.949997
2.726865 16.233343 1.129583 0.078521 0.020183 1.119492 243.054993
2.806158 16.426817 1.129583 0.127349 0.025098 1.014564 243.160004
2.898060 16.613586 1.129583 0.133326 0.031408 0.921982 243.264999
3.013814 16.809240 1.129583 0.133286 0.036590 0.828208 243.380005
3.144841 16.994671 1.129583 0.149883 -0.011577 0.712477 243.494995
3.278316 17.155443 1.129583 0.132806 -0.115587 0.611042 243.604996
3.416161 17.300610 1.129583 0.129765 -0.066782 0.544358 243.720001
3.572918 17.441219 1.129583 0.101054 -0.016477 0.494175 243.850006
3.758785 17.583065 1.129583 0.058145 0.002588 0.515159 244.000000
3.930921 17.699112 1.129583 0.050165 0.007160 0.495201 244.134995
4.133369 17.822611 1.129583 0.024665 0.009354 0.506688 244.289993
4.312750 17.924410 1.129583 0.059227 0.010126 0.432004 244.425003
4.496528 18.017618 1.129583 0.060468 0.090831 0.353079 244.559998
4.689553 18.103996 1.129583 -0.021491 0.158913 0.330225 244.690002
4.878216 18.187946 1.129583 -0.027040 0.105839 0.344112 244.804993
5.067961 18.275005 1.129583 -0.005941 0.066542 0.354635 244.914993
5.254062 18.360800 1.129583 0.013391 0.044210 0.362677 245.020004
5.442416 18.448423 1.129583 0.004635 0.030097 0.424281 245.125000
5.632727 18.534817 1.129583 0.097489 0.025631 0.327296 245.229996
5.827013 18.612371 1.129583 0.064482 0.025019 0.257385 245.335007
6.033051 18.687536 1.114767 0.005715 0.022491 0.268770 245.445007
6.230412 18.758690 1.115818 0.011429 0.022031 0.277468 245.550003
6.418993 18.825701 1.116669 0.020565 0.020751 0.284119 245.649994
6.617780 18.894373 1.117433 0.024739 0.019486 0.289773 245.755005
6.807841 18.957788 1.118054 0.022909 0.019548 0.294124 245.854996
6.998553 19.019449 1.118586 0.017712 0.018926 0.297652 245.955002
7.189662 19.079790 1.119043 0.011243 0.004491 0.300522 246.054993
7.388984 19.140320 1.119451 0.070667 -0.054243 0.215767 246.160004
7.599922 19.196985 1.091032 0.071280 -0.106721 0.121794 246.274994
7.796264 19.242577 1.073560 0.076800 -0.131402 0.040818 246.389999
7.999650 19.279566 1.068964 0.101067 -0.016662 -0.082125 246.520004
8.203810 19.300167 1.070065 0.090473 0.020687 -0.148858 246.654999
8.406861 19.304216 1.070965 0.087127 0.027192 -0.210386 246.789993
8.609271 19.292122 1.071698 0.080947 0.026800 -0.273057 246.925003
8.810344 19.264803 1.072289 0.072911 0.024894 -0.337124 247.059998
9.009315 19.223764 1.072769 0.066181 0.023046 -0.399395 247.195007
9.205522 19.170315 1.073157 0.062571 0.021646 -0.462692 247.330002
9.412448 19.099970 1.073494 0.067347 0.051929 -0.532765 247.475006
9.602476 19.018663 1.073746 0.110987 0.020014 -0.686441 247.610001
9.781962 18.919779 1.073950 0.116458 0.023178 -0.843925 247.744995
9.959034 18.795309 1.074128 0.118488 0.035266 -0.993691 247.889999
10.112807 18.657360 1.074265 0.127312 0.047152 -1.139388 248.029999
10.247303 18.502169 1.074375 0.130704 0.052085 -1.269732 248.169998
10.360223 18.331364 1.074465 0.127687 0.055323 -1.396559 248.309998
10.450141 18.147449 1.074536 0.093960 0.051990 -1.481981 248.449997
10.521319 17.953667 1.074593 0.084350 0.043975 -1.521939 248.589996
10.573599 17.759844 1.074638 0.102344 0.038470 -1.574418 248.725006
10.607688 17.561216 1.074673 0.100965 0.033946 -1.637322 248.860001
10.625100 17.359638 1.074704 0.086616 0.027570 -1.678740 248.994995
10.630363 17.133856 1.074731 0.027900 0.019626 -1.656578 249.145004
10.628627 16.906883 1.074752 0.018964 0.014861 -1.640131 249.294998
10.623257 16.699427 1.074767 0.006911 0.163694 -1.629173 249.429993
10.616110 16.496420 1.074778 0.001231 0.143020 -1.621710 249.550003
10.608480 16.294586 1.074786 -0.003783 0.091099 -1.616326 249.660004
10.601145 16.093643 1.074794 -0.007517 0.059794 -1.612178 249.764999
10.593155 15.848930 1.074800 -0.009466 0.036908 -1.608359 249.889999
10.587362 15.641150 1.074805 -0.008310 0.029246 -1.605825 249.994995
10.582115 15.422404 1.074809 -0.006087 0.024203 -1.603699 250.104996
10.577659 15.213093 1.074812 -0.003141 0.022651 -1.602054 250.210007
10.573434 15.003514 1.074814 -0.000166 0.021507 -1.600759 250.315002
10.569147 14.793798 1.074817 0.001756 0.021523 -1.599710 250.419998
10.564606 14.583998 1.074819 0.002560 0.020785 -1.598879 250.524994
10.559733 14.374185 1.074822 0.002409 0.020225 -1.598205 250.630005
10.554551 14.164394 1.074824 0.001556 0.020778 -1.597664 250.735001
10.549149 13.954590 1.074824 0.000483 0.020438 -1.597228 250.839996
10.543637 13.744778 1.074824 -0.000521 0.020882 -1.596875 250.945007
10.538125 13.534927 1.074824 -0.001287 0.020563 -1.596594 251.050003
10.532696 13.325046 1.074824 -0.001643 0.020421 -1.596368 251.154999
10.527384 13.115138 1.074824 -0.001628 0.020426 -1.596186 251.259995
10.522192 12.905239 1.074824 -0.001375 0.020331 -1.596039 251.365005
10.515182 12.655499 1.074824 0.037469 0.018699 -1.648055 251.490005
10.505193 12.436127 1.074824 0.015795 0.021802 -1.649545 251.600006
10.493587 12.226748 1.074824 0.019402 0.021461 -1.650497 251.705002
10.478992 12.007442 1.074824 0.021107 0.021125 -1.651286 251.815002
10.462616 11.798220 1.074824 0.017653 0.020720 -1.651890 251.919998
10.444248 11.589125 1.074824 0.010634 0.020498 -1.652372 252.024994
10.424651 11.380098 1.074824 0.002372 0.020530 -1.652756 252.130005
10.404666 11.171060 1.074824 -0.004261 0.020452 -1.653066 252.235001
10.385898 10.971939 1.074824 -0.008024 0.020014 -1.653306 252.335007
10.365993 10.752882 1.074824 -0.009611 0.019969 -1.653517 252.445007
10.347874 10.543745 1.074824 -0.008631 0.020373 -1.653677 252.550003
10.330514 10.334549 1.074824 -0.006474 0.020196 -1.653807 252.654999
10.313679 10.125319 1.074824 -0.003579 0.020246 -1.653912 252.759995
10.297062 9.916080 1.074824 -0.001062 0.020051 -1.653996 252.865005
10.280389 9.706838 1.074824 0.000756 0.020679 -1.654064 252.970001
10.263465 9.497549 1.074824 0.001462 0.020215 -1.654119 253.074997
10.242071 9.238457 1.074824 0.001159 0.019714 -1.654171 253.205002
10.224473 9.029243 1.074824 0.000280 0.020934 -1.654205 253.309998
10.206687 8.820006 1.074824 -0.000801 0.020559 -1.654231 253.414993
10.189677 8.620704 1.074824 -0.001717 0.020513 -1.654252 253.514999
10.172686 8.421389 1.074824 -0.002387 0.019520 -1.654268 253.615005
10.154937 8.212145 1.074824 -0.002688 0.019597 -1.654282 253.720001
10.137310 8.002939 1.074824 -0.002575 0.020346 -1.654293 253.824997
10.119789 7.793702 1.074824 -0.002249 0.020771 -1.654303 253.929993
10.102339 7.584410 1.074824 -0.001892 0.020525 -1.654310 254.035004
10.084093 7.365121 1.074824 -0.001569 0.020003 -1.654316 254.145004
10.067513 7.165787 1.074824 -0.001311 0.020197 -1.654321 254.244995
10.050911 6.966470 1.074824 -0.001156 0.020570 -1.654325 254.345001
10.032608 6.747233 1.074824 -0.001170 0.020176 -1.654327 254.455002
10.015930 6.547927 1.074824 -0.001217 0.020593 -1.654330 254.554993
9.999218 6.348600 1.074824 -0.001365 0.020206 -1.654332 254.654999
9.981651 6.139295 1.074824 -0.001506 0.020140 -1.654334 254.759995
9.964918 5.939955 1.074824 -0.001600 0.020311 -1.654334 254.860001
9.948191 5.740625 1.074824 -0.001688 0.019920 -1.654334 254.960007
9.931478 5.541303 1.074824 -0.001673 0.020446 -1.654334 255.059998
9.914769 5.341947 1.074824 -0.001654 0.020517 -1.654334 255.160004
9.898072 5.142581 1.074824 -0.001687 0.019730 -1.654334 255.259995
9.881393 4.943261 1.074824 -0.001616 0.020056 -1.654334 255.360001
9.863890 4.734001 1.074824 -0.001554 0.020123 -1.654334 255.464996
9.844582 4.528210 1.074824 0.075155 -0.131833 -1.802972 255.570007
9.815094 4.313317 1.074824 0.128038 -0.096350 -1.981142 255.690002
9.772706 4.111710 1.074824 0.112964 -0.031094 -2.052668 255.815002
9.709633 3.902400 1.074824 0.109256 0.007640 -2.121811 255.955002
9.631521 3.712004 1.074824 0.099709 0.019371 -2.187763 256.089996
9.537275 3.530840 1.074824 0.087489 0.022771 -2.254325 256.225006
9.428974 3.357940 1.074824 0.074825 0.021902 -2.321390 256.359985
9.308942 3.192693 1.074824 0.064109 0.019788 -2.386891 256.494995
9.179187 3.034724 1.074824 0.060589 0.018983 -2.450858 256.630005
9.042931 2.887697 1.074824 0.070930 0.172734 -2.515976 256.760010
8.874490 2.730072 1.074824 -0.000193 0.133647 -2.540732 256.894989
8.722465 2.593995 1.074824 0.003444 0.086194 -2.528013 257.005005
8.570280 2.460035 1.074824 0.025907 0.056322 -2.518320 257.109985
8.412769 2.325824 1.074824 0.038839 0.037314 -2.510582 257.214996
8.250875 2.193485 1.074824 0.039231 0.026727 -2.504324 257.320007
8.093498 2.069750 1.074824 0.031240 0.021006 -2.499529 257.420013
7.929098 1.943802 1.074824 -0.005299 -0.179343 -2.394598 257.524994
7.750388 1.808980 1.074824 -0.054094 -0.320952 -2.258465 257.654999
7.586905 1.690865 1.074824 -0.082831 -0.232410 -2.090916 257.815002
7.418911 1.579484 1.074824 -0.082825 -0.105503 -1.818644 258.075012
7.243104 1.483769 1.074824 -0.024008 0.000835 -1.038476 258.820007
7.433858 1.398693 1.074824 0.007228 0.319236 -0.276745 259.984985
7.624933 1.339009 1.074824 0.054300 0.246869 -0.285369 260.125000
7.855161 1.257771 1.074824 0.021418 0.121261 -0.291752 260.265015
8.050056 1.186127 1.074824 -0.004690 0.073278 -0.295674 260.375000
8.260964 1.110294 1.074824 -0.093994 0.044310 -0.235623 260.489990
8.458542 1.048136 1.074824 -0.039397 0.034526 -0.216467 260.595001
8.659106 0.991735 1.074824 -0.052971 0.029136 -0.169749 260.700012
8.861741 0.940544 1.074824 -0.026704 0.025895 -0.176539 260.804993
9.075315 0.889763 1.074824 -0.028026 0.023292 -0.182358 260.915009
9.280116 0.843978 1.074824 -0.027849 0.021015 -0.186704 261.019989
9.485584 0.800772 1.074824 -0.022202 0.020059 -0.190223 261.125000
9.691489 0.759574 1.074824 -0.013855 0.019770 -0.193055 261.230011
9.887832 0.721347 1.074824 -0.005103 0.020037 -0.195234 261.329987
10.084258 0.683277 1.074824 0.000998 0.019341 -0.197004 261.429993
10.280606 0.644785 1.074824 0.005048 0.019581 -0.198441 261.529999
10.476810 0.605512 1.074824 0.006263 0.019152 -0.199615 261.630005
10.672847 0.565361 1.074824 0.005190 0.019260 -0.200569 261.730011
10.868724 0.524495 1.074824 -0.034834 0.016996 -0.176131 261.829987
11.074726 0.484886 1.074824 -0.028079 0.019444 -0.126178 261.934998
11.281161 0.448603 1.074824 -0.012308 0.020925 -0.130029 262.040009
11.487915 0.413545 1.074824 -0.016521 0.021468 -0.133104 262.144989
11.704937 0.378439 1.074824 -0.018791 0.021093 -0.135691 262.255005
11.912471 0.346706 1.074824 -0.017703 0.019655 -0.137690 262.359985
12.120241 0.316556 1.074824 -0.012193 0.020208 -0.139272 262.464996
12.328181 0.287437 1.074824 -0.006388 0.020129 -0.140543 262.570007
12.536183 0.258736 1.074824 -0.001414 0.019817 -0.141560 262.674988
12.783751 0.224397 1.074824 0.002541 0.019871 -0.142519 262.799988
12.991632 0.195179 1.074824 -0.047952 0.018150 -0.105460 262.904999
13.209628 0.168224 1.074824 -0.018234 0.020246 -0.076091 263.015015
13.417964 0.145018 1.074824 -0.022826 0.021995 -0.073572 263.119995
13.626658 0.124218 1.074824 -0.031661 0.021195 -0.071561 263.225006
13.835673 0.106666 1.074824 -0.033345 0.019839 -0.069929 263.329987
14.044933 0.092491 1.074824 -0.059665 0.019187 -0.046735 263.434998
14.274260 0.083622 1.074824 -0.031206 0.020825 -0.006191 263.549988
14.483721 0.079659 1.074824 -0.016245 0.021938 -0.005837 263.654999
14.693349 0.077493 1.074824 -0.012161 0.021833 -0.005552 263.760010
14.903116 0.076629 1.074824 -0.008487 0.021385 -0.005322 263.864990
15.132959 0.076684 1.074824 -0.003615 0.020797 -0.005123 263.980011
15.342854 0.077135 1.074824 0.000477 0.020377 -0.004980 264.084991
15.552752 0.077519 1.074824 0.003274 0.020922 -0.004865 264.190002
15.762672 0.077544 1.074824 0.004426 0.020305 -0.004772 264.295013
15.972576 0.077089 1.074824 0.004248 0.020223 -0.004698 264.399994
16.182461 0.076180 1.074824 0.003138 0.020321 -0.004638 264.505005
16.392361 0.074936 1.074824 0.001613 0.020615 -0.004589 264.609985
16.602301 0.073524 1.074824 0.000077 0.020312 -0.004550 264.714996
16.812265 0.072104 1.074824 -0.001104 0.020248 -0.004519 264.820007
17.022230 0.070796 1.074824 -0.001715 0.020381 -0.004495 264.924988
17.232224 0.069659 1.074824 -0.001742 0.020301 -0.004475 265.029999
17.442184 0.068698 1.074824 -0.001394 0.020083 -0.004459 265.135010
17.662119 0.067837 1.074824 -0.000772 0.020231 -0.004445 265.244995
17.872049 0.067090 1.074824 -0.000197 0.020509 -0.004435 265.350006
18.082005 0.066354 1.074824 0.000246 0.020507 -0.004427 265.454987
18.291969 0.065583 1.074824 0.000480 0.019837 -0.004420 265.559998
18.501894 0.064752 1.074824 0.000523 0.020711 -0.004415 265.665009
18.711823 0.063856 1.074824 0.000413 0.020623 -0.004410 265.769989
18.921787 0.062907 1.074824 0.000224 0.020924 -0.004407 265.875000
19.131752 0.061925 1.074824 0.000009 0.020324 -0.004404 265.980011
19.381735 0.060746 1.074824 -0.000200 0.020677 -0.004402 266.105011
19.581745 0.059813 1.074824 -0.000288 0.020255 -0.004400 266.204987
19.781750 0.058899 1.074824 -0.000312 0.020536 -0.004399 266.304993
20.001755 0.057919 1.074824 -0.000280 0.020166 -0.004398 266.415009
20.211740 0.057004 1.074824 -0.000211 0.020553 -0.004397 266.519989
20.421705 0.056102 1.074824 -0.000136 0.020591 -0.004396 266.625000
20.631664 0.055205 1.074824 -0.000068 0.020162 -0.004396 266.730011
20.861614 0.054219 1.074824 -0.000022 0.020025 -0.004395 266.845001
21.081541 0.053268 1.074824 -0.000006 0.020542 -0.004395 266.954987
21.291466 0.052351 1.074824 -0.000015 0.020748 -0.004395 267.059998
21.501429 0.051427 1.074824 -0.000039 0.020804 -0.004395 267.165009
21.711393 0.050497 1.074824 -0.000068 0.020768 -0.004394 267.269989
21.941412 0.049476 1.074824 -0.000097 0.020571 -0.004394 267.385010
22.181332 0.049846 1.074824 -0.081756 0.017875 0.083591 267.505005
22.390291 0.058747 1.074824 -0.098969 0.022962 0.184767 267.609985
22.597597 0.078670 1.074824 -0.103294 0.029195 0.275427 267.714996
22.802979 0.109598 1.074824 -0.058693 0.032556 0.318182 267.820007
23.007509 0.147919 1.074824 -0.036783 0.031825 0.308024 267.924988
23.211908 0.191226 1.074824 -0.044664 0.028210 0.299875 268.029999
23.415649 0.239908 1.074824 -0.045080 0.023905 0.293313 268.135010
23.637646 0.299169 1.074824 -0.034326 0.020876 0.287568 268.250000
23.839399 0.357441 1.074824 -0.015574 0.020171 0.283442 268.355011
24.031164 0.414858 1.074824 0.000050 0.019232 0.280258 268.454987
24.222916 0.472610 1.074824 0.012444 0.018835 0.277675 268.554993
24.424528 0.532335 1.074824 0.020136 0.019038 0.275490 268.660004
24.617004 0.587653 1.074824 0.022197 0.018378 0.273800 268.760010
24.809961 0.641283 1.074824 0.019468 0.018360 0.272438 268.859985
25.022655 0.698623 1.074824 0.013477 0.018107 0.271240 268.970001
25.216236 0.749793 1.074824 0.006938 0.019060 0.270364 269.070007
25.409906 0.800673 1.074824 0.001817 0.019338 0.269650 269.170013
25.603550 0.851745 1.074824 -0.001596 0.019240 0.269076 269.269989
25.797070 0.903319 1.074824 -0.002886 0.018122 0.268604 269.369995
26.009718 0.960754 1.074824 -0.002463 0.018835 0.268190 269.480011
26.241501 1.024188 1.074824 -0.000337 0.019083 0.267830 269.600006
26.434566 1.077473 1.074824 0.001890 0.018784 0.267590 269.700012
26.627594 1.130916 1.074824 0.004002 0.018951 0.267399 269.799988
26.830322 1.186997 1.074824 0.005369 0.019384 0.267237 269.904999
27.023493 1.240255 1.074824 0.005924 0.019324 0.267111 270.005005
27.216766 1.293312 1.074824 0.006080 0.018358 0.267007 270.105011
27.410067 1.346134 1.074824 0.005699 0.018193 0.266923 270.204987
27.603357 1.398755 1.074824 0.004754 0.018875 0.266856 270.304993
27.796684 1.451275 1.074824 0.003879 0.018604 0.266804 270.404999
27.990013 1.503784 1.074824 0.003266 0.018395 0.266763 270.505005
28.183300 1.556325 1.074824 0.002794 0.018477 0.266728 270.605011
28.376553 1.608944 1.074824 0.002617 0.019180 0.266699 270.704987
28.569805 1.661671 1.074824 0.002802 0.018948 0.266678 270.804993
28.763058 1.714483 1.074824 0.003168 0.018345 0.266662 270.904999
28.975607 1.772620 1.074824 0.003433 0.018848 0.266649 271.015015
29.168898 1.825175 1.074824 0.062110 0.018159 0.221800 271.114990
29.362883 1.874433 1.074824 0.053727 0.018892 0.182888 271.214996
29.567148 1.923059 1.074824 -0.001968 0.019457 0.189988 271.320007
29.761789 1.969175 1.074824 0.055799 0.020540 0.153124 271.420013
29.966961 2.012691 1.074824 0.031296 0.020552 0.103258 271.524994
30.172720 2.052373 1.074824 0.010886 0.022061 0.112168 271.630005
30.378906 2.090837 1.074824 0.019554 0.022299 0.119378 271.734985
30.595474 2.129085 1.074824 0.026434 0.021280 0.125376 271.845001
30.812597 2.164537 1.074824 0.025523 0.020532 0.130175 271.954987
31.010361 2.194407 1.074824 0.020570 0.019603 0.133677 272.054993
31.218315 2.223373 1.074824 0.081525 0.019096 0.077588 272.160004
31.426737 2.244998 1.074824 0.031878 0.021812 0.032189 272.265015
31.635450 2.262623 1.074824 0.003635 0.022764 0.038948 272.369995
31.844402 2.279761 1.074824 0.004629 0.021102 0.044321 272.475006
32.073418 2.297999 1.074824 0.009333 0.021724 0.049013 272.589996
32.302654 2.315172 1.074824 0.011024 0.020999 0.052717 272.704987
32.512093 2.329748 1.074824 0.009771 0.020769 0.055412 272.809998
32.721622 2.343408 1.074824 0.007092 0.020384 0.057573 272.915009
32.931210 2.356470 1.074824 0.003562 0.020228 0.059301 273.019989
33.130871 2.368689 1.074824 0.000735 0.020039 0.060636 273.119995
33.330494 2.380971 1.074824 -0.001361 0.019440 0.061708 273.220001
33.540035 2.394140 1.074824 -0.002420 0.020030 0.062622 273.325012
33.749508 2.407689 1.074824 -0.002243 0.020117 0.063352 273.429993
33.958912 2.421600 1.074824 -0.001342 0.020757 0.063944 273.535004
34.168369 2.435781 1.074824 -0.000040 0.020735 0.064418 273.640015
34.387829 2.450776 1.074824 0.001275 0.020275 0.064808 273.750000
34.597313 2.465086 1.074824 0.002076 0.020765 0.065110 273.855011
34.806797 2.479308 1.074824 0.002553 0.019919 0.065353 273.959991
35.016300 2.493393 1.074824 0.002531 0.020335 0.065547 274.065002
35.215885 2.506680 1.074824 0.002207 0.020736 0.065698 274.165009
35.415470 2.519872 1.074824 0.001911 0.019810 0.065820 274.265015
35.615055 2.533004 1.074824 0.001469 0.019739 0.065920 274.364990
35.824539 2.546774 1.074824 0.001004 0.020808 0.066004 274.470001
36.034069 2.560569 1.074824 0.000774 0.020801 0.066071 274.575012
36.233654 2.573751 1.074824 0.000713 0.020769 0.066123 274.674988
36.433239 2.586984 1.074824 0.000830 0.020213 0.066164 274.774994
36.632824 2.600258 1.074824 0.000928 0.020818 0.066199 274.875000
36.832409 2.613562 1.074824 0.001140 0.019951 0.066226 274.975006
37.031994 2.626875 1.074824 0.001254 0.020683 0.066249 275.075012
37.241539 2.640851 1.074824 0.001425 0.019591 0.066268 275.179993
37.451023 2.654805 1.074824 0.001438 0.020300 0.066283 275.285004
37.660507 2.668740 1.074824 0.001386 0.020840 0.066295 275.390015
37.869991 2.682659 1.074824 0.001401 0.019995 0.066305 275.494995
38.079475 2.696563 1.074824 0.001306 0.020445 0.066313 275.600006
38.288960 2.710462 1.074824 0.001235 0.020556 0.066319 275.704987
38.498489 2.724368 1.074824 0.001202 0.020503 0.066324 275.809998
38.708054 2.738281 1.074824 0.001200 0.020380 0.066328 275.915009
38.907639 2.751538 1.074824 0.001222 0.020059 0.066332 276.015015
39.107224 2.764799 1.074824 0.001253 0.019699 0.066334 276.114990
39.316727 2.778720 1.074824 0.001249 0.020011 0.066336 276.220001
39.526211 2.792639 1.074824 0.001226 0.020515 0.066338 276.325012
39.735733 2.804699 1.074824 0.023808 0.019756 0.019696 276.429993
39.955132 2.812655 1.074824 0.026132 0.020965 -0.031164 276.540009
40.164536 2.816656 1.074824 0.023631 0.023225 -0.030523 276.644989
40.374031 2.816499 1.074824 0.060069 0.022617 -0.081797 276.750000
40.583355 2.810262 1.074824 0.018074 0.022325 -0.073500 276.855011
40.792751 2.801750 1.074824 0.007171 0.021165 -0.066808 276.959991
41.002205 2.792311 1.074824 0.001373 0.020724 -0.061449 277.065002
41.211723 2.782604 1.074824 -0.002786 0.021175 -0.057172 277.170013
41.421310 2.773069 1.074824 -0.005010 0.021069 -0.053730 277.274994
41.650921 2.763111 1.074824 -0.005710 0.020342 -0.050719 277.390015
41.860638 2.754538 1.074824 -0.005054 0.019958 -0.048545 277.494995
42.070362 2.746392 1.074824 -0.003434 0.020736 -0.046802 277.600006
42.280087 2.738506 1.074824 -0.001751 0.020417 -0.045411 277.704987
42.489811 2.730707 1.074824 -0.000405 0.019975 -0.044282 277.809998
42.699501 2.722857 1.074824 0.000550 0.020072 -0.043376 277.915009
42.909145 2.714856 1.074824 0.000935 0.020293 -0.042649 278.019989
43.118790 2.706669 1.074824 0.000767 0.020910 -0.042066 278.125000
43.328465 2.698312 1.074824 0.000282 0.020772 -0.041594 278.230011
43.558163 2.689027 1.074824 -0.000422 0.020183 -0.041187 278.345001
43.777874 2.680435 1.074824 -0.062727 0.019079 0.005804 278.454987
43.987354 2.678401 1.074824 -0.093763 0.021561 0.106925 278.559998
44.196301 2.684186 1.074824 -0.009653 0.022886 0.103307 278.665009
44.405071 2.693980 1.074824 -0.090189 0.024696 0.188389 278.769989
44.663811 2.720507 1.074824 -0.143406 -0.125898 0.382472 278.904999
44.868454 2.757933 1.074824 -0.140610 -0.065554 0.513636 279.024994
45.068470 2.814088 1.074824 -0.131038 -0.002839 0.576049 279.154999
45.261017 2.891058 1.074824 -0.118443 0.019754 0.640398 279.290009
45.442768 2.985449 1.074824 -0.051234 0.019102 0.638586 279.424988
45.619167 3.090057 1.074824 -0.074748 0.017427 0.673627 279.559998
45.790230 3.203771 1.074824 -0.015646 0.012148 0.662970 279.695007
45.959549 3.320783 1.074824 -0.005113 0.010569 0.649530 279.829987
46.153870 3.456903 1.074824 0.003318 0.118815 0.638196 279.984985
46.322853 3.575685 1.074824 0.005161 0.156728 0.631303 280.109985
46.493710 3.695705 1.074824 0.005024 0.101769 0.626383 280.225006
46.657940 3.810878 1.101140 -0.024971 0.036973 0.683852 280.329987
46.825043 3.935160 1.097267 -0.200210 -0.114146 1.047742 280.440002
46.979755 4.071434 1.085028 -0.137398 -0.050570 1.073619 280.559998
47.119980 4.223275 1.084184 -0.190176 0.008002 1.230052 280.690002
47.236668 4.391469 1.083469 -0.115902 0.032613 1.291358 280.825012
47.346405 4.596606 1.082817 -0.100934 0.032975 1.350433 280.980011
47.424072 4.783887 1.082361 -0.091736 0.029516 1.407598 281.114990
47.486202 4.977196 1.081992 -0.081915 0.026303 1.467125 281.250000
47.535706 5.182147 1.081682 -0.071607 0.023444 1.530811 281.390015
47.570423 5.382595 1.081442 -0.067134 0.022290 1.593506 281.524994
47.592999 5.584759 1.081246 -0.065268 0.022247 1.658311 281.660004
47.605839 5.789993 1.081086 -0.000843 0.162437 1.647856 281.795013
47.612942 5.990514 1.080970 -0.021974 0.156779 1.652865 281.915009
47.614643 6.190804 1.080881 -0.037504 0.100150 1.646424 282.024994
47.611359 6.390821 1.080810 -0.041605 0.064953 1.641454 282.130005
47.603153 6.595460 1.080748 -0.035406 0.044584 1.637427 282.234985
47.590942 6.802477 1.080696 -0.022087 0.032011 1.634212 282.339996
47.574818 7.030538 1.080648 -0.004278 0.025990 1.631439 282.454987
47.559406 7.239430 1.080611 0.007601 0.023400 1.629398 282.559998
47.544670 7.448685 1.080580 0.015088 0.021059 1.627777 282.665009
47.531410 7.658122 1.080553 0.017320 0.020702 1.626465 282.769989
47.519875 7.867672 1.080529 0.015341 0.020319 1.625418 282.875000
47.508511 8.107213 1.080508 0.009531 0.019982 1.624478 282.994995
47.499134 8.326813 1.080491 0.003498 0.020072 1.623796 283.105011
47.490440 8.536447 1.080478 -0.001420 0.020659 1.623274 283.209991
47.481453 8.746117 1.080467 -0.004506 0.020671 1.622859 283.315002
47.471870 8.955794 1.080457 -0.005386 0.019799 1.622528 283.420013
47.461620 9.165416 1.080449 -0.004396 0.020250 1.622262 283.524994
47.450809 9.375005 1.080442 -0.002468 0.020023 1.622047 283.630005
47.439651 9.584563 1.080436 -0.000094 0.020375 1.621876 283.734985
47.426754 9.824042 1.080430 0.001997 0.020431 1.621720 283.855011
47.415592 10.033587 1.080425 0.003030 0.020703 1.621611 283.959991
47.404648 10.243168 1.080423 0.003332 0.020734 1.621524 284.065002
47.393452 10.462763 1.080420 0.002932 0.020679 1.621452 284.174988
47.381489 10.702351 1.080417 0.002128 0.020060 1.621390 284.295013
47.370659 10.921957 1.080414 0.001302 0.019954 1.621345 284.404999
47.360352 11.131563 1.080412 0.000617 0.020153 1.621310 284.510010
47.350014 11.341175 1.080409 0.000173 0.020951 1.621283 284.614990
47.339584 11.550818 1.080409 0.000088 0.020148 1.621262 284.720001
47.329063 11.760449 1.080409 0.000214 0.019590 1.621244 284.825012
47.318470 11.970031 1.080409 0.000472 0.020159 1.621230 284.929993
47.305115 12.179274 1.080409 -0.085162 0.019818 1.729497 285.035004
47.282730 12.387067 1.080409 -0.093486 0.024632 1.825917 285.140015
47.248241 12.602526 1.080409 -0.051410 0.028110 1.885959 285.250000
47.207233 12.806659 1.080409 -0.095277 0.031073 1.948947 285.355011
47.155811 13.008128 1.080409 -0.115665 0.034756 2.031783 285.459991
47.093624 13.206415 1.080409 -0.043687 0.033480 2.028165 285.565002
47.015202 13.431716 1.073723 -0.046669 0.029666 2.016178 285.684998
46.935516 13.636123 1.088116 -0.069406 0.023738 2.033129 285.795013
46.842751 13.856908 1.089511 0.072389 0.016611 1.865075 285.915009
46.768078 14.052015 1.090493 0.026877 0.019258 1.792331 286.019989
46.699165 14.248630 1.091327 0.092328 0.028083 1.698959 286.125000
46.640041 14.447607 1.092033 0.113828 0.036739 1.619542 286.230011
46.591438 14.649220 1.092635 0.065032 0.038493 1.635571 286.334991
46.546574 14.872930 1.093189 0.076463 0.033240 1.644987 286.450012
46.514263 15.079381 1.093617 0.134710 0.027782 1.606827 286.554993
46.494164 15.287224 1.093980 0.072975 0.026814 1.594720 286.660004
46.482277 15.495954 1.094291 0.043145 0.024492 1.599885 286.765015
46.474949 15.705256 1.094552 0.021994 0.022571 1.603992 286.869995
46.469437 15.934827 1.094795 0.002869 0.021287 1.607603 286.984985
46.464676 16.144547 1.094982 -0.010631 0.020770 1.610215 287.089996
46.458698 16.354269 1.095141 -0.017640 0.020723 1.612316 287.195007
46.450756 16.563938 1.095277 -0.018472 0.020449 1.614016 287.299988
46.440796 16.773518 1.095392 -0.014516 0.020459 1.615371 287.404999
46.429218 16.983038 1.095490 -0.008371 0.020558 1.616477 287.510010
46.416721 17.192528 1.095573 -0.001293 0.020909 1.617355 287.614990
46.404022 17.402052 1.095644 0.004152 0.020012 1.618062 287.720001
46.391693 17.611593 1.095704 0.007418 0.020683 1.618628 287.825012
46.380058 17.821196 1.095755 0.008213 0.020535 1.619083 287.929993
46.367699 18.060789 1.095804 0.006761 0.020063 1.619494 288.049988
46.357559 18.270433 1.095840 0.004389 0.019822 1.619778 288.154999
46.347946 18.480059 1.095871 0.051439 0.018664 1.582820 288.260010
46.343136 18.689512 1.095897 0.026003 0.021119 1.531957 288.364990
46.341705 18.898893 1.095919 0.001248 0.021682 1.537889 288.470001
46.340668 19.108421 1.095938 0.002985 0.021991 1.542665 288.575012
46.340012 19.348043 1.095956 0.007276 0.021318 1.546956 288.695007
46.340431 19.587765 1.095971 0.008736 0.020589 1.550323 288.815002
46.341831 19.797529 1.095982 0.007328 0.020781 1.552642 288.920013
46.344036 20.007303 1.095992 0.004391 0.021148 1.554492 289.024994
46.344032 20.216944 1.096000 -0.067598 0.019028 1.657032 289.130005
46.338352 20.426123 1.096007 -0.010369 0.022512 1.650442 289.234985
46.329861 20.665344 1.096013 -0.010624 0.022323 1.646554 289.355011
46.321011 20.874811 1.096018 -0.015082 0.021345 1.643848 289.459991
46.310387 21.084288 1.096023 -0.015834 0.020878 1.641664 289.565002
46.296162 21.293486 1.096025 -0.029690 0.020977 1.680072 289.670013
46.275612 21.532227 1.096028 -0.010268 0.021492 1.677435 289.790009
46.255131 21.751070 1.096031 -0.006562 0.021111 1.675537 289.899994
46.234875 21.959999 1.096033 0.052235 0.018830 1.630378 290.005005
46.219509 22.168989 1.096036 0.041430 0.020850 1.558350 290.109985
46.210468 22.377932 1.096038 0.028579 0.022857 1.520472 290.214996
46.205200 22.586987 1.096038 0.025271 0.024708 1.524016 290.320007
46.202919 22.796343 1.096038 0.034574 0.023865 1.526862 290.424988
46.204453 23.005882 1.096038 0.036349 0.022172 1.529158 290.529999
46.209099 23.215441 1.096038 -0.024379 0.019217 1.589898 290.635010
46.213333 23.434908 1.096038 0.013381 0.021034 1.586613 290.744995
46.218822 23.654438 1.096038 0.003589 0.020695 1.584008 290.855011
46.224392 23.864050 1.096038 -0.010281 0.021558 1.582008 290.959991
46.228840 24.073792 1.096038 -0.018917 0.021431 1.580405 291.065002
46.231457 24.323624 1.096038 -0.020771 0.020145 1.578925 291.190002
46.231133 24.553440 1.096038 -0.015732 0.019865 1.577857 291.304993
46.229084 24.763210 1.096038 -0.008961 0.019899 1.577082 291.410004
46.226154 24.972942 1.096038 -0.000776 0.021027 1.576462 291.515015
46.223148 25.182728 1.096038 0.004892 0.020979 1.575964 291.619995
46.220657 25.392572 1.096038 0.007695 0.020271 1.575563 291.725006
46.218975 25.602417 1.096038 0.008017 0.019955 1.575240 291.829987
46.218090 25.832216 1.096038 0.005955 0.020710 1.574959 291.945007
46.217941 26.042061 1.096038 0.003282 0.020190 1.574755 292.049988
46.218132 26.251890 1.096038 0.000398 0.020374 1.574592 292.154999
46.218349 26.461735 1.096038 -0.001641 0.020398 1.574462 292.260010
46.218391 26.671593 1.096038 -0.002703 0.020676 1.574356 292.364990
46.219196 26.921400 1.096038 0.071000 0.019140 1.499315 292.489990
46.226204 27.130697 1.096038 0.013105 0.021551 1.470991 292.595001
46.235489 27.339880 1.096038 -0.001439 0.022220 1.477323 292.700012
46.244987 27.549252 1.096038 0.005018 0.021993 1.482424 292.804993
46.255260 27.758730 1.096038 0.011298 0.021300 1.486522 292.910004
46.266911 27.968214 1.096038 0.013543 0.020913 1.489822 293.015015
46.280167 28.177637 1.096038 0.011754 0.020348 1.492433 293.119995
46.294796 28.386969 1.096038 0.007044 0.020603 1.494532 293.225006
46.310318 28.596252 1.096038 0.001897 0.020393 1.496227 293.329987
46.326923 28.815502 1.096038 -0.002988 0.020797 1.497647 293.440002
46.344826 29.054749 1.096038 -0.006188 0.020117 1.498868 293.559998
46.359959 29.264128 1.096038 -0.006949 0.020370 1.499717 293.665009
46.374493 29.473532 1.096038 -0.006307 0.020038 1.500391 293.769989
46.388515 29.682991 1.096038 -0.004646 0.019903 1.500934 293.875000
46.404133 29.922363 1.096038 -0.002210 0.020624 1.501426 293.994995
46.417671 30.131838 1.096038 -0.000530 0.020605 1.501767 294.100006
46.431316 30.341339 1.096038 0.000550 0.021054 1.502041 294.204987
46.445824 30.560841 1.096038 0.000814 0.020415 1.502266 294.315002
46.459900 30.770355 1.096038 0.000499 0.019998 1.502439 294.420013
46.474159 30.979822 1.096038 -0.000110 0.020176 1.502579 294.524994
46.488541 31.189268 1.096038 -0.000826 0.020632 1.502692 294.630005
46.504333 31.418703 1.096038 -0.001525 0.020630 1.502789 294.744995
46.518742 31.628187 1.096038 -0.001951 0.020072 1.502859 294.850006
46.533073 31.837671 1.096038 -0.002085 0.020261 1.502915 294.954987
46.547321 32.047157 1.096038 -0.002010 0.020041 1.502961 295.059998
46.561501 32.256641 1.096038 -0.001778 0.020020 1.502998 295.165009
46.575607 32.466125 1.096038 -0.001500 0.020128 1.503027 295.269989
46.587376 32.675617 1.096038 -0.023134 0.019567 1.559381 295.375000
46.598644 32.914955 1.096038 0.073981 0.018076 1.478604 295.494995
46.615814 33.120937 1.096038 0.119201 -0.125981 1.289005 295.600006
46.645061 33.327381 1.096038 0.151012 -0.094746 1.107781 295.714996
46.689739 33.529121 1.096038 0.116170 -0.025763 1.045441 295.839996
46.758560 33.745159 1.096038 0.110983 0.009472 0.978284 295.984985
46.840275 33.934055 1.096038 0.105975 0.021817 0.913768 296.119995
46.937923 34.113461 1.096038 0.047587 0.020221 0.903574 296.255005
47.044754 34.288242 1.096038 0.032828 0.015741 0.920739 296.390015
47.156197 34.460930 1.096038 -0.022358 0.008287 1.021186 296.524994
47.264938 34.635170 1.096038 -0.041824 0.010168 1.129247 296.660004
47.367611 34.813934 1.096038 -0.064318 0.145159 1.219782 296.795013
47.459362 34.999763 1.096038 -0.071245 0.162927 1.299144 296.920013
47.546291 35.209267 1.096038 -0.079909 0.098959 1.384568 297.045013
47.614899 35.406384 1.096038 -0.092532 0.069595 1.459215 297.154999
47.670723 35.601612 1.096038 -0.116487 0.057861 1.533863 297.260010
47.714108 35.801617 1.096038 -0.131943 0.053921 1.608713 297.364990
47.745720 36.034088 1.096038 -0.143239 0.052407 1.689624 297.484985
47.756165 36.249146 1.096038 -0.148922 0.051620 1.765775 297.595001
47.746525 36.484009 1.096038 -0.096982 0.047576 1.817879 297.714996
47.725170 36.689701 1.096038 -0.053807 0.038845 1.802272 297.820007
47.696297 36.895767 1.096038 -0.115022 0.034747 1.845870 297.924988
47.657646 37.100853 1.096038 -0.034766 0.027403 1.828508 298.029999
47.614437 37.305691 1.096038 -0.010780 0.023721 1.817889 298.135010
47.569542 37.510590 1.096038 0.000332 0.020654 1.809358 298.239990
47.522099 37.725361 1.096038 0.008454 0.020106 1.800653 298.350006
47.479424 37.920811 1.096038 0.012178 0.020042 1.795727 298.450012
47.435356 38.126274 1.096038 -0.033857 0.018394 1.824729 298.554993
47.387455 38.330547 1.096038 -0.086717 0.019881 1.928336 298.660004
47.332382 38.532436 1.096038 -0.016065 0.023013 1.930138 298.765015
47.274483 38.733784 1.096038 -0.019429 0.023366 1.925019 298.869995
47.213871 38.934685 1.096038 -0.028609 0.022094 1.920908 298.975006
47.139091 39.162689 1.096038 -0.070773 0.020264 1.976392 299.095001
47.066284 39.359478 1.096038 -0.034514 0.021403 1.973949 299.200012
46.993073 39.545670 1.096038 -0.026751 0.020184 1.971879 299.299988
46.916885 39.730896 1.096038 -0.063619 0.018327 1.999543 299.399994
46.823513 39.941463 1.096038 -0.006093 0.018712 2.011069 299.515015
46.742428 40.124580 1.096038 0.095945 0.015375 1.907241 299.614990
46.666245 40.319798 1.096038 0.112719 0.021146 1.802734 299.720001
46.601761 40.518173 1.096038 0.120579 0.027861 1.702720 299.825012
46.549957 40.719318 1.096038 0.107374 0.034561 1.623406 299.929993
46.502869 40.952015 1.096038 0.046586 0.033452 1.636003 300.049988
46.469002 41.157692 1.096038 0.082808 0.032034 1.592993 300.154999
46.443565 41.364902 1.096038 0.040438 0.027325 1.607920 300.260010
46.422485 41.573097 1.096038 0.024350 0.024781 1.619796 300.364990
46.404404 41.811874 1.096038 0.046967 0.024634 1.568933 300.484985
46.395401 42.021290 1.096038 0.070010 0.025166 1.494339 300.589996
46.392403 42.230774 1.096038 0.021510 0.022304 1.474826 300.695007
46.391304 42.440201 1.096038 -0.021520 0.019131 1.474199 300.799988
46.388702 42.649685 1.096038 -0.022006 0.019355 1.491381 300.904999
46.384094 42.859276 1.096038 -0.006040 0.020775 1.505362 301.010010
46.379089 43.068935 1.096038 0.009324 0.021424 1.516652 301.114990
46.375275 43.278660 1.096038 0.019626 0.022005 1.525632 301.220001
46.373463 43.488441 1.096038 -0.032095 0.017222 1.576186 301.325012
46.369003 43.697876 1.096038 -0.017478 0.020729 1.634949 301.429993
46.361916 43.907162 1.096038 -0.012557 0.022235 1.639205 301.535004
46.351665 44.146473 1.096038 -0.026308 0.021485 1.643062 301.654999
46.339382 44.355785 1.096038 -0.083100 0.018125 1.684312 301.760010
46.320549 44.564346 1.096038 -0.093041 0.019737 1.736115 301.864990
46.289505 44.801327 1.096038 -0.036898 0.022937 1.748550 301.984985
46.256481 45.007931 1.096038 -0.102059 0.020716 1.818089 302.089996
46.210171 45.232037 1.096038 -0.036827 0.025083 1.834458 302.204987
46.162697 45.435894 1.096038 -0.022764 0.023524 1.831914 302.309998
46.112400 45.639084 1.096038 -0.017282 -0.010484 1.829875 302.415009
46.060829 45.838562 1.096038 -0.009802 0.011366 1.828243 302.519989
46.008625 46.036690 1.096038 0.058496 0.036082 1.778996 302.625000
45.961292 46.237534 1.096038 0.086356 0.034757 1.682262 302.730011
45.922752 46.441059 1.096038 0.088928 0.033189 1.593766 302.834991
45.889389 46.685558 1.096038 0.096877 0.034668 1.498169 302.959991
45.873131 46.891853 1.096038 0.111275 0.023693 1.420171 303.065002
45.866978 47.096397 1.096038 0.054721 -0.037404 1.430313 303.170013
45.867062 47.330105 1.096038 0.062241 -0.100135 1.444436 303.295013
45.873905 47.536789 1.096038 0.025605 -0.134142 1.505334 303.415009
45.886642 47.752903 1.096038 0.074805 -0.019417 1.470170 303.554993
45.911724 47.966717 1.096038 0.038231 0.025105 1.386830 303.700012
45.946751 48.188721 1.096038 0.018406 0.019597 1.307550 303.850006
45.985657 48.403900 1.096038 0.021533 0.015100 1.233656 303.994995
46.026752 48.603485 1.096038 0.038047 0.016888 1.168150 304.130005
46.075253 48.801163 1.096038 0.055408 0.020487 1.102474 304.265015
46.134117 48.995689 1.096038 0.069769 0.024094 1.038406 304.399994
46.206142 49.186462 1.096038 0.052294 0.141310 0.988433 304.535004
46.289814 49.373714 1.096038 0.014610 0.161969 1.006575 304.660004
46.392490 49.586220 1.096038 0.032035 0.098225 1.020921 304.790009
46.493763 49.781849 1.096038 0.034749 0.059728 1.032924 304.904999
46.592556 49.962700 1.096038 0.026602 0.039260 1.040818 305.010010
46.695335 50.144115 1.096038 0.014162 0.027457 1.048782 305.114990
46.800255 50.325768 1.096038 -0.000310 0.022204 1.054148 305.220001
46.900681 50.499199 1.096038 -0.010440 0.018868 1.056654 305.320007
47.000568 50.673241 1.096038 -0.016774 0.017844 1.058687 305.420013
47.099384 50.848064 1.096038 -0.018323 0.016542 1.060551 305.519989
47.196987 51.023643 1.096038 -0.016497 0.016522 1.061910 305.619995
47.293518 51.199841 1.096038 -0.012491 0.016280 1.062973 305.720001
47.389336 51.376431 1.096038 -0.007199 0.016432 1.063828 305.820007
47.484871 51.553188 1.096038 -0.002751 0.016461 1.064522 305.920013
47.580517 51.729919 1.096038 0.000682 0.016719 1.065126 306.019989
47.674854 51.907269 1.096038 -0.017110 0.015829 1.112793 306.119995
47.765957 52.086002 1.096038 -0.031143 0.016585 1.168069 306.220001
47.854168 52.266003 1.096038 -0.018980 0.018752 1.166875 306.320007
47.940807 52.446869 1.096038 -0.027086 0.018954 1.165911 306.420013
48.024849 52.629009 1.096038 -0.096624 0.018055 1.219107 306.519989
48.101273 52.814026 1.096038 -0.054047 0.019842 1.267023 306.619995
48.172531 53.000904 1.096038 -0.020204 0.020570 1.260485 306.720001
48.242138 53.188606 1.096038 -0.016936 0.020369 1.255197 306.820007
48.310513 53.376930 1.096038 -0.016655 0.019471 1.250895 306.920013
48.377720 53.565773 1.096038 -0.014629 0.018743 1.247431 307.019989
48.443962 53.755028 1.096038 -0.011436 0.018369 1.244583 307.119995
48.509563 53.944534 1.096038 -0.006790 0.018511 1.242308 307.220001
48.574905 54.134125 1.096038 -0.003505 0.017530 1.240448 307.320007
48.640312 54.323696 1.096038 -0.000718 0.017898 1.238945 307.420013
48.706005 54.513153 1.096038 0.000506 0.017944 1.237716 307.519989
48.772106 54.702477 1.096038 0.000529 0.017727 1.236713 307.619995
48.838593 54.891655 1.096038 -0.000428 0.017301 1.235903 307.720001
48.905373 55.080685 1.096038 -0.001888 0.017606 1.235248 307.820007
48.972324 55.269665 1.096038 -0.003289 0.017838 1.234712 307.920013
49.039310 55.458645 1.096038 -0.004504 0.018006 1.234281 308.019989
49.106243 55.647625 1.096038 -0.005391 0.017323 1.233931 308.119995
49.173031 55.836624 1.096038 -0.005573 0.017737 1.233646 308.220001
49.239666 56.025681 1.096038 -0.005219 0.018484 1.233415 308.320007
49.306198 56.214809 1.096038 -0.004845 0.018215 1.233227 308.420013
49.374844 56.403088 1.096038 0.077094 0.017501 1.132675 308.519989
49.454464 56.597263 1.096038 0.082303 0.020402 1.040694 308.625000
49.542675 56.786961 1.096038 0.086886 0.024474 0.954891 308.730011
49.639881 56.971531 1.096038 0.101005 0.030260 0.873514 308.834991
49.747036 57.149914 1.096038 0.113814 0.034975 0.796644 308.940002
49.864872 57.321018 1.096038 0.067441 0.036088 0.767204 309.045013
50.016506 57.517357 1.096038 0.073161 0.034116 0.742383 309.170013
50.171871 57.699406 1.096038 0.049270 0.027143 0.759753 309.290009
50.305653 57.848499 1.096038 0.002810 0.017401 0.825427 309.390015
50.439884 57.997555 1.096038 -0.010893 0.015167 0.881942 309.489990
50.579319 58.155331 1.096038 -0.085576 0.014435 0.966867 309.595001
50.712818 58.317379 1.096038 -0.089655 0.021957 1.015151 309.700012
50.838078 58.485298 1.096038 -0.131651 0.026675 1.110028 309.804993
50.951237 58.660652 1.096038 -0.136854 0.032331 1.197320 309.910004
51.051315 58.843079 1.096038 -0.135926 0.036128 1.277630 310.015015
51.137943 59.031796 1.096038 -0.135540 0.036908 1.357271 310.119995
51.210594 59.224777 1.096038 -0.130646 -0.014501 1.434781 310.225006
51.271183 59.424862 1.096038 -0.125847 -0.069624 1.509994 310.334991
51.317768 59.624023 1.096038 -0.122456 -0.105008 1.582869 310.450012
51.354115 59.846439 1.096038 -0.054751 0.012221 1.598472 310.589996
51.376698 60.053455 1.096038 -0.043944 0.165406 1.578522 310.720001
51.391312 60.273720 1.096038 -0.035270 0.116202 1.563938 310.845001
51.399715 60.480385 1.096038 -0.020413 0.072715 1.553833 310.954987
51.405609 60.683796 1.096038 -0.003506 0.048335 1.546123 311.059998
51.411240 60.890350 1.096038 0.010443 0.034770 1.539934 311.165009
51.419212 61.128288 1.096038 0.018363 0.026652 1.534299 311.285004
51.428360 61.337200 1.096038 0.018884 0.023881 1.530425 311.390015
51.440170 61.556396 1.096038 0.014687 0.021763 1.527176 311.500000
51.451511 61.765713 1.096038 -0.073420 0.019889 1.612690 311.605011
51.455570 61.974701 1.096038 -0.041975 0.023643 1.670555 311.709991
51.454224 62.183586 1.096038 -0.021828 0.026186 1.664977 311.815002
51.449997 62.392826 1.096038 -0.032109 0.024662 1.660889 311.920013
51.442032 62.602230 1.096038 -0.038645 0.022982 1.657635 312.024994
51.429806 62.811562 1.096038 -0.034985 0.021506 1.655022 312.130005
51.413757 63.020752 1.096038 -0.023611 0.020813 1.652922 312.234985
51.390953 63.259472 1.096038 -0.082903 0.020172 1.726954 312.355011
51.363811 63.467354 1.096038 0.003226 0.019997 1.732471 312.459991
51.333706 63.674744 1.096038 -0.061950 0.021433 1.822059 312.565002
51.294231 63.910763 1.096038 0.010095 0.020317 1.818192 312.684998
51.259632 64.117416 1.096038 -0.004098 0.021869 1.811800 312.790009
51.222286 64.333908 1.096038 -0.021930 0.022222 1.806456 312.899994
51.183834 64.540215 1.096038 -0.028887 0.021942 1.802331 313.005005
51.141960 64.745972 1.096038 -0.027077 0.020471 1.799070 313.109985
51.096947 64.951141 1.096038 -0.019336 0.019211 1.796424 313.214996
51.051933 65.146072 1.096038 -0.008231 0.019283 1.794392 313.315002
51.005909 65.340775 1.096038 0.003006 0.019126 1.792751 313.415009
50.959896 65.535507 1.096038 0.011107 0.018982 1.791423 313.515015
50.914356 65.740448 1.096038 0.036199 0.019360 1.737916 313.619995
50.875263 65.946266 1.096038 0.063468 0.021001 1.661362 313.725006
50.842472 66.152885 1.096038 0.022529 0.023949 1.667307 313.829987
50.810734 66.370010 1.096038 0.021290 0.022785 1.672233 313.940002
50.781288 66.587715 1.096038 0.021426 0.021175 1.676170 314.049988
50.755283 66.795906 1.096038 0.017779 0.020569 1.679200 314.154999
50.730907 67.004372 1.096038 0.010728 0.020940 1.681598 314.260010
50.707458 67.213020 1.096038 0.004923 0.019801 1.683546 314.364990
50.684948 67.421799 1.096038 0.068759 0.019006 1.623196 314.470001
50.663315 67.670517 1.096038 0.003898 0.020487 1.621349 314.595001
50.641205 67.909073 1.096038 -0.078403 0.018678 1.729358 314.714996
50.613739 68.116463 1.096038 -0.024154 0.021458 1.786808 314.820007
50.582851 68.323349 1.096038 0.013428 0.022022 1.777325 314.924988
50.552708 68.530624 1.096038 0.019625 0.017459 1.760189 315.029999
50.520470 68.737228 1.096038 -0.123939 0.021458 1.903041 315.135010
50.472843 68.948868 1.084376 -0.182715 -0.040255 2.085678 315.244995
50.409927 69.143280 1.064441 -0.125503 -0.128518 2.068097 315.355011
50.335220 69.331177 1.065977 -0.014559 -0.178950 1.954495 315.475006
50.257111 69.520462 1.065977 -0.020235 -0.270961 2.106337 315.619995
50.184662 69.707802 1.065977 -0.053686 -0.166666 2.326246 315.829987
50.122765 69.898636 1.065977 -0.048894 -0.044040 2.771298 316.255005
50.151142 69.675858 1.065977 0.026879 0.293157 -1.403150 318.855011
50.185711 69.442863 1.065977 0.016159 0.169695 -1.384511 319.000000
50.215244 69.243355 1.065977 0.022528 0.096162 -1.396294 319.109985
50.242981 69.043861 1.065977 -0.004844 0.057934 -1.390874 319.214996
50.271553 68.840233 1.065977 -0.008277 0.039215 -1.385530 319.320007
50.302448 68.634865 1.065977 -0.067957 0.029391 -1.337273 319.424988
50.339149 68.429604 1.065977 -0.040329 0.027295 -1.335499 319.529999
50.381935 68.225021 1.065977 -0.041085 0.025265 -1.296486 319.635010
50.432354 68.011536 1.065977 -0.024590 0.023080 -1.302236 319.744995
50.486214 67.798485 1.065977 -0.018571 0.020678 -1.305645 319.855011
50.540043 67.595535 1.065977 -0.011274 0.019994 -1.307814 319.959991
50.592754 67.402519 1.065977 -0.002803 0.019205 -1.308966 320.059998
50.646084 67.209648 1.065977 0.003945 0.019699 -1.310295 320.160004
50.699364 67.016624 1.065977 0.009608 0.019141 -1.311035 320.260010
50.752075 66.823410 1.065977 0.012542 0.018839 -1.311749 320.359985
50.803932 66.630005 1.065977 0.012871 0.018778 -1.312511 320.459991
50.854935 66.436401 1.065977 0.010415 0.018937 -1.312755 320.559998
50.905293 66.242622 1.065977 0.007794 0.018563 -1.313161 320.660004
50.955299 66.048767 1.065977 0.004062 0.019574 -1.313138 320.760010
51.005280 65.854828 1.065977 0.001885 0.019179 -1.313218 320.859985
51.055416 65.660889 1.065977 0.001097 0.018827 -1.313526 320.959991
51.105801 65.467003 1.065977 0.000307 0.018548 -1.313670 321.059998
51.156490 65.273216 1.065977 0.000867 0.018690 -1.313699 321.160004
51.207436 65.079529 1.065977 0.001490 0.018981 -1.313828 321.260010
51.258572 64.885895 1.065977 0.002637 0.019212 -1.313659 321.359985
51.309814 64.692261 1.065977 0.003797 0.018926 -1.313672 321.459991
51.362801 64.492058 1.065977 -0.014254 -0.171098 -1.214187 321.565002
51.419849 64.274895 1.065977 -0.054254 -0.321386 -1.078047 321.695007
51.467705 64.078316 1.065977 -0.082648 -0.229139 -0.910490 321.855011
51.508045 63.880150 1.065977 -0.082688 -0.107355 -0.638211 322.114990
51.531315 63.681007 1.065977 -0.024287 0.000527 0.136739 322.855011
51.621799 63.870495 1.065977 -0.017172 0.209932 1.265549 324.295013
51.691959 64.074265 1.065977 -0.008543 0.078731 1.430295 324.459991
51.758263 64.284676 1.065977 -0.032849 0.038566 1.589742 324.614990
51.811077 64.481010 1.065977 -0.071402 0.039841 1.716482 324.755005
51.851223 64.681343 1.065977 -0.067079 0.046898 1.758143 324.894989
51.876350 64.885910 1.065977 -0.066613 0.046596 1.765011 325.035004
51.886089 65.086792 1.065977 -0.076160 0.037158 1.744984 325.170013
51.881447 65.289650 1.065977 -0.076095 0.024832 1.729978 325.304993
51.863148 65.492706 1.065977 -0.054225 0.016631 1.718692 325.440002
51.832802 65.710320 1.065977 -0.022594 0.013085 1.709625 325.584991
51.801281 65.912697 1.065977 0.048562 0.010882 1.623344 325.720001
51.778301 66.119011 1.065977 0.088249 0.168252 1.520353 325.855011
51.768311 66.348671 1.065977 0.010182 0.138437 1.513596 325.989990
51.763580 66.552063 1.065977 0.022805 0.089084 1.517113 326.100006
51.762169 66.753860 1.065977 0.035447 0.058294 1.519792 326.204987
51.765102 66.969444 1.065977 0.037915 0.038734 1.522023 326.315002
51.772167 67.177162 1.065977 0.029840 0.029899 1.523729 326.420013
51.782906 67.385773 1.065977 0.061281 0.024344 1.486596 326.524994
51.798862 67.594505 1.065977 0.059463 0.023611 1.441575 326.630005
51.820702 67.812943 1.065977 0.055447 0.022110 1.393760 326.739990
51.850334 68.036980 1.065977 0.079245 -0.125211 1.239233 326.855011
51.892670 68.275299 1.065977 0.124821 -0.086235 1.066929 326.989990
51.941906 68.472885 1.065977 0.096953 -0.021312 0.993018 327.114990
52.013214 68.685982 1.065977 0.101773 0.015893 0.939140 327.260010
52.094494 68.874565 1.065977 0.055766 0.020777 0.953906 327.394989
52.185986 69.058243 1.065977 0.049603 0.017044 0.973962 327.529999
52.287052 69.237144 1.078672 0.082331 0.016075 0.925157 327.665009
52.399620 69.408997 1.077748 0.044223 0.013812 0.897162 327.799988
52.519756 69.575928 1.077001 0.041371 0.011868 0.828776 327.934998
52.656124 69.750404 1.076361 0.042991 0.120370 0.757527 328.079987
52.801655 69.918396 1.089921 0.076259 0.070674 0.643698 328.214996
52.944592 70.064232 1.107375 0.111373 -0.043037 0.476912 328.334991
53.095215 70.198593 1.106973 0.121041 -0.012227 0.365969 328.459991
53.256062 70.317795 1.106629 0.155444 0.027068 0.218609 328.589996
53.432011 70.415840 1.106338 0.117588 0.045338 0.122728 328.725006
53.624138 70.492447 1.106095 0.107859 0.048862 0.033104 328.864990
53.817097 70.545967 1.110958 0.073519 0.039338 0.004341 329.000000
54.015194 70.586212 1.115493 0.072006 0.029360 -0.007644 329.135010
54.216496 70.615776 1.115007 0.041754 0.022025 0.011463 329.269989
54.419762 70.637711 1.114611 0.034879 0.016507 0.025981 329.404999
54.639233 70.653389 1.114268 0.066057 0.015118 -0.039560 329.549988
54.843964 70.658943 1.114009 -0.002736 0.013797 -0.018436 329.684998
55.049023 70.664383 1.113802 -0.012764 0.012495 -0.002434 329.820007
55.254192 70.671967 1.113634 -0.011447 0.011514 0.009593 329.954987
55.459320 70.681541 1.113497 -0.007087 0.011458 0.018703 330.089996
55.664387 70.692375 1.113385 -0.002489 0.011361 0.025622 330.225006
55.869358 70.703690 1.113295 0.001362 0.011841 0.030817 330.359985
56.074322 70.714828 1.113222 0.003442 0.012195 0.034788 330.494995
56.275856 70.721519 1.113164 0.079866 0.169322 -0.058761 330.625000
56.498680 70.714531 1.113118 0.060592 0.130845 -0.153145 330.755005
56.701092 70.698151 1.113084 0.054955 0.085039 -0.234243 330.864990
56.929146 70.671608 1.113054 0.063790 0.055908 -0.307272 330.984985
57.130611 70.639427 1.113033 0.082831 0.046789 -0.376766 331.089996
57.332630 70.600700 1.113014 -0.050752 0.033317 -0.243019 331.195007
57.537052 70.565506 1.112998 -0.005023 0.028069 -0.159342 331.299988
57.742519 70.530594 1.112985 0.040634 0.024416 -0.160343 331.404999
57.957687 70.489624 1.112973 0.024188 0.023190 -0.161283 331.515015
58.163078 70.448021 1.112963 -0.058648 0.021092 -0.114690 331.619995
58.369194 70.411949 1.112955 -0.103601 0.023634 -0.016857 331.725006
58.575985 70.387093 1.112948 -0.118450 0.031276 0.072896 331.829987
58.783058 70.375298 1.112942 -0.123324 0.037048 0.154470 331.934998
59.019753 70.377159 1.112936 -0.054006 0.037087 0.163304 332.054993
59.227558 70.386505 1.112931 -0.052956 0.031882 0.154394 332.165009
59.435738 70.402046 1.112928 -0.054378 0.028048 0.147258 332.269989
59.643845 70.423721 1.112925 -0.045193 0.024121 0.141560 332.375000
59.881336 70.454620 1.112922 -0.026320 0.021342 0.136329 332.494995
60.128536 70.488037 1.112919 0.086371 0.019122 0.019585 332.619995
60.336319 70.506760 1.112917 0.108010 0.025807 -0.079474 332.725006
60.543930 70.513908 1.112914 0.055248 0.031929 -0.119952 332.829987
60.751980 70.513817 1.112914 0.044028 0.031420 -0.112523 332.934998
60.990562 70.508095 1.112914 0.025526 0.024953 -0.065985 333.054993
61.199688 70.499474 1.112914 0.044577 0.021607 -0.055942 333.160004
61.408684 70.487663 1.112914 0.008015 0.004614 0.000831 333.265015
61.615784 70.476585 1.112914 -0.006896 -0.026056 0.041268 333.369995
61.817516 70.466682 1.112914 -0.022855 -0.129597 -0.009270 333.475006
62.025391 70.458305 1.112914 0.006564 -0.314187 -0.134938 333.595001
62.234077 70.454384 1.112914 0.052273 -0.244189 -0.302494 333.755005
62.440258 70.458534 1.112914 0.069629 -0.122835 -0.569538 334.010010
62.639275 70.479469 1.112914 0.029348 -0.006198 -1.265946 334.674988
62.666889 70.263718 1.112914 -0.004637 0.319521 -1.638906 335.489990
62.654907 70.063698 1.112914 -0.035581 0.259540 -1.642656 335.635010
62.645668 69.832214 1.112914 -0.029407 0.136308 -1.634680 335.769989
62.640774 69.626534 1.112914 -0.013102 0.078024 -1.629655 335.880005
62.636673 69.403725 1.112914 0.001219 0.047806 -1.625502 335.994995
62.632530 69.196976 1.112914 0.009712 0.035077 -1.622478 336.100006
62.627159 68.988640 1.112914 0.013269 0.027470 -1.620058 336.204987
62.620243 68.779594 1.112914 0.012498 0.023667 -1.618125 336.309998
62.611919 68.570236 1.112914 0.008815 0.022326 -1.616567 336.415009
62.602348 68.360733 1.112914 0.058577 0.020803 -1.654466 336.519989
62.589661 68.151329 1.112914 -0.002273 0.020962 -1.648168 336.625000
62.576839 67.941879 1.112914 -0.013962 0.020155 -1.643021 336.730011
62.565281 67.732315 1.112914 -0.013654 0.020117 -1.638866 336.834991
62.553604 67.492668 1.112914 -0.008459 0.020427 -1.635138 336.954987
62.544231 67.282944 1.112914 -0.003501 0.020300 -1.632556 337.059998
62.535099 67.073219 1.112914 0.000592 0.020549 -1.630475 337.165009
62.525784 66.863495 1.112914 0.003086 0.019672 -1.628781 337.269989
62.515068 66.633842 1.112914 0.004199 0.020548 -1.627312 337.385010
62.503166 66.394341 1.112914 0.003432 0.020288 -1.626127 337.505005
62.492245 66.184776 1.112914 0.001842 0.020021 -1.625301 337.609985
62.480484 65.965233 1.112914 -0.000151 0.020555 -1.624613 337.720001
62.469189 65.755615 1.112914 -0.001640 0.021120 -1.624087 337.825012
62.458469 65.555878 1.112914 -0.002581 0.020239 -1.623682 337.924988
62.447906 65.356140 1.112914 -0.002931 0.020222 -1.623352 338.024994
62.437527 65.156403 1.112914 -0.002751 0.020547 -1.623086 338.125000
62.426804 64.946678 1.112914 -0.002288 0.020426 -1.622860 338.230011
62.416210 64.736954 1.112914 -0.001594 0.020399 -1.622679 338.334991
62.405693 64.527229 1.112914 -0.001041 0.019818 -1.622535 338.440002
62.394173 64.297531 1.112914 -0.000484 0.020155 -1.622404 338.554993
62.383591 64.087807 1.112914 -0.000256 0.020717 -1.622310 338.660004
62.372929 63.878090 1.112914 -0.000315 0.019626 -1.622234 338.765015
62.361935 63.668472 1.112914 0.056272 0.017994 -1.667029 338.869995
62.345638 63.459621 1.112914 0.031666 0.021299 -1.721217 338.975006
62.323139 63.251656 1.112914 0.087979 0.023934 -1.806096 339.079987
62.285839 63.016167 1.112914 0.096165 0.027790 -1.906265 339.200012
62.241688 62.812927 1.112914 0.103299 0.032128 -1.988955 339.304993
62.186043 62.613064 1.112914 0.110923 0.036851 -2.066294 339.410004
62.118938 62.420830 1.112914 0.139504 -0.111317 -2.205532 339.515015
62.037762 62.232807 1.112914 0.155666 -0.078178 -2.325270 339.630005
61.939880 62.053955 1.119445 0.178346 -0.011919 -2.420311 339.750000
61.806602 61.875469 1.133207 0.161890 0.026271 -2.572640 339.894989
61.662617 61.734306 1.130834 0.137128 0.039080 -2.680939 340.029999
61.501957 61.615002 1.128924 0.144569 0.043184 -2.830096 340.165009
61.321026 61.514099 1.127326 0.074744 0.037815 -2.905622 340.304993
61.124153 61.424416 1.126007 0.054074 0.028447 -2.942030 340.450012
60.906490 61.343941 1.124876 0.099043 0.030700 -3.090515 340.605011
60.704556 61.290131 1.124073 0.073637 0.031007 3.141548 340.744995
60.506161 61.252068 1.123445 0.078110 0.029702 3.086682 340.880005
60.305164 61.227203 1.122934 0.039173 0.025384 3.082370 341.015015
60.094666 61.210106 1.122508 0.041359 0.019925 3.097236 341.154999
59.890511 61.201210 1.122173 0.038874 0.016199 3.108171 341.290009
59.685810 61.198132 1.121902 0.017907 0.013406 -3.129330 341.424988
59.480915 61.198792 1.121682 0.003932 0.011727 -3.137509 341.559998
59.235352 61.199776 1.121479 -0.021958 0.170474 -3.084328 341.714996
59.031918 61.198380 1.136814 0.027379 0.117697 -3.087947 341.829987
58.805901 61.199226 1.136741 0.018994 0.069026 -3.097255 341.950012
58.601948 61.201817 1.136687 0.003706 0.046206 -3.103714 342.054993
58.395061 61.204620 1.136641 -0.009231 0.033894 -3.108876 342.160004
58.186752 61.208195 1.136602 0.063639 0.024743 3.078326 342.265015
57.958500 61.219574 1.136565 0.071480 0.023703 2.969997 342.380005
57.741222 61.239475 1.136536 0.079137 0.026212 2.875323 342.489990
57.525219 61.267578 1.136512 0.047249 0.029628 2.851717 342.600006
57.322441 61.300934 1.136492 0.141089 -0.111890 2.688243 342.704987
57.120823 61.348026 1.136474 0.187845 -0.083509 2.515679 342.820007
56.914558 61.421799 1.136456 0.174348 0.002499 2.377364 342.954987
56.731911 61.518002 1.136441 0.139995 0.031516 2.325922 343.089996
56.565403 61.634697 1.136429 0.115657 0.032110 2.275954 343.225006
56.412437 61.768444 1.136419 0.098278 0.026946 2.213533 343.359985
56.271713 61.915611 1.136412 0.108133 0.022956 2.122013 343.494995
56.146049 62.074970 1.136406 0.118279 0.026903 1.954917 343.630005
56.037510 62.245018 1.136401 0.065671 0.029074 1.874641 343.765015
55.939953 62.422218 1.136398 0.061599 0.026247 1.823656 343.899994
55.853031 62.605434 1.136394 0.079262 0.028282 1.763077 344.035004
55.776989 62.801693 1.136391 0.086766 0.028730 1.697724 344.174988
55.718639 62.996181 1.136388 0.056975 0.025619 1.656219 344.309998
55.669090 63.209164 1.136386 0.041254 0.021710 1.642534 344.454987
55.631157 63.410007 1.136386 0.037836 0.017675 1.654867 344.589996
55.600395 63.608162 1.136386 0.032103 0.168960 1.663885 344.720001
55.574879 63.810669 1.136386 0.064191 0.141224 1.647643 344.839996
55.556377 64.012268 1.136386 0.019032 0.090323 1.631706 344.950012
55.540752 64.213043 1.136386 -0.001153 0.057748 1.636768 345.054993
55.524685 64.418022 1.136386 -0.006286 0.039402 1.640814 345.160004
55.507683 64.625114 1.136386 -0.006636 0.030082 1.644072 345.265015
55.489765 64.833237 1.136386 -0.004732 0.025137 1.646667 345.369995
55.469627 65.071693 1.136386 0.043864 0.021406 1.589234 345.489990
55.455750 65.280663 1.136386 0.013400 0.022526 1.591034 345.595001
55.443508 65.489899 1.136386 0.017767 0.022165 1.592480 345.700012
55.433147 65.699387 1.136386 0.022031 0.021339 1.593649 345.804993
55.424755 65.919029 1.136386 0.021002 0.020991 1.594636 345.915009
55.418941 66.128799 1.136386 0.015296 0.020885 1.595381 346.019989
55.415520 66.338646 1.136386 0.080192 0.018788 1.527550 346.125000
55.417240 66.548233 1.136386 0.002756 0.020565 1.534474 346.230011
55.419949 66.787781 1.136386 -0.009783 0.020574 1.540795 346.350006
55.421360 66.997505 1.136386 -0.008087 0.020521 1.545180 346.454987
55.421989 67.207230 1.136386 -0.004119 0.020245 1.548711 346.559998
55.422249 67.416954 1.136386 0.000032 0.020414 1.551536 346.665009
55.422562 67.626701 1.136386 0.003063 0.021157 1.553793 346.769989
55.423237 67.836586 1.136386 0.004266 0.021408 1.555616 346.875000
55.427162 68.045395 1.136386 0.105608 -0.098876 1.389710 346.980011
55.439690 68.250336 1.136386 0.095486 -0.120461 1.303783 347.089996
55.461349 68.453835 1.136386 0.090250 -0.061284 1.266573 347.209991
55.494083 68.651375 1.136386 0.091490 -0.016152 1.205086 347.334991
55.541508 68.846825 1.136386 0.098484 0.007876 1.124402 347.464996
55.606518 69.041679 1.136386 0.087196 0.017851 1.050839 347.600006
55.686333 69.229698 1.136386 0.074079 0.020327 0.981783 347.734985
55.778751 69.411659 1.136386 0.063786 0.019469 0.915814 347.869995
55.891121 69.601799 1.136386 0.068346 0.157776 0.846845 348.015015
56.026016 69.793877 1.136386 0.068905 0.145498 0.769068 348.154999
56.157188 69.955826 1.123191 0.112901 -0.037856 0.616342 348.269989
56.316273 70.128448 1.124202 0.138007 -0.058856 0.468101 348.404999
56.464123 70.265297 1.124975 0.114628 -0.009509 0.406484 348.529999
56.623108 70.387718 1.125626 0.134629 0.021669 0.314886 348.660004
56.797955 70.491013 1.126182 0.136722 0.036974 0.194843 348.795013
56.982586 70.570015 1.126629 0.139942 0.041648 0.081991 348.929993
57.174541 70.629684 1.111924 0.097979 0.031163 0.058574 349.065002
57.393246 70.677856 1.113756 0.068620 0.031848 -0.012718 349.214996
57.593796 70.707245 1.115073 0.046153 0.024575 0.001072 349.350006
57.796635 70.726303 1.116139 0.091778 0.021133 -0.068384 349.484985
58.000145 70.729660 1.117007 0.079908 0.021232 -0.142622 349.619995
58.203743 70.721046 1.117707 0.017195 0.016998 -0.131541 349.755005
58.415424 70.707909 1.118302 0.012434 0.015071 -0.119863 349.894989
58.635006 70.691437 1.118789 0.010055 0.012941 -0.111015 350.040009
58.836555 70.674263 1.119143 0.004205 0.169813 -0.105060 350.170013
59.069576 70.656425 1.119444 -0.042241 0.127311 -0.036697 350.304993
59.274467 70.644737 1.119648 0.017854 0.081591 -0.031082 350.415009
59.476902 70.631866 1.119811 0.023751 0.051188 -0.037234 350.519989
59.682686 70.616379 1.119950 0.013100 0.035821 -0.042171 350.625000
59.890133 70.599426 1.120067 0.000211 0.028435 -0.046102 350.730011
60.118240 70.579979 1.120176 0.024745 0.022835 -0.093577 350.845001
60.336704 70.560806 1.140317 -0.012892 0.019788 -0.069841 350.954987
60.545162 70.542786 1.139728 0.024876 0.021706 -0.136445 351.059998
60.753391 70.521622 1.139222 0.008074 0.023281 -0.135758 351.165009
60.961788 70.499130 1.138796 0.012688 0.022281 -0.135215 351.269989
61.170193 70.474976 1.138435 0.015864 0.020867 -0.134777 351.375000
61.418114 70.443695 1.138073 0.013894 0.021078 -0.134366 351.500000
61.616337 70.416893 1.137829 0.009397 0.020136 -0.134104 351.600006
61.814564 70.390129 1.137622 -0.067835 0.019316 -0.062926 351.700012
62.023029 70.368614 1.137435 -0.082309 0.022183 0.028553 351.804993
62.231491 70.356148 1.137276 -0.087959 0.026121 0.115998 351.910004
62.439545 70.353455 1.137141 -0.094120 0.031120 0.193173 352.015015
62.646770 70.361755 1.137027 -0.076010 0.034592 0.250479 352.119995
62.853584 70.378906 1.136930 -0.042131 0.034883 0.232265 352.225006
63.060753 70.401657 1.136848 -0.053827 0.031255 0.223009 352.329987
63.267754 70.430801 1.140448 -0.038153 0.025425 0.203783 352.434998
63.494308 70.465851 1.155938 0.003347 0.020002 0.104425 352.549988
63.701344 70.495377 1.156525 0.097557 0.019523 -0.014965 352.654999
63.908134 70.514824 1.157024 0.121103 0.030982 -0.134102 352.760010
64.114708 70.522591 1.157447 0.053875 0.037784 -0.138831 352.864990
64.322258 70.523651 1.157808 0.008779 0.032900 -0.079750 352.970001
64.530914 70.522217 1.158115 0.060228 0.024077 -0.031146 353.075012
64.739830 70.515060 1.158374 0.069490 0.015555 -0.032671 353.179993
64.957275 70.500069 1.158603 0.009329 -0.027212 -0.014547 353.290009
65.159660 70.483902 1.158789 -0.028528 -0.054521 0.019306 353.394989
65.365669 70.469513 1.178419 -0.019314 0.051478 0.032857 353.505005
65.574547 70.458122 1.177970 -0.032973 0.061676 0.027807 353.614990
65.778107 70.453201 1.177597 -0.101613 0.049066 0.100595 353.720001
65.983940 70.458420 1.198011 -0.105533 0.040216 0.149828 353.825012
66.190666 70.472977 1.196987 -0.088782 0.033697 0.194747 353.929993
66.397560 70.495125 1.196107 -0.012481 0.028648 0.176688 354.035004
66.605064 70.519455 1.195359 -0.001314 0.024477 0.166714 354.140015
66.822899 70.545593 1.205170 -0.001341 0.021918 0.158357 354.250000
67.031021 70.571053 1.211465 -0.002009 0.021110 0.151993 354.355011
67.229309 70.595657 1.220958 0.042537 0.018959 0.115087 354.454987
67.437805 70.617195 1.227157 0.102265 0.018389 -0.006772 354.559998
67.646011 70.628029 1.226449 0.100834 0.024797 -0.124556 354.665009
67.892784 70.625740 1.225742 0.108756 0.034831 -0.231851 354.790009
68.098816 70.610481 1.225243 0.072361 0.039089 -0.283845 354.894989
68.313919 70.583351 1.224800 0.076821 0.039351 -0.309156 355.005005
68.518425 70.548187 1.224442 0.056159 0.008716 -0.295323 355.109985
68.718994 70.507217 1.224141 0.052732 -0.065575 -0.280540 355.214996
68.917870 70.460854 1.223869 0.040092 -0.114441 -0.271881 355.325012
69.116348 70.409843 1.223622 -0.026492 -0.077731 -0.236296 355.445007
69.314499 70.362656 1.223410 -0.069211 0.132762 -0.127008 355.570007
69.518883 70.325630 1.223243 -0.069500 0.003013 -0.001893 355.690002
69.723137 70.298485 1.223109 -0.074528 -0.070491 0.103765 355.809998
69.936859 70.278603 1.223109 -0.036888 -0.275896 -0.042843 355.950012
70.140846 70.266342 1.223109 0.020296 -0.208064 -0.236574 356.135010
70.340973 70.264915 1.223109 0.047526 -0.084482 -0.576914 356.459991
70.492683 70.130669 1.223109 0.015243 0.294226 -1.627593 357.649994
70.478615 69.928230 1.223109 0.024547 0.145101 -1.664206 357.825012
70.458481 69.727882 1.223109 0.032735 0.062945 -1.685633 357.970001
70.431374 69.524223 1.223109 0.032257 0.033341 -1.701126 358.109985
70.396240 69.309639 1.223109 0.022229 0.019421 -1.712943 358.255005
70.359009 69.108780 1.223109 0.013805 0.055361 -1.721181 358.390015
70.318916 68.904869 1.223109 0.006089 0.169708 -1.727176 358.519989
70.277611 68.695938 1.223109 -0.005954 0.112638 -1.731408 358.640015
70.236465 68.482895 1.223109 -0.012685 0.069262 -1.734601 358.755005
70.199020 68.282249 1.223109 -0.014062 0.046046 -1.736926 358.859985
70.162308 68.078499 1.223109 -0.012503 0.032889 -1.738795 358.964996
70.122963 67.853470 1.223109 -0.008184 0.026137 -1.740417 359.079987
70.085815 67.637291 1.223109 -0.004035 0.022945 -1.741648 359.190002
70.048721 67.420677 1.223109 -0.000748 0.021352 -1.742626 359.299988
70.014671 67.213608 1.223109 -0.080238 0.018989 -1.653390 359.404999
69.985931 67.006027 1.223109 -0.007761 0.021757 -1.653641 359.510010
69.958351 66.798210 1.223109 -0.010843 0.022351 -1.655651 359.614990
69.931862 66.590073 1.223109 -0.020999 0.022094 -1.657273 359.720001
69.907494 66.381577 1.223109 -0.026241 0.021188 -1.658561 359.825012
69.885735 66.172745 1.223109 -0.025031 0.019700 -1.659598 359.929993
69.866440 65.963745 1.223109 -0.017811 0.020135 -1.660432 360.035004
69.848831 65.754601 1.223109 -0.009062 0.020661 -1.661108 360.140015
69.831238 65.535393 1.223109 -0.000760 0.020310 -1.661671 360.250000
69.814354 65.326149 1.223109 0.004849 0.019882 -1.662101 360.355011
69.798187 65.116936 1.223109 -0.019606 0.019906 -1.614935 360.459991
69.784637 64.907692 1.223109 -0.070396 0.018636 -1.551979 360.565002
69.776321 64.698608 1.223109 -0.019585 0.022751 -1.539871 360.670013
69.770248 64.469467 1.223109 -0.020400 0.022675 -1.543687 360.785004
69.767090 64.260017 1.223109 -0.026184 0.022393 -1.546456 360.890015
69.766838 64.050453 1.223109 -0.065482 0.021165 -1.522180 360.994995
69.773811 63.841221 1.223109 -0.107917 0.023100 -1.421314 361.100006
69.792374 63.633350 1.223109 -0.099874 0.026559 -1.330882 361.204987
69.822090 63.427357 1.223109 -0.096100 0.030394 -1.247698 361.309998
69.862686 63.223652 1.223109 -0.099634 0.033731 -1.168808 361.415009
69.914711 63.022926 1.207395 -0.111625 0.037684 -1.090384 361.519989
69.979263 62.826180 1.205885 -0.121568 0.041210 -1.013899 361.625000
70.057297 62.634624 1.206121 -0.132669 0.044293 -0.938451 361.730011
70.149376 62.449474 1.206323 -0.136881 0.045179 -0.866823 361.834991
70.255508 62.271927 1.206495 -0.140820 0.045631 -0.794446 361.940002
70.381325 62.095402 1.206646 -0.156451 -0.005471 -0.690557 362.049988
70.515701 61.935593 1.206774 -0.176229 -0.108140 -0.550378 362.160004
70.662506 61.789928 1.206891 -0.199727 -0.047532 -0.380175 362.279999
70.825333 61.663750 1.206995 -0.184112 0.013110 -0.266045 362.410004
71.009216 61.556278 1.207086 -0.079216 0.025824 -0.276204 362.549988
71.200912 61.465797 1.207160 -0.089957 0.024657 -0.245510 362.690002
71.391975 61.392403 1.207218 -0.036405 0.017213 -0.269675 362.825012
71.585861 61.324863 1.207263 -0.016724 0.012812 -0.287834 362.959991
71.788147 61.257355 1.207303 -0.003210 0.011096 -0.302047 363.100006
71.983391 61.192448 1.202046 0.023083 0.009406 -0.329184 363.234985
72.177246 61.124226 1.213005 -0.052474 0.007340 -0.296847 363.369995
72.370667 61.056019 1.211917 -0.027300 0.009836 -0.311862 363.505005
72.583588 60.978695 1.211284 0.029834 -0.105351 -0.359835 363.654999
72.772957 60.902699 1.211284 -0.026685 -0.247974 -0.197520 363.809998
72.956696 60.821209 1.211284 -0.059162 -0.144620 0.043336 364.040009
73.134071 60.726757 1.211284 -0.040343 -0.023004 0.593115 364.565002
73.270195 60.880138 1.211284 -0.030485 0.320195 1.210255 365.565002
73.339310 61.074177 1.211284 -0.025436 0.260798 1.283982 365.714996
73.403259 61.268494 1.211284 -0.015590 0.143270 1.366114 365.834991
73.463432 61.463192 1.211284 -0.028974 0.080502 1.443003 365.945007
73.527519 61.684593 1.211284 -0.042840 0.053591 1.486838 366.065002
73.581100 61.882778 1.211284 -0.025020 0.043607 1.484131 366.170013
73.638695 62.112843 1.211284 -0.058755 0.036790 1.472531 366.290009
73.682747 62.316845 1.211284 -0.077680 0.030796 1.464574 366.394989
73.718933 62.522915 1.211284 -0.073658 0.025172 1.458202 366.500000
73.747681 62.730427 1.211284 -0.054710 0.021736 1.453065 366.605011
73.771019 62.938797 1.211284 -0.028603 0.020680 1.448927 366.709991
73.791695 63.147575 1.211284 -0.003146 0.021078 1.445584 366.815002
73.812424 63.356419 1.211284 0.017084 0.020765 1.442956 366.920013
73.835243 63.565121 1.211284 0.025532 0.020527 1.440809 367.024994
73.861008 63.773491 1.211284 0.025334 0.020145 1.439100 367.130005
73.889648 63.981518 1.211284 0.018731 0.019800 1.437726 367.234985
73.922012 64.199120 1.211284 0.008990 0.019407 1.436563 367.345001
73.953629 64.404266 1.211284 0.007773 -0.150643 1.347364 367.450012
73.984436 64.606201 1.211284 0.042348 -0.318611 1.226936 367.565002
74.012161 64.807564 1.211284 0.074570 -0.255950 1.069855 367.714996
74.033104 65.010399 1.211284 0.083185 -0.128684 0.823763 367.950012
74.039444 65.210396 1.211284 0.041756 -0.013757 0.258277 368.489990
74.034470 65.005135 1.211284 0.023350 0.319758 -1.601601 370.709991
74.031441 64.782562 1.211284 -0.069249 0.191437 -1.625038 370.855011
74.035896 64.559074 1.211284 -0.056909 0.105580 -1.612787 370.980011
74.044167 64.351723 1.211284 0.094252 -0.051876 -1.759116 371.089996
74.043861 64.126907 1.211284 0.114824 -0.085146 -1.858019 371.214996
74.028816 63.912979 1.211284 0.128844 -0.025643 -1.930940 371.345001
73.992004 63.697876 1.211284 0.109441 0.010461 -1.994696 371.484985
73.938622 63.498871 1.211284 0.062983 0.015755 -1.980483 371.619995
73.870575 63.305641 1.211284 0.138807 0.019074 -2.126586 371.755005
73.784538 63.121132 1.211284 0.011398 0.018057 -2.115797 371.890015
73.694534 62.937469 1.211284 -0.036941 0.012603 -2.009389 372.024994
73.607201 62.751869 1.211284 -0.017825 0.010955 -1.923617 372.160004
73.510536 62.537163 1.211284 -0.025400 0.011139 -1.835148 372.315002
73.428299 62.341557 1.211284 -0.045747 0.015596 -1.761703 372.454987
73.352043 62.136143 1.211284 -0.065532 0.021216 -1.689580 372.600006
73.292870 61.941490 1.211284 -0.078424 0.025263 -1.623945 372.734985
73.247551 61.743572 1.211284 -0.083412 0.026721 -1.560349 372.869995
73.217209 61.543030 1.211284 -0.083260 0.027406 -1.497362 373.005005
73.203621 61.342426 1.211284 -0.092088 0.183886 -1.433170 373.135010
73.210136 61.100838 1.211284 -0.078675 0.130104 -1.352836 373.274994
73.229866 60.898899 1.211284 -0.079418 -0.023308 -1.252613 373.385010
73.259575 60.695175 1.211284 -0.089536 -0.085436 -1.176597 373.500000
73.300705 60.491722 1.211284 -0.111609 -0.035467 -1.117261 373.625000
73.358734 60.296165 1.211284 -0.148934 0.002970 -1.022296 373.755005
73.443199 60.100376 1.211284 -0.104003 0.018375 -0.987075 373.894989
73.541267 59.920731 1.211284 -0.056661 0.015847 -0.995714 374.029999
73.648911 59.745888 1.211284 -0.061576 0.011931 -0.970279 374.165009
73.763687 59.575054 1.211284 -0.012420 0.011105 -0.970184 374.299988
73.880936 59.405499 1.211284 -0.013101 0.019251 -0.965537 374.434998
74.002808 59.238735 1.211284 -0.064628 0.167575 -0.867914 374.565002
74.135979 59.074646 1.211284 -0.041818 0.117915 -0.781148 374.684998
74.270714 58.918129 1.211284 0.001494 0.070618 -0.750859 374.795013
74.404816 58.765114 1.211284 0.007944 0.044532 -0.711331 374.899994
74.541458 58.609856 1.211284 0.013897 0.032420 -0.733114 375.005005
74.679092 58.452709 1.211284 -0.017578 0.027717 -0.747362 375.109985
74.818932 58.296818 1.211284 -0.046086 -0.021155 -0.755890 375.214996
74.959267 58.147583 1.211284 -0.089710 -0.081669 -0.723125 375.320007
75.103958 58.005737 1.211284 -0.058574 -0.124791 -0.696987 375.429993
75.258003 57.866352 1.211284 -0.115683 -0.019424 -0.608604 375.549988
75.416336 57.742393 1.211284 -0.125163 -0.043045 -0.430202 375.670013
75.589310 57.629261 1.211284 -0.117830 -0.007669 -0.272520 375.799988
75.771805 57.532784 1.201036 -0.120390 0.020198 -0.123092 375.934998
75.980019 57.451141 1.201538 -0.107419 0.038688 0.019579 376.084991
76.179558 57.398987 1.201913 -0.140823 0.049655 0.158948 376.225006
76.382217 57.374645 1.202215 -0.111202 0.056159 0.269570 376.364990
76.586937 57.375866 1.182388 -0.110393 0.051311 0.350196 376.505005
76.812363 57.406414 1.183514 -0.154863 0.048664 0.508024 376.660004
77.008087 57.464848 1.184358 -0.150354 0.054648 0.666574 376.799988
77.192421 57.552055 1.185034 -0.132278 0.053647 0.810259 376.940002
77.381638 57.676872 1.185630 -0.115534 0.048988 0.956381 377.095001
77.537521 57.810783 1.186056 -0.115576 0.047158 1.090735 377.234985
77.677170 57.961853 1.186401 -0.079924 0.044998 1.174815 377.375000
77.803741 58.126240 1.186676 -0.080007 0.039325 1.215580 377.515015
77.913673 58.295235 1.186891 -0.090099 0.034541 1.265683 377.649994
78.014626 58.487320 1.187078 -0.111774 0.034293 1.367713 377.795013
78.089462 58.674698 1.187217 -0.101300 0.032818 1.467954 377.929993
78.147713 58.867970 1.187332 -0.040831 0.029229 1.486989 378.065002
78.197617 59.065163 1.187423 -0.041031 0.022870 1.470414 378.200012
78.240524 59.265182 1.187498 -0.043013 0.017424 1.457816 378.334991
78.276276 59.467152 1.187558 -0.034345 0.013514 1.448404 378.470001
78.311096 59.684799 1.187610 0.026882 0.010231 1.335910 378.614990
78.348236 59.886158 1.187650 0.038066 0.012805 1.245049 378.750000
78.395393 60.101891 1.187684 0.021559 0.147074 1.210110 378.894989
78.445709 60.303463 1.187708 0.057052 0.160192 1.173087 379.019989
78.505386 60.503696 1.187726 0.011190 0.098780 1.157015 379.135010
78.566338 60.694256 1.187740 0.001855 0.063783 1.169249 379.239990
78.633240 60.898537 1.187753 0.013599 0.042082 1.179483 379.350006
78.700050 61.095367 1.187763 0.019708 0.030683 1.187238 379.454987
78.773193 61.301952 1.187771 0.018414 0.024588 1.193759 379.565002
78.845627 61.498966 1.187778 0.012168 0.021686 1.198777 379.670013
78.916252 61.686401 1.187784 0.003958 0.019759 1.202605 379.769989
78.987663 61.873779 1.187789 -0.003377 0.018626 1.205728 379.869995
79.059151 62.061184 1.187794 -0.008963 0.018307 1.208261 379.970001
79.144272 62.286339 1.187798 -0.012803 0.017334 1.210648 380.089996
79.224785 62.502487 1.187800 -0.012469 0.018123 1.212445 380.204987
79.300926 62.709568 1.187803 0.029680 0.016252 1.187106 380.315002
79.371864 62.897018 1.187805 0.004045 0.017353 1.173928 380.415009
79.444168 63.083900 1.187808 0.058998 0.017889 1.131742 380.515015
79.521690 63.268341 1.187810 0.088969 0.019733 1.041189 380.614990
79.611931 63.457275 1.187811 0.093562 0.023955 0.953404 380.720001
79.711639 63.640675 1.187811 0.099930 0.028567 0.872292 380.825012
79.821304 63.817696 1.187811 0.114618 0.033723 0.792127 380.929993
79.941811 63.986996 1.187811 0.129421 0.038606 0.713950 381.035004
80.093628 64.169128 1.187811 0.098020 0.040565 0.652352 381.154999
80.236313 64.320747 1.187811 0.060570 0.034779 0.666547 381.260010
80.385033 64.468224 1.187811 0.060967 0.027499 0.677964 381.364990
80.538376 64.611069 1.187811 0.040217 -0.085844 0.625020 381.470001
80.697380 64.754486 1.187811 0.059841 -0.302317 0.504593 381.584991
80.845406 64.889664 1.187811 0.086540 -0.283686 0.363221 381.720001
80.990700 65.030228 1.187811 0.096493 -0.163276 0.153781 381.920013
81.129677 65.180634 1.187811 0.064631 -0.038655 -0.259862 382.315002
81.111534 64.981003 1.187811 0.017641 0.308051 -1.926793 384.359985
81.044212 64.776260 1.187811 -0.035815 0.178353 -1.946194 384.494995
80.982178 64.577545 1.187811 -0.040852 0.100349 -1.963692 384.609985
80.924881 64.385925 1.187811 -0.029175 0.062470 -1.948042 384.714996
80.867653 64.189034 1.187811 0.003987 0.043235 -1.942128 384.820007
80.808289 63.990044 1.187811 0.029468 0.032382 -1.938014 384.924988
80.742340 63.792145 1.187811 0.129924 0.028000 -2.043712 385.029999
80.663200 63.599602 1.187811 0.134347 0.032101 -2.136199 385.135010
80.570412 63.413628 1.187811 0.086686 0.033413 -2.193776 385.239990
80.468460 63.231766 1.187811 0.056823 0.029883 -2.189172 385.345001
80.359856 63.052830 1.187811 0.040780 0.024840 -2.214832 385.450012
80.235367 62.859489 1.187811 0.020931 0.020820 -2.199015 385.565002
80.124596 62.692444 1.187811 0.017220 0.018278 -2.193245 385.665009
80.012062 62.526295 1.187811 0.012673 0.017033 -2.188581 385.765015
79.898209 62.360836 1.187811 0.005591 0.017274 -2.184256 385.864990
79.783607 62.195679 1.187811 -0.000537 0.016646 -2.181335 385.964996
79.668777 62.030533 1.187811 -0.005015 0.015186 -2.178941 386.065002
79.552361 61.866604 1.187811 0.025238 0.014963 -2.240888 386.165009
79.433846 61.704327 1.187811 -0.010661 0.015954 -2.233150 386.265015
79.317101 61.540745 1.187811 -0.036080 0.014328 -2.178015 386.364990
79.203072 61.375336 1.187811 -0.048254 0.014430 -2.142954 386.464996
79.091248 61.208542 1.187811 -0.004148 0.015712 -2.131996 386.565002
78.979858 61.041405 1.187811 -0.005178 0.016818 -2.132275 386.665009
78.868698 60.873985 1.187811 -0.012597 0.015750 -2.132499 386.765015
78.758377 60.705967 1.187811 -0.017867 0.016463 -2.132681 386.864990
78.649284 60.537098 1.187811 -0.018627 0.016053 -2.132831 386.964996
78.541687 60.367283 1.187811 -0.069849 0.003762 -2.088010 387.065002
78.435471 60.187550 1.187811 -0.096454 -0.050540 -1.982140 387.170013
78.341347 60.010448 1.187811 -0.095757 -0.094387 -1.890703 387.274994
78.253685 59.825745 1.187811 -0.096613 -0.121492 -1.808219 387.390015
78.178047 59.637943 1.197193 -0.157384 -0.025423 -1.639583 387.515015
78.120888 59.425018 1.196880 -0.156199 0.029634 -1.463074 387.660004
78.096062 59.197376 1.196612 -0.139905 0.046436 -1.298827 387.815002
78.104240 58.985172 1.196415 -0.125780 0.050584 -1.154205 387.959991
78.143700 58.761864 1.196248 -0.085701 0.046561 -1.034906 388.114990
78.200241 58.563370 1.196128 -0.073301 0.041241 -0.994322 388.255005
78.271042 58.366894 1.196032 -0.037320 0.030453 -1.017274 388.394989
78.348572 58.178616 1.195956 -0.081809 0.024509 -0.999477 388.529999
78.439362 57.995766 1.195896 -0.087623 0.021826 -0.928908 388.665009
78.548462 57.814224 1.195845 -0.070273 0.019862 -0.858750 388.804993
78.678665 57.628025 1.195800 -0.057209 0.017715 -0.784753 388.954987
78.829613 57.437946 1.195764 -0.057525 0.086626 -0.709056 389.114990
78.982758 57.270340 1.195738 -0.063073 0.163810 -0.636912 389.255005
79.131569 57.127411 1.195721 -0.073490 0.112024 -0.564659 389.369995
79.303856 56.979649 1.195705 -0.083740 0.070955 -0.486956 389.489990
79.473274 56.850231 1.195694 -0.105452 0.055621 -0.411373 389.600006
79.643967 56.735775 1.195684 -0.122708 0.050120 -0.339768 389.704987
79.822754 56.632931 1.195677 -0.141960 0.049100 -0.265882 389.809998
80.008995 56.543919 1.195670 -0.104588 0.047058 -0.219878 389.915009
80.200974 56.465603 1.195665 -0.075123 0.040006 -0.232580 390.019989
80.397141 56.394669 1.195660 -0.075337 0.032011 -0.242805 390.125000
80.596581 56.330975 1.195656 -0.065343 0.025538 -0.251014 390.230011
80.798363 56.273518 1.195653 -0.046577 0.020991 -0.257628 390.334991
80.991837 56.222816 1.195651 -0.021665 0.020220 -0.262708 390.434998
81.185875 56.173752 1.195648 -0.000414 0.019571 -0.266807 390.535004
81.379890 56.124336 1.195646 0.014052 0.020113 -0.270190 390.635010
81.573517 56.073196 1.195644 0.021297 0.019092 -0.272904 390.734985
81.766296 56.019077 1.195641 0.090532 0.017100 -0.339265 390.834991
81.965431 55.953453 1.195640 0.107529 0.021164 -0.442400 390.940002
82.178085 55.868862 1.195640 0.101032 0.026156 -0.542645 391.054993
82.375786 55.776077 1.195640 0.100373 0.029794 -0.630899 391.165009
82.558769 55.676910 1.195640 0.107359 0.033233 -0.710863 391.269989
82.735268 55.567120 1.195640 0.117279 0.036584 -0.786547 391.375000
82.911789 55.440037 1.195640 0.097036 0.038326 -0.846868 391.484985
83.081497 55.302998 1.195640 0.055585 0.033533 -0.820895 391.595001
83.239922 55.166019 1.195640 0.061807 0.026603 -0.811016 391.700012
83.387093 55.030312 1.195640 0.059807 0.021571 -0.805100 391.799988
83.530548 54.890068 1.195640 0.046946 0.017736 -0.800278 391.899994
83.671059 54.746490 1.195640 0.026558 0.016124 -0.796393 392.000000
83.809937 54.601082 1.195640 0.006258 0.016060 -0.793224 392.100006
83.948555 54.455219 1.195640 -0.009044 0.015578 -0.790638 392.200012
84.087929 54.309986 1.195640 -0.018654 0.014937 -0.788556 392.299988
84.228645 54.166012 1.195640 -0.021319 0.015294 -0.786865 392.399994
84.370872 54.023468 1.195640 -0.019407 0.014305 -0.785480 392.500000
84.513145 53.881126 1.195640 0.071930 0.012551 -0.877572 392.600006
84.650139 53.734653 1.195640 0.097159 0.017801 -0.973817 392.700012
84.785599 53.574730 1.195640 0.107570 0.024813 -1.063511 392.804993
84.911224 53.408020 1.195640 0.116341 0.031068 -1.144444 392.910004
85.025726 53.234295 1.195640 0.133788 0.037459 -1.224529 393.015015
85.127861 53.053551 1.195640 0.079990 0.038046 -1.249101 393.119995
85.218979 52.866879 1.195640 0.128402 0.038067 -1.326559 393.225006
85.298454 52.674809 1.195640 0.072905 0.034851 -1.311619 393.329987
85.370796 52.478962 1.195640 0.059969 0.028459 -1.299620 393.434998
85.439903 52.270672 1.195640 0.077017 0.025020 -1.327303 393.545013
85.501511 52.059681 1.195640 0.043675 0.021594 -1.330285 393.654999
85.556351 51.856968 1.195640 0.013179 0.020281 -1.323885 393.760010
85.607544 51.663521 1.195640 0.001374 0.019316 -1.318992 393.859985
85.658943 51.470081 1.195640 -0.004601 0.019085 -1.315010 393.959991
85.711090 51.276833 1.195640 -0.006823 0.018974 -1.311758 394.059998
85.762901 51.083519 1.195640 0.015468 0.018831 -1.350230 394.160004
85.813583 50.889957 1.195640 -0.011402 0.018765 -1.342536 394.260010
85.865471 50.696693 1.195640 -0.011176 0.019315 -1.336302 394.359985
85.918694 50.503685 1.195640 -0.004843 0.019788 -1.331226 394.459991
85.972656 50.310791 1.195640 0.002311 0.019096 -1.327129 394.559998
86.027748 50.118217 1.195640 -0.013974 0.018077 -1.283740 394.660004
86.084457 49.926170 1.195640 0.004818 0.018814 -1.281413 394.760010
86.141159 49.734116 1.195640 0.004237 0.018383 -1.280061 394.859985
86.197578 49.542011 1.195640 0.056680 0.016588 -1.322872 394.959991
86.251541 49.339272 1.195640 0.097339 0.019692 -1.431129 395.065002
86.295479 49.135021 1.195640 0.101173 0.025537 -1.524141 395.170013
86.335747 48.900208 1.195640 0.023127 0.027190 -1.514057 395.290009
86.367790 48.693726 1.195640 0.032086 0.026366 -1.506267 395.394989
86.396606 48.486328 1.195640 -0.003810 0.022686 -1.468776 395.500000
86.423889 48.278454 1.195640 -0.004693 0.020302 -1.429132 395.605011
86.451546 48.060505 1.195640 0.018045 0.019067 -1.409925 395.714996
86.475990 47.852230 1.195640 0.031644 0.018250 -1.406485 395.820007
86.498322 47.643723 1.195640 -0.020741 0.020554 -1.376042 395.924988
86.521774 47.435360 1.195640 0.003211 0.020510 -1.386087 396.029999
86.545570 47.226959 1.202837 -0.005406 0.021261 -1.394209 396.135010
86.572395 47.008797 1.210663 -0.087592 0.022615 -1.335844 396.244995
86.609024 46.772236 1.203461 0.066648 0.017896 -1.441827 396.364990
86.637283 46.564934 1.203461 0.052909 0.020001 -1.513205 396.470001
86.660316 46.357307 1.203461 0.012212 0.023182 -1.553776 396.575012
86.683311 46.129501 1.203461 0.005614 0.023348 -1.546880 396.690002
86.703545 45.921112 1.203461 0.022264 0.023408 -1.541843 396.795013
86.721420 45.712303 1.203461 0.032900 0.023283 -1.537830 396.899994
86.735878 45.503094 1.203461 0.033517 0.021740 -1.534593 397.005005
86.746849 45.293610 1.203461 0.026256 0.021166 -1.531975 397.109985
86.755173 45.083961 1.203461 0.015061 0.020587 -1.529881 397.214996
86.762047 44.874218 1.203461 0.003248 0.020862 -1.528193 397.320007
86.768707 44.664417 1.203461 -0.005303 0.020343 -1.526834 397.424988
86.776077 44.454693 1.203461 -0.010749 0.020664 -1.525750 397.529999
86.784676 44.244968 1.203461 -0.011587 0.020688 -1.524890 397.635010
86.795616 44.015308 1.203461 -0.009038 0.019707 -1.524134 397.750000
86.806702 43.805729 1.203461 -0.004401 0.020730 -1.523587 397.855011
86.817108 43.596104 1.203461 0.017232 0.020040 -1.560337 397.959991
86.825676 43.386490 1.203461 -0.004732 0.019899 -1.554980 398.065002
86.834671 43.176926 1.203461 -0.003980 0.021090 -1.550674 398.170013
86.845886 42.927387 1.203461 0.000737 0.021292 -1.546631 398.295013
86.853806 42.717705 1.203461 0.042115 0.020617 -1.602631 398.399994
86.857841 42.508060 1.203461 0.005553 0.022000 -1.596065 398.505005
86.861023 42.298332 1.203461 0.003720 0.020971 -1.590640 398.609985
86.863716 42.088528 1.203461 0.006492 0.021250 -1.586241 398.714996
86.865662 41.878658 1.203461 0.007858 0.021573 -1.582709 398.820007
86.866760 41.668697 1.203461 0.007252 0.020771 -1.579898 398.924988
86.867081 41.458733 1.203461 0.004899 0.020534 -1.577650 399.029999
86.866890 41.248768 1.203461 0.002046 0.020465 -1.575850 399.135010
86.866409 41.018806 1.203461 -0.000720 0.020428 -1.574278 399.250000
86.866058 40.808842 1.203461 -0.002420 0.019689 -1.573141 399.355011
86.865967 40.598949 1.203461 -0.003081 0.020223 -1.572231 399.459991
86.866196 40.389065 1.203461 -0.002827 0.020020 -1.571502 399.565002
86.866783 40.159191 1.203461 -0.001859 0.020493 -1.570861 399.679993
86.867645 39.919323 1.203461 -0.000593 0.020543 -1.570341 399.799988
86.868446 39.709438 1.203461 0.000302 0.020536 -1.569978 399.904999
86.869286 39.489521 1.203461 0.000903 0.019987 -1.569674 400.015015
86.869965 39.279636 1.203461 0.001170 0.020743 -1.569442 400.119995
86.870537 39.069752 1.203461 0.001088 0.020511 -1.569258 400.225006
86.871017 38.859867 1.203461 0.000764 0.019931 -1.569110 400.329987
86.871399 38.629993 1.203461 0.000301 0.020643 -1.568982 400.445007
86.871719 38.420109 1.203461 -0.000126 0.020343 -1.568888 400.549988
86.872040 38.210251 1.203461 -0.000412 0.020111 -1.568812 400.654999
86.872482 38.000416 1.203461 -0.000488 0.020650 -1.568752 400.760010
86.872963 37.790562 1.203461 -0.000328 0.020029 -1.568704 400.864990
86.873444 37.580757 1.203461 -0.000175 0.020092 -1.568666 400.970001
86.873924 37.370995 1.203461 -0.000077 0.020214 -1.568635 401.075012
86.874519 37.111256 1.203461 -0.000002 0.020865 -1.568605 401.204987
86.875000 36.901451 1.203461 0.000014 0.020144 -1.568585 401.309998
86.875481 36.691647 1.203461 0.009907 0.019626 -1.573970 401.415009
86.872910 36.482075 1.203461 0.090116 0.019377 -1.684298 401.519989
86.860756 36.273659 1.203461 0.090631 0.024478 -1.777784 401.625000
86.840332 36.066273 1.203461 0.020994 0.027389 -1.769104 401.730011
86.816719 35.858707 1.203461 0.024018 0.026697 -1.762086 401.834991
86.785858 35.621349 1.203461 0.030730 0.023801 -1.755801 401.954987
86.755005 35.413895 1.203461 0.028313 0.021612 -1.751423 402.059998
86.720856 35.206799 1.203461 0.019566 0.020326 -1.747919 402.165009
86.680809 34.980316 1.203461 0.006587 0.020315 -1.744857 402.279999
86.637840 34.744110 1.203461 -0.005132 0.020127 -1.742360 402.399994
86.602196 34.547180 1.203461 -0.011512 0.019540 -1.740691 402.500000
86.567390 34.350105 1.203461 -0.014893 0.018886 -1.739351 402.600006
86.528809 34.123291 1.203461 -0.014289 0.019408 -1.738111 402.714996
86.496429 33.925892 1.203461 -0.011493 0.019180 -1.737250 402.815002
86.464844 33.728390 1.203461 -0.007053 0.019765 -1.736560 402.915009
86.433662 33.530834 1.203461 -0.003333 0.019499 -1.735997 403.015015
86.400940 33.323414 1.203461 -0.000017 0.020350 -1.735519 403.119995
86.369507 33.125889 1.203461 0.001532 0.020586 -1.735148 403.220001
86.337646 32.928364 1.203461 0.001713 0.019670 -1.734850 403.320007
86.305374 32.730907 1.203461 0.000994 0.020232 -1.734606 403.420013
86.272758 32.533470 1.203461 -0.000426 0.019219 -1.734409 403.519989
86.239952 32.336105 1.203461 -0.001994 0.019196 -1.734250 403.619995
86.207146 32.138809 1.203461 -0.003069 0.020155 -1.734120 403.720001
86.174339 31.941460 1.203461 -0.003872 0.019240 -1.734014 403.820007
86.141617 31.744125 1.203461 -0.004217 0.019705 -1.733930 403.920013
86.109039 31.546747 1.203461 -0.004105 0.020462 -1.733860 404.019989
86.076591 31.349329 1.203461 -0.003994 0.019079 -1.733804 404.119995
86.044243 31.151928 1.203461 -0.003362 0.019795 -1.733759 404.220001
86.012024 30.954517 1.203461 -0.002872 0.019757 -1.733721 404.320007
85.979828 30.757107 1.203461 -0.002251 0.020543 -1.733691 404.420013
85.947502 30.559654 1.203461 -0.002017 0.020146 -1.733666 404.519989
85.915154 30.362185 1.203461 -0.002097 0.019713 -1.733646 404.619995
85.882751 30.164736 1.203461 -0.002241 0.019027 -1.733630 404.720001
85.850250 29.967340 1.203461 -0.002412 0.019816 -1.733617 404.820007
85.817749 29.769941 1.203461 -0.002652 0.020111 -1.733606 404.920013
85.785248 29.572514 1.203461 -0.002904 0.019644 -1.733598 405.019989
85.752747 29.375065 1.203461 -0.002992 0.019686 -1.733591 405.119995
85.720245 29.177616 1.203461 -0.003023 0.019782 -1.733586 405.220001
85.687897 28.980167 1.203461 -0.002977 0.019559 -1.733581 405.320007
85.655548 28.782719 1.203461 -0.002650 0.020186 -1.733578 405.420013
85.623199 28.585270 1.203461 -0.002500 0.020070 -1.733575 405.519989
85.590851 28.387821 1.203461 -0.002409 0.019938 -1.733573 405.619995
85.558403 28.190336 1.203461 -0.002347 0.020182 -1.733571 405.720001
85.525902 27.992861 1.203461 -0.002602 0.019663 -1.733568 405.820007
85.493401 27.795412 1.203461 -0.002770 0.019881 -1.733568 405.920013
85.460899 27.597963 1.203461 -0.002972 0.019358 -1.733568 406.019989
85.428528 27.400549 1.203461 -0.002947 0.019466 -1.733568 406.119995
85.394562 27.193279 1.203461 -0.002793 0.019156 -1.733568 406.225006
85.360596 26.986061 1.203461 -0.002522 0.020030 -1.733568 406.329987
85.326630 26.778860 1.203461 -0.002455 0.019875 -1.733568 406.434998
85.292648 26.571636 1.203461 -0.002380 0.020136 -1.733568 406.540009
85.260147 26.374264 1.203461 -0.002486 0.020178 -1.733568 406.640015
85.227646 26.176859 1.203461 -0.002763 0.019717 -1.733568 406.739990
85.195145 25.979437 1.203461 -0.002897 0.019859 -1.733568 406.839996
85.162643 25.781988 1.203461 -0.002994 0.019734 -1.733568 406.940002
85.130264 25.584539 1.203461 -0.002978 0.019525 -1.733568 407.040009
85.097916 25.387091 1.203461 -0.002750 0.019694 -1.733568 407.140015
85.060715 25.160036 1.203461 -0.002527 0.019828 -1.733568 407.255005
85.028366 24.962587 1.203461 -0.002423 0.019826 -1.733568 407.355011
84.995949 24.765139 1.203461 -0.002436 0.019434 -1.733568 407.454987
84.963448 24.567739 1.203461 -0.002671 0.019001 -1.733568 407.554993
84.929321 24.360502 1.203461 -0.002762 0.020055 -1.733568 407.660004
84.896820 24.163115 1.203461 -0.002938 0.019885 -1.733568 407.760010
84.864471 23.965689 1.203461 -0.002875 0.020021 -1.733568 407.859985
84.832123 23.768253 1.203461 -0.002747 0.019396 -1.733568 407.959991
84.799774 23.570860 1.203461 -0.002592 0.019324 -1.733568 408.059998
84.767426 23.373486 1.203461 -0.002396 0.020211 -1.733568 408.160004
84.734993 23.176075 1.203461 -0.002444 0.019751 -1.733568 408.260010
84.702492 22.978657 1.203461 -0.002655 0.019582 -1.733568 408.359985
84.669991 22.781227 1.203461 -0.002816 0.019750 -1.733568 408.459991
84.637489 22.583799 1.203461 -0.002952 0.019619 -1.733568 408.559998
84.605057 22.386366 1.203461 -0.002982 0.019777 -1.733568 408.660004
84.572708 22.188917 1.203461 -0.002810 0.019727 -1.733568 408.760010
84.540359 21.991440 1.203461 -0.002591 0.019913 -1.733568 408.859985
84.507881 21.793985 1.203461 0.042158 0.017826 -1.765630 408.959991
84.469444 21.587753 1.203461 0.026759 0.019410 -1.820222 409.065002
84.425476 21.382982 1.203461 0.087911 0.021250 -1.906966 409.170013
84.372147 21.181154 1.203461 0.102351 0.026314 -2.000051 409.274994
84.301399 20.965696 1.203461 0.105579 -0.022808 -2.092537 409.390015
84.227341 20.778355 1.203461 0.118704 0.033335 -2.170199 409.494995
84.136902 20.589407 1.203461 0.151050 -0.019254 -2.285043 409.605011
84.035934 20.414959 1.203461 0.156874 -0.091397 -2.399746 409.714996
83.921036 20.247793 1.203461 0.113762 -0.042929 -2.449665 409.834991
83.789879 20.087627 1.203461 0.118581 -0.001765 -2.548148 409.964996
83.649117 19.944881 1.203461 0.086780 0.013652 -2.590444 410.095001
83.494041 19.809519 1.203461 0.075732 0.017776 -2.642065 410.230011
83.331032 19.685303 1.203461 0.039173 0.016562 -2.672666 410.364990
83.163239 19.567312 1.203461 0.040840 0.015305 -2.665693 410.500000
82.991043 19.455576 1.203461 0.068860 0.016427 -2.733506 410.635010
82.813057 19.353928 1.203461 0.025770 0.014462 -2.763232 410.769989
82.631516 19.258654 1.203461 0.040559 0.014967 -2.785681 410.904999
82.448265 19.170141 1.203461 0.037855 0.174055 -2.816842 411.035004
82.257957 19.084896 1.203461 -0.005474 0.127865 -2.801395 411.154999
82.070099 19.001667 1.203461 0.059118 0.080590 -2.829227 411.265015
81.882812 18.923071 1.203461 0.027169 0.052986 -2.827066 411.369995
81.690903 18.846079 1.203461 0.033074 0.036829 -2.822408 411.475006
81.458580 18.757696 1.203461 0.036981 0.026420 -2.818642 411.600006
81.261169 18.686821 1.203461 0.032365 0.021839 -2.816134 411.704987
81.071899 18.621861 1.203461 0.022773 0.020064 -2.814217 411.804993
80.862862 18.552248 1.203461 0.009979 0.019143 -2.812544 411.915009
80.672585 18.489540 1.203461 0.001572 0.018527 -2.811301 412.015015
80.483269 18.424356 1.203461 -0.088082 0.017371 -2.707860 412.114990
80.288483 18.347242 1.203461 -0.101031 0.022772 -2.610621 412.220001
80.098953 18.259748 1.203461 -0.095145 0.027717 -2.526539 412.325012
79.913963 18.163361 1.203461 -0.087598 0.029462 -2.487483 412.429993
79.733047 18.059116 1.203461 -0.109812 0.029749 -2.434085 412.535004
79.558762 17.944687 1.203461 -0.134171 0.033725 -2.349485 412.640015
79.386162 17.811781 1.203461 -0.141407 0.038109 -2.263413 412.750000
79.232162 17.672495 1.203461 -0.141495 0.040074 -2.184774 412.855011
79.089378 17.521832 1.203461 -0.140602 0.040786 -2.107252 412.959991
78.958427 17.360779 1.203461 -0.137371 0.040875 -2.031161 413.065002
78.839851 17.190767 1.203461 -0.131803 0.005314 -1.956890 413.170013
78.734650 17.016954 1.203461 -0.078645 -0.060099 -1.941419 413.274994
78.636658 16.839806 1.203461 -0.059666 -0.111640 -1.954521 413.385010
78.542908 16.657579 1.203461 -0.101635 0.025094 -1.935401 413.505005
78.461067 16.469051 1.203461 -0.111367 0.131267 -1.851541 413.625000
78.394325 16.279902 1.203461 -0.046897 0.096330 -1.815649 413.734985
78.331009 16.080256 1.203461 -0.003536 0.061219 -1.791952 413.845001
78.264626 15.865819 1.203461 -0.003991 0.041412 -1.799689 413.959991
78.203590 15.667285 1.203461 -0.018664 0.031682 -1.805325 414.065002
78.143898 15.466953 1.203461 -0.028433 0.026209 -1.809863 414.170013
78.080032 15.236029 1.203461 -0.075546 0.022510 -1.753645 414.290009
78.031143 15.032146 1.203461 -0.033699 0.022488 -1.757683 414.394989
77.979218 14.797968 1.203461 0.022028 0.019821 -1.795439 414.516998
77.933327 14.593101 1.203461 0.022841 0.018485 -1.842876 414.619995
77.885834 14.388685 1.203461 0.032715 0.019814 -1.877866 414.725006
77.836670 14.184678 1.203461 -0.015722 0.019054 -1.868108 414.829987
77.781281 13.951206 1.203461 0.036583 0.019552 -1.889324 414.950012
77.729866 13.747790 1.203461 0.068383 0.021523 -1.936698 415.054993
77.672371 13.546303 1.203461 0.082095 0.023832 -1.981995 415.160004
77.606125 13.347989 1.203461 0.107754 0.027200 -2.069364 415.265015
77.529991 13.153672 1.203461 0.094093 0.029004 -2.108049 415.369995
77.426376 12.928129 1.203461 0.117005 0.032651 -2.205876 415.494995
77.326462 12.745584 1.203461 0.120745 0.035475 -2.284845 415.600006
77.214645 12.570368 1.203461 0.125507 0.037971 -2.363163 415.704987
77.091019 12.403460 1.203461 0.130817 0.039415 -2.440459 415.809998
76.955864 12.245883 1.203461 0.133055 0.041058 -2.513679 415.915009
76.809647 12.098545 1.203461 0.135003 0.041445 -2.585922 416.019989
76.653030 11.962319 1.203461 0.138507 0.041851 -2.659014 416.125000
76.486992 11.837668 1.203461 0.100247 0.039583 -2.690359 416.230011
76.313568 11.722378 1.206991 0.056591 0.032597 -2.701062 416.334991
76.145638 11.616809 1.234818 0.014667 -0.094349 -2.590751 416.434998
75.972618 11.509333 1.234818 -0.014112 -0.301023 -2.475561 416.545013
75.784943 11.396458 1.234818 -0.056834 -0.281210 -2.318484 416.695007
75.608406 11.297982 1.234818 -0.078173 -0.159427 -2.098576 416.904999
75.427589 11.210861 1.234818 -0.054892 -0.035848 -1.653515 417.329987
75.521080 11.029334 1.234818 -0.002845 0.319419 -0.606665 418.769989
75.685890 10.912019 1.234818 -0.014236 0.240544 -0.598018 418.910004
75.857735 10.793014 1.234818 -0.022657 0.135893 -0.592382 419.029999
76.045616 10.666707 1.234818 -0.024406 0.071925 -0.587992 419.149994
76.217247 10.554382 1.234818 -0.021178 0.041904 -0.584983 419.255005
76.391541 10.440726 1.234818 0.062789 0.028148 -0.663929 419.359985
76.562950 10.321043 1.234818 0.080263 0.024552 -0.755789 419.464996
76.759888 10.168963 1.234818 0.093209 0.027129 -0.857520 419.589996
76.917709 10.032543 1.234818 0.068436 0.029653 -0.916821 419.695007
77.069542 9.889357 1.234818 0.071565 0.031523 -0.943002 419.799988
77.215897 9.739860 1.234818 0.072979 0.030215 -0.934009 419.904999
77.356682 9.584173 1.234818 0.083525 0.025368 -0.930127 420.010010
77.484749 9.430099 1.234818 0.078622 0.020355 -0.927122 420.109985
77.607277 9.271195 1.234818 0.059521 0.016826 -0.924698 420.209991
77.731537 9.100760 1.234818 0.029633 0.016101 -0.922669 420.315002
77.847595 8.936598 1.234818 0.060747 0.015147 -0.960679 420.415009
77.959610 8.769681 1.234818 0.019018 0.014617 -1.015142 420.515015
78.069962 8.601762 1.234818 -0.021066 0.016073 -1.006891 420.614990
78.182060 8.434907 1.234818 -0.020840 0.015431 -1.002700 420.714996
78.295906 8.269126 1.234818 -0.008271 0.015979 -0.999366 420.815002
78.410553 8.103814 1.234818 0.002950 0.016272 -0.996626 420.915009
78.525108 7.938370 1.234818 0.011271 0.014953 -0.994407 421.015015
78.639084 7.772569 1.234818 -0.038348 0.013660 -0.952138 421.114990
78.755852 7.609036 1.234818 -0.070582 0.014057 -0.853111 421.214996
78.877998 7.450253 1.234818 -0.074494 0.017064 -0.764930 421.315002
79.010536 7.288031 1.234818 -0.034691 -0.071935 -0.727130 421.420013
79.143257 7.129570 1.234818 -0.069134 -0.286599 -0.611939 421.529999
79.274506 6.971998 1.234818 -0.096831 -0.285662 -0.470567 421.665009
79.399948 6.812747 1.234818 -0.102922 -0.162849 -0.266363 421.859985
79.515892 6.648265 1.234818 -0.070709 -0.043850 0.115864 422.225006
79.532013 6.854829 1.234818 0.002686 0.138792 1.828489 424.260010
79.495041 7.058172 1.234818 0.019378 0.058380 1.931241 424.410004
79.458778 7.258419 1.234818 -0.013435 0.033932 1.987642 424.549988
79.416496 7.469220 1.234818 -0.016931 0.030638 2.006749 424.695007
79.370583 7.666633 1.234818 -0.080763 0.029195 2.031932 424.829987
79.313293 7.862121 1.234818 -0.047718 0.023019 2.012702 424.964996
79.246597 8.055643 1.234818 -0.040793 0.017132 1.998146 425.100006
79.172432 8.247130 1.234818 -0.027850 0.012977 1.987120 425.234985
79.087074 8.452713 1.234818 0.048999 0.137621 1.931653 425.380005
79.013237 8.638944 1.234818 -0.018157 0.149486 1.919436 425.500000
78.938332 8.824535 1.234818 -0.018504 0.100720 1.924016 425.609985
78.861557 9.009670 1.234818 -0.004267 0.064158 1.927500 425.714996
78.782364 9.199287 1.234818 0.008820 0.042326 1.930294 425.820007
78.702858 9.391636 1.234818 0.017496 0.029045 1.932520 425.924988
78.623734 9.585503 1.234818 -0.013289 0.022597 1.973327 426.029999
78.531693 9.806958 1.234818 -0.009338 -0.007123 2.009232 426.149994
78.447685 10.006418 1.234818 0.010275 -0.076278 2.002759 426.260010
78.367805 10.195844 1.234818 -0.049697 -0.120555 2.083745 426.369995
78.283508 10.394485 1.234818 0.036263 -0.072729 1.931624 426.494995
78.208511 10.582807 1.234818 0.028497 -0.032340 1.850492 426.619995
78.128983 10.795142 1.234818 0.032910 -0.005478 1.769939 426.765015
78.061554 10.990886 1.234818 0.046078 0.007869 1.702759 426.899994
78.002441 11.187168 1.234818 0.062043 0.016758 1.637265 427.035004
77.948364 11.414741 1.234818 0.077021 0.023529 1.563982 427.190002
77.915955 11.615160 1.234818 0.083973 0.026273 1.499427 427.325012
77.898529 11.824844 1.234818 0.090441 0.097074 1.430554 427.464996
77.901093 12.041288 1.234818 0.091388 0.176994 1.360503 427.600006
77.920853 12.244614 1.234818 0.082231 0.120592 1.290550 427.714996
77.950974 12.449078 1.234818 0.001520 0.074658 1.302621 427.825012
77.982758 12.649946 1.234818 0.010730 0.050395 1.312413 427.929993
78.017120 12.853637 1.234818 0.009589 0.035537 1.331119 428.035004
78.051994 13.058900 1.234818 -0.048594 0.025055 1.445690 428.140015
78.083420 13.275203 1.234818 -0.061801 0.023047 1.553058 428.250000
78.108276 13.482196 1.234818 0.003044 0.023796 1.565281 428.355011
78.132729 13.689602 1.234818 -0.012760 0.025384 1.558194 428.459991
78.155746 13.897620 1.234818 -0.037805 0.025599 1.552488 428.565002
78.174782 14.106307 1.234818 -0.049793 0.024458 1.547888 428.670013
78.190582 14.355419 1.234818 -0.046238 0.022008 1.543604 428.795013
78.198524 14.565028 1.234818 -0.032403 0.021132 1.540770 428.899994
78.203186 14.774826 1.234818 -0.015189 0.020457 1.538511 429.005005
78.206421 14.984705 1.234818 0.000553 0.020375 1.536697 429.109985
78.210159 15.194587 1.234818 0.066056 0.019101 1.495207 429.214996
78.220627 15.403758 1.234818 0.104596 0.022048 1.392300 429.320007
78.242455 15.611196 1.234818 0.106659 0.027795 1.300301 429.424988
78.275429 15.816542 1.234818 0.107582 0.030748 1.223523 429.529999
78.320488 16.018976 1.234818 0.123384 0.036554 1.137724 429.635010
78.385651 16.235956 1.234818 0.135209 0.041937 1.047307 429.750000
78.464493 16.437544 1.234818 0.139505 0.044519 0.964421 429.859985
78.554886 16.623390 1.234818 0.134930 0.044144 0.891071 429.964996
78.657570 16.803438 1.234818 0.050861 0.037186 0.907800 430.070007
78.787704 17.014042 1.234818 0.078891 -0.029511 0.894750 430.195007
78.900970 17.181309 1.234818 0.081384 -0.090427 0.833954 430.299988
79.024094 17.348288 1.234818 0.040207 -0.040046 0.844764 430.415009
79.150520 17.505777 1.234818 0.109008 0.105430 0.764109 430.529999
79.294121 17.660776 1.234818 0.091911 0.090091 0.681494 430.644989
79.438683 17.799667 1.234818 0.039172 0.060776 0.631749 430.750000
79.590805 17.937099 1.234818 0.014481 0.041465 0.614323 430.855011
79.746414 18.074751 1.234818 0.042538 0.030826 0.592084 430.959991
79.905624 18.210133 1.234818 0.019620 0.024425 0.558274 431.065002
80.068825 18.341270 1.234818 0.097059 0.015354 0.477949 431.170013
80.236160 18.463013 1.234818 0.114788 -0.037442 0.400270 431.274994
80.426643 18.585363 1.234818 0.087984 -0.027157 0.344480 431.394989
80.601936 18.685844 1.234818 0.059472 0.080907 0.364739 431.505005
80.787048 18.780067 1.234818 0.088724 0.073884 0.326594 431.614990
80.973526 18.860199 1.234818 0.138493 0.057090 0.243029 431.720001
81.167175 18.929670 1.234818 0.105008 0.044836 0.216112 431.825012
81.365746 18.989914 1.234818 0.037654 0.033826 0.188731 431.929993
81.566795 19.045988 1.234818 0.012062 0.026392 0.199734 432.035004
81.787880 19.106157 1.234818 0.015616 -0.014588 0.209492 432.149994
81.986244 19.158838 1.234818 0.019332 -0.080400 0.216568 432.255005
82.183380 19.209620 1.234818 0.047219 -0.125565 0.184295 432.364990
82.383316 19.256538 1.234818 0.103660 -0.060348 0.063713 432.484985
82.581764 19.290070 1.234818 0.102032 -0.020576 -0.082145 432.609985
82.796555 19.307571 1.234818 0.106192 0.011635 -0.209268 432.750000
83.014702 19.305138 1.234818 0.083306 0.027728 -0.286712 432.894989
83.215919 19.286219 1.234818 0.084450 0.030264 -0.344302 433.029999
83.415031 19.251268 1.234818 0.084901 0.029095 -0.405055 433.165009
83.611000 19.200491 1.234818 0.080473 0.026978 -0.467386 433.299988
83.802910 19.134851 1.234818 0.070942 0.005388 -0.517261 433.434998
83.993599 19.056875 1.234818 0.015730 -0.244332 -0.365417 433.579987
84.178543 18.973265 1.234818 -0.035960 -0.191559 -0.161213 433.774994
84.356628 18.880219 1.234818 -0.050732 -0.068231 0.215778 434.135010
84.492661 18.732405 1.234818 0.026862 0.313149 -1.578500 436.665009
84.483391 18.531908 1.234818 0.019967 0.318420 -1.615234 436.875000
84.469612 18.331900 1.234818 0.023329 0.226813 -1.631572 437.010010
84.452644 18.131081 1.234818 0.023574 0.132291 -1.642380 437.125000
84.432472 17.925343 1.234818 0.020604 0.073997 -1.650429 437.234985
84.408127 17.703444 1.234818 0.013771 0.045440 -1.657070 437.350006
84.385269 17.497814 1.234818 -0.014159 0.032827 -1.622859 437.454987
84.364082 17.290644 1.234818 -0.056640 0.026957 -1.582325 437.559998
84.346336 17.082672 1.234818 -0.009817 0.025131 -1.579680 437.665009
84.329346 16.864182 1.234818 -0.014585 0.024721 -1.586123 437.774994
84.312836 16.625231 1.234818 -0.023125 0.022284 -1.591656 437.894989
84.302055 16.415873 1.234818 -0.060178 0.022239 -1.545502 438.000000
84.296982 16.206419 1.234818 -0.022839 0.022051 -1.551297 438.105011
84.294540 15.996830 1.234818 -0.014443 0.021916 -1.556091 438.209991
84.293663 15.787108 1.234818 -0.009759 0.020995 -1.559972 438.315002
84.293800 15.577303 1.234818 -0.004202 0.020571 -1.563058 438.420013
84.294380 15.367472 1.234818 0.000476 0.020199 -1.565539 438.524994
84.294891 15.157647 1.234818 0.003854 0.020021 -1.567543 438.630005
84.294983 14.947823 1.234818 0.005434 0.020602 -1.569149 438.734985
84.294502 14.737974 1.234818 0.005205 0.020868 -1.570440 438.839996
84.293411 14.518098 1.234818 0.003684 0.020560 -1.571515 438.950012
84.291893 14.298210 1.234818 0.001683 0.020127 -1.572369 439.059998
84.290291 14.088333 1.234818 -0.000160 0.021005 -1.573025 439.165009
84.289421 13.879357 1.221817 -0.086032 -0.099050 -1.445668 439.269989
84.296532 13.656228 1.222694 -0.128699 -0.116668 -1.286814 439.390015
84.316528 13.455154 1.223426 -0.134034 -0.046078 -1.197363 439.510010
84.359261 13.238790 1.224119 -0.129169 0.003212 -1.115072 439.649994
84.425789 13.027487 1.224698 -0.088326 0.016219 -1.079835 439.795013
84.502548 12.837424 1.225131 -0.045258 0.015325 -1.093266 439.929993
84.587532 12.650540 1.225482 -0.029204 0.012619 -1.101851 440.065002
84.687767 12.445179 1.225794 0.011587 0.010632 -1.129051 440.214996
84.783936 12.246346 1.238038 0.002209 0.008255 -1.188447 440.359985
84.868584 12.059668 1.243337 0.085587 0.012275 -1.305928 440.494995
84.939377 11.869084 1.243204 0.098440 0.021258 -1.478668 440.630005
84.994339 11.674761 1.243098 0.060161 0.026571 -1.536286 440.765015
85.038132 11.477249 1.243011 0.068939 0.027919 -1.595874 440.899994
85.071159 11.262177 1.242936 0.078546 0.028289 -1.661946 441.045013
85.086960 11.060133 1.242881 0.082055 0.028228 -1.726274 441.179993
85.089455 10.857162 1.242836 0.044557 0.024422 -1.737980 441.315002
85.082840 10.653430 1.242800 0.064439 0.020517 -1.749159 441.450012
85.061707 10.427662 1.242766 0.050877 0.070439 -1.819535 441.600006
85.030777 10.221951 1.242743 0.023086 0.173977 -1.810577 441.730011
84.987785 9.994178 1.242724 0.021665 0.108487 -1.833818 441.859985
84.944252 9.790460 1.242711 0.013408 0.067596 -1.826783 441.970001
84.897598 9.591565 1.242700 0.090719 0.046881 -1.905654 442.075012
84.841385 9.392663 1.242691 0.022358 0.034271 -1.929937 442.179993
84.775391 9.185126 1.242683 0.081564 0.008919 -2.024619 442.290009
84.704666 8.992345 1.242676 0.083645 -0.051378 -2.106257 442.394989
84.626457 8.798695 1.242671 -0.059795 0.036171 -2.000343 442.505005
84.554237 8.611095 1.242666 -0.053843 0.050409 -1.926613 442.609985
84.483421 8.419149 1.242661 0.016293 0.042691 -1.922667 442.714996
84.410294 8.225216 1.242659 -0.033130 0.031488 -1.885180 442.820007
84.337151 8.029699 1.242656 -0.046918 0.025926 -1.849807 442.924988
84.265427 7.832893 1.242654 0.008212 0.021671 -1.860775 443.029999
84.196259 7.645316 1.262467 0.006471 0.020176 -1.869295 443.130005
84.126289 7.457745 1.280864 -0.004784 0.019522 -1.876129 443.230011
84.056458 7.269952 1.280992 -0.013643 0.019520 -1.881710 443.329987
83.985130 7.072963 1.281105 -0.100926 -0.096926 -1.771265 443.434998
83.913712 6.842512 1.281223 -0.116572 -0.107397 -1.612799 443.565002
83.863297 6.630625 1.281319 -0.112119 -0.040387 -1.543254 443.695007
83.831429 6.428200 1.281398 -0.107777 -0.000867 -1.481346 443.825012
83.816963 6.221955 1.281464 -0.064693 0.014676 -1.447516 443.959991
83.814850 6.016858 1.281518 -0.034538 0.014721 -1.467458 444.095001
83.819298 5.811924 1.281562 -0.024878 0.014241 -1.482544 444.230011
83.828682 5.599444 1.281598 -0.013094 0.012876 -1.494149 444.369995
83.840317 5.394457 1.281626 -0.002118 0.062355 -1.502651 444.505005
83.849045 5.194338 1.281648 0.079527 0.166954 -1.599723 444.630005
83.846001 4.972890 1.281665 0.060732 0.111360 -1.698999 444.755005
83.833580 4.766739 1.281678 0.054953 0.071385 -1.783898 444.864990
83.813858 4.565426 1.281688 0.068921 0.052986 -1.864111 444.970001
83.781998 4.343574 1.281698 0.093198 0.046201 -1.947506 445.084991
83.738976 4.132609 1.281706 0.117801 0.043504 -2.027022 445.195007
83.684593 3.935318 1.281712 0.102076 -0.010069 -2.081687 445.299988
83.618164 3.737875 1.281717 0.108378 -0.071564 -2.095701 445.410004
83.542274 3.552284 1.281722 0.150171 0.080843 -2.170799 445.519989
83.448235 3.370999 1.281726 0.065728 0.084016 -2.196097 445.630005
83.346977 3.196933 1.281728 0.030237 0.059100 -2.183019 445.734985
83.239182 3.021614 1.281731 0.055024 0.040637 -2.208659 445.839996
83.114281 2.830702 1.281734 0.017418 0.027969 -2.196916 445.954987
82.997292 2.656625 1.281736 0.008888 0.021761 -2.190616 446.059998
82.879234 2.483284 1.281739 0.004084 -0.035958 -2.185572 446.165009
82.763832 2.314935 1.281740 0.000196 -0.094920 -2.181497 446.269989
82.649742 2.149370 1.281740 0.021970 -0.135075 -2.223110 446.380005
82.532143 1.983303 1.281740 0.070220 0.060979 -2.279089 446.500000
82.404076 1.819287 1.281740 0.067165 0.123432 -2.363618 446.619995
82.267929 1.662829 1.281740 0.063930 -0.066772 -2.484445 446.734985
82.126793 1.512428 1.281740 0.078023 -0.059650 -2.558247 446.855011
81.963898 1.355648 1.281740 0.096132 -0.015047 -2.636477 446.994995
81.808357 1.226832 1.281740 0.094978 0.007664 -2.697259 447.125000
81.640633 1.106364 1.281740 0.048286 0.013705 -2.676551 447.260010
81.468269 0.993530 1.281740 0.042208 0.012058 -2.660835 447.394989
81.292107 0.886789 1.281740 0.030595 0.011183 -2.649055 447.529999
81.113113 0.784220 1.281740 0.017837 0.080300 -2.640115 447.665009
80.922142 0.674611 1.281740 -0.000330 0.159323 -2.590245 447.799988
80.743149 0.569692 1.281740 0.000940 0.104353 -2.585080 447.915009
80.562782 0.463140 1.281740 -0.010106 0.065213 -2.582133 448.024994
80.369850 0.346950 1.281740 -0.016941 0.039309 -2.580733 448.140015
80.175316 0.227312 1.281740 0.066230 0.022177 -2.646596 448.255005
79.994179 0.123258 1.281740 0.128021 0.021497 -2.793584 448.359985
79.808105 0.031685 1.281740 0.149529 -0.042754 -2.946089 448.464996
79.617340 -0.046541 1.281740 0.183175 -0.110481 -3.104248 448.575012
79.391907 -0.114939 1.281740 0.213364 -0.026335 3.020732 448.714996
79.192902 -0.144620 1.281740 0.165535 0.025162 2.952586 448.845001
78.967400 -0.144289 1.281740 0.130961 0.033316 2.887781 448.994995
78.766785 -0.118407 1.281740 0.096271 0.028594 2.829975 449.130005
78.568565 -0.074778 1.281740 0.067088 0.022701 2.767511 449.265015
78.365639 -0.016350 1.281740 0.052168 0.019619 2.703397 449.404999
78.158485 0.055159 1.281740 0.048310 0.017560 2.634898 449.549988
77.955132 0.136881 1.281740 0.050532 0.017216 2.566751 449.695007
77.773247 0.221965 1.281740 0.040851 0.174665 2.509384 449.825012
77.593399 0.320346 1.281740 0.065895 0.145294 2.456390 449.945007
77.412163 0.430989 1.281740 0.040682 0.085398 2.436209 450.059998
77.242676 0.540346 1.281740 0.011055 0.056848 2.439874 450.165009
77.071373 0.654406 1.281740 0.029601 0.012747 2.454800 450.269989
76.879562 0.787389 1.281740 0.043752 -0.019367 2.464810 450.390015
76.701752 0.917762 1.281740 0.042047 0.047321 2.468688 450.505005
76.532196 1.048767 1.281740 0.030797 0.042274 2.471281 450.614990
76.370148 1.178429 1.281740 0.015787 0.030698 2.473255 450.720001
76.207779 1.310541 1.281740 -0.000019 0.024413 2.474834 450.825012
76.052444 1.437027 1.281740 -0.009997 0.019547 2.476055 450.924988
75.896172 1.563092 1.281740 -0.016472 0.016740 2.477039 451.024994
75.738846 1.688134 1.281740 -0.018135 0.014539 2.477839 451.125000
75.580933 1.811666 1.281740 -0.014623 -0.019905 2.478489 451.225006
75.417763 1.938073 1.281740 0.026909 -0.066227 2.435967 451.329987
75.247101 2.068995 1.281740 -0.077816 -0.116138 2.604305 451.445007
75.078148 2.188972 1.281740 -0.062868 -0.070549 2.680903 451.565002
74.901894 2.304023 1.281740 -0.067590 -0.025055 2.756991 451.695007
74.726891 2.406456 1.281740 -0.070796 0.000547 2.823739 451.825012
74.542740 2.500342 1.281740 -0.076434 0.014386 2.891405 451.959991
74.340401 2.586760 1.281740 -0.076226 0.019980 2.959787 452.105011
74.133247 2.658032 1.281740 -0.076822 0.022704 3.028413 452.250000
73.914520 2.715579 1.281740 -0.074864 0.023307 3.098608 452.399994
73.717445 2.751724 1.281740 -0.084609 0.180242 -3.121593 452.529999
73.514084 2.772121 1.281740 -0.076876 0.142313 -3.053051 452.649994
73.312744 2.779588 1.281740 -0.034681 0.093870 -3.006630 452.760010
73.112633 2.780854 1.281740 -0.015929 0.064834 -3.017105 452.864990
72.907860 2.779195 1.281740 -0.036510 0.045875 -3.025442 452.970001
72.680893 2.772172 1.281740 -0.048417 0.034775 -3.032733 453.084991
72.462677 2.759295 1.281740 -0.045735 0.026559 -3.038241 453.195007
72.254318 2.741835 1.281740 -0.032509 0.005280 -3.042453 453.299988
72.028755 2.719174 1.281740 0.040687 0.006642 -3.086313 453.415009
71.814766 2.697298 1.281740 -0.085230 0.030975 -2.981251 453.524994
71.610870 2.667655 1.281740 -0.098355 0.034383 -2.878720 453.630005
71.388969 2.622589 1.281740 -0.092417 0.033963 -2.780443 453.744995
71.179131 2.567526 1.281740 -0.098021 0.035032 -2.690978 453.855011
70.982079 2.503650 1.281740 -0.105331 0.036936 -2.611230 453.959991
70.789291 2.428135 1.281740 -0.114910 0.039118 -2.535635 454.065002
70.600754 2.341951 1.281740 -0.047855 0.036811 -2.543520 454.170013
70.396225 2.240171 1.281740 -0.049042 0.031345 -2.558201 454.285004
70.211380 2.141163 1.281740 -0.049508 0.025306 -2.568802 454.390015
70.019730 2.032510 1.281740 0.000056 0.016940 -2.634865 454.500000
69.845947 1.932535 1.281740 -0.017212 0.018129 -2.639706 454.600006
69.672844 1.830963 1.281740 -0.001843 0.017296 -2.642426 454.700012
69.499802 1.729016 1.281740 0.015214 0.017646 -2.644219 454.799988
69.326027 1.628118 1.281740 0.026390 0.016573 -2.645322 454.899994
69.151131 1.529156 1.281740 -0.004751 0.015494 -2.624176 455.000000
68.977036 1.429185 1.281740 -0.062127 0.014238 -2.523494 455.100006
68.806152 1.324744 1.281740 -0.004919 0.017449 -2.506749 455.200012
68.635986 1.219022 1.281740 0.001437 0.018612 -2.518967 455.299988
68.440346 1.096749 1.281740 -0.014212 0.018436 -2.526364 455.415009
68.271057 0.988735 1.281740 -0.023391 0.017501 -2.530581 455.515015
68.103096 0.878484 1.281740 -0.025379 0.016830 -2.532610 455.614990
67.936577 0.765934 1.281740 -0.020648 0.016742 -2.534262 455.714996
67.771210 0.651510 1.281740 -0.012593 0.015829 -2.535597 455.815002
67.606369 0.536276 1.281740 0.060328 0.013586 -2.591230 455.915009
67.439835 0.424400 1.281740 0.074458 -0.053993 -2.669200 456.015015
67.269302 0.316507 1.281740 0.078443 -0.138411 -2.750113 456.119995
67.094818 0.214172 1.281740 0.089562 -0.081851 -2.824494 456.234985
66.913704 0.119841 1.281740 0.097061 -0.026443 -2.897838 456.359985
66.720360 0.035830 1.281740 0.099347 0.003621 -2.969226 456.494995
66.510780 -0.032298 1.281740 0.123827 0.023287 -3.123181 456.640015
66.298035 -0.075520 1.281740 0.094655 0.030787 3.089131 456.785004
66.097504 -0.096761 1.281740 0.095615 0.031714 2.999186 456.920013
65.888374 -0.100092 1.273025 0.038193 0.025712 2.982262 457.065002
65.685646 -0.092734 1.273089 0.049510 0.022076 2.973989 457.200012
65.482430 -0.076462 1.235002 0.057354 0.019549 2.927885 457.334991
65.250679 -0.043844 1.236708 0.063795 0.017925 2.783552 457.489990
65.051941 -0.002739 1.237901 0.128510 0.015087 2.605054 457.625000
64.854301 0.057733 1.238896 0.123340 0.039972 2.431850 457.765015
64.669647 0.138341 1.239699 0.082954 -0.135924 2.393609 457.904999
64.487358 0.228787 1.240471 0.057415 -0.210802 2.419931 458.075012
64.305565 0.320909 1.241370 0.033540 -0.151390 2.447230 458.355011
