3.697767 1.469865 1.000000 -0.009268 0.319110 -0.139159 0.000000
3.898772 1.446138 1.000000 -0.020301 0.265604 -0.058561 0.150000
4.100022 1.427145 1.000000 0.028964 0.146113 0.003483 0.270000
4.301188 1.406520 1.000000 0.055650 0.084097 -0.005519 0.380000
4.500688 1.381364 1.000000 0.010863 0.056876 -0.012378 0.485000
4.704350 1.355222 1.000000 -0.032922 0.043073 -0.017906 0.590000
4.930379 1.330665 1.000000 -0.056947 0.032744 -0.022674 0.705000
5.168202 1.312641 1.000000 -0.058479 0.025798 -0.026645 0.825000
5.377177 1.303410 1.000000 -0.044447 0.022806 -0.029394 0.930000
5.586572 1.298768 1.000000 -0.022408 0.022338 -0.031591 1.035000
5.796227 1.296419 1.000000 -0.003536 0.021666 -0.033360 1.140000
6.006005 1.294301 1.000000 0.011623 0.021585 -0.034775 1.245000
6.215827 1.290837 1.000000 0.019264 0.020525 -0.035919 1.350000
6.425585 1.285242 1.000000 0.020694 0.020393 -0.036842 1.455000
6.635261 1.277407 1.000000 0.016308 0.020463 -0.037576 1.560000
6.844867 1.267786 1.000000 0.009223 0.020314 -0.038166 1.665000
7.054440 1.257137 1.000000 0.001339 0.021003 -0.038639 1.770000
7.264057 1.246273 1.000000 -0.004342 0.020811 -0.039019 1.875000
7.483713 1.235386 1.000000 -0.046649 0.019253 -0.012776 1.985000
7.693359 1.228574 1.000000 -0.018572 0.021155 0.006589 2.090000
7.903064 1.224125 1.000000 -0.010884 0.020920 0.004274 2.195000
8.122844 1.220780 1.000000 -0.010712 0.021127 0.002326 2.305000
8.332686 1.218770 1.000000 -0.009877 0.020003 0.000828 2.410000
8.542541 1.217783 1.000000 -0.006553 0.020997 -0.000366 2.515000
8.752437 1.217488 1.000000 -0.003116 0.020367 -0.001324 2.620000
8.972345 1.217556 1.000000 -0.032338 0.020757 0.017526 2.730000
9.182123 1.221366 1.000000 -0.030703 0.020553 0.082423 2.835000
9.391677 1.228840 1.000000 0.000392 0.021445 0.079160 2.940000
9.611285 1.237047 1.000000 -0.005441 0.021349 0.076380 3.050000
9.820943 1.245672 1.000000 -0.012814 0.020670 0.074211 3.155000
10.030543 1.255850 1.000000 -0.016862 0.021220 0.072478 3.260000
10.240091 1.267958 1.000000 -0.015494 0.020804 0.071104 3.365000
10.449565 1.281838 1.000000 -0.010660 0.020332 0.069996 3.470000
10.658989 1.296958 1.000000 -0.004303 0.020299 0.069105 3.575000
10.858442 1.311893 1.000000 0.001359 0.020073 0.068423 3.675000
11.057916 1.326807 1.000000 0.005334 0.019995 0.067868 3.775000
11.257394 1.341325 1.000000 0.007303 0.020294 0.067411 3.875000
11.476849 1.356615 1.000000 0.007592 0.019992 0.067009 3.985000
11.686357 1.370528 1.000000 0.006274 0.019999 0.066702 4.090000
11.895890 1.383914 1.000000 0.004179 0.020411 0.066454 4.195000
12.105441 1.396993 1.000000 0.001822 0.020574 0.066257 4.300000
12.315012 1.410012 1.000000 0.000046 0.020766 0.066099 4.405000
12.514630 1.422531 1.000000 -0.000871 0.020661 0.065977 4.505000
12.724235 1.435897 1.000000 -0.001073 0.019813 0.065874 4.610000
12.943778 1.450161 1.000000 -0.000693 0.019887 0.065787 4.720000
13.153308 1.463984 1.000000 0.000058 0.020738 0.065721 4.825000
13.372835 1.478599 1.000000 0.000862 0.020530 0.065665 4.935000
13.572426 1.491926 1.000000 0.001504 0.020610 0.065624 5.035000
13.772023 1.505226 1.000000 0.001945 0.019948 0.065591 5.135000
13.971595 1.518456 1.000000 0.002046 0.020592 0.065564 5.235000
14.191138 1.532919 1.000000 0.002030 0.019859 0.065540 5.345000
14.400674 1.546638 1.000000 0.001754 0.020485 0.065523 5.450000
14.610204 1.560302 1.000000 0.001455 0.020585 0.065508 5.555000
14.819749 1.573945 1.000000 0.001175 0.020664 0.065497 5.660000
15.019326 1.586943 1.000000 0.001007 0.020450 0.065488 5.760000
15.218919 1.599965 1.000000 0.000917 0.020743 0.065481 5.860000
15.418527 1.613017 1.000000 0.000980 0.020012 0.065476 5.960000
15.618108 1.626092 1.000000 0.001018 0.020412 0.065472 6.060000
15.817700 1.639189 1.000000 0.001111 0.020233 0.065468 6.160000
16.017305 1.652301 1.000000 0.001199 0.020287 0.065465 6.260000
16.216928 1.665418 1.000000 0.001281 0.020249 0.065463 6.360000
16.416552 1.678531 1.000000 0.001355 0.019922 0.065461 6.460000
16.616159 1.691633 1.000000 0.001342 0.020427 0.065460 6.560000
16.815752 1.704725 1.000000 0.001311 0.020552 0.065458 6.660000
17.015347 1.717808 1.000000 0.001309 0.020395 0.065456 6.760000
17.214941 1.730884 1.000000 0.001302 0.020064 0.065456 6.860000
17.414526 1.743953 1.000000 0.001245 0.020349 0.065455 6.960000
17.624067 1.757673 1.000000 0.001217 0.020303 0.065455 7.065000
17.833590 1.771391 1.000000 0.001194 0.020301 0.065455 7.170000
18.043079 1.785113 1.000000 0.001180 0.020329 0.065455 7.275000
18.252567 1.798841 1.000000 0.001173 0.020336 0.065454 7.380000
18.462051 1.812573 1.000000 0.001220 0.020223 0.065453 7.485000
18.671535 1.826310 1.000000 0.001223 0.020373 0.065453 7.590000
18.891033 1.840704 1.000000 0.001239 0.020583 0.065451 7.700000
19.100557 1.854444 1.000000 0.001289 0.019912 0.065450 7.805000
19.340014 1.870141 1.000000 0.001247 0.020511 0.065448 7.925000
19.569496 1.885184 1.000000 0.001247 0.020620 0.065447 8.040000
19.769081 1.898265 1.000000 0.001259 0.020345 0.065446 8.140000
19.978624 1.911996 1.000000 0.001268 0.020071 0.065445 8.245000
20.188143 1.925723 1.000000 0.001241 0.020365 0.065444 8.350000
20.397636 1.939448 1.000000 0.001212 0.020664 0.065443 8.455000
20.607176 1.953177 1.000000 0.001228 0.020298 0.065443 8.560000
20.816727 1.966909 1.000000 0.001208 0.020626 0.065442 8.665000
21.016302 1.979988 1.000000 0.001224 0.020435 0.065442 8.765000
21.215887 1.993068 1.000000 0.001218 0.020481 0.065441 8.865000
21.415482 2.006151 1.000000 0.001244 0.020360 0.065438 8.965000
21.615074 2.019234 1.000000 0.001250 0.020566 0.065435 9.065000
21.814665 2.032315 1.000000 0.001268 0.020274 0.065433 9.165000
22.014250 2.045390 1.000000 0.001260 0.020092 0.065430 9.265000
22.213835 2.058465 1.000000 0.001228 0.020261 0.065426 9.365000
22.423368 2.072191 1.000000 0.001227 0.020505 0.065421 9.470000
22.632893 2.085916 1.000000 0.001250 0.020340 0.065416 9.575000
22.862339 2.100944 1.000000 0.001264 0.020016 0.065408 9.690000
23.071823 2.114662 1.000000 0.001236 0.020560 0.065401 9.795000
23.281317 2.128381 1.000000 0.001236 0.020887 0.065395 9.900000
23.490866 2.142099 1.000000 0.001269 0.020096 0.065390 10.005000
23.690451 2.155165 1.000000 0.001264 0.019945 0.065384 10.105000
23.899986 2.168881 1.000000 0.001246 0.020683 0.065380 10.210000
24.099571 2.181943 1.000000 0.001250 0.020678 0.065377 10.310000
24.299162 2.195004 1.000000 0.001238 0.020573 0.065376 10.410000
24.498772 2.208064 1.000000 0.001233 0.020215 0.065376 10.510000
24.728294 2.223085 1.000000 0.001184 0.020522 0.065376 10.625000
24.937866 2.236804 1.000000 0.001215 0.019975 0.065375 10.730000
25.177347 2.250884 1.000000 0.081448 0.018157 -0.023425 10.850000
25.386478 2.254674 1.000000 0.100398 0.022387 -0.126139 10.955000
25.595062 2.250199 1.000000 0.019323 0.026406 -0.118606 11.060000
25.803947 2.242769 1.000000 0.022191 0.025842 -0.112528 11.165000
26.013103 2.232561 1.000000 0.030934 0.024082 -0.107635 11.270000
26.222273 2.218792 1.000000 0.032078 0.022422 -0.103721 11.375000
26.431309 2.201414 1.000000 0.024957 0.021543 -0.100573 11.480000
26.660078 2.179146 1.000000 0.012305 0.020609 -0.097835 11.595000
26.868853 2.157202 1.000000 0.000624 0.019902 -0.095862 11.700000
27.077637 2.135045 1.000000 -0.008411 0.019827 -0.094279 11.805000
27.286491 2.113614 1.000000 -0.013332 0.019532 -0.093000 11.910000
27.495449 2.093408 1.000000 -0.014313 0.019861 -0.091964 12.015000
27.764282 2.069322 1.000000 -0.010717 0.020580 -0.090934 12.150000
27.973494 2.051705 1.000000 -0.006839 0.020181 -0.090307 12.255000
28.182737 2.034609 1.000000 -0.002371 0.020180 -0.089809 12.360000
28.391964 2.017582 1.000000 0.000811 0.020084 -0.089406 12.465000
28.601147 2.000285 1.000000 0.002715 0.020404 -0.089085 12.570000
28.810295 1.982526 1.000000 0.002988 0.020071 -0.088826 12.675000
29.039301 1.962518 1.000000 0.001911 0.020366 -0.088601 12.790000
29.248384 1.943851 1.000000 0.000368 0.020033 -0.088438 12.895000
29.477381 1.923172 1.000000 -0.001389 0.020164 -0.088296 13.010000
29.686464 1.904259 1.000000 -0.002569 0.019972 -0.088192 13.115000
29.905504 1.884557 1.000000 -0.003271 0.019834 -0.088106 13.225000
30.124544 1.865046 1.000000 -0.003269 0.020490 -0.088037 13.335000
30.333652 1.846601 1.000000 -0.002948 0.020168 -0.087984 13.440000
30.552734 1.827421 1.000000 -0.002378 0.020116 -0.087940 13.550000
30.761858 1.809193 1.000000 -0.001739 0.020523 -0.087906 13.655000
30.971003 1.790977 1.000000 -0.001343 0.019846 -0.087879 13.760000
31.180126 1.772731 1.000000 -0.001026 0.020506 -0.087858 13.865000
31.389257 1.754421 1.000000 -0.000970 0.020527 -0.087840 13.970000
31.598408 1.736042 1.000000 -0.001118 0.019975 -0.087826 14.075000
31.817286 1.715336 1.000000 0.076684 0.019167 -0.170769 14.185000
32.024738 1.687664 1.000000 0.088834 0.022073 -0.267140 14.290000
32.229816 1.650052 1.000000 0.095954 0.027124 -0.358750 14.395000
32.431992 1.601861 1.000000 0.052113 0.030583 -0.407169 14.500000
32.650707 1.538742 1.000000 0.090585 0.034526 -0.477396 14.615000
32.866360 1.464640 1.000000 0.046342 0.031599 -0.464848 14.730000
33.061935 1.390682 1.000000 0.050075 0.026724 -0.455569 14.835000
33.255882 1.311031 1.000000 -0.000413 0.019411 -0.411584 14.940000
33.449955 1.231643 1.000000 -0.085944 0.013940 -0.258358 15.045000
33.646019 1.161169 1.000000 -0.122982 0.022556 -0.117867 15.150000
33.844303 1.104023 1.000000 -0.145385 0.040487 0.001622 15.255000
34.045074 1.062554 1.000000 -0.146977 0.052748 0.076128 15.360000
34.248222 1.037812 1.000000 -0.156609 0.057351 0.148563 15.465000
34.453285 1.028862 1.000000 -0.090011 0.050048 0.134513 15.570000
34.660145 1.030630 1.000000 -0.082478 0.039301 0.123236 15.675000
34.877693 1.043578 1.000000 -0.140720 0.033227 0.180025 15.785000
35.084141 1.071042 1.000000 -0.125224 0.031934 0.263833 15.890000
35.288334 1.112398 1.000000 -0.098711 0.030791 0.345212 15.995000
35.490227 1.164217 1.000000 -0.010762 0.024659 0.370017 16.100000
35.691879 1.218820 1.000000 0.011768 0.023393 0.354062 16.205000
35.923153 1.280895 1.000000 0.001076 0.022484 0.339707 16.325001
36.135460 1.338390 1.000000 -0.008718 0.021457 0.329303 16.434999
36.328312 1.392038 1.000000 -0.013058 0.020542 0.321680 16.535000
36.549664 1.455791 1.000000 -0.012498 0.018906 0.314734 16.650000
36.741669 1.512887 1.000000 -0.007894 0.019175 0.309884 16.750000
36.933388 1.571086 1.000000 -0.002476 0.019282 0.305939 16.850000
37.125011 1.629855 1.000000 0.002934 0.018343 0.302757 16.950001
37.316586 1.688690 1.000000 0.007230 0.018185 0.300152 17.049999
37.508148 1.747502 1.000000 -0.048210 0.018242 0.341601 17.150000
37.698109 1.810609 1.000000 -0.074017 0.019023 0.433217 17.250000
37.894993 1.883021 1.000000 -0.048781 0.020711 0.472967 17.355000
38.088890 1.960786 1.000000 -0.072886 -0.012958 0.557063 17.459999
38.275784 2.042362 1.000000 -0.019700 -0.080149 0.539250 17.565001
38.476170 2.132263 1.000000 -0.035409 -0.125939 0.537270 17.684999
38.658390 2.217011 1.000000 0.027433 -0.006282 0.492305 17.805000
38.848320 2.302258 1.000000 0.039648 0.136160 0.384758 17.930000
39.047356 2.385345 1.000000 0.022458 0.098568 0.292121 18.049999
39.240555 2.461733 1.000000 0.035016 0.063577 0.208201 18.160000
39.431007 2.531643 1.000000 0.071661 0.050399 0.127856 18.264999
39.626003 2.594235 1.000000 0.103656 0.048073 0.051344 18.370001
39.824867 2.645963 1.000000 0.104165 0.048961 0.007015 18.475000
40.027065 2.685889 1.000000 0.094853 0.047695 -0.015391 18.580000
40.232140 2.714852 1.000000 0.098009 0.040359 -0.006566 18.684999
40.439327 2.732788 1.000000 0.157186 0.032852 -0.049293 18.790001
40.647060 2.734302 1.000000 0.165476 0.033554 -0.143838 18.895000
40.883121 2.714053 1.000000 0.133424 0.035513 -0.243223 19.014999
41.107117 2.676312 1.000000 0.107046 0.035057 -0.332282 19.129999
41.309589 2.629995 1.000000 0.020621 0.029817 -0.348063 19.235001
41.512012 2.579835 1.000000 0.002205 0.025835 -0.333943 19.340000
41.714890 2.528441 1.000000 0.008981 0.023553 -0.322581 19.445000
41.917809 2.475402 1.000000 0.014796 0.021712 -0.313623 19.549999
42.120422 2.420299 1.000000 0.014470 0.020961 -0.306401 19.655001
42.313049 2.366000 1.000000 -0.008424 0.017979 -0.288533 19.754999
42.515640 2.310995 1.000000 -0.084756 0.016353 -0.171703 19.860001
42.719482 2.264627 1.000000 -0.097703 0.022586 -0.073020 19.965000
42.924511 2.228952 1.000000 -0.113025 0.030363 0.019179 20.070000
43.150139 2.204093 1.000000 -0.126775 0.037918 0.112026 20.184999
43.356571 2.196127 1.000000 -0.135055 0.042944 0.191325 20.290001
43.591995 2.205777 1.000000 -0.143500 0.046678 0.279745 20.410000
43.825386 2.236648 1.000000 -0.143124 0.047980 0.367278 20.530001
44.026649 2.281107 1.000000 -0.114309 0.045768 0.429897 20.635000
44.244534 2.343835 1.000000 -0.055336 0.037529 0.417595 20.750000
44.441784 2.410353 1.000000 -0.133465 0.034557 0.491265 20.855000
44.633884 2.490542 1.000000 -0.134735 0.035056 0.574632 20.959999
44.819550 2.584502 1.000000 -0.120461 0.034520 0.654699 21.065001
44.998592 2.690623 1.000000 -0.110463 0.034490 0.730571 21.170000
45.170799 2.807601 1.000000 -0.110626 0.034535 0.807705 21.275000
45.343029 2.941270 1.000000 -0.114556 0.036128 0.886913 21.385000
45.505833 3.086042 1.000000 -0.121390 0.038013 0.963177 21.495001
45.651470 3.234312 1.000000 -0.078291 0.036644 1.004191 21.600000
45.790127 3.390009 1.000000 -0.117295 0.035468 1.032929 21.705000
45.919868 3.553607 1.000000 -0.122307 0.035297 1.087887 21.809999
46.051598 3.745841 1.000000 -0.149573 -0.120066 1.257628 21.930000
46.154797 3.921766 1.000000 -0.114886 -0.079210 1.307930 22.045000
46.246815 4.105285 1.000000 -0.112247 -0.027717 1.369231 22.170000
46.323414 4.293888 1.000000 -0.105029 0.004527 1.429182 22.299999
46.385136 4.491043 1.000000 -0.070068 0.015164 1.456699 22.434999
46.434719 4.690237 1.000000 -0.036000 0.015445 1.443692 22.570000
46.480885 4.913480 1.000000 -0.038865 0.014075 1.464542 22.719999
46.515175 5.115694 1.000000 -0.022825 0.012511 1.455354 22.855000
46.545280 5.316895 1.000000 -0.015682 0.170666 1.449780 22.985001
46.572590 5.523411 1.000000 -0.080024 0.129858 1.502575 23.105000
46.590237 5.727193 1.000000 -0.084080 0.083576 1.594426 23.215000
46.598141 5.948211 1.000000 -0.035925 0.053338 1.664512 23.330000
46.599941 6.153568 1.000000 -0.024360 0.038776 1.696263 23.434999
46.599312 6.360742 1.000000 0.000458 0.031489 1.683747 23.540001
46.597904 6.569138 1.000000 -0.016685 0.027964 1.673606 23.645000
46.594246 6.778184 1.000000 -0.031619 0.025732 1.665467 23.750000
46.586990 6.987493 1.000000 -0.035046 0.023692 1.658915 23.855000
46.575855 7.196836 1.000000 -0.029519 0.022126 1.653622 23.959999
46.561481 7.406117 1.000000 -0.019169 0.020604 1.649343 24.065001
46.545078 7.615327 1.000000 -0.004336 0.021260 1.645944 24.170000
46.524609 7.854342 1.000000 -0.024848 0.020170 1.688484 24.290001
46.504230 8.063207 1.000000 0.009936 0.020681 1.683444 24.395000
46.484333 8.272173 1.000000 -0.036238 0.020808 1.712935 24.500000
46.462433 8.480909 1.000000 0.007590 0.020197 1.718289 24.605000
46.439274 8.689434 1.000000 -0.067464 0.020376 1.790899 24.709999
46.405525 8.936488 1.000000 -0.003615 0.021617 1.789440 24.834999
46.375698 9.143930 1.000000 0.030773 0.019949 1.755217 24.940001
46.347614 9.351730 1.000000 0.039536 0.019367 1.690283 25.045000
46.323769 9.559884 1.000000 0.070411 0.019438 1.582715 25.150000
46.307327 9.768114 1.000000 0.045414 0.022867 1.509626 25.254999
46.295872 9.976426 1.000000 0.060265 0.026872 1.479246 25.360001
46.288136 10.185043 1.000000 0.017443 0.025964 1.490776 25.465000
46.282936 10.394101 1.000000 0.030449 0.025891 1.500043 25.570000
46.281227 10.603524 1.000000 0.039360 0.024601 1.507486 25.674999
46.283855 10.813126 1.000000 0.037862 0.022346 1.513427 25.780001
46.290611 11.022730 1.000000 0.027225 0.021507 1.518260 25.885000
46.300369 11.232314 1.000000 0.012841 0.021224 1.522145 25.990000
46.311600 11.441916 1.000000 -0.000604 0.020601 1.525245 26.094999
46.322880 11.651522 1.000000 -0.010028 0.020692 1.527743 26.200001
46.333176 11.861183 1.000000 -0.015167 0.019972 1.529740 26.305000
46.341953 12.070892 1.000000 -0.015320 0.020469 1.531364 26.410000
46.349190 12.280654 1.000000 -0.012273 0.020333 1.532667 26.514999
46.356304 12.530452 1.000000 -0.006392 0.020252 1.533894 26.639999
46.361595 12.740296 1.000000 -0.001590 0.020000 1.534707 26.745001
46.366840 12.950121 1.000000 0.002746 0.020682 1.535345 26.850000
46.372440 13.159949 1.000000 0.004623 0.020213 1.535866 26.955000
46.378613 13.369745 1.000000 0.004784 0.020518 1.536282 27.059999
46.385361 13.579522 1.000000 0.003736 0.019997 1.536618 27.165001
46.392567 13.789259 1.000000 0.001826 0.020161 1.536888 27.270000
46.400387 14.008970 1.000000 -0.000229 0.019911 1.537113 27.379999
46.407867 14.218676 1.000000 -0.034768 0.019520 1.558477 27.485001
46.412827 14.438310 1.000000 -0.058352 0.019170 1.612246 27.594999
46.412422 14.647707 1.000000 -0.026880 0.022859 1.634421 27.700001
46.408566 14.857122 1.000000 -0.025779 0.023151 1.633977 27.805000
46.400902 15.086584 1.000000 -0.029567 0.022034 1.633597 27.920000
46.389954 15.306053 1.000000 0.006809 0.020519 1.613461 28.030001
46.380627 15.515498 1.000000 0.067878 0.019666 1.509696 28.135000
46.376316 15.724690 1.000000 -0.009123 0.021086 1.510948 28.240000
46.371811 15.934002 1.000000 -0.008630 0.021847 1.520893 28.344999
46.366756 16.143547 1.000000 0.006646 0.022193 1.528839 28.450001
46.362579 16.353264 1.000000 0.017659 0.021582 1.535228 28.555000
46.360390 16.563059 1.000000 0.022156 0.021061 1.540406 28.660000
46.360588 16.772900 1.000000 0.020343 0.020664 1.544575 28.764999
46.362934 16.982759 1.000000 0.012998 0.021189 1.547896 28.870001
46.366695 17.192644 1.000000 0.005116 0.020761 1.550542 28.975000
46.371677 17.432554 1.000000 -0.002200 0.020514 1.552956 29.094999
46.375660 17.632519 1.000000 -0.006290 0.021022 1.554568 29.195000
46.379066 17.832523 1.000000 -0.008069 0.020304 1.555871 29.295000
46.381737 18.032543 1.000000 -0.007789 0.020079 1.556927 29.395000
46.383671 18.232550 1.000000 -0.006026 0.019989 1.557785 29.495001
46.385117 18.442545 1.000000 -0.003237 0.020413 1.558510 29.600000
46.386196 18.642555 1.000000 -0.000753 0.020956 1.559074 29.700001
46.387238 18.849361 1.000000 0.017346 -0.169003 1.459642 29.805000
46.387817 19.073540 1.000000 0.056931 -0.320999 1.323505 29.934999
46.384266 19.275345 1.000000 0.084876 -0.228630 1.155952 30.094999
46.372562 19.476549 1.000000 0.083822 -0.105361 0.883680 30.355000
46.343513 19.674713 1.000000 0.023713 0.001198 0.103518 31.100000
46.427364 19.478302 1.000000 -0.021798 0.199673 -1.239897 32.735001
46.500885 19.289598 1.000000 -0.019427 0.081823 -1.357298 32.889999
46.576714 19.097281 1.000000 0.000864 0.041392 -1.420922 33.035000
46.649601 18.904667 1.000000 0.044890 0.035626 -1.483317 33.174999
46.712749 18.713659 1.000000 0.043731 0.031290 -1.490638 33.310001
46.765621 18.518091 1.000000 0.063864 0.029399 -1.504732 33.445000
46.806816 18.311163 1.000000 0.091067 0.023090 -1.544989 33.584999
46.833630 18.086449 1.000000 0.062979 0.019302 -1.576729 33.735001
46.846706 17.881588 1.000000 0.018297 0.142738 -1.562083 33.869999
46.853397 17.674688 1.000000 0.049024 0.152810 -1.598414 33.994999
46.854073 17.466105 1.012997 0.053959 0.100896 -1.649439 34.110001
46.850517 17.256762 1.012188 -0.016257 0.061583 -1.643126 34.220001
46.845833 17.042404 1.011506 0.039056 0.041806 -1.705922 34.330002
46.835754 16.826042 1.010929 0.085195 0.034842 -1.769024 34.439999
46.816582 16.619698 1.010460 0.112276 0.035277 -1.857736 34.544998
46.789139 16.414171 1.010064 -0.054171 0.023783 -1.716264 34.650002
46.765911 16.207628 1.009724 -0.022949 0.026044 -1.642114 34.755001
46.745586 16.000200 1.009438 0.000949 0.025937 -1.640680 34.860001
46.725307 15.792126 1.009196 -0.009623 0.024452 -1.639043 34.965000
46.705952 15.583533 1.008991 -0.019534 0.022387 -1.637847 35.070000
46.688538 15.374536 1.008816 -0.023620 0.021236 -1.637192 35.174999
46.671494 15.135314 1.008648 -0.020670 0.020281 -1.636640 35.294998
46.658791 14.925901 1.008523 -0.012990 0.001659 -1.636258 35.400002
46.646057 14.719117 1.008418 0.057510 -0.058547 -1.721641 35.505001
46.626305 14.485229 1.008313 0.039183 -0.112134 -1.765289 35.630001
46.604954 14.279768 1.008229 -0.010033 -0.099964 -1.743107 35.750000
46.585567 14.050553 1.008147 -0.080170 -0.018801 -1.508857 35.895000
46.582146 13.836959 1.008083 -0.086348 0.009042 -1.321030 36.035000
46.594501 13.635437 1.008034 -0.093281 0.025990 -1.167869 36.169998
46.625610 13.431017 1.007993 -0.106767 0.039803 -1.024147 36.310001
46.678303 13.232870 1.007960 -0.122488 0.051227 -0.886928 36.450001
46.753418 13.042286 1.007933 -0.083401 0.049613 -0.843594 36.590000
46.847130 12.857664 1.007912 -0.093593 0.043396 -0.794642 36.730000
46.954502 12.687318 1.007895 -0.062192 0.034458 -0.772173 36.865002
47.073940 12.522735 1.007881 -0.049379 0.024108 -0.789982 37.000000
47.216560 12.345177 1.007869 -0.043448 0.014794 -0.804943 37.150002
47.361984 12.178741 1.007859 -0.026317 0.011412 -0.815478 37.294998
47.501400 12.026805 1.007853 0.007963 0.008771 -0.839110 37.430000
47.638321 11.876528 1.007846 -0.005744 0.169236 -0.866750 37.560001
47.777760 11.722556 1.007842 -0.002311 0.128828 -0.864629 37.680000
47.914604 11.570508 1.007840 0.082975 0.001807 -0.960455 37.790001
48.043114 11.415239 1.007837 0.120163 -0.093284 -1.121256 37.900002
48.162975 11.250370 1.007834 0.112548 -0.051142 -1.194302 38.020000
48.272446 11.073793 1.007831 0.113436 -0.008778 -1.267101 38.150002
48.369389 10.880637 1.007829 0.105279 0.013118 -1.341031 38.290001
48.449272 10.675297 1.007829 0.090816 0.020379 -1.411244 38.435001
48.507175 10.479650 1.007829 0.080275 0.021790 -1.476865 38.570000
48.551212 10.280736 1.007829 0.038956 0.019590 -1.515696 38.705002
48.586056 10.079716 1.007829 0.017440 0.017669 -1.522819 38.840000
48.612843 9.881162 1.007829 0.067842 0.171436 -1.588436 38.970001
48.630787 9.677972 1.007829 -0.012140 0.139028 -1.570085 39.090000
48.648121 9.476370 1.007829 -0.007099 0.090080 -1.556792 39.200001
48.667984 9.246864 1.007829 0.006061 0.054668 -1.545447 39.320000
48.686424 9.022030 1.007829 0.012834 0.037842 -1.536900 39.435001
48.702690 8.804675 1.007829 0.013948 0.029643 -1.530395 39.544998
48.716816 8.596090 1.007829 0.011589 0.024916 -1.525435 39.650002
48.729836 8.386950 1.007829 0.007528 0.022208 -1.521442 39.755001
48.739613 8.181251 1.007829 0.085382 -0.132612 -1.680390 39.860001
48.740482 7.948097 1.007829 0.110492 -0.089754 -1.785990 39.990002
48.726330 7.743954 1.007829 0.124641 -0.027271 -1.897452 40.115002
48.693905 7.544314 1.007829 0.103665 0.006512 -1.962041 40.244999
48.639172 7.330293 1.007829 0.080822 0.017085 -2.018151 40.389999
48.573334 7.136825 1.007829 0.077656 0.020409 -2.089840 40.525002
48.494095 6.948829 1.007829 0.066761 0.020427 -2.156722 40.660000
48.403294 6.766104 1.007829 0.059948 0.019393 -2.221152 40.794998
48.302597 6.588510 1.007829 0.043750 0.018605 -2.260793 40.930000
48.194462 6.413945 1.007829 -0.008382 0.125174 -2.257353 41.064999
48.083740 6.240227 1.007829 -0.003342 0.157808 -2.238756 41.189999
47.969822 6.065247 1.007829 0.011893 0.101758 -2.225407 41.305000
47.858257 5.898340 1.007829 0.016778 0.064327 -2.215696 41.410000
47.741821 5.728440 1.007829 0.014692 0.040253 -2.207989 41.514999
47.610783 5.541159 1.007829 0.008013 0.026281 -2.201259 41.630001
47.471989 5.345261 1.007829 -0.000635 0.019957 -2.195766 41.750000
47.355808 5.181658 1.007829 -0.006340 0.017700 -2.192116 41.849998
47.239811 5.017611 1.007829 -0.009920 0.016029 -2.189188 41.950001
47.124134 4.853198 1.007829 0.043789 0.015880 -2.225789 42.049999
47.005535 4.691004 1.007829 0.015115 0.015792 -2.269818 42.150002
46.884804 4.530466 1.007829 0.058248 0.017020 -2.312171 42.250000
46.759853 4.373592 1.007829 0.089777 0.019039 -2.399671 42.349998
46.621574 4.215810 1.007829 0.104262 0.024443 -2.488443 42.455002
46.475517 4.066257 1.007829 0.053511 0.025105 -2.526494 42.560001
46.323891 3.924107 1.007829 0.120538 -0.019488 -2.604246 42.665001
46.161510 3.789364 1.007829 0.140058 -0.006104 -2.684632 42.775002
45.985031 3.665017 1.007829 0.080764 0.069732 -2.721590 42.889999
45.814465 3.558349 1.007829 0.042311 0.059122 -2.702459 42.994999
45.637661 3.453846 1.007829 0.033454 0.042652 -2.686981 43.099998
45.456768 3.351120 1.007829 0.024276 0.030374 -2.674540 43.205002
45.274742 3.247728 1.007829 -0.068987 0.018869 -2.558022 43.310001
45.096485 3.137901 1.007829 -0.087231 0.020171 -2.451891 43.415001
44.924137 3.019884 1.007829 -0.102554 0.026012 -2.355384 43.520000
44.743862 2.880081 1.007829 -0.117963 0.032923 -2.259475 43.634998
44.588612 2.741954 1.007829 -0.128281 0.037919 -2.179609 43.740002
44.437138 2.586044 1.007829 -0.141883 0.042196 -2.097777 43.849998
44.304813 2.426482 1.007829 -0.147115 0.043946 -2.022466 43.955002
44.185204 2.257201 1.007829 -0.086531 0.040711 -1.989735 44.060001
44.073769 2.081276 1.007829 -0.062277 0.034495 -2.003253 44.165001
43.967632 1.900748 1.007829 -0.060477 0.026504 -2.014110 44.270000
43.871273 1.725383 1.007829 -0.050142 0.022058 -2.022482 44.369999
43.777901 1.548019 1.007829 0.037782 0.016002 -2.102330 44.470001
43.681423 1.372544 1.007829 0.068715 0.016312 -2.204486 44.570000
43.563099 1.175967 1.007829 0.086222 0.023021 -2.304188 44.685001
43.446682 1.002755 1.007829 0.106593 0.030242 -2.388736 44.790001
43.320702 0.837208 1.007829 0.126297 0.037141 -2.468192 44.895000
43.183937 0.681158 1.007829 0.139750 0.042031 -2.542685 45.000000
43.035748 0.536405 1.007829 0.154201 0.045581 -2.620044 45.105000
42.876179 0.404626 1.007829 0.158195 0.046722 -2.694846 45.209999
42.707043 0.284636 1.007829 0.074158 0.039558 -2.684912 45.314999
42.514950 0.160600 1.007829 0.097226 0.031059 -2.689743 45.430000
42.333694 0.055502 1.007829 0.060705 0.025742 -2.702813 45.535000
42.131031 -0.053463 1.007829 0.023867 0.020494 -2.688556 45.650002
41.953541 -0.145966 1.007829 0.072769 -0.061595 -2.761616 45.750000
41.773109 -0.234337 1.036529 0.080338 -0.136278 -2.848821 45.855000
41.588966 -0.315579 1.034431 0.099062 -0.076167 -2.955038 45.970001
41.398438 -0.387015 1.032507 0.094592 -0.023831 -3.018716 46.095001
41.181835 -0.451003 1.030689 0.090413 0.005949 -3.087702 46.240002
40.980434 -0.493640 1.029323 0.087229 0.017971 3.131982 46.375000
40.755566 -0.522875 1.028108 0.078964 0.021898 3.061552 46.525002
40.552334 -0.534868 1.027235 0.064336 0.022017 3.019144 46.660000
40.348568 -0.536107 1.026527 0.020632 0.018688 3.008389 46.794998
40.144112 -0.532240 1.025950 0.012518 0.055694 3.023523 46.930000
39.936569 -0.524806 1.025498 0.014652 0.169135 3.034538 47.060001
39.733406 -0.513854 1.025169 0.018653 0.116842 3.042065 47.174999
39.517620 -0.499055 1.024892 0.014878 0.071584 3.048013 47.290001
39.314583 -0.483130 1.024680 0.007214 0.046786 3.052278 47.395000
39.108635 -0.465997 1.024500 0.000378 0.034217 3.055740 47.500000
38.871433 -0.446077 1.024326 -0.006182 0.027135 3.058876 47.619999
38.653046 -0.428297 1.024191 -0.009372 0.023883 3.061171 47.730000
38.414230 -0.409904 1.024068 -0.009620 0.022009 3.063125 47.849998
38.204987 -0.394714 1.023979 -0.007935 0.020726 3.064472 47.955002
37.995613 -0.380179 1.023902 -0.005092 0.020600 3.065555 48.060001
37.786148 -0.366011 1.023836 -0.002292 0.020368 3.066432 48.165001
37.576664 -0.351919 1.023781 0.000055 0.020366 3.067132 48.270000
37.357204 -0.336981 1.023731 0.001416 0.020266 3.067715 48.380001
37.147728 -0.322417 1.023692 0.001635 0.020188 3.068162 48.485001
36.938324 -0.307537 1.023658 0.001117 0.020474 3.068521 48.590000
36.728920 -0.292392 1.023629 0.000145 0.020428 3.068811 48.695000
36.519516 -0.277085 1.023604 -0.000860 0.020304 3.069043 48.799999
36.310112 -0.261730 1.023583 -0.001761 0.020470 3.069228 48.904999
36.100708 -0.246416 1.023565 -0.002244 0.020702 3.069378 49.009998
35.861378 -0.229076 1.023548 -0.035298 0.019816 3.089322 49.130001
35.651894 -0.217204 1.023536 -0.010319 0.019906 3.123944 49.235001
35.442410 -0.206844 1.023525 0.014803 0.020232 3.115665 49.340000
35.232925 -0.195001 1.023516 0.015487 0.020299 3.109001 49.445000
35.023521 -0.181530 1.023509 0.009439 0.020294 3.103683 49.549999
34.814117 -0.167030 1.023502 0.003019 0.020317 3.099341 49.654999
34.604713 -0.152202 1.023497 -0.003500 0.020577 3.095906 49.759998
34.395237 -0.139511 1.023492 -0.024151 0.020435 3.138625 49.865002
34.185719 -0.129753 1.023488 -0.021201 0.021300 3.140088 49.970001
33.976200 -0.123525 1.023485 -0.033650 0.022341 -3.105574 50.075001
33.746655 -0.121365 1.023482 -0.031836 0.022517 -3.105911 50.189999
33.536957 -0.123090 1.023480 -0.032769 0.021792 -3.106158 50.294998
33.327240 -0.128386 1.023477 -0.027686 0.020694 -3.106355 50.400002
33.117596 -0.136675 1.023475 -0.017304 0.020706 -3.106515 50.505001
32.888035 -0.147902 1.023472 -0.004745 0.020646 -3.106653 50.619999
32.678471 -0.158798 1.023472 0.004597 0.020422 -3.106752 50.724998
32.458878 -0.169735 1.023472 0.010932 0.020604 -3.106837 50.834999
32.249207 -0.179066 1.023472 0.013013 0.019974 -3.106900 50.939999
32.039482 -0.187100 1.023472 0.011593 0.020124 -3.106950 51.044998
31.829765 -0.193986 1.023472 0.008038 0.020319 -3.106993 51.150002
31.620031 -0.200116 1.023472 0.003668 0.020419 -3.107026 51.255001
31.410267 -0.205971 1.023472 -0.000427 0.020695 -3.107052 51.360001
31.200502 -0.211951 1.023472 -0.002893 0.020368 -3.107074 51.465000
30.990723 -0.218316 1.023472 -0.003920 0.020316 -3.107091 51.570000
30.780918 -0.225166 1.023472 -0.003532 0.020253 -3.107106 51.674999
30.561136 -0.232814 1.023472 -0.002247 0.019584 -3.107116 51.785000
30.351408 -0.240428 1.023472 -0.000491 0.020458 -3.107126 51.889999
30.141684 -0.248166 1.023472 0.001006 0.020680 -3.107132 51.994999
29.931932 -0.255871 1.023472 0.001978 0.020677 -3.107137 52.099998
29.722136 -0.263438 1.023472 0.002406 0.019732 -3.107142 52.205002
29.512371 -0.270823 1.023472 0.002251 0.020486 -3.107147 52.310001
29.262663 -0.279399 1.023472 0.001760 0.019994 -3.107150 52.435001
29.052938 -0.286475 1.023472 0.001108 0.020891 -3.107150 52.540001
28.833227 -0.293842 1.023472 0.000509 0.020776 -3.107150 52.650002
28.623449 -0.300893 1.023472 0.000155 0.020664 -3.107150 52.755001
28.413656 -0.308000 1.023472 0.000040 0.020529 -3.107150 52.860001
28.203854 -0.315174 1.023472 0.000101 0.020085 -3.107150 52.965000
27.994049 -0.322409 1.023472 0.000281 0.020116 -3.107150 53.070000
27.784245 -0.329686 1.023472 0.000491 0.020361 -3.107150 53.174999
27.554455 -0.337678 1.023472 0.000718 0.020364 -3.107150 53.290001
27.344624 -0.344972 1.023472 0.000850 0.020410 -3.107150 53.395000
27.134794 -0.352247 1.023472 0.000905 0.020449 -3.107150 53.500000
26.885015 -0.360875 1.023472 0.000899 0.020083 -3.107150 53.625000
26.675215 -0.368096 1.023472 0.000808 0.020662 -3.107150 53.730000
26.435450 -0.376331 1.023472 0.000721 0.020480 -3.107150 53.849998
26.225649 -0.383532 1.023472 0.000644 0.020658 -3.107150 53.955002
26.015814 -0.390737 1.023472 0.000601 0.020620 -3.107150 54.060001
25.805996 -0.397948 1.023472 0.000602 0.020139 -3.107150 54.165001
25.596226 -0.405165 1.023472 0.000595 0.020526 -3.107150 54.270000
25.356497 -0.413421 1.023472 0.000640 0.019784 -3.107150 54.389999
25.116812 -0.421683 1.023472 0.000656 0.020246 -3.107150 54.509998
24.897100 -0.429259 1.023472 0.000670 0.020598 -3.107150 54.619999
24.677370 -0.436837 1.023472 0.000680 0.020839 -3.107150 54.730000
24.467594 -0.444070 1.023472 0.000695 0.020666 -3.107150 54.834999
24.257792 -0.451302 1.023472 0.000702 0.020549 -3.107150 54.939999
24.037994 -0.458875 1.023472 0.000698 0.020545 -3.107150 55.049999
23.828182 -0.466101 1.023472 0.000703 0.020109 -3.107150 55.154999
23.618378 -0.473324 1.023472 0.000675 0.020623 -3.107150 55.259998
23.408573 -0.480548 1.023472 0.000684 0.020020 -3.107150 55.365002
23.198769 -0.487773 1.023472 0.000672 0.020276 -3.107150 55.470001
22.988964 -0.494999 1.023472 0.000673 0.020229 -3.107150 55.575001
22.779139 -0.502226 1.023472 0.000671 0.020369 -3.107152 55.680000
22.569294 -0.509455 1.023472 0.000673 0.020520 -3.107152 55.785000
22.359430 -0.516686 1.023472 0.000690 0.020147 -3.107153 55.889999
22.149586 -0.523915 1.023472 0.000677 0.020510 -3.107153 55.994999
21.939741 -0.531143 1.023472 0.000687 0.020147 -3.107154 56.099998
21.729925 -0.538369 1.023472 0.000702 0.019782 -3.107156 56.205002
21.490191 -0.546623 1.023472 0.000685 0.020258 -3.107156 56.325001
21.280426 -0.553845 1.023472 0.000654 0.020886 -3.107157 56.430000
21.070621 -0.561068 1.023472 0.000663 0.020679 -3.107157 56.535000
20.860813 -0.568294 1.023472 0.000649 0.020859 -3.107160 56.639999
20.650969 -0.575522 1.023472 0.000668 0.020480 -3.107160 56.744999
20.441124 -0.582752 1.023472 0.000690 0.020062 -3.107162 56.849998
20.231302 -0.589979 1.023472 0.000703 0.020085 -3.107162 56.955002
20.021532 -0.597201 1.023472 0.000689 0.020249 -3.107162 57.060001
19.811768 -0.604422 1.023472 0.000685 0.020178 -3.107162 57.165001
19.601984 -0.611644 1.023472 0.000672 0.020428 -3.107164 57.270000
19.392168 -0.618869 1.023472 0.000673 0.020499 -3.107164 57.375000
19.172323 -0.626440 1.023472 0.000673 0.020650 -3.107167 57.485001
18.972433 -0.633325 1.023472 0.000702 0.019838 -3.107167 57.584999
18.762581 -0.640551 1.023472 0.000699 0.020000 -3.107167 57.689999
18.553686 -0.647004 1.023472 0.088574 -0.099188 3.048679 57.794998
18.348150 -0.646357 1.023472 0.102469 -0.119413 2.934652 57.904999
18.119572 -0.632567 1.023472 0.112387 -0.048253 2.841256 58.040001
17.907856 -0.602078 1.023472 0.109042 -0.005137 2.766603 58.174999
17.706415 -0.553969 1.023472 0.098222 0.014315 2.694015 58.310001
17.505150 -0.486634 1.023472 0.065037 0.018440 2.634786 58.450001
17.316227 -0.408895 1.023472 0.063114 0.019939 2.582864 58.584999
17.117819 -0.314454 1.023472 0.014405 0.015333 2.570583 58.730000
16.938755 -0.224530 1.023472 -0.004096 0.163732 2.585642 58.860001
16.757622 -0.131267 1.023472 0.007570 0.140995 2.596309 58.980000
16.578720 -0.036387 1.023472 0.014238 0.088919 2.604022 59.090000
16.401705 0.060170 1.023472 0.013612 0.056450 2.609927 59.195000
16.221701 0.160603 1.023472 0.009089 0.037449 2.614693 59.299999
16.040258 0.263379 1.023472 0.002440 0.026864 2.618542 59.404999
15.858023 0.367284 1.023472 -0.004356 0.021857 2.621605 59.509998
15.683898 0.466451 1.023472 -0.008623 0.018387 2.623972 59.610001
15.509282 0.565300 1.023472 -0.010697 0.017578 2.625870 59.709999
15.316679 0.673387 1.023472 -0.010732 0.016220 2.627548 59.820000
15.123630 0.780766 1.023472 -0.008471 0.016795 2.628899 59.930000
14.947825 0.877973 1.023472 -0.005997 0.016777 2.629883 60.029999
14.763057 0.979852 1.023472 -0.003737 0.016503 2.630721 60.134998
14.587047 1.076882 1.023472 -0.002018 0.016423 2.631363 60.235001
14.411087 1.174050 1.023472 -0.001090 0.016456 2.631882 60.334999
14.235231 1.271422 1.023472 -0.000982 0.016010 2.632304 60.435001
14.059496 1.368997 1.023472 -0.001359 0.016078 2.632647 60.535000
13.883856 1.466745 1.023472 -0.002072 0.016028 2.632928 60.634998
13.708289 1.564595 1.023472 -0.002855 0.016108 2.633155 60.735001
13.532746 1.662489 1.023472 -0.003541 0.016179 2.633340 60.834999
13.357180 1.760377 1.023472 -0.003977 0.016470 2.633492 60.935001
13.181554 1.858234 1.023472 -0.004287 0.015942 2.633613 61.035000
12.980591 1.972252 1.023472 0.050233 0.014459 2.555074 61.150002
12.808539 2.075431 1.023472 0.043141 0.016884 2.538009 61.250000
12.639711 2.183259 1.023472 0.110707 0.017837 2.433620 61.349998
12.469709 2.305619 1.023472 0.064481 0.024181 2.379700 61.455002
12.304487 2.434522 1.023472 0.040372 0.025105 2.385706 61.560001
12.149505 2.561256 1.023472 0.043483 0.021224 2.390307 61.660000
11.997042 2.691663 1.023472 0.040660 0.018986 2.394061 61.759998
11.847203 2.825479 1.023472 0.087669 0.016133 2.354813 61.860001
11.701232 2.963567 1.023472 0.026206 0.016953 2.358564 61.959999
11.557057 3.103752 1.023472 0.008623 0.016164 2.361631 62.060001
11.413408 3.244657 1.023472 0.000842 0.015465 2.364133 62.160000
11.269768 3.385666 1.023472 -0.003949 0.014427 2.366154 62.259998
11.126165 3.526697 1.023472 0.055602 0.013925 2.318768 62.360001
10.986237 3.670956 1.023472 0.079963 0.015380 2.226585 62.459999
10.852500 3.820122 1.023472 0.058472 0.018139 2.154287 62.560001
10.718389 3.981559 1.023472 0.076754 0.024462 2.087941 62.665001
10.590317 4.147617 1.023472 0.024735 0.022808 2.070956 62.770000
10.466505 4.317024 1.023472 0.092605 0.027732 2.003032 62.875000
10.350199 4.491321 1.023472 0.069283 0.027355 1.974854 62.980000
10.235988 4.678628 1.023472 0.056687 0.028367 1.945310 63.090000
10.132971 4.861247 1.023472 0.098296 0.026558 1.927102 63.195000
10.038812 5.048293 1.023472 0.082735 0.028321 1.893914 63.299999
9.953174 5.239429 1.023472 0.108866 0.026187 1.871660 63.404999
9.875916 5.434228 1.023472 0.053702 0.024259 1.872509 63.509998
9.802977 5.641473 1.023472 0.051062 0.022831 1.832311 63.619999
9.738830 5.841328 1.023472 0.056291 0.022421 1.818932 63.724998
9.680365 6.042947 1.023472 0.091625 0.022862 1.731929 63.830002
9.629246 6.246246 1.023472 -0.000863 0.020308 1.734702 63.935001
9.578425 6.449747 1.023472 -0.014311 0.019501 1.749375 64.040001
9.527958 6.653394 1.023472 0.024498 0.020599 1.706394 64.144997
9.480166 6.857622 1.023472 0.016914 0.022456 1.715045 64.250000
9.434140 7.062437 1.023472 0.027620 0.022298 1.722003 64.355003
9.392791 7.258170 1.023472 0.032531 0.021818 1.727422 64.455002
9.354301 7.454554 1.023472 0.030865 0.020324 1.731777 64.555000
9.318505 7.651465 1.023472 0.056779 0.019696 1.716121 64.654999
9.286180 7.848922 1.023472 0.036889 0.019214 1.705073 64.754997
9.257367 8.056762 1.023472 0.091944 0.020293 1.602712 64.860001
9.238175 8.264955 1.023472 0.095063 0.024333 1.509074 64.964996
9.226757 8.473265 1.023472 0.014944 0.025197 1.519386 65.070000
9.217689 8.682021 1.023472 0.020862 0.025349 1.527734 65.175003
9.210620 8.911159 1.023472 0.032093 0.024279 1.534997 65.290001
9.207813 9.120680 1.023472 0.032913 0.022801 1.540312 65.394997
9.208575 9.330347 1.023472 0.026029 0.021850 1.544573 65.500000
9.212160 9.540081 1.023472 0.015187 0.021059 1.548017 65.605003
9.217387 9.749844 1.023472 0.003021 0.020893 1.550773 65.709999
9.223748 9.989620 1.023472 -0.006979 0.020561 1.553274 65.830002
9.228597 10.199465 1.023472 -0.011778 0.020673 1.555018 65.934998
9.232231 10.409368 1.023472 -0.012806 0.020179 1.556411 66.040001
9.234624 10.629260 1.023472 -0.010485 0.020040 1.557583 66.150002
9.235819 10.839142 1.023472 -0.006136 0.020451 1.558468 66.254997
9.236408 11.049045 1.023472 -0.001893 0.020581 1.559183 66.360001
9.236848 11.258976 1.023472 0.001720 0.020847 1.559756 66.464996
9.237504 11.468951 1.023472 0.003817 0.020200 1.560214 66.570000
9.238651 11.688890 1.023472 0.004321 0.020267 1.560598 66.680000
9.240413 11.918799 1.023472 0.003537 0.020214 1.560919 66.794998
9.242436 12.128714 1.023472 0.002192 0.019926 1.561155 66.900002
9.244702 12.338606 1.023472 0.000481 0.020455 1.561342 67.004997
9.247039 12.548493 1.023472 -0.000832 0.020694 1.561491 67.110001
9.249512 12.778389 1.023472 -0.001682 0.020510 1.561620 67.224998
9.251700 12.998303 1.023472 -0.001874 0.020215 1.561718 67.334999
9.253608 13.208216 1.023472 -0.001622 0.019992 1.561792 67.440002
9.255363 13.418093 1.023472 -0.001101 0.019733 1.561854 67.544998
9.257195 13.627917 1.023472 0.049296 0.019554 1.527335 67.650002
9.264113 13.837334 1.023472 0.088294 0.020587 1.423082 67.754997
9.280576 14.045477 1.023472 0.088304 0.025418 1.333325 67.860001
9.307069 14.251893 1.023472 0.094335 0.029664 1.247785 67.964996
9.344475 14.455956 1.023472 0.112841 0.035812 1.162741 68.070000
9.393929 14.656975 1.023472 0.056705 0.037116 1.136380 68.175003
9.460176 14.885098 1.023472 0.055832 0.034069 1.149676 68.294998
9.535354 15.111734 1.023472 0.061442 0.027277 1.160116 68.415001
9.615814 15.326715 1.023472 0.048595 0.023036 1.167978 68.529999
9.691133 15.512027 1.023472 0.029921 0.020226 1.173428 68.629997
9.769496 15.696389 1.023472 0.007379 0.019273 1.177819 68.730003
9.852855 15.889733 1.023472 -0.010510 0.018059 1.181563 68.834999
9.931647 16.074203 1.023472 -0.021637 0.018042 1.184470 68.934998
10.009941 16.269438 1.023472 -0.114154 0.016688 1.298899 69.040001
10.079878 16.477240 1.023472 -0.121594 0.023865 1.402415 69.150002
10.133709 16.678476 1.023472 -0.118603 0.030484 1.490338 69.254997
10.174682 16.882030 1.023472 -0.121413 0.035609 1.574371 69.360001
10.204726 17.087423 1.023472 -0.098490 0.036519 1.600729 69.464996
10.227142 17.294325 1.023472 -0.038167 0.031527 1.585727 69.570000
10.243996 17.502373 1.023472 -0.029528 0.027436 1.599820 69.675003
10.256980 17.721111 1.023472 -0.078738 0.028104 1.636770 69.785004
10.261226 17.930147 1.023472 -0.089820 0.028083 1.712480 69.889999
10.254577 18.158508 1.023472 -0.033953 0.026961 1.757228 70.004997
10.242862 18.376841 1.023472 -0.002103 0.024557 1.738890 70.114998
10.229461 18.605534 1.023472 -0.013551 0.024655 1.723767 70.230003
10.214379 18.814400 1.023472 -0.060451 0.025086 1.759569 70.334999
10.193191 19.022703 1.023472 -0.037717 0.024751 1.753304 70.440002
10.167427 19.230682 1.023472 -0.036612 0.023761 1.748142 70.544998
10.137428 19.438303 1.023472 -0.030684 0.021810 1.744025 70.650002
10.103896 19.645529 1.023472 -0.019783 0.020977 1.740677 70.754997
10.069759 19.842617 1.023472 -0.008035 0.020268 1.738097 70.855003
10.034685 20.039585 1.023472 0.003573 0.019752 1.736008 70.955002
9.999770 20.236609 1.023472 0.012493 0.020382 1.734331 71.055000
9.965810 20.433828 1.023472 0.016327 0.019689 1.732970 71.154999
9.933158 20.631248 1.023472 0.016220 0.019522 1.731855 71.254997
9.901792 20.828852 1.023472 0.013409 0.019513 1.730949 71.355003
9.871421 21.026594 1.023472 0.009054 0.019961 1.730207 71.455002
9.841623 21.224421 1.023472 0.004382 0.019684 1.729610 71.555000
9.811963 21.422251 1.023472 0.000581 0.020036 1.729124 71.654999
9.782080 21.620066 1.023472 -0.001805 0.019806 1.728733 71.754997
9.751771 21.817804 1.023472 -0.002584 0.020052 1.728409 71.855003
9.720966 22.015469 1.023472 -0.002025 0.019377 1.728146 71.955002
9.689734 22.213047 1.023472 -0.000547 0.020114 1.727937 72.055000
9.658204 22.410585 1.023472 0.001200 0.020184 1.727769 72.154999
9.626539 22.608137 1.023472 0.002775 0.020164 1.727630 72.254997
9.594893 22.805737 1.023472 0.003852 0.019957 1.727520 72.355003
9.563371 23.003338 1.023472 0.004363 0.019980 1.727429 72.455002
9.532017 23.200977 1.023472 0.004441 0.019660 1.727357 72.555000
9.500842 23.398617 1.023472 0.004052 0.019864 1.727294 72.654999
9.469807 23.596256 1.023472 0.003448 0.020013 1.727246 72.754997
9.439099 23.793938 1.023472 0.059253 0.017658 1.683880 72.855003
9.412589 24.001841 1.023472 0.096639 0.020352 1.577870 72.959999
9.396443 24.209929 1.023472 0.102663 0.026593 1.482871 73.065002
9.391508 24.417789 1.023472 0.093942 0.031331 1.403961 73.169998
9.395991 24.625469 1.023472 0.092253 0.035117 1.368652 73.275002
9.411272 24.842613 1.023472 0.050313 0.033101 1.333374 73.385002
9.433931 25.059649 1.023472 0.028688 0.029027 1.348892 73.495003
9.459480 25.267042 1.023472 0.033164 0.027018 1.360794 73.599998
9.489059 25.474365 1.023472 0.032365 0.023423 1.370241 73.705002
9.528223 25.710756 1.023472 0.092816 0.022393 1.314967 73.824997
9.570742 25.915903 1.023472 0.019104 0.022057 1.305569 73.930000
9.622778 26.149824 1.023472 -0.002711 0.020947 1.315362 74.050003
9.668643 26.354658 1.023472 -0.004925 0.020313 1.322199 74.154999
9.712265 26.549881 1.023472 -0.004478 0.020526 1.327437 74.254997
9.755846 26.745222 1.023472 -0.003902 0.019083 1.331705 74.355003
9.799411 26.940573 1.023472 -0.003201 0.019069 1.335153 74.455002
9.843016 27.135923 1.023472 -0.002755 0.019717 1.337961 74.555000
9.886701 27.331274 1.023472 -0.002591 0.019853 1.340244 74.654999
9.930475 27.526625 1.023472 -0.002708 0.019427 1.342090 74.754997
9.974322 27.721968 1.023472 -0.002881 0.019557 1.343601 74.855003
10.018221 27.917297 1.023472 -0.003205 0.019305 1.344822 74.955002
10.062140 28.112623 1.023472 -0.003403 0.019456 1.345815 75.055000
10.106058 28.307974 1.023472 -0.003624 0.019475 1.346620 75.154999
10.149946 28.503325 1.023472 -0.003653 0.019225 1.347276 75.254997
10.193802 28.698675 1.023472 -0.003562 0.019511 1.347814 75.355003
10.237636 28.894049 1.023472 -0.003492 0.019366 1.348242 75.455002
10.281460 29.089437 1.023472 -0.003509 0.018814 1.348592 75.555000
10.325262 29.284803 1.023472 -0.003330 0.019385 1.348874 75.654999
10.369060 29.480169 1.023472 -0.003229 0.019592 1.349103 75.754997
10.411027 29.675835 1.023472 -0.086267 0.017642 1.443857 75.855003
10.446745 29.882168 1.023472 -0.068045 0.021339 1.524905 75.959999
10.473840 30.089207 1.023472 -0.073291 0.027585 1.591585 76.065002
10.495086 30.296886 1.023472 0.002689 0.023623 1.574168 76.169998
10.519037 30.534763 1.023472 -0.003303 0.023749 1.558512 76.290001
10.539598 30.743353 1.023472 -0.014824 0.023499 1.547549 76.394997
10.558599 30.952320 1.023472 -0.021620 0.022120 1.538840 76.500000
10.575379 31.161581 1.023472 -0.021453 0.021269 1.531917 76.605003
10.591889 31.400959 1.023472 -0.015829 0.020741 1.525612 76.724998
10.604605 31.610535 1.023472 -0.009107 0.019930 1.521231 76.830002
10.616503 31.820139 1.023472 -0.002074 0.019878 1.517693 76.934998
10.628317 32.029720 1.023472 0.003518 0.020216 1.514862 77.040001
10.640623 32.239254 1.023472 0.006486 0.019815 1.512569 77.144997
10.653731 32.448715 1.023472 0.006845 0.020112 1.510751 77.250000
10.667672 32.658119 1.023472 0.004935 0.020932 1.509297 77.355003
10.682261 32.867523 1.023472 0.002582 0.020149 1.508111 77.459999
10.697230 33.076916 1.023472 -0.000239 0.020307 1.507167 77.565002
10.712281 33.286274 1.023472 -0.002594 0.020949 1.506414 77.669998
10.727675 33.505650 1.023472 -0.031522 0.019346 1.530630 77.779999
10.740942 33.735077 1.023472 -0.026485 0.020525 1.537323 77.894997
10.750093 33.944679 1.023472 -0.032143 0.020818 1.542247 78.000000
10.756081 34.164433 1.023472 -0.031173 0.020867 1.546328 78.110001
10.758567 34.414288 1.023472 -0.023290 0.019467 1.549985 78.235001
10.757978 34.624134 1.023472 -0.012229 0.019462 1.552402 78.339996
10.756116 34.843929 1.023472 -0.000109 0.020662 1.554416 78.449997
10.754377 35.053734 1.023472 0.007914 0.020536 1.555953 78.555000
10.753534 35.263584 1.023472 0.012013 0.020237 1.557162 78.660004
10.753988 35.473400 1.023472 0.011460 0.020706 1.558143 78.764999
10.755686 35.683205 1.023472 0.008748 0.020193 1.558930 78.870003
10.758463 35.903000 1.023472 0.004220 0.020416 1.559594 78.980003
10.761602 36.112804 1.023472 0.000002 0.020836 1.560109 79.084999
10.764765 36.322620 1.023472 -0.003129 0.020646 1.560519 79.190002
10.767746 36.542450 1.023472 -0.004699 0.020007 1.560860 79.300003
10.770403 36.782227 1.023472 -0.004599 0.020595 1.561152 79.419998
10.772305 37.002068 1.023472 -0.003456 0.020033 1.561363 79.529999
10.773770 37.211884 1.023472 -0.001864 0.019827 1.561526 79.635002
10.775064 37.421688 1.023472 -0.000252 0.019898 1.561657 79.739998
10.776678 37.631477 1.023472 0.059344 0.020090 1.517359 79.845001
10.783846 37.840855 1.023472 0.029204 0.020973 1.461653 79.949997
10.795230 38.049915 1.023472 0.059228 0.022355 1.425248 80.055000
10.812516 38.258301 1.023472 0.030871 0.023116 1.379969 80.160004
10.834178 38.466263 1.023472 0.013734 0.023675 1.387981 80.264999
10.857949 38.674225 1.023472 0.021758 0.023945 1.394385 80.370003
10.887188 38.901928 1.023472 0.063784 0.022135 1.374897 80.485001
10.919729 39.108971 1.023472 0.029686 0.022401 1.359851 80.589996
10.956154 39.315479 1.023472 0.015359 0.021749 1.364873 80.695000
11.000258 39.551277 1.023472 0.008051 0.021318 1.369454 80.815002
11.044014 39.777203 1.023472 0.001565 0.019440 1.372851 80.930000
11.082564 39.973583 1.023472 -0.003399 0.019391 1.375231 81.029999
11.122993 40.179783 1.023472 -0.007142 0.019527 1.377243 81.135002
11.161027 40.376270 1.023472 -0.048059 0.018389 1.403913 81.235001
11.197158 40.583084 1.023472 -0.019994 0.019355 1.433080 81.339996
11.230950 40.790192 1.023472 -0.006362 0.020049 1.430661 81.445000
11.264210 40.997417 1.023472 -0.007026 0.020186 1.428726 81.550003
11.295855 41.204872 1.023472 -0.022062 0.020202 1.447614 81.654999
11.325207 41.412659 1.023472 -0.024217 0.020898 1.449291 81.760002
11.352196 41.620808 1.023472 -0.024676 0.019666 1.450647 81.864998
11.376841 41.829239 1.023472 -0.019698 0.019855 1.451731 81.970001
11.399641 42.037861 1.023472 -0.030862 0.019359 1.463502 82.074997
11.420216 42.266621 1.023472 -0.060431 0.020264 1.538725 82.190002
11.431943 42.475658 1.023472 -0.084232 0.022579 1.633742 82.294998
11.434457 42.684383 1.023472 -0.087648 0.026382 1.722560 82.400002
11.427350 42.892376 1.023472 -0.036058 0.028109 1.765762 82.504997
11.413752 43.120190 1.023472 -0.020825 0.028939 1.752421 82.620003
11.398250 43.328648 1.023472 -0.035336 0.026467 1.742867 82.724998
11.378555 43.537094 1.023472 -0.041897 0.024297 1.735170 82.830002
11.354100 43.745232 1.023472 -0.036955 0.022356 1.728975 82.934998
11.325370 43.952976 1.023472 -0.069536 0.021725 1.752298 83.040001
11.288775 44.169621 1.023472 -0.016420 0.020983 1.770142 83.150002
11.251253 44.376072 1.023472 0.006276 0.020425 1.763947 83.254997
11.214004 44.582668 1.023472 0.012760 0.019695 1.759005 83.360001
11.177735 44.789482 1.023472 0.013422 0.019247 1.755057 83.464996
11.142515 44.996490 1.023472 0.010773 0.019758 1.751870 83.570000
11.104841 45.223366 1.023472 0.006929 0.019123 1.749090 83.684998
11.069262 45.440475 1.023472 0.002873 0.019465 1.746996 83.794998
11.036916 45.637848 1.023472 0.000255 0.020606 1.745466 83.894997
11.001020 45.854958 1.023472 -0.000998 0.019575 1.744108 84.004997
10.967995 46.052265 1.023472 -0.000952 0.020324 1.743107 84.105003
10.935289 46.249622 1.023472 0.072919 0.016843 1.676105 84.205002
10.907076 46.457226 1.023472 0.031219 0.021481 1.635455 84.309998
10.881660 46.675121 1.023472 0.020878 0.023332 1.637317 84.419998
10.859650 46.883583 1.023472 0.026307 0.021983 1.638747 84.525002
10.840298 47.092442 1.023472 0.027420 0.021298 1.639898 84.629997
10.823690 47.301609 1.023472 0.023107 0.020284 1.640819 84.735001
10.809336 47.510967 1.023472 0.014582 0.020708 1.641561 84.839996
10.796328 47.720470 1.023472 0.005648 0.020603 1.642161 84.945000
10.783703 47.930035 1.023472 -0.001964 0.020526 1.642638 85.050003
10.770697 48.139599 1.023472 -0.006629 0.020137 1.643018 85.154999
10.756834 48.349098 1.023472 -0.008037 0.020522 1.643328 85.260002
10.741984 48.558537 1.023472 -0.006898 0.019882 1.643577 85.364998
10.726276 48.767925 1.023472 -0.004146 0.020318 1.643781 85.470001
10.710001 48.977249 1.023472 -0.000833 0.020360 1.643941 85.574997
10.693538 49.186573 1.023472 0.034594 0.019487 1.623203 85.680000
10.680746 49.395908 1.023472 0.024197 0.020268 1.570027 85.785004
10.670991 49.605255 1.023472 -0.002979 0.021214 1.577710 85.889999
10.661063 49.814690 1.023472 -0.002387 0.021300 1.583923 85.995003
10.650883 50.024216 1.023472 0.002406 0.021203 1.588898 86.099998
10.643133 50.233799 1.023472 0.033805 0.021250 1.533924 86.205002
10.638918 50.473301 1.023472 0.058237 0.022734 1.491505 86.324997
10.639635 50.682728 1.023472 -0.003163 0.021373 1.485752 86.430000
10.640805 50.892269 1.023472 -0.006477 0.021320 1.496144 86.535004
10.641620 51.101963 1.023472 0.005627 0.021690 1.504438 86.639999
10.643228 51.311787 1.023472 0.014275 0.021370 1.511140 86.745003
10.646516 51.521671 1.023472 0.017584 0.021644 1.516488 86.849998
10.651784 51.731556 1.023472 0.015955 0.021094 1.520846 86.955002
10.658815 51.941433 1.023472 0.010955 0.020139 1.524313 87.059998
10.667061 52.151237 1.023472 0.004630 0.020146 1.527123 87.165001
10.675839 52.361042 1.023472 -0.001417 0.020202 1.529370 87.269997
10.685782 52.590801 1.023472 0.058835 0.018860 1.478643 87.385002
10.700667 52.799835 1.023472 0.048801 0.021111 1.402359 87.489998
10.722460 53.007851 1.023472 0.084749 0.024522 1.328498 87.595001
10.753384 53.214153 1.023472 0.099099 0.028647 1.240432 87.699997
10.795311 53.417835 1.023472 0.105515 0.033046 1.159875 87.805000
10.856322 53.647125 1.023472 0.040658 0.033259 1.143912 87.925003
10.916299 53.846733 1.023472 0.045254 0.031430 1.154313 88.029999
10.981934 54.045414 1.023472 0.053048 0.027297 1.162679 88.135002
11.053651 54.242561 1.023472 0.048615 0.022844 1.169382 88.239998
11.126927 54.428795 1.023472 0.033397 0.020649 1.174518 88.339996
11.203651 54.613914 1.023472 0.016736 0.018810 1.178751 88.440002
11.282166 54.798416 1.023472 -0.001381 0.018397 1.182157 88.540001
11.368673 55.001404 1.023472 -0.016404 0.017924 1.185166 88.650002
11.446166 55.186470 1.023472 -0.023191 0.017570 1.187375 88.750000
11.521929 55.372253 1.023472 -0.024296 0.017216 1.189153 88.849998
11.595877 55.558750 1.023472 -0.020591 0.017215 1.190602 88.949997
11.668354 55.745796 1.023472 -0.014368 0.017619 1.191774 89.050003
11.739933 55.933186 1.023472 -0.007903 0.017559 1.192729 89.150002
11.811511 56.120567 1.023472 0.055719 0.017502 1.149637 89.250000
11.887947 56.305698 1.023472 0.083903 0.018788 1.059042 89.349998
11.976575 56.495686 1.023472 0.087693 0.022601 0.970344 89.455002
12.074187 56.680489 1.023472 0.096011 0.027281 0.886120 89.559998
12.180869 56.859695 1.023472 0.042732 0.029716 0.858166 89.665001
12.294425 57.035084 1.023472 0.046651 0.029616 0.839469 89.769997
12.413548 57.207642 1.023472 0.044055 0.026137 0.851765 89.875000
12.549429 57.393730 1.023472 0.045293 0.021405 0.862518 89.989998
12.670988 57.553509 1.023472 0.017452 0.016811 0.910393 90.089996
12.793107 57.713028 1.023472 -0.047171 0.014482 0.991442 90.190002
12.912807 57.874088 1.023472 -0.039276 0.015706 1.036990 90.290001
13.029282 58.037060 1.023472 -0.022543 0.018063 1.075086 90.389999
13.143557 58.201538 1.023472 -0.014303 0.020069 1.060925 90.489998
13.255617 58.367729 1.023472 -0.103704 0.022423 1.126104 90.589996
13.364212 58.547268 1.023472 -0.123295 0.026820 1.212285 90.695000
13.462619 58.731930 1.023472 -0.046713 0.026954 1.213890 90.800003
13.569390 58.946484 1.023472 -0.042279 0.024354 1.202400 90.919998
13.658214 59.136883 1.023472 -0.077760 0.022239 1.233371 91.025002
13.736866 59.320908 1.023472 -0.042110 0.021405 1.226545 91.125000
13.815637 59.515907 1.023472 -0.031038 0.019473 1.220734 91.230003
13.902439 59.740215 1.023472 -0.019082 0.019044 1.215432 91.349998
13.973260 59.927841 1.023472 -0.009625 0.018118 1.211917 91.449997
14.043631 60.115677 1.023472 -0.000851 0.017954 1.209088 91.550003
14.114301 60.303436 1.023472 0.004335 0.017888 1.206773 91.650002
14.185747 60.490917 1.023472 0.006729 0.017665 1.204903 91.750000
14.258152 60.678047 1.023472 0.006127 0.017356 1.203387 91.849998
14.330140 60.865242 1.023472 -0.072912 0.016279 1.282361 91.949997
14.398992 61.063595 1.023472 -0.059182 0.019293 1.359741 92.055000
14.461972 61.263416 1.023472 -0.069441 0.023628 1.393485 92.160004
14.520474 61.464558 1.023472 -0.018077 0.023435 1.386610 92.264999
14.576165 61.666725 1.023472 -0.082327 0.024440 1.432417 92.370003
14.628066 61.880096 1.023472 -0.036754 0.023904 1.425225 92.480003
14.673558 62.084881 1.023472 -0.039305 0.022905 1.419721 92.584999
14.717032 62.300457 1.023472 -0.039166 0.021421 1.415096 92.695000
14.752889 62.497223 1.023472 -0.031960 0.020940 1.411703 92.794998
14.785951 62.694530 1.023472 -0.021128 0.019686 1.408966 92.894997
14.817257 62.892128 1.023472 -0.008777 0.019765 1.406747 92.995003
14.847996 63.089806 1.023472 0.001368 0.020084 1.404937 93.095001
14.879141 63.287449 1.023472 0.007923 0.019712 1.403469 93.195000
14.911304 63.484905 1.023472 0.010485 0.019671 1.402282 93.294998
14.944726 63.682125 1.023472 0.009868 0.019009 1.401310 93.394997
14.979209 63.879143 1.023472 -0.038149 0.018785 1.431841 93.495003
15.012164 64.086311 1.023472 -0.020063 0.020334 1.478857 93.599998
15.042581 64.293739 1.023472 -0.004736 0.021244 1.474395 93.705002
15.073895 64.511230 1.023472 -0.013484 0.021389 1.470647 93.815002
15.106452 64.748833 1.023472 -0.020253 0.020741 1.467422 93.934998
15.132869 64.957039 1.023472 -0.020626 0.020668 1.465154 94.040001
15.158450 65.175438 1.023472 -0.016051 0.020443 1.463292 94.150002
15.181374 65.384117 1.023472 -0.009663 0.020588 1.461858 94.254997
15.203524 65.592880 1.023472 -0.003480 0.019806 1.460715 94.360001
15.225557 65.801643 1.023472 0.001364 0.019739 1.459790 94.464996
15.247965 66.010406 1.023472 0.004173 0.019909 1.459046 94.570000
15.269912 66.209229 1.023472 0.004720 0.020128 1.458473 94.669998
15.293646 66.417831 1.023472 0.003663 0.020020 1.457984 94.775002
15.319133 66.636368 1.023472 0.001348 0.020493 1.457571 94.885002
15.345014 66.854904 1.023472 -0.001083 0.020236 1.457245 94.995003
15.368642 67.053574 1.023472 -0.002889 0.019759 1.457003 95.095001
15.392180 67.252243 1.023472 -0.004033 0.020276 1.456809 95.195000
15.415524 67.450912 1.023472 -0.004488 0.020003 1.456652 95.294998
15.438631 67.649582 1.023472 -0.004258 0.020049 1.456524 95.394997
15.462660 67.858185 1.023472 -0.003652 0.019568 1.456417 95.500000
15.487905 68.063774 1.041682 0.067175 -0.127996 1.327447 95.605003
15.518546 68.262543 1.042778 0.087015 -0.110877 1.236574 95.714996
15.556783 68.460907 1.042160 0.046619 -0.053476 1.245766 95.834999
15.602842 68.663399 1.041605 0.064846 -0.018815 1.240619 95.964996
15.657976 68.857338 1.041151 0.051351 0.000770 1.186952 96.095001
15.724499 69.053085 1.047925 0.080138 0.008101 1.133785 96.230003
15.803584 69.242424 1.047737 0.089297 0.013682 1.010092 96.364998
15.896935 69.423843 1.034845 0.077490 0.018266 0.897073 96.500000
16.004486 69.598999 1.034911 0.088516 0.152943 0.790134 96.635002
16.126535 69.763474 1.034961 0.082257 0.078818 0.686873 96.760002
16.274069 69.932335 1.035004 0.137762 0.044709 0.523315 96.889999
16.423349 70.073524 1.035037 0.144657 -0.038399 0.347817 97.010002
16.581371 70.196716 1.035065 0.160871 0.005026 0.246355 97.135002
16.758286 70.303970 1.035090 0.181164 0.035534 0.171122 97.269997
16.944750 70.381805 1.035111 0.121790 0.041582 0.094364 97.404999
17.138401 70.439987 1.035127 0.040390 0.028033 0.123175 97.540001
17.335943 70.490860 1.035140 0.028333 0.019258 0.146632 97.675003
17.535627 70.537094 1.035150 0.020194 0.014421 0.164534 97.809998
17.736620 70.578964 1.035160 0.061780 0.014952 0.102933 97.945000
17.939138 70.611649 1.035167 0.029839 0.013017 0.046045 98.080002
18.157261 70.641037 1.035173 -0.010675 0.011167 0.042764 98.224998
18.360338 70.668274 1.035177 0.010270 0.012849 0.021102 98.360001
18.563732 70.693428 1.035180 0.013626 0.013442 0.032132 98.495003
18.767523 70.716141 1.035184 0.021725 0.013290 0.040531 98.629997
18.971750 70.735153 1.035187 0.022340 0.012705 0.046907 98.764999
19.176350 70.749352 1.035190 0.061989 0.012974 -0.014429 98.900002
19.380571 70.751823 1.035190 0.074047 0.174308 -0.098345 99.029999
19.589224 70.741043 1.035190 0.052491 0.128916 -0.178971 99.150002
19.792864 70.722000 1.035190 0.045337 0.082330 -0.254191 99.260002
19.992693 70.696541 1.035190 0.055839 0.055365 -0.326718 99.364998
20.195129 70.666496 1.035190 -0.064327 0.034746 -0.244446 99.470001
20.420082 70.637222 1.035190 -0.056247 0.028819 -0.159685 99.584999
20.627375 70.615242 1.035190 0.022585 0.023774 -0.103966 99.690002
20.834911 70.591347 1.035190 0.062108 0.021575 -0.112165 99.794998
21.041899 70.560860 1.035190 0.049502 0.020890 -0.118737 99.900002
21.248358 70.525009 1.035190 0.024622 0.020893 -0.124050 100.004997
21.454668 70.487000 1.035190 -0.042139 0.019974 -0.081948 100.110001
21.690926 70.451256 1.035190 -0.132172 0.026721 0.041211 100.230003
21.897987 70.433975 1.035190 -0.110038 0.035580 0.089179 100.334999
22.105585 70.428436 1.035190 -0.057380 0.033886 0.100490 100.440002
22.323875 70.430069 1.035190 -0.033974 0.028615 0.086116 100.550003
22.532866 70.435638 1.035190 -0.023308 0.025411 0.075227 100.654999
22.742205 70.443817 1.035190 -0.011885 0.022985 0.066512 100.760002
22.951714 70.453331 1.035190 0.037952 0.018412 0.030999 100.864998
23.161255 70.461067 1.035190 0.071193 0.016971 -0.019283 100.970001
23.370363 70.461617 1.035190 0.090885 0.022444 -0.117028 101.074997
23.588840 70.453293 1.035190 0.019744 0.025901 -0.108462 101.184998
23.807652 70.441910 1.035190 0.014183 0.024533 -0.101670 101.294998
24.016857 70.430756 1.035190 -0.061126 0.019846 -0.010805 101.400002
24.226130 70.424667 1.035190 0.008620 0.020821 0.019815 101.504997
24.455338 70.418892 1.035190 -0.054644 0.021589 0.085711 101.620003
24.674379 70.417488 1.035190 -0.032277 0.024116 0.111337 101.730003
24.883293 70.420883 1.035190 -0.047941 0.025914 0.167824 101.834999
25.092005 70.429688 1.035190 -0.018971 0.026143 0.154818 101.940002
25.300938 70.441246 1.035190 -0.030789 0.025013 0.146624 102.044998
25.509872 70.456497 1.035190 -0.039839 0.023987 0.140077 102.150002
25.718695 70.474602 1.035190 0.045747 0.017451 0.038401 102.254997
25.927450 70.490669 1.035190 0.012420 0.017907 0.018651 102.360001
26.135176 70.504608 1.035190 0.022814 -0.026164 -0.028603 102.464996
26.337379 70.515617 1.035190 0.024956 -0.083572 -0.023868 102.570000
26.554508 70.524994 1.035190 0.033819 -0.124887 -0.019613 102.690002
26.761379 70.530144 1.035190 0.031606 0.016857 -0.016172 102.815002
26.969193 70.530457 1.035190 0.024143 0.142945 -0.013508 102.940002
27.175985 70.527306 1.035190 0.012970 0.106593 -0.011603 103.055000
27.384144 70.520744 1.035190 -0.014422 0.066595 -0.022568 103.165001
27.588100 70.513176 1.035190 -0.033967 0.044341 -0.000241 103.269997
27.794790 70.507286 1.035190 -0.027851 0.032688 0.011877 103.375000
28.022465 70.506088 1.042351 -0.045802 0.028138 0.083314 103.489998
28.230818 70.510857 1.042451 -0.025079 0.027133 0.079906 103.595001
28.439701 70.518700 1.042536 -0.026070 0.024672 0.077164 103.699997
28.648865 70.529510 1.042609 -0.024514 0.022515 0.074962 103.805000
28.858122 70.542549 1.042671 0.046276 0.019446 0.016177 103.910004
29.057354 70.550934 1.061997 0.077645 0.020838 -0.080747 104.010002
29.265974 70.551270 1.061498 0.091255 0.026223 -0.173145 104.114998
29.503044 70.538918 1.061016 0.108879 0.034327 -0.270743 104.235001
29.709002 70.516418 1.060664 -0.015891 0.027236 -0.205049 104.339996
29.915516 70.492645 1.060365 0.018238 0.028433 -0.164709 104.445000
30.122599 70.466881 1.060110 0.035330 0.026529 -0.161053 104.550003
30.329950 70.439262 1.059893 -0.051519 0.020431 -0.058507 104.654999
30.537670 70.416840 1.059707 -0.060539 0.021220 0.034552 104.760002
30.745525 70.399124 1.059550 0.046572 0.019092 -0.012495 104.864998
30.953110 70.376808 1.059418 0.041054 0.020760 -0.103689 104.970001
31.160475 70.352058 1.059305 -0.073117 0.024972 -0.015529 105.074997
31.378418 70.333641 1.080990 -0.088620 0.027242 0.042802 105.184998
31.596748 70.325363 1.081168 -0.034641 0.026831 0.084777 105.294998
31.805483 70.322281 1.096004 -0.002423 0.024871 0.069377 105.400002
32.014656 70.319847 1.095089 -0.003831 0.022891 0.057000 105.504997
32.234093 70.317978 1.094287 -0.009702 0.022912 0.046779 105.614998
32.443073 70.317368 1.093963 -0.012356 -0.087879 -0.014771 105.720001
32.656162 70.318230 1.093963 0.024367 -0.304418 -0.135203 105.834999
32.861507 70.321930 1.093963 0.064172 -0.278761 -0.281815 105.974998
33.066898 70.332169 1.093963 0.082197 -0.159182 -0.501733 106.184998
33.266029 70.354767 1.093963 0.056991 -0.036149 -0.936333 106.599998
33.102982 70.238075 1.100663 0.004004 0.159932 -2.722776 108.599998
32.922615 70.140083 1.100490 -0.049959 0.072695 -2.600085 108.750000
32.747002 70.035416 1.100362 -0.037401 0.029624 -2.426857 108.889999
32.579346 69.926003 1.100262 -0.048731 0.019539 -2.273498 109.025002
32.411800 69.804085 1.100178 -0.084745 0.028978 -2.121684 109.165001
32.254528 69.670441 1.100109 -0.078669 0.042936 -2.066659 109.305000
32.113586 69.528473 1.100056 -0.085406 0.044478 -2.033117 109.440002
31.985130 69.373161 1.100013 -0.086490 0.035866 -2.010942 109.574997
31.868868 69.206642 1.099979 -0.097509 0.027159 -1.995131 109.709999
31.765329 69.030807 1.099951 -0.123986 0.023827 -1.898077 109.845001
31.677174 68.839127 1.099927 -0.067297 0.022204 -1.783325 109.985001
31.602137 68.642006 1.099909 -0.034148 0.018373 -1.745495 110.125000
31.537003 68.449059 1.099894 -0.061457 0.021361 -1.676946 110.260002
31.480854 68.245705 1.099881 -0.076033 0.024906 -1.605625 110.400002
31.436586 68.024361 1.099870 -0.050689 0.025071 -1.557275 110.550003
31.406370 67.815208 1.099862 -0.037121 0.020763 -1.573110 110.690002
31.382753 67.596695 1.099855 -0.038952 0.016332 -1.585549 110.834999
31.367765 67.391518 1.099850 -0.031894 0.124090 -1.594166 110.970001
31.358469 67.185982 1.099847 -0.020483 0.158547 -1.600184 111.095001
31.354284 66.977997 1.099844 -0.027765 0.102399 -1.558287 111.209999
31.353882 66.749359 1.099842 0.011532 0.060406 -1.564220 111.330002
31.352524 66.544250 1.099839 0.015360 0.040587 -1.568319 111.434998
31.349583 66.336861 1.099837 0.011445 0.031467 -1.571620 111.540001
31.345440 66.128242 1.099836 0.006098 0.025888 -1.574280 111.644997
31.340685 65.918991 1.099836 -0.000030 0.022933 -1.576370 111.750000
31.335928 65.709465 1.099836 -0.003938 0.022237 -1.578068 111.855003
31.331583 65.499741 1.099836 -0.005889 0.021785 -1.579437 111.959999
31.327848 65.289856 1.099836 -0.006036 0.020912 -1.580534 112.065002
31.324732 65.079971 1.099836 -0.004851 0.020303 -1.581415 112.169998
31.321859 64.850098 1.099836 -0.002551 0.020464 -1.582184 112.285004
31.319506 64.640213 1.099836 -0.000470 0.020558 -1.582745 112.389999
31.317175 64.430328 1.099836 0.001046 0.020200 -1.583191 112.495003
31.314716 64.220444 1.099836 0.001838 0.020401 -1.583552 112.599998
31.313749 63.980659 1.099836 -0.015540 0.020534 -1.537087 112.720001
31.315313 63.760910 1.099836 -0.000805 0.021001 -1.539668 112.830002
31.318333 63.541206 1.099836 -0.045629 0.020261 -1.485304 112.940002
31.327656 63.322098 1.099836 -0.083293 0.022237 -1.408935 113.050003
31.344435 63.113815 1.099836 -0.083417 0.026172 -1.373217 113.154999
31.370098 62.906685 1.099836 -0.102078 0.028465 -1.288565 113.260002
31.407112 62.701759 1.099836 -0.100143 0.030744 -1.208472 113.364998
31.455524 62.499691 1.099836 -0.105030 0.023001 -1.128403 113.470001
31.517895 62.293655 1.099836 -0.106917 -0.032895 -1.050403 113.580002
31.592606 62.090870 1.099836 -0.116511 -0.077514 -0.970803 113.695000
31.674185 61.906528 1.099836 -0.151429 -0.064285 -0.864505 113.809998
31.786484 61.709930 1.099836 -0.174839 -0.006227 -0.675431 113.949997
31.922338 61.534950 1.099836 -0.152462 0.029225 -0.554289 114.095001
32.077236 61.382515 1.099836 -0.091871 0.033765 -0.493063 114.239998
32.240196 61.249828 1.099836 -0.082539 0.029657 -0.440379 114.379997
32.419453 61.124634 1.099836 -0.071401 0.023927 -0.410675 114.525002
32.593033 61.016525 1.099836 -0.025455 0.017366 -0.428359 114.660004
32.776615 60.908508 1.099836 -0.045420 0.014132 -0.427559 114.800003
32.958218 60.812881 1.099836 -0.108948 0.017658 -0.272949 114.934998
33.146103 60.734463 1.099836 -0.093478 0.022285 -0.123110 115.070000
33.338249 60.672596 1.099836 -0.088355 0.027092 0.019224 115.205002
33.533184 60.627224 1.099836 -0.098509 0.036384 0.149320 115.339996
33.737251 60.600075 1.099836 -0.114674 0.046581 0.284596 115.480003
33.948803 60.597153 1.099836 -0.127300 0.056543 0.419081 115.625000
34.150684 60.621704 1.099836 -0.136858 0.060493 0.551805 115.764999
34.346779 60.674545 1.099836 -0.132585 0.060568 0.679084 115.904999
34.533978 60.754436 1.099836 -0.127584 0.057744 0.806633 116.044998
34.721291 60.867355 1.099836 -0.125878 0.054678 0.947400 116.195000
34.880684 60.995640 1.099836 -0.126385 0.052794 1.081078 116.334999
35.022240 61.143375 1.099836 -0.127626 0.053250 1.219169 116.474998
35.158569 61.332821 1.099836 -0.135839 0.057078 1.375072 116.635002
35.252140 61.513962 1.099836 -0.133768 0.057961 1.511975 116.775002
35.319695 61.706181 1.099836 -0.101361 0.057162 1.607665 116.915001
35.366318 61.906540 1.099836 -0.086716 0.047398 1.644941 117.055000
35.395393 62.112488 1.099836 -0.090345 0.038478 1.697918 117.195000
35.406311 62.313950 1.099836 -0.086617 0.032330 1.753216 117.330002
35.401024 62.516247 1.099836 -0.083008 0.028464 1.819392 117.464996
35.381393 62.718109 1.099836 -0.060423 0.024477 1.847582 117.599998
35.350391 62.919205 1.099836 -0.032231 0.020239 1.869255 117.735001
35.311962 63.119881 1.099836 -0.019603 0.058277 1.854091 117.870003
35.268082 63.323116 1.099836 -0.015467 0.167414 1.843030 118.000000
35.221355 63.521610 1.099836 -0.014119 0.117972 1.835384 118.114998
35.169167 63.732105 1.099836 -0.006764 0.070358 1.829414 118.230003
35.118839 63.929985 1.099836 0.001241 0.046651 1.825069 118.334999
35.067535 64.130775 1.099836 0.007779 0.033334 1.821585 118.440002
35.016315 64.333206 1.099836 0.011841 0.025244 1.818794 118.544998
34.965759 64.536560 1.099836 0.012849 0.022100 1.816550 118.650002
34.918015 64.740761 1.099836 0.088180 0.017601 1.719224 118.754997
34.877178 64.946091 1.099836 0.068511 0.023014 1.683162 118.860001
34.841679 65.152435 1.099836 0.070975 0.024571 1.643749 118.964996
34.812603 65.359718 1.099836 0.013574 0.022478 1.617896 119.070000
34.781807 65.597107 1.099836 -0.001463 0.021268 1.628514 119.190002
34.754776 65.804977 1.099836 0.012330 0.022257 1.635893 119.294998
34.728935 66.013168 1.099836 0.021747 0.022353 1.641826 119.400002
34.705261 66.221741 1.099836 0.024452 0.021330 1.646549 119.504997
34.684578 66.430626 1.099836 0.088527 0.019633 1.591715 119.610001
34.670277 66.639725 1.099836 0.027015 0.021955 1.589995 119.714996
34.659477 66.859024 1.099836 0.086905 0.022611 1.530088 119.824997
34.658997 67.107956 1.099836 0.098240 0.025749 1.423913 119.949997
34.670288 67.316109 1.099836 0.038502 0.026951 1.383681 120.055000
34.686916 67.524048 1.099836 0.014663 0.026710 1.393333 120.160004
34.705883 67.732292 1.099836 0.026808 0.025252 1.400593 120.264999
34.730595 67.939972 1.099836 0.121856 0.025375 1.305022 120.370003
34.769592 68.154800 1.099836 0.056568 0.029018 1.275205 120.480003
34.814392 68.358673 1.099836 0.029045 0.026347 1.291491 120.584999
34.863052 68.562279 1.099836 0.071947 0.021419 1.264890 120.690002
34.922592 68.773041 1.112293 0.054227 0.023601 1.193563 120.800003
34.984711 68.962021 1.133392 0.044946 0.025132 1.158059 120.900002
35.054016 69.158501 1.147999 -0.100045 -0.095041 1.444135 121.004997
35.113453 69.353180 1.145965 -0.285693 -0.128218 1.778431 121.114998
35.142323 69.555656 1.143969 -0.335659 0.042436 2.055754 121.245003
35.108322 69.759941 1.142121 -0.281308 0.111568 2.290550 121.394997
35.006855 69.944923 1.140600 -0.180059 0.097317 2.445598 121.550003
34.871540 70.099937 1.139481 -0.118813 0.063651 2.588589 121.695000
34.712769 70.239609 1.138583 -0.094801 0.043215 2.739346 121.839996
34.539169 70.363754 1.137868 -0.096708 0.039300 2.883637 121.985001
34.347713 70.473839 1.137277 -0.067301 0.041322 2.967810 122.135002
34.160000 70.561081 1.136837 -0.106593 0.042730 3.079128 122.275002
33.964455 70.628174 1.136485 -0.129408 0.047473 -3.097466 122.415001
33.762928 70.670570 1.136199 -0.101360 0.047976 -2.989866 122.555000
33.557320 70.691353 1.135971 -0.083903 0.042262 -2.948067 122.695000
33.341198 70.696648 1.135780 -0.041057 0.030935 -2.963591 122.839996
33.137993 70.691849 1.135637 -0.082429 0.025572 -2.940507 122.974998
32.934772 70.674721 1.135522 -0.028173 0.018275 -2.974652 123.110001
32.731426 70.651321 1.135427 -0.027173 0.014579 -2.981951 123.245003
32.505642 70.620766 1.135345 -0.000022 0.010560 -3.019572 123.394997
32.302528 70.592293 1.135284 0.008897 0.062541 -3.044466 123.529999
32.095501 70.569107 1.135237 0.078344 0.166997 -3.131571 123.660004
31.892559 70.554131 1.135204 -0.008512 0.112901 -3.077410 123.775002
31.677170 70.538971 1.135175 0.037270 0.072291 -3.119052 123.889999
31.474180 70.529343 1.135152 0.037884 0.049142 -3.121921 123.995003
31.267845 70.523674 1.135133 0.034787 0.035543 -3.124224 124.099998
31.059734 70.521622 1.135117 0.026937 0.027443 -3.126078 124.205002
30.850754 70.522324 1.135104 0.013866 0.024272 -3.127568 124.309998
30.621469 70.522606 1.135091 -0.011149 0.021509 -3.083839 124.425003
30.412230 70.519287 1.135081 -0.085944 0.022146 -3.002171 124.529999
30.174400 70.504417 1.135072 -0.056582 0.027429 -2.933723 124.650002
29.966822 70.485458 1.135065 0.045238 0.022272 -3.038847 124.754997
29.758575 70.470421 1.135060 0.060310 0.021880 -3.138081 124.860001
29.550108 70.460701 1.135055 -0.055085 0.018635 -3.108701 124.964996
29.341749 70.449768 1.135050 -0.061226 0.021360 -3.092125 125.070000
29.123463 70.435905 1.135047 0.025612 0.024576 3.138944 125.180000
28.884809 70.424324 1.135044 0.039092 0.024408 3.138651 125.300003
28.675508 70.418579 1.135042 0.042336 0.022806 3.138449 125.404999
28.466013 70.417763 1.135039 0.052475 0.020630 3.119111 125.510002
28.236622 70.423065 1.135037 0.035531 0.021094 3.115516 125.625000
28.027178 70.431984 1.135034 0.023274 0.020450 3.112897 125.730003
27.817768 70.443405 1.135034 0.009885 0.020417 3.110781 125.834999
27.608353 70.455841 1.135034 -0.002623 0.021297 3.109088 125.940002
27.398834 70.467842 1.135034 -0.062505 0.019778 -3.138083 126.044998
27.189465 70.473495 1.135034 -0.102725 0.021902 -3.038080 126.150002
26.980989 70.467979 1.135034 -0.108358 0.027565 -2.943660 126.254997
26.773445 70.452721 1.135034 -0.028192 0.029058 -2.949188 126.360001
26.565622 70.433968 1.135034 0.027737 0.023934 -3.016208 126.464996
26.357307 70.414902 1.135034 -0.042916 0.023226 -3.013806 126.570000
26.149240 70.391273 1.135034 -0.049185 0.021817 -3.011895 126.675003
25.941710 70.362236 1.135034 -0.020313 0.019195 -3.021893 126.779999
25.724594 70.329643 1.135034 0.006332 0.021658 -3.048507 126.889999
25.517103 70.300728 1.145521 0.061162 0.022466 -3.106005 126.995003
25.311962 70.279839 1.150904 0.114163 -0.120260 3.054050 127.099998
25.077929 70.269379 1.150861 0.119766 -0.089904 2.960640 127.230003
24.871874 70.274483 1.150827 0.097012 -0.035536 2.925874 127.355003
24.660385 70.292572 1.150797 0.042759 -0.006208 2.943276 127.489998
24.415932 70.323433 1.150769 0.021477 0.005805 2.961680 127.650002
24.204281 70.355042 1.150750 0.006476 0.009062 2.973423 127.790001
23.993246 70.386635 1.150735 -0.008718 0.010915 3.019507 127.930000
23.788897 70.413033 1.150722 -0.095038 0.119571 3.125493 128.065002
23.575954 70.426201 1.150713 -0.015461 0.156338 -3.095744 128.195007
23.368645 70.431778 1.150706 -0.043443 0.105517 -3.035782 128.309998
23.121691 70.430954 1.150699 0.012558 0.059746 -3.010736 128.440002
22.916960 70.429382 1.150694 0.002916 0.043892 -3.023503 128.544998
22.710365 70.428871 1.138268 0.047451 -0.014617 -3.128441 128.649994
22.507627 70.431366 1.134737 0.012041 -0.068833 3.110405 128.755005
22.301085 70.433838 1.134783 -0.019009 0.052000 3.104442 128.865005
22.081818 70.435555 1.134822 0.065093 0.054932 3.042715 128.979996
21.868282 70.442772 1.134853 0.014579 0.044682 3.029688 129.089996
21.661928 70.452362 1.134880 0.014073 0.035277 3.034657 129.195007
21.444199 70.464546 1.134903 0.021697 0.027686 3.038817 129.304993
21.196089 70.481857 1.134925 0.023372 0.006890 3.042545 129.429993
20.961096 70.500679 1.134943 -0.045233 -0.068516 3.130426 129.550003
20.756290 70.514244 1.134956 -0.016313 -0.115638 -3.140360 129.660004
20.526249 70.527649 1.134969 -0.067812 -0.076319 -3.092210 129.794998
20.282757 70.529510 1.134982 -0.126825 -0.004729 -2.898249 129.949997
20.079767 70.509193 1.134990 -0.124227 0.023679 -2.735186 130.085007
19.869499 70.462875 1.134997 -0.116869 0.036573 -2.573368 130.229996
19.674868 70.394966 1.135003 -0.113979 0.043876 -2.427208 130.369995
19.490107 70.305161 1.135007 -0.081227 0.045473 -2.328102 130.509995
19.313112 70.198006 1.135010 -0.076161 0.041274 -2.288255 130.649994
19.143681 70.075897 1.135013 -0.110585 0.036280 -2.216027 130.789993
18.983461 69.931137 1.135017 -0.139156 0.040798 -2.049195 130.934998
18.849937 69.773010 1.135019 -0.126047 0.044415 -1.905083 131.074997
18.726770 69.580826 1.135019 -0.119578 0.046685 -1.751656 131.229996
18.638271 69.395157 1.135019 -0.105666 0.046651 -1.625267 131.369995
18.569160 69.200920 1.135019 -0.082758 0.045157 -1.581564 131.509995
18.518084 69.007156 1.135019 -0.097819 0.042025 -1.528356 131.645004
18.484221 68.808640 1.135019 -0.061398 0.033856 -1.510820 131.779999
18.461515 68.591827 1.135019 -0.053504 0.024635 -1.528518 131.925003
18.450384 68.387955 1.135019 -0.046766 0.018602 -1.540858 132.059998
18.447411 68.183136 1.135019 -0.030017 0.014017 -1.550087 132.195007
18.450354 67.947426 1.135019 -0.011810 0.072477 -1.557956 132.350006
18.454929 67.746086 1.135019 0.002098 0.168256 -1.562738 132.475006
18.459026 67.541336 1.135019 0.012736 0.111819 -1.566123 132.589996
18.461500 67.333824 1.135019 0.017814 0.070362 -1.568702 132.699997
18.463892 67.129982 1.135019 -0.063878 0.045498 -1.481103 132.804993
18.473007 66.923897 1.135019 -0.075138 0.034950 -1.389165 132.910004
18.491138 66.677605 1.135019 -0.000441 0.029217 -1.403306 133.035004
18.508701 66.469963 1.135019 -0.092350 0.028884 -1.336094 133.139999
18.537617 66.253899 1.135019 -0.121424 0.033144 -1.243366 133.250000
18.577217 66.049927 1.135019 -0.043607 0.032217 -1.247367 133.354996
18.622917 65.846489 1.135019 -0.037827 0.028809 -1.257986 133.460007
18.673372 65.643425 1.135019 -0.038344 0.025087 -1.265455 133.565002
18.727835 65.440933 1.135019 0.024215 0.019276 -1.323872 133.669998
18.781967 65.239571 1.135019 -0.002794 -0.120023 -1.251079 133.774994
18.838079 65.029747 1.135019 -0.040405 -0.315022 -1.125414 133.895004
18.887846 64.833618 1.135019 -0.073468 -0.263617 -0.973570 134.039993
18.931141 64.637260 1.135019 -0.084619 -0.143905 -0.743187 134.259995
18.961327 64.438423 1.135019 -0.049225 -0.022617 -0.240533 134.740005
19.046873 64.643562 1.135019 -0.008766 0.155066 1.422590 136.695007
19.091450 64.841270 1.135019 -0.003382 0.068195 1.561163 136.845001
19.139742 65.059364 1.135019 0.006121 0.031891 1.613001 137.000000
19.185240 65.268417 1.135019 -0.047023 0.033694 1.667186 137.145004
19.221979 65.495972 1.135019 -0.091633 0.039266 1.733477 137.300003
19.238098 65.704407 1.135019 -0.062584 0.034747 1.725579 137.440002
19.240665 65.922684 1.135019 -0.065911 0.024571 1.709853 137.585007
19.229946 66.134171 1.135019 -0.054561 0.016261 1.698583 137.725006
19.209637 66.338341 1.135019 -0.032869 0.115182 1.690475 137.860001
19.183802 66.541367 1.135019 -0.010655 0.157639 1.684787 137.985001
19.156197 66.746696 1.135019 0.007881 0.104360 1.680666 138.100006
19.129379 66.953865 1.135019 0.021278 0.064957 1.677553 138.210007
19.105337 67.157043 1.135019 0.026671 0.042714 1.675204 138.315002
19.083628 67.363075 1.135019 0.024786 0.032107 1.673289 138.419998
19.062395 67.590500 1.135019 0.016581 0.026234 1.671625 138.535004
19.044571 67.799049 1.135019 0.008382 0.023527 1.670414 138.639999
19.026352 68.006218 1.143909 -0.035769 -0.114662 1.757573 138.744995
19.003370 68.208260 1.166408 -0.139389 -0.124654 1.923382 138.854996
18.962215 68.421539 1.166390 -0.136614 -0.034947 2.061438 138.985001
18.903378 68.616295 1.178096 -0.119654 0.005760 2.129047 139.115005
18.824978 68.806732 1.189518 -0.061073 0.016739 2.131987 139.250000
18.735626 68.991570 1.188095 -0.038814 0.014054 2.107208 139.384995
18.624300 69.199684 1.180048 -0.043404 0.010822 2.130075 139.539993
18.519001 69.376144 1.175607 -0.056368 0.001643 2.205348 139.675003
18.397354 69.561348 1.175607 0.008419 -0.251712 2.043035 139.830002
18.279196 69.729332 1.175607 0.051855 -0.182743 1.833595 140.029999
18.154705 69.887360 1.175607 0.054708 -0.060284 1.446129 140.399994
18.243179 70.076614 1.159188 -0.004312 0.253728 0.445820 141.789993
18.427082 70.168571 1.147624 0.001572 0.115196 0.397756 141.955002
18.611143 70.260223 1.148532 0.015124 0.050012 0.324586 142.100006
18.797873 70.348839 1.149238 0.033444 0.029044 0.255128 142.240005
18.983065 70.429306 1.149785 0.058437 0.025876 0.186780 142.375000
19.173058 70.500343 1.135944 0.082438 0.095580 0.120040 142.509995
19.373075 70.556679 1.136046 0.095781 0.180808 0.048278 142.639999
19.572495 70.594406 1.136119 0.093070 0.126215 -0.020401 142.755005
19.776213 70.618813 1.136178 0.099639 0.077399 -0.096364 142.865005
19.981836 70.630417 1.136228 0.111241 -0.088056 -0.215477 142.975006
20.182531 70.630386 1.136272 0.116131 -0.063868 -0.279941 143.089996
20.408815 70.613884 1.136316 0.096125 -0.014202 -0.319728 143.229996
20.608860 70.583794 1.136349 0.057680 0.003698 -0.314935 143.360001
20.811813 70.542473 1.136377 0.038346 0.008604 -0.295655 143.494995
21.012159 70.494301 1.136400 0.022288 0.009723 -0.280809 143.630005
21.211094 70.442039 1.136418 -0.003812 0.009352 -0.261729 143.764999
21.410292 70.393166 1.136433 -0.054635 0.012226 -0.124999 143.899994
21.610746 70.354469 1.136446 -0.080831 0.014967 0.013989 144.039993
21.811935 70.328758 1.136455 -0.062449 0.021469 0.093778 144.175003
22.013897 70.315353 1.136464 -0.079631 0.027706 0.170804 144.309998
22.216589 70.314583 1.136470 -0.063929 0.025404 0.188134 144.445007
22.419851 70.323990 1.119672 -0.045725 0.021449 0.185031 144.580002
22.645861 70.344940 1.121528 -0.043715 0.016920 0.176449 144.729996
22.848745 70.372841 1.132428 -0.035669 0.014189 0.181043 144.865005
23.051016 70.406448 1.134629 0.003510 0.011831 0.132618 145.000000
23.267241 70.443130 1.136479 -0.005499 0.171932 0.131738 145.139999
23.464582 70.476738 1.137732 0.009712 0.131066 0.131182 145.255005
23.666960 70.509605 1.138728 0.049024 0.079100 0.113972 145.365005
23.867407 70.538223 1.139534 0.044776 0.052106 0.105430 145.470001
24.071917 70.562485 1.140221 0.050461 0.036648 0.098528 145.574997
24.278803 70.581764 1.126274 0.046887 0.028333 0.092937 145.679993
24.506964 70.597626 1.127907 0.031737 0.024120 0.088107 145.794998
24.716043 70.608711 1.129168 0.015938 0.022310 0.084589 145.899994
24.925467 70.618317 1.130243 0.001614 0.020979 0.081757 146.005005
25.135006 70.627983 1.131152 -0.010351 0.021782 0.079491 146.110001
25.344603 70.638924 1.131933 -0.015464 0.021936 0.077649 146.214996
25.574224 70.649590 1.149750 0.069930 0.019136 -0.039097 146.330002
25.783491 70.651825 1.150080 0.077045 0.022394 -0.132353 146.434998
25.991879 70.645378 1.150360 0.086703 0.027475 -0.218420 146.539993
26.198959 70.628990 1.150600 0.100838 0.033566 -0.298802 146.645004
26.413826 70.599380 1.150812 0.128045 0.007817 -0.393300 146.755005
26.618279 70.556129 1.150990 0.191896 -0.107924 -0.581264 146.865005
26.814453 70.493881 1.151152 0.211513 -0.035556 -0.744496 146.985001
27.017744 70.393570 1.151313 0.197472 0.028810 -0.903440 147.130005
27.179712 70.274048 1.151433 0.168757 0.050890 -1.035196 147.264999
27.329613 70.121552 1.151537 0.095040 0.045503 -1.107873 147.410004
27.463667 69.952469 1.151620 0.082827 0.035934 -1.156718 147.554993
27.580360 69.777725 1.151684 0.077764 0.028123 -1.211134 147.695007
27.698168 69.567390 1.151742 0.073499 0.023956 -1.278791 147.854996
27.784632 69.382980 1.151782 0.072446 0.022883 -1.339863 147.990005
27.866562 69.172005 1.151816 0.070929 0.022317 -1.411295 148.134995
27.928911 68.977974 1.151842 0.044735 0.019807 -1.422731 148.270004
27.984818 68.778145 1.151862 0.011102 0.168623 -1.429345 148.404999
28.037981 68.563072 1.151878 0.094095 0.140959 -1.472368 148.535004
28.075764 68.363937 1.151889 0.032979 0.091983 -1.486633 148.645004
28.108238 68.165276 1.151898 0.019430 0.059070 -1.477038 148.750000
28.137194 67.961929 1.151906 0.090386 0.042962 -1.547702 148.854996
28.159166 67.755836 1.151913 0.019120 0.032981 -1.537368 148.960007
28.178795 67.548256 1.151918 0.031669 0.027733 -1.539477 149.065002
28.194519 67.339790 1.151923 0.029018 0.025039 -1.570074 149.169998
28.208317 67.100914 1.151928 0.014388 0.023055 -1.561625 149.289993
28.218658 66.891548 1.151930 0.013244 0.022161 -1.555807 149.395004
28.227610 66.681953 1.151933 0.011443 0.021304 -1.551110 149.500000
28.235392 66.472229 1.151935 0.007547 0.020884 -1.547358 149.604996
28.242414 66.262505 1.151938 0.003168 0.020129 -1.544378 149.710007
28.249165 66.052780 1.151940 -0.000624 0.020847 -1.541960 149.815002
28.256048 65.843048 1.151942 -0.002985 0.021097 -1.540005 149.919998
28.264032 65.613182 1.151942 -0.003925 0.020412 -1.538312 150.035004
28.271824 65.403458 1.151942 -0.003448 0.020587 -1.537081 150.139999
28.280046 65.193733 1.151942 -0.002184 0.019994 -1.536094 150.244995
28.288561 64.984009 1.151942 -0.000514 0.020196 -1.535301 150.350006
28.297199 64.774284 1.151942 0.000927 0.020693 -1.534665 150.455002
28.305799 64.564560 1.151942 0.001944 0.020629 -1.534156 150.559998
28.314266 64.354836 1.151942 0.002390 0.020420 -1.533746 150.664993
28.322554 64.145111 1.151942 0.002324 0.020169 -1.533415 150.770004
28.331703 63.905426 1.151942 0.046333 0.018941 -1.564999 150.889999
28.336281 63.695774 1.151942 0.057370 0.020264 -1.614863 150.994995
28.335093 63.486446 1.151942 0.019237 0.022152 -1.652971 151.100006
28.328999 63.277332 1.151942 0.076212 0.025616 -1.727118 151.205002
28.311972 63.039215 1.151942 0.079145 0.026595 -1.816311 151.324997
28.285887 62.822582 1.151942 0.088651 0.030307 -1.895523 151.434998
28.250845 62.618542 1.151942 0.099741 -0.011932 -1.969693 151.539993
28.204102 62.413113 1.151942 0.116005 -0.061540 -2.046627 151.649994
28.145332 62.213528 1.151942 0.151304 -0.026311 -2.142190 151.764999
28.069756 62.023731 1.151942 0.187708 -0.038022 -2.314675 151.884995
27.969900 61.844124 1.151942 0.182668 0.011329 -2.474185 152.014999
27.845348 61.683155 1.151942 0.163722 0.040577 -2.620525 152.149994
27.695551 61.539906 1.151942 0.106591 0.042615 -2.720036 152.289993
27.529980 61.415707 1.151942 0.110631 0.042167 -2.843182 152.429993
27.351517 61.310524 1.151942 0.108564 0.041584 -2.910519 152.570007
27.141731 61.214500 1.151942 0.072085 0.033522 -2.922792 152.725006
26.951258 61.145138 1.151942 0.082249 0.025238 -2.946124 152.860001
26.755190 61.091564 1.151942 0.104759 0.021610 -3.023810 152.994995
26.555168 61.053898 1.151942 0.052517 0.018490 -3.049993 153.130005
26.352962 61.025742 1.151942 0.058855 0.016951 -3.109663 153.264999
26.149445 61.007347 1.151942 0.060345 0.066083 3.095285 153.399994
25.941797 60.996288 1.151942 -0.012022 0.167985 3.102505 153.529999
25.728970 60.986145 1.151942 0.008491 0.114591 3.110132 153.649994
25.521803 60.978336 1.151942 0.024499 0.073468 3.115661 153.759995
25.318111 60.973785 1.151942 0.030664 0.048135 3.119875 153.865005
25.111629 60.974648 1.151942 0.054019 0.035508 3.072097 153.970001
24.893999 60.982254 1.151942 0.034817 0.028900 3.073363 154.080002
24.685535 60.993607 1.151942 0.026209 0.025390 3.074340 154.184998
24.466805 61.009018 1.151942 0.075366 0.020877 3.026855 154.294998
24.258547 61.030205 1.151942 0.074094 0.021946 2.967283 154.399994
24.051559 61.059582 1.151942 0.093090 0.024066 2.869189 154.505005
23.846867 61.099270 1.151942 0.092675 0.027777 2.780332 154.610001
23.627127 61.154457 1.151942 0.134414 -0.094361 2.621572 154.725006
23.428610 61.216171 1.151942 0.108438 -0.288017 2.486044 154.839996
23.233486 61.279007 1.151942 0.113487 -0.253919 2.334203 154.985001
23.041372 61.335148 1.151942 0.105512 -0.131924 2.109051 155.199997
22.845592 61.379658 1.151942 0.056527 -0.019768 1.632561 155.654999
23.055662 61.424210 1.151942 -0.000605 0.160532 0.091347 157.684998
23.259960 61.446545 1.151942 0.023281 0.071261 0.078978 157.839996
23.463621 61.462624 1.151942 0.039831 0.036771 -0.035327 157.979996
23.664726 61.471844 1.151942 -0.010032 0.022320 -0.023106 158.115005
23.875410 61.481644 1.151942 0.017263 0.017211 -0.051909 158.255005
24.087036 61.487591 1.151942 0.034765 0.016073 -0.084565 158.395004
24.306519 61.486191 1.151942 0.019446 0.015298 -0.104585 158.539993
24.511074 61.480217 1.151942 0.014899 0.014908 -0.095531 158.675003
24.715839 61.471294 1.151942 0.015841 0.013298 -0.088731 158.809998
24.921852 61.456245 1.151942 0.085288 0.151126 -0.177021 158.945007
25.128901 61.429646 1.151942 -0.008958 0.152507 -0.176470 159.070007
25.337046 61.401909 1.151942 -0.010970 0.094848 -0.170912 159.184998
25.545712 61.374638 1.151942 -0.000285 0.058200 -0.166707 159.294998
25.749338 61.347771 1.151942 -0.041732 0.038294 -0.125865 159.399994
25.955450 61.324627 1.151942 -0.076599 0.029124 -0.019083 159.505005
26.162779 61.309715 1.151942 -0.080290 0.028139 0.075899 159.610001
26.370422 61.303085 1.151942 0.028470 0.024038 0.058868 159.714996
26.578592 61.297409 1.151942 -0.011452 0.027517 0.054408 159.820007
26.807346 61.290508 1.151942 -0.023316 0.024070 0.002868 159.934998
27.016636 61.286198 1.151942 -0.042346 0.022675 0.002828 160.039993
27.246138 61.286480 1.151942 -0.032733 0.021816 0.002793 160.154999
27.455839 61.290371 1.151942 -0.019571 0.020095 0.002772 160.259995
27.665525 61.296177 1.151942 -0.002161 0.020931 0.002752 160.365005
27.875271 61.302132 1.151942 0.011047 0.020807 0.002735 160.470001
28.085049 61.306328 1.151942 0.084198 0.019248 -0.055785 160.574997
28.314089 61.301182 1.151942 0.070296 0.023893 -0.138390 160.690002
28.542442 61.286957 1.151942 0.019124 0.024960 -0.127272 160.804993
28.751141 61.271160 1.151942 0.018298 0.023955 -0.122537 160.910004
28.960009 61.253342 1.151942 -0.037076 0.019784 -0.074046 161.014999
29.168989 61.238831 1.151942 -0.075355 0.018785 0.035940 161.119995
29.407471 61.231403 1.151942 -0.018885 0.025063 0.076917 161.240005
29.616379 61.228374 1.151942 -0.018317 0.026227 0.071560 161.345001
29.825731 61.227680 1.151942 -0.032489 0.024258 0.067260 161.449997
30.035280 61.230679 1.151942 -0.039950 0.022220 0.063833 161.554993
30.244795 61.238007 1.151942 -0.036641 0.021021 0.061064 161.660004
30.454214 61.247646 1.151942 -0.007651 0.020157 0.016200 161.764999
30.663616 61.257183 1.151942 0.060191 0.020000 -0.039406 161.869995
30.872780 61.261368 1.151942 0.028551 0.022513 -0.080119 161.975006
31.081900 61.261520 1.151942 0.048383 0.023584 -0.091333 162.080002
31.290628 61.255112 1.151942 0.094228 0.026632 -0.176262 162.184998
31.508360 61.238014 1.151942 0.051533 0.028502 -0.169319 162.294998
31.725920 61.214138 1.151942 0.047692 0.025816 -0.165481 162.404999
31.933346 61.185760 1.151942 0.039167 0.023640 -0.162526 162.509995
32.169994 61.147930 1.151942 0.022909 0.021079 -0.159867 162.630005
32.396465 61.108395 1.151942 0.004096 0.020424 -0.157876 162.744995
32.593399 61.073292 1.151942 -0.009137 0.020273 -0.156488 162.845001
32.790504 61.038845 1.151942 -0.017717 0.019948 -0.155368 162.945007
32.987873 61.005840 1.151942 -0.020509 0.020185 -0.154453 163.044998
33.185528 60.974541 1.151942 -0.019017 0.019640 -0.153720 163.145004
33.390476 60.941391 1.151942 0.096604 -0.130170 -0.343333 163.250000
33.587055 60.900539 1.151942 0.154945 -0.103318 -0.528701 163.360001
33.800457 60.836731 1.151942 0.130876 -0.019998 -0.637530 163.494995
33.987068 60.759224 1.151942 0.128220 0.015915 -0.701298 163.625000
34.166683 60.660362 1.151942 0.118242 0.026642 -0.765031 163.759995
34.333637 60.543716 1.151942 0.100341 0.026597 -0.828061 163.895004
34.490707 60.413517 1.151942 0.035576 0.019175 -0.819782 164.029999
34.643715 60.276871 1.151942 0.025581 0.014027 -0.803722 164.164993
34.794079 60.136257 1.151942 0.018009 0.011075 -0.793719 164.300003
34.948574 59.987076 1.151942 0.008744 0.127950 -0.783833 164.440002
35.098526 59.843433 1.151942 -0.016493 0.154935 -0.726297 164.565002
35.254223 59.703861 1.151942 -0.080183 0.098426 -0.616489 164.679993
35.440048 59.554417 1.151942 -0.087479 0.060077 -0.507805 164.804993
35.606274 59.435154 1.151942 -0.097892 0.046640 -0.422265 164.910004
35.780060 59.324211 1.151942 -0.112275 0.042537 -0.342491 165.014999
35.985909 59.206860 1.151942 -0.048041 0.036093 -0.362961 165.134995
36.170288 59.108891 1.151942 -0.060838 0.030324 -0.372092 165.240005
36.358345 59.016273 1.151942 -0.065760 0.024811 -0.381160 165.345001
36.540489 58.933510 1.151942 -0.056623 0.020661 -0.389159 165.445007
36.724888 58.855270 1.151942 -0.039301 0.018632 -0.394589 165.544998
36.910683 58.780022 1.151942 -0.019215 0.018343 -0.397737 165.645004
37.097095 58.705971 1.151942 -0.001304 0.017704 -0.400673 165.744995
37.283413 58.631592 1.151942 0.010961 0.017338 -0.402663 165.845001
37.469551 58.556992 1.151942 -0.062245 0.015130 -0.322277 165.945007
37.657146 58.487576 1.151942 -0.083219 0.018318 -0.226204 166.044998
37.856102 58.423012 1.151942 -0.048298 0.022557 -0.162563 166.149994
38.056679 58.365444 1.151942 -0.052596 0.027142 -0.120836 166.255005
38.259079 58.315880 1.164771 -0.131896 0.032640 -0.040278 166.360001
38.463551 58.278580 1.151393 -0.124332 0.035202 -0.007417 166.464996
38.669876 58.252037 1.148761 -0.011842 0.030012 -0.063365 166.570007
38.877335 58.228481 1.148063 -0.048910 0.023696 -0.104035 166.675003
39.085583 58.208622 1.147473 0.011058 0.020235 -0.158836 166.779999
39.293900 58.189400 1.146968 -0.009887 0.018920 -0.178815 166.884995
39.511955 58.168671 1.146523 0.006535 0.022728 -0.208364 166.990005
39.720051 58.147186 1.146164 0.021234 0.024846 -0.201635 167.095001
39.928131 58.122913 1.145856 0.037806 0.024832 -0.196184 167.199997
40.136101 58.095795 1.145594 -0.035425 0.019258 -0.104277 167.304993
40.344292 58.071720 1.145373 -0.051300 0.018222 -0.003344 167.410004
40.591908 58.050434 1.145152 -0.073240 0.023986 0.102883 167.535004
40.799480 58.041424 1.144997 -0.100158 0.032591 0.187250 167.639999
41.006668 58.042194 1.144864 -0.042578 0.036730 0.189248 167.744995
41.214226 58.050465 1.144753 -0.118413 0.038616 0.228813 167.850006
41.420807 58.071579 1.144657 -0.098188 0.037838 0.273789 167.955002
41.626190 58.104378 1.144577 -0.067094 0.032431 0.260299 168.059998
41.830948 58.145042 1.144509 -0.055536 0.027056 0.251442 168.164993
42.034969 58.192032 1.144451 -0.039652 0.023107 0.246526 168.270004
42.238369 58.243446 1.144401 -0.017084 0.021248 0.242588 168.375000
42.451336 58.298492 1.144356 0.040526 0.018863 0.184892 168.485001
42.655285 58.347759 1.144321 0.021790 0.020993 0.186785 168.589996
42.859882 58.394714 1.144291 0.075601 0.020654 0.154738 168.695007
43.065361 58.434639 1.144274 0.051294 -0.058921 0.148981 168.800003
43.270210 58.468803 1.144274 -0.006421 -0.278921 0.264177 168.910004
43.481895 58.500633 1.144274 -0.054186 -0.295208 0.410789 169.050003
43.687225 58.525219 1.144274 -0.079002 -0.174826 0.620235 169.250000
43.887318 58.538387 1.144274 -0.062601 -0.050827 1.007710 169.619995
43.762268 58.694939 1.144274 -0.129135 0.183620 2.770643 171.115005
43.570423 58.752815 1.144274 -0.141111 0.086888 3.005048 171.270004
43.340385 58.785976 1.144274 -0.080282 0.051727 -3.119629 171.434998
43.136261 58.794456 1.144274 -0.094692 0.038649 -2.985152 171.574997
42.914364 58.784451 1.144274 -0.054729 0.029929 -2.909255 171.725006
42.714165 58.762272 1.144274 -0.086177 -0.013887 -2.809015 171.860001
42.515865 58.727131 1.144274 -0.022211 -0.243632 -2.960856 172.005005
42.320271 58.684799 1.144274 0.030692 -0.183447 3.112893 172.205002
42.125740 58.630630 1.144274 0.046076 -0.059684 2.704492 172.595001
41.926125 58.662842 1.144274 0.001802 0.301127 2.285363 198.080002
41.787975 58.813873 1.144274 -0.018735 0.140871 2.559645 198.274994
41.642048 58.951889 1.144274 -0.065729 0.078661 2.789021 198.429993
41.480236 59.078197 1.144274 0.001080 0.069345 2.872080 198.580002
41.319115 59.199680 1.144274 0.051281 -0.010527 2.578047 198.720001
41.164070 59.327332 1.144274 -0.005532 -0.240429 2.426206 198.865005
41.006905 59.453144 1.144274 0.033793 -0.179512 2.216766 199.065002
40.844227 59.572411 1.144274 0.046935 -0.063529 1.824055 199.440002
40.647133 59.610359 1.144274 -0.010186 0.318193 -2.536877 202.145004
40.474545 59.483547 1.144274 -0.023927 0.318676 -2.465878 202.350006
40.315601 59.359459 1.144274 0.027640 0.199328 -2.419849 202.479996
40.153355 59.233414 1.144274 0.050715 0.104783 -2.385118 202.595001
39.986511 59.108295 1.144274 0.036258 0.061361 -2.396541 202.705002
39.812904 58.981964 1.144274 -0.002537 0.042490 -2.405738 202.815002
39.631413 58.848476 1.144274 -0.047366 -0.139886 -2.313355 202.929993
39.468952 58.726402 1.144274 -0.080343 -0.314031 -2.192929 203.044998
39.305725 58.606247 1.144274 -0.101549 -0.243562 -2.035851 203.195007
39.137829 58.491169 1.144274 -0.096634 -0.120263 -1.789759 203.429993
38.965157 58.389950 1.144274 -0.043321 -0.009567 -1.224268 203.970001
39.113003 58.245842 1.144274 -0.025251 0.319629 -0.470439 205.130005
39.292847 58.155006 1.144274 0.057439 0.234852 -0.441853 205.270004
39.475685 58.056026 1.144274 0.049673 0.130486 -0.448408 205.389999
39.654190 57.953114 1.144274 0.013998 0.076050 -0.453133 205.500000
39.830070 57.850258 1.144274 -0.016288 0.049486 -0.456751 205.604996
40.019455 57.744247 1.144274 -0.064781 0.034956 -0.408591 205.714996
40.223347 57.641228 1.144274 -0.079483 0.029152 -0.340237 205.830002
40.422741 57.550186 1.144274 -0.026334 0.024755 -0.354113 205.940002
40.624065 57.461746 1.144274 -0.023219 0.022273 -0.361339 206.050003
40.808865 57.384830 1.144274 -0.083601 0.020951 -0.290697 206.149994
40.995884 57.313923 1.144274 -0.070939 0.022861 -0.268257 206.250000
41.194469 57.246021 1.144274 -0.054135 0.021974 -0.209439 206.354996
41.394550 57.183022 1.144274 0.001564 0.020458 -0.235399 206.460007
41.585308 57.122917 1.144274 0.000971 0.019983 -0.244899 206.559998
41.776180 57.062599 1.144274 -0.008586 0.019354 -0.252121 206.660004
41.967323 57.002834 1.144274 -0.016034 0.019425 -0.258023 206.759995
42.158871 56.944290 1.144274 -0.019109 0.019008 -0.262748 206.860001
42.350845 56.887222 1.144274 -0.018201 0.018381 -0.266606 206.960007
42.543175 56.831509 1.144274 -0.013518 0.018938 -0.269717 207.059998
42.735764 56.776699 1.144274 -0.008855 0.018460 -0.273634 207.160004
42.928482 56.722328 1.144274 -0.003687 0.018602 -0.275530 207.259995
43.121181 56.667938 1.144274 -0.000069 0.018385 -0.277607 207.360001
43.313774 56.613190 1.144274 0.001991 0.019256 -0.278917 207.460007
43.506233 56.557903 1.144274 0.002125 0.018930 -0.279705 207.559998
43.698582 56.502075 1.144274 0.000936 0.018846 -0.280338 207.660004
43.890850 56.445812 1.144274 -0.000802 0.019180 -0.281205 207.759995
44.083000 56.388977 1.144274 0.055498 0.017546 -0.326542 207.860001
44.273304 56.327152 1.144274 0.083862 0.018392 -0.425433 207.960007
44.469379 56.253685 1.144274 0.085893 0.021993 -0.519247 208.065002
44.660988 56.171066 1.144274 0.098370 0.028121 -0.606572 208.169998
44.847198 56.078281 1.144274 0.112068 0.034041 -0.686933 208.274994
45.026779 55.974159 1.144274 0.129452 0.039636 -0.767160 208.380005
45.207386 55.852982 1.144274 0.063311 0.037117 -0.764283 208.490005
45.375919 55.729694 1.144274 0.065288 0.031581 -0.755327 208.595001
45.540680 55.599720 1.144274 0.068533 0.024208 -0.748123 208.699997
45.693623 55.470200 1.144274 0.057553 0.018965 -0.740539 208.800003
45.843147 55.336250 1.144274 0.035550 0.017394 -0.736480 208.899994
45.990505 55.199528 1.144274 0.012779 0.016362 -0.733189 209.000000
46.137138 55.061764 1.144274 -0.006679 0.015927 -0.730529 209.100006
46.284267 54.924389 1.144274 -0.018595 0.014394 -0.728349 209.199997
46.432568 54.788334 1.144274 -0.024436 0.015212 -0.726388 209.300003
46.605053 54.633976 1.144274 -0.022967 0.014961 -0.724822 209.414993
46.786976 54.475060 1.144274 0.023313 0.014399 -0.748230 209.535004
46.936863 54.340988 1.144274 0.076514 0.014949 -0.843251 209.634995
47.081131 54.201836 1.144274 0.087781 0.018989 -0.929964 209.735001
47.225281 54.049603 1.144274 0.053833 0.022583 -0.988085 209.839996
47.363525 53.892338 1.144274 0.062012 0.026114 -1.024282 209.945007
47.493610 53.731609 1.144274 0.138304 -0.115775 -1.146359 210.050003
47.609936 53.568367 1.144274 0.156562 -0.097827 -1.225077 210.160004
47.723164 53.374592 1.144274 0.150624 -0.029251 -1.305817 210.294998
47.805737 53.188152 1.144274 0.130664 0.002385 -1.376925 210.425003
47.868889 52.991661 1.144274 0.105140 0.015824 -1.447415 210.559998
47.915287 52.784637 1.144274 0.077655 0.019125 -1.516477 210.699997
47.947823 52.582924 1.144274 0.038616 0.017221 -1.529258 210.835007
47.974266 52.380032 1.144274 0.048399 0.015762 -1.570404 210.970001
47.991047 52.178703 1.144274 0.072320 0.172884 -1.645079 211.100006
47.996223 51.972649 1.144274 -0.011555 0.133771 -1.653205 211.220001
48.000046 51.750130 1.144274 -0.003154 0.085364 -1.641854 211.339996
48.002941 51.537842 1.144274 0.017268 0.053943 -1.633783 211.449997
48.003387 51.331539 1.144274 0.028439 0.037744 -1.627668 211.554993
48.000584 51.123489 1.144274 0.029456 0.029306 -1.622732 211.660004
47.994576 50.914585 1.144274 0.022294 0.025485 -1.618758 211.764999
47.986782 50.705261 1.144274 -0.054151 0.020639 -1.555416 211.869995
47.984165 50.496014 1.144274 -0.038110 0.021718 -1.483110 211.975006
47.986164 50.276978 1.144274 -0.007063 0.023686 -1.488236 212.085007
47.989338 50.067612 1.144274 -0.019262 0.023826 -1.492172 212.190002
47.994781 49.858059 1.144274 -0.028694 0.022540 -1.495354 212.294998
48.003460 49.648502 1.144274 -0.029790 0.022057 -1.497894 212.399994
48.015797 49.439075 1.144274 -0.084518 0.019355 -1.450308 212.505005
48.034187 49.230259 1.144274 -0.028466 0.020818 -1.449241 212.610001
48.057220 49.011841 1.144274 -0.019889 0.020661 -1.449278 212.720001
48.084061 48.783730 1.144274 -0.013928 0.021265 -1.449308 212.835007
48.110378 48.575554 1.144274 -0.007722 0.020497 -1.449330 212.940002
48.139011 48.357521 1.144274 -0.000254 0.020561 -1.449348 213.050003
48.166607 48.149391 1.144274 0.005116 0.020372 -1.449363 213.154999
48.193851 47.941189 1.144274 0.008576 0.019543 -1.449373 213.259995
48.220413 47.732929 1.144274 0.009377 0.020091 -1.449383 213.365005
48.246212 47.524567 1.144274 0.008525 0.019427 -1.449389 213.470001
48.271339 47.316204 1.144274 0.006040 0.019836 -1.449396 213.574997
48.296074 47.107750 1.144274 0.003302 0.020475 -1.449400 213.679993
48.320679 46.899227 1.144274 0.001194 0.019931 -1.449404 213.785004
48.346588 46.680775 1.144274 -0.000152 0.019896 -1.449407 213.895004
48.371559 46.472332 1.144274 -0.000541 0.019778 -1.449410 214.000000
48.396824 46.263889 1.144274 -0.000154 0.020432 -1.449411 214.104996
48.421669 46.055397 1.144274 0.070093 0.018510 -1.512230 214.210007
48.442448 45.846684 1.144274 0.012941 0.021369 -1.512111 214.315002
48.465164 45.598000 1.144274 0.014309 0.020672 -1.511223 214.440002
48.482685 45.388943 1.144274 0.019641 0.021025 -1.510636 214.544998
48.498234 45.179710 1.144274 0.020310 0.020548 -1.510170 214.649994
48.511795 44.970314 1.144274 0.016283 0.020351 -1.509797 214.755005
48.523785 44.760830 1.144274 0.009961 0.019964 -1.509496 214.860001
48.534882 44.551285 1.144274 0.002940 0.020704 -1.509254 214.964996
48.545822 44.341721 1.144274 -0.002455 0.020437 -1.509059 215.070007
48.558861 44.102161 1.144274 -0.005765 0.020217 -1.508885 215.190002
48.573452 43.852680 1.144274 -0.005802 0.020128 -1.508743 215.315002
48.587154 43.633202 1.144274 -0.003921 0.020258 -1.508646 215.425003
48.600788 43.423717 1.144274 -0.001266 0.020697 -1.508573 215.529999
48.614685 43.214233 1.144274 0.000980 0.020117 -1.508513 215.634995
48.628593 43.004749 1.144274 0.002799 0.020544 -1.508465 215.740005
48.640282 42.788986 1.144274 0.097472 -0.133558 -1.690100 215.850006
48.641636 42.581795 1.144274 0.143241 -0.095099 -1.858010 215.964996
48.626457 42.377129 1.144274 0.151574 -0.020438 -2.010654 216.089996
48.583958 42.158070 1.144274 0.116499 0.022613 -2.141363 216.235001
48.522896 41.965050 1.144274 0.106982 0.036216 -2.193127 216.369995
48.442997 41.779819 1.144274 0.110014 0.036606 -2.254796 216.505005
48.345043 41.602993 1.144274 0.081526 0.030979 -2.293685 216.639999
48.233467 41.432861 1.144274 0.048146 0.021402 -2.280295 216.774994
48.099651 41.248756 1.144274 0.038304 0.014015 -2.269133 216.925003
47.972851 41.086895 1.144274 0.023694 0.011134 -2.261673 217.059998
47.841820 40.927845 1.144274 0.022703 0.050328 -2.294214 217.195007
47.706116 40.768753 1.144274 -0.013948 0.162903 -2.283842 217.324997
47.574257 40.612034 1.144274 -0.019144 0.113132 -2.276734 217.440002
47.440659 40.452641 1.144274 0.058817 0.070095 -2.349063 217.550003
47.306152 40.299129 1.144274 -0.066793 -0.038163 -2.262354 217.654999
47.173794 40.140018 1.144274 -0.081906 -0.127262 -2.144983 217.764999
47.037685 39.961552 1.144274 -0.034680 -0.069255 -2.121031 217.895004
46.914459 39.790932 1.144274 -0.061616 -0.027829 -2.082069 218.024994
46.800957 39.622112 1.144274 -0.017907 -0.006929 -2.080681 218.154999
46.683662 39.440926 1.144274 -0.051036 0.004275 -2.047614 218.294998
46.576519 39.264187 1.144274 -0.017322 0.007806 -2.041287 218.429993
46.472801 39.085953 1.144274 -0.052927 0.010466 -2.010208 218.565002
46.375237 38.904217 1.144274 -0.008774 0.101069 -1.992279 218.699997
46.281273 38.722549 1.144274 0.000186 0.159701 -2.002830 218.824997
46.186596 38.538048 1.144274 -0.003667 0.106018 -2.010429 218.940002
46.091412 38.351425 1.144274 -0.006300 0.064318 -2.016158 219.050003
45.998302 38.168320 1.171312 0.047452 0.039640 -2.060820 219.154999
45.899616 37.985405 1.169006 0.079892 0.028436 -2.166546 219.259995
45.792671 37.806351 1.169901 0.083140 0.025994 -2.260593 219.365005
45.677563 37.632412 1.173972 0.090772 0.027774 -2.346438 219.470001
45.559921 37.472668 1.228107 0.108158 0.031985 -2.427136 219.570007
45.427059 37.312790 1.224779 0.126687 0.037541 -2.508254 219.675003
45.283642 37.162933 1.221940 0.145251 0.042927 -2.588220 219.779999
45.129238 37.025066 1.204267 0.122752 -0.004682 -2.671281 219.884995
44.965656 36.895550 1.204267 0.097985 -0.224682 -2.786471 219.994995
44.791245 36.761543 1.204267 0.112835 -0.282632 -2.933077 220.134995
44.634060 36.635162 1.204267 0.114076 -0.173815 -3.126806 220.320007
44.484455 36.502140 1.204267 0.080720 -0.052466 2.810810 220.649994
44.683121 36.549904 1.204267 0.013717 0.139494 0.492826 223.264999
44.860146 36.651466 1.204267 0.073384 0.052578 0.514521 223.410004
45.045147 36.743568 1.204267 0.069394 0.023215 0.499506 223.550003
45.245354 36.829449 1.204267 0.026647 0.015836 0.487970 223.695007
45.443531 36.909451 1.204267 0.004787 0.151798 0.479605 223.835007
45.628941 36.986145 1.204267 -0.018551 0.156187 0.474141 223.955002
45.812763 37.066769 1.204267 -0.032549 0.101318 0.468887 224.065002
45.994423 37.152283 1.204267 -0.093452 0.060893 0.525899 224.169998
46.176670 37.246929 1.204267 -0.022699 0.041299 0.518943 224.274994
46.385994 37.359921 1.204267 -0.003535 0.027749 0.512655 224.395004
46.569077 37.461700 1.204267 -0.073543 0.008392 0.592740 224.500000
46.747360 37.568333 1.204267 -0.055734 -0.052441 0.649452 224.604996
46.924633 37.679276 1.204267 -0.010250 -0.108289 0.637768 224.714996
47.103321 37.792206 1.204267 -0.015663 -0.176105 0.647861 224.835007
47.273952 37.899700 1.204267 -0.044760 -0.283034 0.789237 224.970001
47.448689 38.004578 1.204267 -0.071557 -0.183642 0.993447 225.164993
47.627678 38.099995 1.204267 -0.061665 -0.056289 1.375686 225.529999
47.473099 38.251846 1.204267 0.012596 0.311793 2.832844 227.429993
47.280697 38.318089 1.204267 -0.001510 0.196058 2.864163 227.559998
47.085670 38.383793 1.204267 0.046176 0.110271 2.853999 227.675003
46.861752 38.463654 1.204267 0.062423 0.061227 2.776094 227.800003
46.670799 38.539246 1.204267 -0.007798 0.038786 2.722017 227.904999
46.477680 38.615871 1.204267 -0.050669 0.026432 2.734689 228.009995
46.281788 38.688751 1.204267 -0.036523 0.022683 2.743542 228.115005
46.026093 38.773964 1.204267 -0.044216 0.019358 2.849953 228.250000
45.825321 38.834808 1.204267 0.009164 0.020876 2.847482 228.354996
45.634171 38.893806 1.204267 0.015360 0.019692 2.845656 228.455002
45.443386 38.954494 1.204267 0.009386 0.019835 2.844183 228.554993
45.252831 39.016388 1.204267 0.002105 0.018899 2.842975 228.654999
45.061962 39.077240 1.204267 -0.029167 0.017698 2.891564 228.755005
44.870457 39.135498 1.204267 -0.012251 0.020047 2.887982 228.854996
44.678593 39.192776 1.204267 -0.015216 0.019106 2.885194 228.955002
44.485928 39.246693 1.204267 -0.050749 0.020335 2.945494 229.054993
44.282467 39.298248 1.204267 -0.048583 0.020495 2.954166 229.160004
44.077801 39.343391 1.204267 -0.117531 0.021628 3.057530 229.264999
43.871799 39.376812 1.204267 -0.074944 0.025455 3.106477 229.369995
43.665417 39.400002 1.204267 -0.119120 -0.013428 -3.077615 229.475006
43.463634 39.410732 1.204267 -0.119538 -0.066465 -2.991749 229.580002
43.255310 39.409782 1.204267 -0.098046 -0.107875 -2.948451 229.695007
43.041759 39.396992 1.204267 -0.070026 -0.085722 -2.916178 229.824997
42.836670 39.377537 1.204267 0.046047 0.000133 -3.116184 229.960007
42.634212 39.365376 1.204267 0.063630 0.013400 2.973333 230.095001
42.418621 39.365707 1.204267 0.077350 0.025434 2.802521 230.240005
42.198605 39.384434 1.204267 0.105523 0.041305 2.646209 230.389999
41.983974 39.427643 1.204267 0.121585 0.053729 2.505090 230.539993
41.784969 39.496670 1.204267 0.136449 0.060918 2.366959 230.684998
41.604450 39.590054 1.204267 0.098710 0.057979 2.279580 230.824997
41.434288 39.705044 1.204267 0.090736 0.048634 2.226243 230.964996
41.275864 39.838737 1.204267 0.096975 0.041918 2.139343 231.104996
41.135418 39.982956 1.204267 0.093738 0.036000 2.083398 231.240005
41.007278 40.139744 1.204267 0.088643 0.029892 2.023017 231.375000
40.891735 40.306919 1.204267 0.082671 0.026351 1.960680 231.509995
40.788532 40.482517 1.204267 0.075079 0.023477 1.897628 231.645004
40.693996 40.671665 1.204267 0.069547 0.022037 1.832325 231.785004
40.603809 40.887753 1.204267 0.068832 0.021573 1.758503 231.940002
40.537678 41.081974 1.204267 0.038183 0.149598 1.712792 232.074997
40.479908 41.281021 1.204267 0.005841 0.156398 1.727704 232.199997
40.425816 41.482910 1.204267 0.048557 0.102111 1.710408 232.315002
40.370190 41.724957 1.204267 0.059446 0.061049 1.712431 232.445007
40.331284 41.926792 1.204267 0.062422 0.040881 1.713715 232.550003
40.298306 42.131882 1.204267 0.051077 0.030172 1.714743 232.654999
40.270638 42.338882 1.204267 0.097331 0.023005 1.662004 232.759995
40.249542 42.547028 1.204267 0.016625 0.023040 1.666200 232.865005
40.230221 42.755634 1.204267 -0.006177 0.022108 1.669594 232.970001
40.210064 42.964375 1.204267 -0.013255 0.020946 1.672317 233.074997
40.187244 43.182980 1.204267 -0.013327 0.020815 1.674622 233.184998
40.163822 43.391560 1.204267 -0.009616 0.020332 1.676368 233.289993
40.139172 43.600071 1.204267 -0.004284 0.020081 1.677788 233.395004
40.113876 43.808514 1.204267 0.001078 0.019689 1.678925 233.500000
40.088509 44.016956 1.204267 0.005250 0.020412 1.679838 233.604996
40.063480 44.225449 1.204267 0.007474 0.019958 1.680573 233.710007
40.040180 44.424099 1.204267 0.007730 0.020407 1.681133 233.809998
40.012943 44.662586 1.204267 0.006709 0.019524 1.681671 233.929993
39.988548 44.881207 1.204267 0.004580 0.019697 1.682061 234.039993
39.965542 45.089890 1.204267 0.002629 0.019542 1.682362 234.145004
39.942604 45.298553 1.204267 0.000940 0.019416 1.682602 234.250000
39.919540 45.507149 1.204267 -0.000101 0.019571 1.682789 234.354996
39.896252 45.715672 1.204267 -0.000370 0.020681 1.682945 234.460007
39.872711 45.924194 1.204267 0.000088 0.020482 1.683069 234.565002
39.848972 46.132740 1.204267 0.000860 0.019974 1.683167 234.669998
39.825115 46.341297 1.204267 0.001703 0.020325 1.683245 234.774994
39.798573 46.589710 1.204267 0.083029 0.019214 1.591197 234.899994
39.784718 46.798458 1.204267 0.035074 0.022078 1.538549 235.005005
39.777824 47.007179 1.204267 0.032791 0.024667 1.489134 235.110001
39.777157 47.215897 1.204267 0.032949 0.025938 1.458233 235.214996
39.782440 47.444546 1.204267 0.094363 0.027409 1.398382 235.330002
39.796703 47.652561 1.204267 0.064798 0.029074 1.358152 235.434998
39.817863 47.860134 1.204267 0.013195 0.026395 1.376303 235.539993
39.841248 48.068001 1.204267 0.011055 0.024498 1.388022 235.645004
39.866268 48.276043 1.204267 0.013060 0.021884 1.397499 235.750000
39.893349 48.484001 1.204267 0.070711 0.022152 1.363740 235.854996
39.927616 48.690624 1.204267 0.097435 0.023919 1.272670 235.960007
39.972328 48.894646 1.204267 0.093445 0.026803 1.188479 236.065002
40.027420 49.095551 1.204267 0.092974 0.029977 1.110034 236.169998
40.092991 49.292812 1.204267 0.105534 0.034261 1.030652 236.274994
40.176754 49.504288 1.204267 0.041535 0.033494 1.020518 236.389999
40.261078 49.694817 1.204267 0.123566 0.035015 0.956565 236.494995
40.356358 49.880253 1.204267 0.060080 0.032572 0.957971 236.600006
40.458847 50.062786 1.204267 0.047354 0.026539 0.972122 236.705002
40.561363 50.234589 1.204267 0.040091 0.021912 0.981370 236.804993
40.669437 50.403313 1.204267 0.108161 0.020808 0.898893 236.904999
40.786179 50.565884 1.204267 0.103691 0.022442 0.812783 237.005005
40.917439 50.729496 1.204267 0.092325 0.023975 0.728404 237.110001
41.056526 50.885986 1.204267 0.095440 0.026997 0.646741 237.214996
41.230232 51.064495 1.204267 0.015912 0.024947 0.653979 237.339996
41.371830 51.205772 1.204267 0.019874 0.022979 0.668215 237.440002
41.529953 51.359734 1.204267 0.032109 0.020558 0.680700 237.550003
41.676273 51.497498 1.204267 0.034863 0.019059 0.689875 237.649994
41.825928 51.631779 1.204267 0.059542 0.018167 0.651256 237.750000
41.983910 51.765961 1.204267 0.038229 -0.181812 0.547387 237.854996
42.137207 51.894924 1.204267 0.067809 -0.322436 0.426956 237.970001
42.294113 52.031673 1.204267 0.093497 -0.233668 0.259399 238.130005
42.445892 52.174866 1.204267 0.088534 -0.103915 -0.012881 238.389999
42.579620 52.323624 1.204267 0.029320 -0.000663 -0.719761 239.065002
42.545959 52.112431 1.204267 0.019949 0.197940 -1.886806 240.539993
42.489758 51.917603 1.204267 0.008174 0.081861 -2.046512 240.695007
42.422394 51.707863 1.204267 0.028639 0.039706 -2.197310 240.850006
42.347336 51.502769 1.204267 0.032710 0.036653 -2.277468 241.000000
42.267204 51.312485 1.204267 0.045126 0.038713 -2.304825 241.139999
42.176060 51.124306 1.204267 0.053748 0.034289 -2.277840 241.279999
42.077248 50.946178 1.204267 0.068778 0.025116 -2.258440 241.414993
41.966946 50.773678 1.204267 0.060235 0.017599 -2.243787 241.550003
41.847221 50.606659 1.204267 0.037530 0.012106 -2.232775 241.684998
41.708466 50.424698 1.204267 0.005677 0.009466 -2.193175 241.835007
41.585766 50.264690 1.204267 -0.060268 0.162576 -2.149015 241.964996
41.463535 50.089748 1.204267 -0.073482 0.135019 -2.052230 242.089996
41.356667 49.917580 1.204267 -0.068044 0.090582 -1.972523 242.199997
41.258099 49.742500 1.204267 -0.074211 0.060328 -1.895002 242.304993
41.163742 49.560818 1.204267 -0.012791 0.043561 -1.894940 242.410004
41.070290 49.375725 1.204267 -0.031287 0.033742 -1.906065 242.514999
40.980488 49.188702 1.204267 -0.115202 -0.031907 -1.851534 242.619995
40.901447 49.004181 1.204267 -0.074864 -0.089781 -1.859211 242.725006
40.821396 48.790359 1.204267 -0.135773 0.071756 -1.799743 242.850006
40.764690 48.593796 1.204267 -0.063212 0.079730 -1.767232 242.960007
40.718121 48.397991 1.204267 -0.022684 0.058048 -1.727815 243.065002
40.673626 48.197601 1.204267 0.006233 0.041127 -1.737039 243.169998
40.625904 47.985298 1.204267 0.000091 0.030147 -1.744666 243.279999
40.573326 47.752277 1.204267 -0.009111 0.023995 -1.751239 243.399994
40.527912 47.547657 1.204267 -0.013956 0.022217 -1.755867 243.505005
40.483635 47.342518 1.204267 -0.015341 0.020528 -1.759514 243.610001
40.441116 47.136925 1.204267 -0.045237 0.019860 -1.727000 243.714996
40.394894 46.891384 1.204267 -0.054929 0.019786 -1.704268 243.839996
40.360695 46.684479 1.204267 -0.069711 0.020687 -1.656691 243.945007
40.333645 46.476917 1.204267 -0.042452 0.023126 -1.605651 244.050003
40.313484 46.268810 1.204267 -0.096921 0.026209 -1.530017 244.154999
40.303509 46.060463 1.204267 -0.102358 0.029218 -1.448554 244.259995
40.304993 45.852482 1.204267 -0.095839 0.032198 -1.373688 244.365005
40.315464 45.644829 1.204267 0.013332 0.026176 -1.424480 244.470001
40.327496 45.436569 1.204267 0.025990 0.022711 -1.482202 244.574997
40.338875 45.227810 1.204267 -0.018476 0.024048 -1.488703 244.679993
40.353531 44.998871 1.204267 -0.015055 0.022759 -1.494368 244.794998
40.368511 44.789669 1.204267 0.049473 0.019396 -1.541913 244.899994
40.380795 44.580402 1.204267 0.012479 0.021301 -1.552998 245.005005
40.391445 44.371029 1.204267 0.014049 0.021390 -1.552550 245.110001
40.401703 44.131542 1.204267 0.020295 0.021219 -1.552146 245.229996
40.408440 43.921844 1.204267 0.020453 0.020492 -1.551867 245.335007
40.413071 43.712067 1.204267 0.016279 0.020012 -1.551645 245.440002
40.416058 43.502262 1.204267 0.009446 0.020042 -1.551463 245.544998
40.418125 43.292458 1.204267 0.001922 0.021012 -1.551316 245.649994
40.421658 43.082771 1.204267 -0.030392 0.019601 -1.497456 245.755005
40.431656 42.873837 1.204267 -0.110029 0.021323 -1.387259 245.860001
40.453640 42.666885 1.204267 -0.127347 0.029387 -1.287554 245.964996
40.489647 42.462803 1.204267 -0.129780 0.036065 -1.198385 246.070007
40.540150 42.262253 1.204267 -0.129552 0.039910 -1.115208 246.175003
40.605095 42.066032 1.204267 -0.130931 0.041941 -1.034585 246.279999
40.688408 41.866077 1.204267 -0.129495 0.042392 -0.954061 246.389999
40.786819 41.672890 1.204267 -0.129370 0.042275 -0.873914 246.500000
40.894310 41.495815 1.204267 -0.128021 0.041967 -0.799272 246.604996
41.014355 41.326748 1.204267 -0.130494 0.041539 -0.724681 246.710007
41.166122 41.144539 1.204267 -0.130181 0.041231 -0.642071 246.830002
41.310310 40.994915 1.204267 -0.063064 0.036134 -0.626692 246.934998
41.461132 40.850403 1.204267 -0.063140 0.030981 -0.637012 247.039993
41.617538 40.710506 1.204267 -0.071432 0.024787 -0.642971 247.145004
41.779366 40.576061 1.204267 -0.064792 0.019837 -0.647781 247.250000
41.937649 40.452682 1.204267 -0.046957 0.016746 -0.651436 247.350006
42.096844 40.331535 1.204267 0.042008 -0.029037 -0.748484 247.449997
42.258018 40.205582 1.204267 0.042065 -0.087355 -0.778317 247.554993
42.415634 40.079273 1.204267 0.025320 -0.126402 -0.762944 247.664993
42.583195 39.940937 1.204267 0.021960 -0.075566 -0.755768 247.794998
42.750458 39.801670 1.204267 -0.047340 -0.006178 -0.601448 247.934998
42.913548 39.676003 1.204267 -0.051063 0.009241 -0.506632 248.070007
43.081165 39.558319 1.204267 -0.062479 0.015449 -0.431271 248.205002
43.267487 39.442654 1.204267 -0.078220 0.020645 -0.339723 248.350006
43.454563 39.344639 1.204267 -0.089037 0.023661 -0.255293 248.490005
43.676510 39.251125 1.204267 -0.037833 0.022654 -0.216890 248.649994
43.882481 39.176186 1.204267 -0.097537 0.018239 -0.168966 248.794998
44.107357 39.116268 1.204267 -0.131256 0.028078 0.033131 248.949997
44.320660 39.087814 1.204267 -0.111053 0.036096 0.189235 249.095001
44.527222 39.083607 1.204267 -0.105209 0.040100 0.332254 249.235001
44.732239 39.101418 1.204267 -0.110178 0.044284 0.466694 249.375000
44.933304 39.141819 1.204267 -0.116516 0.048884 0.597264 249.514999
45.127266 39.206402 1.204267 -0.124060 0.053653 0.731570 249.654999
45.311031 39.295303 1.204267 -0.098910 -0.006519 0.783750 249.794998
45.484978 39.399490 1.204267 -0.043857 -0.239705 0.626665 249.945007
45.652386 39.510189 1.204267 0.017733 -0.175329 0.406747 250.154999
45.816864 39.634853 1.204267 0.038789 -0.049705 -0.059270 250.600006
46.004250 39.554829 1.204267 -0.046052 0.331215 -0.976582 251.664993
46.135311 39.399204 1.204267 -0.041281 0.270287 -0.981539 251.815002
46.275181 39.236607 1.204267 -0.015503 0.149032 -0.933213 251.940002
46.409920 39.079678 1.204267 0.091019 0.074677 -0.897491 252.050003
46.535542 38.918774 1.204267 0.145231 0.033949 -0.919802 252.154999
46.651005 38.747269 1.204267 0.110796 0.022217 -0.931413 252.259995
46.758114 38.568443 1.204267 0.057022 0.020535 -0.940694 252.365005
46.861290 38.385983 1.204267 0.006952 0.022091 -0.948205 252.470001
46.959831 38.211586 1.204267 -0.028992 0.022258 -0.953922 252.570007
47.061455 38.038570 1.204267 -0.046808 0.020825 -0.958574 252.669998
47.167389 37.867996 1.204267 -0.050630 0.018045 -0.962378 252.770004
47.277718 37.700119 1.204267 -0.040716 0.017225 -0.965459 252.869995
47.391193 37.534233 1.204267 0.019883 0.014126 -1.012080 252.970001
47.504059 37.368053 1.204267 0.062977 0.014812 -1.067209 253.070007
47.611862 37.199211 1.204267 0.059367 0.018632 -1.136334 253.169998
47.719296 37.018856 1.204267 0.087850 0.023014 -1.176448 253.274994
47.824196 36.825905 1.204267 0.082364 0.024211 -1.224671 253.384995
47.921192 36.629101 1.204267 0.055601 0.026449 -1.239350 253.494995
48.007835 36.438160 1.204267 0.116537 0.023531 -1.277277 253.600006
48.085075 36.243549 1.204267 0.077660 0.025964 -1.288891 253.705002
48.154461 36.045841 1.204267 0.064447 0.024021 -1.284437 253.809998
48.215046 35.845169 1.204267 0.134153 0.022600 -1.383910 253.914993
48.270458 35.612446 1.204267 0.067345 0.024335 -1.422831 254.035004
48.312222 35.407177 1.204267 0.009949 0.022445 -1.412594 254.139999
48.352970 35.201397 1.204267 0.001867 0.021836 -1.405924 254.244995
48.391823 35.005207 1.204267 0.002331 0.020357 -1.400850 254.345001
48.430702 34.808929 1.204267 0.003879 0.020298 -1.396752 254.445007
48.469467 34.612560 1.204267 0.004949 0.019857 -1.393394 254.544998
48.508396 34.406067 1.204267 0.056292 0.019012 -1.458708 254.649994
48.542938 34.199074 1.204267 0.002756 0.019873 -1.448750 254.755005
48.577114 33.991993 1.204267 -0.001409 0.020539 -1.442010 254.860001
48.609745 33.784687 1.204267 0.019790 0.020792 -1.478755 254.964996
48.640072 33.577049 1.204267 0.008497 0.020686 -1.473104 255.070007
48.669537 33.369202 1.204267 0.012534 0.020484 -1.468497 255.175003
48.701736 33.131416 1.204267 0.015847 0.020708 -1.464372 255.294998
48.729221 32.913185 1.204267 0.075365 0.018651 -1.509716 255.404999
48.749580 32.704563 1.204267 0.027475 0.022115 -1.526085 255.509995
48.768948 32.465790 1.204267 0.015790 0.021961 -1.522252 255.630005
48.784122 32.256596 1.204267 0.014787 0.021258 -1.519597 255.735001
48.797832 32.047340 1.204267 0.009230 -0.038651 -1.544192 255.839996
48.810329 31.846626 1.204267 0.027050 -0.248651 -1.654151 255.945007
48.824135 31.646452 1.204267 0.064333 -0.310588 -1.785048 256.070007
48.843479 31.442898 1.204267 0.087943 -0.196858 -1.973532 256.250000
48.872238 31.244625 1.204267 0.075455 -0.071749 -2.298144 256.559998
48.683567 31.324865 1.204267 0.018447 0.301092 2.276885 258.644989
48.553848 31.479912 1.204267 0.022545 0.181635 2.266666 258.769989
48.415802 31.649776 1.204267 0.023064 0.095957 2.259096 258.890015
48.290466 31.807821 1.204267 0.019929 0.056499 2.253857 258.994995
48.163853 31.970869 1.204267 0.068734 0.033249 2.206654 259.100006
48.040951 32.139233 1.204267 0.024806 0.025226 2.159070 259.204987
47.897358 32.343208 1.204267 0.019906 0.021440 2.129210 259.329987
47.783909 32.508114 1.204267 0.031391 0.019113 2.092992 259.429993
47.667229 32.683128 1.204267 0.042742 0.018455 2.057520 259.535004
47.559967 32.852184 1.204267 0.093661 0.019969 1.991109 259.635010
47.454029 33.033257 1.204267 0.034464 0.022528 1.987339 259.739990
47.346737 33.225353 1.204267 0.033753 0.022583 1.999385 259.850006
47.251930 33.401905 1.204267 0.037538 0.020311 2.006722 259.950012
47.160027 33.580212 1.204267 0.034894 0.018849 2.011548 260.049988
47.070797 33.759975 1.204267 0.027197 0.017149 2.015444 260.149994
46.983528 33.940739 1.204267 0.015087 0.017632 2.018731 260.250000
46.897224 34.122013 1.204267 0.004883 0.017166 2.021581 260.350006
46.810955 34.303322 1.204267 -0.003195 0.017165 2.023601 260.450012
46.724018 34.484341 1.204267 -0.007906 0.017079 2.025961 260.549988
46.636055 34.664883 1.204267 -0.008629 0.016824 2.027129 260.649994
46.546829 34.844810 1.204267 -0.060610 0.016240 2.068143 260.750000
46.452782 35.022045 1.190783 -0.032773 0.017166 2.124979 260.850006
46.353981 35.196369 1.187195 -0.060163 -0.003129 2.178288 260.950012
46.247540 35.371288 1.188581 -0.096680 -0.139417 2.303116 261.054993
46.133690 35.542648 1.189856 -0.105331 -0.092162 2.422014 261.170013
46.010731 35.708046 1.191011 -0.094133 -0.031433 2.509532 261.295013
45.868347 35.874836 1.192073 -0.083354 0.004267 2.558551 261.434998
45.723072 36.021866 1.192899 -0.088617 0.018727 2.614170 261.570007
45.568031 36.155716 1.193567 -0.090343 0.023922 2.676881 261.704987
45.403278 36.276268 1.194111 -0.083320 0.023453 2.735725 261.839996
45.230061 36.383957 1.194550 -0.079579 0.023474 2.798072 261.975006
45.049686 36.479160 1.194909 -0.075203 0.022720 2.861313 262.109985
44.863438 36.562283 1.174128 -0.072509 0.022182 2.927659 262.244995
44.665108 36.634342 1.187404 -0.097844 0.023767 3.050352 262.385010
44.455318 36.689053 1.189189 -0.096542 0.031879 -3.099840 262.529999
44.257118 36.720562 1.190529 -0.078793 0.033803 -2.993559 262.665009
44.056911 36.736351 1.191606 -0.034228 0.030519 -2.983356 262.799988
43.854557 36.743618 1.192485 -0.067376 0.027395 -2.971644 262.934998
43.651432 36.739151 1.193193 -0.072187 0.024587 -2.917897 263.070007
43.448597 36.722523 1.193770 -0.036695 0.020435 -2.916813 263.204987
43.245777 36.698662 1.194239 -0.018711 0.016062 -2.932665 263.339996
43.042900 36.670822 1.194619 -0.017530 0.013997 -2.943959 263.475006
42.840244 36.639515 1.194929 -0.013434 0.012280 -2.952491 263.609985
42.638252 36.605618 1.195170 -0.005248 0.171533 -2.958667 263.739990
42.440456 36.571053 1.195347 0.000294 0.129379 -2.962922 263.855011
42.238140 36.535393 1.195490 0.005184 0.080969 -2.966140 263.964996
42.038162 36.500450 1.195605 0.008884 0.051160 -2.968591 264.070007
41.834614 36.465553 1.195702 0.010300 0.035337 -2.970548 264.175995
41.619381 36.429516 1.195789 0.009386 0.027280 -2.972188 264.285004
41.403107 36.394081 1.195861 0.007054 0.023272 -2.973478 264.394989
41.196178 36.360653 1.195919 0.004824 0.020927 -2.974471 264.500000
40.989040 36.327396 1.195970 0.002198 0.021061 -2.975262 264.605011
40.781799 36.294056 1.196013 0.000710 0.020311 -2.975907 264.709991
40.554928 36.257214 1.196052 -0.045219 -0.030748 -2.922675 264.825012
40.338211 36.216072 1.196085 -0.111439 -0.134384 -2.727802 264.940002
40.144287 36.167381 1.212004 -0.131736 -0.073123 -2.601087 265.054993
39.934113 36.092133 1.211994 -0.175746 0.002263 -2.417953 265.195007
39.741810 35.987980 1.211975 -0.159285 0.038869 -2.256481 265.339996
39.571743 35.857651 1.211959 -0.135477 0.047225 -2.114877 265.484985
39.426960 35.711037 1.211947 -0.124279 0.046828 -1.973897 265.625000
39.301487 35.547924 1.211937 -0.118156 0.047692 -1.842163 265.765015
39.196030 35.371376 1.211930 -0.116836 0.048233 -1.713393 265.904999
39.109566 35.177177 1.211923 -0.120328 0.050918 -1.581440 266.049988
39.049473 34.981258 1.211918 -0.088398 0.049933 -1.504430 266.190002
39.008392 34.778950 1.211915 -0.093176 0.045171 -1.460791 266.329987
38.986618 34.579578 1.211912 -0.098650 0.039389 -1.408421 266.464996
38.983345 34.378155 1.211908 -0.093411 0.033517 -1.349390 266.600006
38.997524 34.176537 1.211905 -0.085023 0.029673 -1.290335 266.734985
39.027523 33.976059 1.211904 -0.074493 0.025856 -1.226710 266.869995
39.071560 33.777702 1.211904 -0.064861 0.022813 -1.163217 267.005005
39.126244 33.580288 1.211904 0.003859 0.143179 -1.171027 267.140015
39.184975 33.381767 1.211904 -0.005979 0.160959 -1.185805 267.265015
39.251232 33.173595 1.211904 -0.048980 0.098098 -1.160797 267.385010
39.321373 32.975349 1.211904 -0.023419 0.060832 -1.173153 267.494995
39.392025 32.782310 1.211904 -0.001165 0.039435 -1.217624 267.600006
39.469589 32.568096 1.211904 -0.012287 0.026798 -1.246217 267.714996
39.550129 32.343105 1.211904 0.020531 0.020812 -1.300821 267.834991
39.626221 32.126717 1.211904 0.001426 0.021971 -1.275206 267.950012
39.696209 31.928841 1.211904 -0.028582 0.020664 -1.237581 268.054993
39.763451 31.740282 1.211904 -0.020401 0.019802 -1.201393 268.154999
39.832642 31.552378 1.211904 -0.035154 0.016889 -1.116581 268.255005
39.907021 31.356005 1.211904 0.007274 0.015344 -1.107609 268.359985
39.982231 31.160290 1.211904 -0.061649 0.020156 -1.021982 268.464996
40.063332 30.967672 1.211904 -0.003449 0.021256 -1.010344 268.570007
40.145977 30.775454 1.211904 -0.013006 0.024117 -1.070737 268.674988
40.230495 30.583418 1.211904 -0.040370 0.022905 -1.077551 268.779999
40.323498 30.383863 1.211904 0.027223 0.015332 -1.143390 268.890015
40.411945 30.193283 1.211904 0.001510 0.018600 -1.177500 268.994995
40.495987 30.011568 1.211904 0.013925 0.018753 -1.181686 269.095001
40.578953 29.829182 1.211904 0.035064 0.019422 -1.185050 269.195007
40.659958 29.638607 1.211904 0.114824 -0.128330 -1.334952 269.299988
40.730530 29.442299 1.211904 0.160137 -0.099680 -1.505828 269.415009
40.784779 29.242836 1.211904 0.115805 -0.032924 -1.572461 269.540009
40.822010 29.042721 1.211904 0.105266 0.003754 -1.632538 269.670013
40.842239 28.837595 1.211904 0.094435 0.017815 -1.692671 269.804993
40.842037 28.619131 1.211904 0.106228 0.026447 -1.844813 269.950012
40.820801 28.410734 1.211904 0.071087 0.028077 -1.904664 270.089996
40.778385 28.174648 1.211904 0.072610 0.027311 -1.977541 270.250000
40.723560 27.963793 1.211904 0.070866 0.025243 -2.045024 270.394989
40.656101 27.764210 1.211904 0.053412 0.023730 -2.100030 270.535004
40.581139 27.574564 1.211904 0.040103 0.019775 -2.094198 270.670013
40.498428 27.387407 1.211904 0.030114 0.016134 -2.103943 270.804993
40.409428 27.202385 1.211904 0.015708 0.073597 -2.090055 270.940002
40.316452 27.023605 1.211904 0.025451 0.167403 -2.117167 271.065002
40.214672 26.845915 1.211904 0.007386 0.113199 -2.151929 271.179993
40.108044 26.667467 1.211904 0.063319 0.070859 -2.206584 271.290009
39.992474 26.487206 1.211904 0.048197 0.044304 -2.259055 271.399994
39.875023 26.316650 1.211904 0.089456 0.035012 -2.348694 271.505005
39.748760 26.151575 1.211904 0.104334 0.033641 -2.431824 271.609985
39.608086 25.984707 1.211904 0.037061 0.030701 -2.410394 271.720001
39.468739 25.828377 1.211904 0.083667 0.028336 -2.436965 271.825012
39.308575 25.663406 1.211904 0.084241 0.024727 -2.469422 271.940002
39.162540 25.526621 1.211904 0.116366 0.024685 -2.534436 272.040009
39.010612 25.396433 1.211904 0.025957 0.022088 -2.515680 272.140015
38.856472 25.268158 1.211904 0.005218 0.019086 -2.503059 272.239990
38.701691 25.140060 1.211904 0.000507 0.016843 -2.492689 272.339996
38.538990 25.005405 1.211904 -0.000820 0.015956 -2.483920 272.445007
38.384995 24.875986 1.211904 -0.079271 0.011562 -2.387792 272.545013
38.236145 24.741470 1.211904 -0.041368 0.015137 -2.321802 272.644989
38.083279 24.596827 1.211904 -0.008071 0.017618 -2.327873 272.750000
37.938354 24.458027 1.211904 -0.014645 0.018316 -2.330978 272.850006
37.794430 24.317827 1.222724 -0.067696 0.015957 -2.301195 272.950012
37.655239 24.173302 1.228072 -0.063011 0.017655 -2.240681 273.049988
37.520805 24.024580 1.227996 -0.026067 0.019090 -2.249101 273.149994
37.388222 23.873838 1.227930 -0.021845 0.017692 -2.256826 273.250000
37.257061 23.721550 1.227874 -0.019879 0.016033 -2.260085 273.350006
37.127220 23.568001 1.227827 -0.015611 0.015825 -2.263635 273.450012
36.998379 23.413511 1.227786 -0.009363 0.015722 -2.265850 273.549988
36.870037 23.258512 1.227751 -0.002118 0.015333 -2.268525 273.649994
36.741718 23.103437 1.227721 0.001989 0.014722 -2.269278 273.750000
36.608566 22.942932 1.227717 0.010098 -0.165213 -2.358356 273.855011
36.478672 22.785610 1.227717 0.049339 -0.325698 -2.478777 273.970001
36.345844 22.618849 1.227717 0.082106 -0.246700 -2.646318 274.130005
36.226433 22.456865 1.227717 0.086142 -0.121555 -2.897630 274.369995
36.119865 22.287165 1.227717 0.037643 -0.008335 2.772981 274.954987
36.198181 22.473942 1.227717 0.021491 0.318160 1.130336 276.954987
36.286846 22.659384 1.227717 0.045269 0.069027 0.957838 277.095001
36.401272 22.873154 1.227717 0.010109 -0.010151 0.847949 277.250000
36.498993 23.047821 1.227717 0.045375 0.006360 0.791837 277.380005
36.606560 23.222660 1.227717 0.073597 0.019991 0.730894 277.515015
36.725208 23.388374 1.227717 0.090858 0.027099 0.672521 277.649994
36.866936 23.554506 1.227717 0.057455 0.025448 0.651974 277.795013
37.008904 23.701441 1.227717 0.055936 0.019625 0.665041 277.929993
37.158638 23.841768 1.227717 0.048837 0.014639 0.674857 278.065002
37.311192 23.973122 1.227717 0.035805 0.161266 0.681925 278.195007
37.505215 24.130791 1.227717 -0.031488 0.124520 0.715465 278.339996
37.662304 24.263229 1.227717 -0.083555 0.080279 0.819093 278.450012
37.810650 24.401175 1.227717 -0.085282 0.053089 0.908509 278.554993
37.956039 24.546967 1.227717 -0.038748 0.038183 0.918308 278.660004
38.098183 24.698391 1.227717 -0.117955 0.034356 1.015368 278.765015
38.230728 24.858356 1.227717 -0.128689 0.036968 1.095947 278.869995
38.352901 25.026506 1.227717 -0.118309 0.036962 1.132056 278.975006
38.475666 25.218895 1.227717 -0.094054 0.033623 1.161376 279.089996
38.579197 25.400539 1.227717 -0.057289 0.028141 1.150279 279.195007
38.677719 25.585844 1.227717 -0.046314 0.023314 1.141421 279.299988
38.767902 25.764776 1.227717 -0.034542 0.020338 1.134578 279.399994
38.855511 25.945286 1.227717 -0.020271 0.018180 1.129098 279.500000
38.941727 26.126587 1.227717 -0.006324 0.017023 1.124664 279.600006
39.027744 26.308025 1.227717 0.004460 0.017136 1.121034 279.700012
39.114223 26.489288 1.227717 -0.046705 0.016434 1.162464 279.799988
39.197140 26.671963 1.227717 -0.076623 0.017591 1.255342 279.899994
39.277069 26.866119 1.227717 -0.028400 0.018530 1.304438 280.005005
39.362583 27.089788 1.227717 -0.049056 0.022469 1.359529 280.125000
39.435963 27.296515 1.227717 -0.060510 0.024973 1.367636 280.234985
39.500988 27.495588 1.227717 -0.081060 0.026444 1.397368 280.339996
39.561405 27.706404 1.227717 -0.047555 0.026402 1.395282 280.450012
39.613838 27.909370 1.227717 -0.038802 0.024247 1.386967 280.554993
39.662502 28.113573 1.227717 -0.034616 0.022009 1.380221 280.660004
39.705814 28.308910 1.227717 -0.026489 0.020652 1.375013 280.760010
39.746971 28.504793 1.227717 -0.015218 0.020095 1.370822 280.859985
39.787045 28.700956 1.227717 -0.004692 0.019781 1.367434 280.959991
39.827007 28.897161 1.227717 0.003132 0.019124 1.364693 281.059998
39.867588 29.093210 1.227717 0.007832 0.019493 1.362481 281.160004
39.909206 29.289032 1.227717 0.008798 0.018839 1.360663 281.260010
39.951530 29.484665 1.227717 -0.055250 0.018152 1.408565 281.359985
39.991337 29.690664 1.227717 -0.041581 0.020623 1.464571 281.464996
40.025501 29.897310 1.227717 -0.020295 0.022213 1.499262 281.570007
40.056995 30.104416 1.227717 -0.008264 0.022948 1.491312 281.674988
40.090443 30.331703 1.227717 -0.018529 0.022298 1.484386 281.790009
40.120415 30.549582 1.227717 -0.024878 0.021467 1.479161 281.899994
40.146515 30.757950 1.227717 -0.024489 0.020620 1.475148 282.005005
40.170227 30.966602 1.227717 -0.019017 0.020242 1.471940 282.109985
40.196209 31.215267 1.227717 -0.009570 0.020003 1.468925 282.234985
40.219109 31.444132 1.227717 -0.001108 0.019823 1.466782 282.350006
40.240082 31.653072 1.227717 0.004193 0.020009 1.465222 282.454987
40.261711 31.861935 1.227717 0.006709 0.019661 1.463972 282.559998
40.286201 32.070335 1.227717 0.036919 0.020271 1.407143 282.665009
40.317051 32.277565 1.227717 0.089705 0.021542 1.307051 282.769989
40.357609 32.482460 1.227717 0.095515 0.026079 1.215209 282.875000
40.414162 32.703369 1.227717 0.100415 0.030907 1.122403 282.989990
40.480789 32.910503 1.227717 0.109269 0.035461 1.038166 283.100006
40.556671 33.103443 1.227717 0.121032 0.039645 0.960617 283.204987
40.654652 33.307983 1.227717 0.131560 0.042806 0.877437 283.320007
40.774128 33.512115 1.227717 0.136168 0.044271 0.794672 283.440002
40.891018 33.683334 1.227717 -0.014442 0.027278 0.903334 283.545013
41.010201 33.854530 1.227717 0.022878 0.026203 0.928455 283.649994
41.130798 34.026077 1.227717 0.005836 0.020385 0.979286 283.755005
41.246731 34.189388 1.227717 0.082257 0.016864 0.930499 283.855011
41.367481 34.349461 1.227717 0.019544 0.018380 0.917573 283.954987
41.490242 34.508377 1.227717 -0.005130 0.017262 0.920921 284.054993
41.612892 34.667667 1.227717 -0.013226 0.015978 0.923343 284.154999
41.734734 34.827717 1.227717 -0.014721 0.015071 0.925025 284.255005
41.855427 34.988655 1.227717 -0.067132 0.013901 0.966456 284.355011
41.972717 35.151901 1.227717 -0.016630 0.015511 0.973627 284.454987
42.088558 35.316044 1.227717 -0.005922 -0.002444 0.971796 284.554993
42.208157 35.486267 1.227717 -0.006039 -0.070271 0.969904 284.660004
42.328266 35.656906 1.227717 0.058767 0.004781 0.916018 284.769989
42.464199 35.836830 1.227717 0.074448 0.061724 0.807311 284.890015
42.593231 35.991745 1.264628 0.090816 -0.002320 0.692396 284.994995
42.732052 36.144138 1.263686 0.116138 -0.111825 0.558056 285.105011
42.891735 36.298996 1.262762 0.145960 -0.046107 0.392838 285.234985
43.052959 36.426277 1.262004 0.180784 0.010602 0.254385 285.364990
43.228394 36.531017 1.261368 0.128648 0.035428 0.209596 285.500000
43.413078 36.613571 1.260848 0.116754 0.036037 0.155468 285.635010
43.605450 36.676601 1.260425 0.083207 0.027893 0.123672 285.769989
43.802795 36.722740 1.260085 0.088538 0.026247 0.024609 285.904999
44.018181 36.754566 1.259788 0.075943 0.025265 -0.047728 286.049988
44.220608 36.769970 1.259567 0.067549 0.023325 -0.113448 286.184998
44.453873 36.772243 1.259365 0.065341 0.022804 -0.188488 286.339996
44.656811 36.761177 1.259225 0.063224 0.021876 -0.254733 286.475006
44.858627 36.738121 1.259111 0.065902 0.022452 -0.321613 286.609985
45.065853 36.700989 1.259015 0.074002 0.024896 -0.394375 286.750000
45.272869 36.646736 1.258938 0.116939 0.031089 -0.523855 286.890015
45.494236 36.561184 1.258869 0.099354 0.018464 -0.694799 287.045013
45.674904 36.468502 1.258822 0.103471 0.029153 -0.802797 287.179993
45.844627 36.360092 1.258784 0.084551 0.034937 -0.880477 287.315002
46.004688 36.237484 1.258753 0.092102 0.035655 -0.936816 287.450012
46.164600 36.090305 1.258726 0.095121 0.032086 -1.002199 287.595001
46.300900 35.939899 1.258705 0.090865 0.028393 -1.065326 287.730011
46.424717 35.778469 1.258689 0.082139 0.025289 -1.128858 287.864990
46.536522 35.608047 1.258676 0.074313 0.022934 -1.191691 288.000000
46.647346 35.410282 1.258664 0.067846 0.021174 -1.263401 288.149994
46.742027 35.209663 1.258655 0.075483 0.168379 -1.334492 288.295013
46.822353 34.995960 1.258649 0.070740 0.146127 -1.404903 288.429993
46.881416 34.802856 1.258644 0.075311 0.095809 -1.473718 288.540009
46.932362 34.599541 1.258639 0.066570 0.064851 -1.536429 288.649994
46.975021 34.399986 1.258637 0.011657 0.047536 -1.515264 288.755005
47.016090 34.197296 1.258634 0.022444 0.036998 -1.498051 288.859985
47.054832 33.992542 1.258632 0.035494 0.031169 -1.484245 288.964996
47.087269 33.786133 1.258629 0.089294 0.028361 -1.550556 289.070007
47.113804 33.548813 1.258627 0.038984 0.026493 -1.538816 289.190002
47.132275 33.340290 1.258625 0.034991 0.023266 -1.533216 289.295013
47.147102 33.131264 1.258625 0.029189 0.022496 -1.528699 289.399994
47.158936 32.921867 1.258625 0.019464 0.021350 -1.525091 289.505005
47.168835 32.712242 1.258625 0.008598 0.020410 -1.522188 289.609985
47.177940 32.502518 1.258625 -0.001528 0.020147 -1.519863 289.714996
47.187332 32.292858 1.258625 -0.008466 0.021033 -1.518021 289.820007
47.198784 32.063248 1.258625 -0.010819 0.020594 -1.516390 289.934998
47.210545 31.853640 1.258625 -0.009624 0.020289 -1.515215 290.040009
47.223431 31.644102 1.258625 -0.006613 0.019672 -1.514269 290.144989
47.237103 31.434649 1.258625 -0.002468 0.019635 -1.513507 290.250000
47.251106 31.225267 1.258625 0.001725 0.020385 -1.512899 290.355011
47.265038 31.015877 1.258625 0.004379 0.021181 -1.512409 290.459991
47.278618 30.806404 1.258625 0.005664 0.020269 -1.512015 290.565002
47.291714 30.596893 1.258625 0.005417 0.020662 -1.511694 290.670013
47.304363 30.387352 1.258625 0.004245 0.020107 -1.511445 290.774994
47.318768 30.147915 1.258625 -0.061507 0.017423 -1.459989 290.894989
47.337677 29.939478 1.258625 -0.103757 0.021338 -1.350081 291.000000
47.367794 29.733334 1.258625 -0.108162 0.027673 -1.256400 291.105011
47.407974 29.529285 1.258625 -0.031300 0.029703 -1.260278 291.209991
47.459538 29.296385 1.258625 -0.031765 0.027267 -1.268734 291.329987
47.516388 29.063866 1.258625 -0.035322 0.024489 -1.275316 291.450012
47.570633 28.861094 1.258625 -0.029713 0.021885 -1.279866 291.554993
47.625538 28.668615 1.258625 -0.018763 0.020587 -1.283337 291.654999
47.682514 28.476572 1.258625 -0.006041 0.019770 -1.286159 291.755005
47.740345 28.284685 1.258625 0.005397 0.018606 -1.288432 291.855011
47.797962 28.092718 1.258625 0.013401 0.018019 -1.290285 291.954987
47.854637 27.900513 1.258625 0.017186 0.018933 -1.291788 292.054993
47.910053 27.707949 1.258625 0.017757 0.017898 -1.293011 292.154999
47.964191 27.515062 1.258625 0.014736 0.017982 -1.294000 292.255005
48.017342 27.321949 1.258625 0.010167 0.018072 -1.294796 292.355011
48.069931 27.128717 1.258625 0.005222 0.019012 -1.295451 292.454987
48.122410 26.935431 1.258625 0.001379 0.019583 -1.295987 292.554993
48.175133 26.742165 1.258625 -0.000622 0.018256 -1.296419 292.654999
48.228275 26.549030 1.258625 -0.001372 0.018489 -1.296764 292.755005
48.281818 26.356026 1.258625 0.038287 0.018386 -1.321899 292.855011
48.331928 26.162300 1.258625 0.085693 0.019246 -1.419035 292.954987
48.376068 25.957575 1.258625 0.086134 0.022567 -1.509655 293.059998
48.412849 25.751940 1.258625 0.060616 0.025132 -1.534985 293.165009
48.445095 25.545517 1.258625 0.022813 0.025969 -1.525549 293.269989
48.475948 25.328428 1.258625 0.034869 0.025446 -1.517636 293.380005
48.502811 25.110483 1.258625 0.042031 0.023591 -1.511324 293.489990
48.524002 24.901806 1.258625 0.038820 0.021592 -1.506513 293.595001
48.541225 24.692707 1.258625 0.027423 0.021082 -1.502653 293.700012
48.555687 24.483337 1.258625 0.013875 0.020804 -1.499525 293.804993
48.568871 24.273838 1.258625 0.000666 0.020600 -1.497033 293.910004
48.581718 24.064314 1.258625 0.053093 0.019066 -1.546661 294.015015
48.593220 23.834805 1.258625 -0.009278 0.020371 -1.541836 294.130005
48.606155 23.595339 1.258625 -0.010493 0.020337 -1.537472 294.250000
48.618679 23.385839 1.258625 -0.003181 0.021325 -1.534454 294.355011
48.631565 23.176289 1.258625 0.003532 0.020004 -1.532055 294.459991
48.644131 22.966745 1.258625 0.008036 0.020836 -1.530120 294.565002
48.655914 22.757139 1.258625 0.009588 0.020693 -1.528555 294.670013
48.666767 22.547472 1.258625 0.008533 0.020829 -1.527305 294.774994
48.677269 22.327732 1.258625 0.005956 0.020786 -1.526253 294.885010
48.687183 22.107937 1.258625 0.002903 0.019914 -1.525422 294.994995
48.696411 21.898155 1.258625 0.000204 0.020675 -1.524783 295.100006
48.705269 21.698343 1.258625 -0.001531 0.019963 -1.524297 295.200012
48.714828 21.488579 1.258625 -0.002298 0.020158 -1.523876 295.304993
48.724728 21.278872 1.258625 -0.002125 0.020222 -1.523537 295.410004
48.734943 21.069176 1.258625 -0.001304 0.020259 -1.523273 295.515015
48.744244 20.839521 1.258625 0.014552 0.020638 -1.565217 295.630005
48.750645 20.629814 1.258625 0.005309 0.021077 -1.563707 295.734985
48.756393 20.420017 1.258625 0.008081 0.021222 -1.562493 295.839996
48.761284 20.210142 1.258625 0.010148 0.020346 -1.561520 295.945007
48.765110 20.000257 1.258625 0.009680 0.020615 -1.560737 296.049988
48.767941 19.790354 1.258625 0.007261 0.020817 -1.560104 296.154999
48.770035 19.580429 1.258625 0.004300 0.019472 -1.559595 296.260010
48.771755 19.370541 1.258625 0.000382 0.020759 -1.559188 296.364990
48.773460 19.160616 1.258625 -0.002014 0.020435 -1.558864 296.470001
48.775402 18.950706 1.258625 -0.003274 0.020106 -1.558601 296.575012
48.778206 18.700844 1.258625 -0.003276 0.020480 -1.558356 296.700012
48.780972 18.490959 1.258625 -0.002380 0.020597 -1.558192 296.804993
48.784019 18.281075 1.258625 -0.001160 0.020661 -1.558060 296.910004
48.787209 18.071190 1.258625 0.000163 0.020273 -1.557952 297.015015
48.790859 17.831358 1.258625 0.001228 0.020024 -1.557853 297.135010
48.793945 17.621553 1.258625 0.001650 0.020254 -1.557789 297.239990
48.797024 17.401756 1.258625 0.001614 0.020669 -1.557731 297.350006
48.799812 17.191912 1.258625 0.001295 0.020297 -1.557691 297.454987
48.802494 16.982067 1.258625 0.000854 0.019742 -1.557651 297.559998
48.805138 16.772223 1.258625 0.000295 0.020516 -1.557631 297.665009
48.807781 16.562351 1.258625 -0.000045 0.020524 -1.557611 297.769989
48.810429 16.352468 1.258625 -0.000229 0.020054 -1.557591 297.875000
48.813541 16.112646 1.258625 -0.000248 0.020378 -1.557568 297.994995
48.816326 15.902810 1.258625 -0.000127 0.020112 -1.557564 298.100006
48.818821 15.692989 1.258625 0.057883 0.019492 -1.604928 298.204987
48.818008 15.483309 1.258625 0.005504 0.020947 -1.607402 298.309998
48.815964 15.243679 1.258625 0.001998 0.021011 -1.604192 298.429993
48.813816 15.033939 1.258625 0.005820 0.020802 -1.601987 298.535004
48.810658 14.804182 1.258625 0.008024 0.020364 -1.600075 298.649994
48.806824 14.594389 1.258625 0.007555 0.020615 -1.598662 298.755005
48.802147 14.384584 1.258625 0.005439 0.020269 -1.597535 298.859985
48.796864 14.174790 1.258625 0.002330 0.020327 -1.596636 298.964996
48.791290 13.965006 1.258625 -0.000409 0.020300 -1.595904 299.070007
48.785725 13.755204 1.258625 -0.002581 0.020846 -1.595314 299.174988
48.779892 13.525388 1.258625 -0.003632 0.020231 -1.594808 299.290009
48.774918 13.315570 1.258625 -0.003517 0.020352 -1.594433 299.394989
48.770267 13.105765 1.258625 -0.002726 0.020394 -1.594133 299.500000
48.765858 12.895952 1.258625 -0.001539 0.020878 -1.593891 299.605011
48.761562 12.686117 1.258625 -0.000522 0.020560 -1.593700 299.709991
48.757275 12.476293 1.258625 0.000308 0.020676 -1.593549 299.815002
48.752697 12.256476 1.258625 0.000736 0.020547 -1.593418 299.924988
48.748188 12.046635 1.258625 0.000735 0.020630 -1.593323 300.029999
48.743565 11.836761 1.258625 0.000456 0.020360 -1.593243 300.135010
48.738842 11.626880 1.258625 0.000038 0.019924 -1.593179 300.239990
48.734055 11.417015 1.258625 -0.000362 0.020200 -1.593126 300.345001
48.729248 11.207150 1.258625 -0.000726 0.020212 -1.593086 300.450012
48.724514 10.997286 1.258625 -0.000925 0.019896 -1.593053 300.554993
48.719810 10.787439 1.258625 -0.000925 0.020067 -1.593033 300.660004
48.715164 10.577599 1.258625 -0.000799 0.020185 -1.593013 300.765015
48.710541 10.367769 1.258625 -0.000635 0.020628 -1.592993 300.869995
48.705757 10.147932 1.258625 -0.000435 0.020621 -1.592972 300.980011
48.701191 9.938058 1.258625 -0.000279 0.020512 -1.592968 301.084991
48.696125 9.708206 1.258625 -0.000218 0.020439 -1.592968 301.200012
48.691479 9.498333 1.258625 -0.000279 0.020876 -1.592968 301.304993
48.686832 9.288437 1.258625 -0.000360 0.020145 -1.592968 301.410004
48.681522 9.048558 1.258625 -0.000403 0.020349 -1.592968 301.529999
48.676876 8.838661 1.258625 -0.000429 0.020122 -1.592968 301.635010
48.672230 8.628778 1.258625 -0.000444 0.019919 -1.592968 301.739990
48.667583 8.418921 1.258625 -0.000443 0.020337 -1.592968 301.845001
48.662937 8.209056 1.258625 -0.000454 0.019919 -1.592968 301.950012
48.658291 7.999208 1.258625 -0.000452 0.020174 -1.592968 302.054993
48.653645 7.789362 1.258625 -0.000452 0.020259 -1.592968 302.160004
48.648998 7.579514 1.258625 -0.000459 0.019992 -1.592968 302.265015
48.645008 7.369682 1.258625 -0.058975 0.019593 -1.537817 302.369995
48.644722 7.159962 1.258625 -0.003551 0.021251 -1.541672 302.475006
48.645176 6.940189 1.258625 0.000750 0.020985 -1.544932 302.584991
48.645851 6.720556 1.258625 -0.063461 -0.048753 -1.470575 302.695007
48.650757 6.519669 1.258625 -0.053331 -0.131978 -1.427991 302.799988
48.660793 6.317939 1.258625 -0.053648 -0.087449 -1.430514 302.915009
48.677715 6.114051 1.258625 -0.048117 -0.037610 -1.432644 303.040009
48.703934 5.911589 1.258625 -0.046185 -0.009570 -1.386186 303.170013
48.737522 5.714131 1.258625 -0.016436 0.003164 -1.390495 303.299988
48.777424 5.503824 1.258625 -0.045092 0.007316 -1.334540 303.440002
48.822899 5.303461 1.258625 -0.011895 0.010309 -1.274970 303.575012
48.871437 5.103932 1.258625 0.019715 0.080444 -1.286461 303.709991
48.917549 4.907149 1.258625 0.014095 0.165038 -1.294653 303.834991
48.963940 4.707011 1.258625 -0.000009 0.112241 -1.300502 303.950012
49.011795 4.504579 1.258625 -0.007619 0.069434 -1.304906 304.059998
49.060169 4.306137 1.258625 -0.009625 0.046016 -1.308248 304.165009
49.115574 4.085984 1.258625 -0.006931 0.031742 -1.311151 304.279999
49.170280 3.874144 1.258625 -0.040049 0.025393 -1.289482 304.390015
49.227077 3.672626 1.258625 -0.022341 -0.002899 -1.237733 304.494995
49.287354 3.475082 1.258625 -0.045470 -0.064129 -1.170231 304.600006
49.351635 3.279018 1.258625 -0.013588 -0.116972 -1.135344 304.709991
49.429127 3.049845 1.258625 -0.061920 0.037652 -1.086197 304.850006
49.502480 2.861795 1.258625 -0.080052 -0.036661 -0.962638 304.970001
49.586376 2.677925 1.258625 -0.079236 -0.018974 -0.898059 305.095001
49.685368 2.492144 1.258625 -0.087950 0.005841 -0.829176 305.230011
49.795952 2.317857 1.258625 -0.088800 0.017396 -0.764256 305.364990
49.919064 2.154304 1.258625 -0.085808 0.022050 -0.699720 305.500000
50.059349 1.995705 1.258625 -0.077905 0.021764 -0.634244 305.640015
50.216545 1.842902 1.258625 -0.074902 0.021529 -0.561236 305.785004
50.384453 1.701888 1.258625 -0.077436 0.061186 -0.487907 305.929993
50.552658 1.581868 1.258625 -0.079354 0.179828 -0.423746 306.059998
50.725780 1.476944 1.258625 -0.080734 0.125842 -0.354147 306.174988
50.924759 1.372590 1.258625 -0.088560 0.079453 -0.273672 306.295013
51.109039 1.288907 1.258625 -0.097413 0.058672 -0.202693 306.399994
51.300011 1.214814 1.258625 -0.117984 0.051205 -0.128670 306.505005
51.496239 1.152855 1.258625 -0.133664 0.049553 -0.054481 306.609985
51.725517 1.099606 1.258625 -0.117680 0.048557 0.014453 306.730011
51.939251 1.064712 1.258625 -0.061627 0.041019 -0.003444 306.839996
52.155506 1.037523 1.258625 -0.060334 0.032542 -0.017780 306.950012
52.363445 1.018064 1.258625 -0.051324 0.027569 -0.028708 307.054993
52.572292 1.003938 1.258625 -0.035623 0.023771 -0.037461 307.160004
52.781631 0.993381 1.258625 -0.015962 0.021576 -0.044514 307.265015
52.991180 0.984320 1.258625 0.002916 0.021199 -0.050156 307.369995
53.230709 0.973343 1.258625 0.016198 0.020554 -0.055247 307.489990
53.440235 0.961834 1.258625 0.019986 0.020467 -0.058808 307.595001
53.649635 0.948090 1.258625 0.017895 0.020412 -0.061651 307.700012
53.858910 0.932326 1.258625 0.011966 0.020065 -0.063939 307.804993
54.068062 0.915181 1.258625 0.004361 0.019857 -0.065763 307.910004
54.307037 0.894929 1.258625 -0.003261 0.020541 -0.067429 308.029999
54.516216 0.877419 1.258625 -0.007566 0.020785 -0.068572 308.135010
54.725536 0.861628 1.258625 -0.040376 0.020697 -0.023799 308.239990
54.944984 0.848744 1.258625 0.000682 0.020724 -0.031558 308.350006
55.154488 0.836744 1.258625 -0.047821 0.020823 -0.000092 308.454987
55.363983 0.828967 1.258625 -0.018184 0.020755 0.042773 308.559998
55.573444 0.823917 1.258625 -0.002755 0.022331 0.036165 308.665009
55.783085 0.819461 1.258625 -0.010886 0.021554 0.030829 308.769989
56.012806 0.816118 1.258625 -0.019004 0.021917 0.026225 308.885010
56.232643 0.815247 1.258625 -0.019892 0.021028 0.022732 308.994995
56.442528 0.816622 1.258625 -0.015587 0.021251 0.020062 309.100006
56.652412 0.819695 1.258625 -0.008917 0.020234 0.017936 309.204987
56.862293 0.823754 1.258625 -0.001889 0.019833 0.016225 309.309998
57.072098 0.828032 1.258625 0.004158 0.020188 0.014856 309.415009
57.321865 0.832554 1.258625 0.007701 0.020311 0.013577 309.540009
57.531670 0.835507 1.258625 0.008011 0.020469 0.012716 309.644989
57.741531 0.837654 1.258625 0.006565 0.019829 0.012035 309.750000
57.951176 0.836938 1.258625 0.091545 0.017757 -0.094302 309.855011
58.159752 0.826684 1.258625 0.101567 0.024371 -0.193251 309.959991
58.366669 0.805149 1.258625 0.063310 0.028162 -0.261383 310.065002
58.572731 0.776261 1.258625 0.014183 0.028084 -0.247423 310.170013
58.798824 0.741659 1.258625 0.019874 0.026870 -0.235398 310.285004
59.015263 0.705543 1.258625 0.024087 0.023880 -0.226291 310.394989
59.221664 0.667986 1.258625 0.021904 0.021716 -0.219299 310.500000
59.427711 0.627736 1.258625 0.014025 0.020711 -0.213718 310.605011
59.623692 0.587681 1.258625 0.004798 0.020134 -0.209441 310.704987
59.819614 0.546856 1.258625 -0.003699 0.020208 -0.205941 310.804993
60.015610 0.506069 1.258625 -0.009837 0.019859 -0.203106 310.904999
60.211784 0.465906 1.258625 -0.013112 0.019071 -0.200817 311.005005
60.408142 0.426682 1.258625 -0.013287 0.019273 -0.198961 311.105011
60.604649 0.388432 1.258625 -0.011444 0.019068 -0.197458 311.204987
60.801273 0.350963 1.258625 -0.007818 0.019636 -0.196251 311.304993
60.997959 0.313941 1.258625 -0.004486 0.019731 -0.195262 311.404999
61.194645 0.277038 1.258625 -0.001465 0.019807 -0.194465 311.505005
61.391331 0.239975 1.258625 0.000229 0.019929 -0.193816 311.605011
61.587986 0.202594 1.258625 0.000763 0.019610 -0.193287 311.704987
61.784615 0.165097 1.258625 -0.056511 0.016767 -0.146861 311.804993
61.991371 0.129028 1.258625 -0.018056 0.020207 -0.134266 311.910004
62.198547 0.096917 1.258625 -0.035006 0.020898 -0.087850 312.015015
62.406204 0.069053 1.258625 -0.073777 0.021902 -0.044754 312.119995
62.634216 0.043763 1.258625 -0.013717 0.022260 -0.052983 312.234985
62.842751 0.022478 1.258625 -0.010859 0.022366 -0.059260 312.339996
63.051563 0.002275 1.258625 -0.012438 0.020823 -0.064307 312.445007
63.260548 -0.016738 1.258625 -0.011896 0.020919 -0.068417 312.549988
63.469685 -0.034655 1.258625 -0.009440 0.020326 -0.071665 312.654999
63.678932 -0.051428 1.258625 -0.065880 0.019667 -0.026601 312.760010
63.888302 -0.064569 1.258625 -0.007565 0.020158 -0.031078 312.864990
64.117653 -0.077827 1.258625 -0.001366 0.020338 -0.035046 312.980011
64.356972 -0.091304 1.258625 -0.056033 0.019314 0.000876 313.100006
64.596291 -0.099665 1.258625 -0.021889 0.022360 0.020789 313.220001
64.825783 -0.104193 1.258625 -0.019942 0.021906 0.018296 313.334991
65.035469 -0.106008 1.258625 -0.021469 0.022110 0.016510 313.440002
65.245300 -0.105505 1.258625 -0.019106 0.020530 0.015083 313.545013
65.455185 -0.102983 1.258625 -0.012016 0.021118 0.013937 313.649994
65.665070 -0.099171 1.258625 -0.004662 0.021053 0.013001 313.755005
65.874763 -0.092374 1.258625 -0.086639 0.018793 0.119060 313.859985
66.083244 -0.076498 1.258625 -0.091958 0.023453 0.215596 313.964996
66.289917 -0.050226 1.258625 -0.096190 0.027937 0.307272 314.070007
66.494232 -0.013030 1.258625 -0.101432 0.033391 0.387971 314.174988
66.724213 0.043546 1.258625 -0.057966 0.035984 0.433817 314.295013
66.933342 0.104484 1.258625 -0.038629 0.032583 0.410533 314.404999
67.170296 0.180636 1.258625 -0.045818 0.026802 0.390367 314.529999
67.368126 0.250480 1.258625 -0.041992 0.022888 0.379928 314.635010
67.573982 0.328718 1.258625 -0.029191 0.019286 0.374895 314.744995
67.759468 0.404325 1.258625 -0.094466 0.017008 0.457513 314.845001
67.950027 0.492373 1.258625 -0.039404 0.019634 0.514379 314.950012
68.138359 0.585091 1.258625 0.005544 0.019963 0.505390 315.054993
68.317978 0.673710 1.258625 0.007606 0.018855 0.498448 315.154999
68.497940 0.762248 1.258625 0.003108 0.017572 0.492814 315.255005
68.677933 0.850976 1.258625 -0.001150 0.017252 0.488219 315.355011
68.857750 0.940220 1.258625 -0.003695 0.017766 0.484533 315.454987
69.037308 1.030173 1.258625 -0.003727 0.016688 0.481540 315.554993
69.216545 1.120781 1.258625 -0.002111 0.016758 0.479100 315.654999
69.395592 1.211780 1.258625 0.046650 0.015183 0.443967 315.755005
69.575706 1.300374 1.258625 0.061305 0.016451 0.393386 315.855011
69.757233 1.385615 1.258625 0.007872 0.017580 0.398595 315.954987
69.939110 1.470213 1.258625 0.004314 0.017767 0.402881 316.054993
70.121147 1.554685 1.258625 0.008086 0.017629 0.406388 316.154999
70.303436 1.638739 1.258625 0.011353 0.017257 0.409235 316.255005
70.485245 1.723723 1.258625 -0.066299 0.015053 0.503711 316.355011
70.664711 1.812913 1.258625 0.001619 0.017133 0.506611 316.454987
70.843895 1.902817 1.258625 0.006104 0.017509 0.501286 316.554993
71.023186 1.992816 1.258625 -0.004042 0.018135 0.498638 316.654999
71.202194 2.083666 1.258625 -0.012420 0.018024 0.496741 316.755005
71.381348 2.174329 1.258625 0.064857 0.015310 0.404016 316.855011
71.562622 2.259684 1.258625 0.080272 0.007266 0.307304 316.954987
71.750969 2.339485 1.258625 0.096351 -0.136005 0.162551 317.059998
71.942886 2.410121 1.258625 0.171917 -0.080618 -0.013617 317.174988
72.138138 2.461461 1.258625 0.190535 -0.000263 -0.167643 317.299988
72.348557 2.484426 1.258625 0.184023 0.044658 -0.320128 317.440002
72.575188 2.467657 1.258625 0.155153 0.057663 -0.475808 317.595001
72.773659 2.418945 1.258625 0.112739 0.052861 -0.596422 317.734985
72.966873 2.347135 1.258625 0.071703 0.041376 -0.635880 317.875000
73.149452 2.262764 1.258625 0.074875 0.033830 -0.687309 318.010010
73.326569 2.164561 1.258625 0.077299 0.029233 -0.744971 318.144989
73.515907 2.041104 1.258625 0.028451 0.020909 -0.749944 318.295013
73.682419 1.922245 1.258625 0.028340 0.016049 -0.740703 318.429993
73.845184 1.797244 1.258625 0.039209 0.014222 -0.765018 318.565002
74.003693 1.666105 1.258625 0.028230 0.063156 -0.756007 318.700012
74.162148 1.528624 1.258625 -0.043025 0.160918 -0.694949 318.829987
74.319992 1.397666 1.258625 -0.054620 0.110525 -0.595227 318.945007
74.484344 1.271020 1.258625 -0.054124 0.069782 -0.506127 319.054993
74.649612 1.152424 1.258625 -0.066612 0.048938 -0.425296 319.160004
74.821465 1.039272 1.258625 -0.092432 0.042275 -0.346607 319.265015
74.999641 0.934873 1.258625 -0.116992 0.043443 -0.271790 319.369995
75.184288 0.842395 1.258625 -0.143922 0.048226 -0.196060 319.475006
75.375282 0.764259 1.258625 -0.096219 0.047566 -0.168347 319.579987
75.580734 0.693521 1.258625 -0.080265 0.039248 -0.182627 319.690002
75.780922 0.635652 1.258625 -0.156468 0.034268 -0.117998 319.795013
75.984596 0.591812 1.258625 -0.133598 0.032582 -0.075858 319.899994
76.190704 0.561594 1.258625 -0.071598 0.030629 -0.034043 320.005005
76.398262 0.539534 1.258625 -0.022052 0.026056 -0.046390 320.109985
76.606606 0.519913 1.258625 -0.009134 0.023257 -0.056383 320.214996
76.875023 0.495833 1.258625 -0.000937 0.021861 -0.066351 320.350006
77.083954 0.477126 1.258625 0.002527 0.020854 -0.072386 320.454987
77.293037 0.458003 1.258625 0.004154 0.020922 -0.077204 320.559998
77.492165 0.439246 1.258625 0.003955 0.020401 -0.080878 320.660004
77.691269 0.420307 1.258625 -0.057951 0.019268 -0.036536 320.760010
77.900322 0.405972 1.258625 -0.092106 0.021967 0.061956 320.864990
78.109001 0.401534 1.258625 -0.095213 0.026882 0.150016 320.970001
78.316841 0.407932 1.258625 -0.103701 0.032408 0.233961 321.075012
78.542870 0.428706 1.258625 -0.116563 0.038564 0.321310 321.190002
78.747520 0.459993 1.258625 -0.046544 0.036393 0.323534 321.295013
78.951958 0.497851 1.258625 -0.047252 0.032900 0.310469 321.399994
79.156174 0.541575 1.258625 -0.050968 0.028242 0.299855 321.505005
79.359627 0.591238 1.258625 -0.043942 0.024094 0.291371 321.609985
79.600739 0.656820 1.258625 -0.064015 0.021382 0.306709 321.734985
79.801170 0.719405 1.258625 -0.092345 0.021433 0.399871 321.839996
79.998100 0.791457 1.258625 -0.033602 0.020964 0.454477 321.945007
80.193466 0.867708 1.258625 0.012013 0.020262 0.433822 322.049988
80.379967 0.940119 1.258625 0.006442 0.020210 0.421308 322.149994
80.566734 1.012587 1.258625 -0.004767 0.019875 0.413418 322.250000
80.753319 1.086002 1.258625 -0.011939 0.018151 0.407864 322.350006
80.939354 1.160942 1.258625 -0.014936 0.018517 0.404541 322.450012
81.124733 1.237601 1.258625 -0.012791 0.017500 0.402544 322.549988
81.309502 1.315750 1.258625 -0.007821 0.017673 0.400999 322.649994
81.493820 1.395030 1.258625 -0.047891 0.015656 0.432785 322.750000
81.676727 1.477193 1.258625 -0.052318 0.016331 0.474032 322.850006
81.856964 1.564344 1.258625 -0.085129 0.018080 0.569597 322.950012
82.042603 1.662151 1.258625 -0.059470 0.021326 0.602399 323.054993
82.224770 1.765903 1.258625 -0.089687 0.023777 0.688115 323.160004
82.401672 1.877644 1.258625 -0.030864 0.024147 0.708734 323.265015
82.574600 1.995462 1.258625 -0.109440 0.027780 0.791950 323.369995
82.739792 2.122713 1.258625 -0.130663 0.005270 0.876795 323.475006
82.893066 2.258167 1.258625 -0.132421 -0.049676 0.956251 323.579987
83.042603 2.409619 1.258625 -0.130668 -0.094031 1.035349 323.695007
83.197914 2.596181 1.258625 -0.140000 0.109301 1.117448 323.834991
83.311913 2.767489 1.258625 -0.074309 0.113514 1.152950 323.950012
83.416763 2.946003 1.258625 -0.033602 0.075946 1.139564 324.059998
83.513908 3.125044 1.258625 -0.107387 0.052713 1.219000 324.165009
83.604103 3.310925 1.258625 -0.035998 0.037679 1.203925 324.269989
83.696396 3.519541 1.258625 -0.113335 0.031117 1.302602 324.385010
83.770821 3.714402 1.258625 -0.077946 0.009813 1.337307 324.489990
83.837639 3.909748 1.258625 -0.052584 -0.050161 1.350459 324.595001
83.899834 4.108015 1.258625 -0.051590 -0.102572 1.345997 324.704987
83.957359 4.312062 1.258625 -0.117053 0.032588 1.396357 324.825012
84.000954 4.510773 1.258625 -0.038433 0.107167 1.405001 324.940002
84.039314 4.711702 1.258625 -0.017712 0.079707 1.401467 325.049988
84.075356 4.910470 1.258625 -0.009949 0.054945 1.398763 325.154999
84.111290 5.113200 1.258625 -0.004392 0.037784 1.396598 325.260010
84.147461 5.317972 1.258625 -0.000041 0.028890 1.394858 325.364990
84.184120 5.523720 1.258625 0.002409 0.024306 1.393471 325.470001
84.228600 5.769209 1.258625 0.002765 0.022378 1.392156 325.595001
84.266678 5.975622 1.258625 0.001593 0.021045 1.391277 325.700012
84.303391 6.172255 1.258625 -0.000366 0.020038 1.390616 325.799988
84.339104 6.369064 1.258625 -0.020222 0.019744 1.427028 325.899994
84.374222 6.576048 1.258625 -0.064493 0.019668 1.477769 326.005005
84.405243 6.783441 1.258625 -0.009413 0.020805 1.480815 326.109985
84.439148 7.020732 1.258625 -0.010458 0.021375 1.475821 326.230011
84.467735 7.228650 1.258625 -0.017903 0.021735 1.472396 326.334991
84.494659 7.446853 1.258625 -0.097453 0.020542 1.547042 326.445007
84.512077 7.655478 1.258625 -0.030986 0.023290 1.560813 326.549988
84.525665 7.864448 1.258625 -0.016800 0.022761 1.554495 326.654999
84.537399 8.073735 1.258625 -0.016067 0.022144 1.549446 326.760010
84.547462 8.283257 1.258625 -0.014497 0.020980 1.545437 326.864990
84.556068 8.492911 1.258625 -0.010400 0.020534 1.542196 326.970001
84.564346 8.722622 1.258625 -0.004499 0.020586 1.539365 327.084991
84.571449 8.932407 1.258625 0.000482 0.020835 1.537321 327.190002
84.578690 9.142230 1.258625 0.003606 0.020765 1.535694 327.295013
84.586067 9.352048 1.258625 -0.055506 0.018415 1.583237 327.399994
84.590630 9.561765 1.258625 -0.011026 0.021006 1.584148 327.505005
84.593697 9.771506 1.258625 -0.014390 0.021440 1.584883 327.609985
84.595192 10.011274 1.258625 -0.020663 0.020643 1.585548 327.730011
84.594116 10.221070 1.258625 -0.020764 0.020213 1.586012 327.834991
84.590836 10.430835 1.258625 -0.015653 0.020593 1.586383 327.940002
84.585632 10.650588 1.258625 -0.008283 0.020199 1.586697 328.049988
84.579758 10.860331 1.258625 -0.000774 0.020303 1.586930 328.154999
84.573792 11.070075 1.258625 0.004830 0.020407 1.587122 328.260010
84.568352 11.279829 1.258625 0.007953 0.020583 1.587271 328.364990
84.563713 11.489601 1.258625 0.008385 0.020518 1.587389 328.470001
84.559921 11.699403 1.258625 0.006665 0.020426 1.587485 328.575012
84.556664 11.919230 1.258625 0.003799 0.020413 1.587566 328.684998
84.553780 12.139088 1.258625 0.000772 0.020617 1.587629 328.795013
84.551308 12.348962 1.258625 0.053662 0.018150 1.544915 328.899994
84.554504 12.555935 1.258625 0.122942 -0.122217 1.356897 329.005005
84.569038 12.755541 1.258625 0.161648 -0.100403 1.173701 329.114990
84.601479 12.959398 1.258625 0.130203 -0.025299 1.079475 329.239990
84.652466 13.155321 1.258625 0.107793 0.010709 1.034111 329.369995
84.723724 13.347767 1.258625 0.114979 0.023531 0.965593 329.505005
84.811859 13.531688 1.258625 0.054581 0.020861 0.977309 329.640015
84.910057 13.711328 1.258625 0.038622 0.015111 0.991357 329.774994
85.014656 13.888112 1.271669 -0.023364 0.009496 1.057833 329.910004
85.116798 14.066186 1.272995 -0.074457 0.008903 1.214824 330.045013
85.206924 14.248535 1.273216 -0.089546 0.017837 1.393217 330.179993
85.289299 14.456387 1.273432 -0.082096 0.030827 1.502810 330.329987
85.347832 14.648450 1.273589 -0.091335 0.036239 1.567804 330.464996
85.389656 14.845094 1.273714 -0.098659 0.036475 1.629538 330.600006
85.415619 15.045339 1.273815 -0.057650 0.028208 1.614013 330.734985
85.430786 15.248098 1.273898 -0.052575 0.020401 1.602124 330.869995
85.436600 15.452160 1.273967 -0.039896 0.015977 1.592908 331.005005
85.435417 15.656808 1.274024 -0.020778 0.012996 1.585974 331.140015
85.430634 15.858779 1.274067 -0.006078 0.171404 1.580874 331.269989
85.424995 16.074316 1.274101 0.010662 0.129605 1.577178 331.394989
85.421165 16.278633 1.274126 0.018375 0.082592 1.574610 331.505005
85.419022 16.480900 1.274146 -0.041792 0.053289 1.623249 331.609985
85.412544 16.682577 1.274164 -0.072802 -0.115475 1.771412 331.714996
85.395012 16.912151 1.274181 -0.093951 -0.081386 1.903358 331.845001
85.367607 17.113873 1.274196 -0.104765 -0.024247 1.974419 331.970001
85.324944 17.311415 1.274209 -0.107699 0.009346 2.040796 332.100006
85.265015 17.508268 1.274219 -0.053448 0.016969 2.035811 332.234985
85.194984 17.701244 1.274227 -0.043809 0.014800 2.021301 332.369995
85.117233 17.891462 1.274234 -0.030353 0.012654 2.010448 332.505005
85.027794 18.093567 1.274240 -0.012879 0.010528 2.001797 332.649994
84.939018 18.289566 1.274243 0.030766 0.146025 1.956637 332.790009
84.859390 18.474241 1.274246 0.051444 0.146586 1.918288 332.910004
84.778557 18.677853 1.274249 0.009345 0.093310 1.877787 333.029999
84.706909 18.865362 1.274251 0.005394 0.060692 1.881564 333.135010
84.634224 19.057549 1.274254 0.017992 0.041071 1.884093 333.239990
84.562309 19.252676 1.274254 0.027147 0.030423 1.886119 333.345001
84.492371 19.449905 1.274254 0.028588 0.024546 1.887760 333.450012
84.424690 19.648634 1.274254 0.024204 0.021249 1.889070 333.554993
84.362244 19.838900 1.274254 0.071367 0.019249 1.850660 333.654999
84.303749 20.030437 1.274254 0.018832 0.019339 1.842598 333.755005
84.248322 20.222822 1.274254 0.016393 0.019077 1.796486 333.855011
84.196083 20.415920 1.274254 0.020300 0.019534 1.753430 333.954987
84.143585 20.619209 1.274254 0.015277 0.021051 1.755891 334.059998
84.095093 20.813303 1.274254 0.030172 0.021493 1.757558 334.160004
84.049271 21.008087 1.274254 0.039160 0.020122 1.758920 334.260010
84.007301 21.203651 1.274254 0.083943 0.018495 1.717304 334.359985
83.970154 21.410069 1.274254 0.089133 0.021430 1.676745 334.464996
83.939651 21.617479 1.274254 0.036926 0.021779 1.674707 334.570007
83.914406 21.825535 1.274254 0.039988 0.021116 1.608126 334.674988
83.893211 22.033884 1.274254 -0.013475 0.021004 1.622737 334.779999
83.869598 22.252153 1.274254 -0.018431 0.020129 1.634978 334.890015
83.844994 22.460405 1.274254 -0.011204 0.020124 1.644265 334.994995
83.819092 22.668589 1.274254 -0.002261 0.020103 1.651708 335.100006
83.793060 22.876774 1.274254 0.057349 0.021267 1.621082 335.204987
83.768173 23.105108 1.274254 0.039031 0.021668 1.609387 335.320007
83.749130 23.333767 1.274254 0.046582 0.022957 1.538143 335.434998
83.736946 23.542719 1.274254 0.000745 0.022184 1.550112 335.540009
83.725204 23.751883 1.274254 0.005053 0.022576 1.559948 335.644989
83.714127 23.961273 1.274254 0.013591 0.022217 1.567774 335.750000
83.704506 24.170853 1.274254 0.017494 0.021968 1.574144 335.855011
83.696762 24.380566 1.274254 0.016917 0.021146 1.579217 335.959991
83.690765 24.590359 1.274254 0.012743 0.020409 1.583287 336.065002
83.683304 24.799898 1.274254 -0.077820 0.017868 1.697781 336.170013
83.670181 25.008705 1.274254 -0.007236 0.021898 1.692485 336.274994
83.654091 25.237436 1.265445 -0.008234 0.022328 1.687804 336.390015
83.638161 25.446409 1.258390 -0.014888 0.022045 1.684387 336.494995
83.620399 25.655413 1.258424 -0.016901 0.021803 1.681636 336.600006
83.601601 25.854418 1.268813 -0.014145 0.021295 1.679531 336.700012
83.581245 26.053364 1.274174 -0.009184 0.020409 1.677826 336.799988
83.559837 26.252218 1.274187 -0.003005 0.019606 1.676445 336.899994
83.537956 26.451004 1.293600 0.002650 0.019842 1.675316 337.000000
83.516190 26.649788 1.337814 0.006686 0.019901 1.674398 337.100006
83.495934 26.838676 1.402375 0.008504 0.020492 1.673683 337.195007
83.475212 27.037605 1.428103 0.008690 0.020034 1.673071 337.295013
83.455147 27.236599 1.488478 0.007324 0.019958 1.672574 337.394989
83.435623 27.435612 1.550095 0.005228 0.019438 1.672171 337.494995
83.416428 27.634613 1.613714 0.002656 0.020359 1.671837 337.595001
83.397331 27.833647 1.658287 0.000622 0.020249 1.671577 337.695007
83.378067 28.032698 1.681628 -0.000573 0.020263 1.671364 337.795013
83.358589 28.231749 1.678773 -0.000853 0.020480 1.671196 337.894989
83.338837 28.430799 1.676320 -0.000487 0.020392 1.671051 337.994995
83.319954 28.639864 1.714597 0.038487 0.019159 1.603204 338.100006
83.304085 28.858946 1.724495 -0.004048 0.020975 1.613771 338.209991
83.288658 29.068106 1.721456 -0.004911 0.020895 1.617992 338.315002
83.270485 29.307192 1.718541 0.049897 0.019680 1.587323 338.434998
83.260414 29.516214 1.722942 0.084147 0.022139 1.477103 338.540009
83.260185 29.722141 1.727499 0.076042 -0.119885 1.382389 338.644989
83.266541 29.922470 1.725698 0.057776 -0.109349 1.393045 338.755005
83.281784 30.122917 1.724061 0.091322 -0.048479 1.286664 338.875000
83.310173 30.326645 1.722598 -0.001927 -0.017031 1.379735 339.005005
83.336777 30.524509 1.745816 -0.031695 -0.004991 1.624652 339.135010
83.359154 30.726566 1.744661 -0.016254 -0.092500 1.615947 339.269989
83.383911 30.943117 1.743505 -0.032619 -0.226051 1.607891 339.434998
83.407448 31.141758 1.742331 -0.024778 -0.180699 1.600495 339.660004
