3.705543 1.500000 1.000000 0.000000 0.320265 0.000000 0.000000
3.910181 1.500000 1.000000 0.000000 0.258423 0.000000 0.150000
4.113873 1.500000 1.000000 0.000000 0.154022 0.000000 0.270000
4.356053 1.500000 1.000000 0.000000 0.077347 0.000000 0.400000
4.559440 1.500000 1.000000 0.000000 0.050638 0.000000 0.505000
4.766168 1.500000 1.000000 0.000000 0.034940 0.000000 0.610000
4.974555 1.500000 1.000000 0.000000 0.028414 0.000000 0.715000
5.183765 1.500000 1.000000 0.000000 0.023733 0.000000 0.820000
5.423299 1.500000 1.000000 0.000000 0.021373 0.000000 0.940000
5.633018 1.500000 1.000000 0.000000 0.020338 0.000000 1.045000
5.842755 1.500000 1.000000 0.000000 0.021178 0.000000 1.150000
6.052567 1.500000 1.000000 0.000000 0.020638 0.000000 1.255000
6.262417 1.500000 1.000000 0.000000 0.020544 0.000000 1.360000
6.472255 1.500000 1.000000 0.000000 0.020398 0.000000 1.465000
6.682096 1.500000 1.000000 0.000000 0.020842 0.000000 1.570000
6.891954 1.500000 1.000000 0.000000 0.020559 0.000000 1.675000
7.101811 1.500000 1.000000 0.000000 0.020096 0.000000 1.780000
7.321661 1.500000 1.000000 0.000000 0.020875 0.000000 1.890000
7.551554 1.500000 1.000000 0.000000 0.020539 0.000000 2.005000
7.801472 1.500000 1.000000 0.000000 0.020548 0.000000 2.130000
8.021422 1.500000 1.000000 0.000000 0.020161 0.000000 2.240000
8.241365 1.500000 1.000000 0.000000 0.020349 0.000000 2.350000
8.451258 1.499667 1.000000 0.060642 0.017956 -0.048711 2.455000
8.660903 1.496050 1.000000 0.007828 0.021421 -0.046267 2.560000
8.870579 1.491235 1.000000 0.003158 0.021348 -0.044106 2.665000
9.110123 1.483110 1.000000 0.043256 0.020545 -0.106303 2.785000
9.359164 1.468618 1.000000 0.013865 0.022095 -0.103529 2.910000
9.608035 1.451432 1.000000 0.017873 -0.001863 -0.101389 3.035000
9.813836 1.435017 1.000000 0.031379 -0.067725 -0.110429 3.140000
10.018798 1.415279 1.000000 0.025728 -0.114178 -0.130872 3.250000
10.224042 1.391978 1.000000 0.044472 -0.141212 -0.177836 3.370000
10.434945 1.361991 1.000000 0.043965 -0.144578 -0.260901 3.510000
10.638085 1.326125 1.000000 0.047437 -0.132868 -0.339082 3.670000
10.837909 1.283384 1.000000 -0.066655 0.198947 -0.280065 3.850000
11.037100 1.248000 1.000000 -0.015608 0.244010 -0.185768 3.995000
11.238118 1.214448 1.000000 0.013344 0.141105 -0.100262 4.115000
11.466292 1.175975 1.000000 -0.007390 0.074620 -0.002366 4.240000
11.684237 1.140782 1.000000 0.018388 0.049651 0.022254 4.355000
11.906316 1.104793 1.000000 -0.017896 0.041652 0.009973 4.470000
12.141158 1.070451 1.000000 -0.067555 0.036944 -0.000053 4.590000
12.378381 1.045433 1.000000 -0.081819 0.029717 -0.007897 4.710000
12.617064 1.031672 1.000000 -0.068456 0.024178 -0.013971 4.830000
12.856455 1.027262 1.000000 -0.040042 0.021848 -0.018728 4.950000
13.066172 1.028012 1.000000 -0.011986 0.020600 -0.022002 5.055000
13.275969 1.029886 1.000000 0.010593 0.020523 -0.024646 5.160000
13.485793 1.030420 1.000000 0.026356 0.020723 -0.026751 5.265000
13.695580 1.028085 1.000000 0.030529 0.021016 -0.028455 5.370000
13.935270 1.021405 1.000000 0.025407 0.020080 -0.029975 5.490000
14.174836 1.011157 1.000000 0.013753 0.020081 -0.031173 5.610000
14.424290 0.998402 1.000000 0.000872 0.020191 -0.032135 5.735000
14.643807 0.986966 1.000000 -0.008071 0.020287 -0.032795 5.845000
14.853372 0.976853 1.000000 -0.012272 0.020105 -0.033298 5.950000
15.062983 0.967967 1.000000 -0.012591 0.020844 -0.033703 6.055000
15.272680 0.960320 1.000000 -0.009824 0.020442 -0.034025 6.160000
15.492393 0.953342 1.000000 -0.005723 0.020696 -0.034298 6.270000
15.732101 0.946359 1.000000 -0.000774 0.020102 -0.034530 6.390000
15.971803 0.939391 1.000000 0.002613 0.020278 -0.034711 6.510000
16.221470 0.931654 1.000000 0.003993 0.020040 -0.034858 6.635000
16.451126 0.923925 1.000000 0.003465 0.021059 -0.034963 6.750000
16.660870 0.916407 1.000000 0.002240 0.020758 -0.035039 6.855000
16.870634 0.908594 1.000000 0.000539 0.020290 -0.035099 6.960000
17.090387 0.900279 1.000000 -0.000971 0.020213 -0.035151 7.070000
17.300167 0.892377 1.000000 -0.002025 0.020516 -0.035189 7.175000
17.509972 0.884617 1.000000 -0.002442 0.019957 -0.035221 7.280000
17.719755 0.877042 1.000000 -0.002329 0.019823 -0.035246 7.385000
17.959480 0.868596 1.000000 -0.001727 0.020599 -0.035268 7.505000
18.169266 0.861325 1.000000 -0.001195 0.019935 -0.035284 7.610000
18.418972 0.852729 1.000000 -0.000520 0.019962 -0.035299 7.735000
18.648670 0.844800 1.000000 -0.000097 0.020966 -0.035310 7.850000
18.858435 0.837494 1.000000 -0.000011 0.020300 -0.035317 7.955000
19.068199 0.830117 1.000000 -0.000087 0.021001 -0.035323 8.060000
19.277964 0.822677 1.000000 -0.000309 0.019983 -0.035328 8.165000
19.487696 0.815198 1.000000 -0.000535 0.020922 -0.035332 8.270000
19.697460 0.807702 1.000000 -0.000768 0.020135 -0.035335 8.375000
19.927214 0.799502 1.000000 -0.000925 0.020050 -0.035338 8.490000
20.166945 0.790977 1.000000 -0.000945 0.020493 -0.035340 8.610000
20.376730 0.783544 1.000000 -0.000922 0.020094 -0.035342 8.715000
20.596500 0.775783 1.000000 -0.000836 0.020165 -0.035343 8.825000
20.836231 0.767335 1.000000 -0.000729 0.020347 -0.035344 8.945000
21.045986 0.759947 1.000000 -0.000676 0.019736 -0.035345 9.050000
21.255711 0.752558 1.000000 -0.000613 0.020049 -0.035346 9.155000
21.465425 0.745159 1.000000 -0.000573 0.020802 -0.035346 9.260000
21.675150 0.737747 1.000000 -0.000597 0.020506 -0.035347 9.365000
21.884905 0.730325 1.000000 -0.000621 0.020877 -0.035347 9.470000
22.094675 0.722895 1.000000 -0.000670 0.020510 -0.035347 9.575000
22.324417 0.714757 1.000000 -0.000707 0.020614 -0.035347 9.690000
22.534204 0.707327 1.000000 -0.000724 0.020594 -0.035348 9.795000
22.743998 0.699901 1.000000 -0.000750 0.020011 -0.035348 9.900000
22.953762 0.692481 1.000000 -0.000731 0.020352 -0.035348 10.005000
23.163549 0.685063 1.000000 -0.000732 0.019993 -0.035348 10.110000
23.373335 0.677649 1.000000 -0.000696 0.020515 -0.035348 10.215000
23.623102 0.668822 1.000000 -0.000704 0.019878 -0.035348 10.340000
23.832872 0.661408 1.000000 -0.000681 0.020314 -0.035348 10.445000
24.042637 0.653994 1.000000 -0.000679 0.020281 -0.035348 10.550000
24.252401 0.646579 1.000000 -0.000667 0.020600 -0.035348 10.655000
24.462154 0.639162 1.000000 -0.000675 0.020488 -0.035348 10.760000
24.671919 0.631742 1.000000 -0.000684 0.020423 -0.035348 10.865000
24.881708 0.624320 1.000000 -0.000675 0.020951 -0.035348 10.970000
25.121529 0.615834 1.000000 -0.000712 0.020138 -0.035348 11.090000
25.351334 0.607704 1.000000 -0.000707 0.020406 -0.035348 11.205000
25.561167 0.600281 1.000000 -0.000727 0.019880 -0.035348 11.310000
25.770973 0.592863 1.000000 -0.000716 0.020035 -0.035348 11.415000
26.010704 0.584388 1.000000 -0.000703 0.020158 -0.035348 11.535000
26.220469 0.576974 1.000000 -0.000671 0.020865 -0.035348 11.640000
26.430273 0.569556 1.000000 -0.000673 0.020681 -0.035348 11.745000
26.640078 0.562137 1.000000 -0.000701 0.019917 -0.035348 11.850000
26.849882 0.554718 1.000000 -0.000689 0.020393 -0.035348 11.955000
27.059687 0.547297 1.000000 -0.000693 0.020321 -0.035348 12.060000
27.269508 0.539876 1.000000 -0.000688 0.020586 -0.035348 12.165000
27.479374 0.532452 1.000000 -0.000692 0.020559 -0.035348 12.270000
27.679264 0.525380 1.000000 -0.000697 0.020532 -0.035348 12.370000
27.879141 0.518310 1.000000 -0.000711 0.020181 -0.035348 12.470000
28.108971 0.510183 1.000000 -0.000711 0.020103 -0.035348 12.585000
28.358786 0.501351 1.000000 -0.000695 0.020401 -0.035348 12.710000
28.608601 0.492518 1.000000 -0.000685 0.020584 -0.035348 12.835000
28.818457 0.485097 1.000000 -0.000708 0.019858 -0.035348 12.940000
29.028301 0.477678 1.000000 -0.000685 0.020517 -0.035348 13.045000
29.238146 0.470258 1.000000 -0.000693 0.020289 -0.035348 13.150000
29.447969 0.462839 1.000000 -0.000710 0.019798 -0.035348 13.255000
29.657753 0.455422 1.000000 -0.000676 0.020756 -0.035348 13.360000
29.877573 0.447648 1.000000 -0.000689 0.020348 -0.035348 13.470000
30.107403 0.439520 1.000000 -0.000704 0.020016 -0.035348 13.585000
30.347187 0.431040 1.000000 -0.000689 0.020534 -0.035348 13.705000
30.557032 0.423618 1.000000 -0.000713 0.019889 -0.035348 13.810000
30.766844 0.416199 1.000000 -0.000707 0.020058 -0.035348 13.915000
31.006605 0.407722 1.000000 -0.000700 0.020174 -0.035348 14.035000
31.216370 0.400305 1.000000 -0.000696 0.020226 -0.035348 14.140000
31.426134 0.392888 1.000000 -0.000700 0.020044 -0.035348 14.245000
31.635889 0.385473 1.000000 -0.000683 0.020439 -0.035348 14.350000
31.845631 0.378057 1.000000 -0.000683 0.020460 -0.035348 14.455000
32.055378 0.370639 1.000000 -0.000681 0.020583 -0.035348 14.560000
32.265102 0.363221 1.000000 -0.000701 0.020108 -0.035348 14.665000
32.474827 0.355804 1.000000 -0.000686 0.020649 -0.035348 14.770000
32.684551 0.348386 1.000000 -0.000684 0.020741 -0.035348 14.875000
32.914288 0.340262 1.000000 -0.000715 0.019843 -0.035348 14.990000
33.153973 0.331786 1.000000 -0.000693 0.020424 -0.035348 15.110000
33.403645 0.322957 1.000000 -0.000693 0.020366 -0.035348 15.235000
33.613403 0.315540 1.000000 -0.000697 0.020264 -0.035348 15.340000
33.823147 0.308123 1.000000 -0.000694 0.020309 -0.035348 15.445000
34.032871 0.300707 1.000000 -0.000679 0.020720 -0.035348 15.550000
34.242615 0.293290 1.000000 -0.000689 0.020453 -0.035348 15.655000
34.452412 0.285871 1.000000 -0.000684 0.020631 -0.035348 15.760000
34.662216 0.278452 1.000000 -0.000685 0.020577 -0.035348 15.865000
34.872021 0.271033 1.000000 -0.000688 0.020511 -0.035348 15.970000
35.081825 0.263613 1.000000 -0.000688 0.020503 -0.035348 16.075001
35.311611 0.255487 1.000000 -0.000708 0.019967 -0.035348 16.190001
35.541348 0.247362 1.000000 -0.000693 0.020443 -0.035348 16.305000
35.771069 0.239239 1.000000 -0.000713 0.019855 -0.035348 16.420000
36.000767 0.231119 1.000000 -0.000690 0.020415 -0.035348 16.535000
36.210491 0.223705 1.000000 -0.000678 0.020589 -0.035348 16.639999
36.420216 0.216287 1.000000 -0.000680 0.020555 -0.035348 16.745001
36.629993 0.208868 1.000000 -0.000684 0.020580 -0.035348 16.850000
36.839798 0.201447 1.000000 -0.000702 0.020146 -0.035348 16.955000
37.049561 0.194028 1.000000 -0.000718 0.019746 -0.035348 17.059999
37.259285 0.186613 1.000000 -0.000687 0.020667 -0.035348 17.165001
37.469009 0.179197 1.000000 -0.000699 0.020186 -0.035348 17.270000
37.678734 0.171782 1.000000 -0.000673 0.020903 -0.035348 17.375000
37.918442 0.163304 1.000000 -0.000698 0.020202 -0.035348 17.495001
38.158131 0.154826 1.000000 -0.000705 0.020076 -0.035348 17.615000
38.387829 0.146703 1.000000 -0.000701 0.020228 -0.035348 17.730000
38.607540 0.138935 1.000000 -0.000697 0.020222 -0.035348 17.840000
38.817265 0.131520 1.000000 -0.000666 0.021050 -0.035348 17.945000
39.026989 0.124103 1.000000 -0.000674 0.020835 -0.035348 18.049999
39.236782 0.116683 1.000000 -0.000680 0.020761 -0.035348 18.155001
39.446587 0.109262 1.000000 -0.000701 0.020213 -0.035348 18.260000
39.656391 0.101840 1.000000 -0.000706 0.020186 -0.035348 18.365000
39.866196 0.094464 1.000000 -0.033546 0.019956 -0.015566 18.469999
40.095844 0.090530 1.000000 -0.019505 0.020570 0.036513 18.584999
40.305443 0.089978 1.000000 -0.007339 0.022306 0.033936 18.690001
40.515190 0.090398 1.000000 -0.011579 0.020985 0.031905 18.795000
40.744976 0.092384 1.000000 -0.014767 0.021110 0.030120 18.910000
40.994743 0.096750 1.000000 -0.013234 0.020724 0.028609 19.035000
41.204582 0.102024 1.000000 -0.008950 0.020375 0.027607 19.139999
41.414391 0.108268 1.000000 -0.003465 0.020910 0.026807 19.245001
41.624275 0.114914 1.000000 0.001483 0.020620 0.026168 19.350000
41.854149 0.122049 1.000000 0.004912 0.020350 0.025609 19.465000
42.064034 0.128078 1.000000 0.006112 0.020582 0.025205 19.570000
42.273918 0.133509 1.000000 0.005684 0.020700 0.024878 19.674999
42.493828 0.138616 1.000000 0.003986 0.020376 0.024607 19.785000
42.693794 0.142898 1.000000 0.002180 0.020819 0.024406 19.885000
42.903759 0.147226 1.000000 0.000321 0.019843 0.024240 19.990000
43.133648 0.151989 1.000000 -0.001040 0.020555 0.024093 20.105000
43.343578 0.156503 1.000000 -0.001589 0.020119 0.023986 20.209999
43.553509 0.161235 1.000000 -0.001487 0.020572 0.023901 20.315001
43.803398 0.167136 1.000000 -0.000866 0.020204 0.023821 20.440001
44.013283 0.172249 1.000000 -0.000125 0.019996 0.023768 20.545000
44.223125 0.177423 1.000000 0.000537 0.020414 0.023726 20.650000
44.432976 0.182587 1.000000 0.001011 0.021058 0.023692 20.754999
44.642860 0.187693 1.000000 0.001246 0.020135 0.023665 20.860001
44.852745 0.192718 1.000000 0.001192 0.020818 0.023644 20.965000
45.062630 0.197666 1.000000 0.001014 0.020740 0.023626 21.070000
45.302498 0.203253 1.000000 0.000732 0.019717 0.023610 21.190001
45.522377 0.208341 1.000000 0.000433 0.020557 0.023599 21.299999
45.752251 0.213666 1.000000 0.000242 0.020447 0.023589 21.415001
46.002113 0.219486 1.000000 0.000182 0.020028 0.023581 21.540001
46.211975 0.224408 1.000000 0.000207 0.020089 0.023576 21.645000
46.421780 0.229356 1.000000 0.000285 0.020544 0.023572 21.750000
46.631607 0.234324 1.000000 0.000384 0.020989 0.023568 21.855000
46.841492 0.239302 1.000000 0.000485 0.020328 0.023566 21.959999
47.051376 0.244277 1.000000 0.000549 0.020442 0.023563 22.065001
47.261261 0.249244 1.000000 0.000573 0.020773 0.023561 22.170000
47.501129 0.254907 1.000000 0.000573 0.020062 0.023560 22.290001
47.740997 0.260556 1.000000 0.000526 0.020721 0.023558 22.410000
48.000854 0.266668 1.000000 0.000491 0.020423 0.023557 22.540001
48.210793 0.271602 1.000000 0.000456 0.020441 0.023556 22.645000
48.420715 0.276536 1.000000 0.000452 0.019948 0.023555 22.750000
48.630600 0.281472 1.000000 0.000443 0.019912 0.023555 22.855000
48.840485 0.286411 1.000000 0.000431 0.020612 0.023555 22.959999
49.050369 0.291354 1.000000 0.000427 0.020627 0.023554 23.065001
49.260254 0.296302 1.000000 0.000452 0.020466 0.023554 23.170000
49.510117 0.302193 1.000000 0.000475 0.019992 0.023554 23.295000
49.719975 0.307140 1.000000 0.000474 0.020557 0.023554 23.400000
49.929859 0.312087 1.000000 0.000476 0.020372 0.023553 23.504999
50.139744 0.317035 1.000000 0.000482 0.020535 0.023553 23.610001
50.349628 0.321981 1.000000 0.000483 0.020361 0.023553 23.715000
50.599506 0.327869 1.000000 0.000485 0.019996 0.023553 23.840000
50.809391 0.332811 1.000000 0.000481 0.020377 0.023553 23.945000
51.019276 0.337752 1.000000 0.000454 0.020817 0.023553 24.049999
51.229160 0.342695 1.000000 0.000470 0.020138 0.023552 24.155001
51.439045 0.347637 1.000000 0.000471 0.020004 0.023552 24.260000
51.648930 0.352579 1.000000 0.000459 0.020433 0.023553 24.365000
51.858814 0.357522 1.000000 0.000453 0.020845 0.023553 24.469999
52.098705 0.363174 1.000000 0.000452 0.020502 0.023553 24.590000
52.308670 0.368122 1.000000 0.000479 0.020022 0.023553 24.695000
52.558544 0.374011 1.000000 0.000481 0.019938 0.023554 24.820000
52.798401 0.379661 1.000000 0.000474 0.020212 0.023554 24.940001
53.008232 0.384605 1.000000 0.000472 0.020202 0.023554 25.045000
53.218037 0.389547 1.000000 0.000473 0.020280 0.023554 25.150000
53.427841 0.394490 1.000000 0.000464 0.020440 0.023555 25.254999
53.637646 0.399432 1.000000 0.000462 0.020704 0.023555 25.360001
53.847492 0.404375 1.000000 0.000447 0.021101 0.023555 25.465000
54.057377 0.409322 1.000000 0.000460 0.020898 0.023555 25.570000
54.267319 0.414269 1.000000 0.000480 0.020006 0.023555 25.674999
54.487206 0.419452 1.000000 0.000472 0.020320 0.023555 25.785000
54.717110 0.424869 1.000000 0.000469 0.020831 0.023555 25.900000
54.917076 0.429581 1.000000 0.000481 0.020255 0.023554 26.000000
55.126995 0.434526 1.000000 0.000484 0.019873 0.023554 26.105000
55.336880 0.439469 1.000000 0.000462 0.020779 0.023554 26.209999
55.596737 0.445589 1.000000 0.000472 0.020396 0.023553 26.340000
55.806622 0.450532 1.000000 0.000452 0.020756 0.023553 26.445000
56.006573 0.455241 1.000000 0.000461 0.020512 0.023553 26.545000
56.216507 0.460187 1.000000 0.000472 0.019890 0.023553 26.650000
56.426392 0.465131 1.000000 0.000469 0.020524 0.023553 26.754999
56.636276 0.470075 1.000000 0.000459 0.020595 0.023553 26.860001
56.846161 0.475020 1.000000 0.000464 0.020718 0.023553 26.965000
57.056046 0.479966 1.000000 0.000476 0.020096 0.023553 27.070000
57.265930 0.484910 1.000000 0.000468 0.020789 0.023553 27.174999
57.495804 0.490325 1.000000 0.000478 0.020045 0.023553 27.290001
57.725677 0.495739 1.000000 0.000460 0.020804 0.023553 27.405001
57.935562 0.500683 1.000000 0.000469 0.019963 0.023553 27.510000
58.145447 0.505627 1.000000 0.000460 0.020800 0.023553 27.615000
58.395317 0.511514 1.000000 0.000486 0.019926 0.023553 27.740000
58.605198 0.516456 1.000000 0.000484 0.019557 0.023553 27.844999
58.814987 0.521394 1.000000 0.000476 0.019849 0.023553 27.950001
59.024712 0.526332 1.000000 0.000444 0.020691 0.023554 28.055000
59.234505 0.531272 1.000000 0.000458 0.019947 0.023554 28.160000
59.444237 0.536213 1.000000 0.000466 0.020184 0.023554 28.264999
59.653961 0.541153 1.000000 0.000471 0.020070 0.023554 28.370001
59.863686 0.546094 1.000000 0.000461 0.020724 0.023554 28.475000
60.093384 0.551506 1.000000 0.000453 0.020738 0.023555 28.590000
60.343121 0.557392 1.000000 0.000461 0.020680 0.023555 28.715000
60.592888 0.563281 1.000000 0.000475 0.020437 0.023555 28.840000
60.822735 0.568699 1.000000 0.000482 0.020273 0.023556 28.955000
61.032619 0.573645 1.000000 0.000476 0.020592 0.023556 29.059999
61.242504 0.578590 1.000000 0.000481 0.020154 0.023557 29.165001
61.452347 0.583534 1.000000 0.000464 0.020936 0.023558 29.270000
61.702209 0.589421 1.000000 0.000471 0.020082 0.023558 29.395000
61.912094 0.594365 1.000000 0.000466 0.020512 0.023559 29.500000
62.121937 0.599309 1.000000 0.000471 0.019853 0.023559 29.605000
62.341732 0.604488 1.000000 0.000458 0.020497 0.023560 29.715000
62.581509 0.610139 1.000000 0.000458 0.020642 0.023561 29.834999
62.791348 0.615085 1.000000 0.000483 0.019942 0.023561 29.940001
63.001152 0.620029 1.000000 0.000465 0.020731 0.023562 30.045000
63.210957 0.624974 1.000000 0.000470 0.020043 0.023563 30.150000
63.420761 0.629918 1.000000 0.000464 0.020647 0.023563 30.254999
63.630592 0.634863 1.000000 0.000467 0.020306 0.023564 30.360001
63.840477 0.639810 1.000000 0.000452 0.020595 0.023565 30.465000
64.050362 0.644759 1.000000 0.000466 0.020316 0.023565 30.570000
64.260246 0.649708 1.000000 0.000467 0.020241 0.023566 30.674999
64.490120 0.655130 1.000000 0.000476 0.020205 0.023567 30.790001
64.729988 0.660786 1.000000 0.000478 0.020603 0.023567 30.910000
64.939873 0.665735 1.000000 0.000495 0.020107 0.023568 31.014999
65.149757 0.670681 1.000000 0.000470 0.020280 0.023569 31.120001
65.379631 0.676099 1.000000 0.000464 0.020493 0.023570 31.235001
65.589516 0.681046 1.000000 0.000467 0.020019 0.023571 31.340000
65.799400 0.685992 1.000000 0.000452 0.020734 0.023572 31.445000
66.009285 0.690940 1.000000 0.000466 0.020201 0.023573 31.549999
66.219170 0.695888 1.000000 0.000440 0.020854 0.023574 31.655001
66.429054 0.700839 1.000000 0.000473 0.020086 0.023575 31.760000
66.638939 0.705790 1.000000 0.000450 0.020882 0.023576 31.865000
66.848824 0.710743 1.000000 0.000486 0.020045 0.023576 31.969999
67.058708 0.715695 1.000000 0.000481 0.020180 0.023577 32.075001
67.278587 0.720881 1.000000 0.000478 0.020508 0.023578 32.185001
67.518456 0.726537 1.000000 0.000500 0.019533 0.023578 32.305000
67.728233 0.731480 1.000000 0.000460 0.020295 0.023579 32.410000
67.938042 0.736425 1.000000 0.000452 0.020587 0.023580 32.514999
68.177910 0.742079 1.000000 0.000447 0.020822 0.023580 32.634998
68.397789 0.747264 1.000000 0.000461 0.020165 0.023581 32.744999
68.607674 0.752215 1.000000 0.000449 0.020477 0.023582 32.849998
68.817558 0.757167 1.000000 0.000459 0.020472 0.023582 32.955002
69.027443 0.762120 1.000000 0.000452 0.021045 0.023583 33.060001
69.237328 0.767076 1.000000 0.000473 0.020884 0.023584 33.165001
69.447212 0.772032 1.000000 0.000478 0.020235 0.023585 33.270000
69.657097 0.776986 1.000000 0.000488 0.020011 0.023585 33.375000
69.886971 0.782409 1.000000 0.000504 0.019632 0.023586 33.490002
70.116707 0.787826 1.000000 0.000468 0.020660 0.023587 33.605000
70.326523 0.792772 1.000000 0.000473 0.020401 0.023588 33.709999
70.546402 0.797955 1.000000 0.000450 0.020393 0.023589 33.820000
70.776276 0.803377 1.000000 0.000442 0.020826 0.023590 33.935001
70.986160 0.808330 1.000000 0.000453 0.020425 0.023591 34.040001
71.196045 0.813285 1.000000 0.000456 0.020702 0.023592 34.145000
71.405930 0.818241 1.000000 0.000471 0.020336 0.023593 34.250000
71.615814 0.823197 1.000000 0.000464 0.020757 0.023594 34.355000
71.825699 0.828152 1.000000 0.000468 0.020616 0.023595 34.459999
72.045578 0.833343 1.000000 0.000458 0.020870 0.023597 34.570000
72.285446 0.839006 1.000000 0.000485 0.020211 0.023598 34.689999
72.515320 0.844432 1.000000 0.000471 0.020507 0.023599 34.805000
72.725204 0.849386 1.000000 0.000466 0.020159 0.023600 34.910000
72.935089 0.854341 1.000000 0.000466 0.020655 0.023601 35.014999
73.174957 0.860004 1.000000 0.000457 0.020563 0.023602 35.134998
73.384842 0.864960 1.000000 0.000476 0.020298 0.023603 35.240002
73.594727 0.869915 1.000000 0.000464 0.020374 0.023604 35.345001
73.804451 0.876953 1.000000 -0.079705 0.019194 0.118679 35.450001
74.013130 0.892153 1.000000 -0.040367 0.021524 0.182795 35.555000
74.220772 0.914269 1.000000 -0.022895 0.024424 0.223681 35.660000
74.428185 0.939860 1.000000 -0.004728 0.024763 0.212149 35.764999
74.635880 0.966697 1.000000 -0.013613 0.024097 0.202825 35.869999
74.873329 0.999821 1.000000 -0.021568 0.022474 0.194478 35.990002
75.120361 1.037991 1.000000 -0.019683 0.020971 0.187689 36.115002
75.317696 1.071019 1.000000 -0.013989 0.020084 0.183403 36.215000
75.524666 1.107368 1.000000 -0.004919 0.019931 0.179781 36.320000
75.761055 1.149863 1.000000 0.003870 0.019800 0.176495 36.439999
75.958076 1.185206 1.000000 0.009069 0.019125 0.174311 36.540001
76.155220 1.219934 1.000000 0.011842 0.018990 0.172558 36.639999
76.352432 1.253803 1.000000 0.011686 0.019598 0.171140 36.740002
76.549797 1.286844 1.000000 0.009799 0.019753 0.169990 36.840000
76.747246 1.319232 1.000000 0.007242 0.019355 0.169047 36.939999
76.944794 1.351219 1.000000 0.003913 0.019870 0.168291 37.040001
77.142395 1.383111 1.000000 0.001268 0.020194 0.167677 37.139999
77.339996 1.415156 1.000000 -0.000292 0.019985 0.167180 37.240002
77.537483 1.447497 1.000000 -0.000715 0.019825 0.166777 37.340000
77.734932 1.480169 1.000000 -0.000236 0.020252 0.166453 37.439999
77.932381 1.513128 1.000000 0.000606 0.019522 0.166193 37.540001
78.129829 1.546282 1.000000 0.001704 0.019940 0.165983 37.639999
78.346985 1.582854 1.000000 0.002923 0.019789 0.165799 37.750000
78.544434 1.616082 1.000000 0.003548 0.019678 0.165668 37.849998
78.741859 1.649220 1.000000 0.003973 0.019173 0.165561 37.950001
78.939194 1.682238 1.000000 0.003754 0.020209 0.165475 38.049999
79.136642 1.715150 1.000000 0.003603 0.019316 0.165402 38.150002
79.334084 1.747972 1.000000 0.003444 0.019149 0.165343 38.250000
79.541245 1.782366 1.000000 0.002853 0.019457 0.165296 38.355000
79.748405 1.816746 1.000000 0.002480 0.020223 0.165257 38.459999
79.955566 1.851158 1.000000 0.002272 0.019848 0.165228 38.564999
80.152863 1.883975 1.000000 0.002355 0.019549 0.165207 38.665001
80.350227 1.916836 1.000000 0.002272 0.020046 0.165188 38.764999
80.557480 1.951388 1.000000 0.002468 0.019652 0.165166 38.869999
80.754776 1.984316 1.000000 0.002661 0.019684 0.165150 38.970001
80.952072 2.017248 1.000000 0.002835 0.020062 0.165134 39.070000
81.149170 2.051311 1.000000 -0.070916 0.019169 0.238673 39.169998
81.383469 2.100969 1.000000 -0.082335 0.021653 0.346561 39.290001
81.604500 2.159690 1.000000 -0.088550 0.026481 0.442795 39.404999
81.802620 2.223494 1.000000 -0.097605 0.031196 0.524237 39.509998
81.996696 2.297577 1.000000 -0.047015 0.033772 0.542499 39.615002
82.215660 2.391159 1.000000 -0.124126 0.032613 0.604894 39.735001
82.418045 2.495488 1.000000 -0.156136 0.038312 0.703791 39.849998
82.593117 2.606399 1.000000 -0.153519 0.041831 0.783206 39.955002
82.758118 2.731614 1.000000 -0.146266 0.041808 0.863527 40.060001
82.912781 2.869695 1.000000 -0.136676 0.041150 0.941369 40.165001
83.056946 3.019085 1.000000 -0.128069 0.039857 1.015650 40.270000
83.208717 3.201801 1.000000 -0.125892 0.038667 1.101530 40.389999
83.351425 3.403980 1.000000 -0.124221 0.038236 1.187710 40.514999
83.468117 3.599301 1.000000 -0.130127 0.039987 1.266591 40.630001
83.567238 3.793169 1.000000 -0.089470 0.037442 1.280457 40.740002
83.652328 3.983345 1.000000 -0.081040 0.034655 1.316276 40.845001
83.729172 4.177577 1.000000 -0.093392 0.029518 1.328615 40.950001
83.796753 4.375320 1.000000 -0.081789 0.028835 1.370236 41.055000
83.855820 4.575916 1.000000 -0.046497 0.025611 1.360244 41.160000
83.910278 4.778243 1.000000 -0.053757 0.023122 1.362323 41.264999
83.959480 4.982084 1.000000 -0.033835 0.021700 1.379636 41.369999
84.005180 5.186902 1.000000 -0.017456 0.021360 1.374717 41.474998
84.053383 5.411808 1.000000 -0.058837 0.018018 1.405703 41.590000
84.098221 5.647305 1.000000 -0.030107 0.020913 1.431786 41.709999
84.133835 5.853998 1.000000 -0.030334 0.022000 1.432855 41.814999
84.169380 6.081056 1.000000 -0.031846 0.020270 1.433784 41.930000
84.198593 6.288886 1.000000 -0.027023 0.019737 1.434456 42.035000
84.225319 6.497082 1.000000 -0.016801 0.020457 1.434991 42.139999
84.250587 6.705534 1.000000 -0.006729 0.020575 1.435425 42.244999
84.274239 6.904155 1.000000 0.000602 0.019877 1.435760 42.345001
84.297325 7.112797 1.000000 -0.039127 0.019248 1.509990 42.450001
84.316872 7.321293 1.000000 -0.008918 -0.060154 1.550062 42.555000
84.335854 7.528127 1.000000 -0.040826 -0.279126 1.665254 42.665001
84.355850 7.727755 1.000000 -0.076852 -0.293402 1.801391 42.794998
84.383720 7.941392 1.000000 -0.092740 -0.169001 2.016068 43.000000
84.421059 8.137965 1.000000 -0.067875 -0.047741 2.398289 43.365002
84.249695 8.032001 1.000000 -0.028744 0.161176 -2.081186 45.240002
84.140732 7.861226 1.000000 -0.032633 0.077803 -1.973440 45.389999
84.032417 7.673001 1.000000 -0.053892 0.042287 -1.879973 45.540001
83.930611 7.474646 1.000000 -0.025775 0.028543 -1.882042 45.689999
83.842857 7.291008 1.000000 -0.041004 0.021394 -1.892605 45.825001
83.761063 7.103198 1.000000 -0.044318 0.016186 -1.900593 45.959999
83.689201 6.911326 1.000000 -0.127754 0.015105 -1.738502 46.095001
83.636841 6.715101 1.000000 -0.027735 0.019938 -1.674506 46.230000
83.591301 6.516674 1.000000 -0.021165 0.018337 -1.682997 46.365002
83.550041 6.316584 1.000000 -0.056896 0.017989 -1.613711 46.500000
83.515015 6.107543 1.000000 -0.027517 0.015455 -1.612096 46.639999
83.485695 5.903839 1.000000 -0.029263 -0.219028 -1.673065 46.779999
83.462067 5.704791 1.000000 0.018055 -0.221084 -1.856330 46.955002
83.447235 5.504059 1.000000 0.048961 -0.098792 -2.170499 47.255001
83.361198 5.323151 1.000000 0.024482 0.318237 3.024955 48.665001
83.162140 5.355286 1.000000 0.028859 0.319481 2.954829 48.860001
82.942589 5.398109 1.000000 -0.000369 0.192003 2.871352 49.005001
82.722626 5.441307 1.000000 -0.078003 0.099089 2.872752 49.130001
82.516243 5.474338 1.000000 -0.044579 0.060960 2.884381 49.240002
82.313461 5.502960 1.000000 -0.006149 0.043123 2.893272 49.345001
82.108139 5.532344 1.000000 0.028501 0.034617 2.900375 49.450001
81.902115 5.565528 1.000000 0.045027 0.028217 2.906085 49.555000
81.696968 5.604295 1.000000 0.117743 -0.074231 2.806471 49.660000
81.470642 5.661474 1.000000 0.127749 -0.110473 2.654829 49.785000
81.270218 5.728808 1.000000 0.103497 -0.048356 2.590718 49.910000
81.079269 5.808684 1.000000 0.086022 -0.012135 2.564792 50.040001
80.899635 5.899081 1.000000 0.061056 0.005174 2.520871 50.169998
80.720566 6.002057 1.000000 0.035406 0.009084 2.534964 50.305000
80.545334 6.110638 1.000000 0.026020 0.009610 2.542093 50.439999
80.372742 6.223340 1.000000 0.029701 0.009256 2.536519 50.575001
80.203712 6.341117 1.000000 0.018634 0.009893 2.482451 50.709999
80.038200 6.463119 1.000000 0.060939 0.169844 2.428749 50.840000
79.881645 6.589716 1.000000 0.055461 0.124535 2.344946 50.955002
79.725708 6.723744 1.000000 0.025851 0.078751 2.314103 51.064999
79.574165 6.858935 1.000000 0.053325 0.050512 2.238985 51.169998
79.424820 7.000964 1.000000 0.073103 0.039472 2.166127 51.275002
79.265556 7.163239 1.000000 0.026885 0.033070 2.174594 51.389999
79.095200 7.344922 1.000000 0.061955 0.029588 2.184330 51.514999
78.932541 7.534624 1.000000 0.165452 0.023773 2.104029 51.639999
78.809441 7.703591 1.000000 0.099203 0.027534 2.090903 51.744999
78.695229 7.879076 1.000000 0.071724 0.023822 2.096581 51.849998
78.586906 8.058996 1.000000 0.049071 0.019928 2.100417 51.955002
78.487320 8.232958 1.000000 0.024975 0.018767 2.103382 52.055000
78.389275 8.408130 1.000000 0.003836 0.017108 2.105764 52.154999
78.291069 8.583371 1.000000 -0.011988 0.016694 2.107695 52.255001
78.191513 8.757875 1.000000 -0.019888 0.016710 2.109277 52.355000
78.089973 8.931279 1.000000 -0.021232 0.015999 2.110553 52.455002
77.986420 9.103515 1.000000 -0.017036 0.016148 2.111599 52.555000
77.881393 9.274604 1.000000 -0.008474 -0.011879 2.112440 52.654999
77.772064 9.450499 1.000000 0.000117 -0.076093 2.113158 52.759998
77.663002 9.625261 1.000000 0.006782 -0.127530 2.113752 52.869999
77.554375 9.799980 1.000000 0.008990 -0.149355 2.114268 52.990002
77.439842 9.985923 1.000000 0.007552 -0.153307 2.114736 53.134998
77.334206 10.158830 1.000000 -0.014571 -0.140173 2.182022 53.294998
77.219757 10.341566 1.000000 -0.023405 -0.112763 2.259512 53.509998
77.106773 10.512321 1.000000 -0.009398 -0.053845 2.274580 53.790001
76.992859 10.676876 1.000000 0.034156 0.020973 2.248590 54.165001
76.891190 10.850386 1.000000 -0.003044 0.248851 2.029173 54.445000
76.797447 11.031156 1.000000 0.016070 0.107445 1.844008 54.610001
76.711510 11.213546 1.000000 0.050065 0.057086 1.687825 54.755001
76.634651 11.407290 1.000000 0.087559 0.049195 1.537386 54.900002
76.578079 11.601663 1.000000 0.118440 0.057131 1.402439 55.040001
76.544548 11.801645 1.000000 0.100249 0.061674 1.349880 55.180000
76.533318 12.028605 1.000000 0.116885 0.052722 1.289697 55.334999
76.548416 12.235157 1.000000 0.112705 0.042847 1.228366 55.474998
76.584808 12.432825 1.000000 0.097959 0.034576 1.167705 55.610001
76.639618 12.627419 1.000000 0.080884 0.028071 1.102409 55.744999
76.707298 12.819179 1.000000 0.020632 0.020100 1.115339 55.880001
76.780121 13.010406 1.000000 0.015911 0.015474 1.129728 56.014999
76.854393 13.196203 1.000000 0.008888 0.159357 1.140197 56.145000
76.932243 13.383490 1.000000 0.006644 0.147637 1.147650 56.264999
77.022552 13.595534 1.000000 0.001779 0.086212 1.153638 56.389999
77.109955 13.799523 1.000000 -0.041103 0.049834 1.196086 56.505001
77.188919 13.990461 1.000000 -0.014133 0.034801 1.199275 56.610001
77.271042 14.192946 1.000000 -0.018004 0.026705 1.201329 56.720001
77.359261 14.415699 1.000000 -0.021261 0.021211 1.203097 56.840000
77.431229 14.602405 1.000000 -0.019107 0.020334 1.204267 56.939999
77.501915 14.789835 1.000000 -0.015479 0.018203 1.205210 57.040001
77.571617 14.977707 1.000000 -0.009817 0.018016 1.205982 57.139999
77.640900 15.165802 1.000000 -0.003822 0.018483 1.206600 57.240002
77.710220 15.353951 1.000000 -0.000083 0.018370 1.207105 57.340000
77.779915 15.542005 1.000000 0.001826 0.018002 1.207516 57.439999
77.850159 15.729884 1.000000 0.002010 0.018244 1.207849 57.540001
77.922150 15.917068 1.000000 0.074922 0.016961 1.131091 57.639999
78.000755 16.101107 1.000000 0.084651 0.019723 1.040845 57.740002
78.091637 16.289877 1.000000 0.083099 0.022733 0.953299 57.845001
78.190941 16.473669 1.000000 0.090919 0.027049 0.874061 57.950001
78.299164 16.651728 1.000000 0.103816 0.031696 0.796974 58.055000
78.417435 16.822676 1.000000 0.126031 0.038511 0.719760 58.160000
78.553581 16.992048 1.000000 0.140844 0.042701 0.640634 58.270000
78.717064 17.163275 1.000000 0.106292 0.042787 0.585859 58.389999
78.892509 17.323843 1.000000 0.060443 0.033672 0.607027 58.509998
79.052086 17.459587 1.000000 0.055693 0.025549 0.618868 58.615002
79.231812 17.603628 1.000000 0.041706 0.020770 0.629180 58.730000
79.415123 17.743948 1.000000 0.022955 0.017433 0.637337 58.845001
79.576866 17.863155 1.000000 0.068541 0.015655 0.571874 58.945000
79.741364 17.978384 1.000000 0.004861 0.016860 0.579490 59.044998
79.906265 18.093264 1.000000 -0.004988 0.016475 0.584897 59.145000
80.070900 18.208717 1.000000 -0.003777 0.015545 0.589331 59.244999
80.244568 18.328621 1.000000 0.051367 0.015562 0.516186 59.349998
80.412117 18.439159 1.000000 0.011747 0.016977 0.527449 59.450001
80.580467 18.548590 1.000000 0.060802 0.016998 0.502590 59.549999
80.751572 18.653111 1.000000 0.107410 0.019722 0.409876 59.650002
80.935966 18.752960 1.000000 0.110840 0.025126 0.322170 59.755001
81.125008 18.841906 1.000000 0.110162 0.029539 0.242404 59.860001
81.318268 18.919474 1.000000 0.118335 0.034183 0.163112 59.965000
81.515404 18.984550 1.000000 0.129364 0.039134 0.085749 60.070000
81.715965 19.035873 1.000000 0.137745 0.043336 0.011863 60.174999
81.919365 19.072746 1.000000 0.074298 0.041948 -0.013968 60.279999
82.154556 19.104305 1.000000 0.046581 0.034241 0.006317 60.400002
82.381920 19.128220 1.000000 0.042058 0.027725 0.021611 60.514999
82.610405 19.146841 1.000000 0.031199 0.023875 0.033623 60.630001
82.829544 19.161045 1.000000 0.015945 0.022246 0.042767 60.740002
83.039009 19.172966 1.000000 0.002220 0.020691 0.049713 60.845001
83.248573 19.184799 1.000000 -0.008037 0.020647 0.055303 60.950001
83.458099 19.197628 1.000000 -0.013592 0.020874 0.059806 61.055000
83.667503 19.212009 1.000000 -0.014192 0.020455 0.063436 61.160000
83.876335 19.227751 1.000000 0.038670 -0.019140 0.024099 61.264999
84.080284 19.240866 1.000000 0.019737 -0.083303 0.004282 61.369999
84.282021 19.251928 1.000000 0.022453 -0.122621 0.004934 61.480000
84.483170 19.260733 1.000000 0.045023 -0.144252 -0.026628 61.599998
84.689575 19.263994 1.000000 0.049876 -0.142941 -0.109748 61.740002
84.894333 19.259851 1.000000 0.038910 -0.130284 -0.143799 61.904999
85.096977 19.247850 1.000000 0.029438 -0.108241 -0.201850 62.110001
85.297783 19.227680 1.000000 0.008975 -0.054420 -0.213657 62.384998
85.496925 19.202677 1.000000 0.003002 -0.091200 -0.083375 62.759998
85.435509 19.399044 1.000000 0.037007 0.306320 2.267619 65.809998
85.303246 19.556574 1.000000 0.003473 0.185827 2.178416 65.940002
85.165039 19.722902 1.000000 -0.010193 0.101670 2.152537 66.059998
85.035851 19.875599 1.000000 -0.015467 0.062260 2.159312 66.165001
84.902817 20.032104 1.000000 0.021873 0.044103 2.164916 66.269997
84.751320 20.215914 1.000000 0.052093 0.030126 2.169940 66.389999
84.602585 20.404131 1.000000 -0.023377 0.018327 2.274086 66.510002
84.476784 20.559952 1.000000 -0.041552 0.014747 2.370223 66.610001
84.341393 20.720245 1.000000 -0.064051 0.018393 2.457714 66.714996
84.173409 20.903719 1.000000 -0.106053 0.029478 2.559505 66.839996
84.023750 21.048138 1.000000 -0.136892 0.039847 2.640485 66.945000
83.864334 21.180532 1.000000 -0.151950 0.045852 2.715798 67.050003
83.694908 21.299082 1.000000 -0.117397 0.046410 2.758095 67.154999
83.517532 21.406906 1.000000 -0.077551 0.040022 2.729801 67.260002
83.334587 21.507967 1.000000 -0.070875 0.027769 2.714451 67.364998
83.147484 21.602949 1.000000 -0.057306 0.021414 2.702930 67.470001
82.939362 21.701450 1.000000 -0.032446 0.017905 2.697500 67.584999
82.756935 21.784418 1.000000 -0.009826 0.018128 2.694102 67.684998
82.565041 21.871077 1.000000 0.009062 0.018118 2.691830 67.790001
82.355484 21.967508 1.000000 0.019396 0.017298 2.689835 67.904999
82.174232 22.053543 1.000000 0.020543 0.018126 2.688450 68.004997
81.993912 22.141724 1.000000 0.016276 0.016963 2.687331 68.105003
81.814384 22.231634 1.000000 0.008763 0.017604 2.686416 68.205002
81.617424 22.331739 1.000000 -0.000258 0.016639 2.685614 68.315002
81.438522 22.423065 1.000000 -0.006894 0.016588 2.685031 68.415001
81.259430 22.514086 1.000000 -0.010954 0.016945 2.684556 68.514999
81.044060 22.622458 1.000000 -0.012613 0.016082 2.684102 68.635002
80.855209 22.716345 1.000000 -0.011462 0.015830 2.683790 68.739998
80.675072 22.805050 1.000000 -0.008426 0.017115 2.683548 68.839996
80.494713 22.893370 1.000000 -0.005713 0.016631 2.683353 68.940002
80.314240 22.981577 1.000000 0.030902 0.015235 2.661387 69.040001
80.135803 23.073109 1.000000 0.070821 0.016035 2.567565 69.139999
79.960434 23.169661 1.000000 0.003964 0.018250 2.576737 69.239998
79.785416 23.267298 1.000000 0.000292 0.018098 2.588413 69.339996
79.610558 23.365480 1.000000 0.005258 0.018218 2.593671 69.440002
79.435959 23.464554 1.000000 0.009077 0.017411 2.599383 69.540001
79.261841 23.564756 1.000000 0.008809 0.017040 2.601750 69.639999
79.088242 23.666037 1.000000 0.025394 0.015953 2.592939 69.739998
78.915939 23.769461 1.000000 0.015525 0.015611 2.577015 69.839996
78.740356 23.880056 1.000000 0.129169 -0.138122 2.372436 69.945000
78.571671 24.001442 1.000000 0.179854 -0.098406 2.175598 70.059998
78.413094 24.142382 1.000000 0.192216 -0.012313 2.026564 70.190002
78.279068 24.299723 1.000000 0.153234 0.029482 1.936694 70.324997
78.170067 24.470222 1.000000 0.134300 0.036349 1.871467 70.459999
78.082451 24.652273 1.000000 0.111760 0.031744 1.804180 70.595001
78.013145 24.842705 1.000000 0.087852 0.026358 1.739940 70.730003
77.958618 25.038570 1.000000 0.066756 0.022164 1.675792 70.864998
77.911652 25.259981 1.000000 0.057787 0.020357 1.603862 71.014999
77.879227 25.461300 1.000000 0.012639 0.016861 1.592585 71.150002
77.850670 25.660387 1.000000 0.006223 0.173418 1.605326 71.279999
77.824860 25.864393 1.000000 0.025219 0.137326 1.614302 71.400002
77.803558 26.066595 1.000000 0.032256 0.087440 1.620835 71.510002
77.784027 26.296745 1.000000 0.028616 0.053269 1.626439 71.629997
77.769249 26.512255 1.000000 0.018134 0.036110 1.630482 71.739998
77.756844 26.719955 1.000000 0.006441 0.028662 1.633570 71.845001
77.744919 26.928612 1.000000 -0.003371 0.024014 1.636050 71.949997
77.732750 27.137697 1.000000 0.048748 0.022269 1.594478 72.055000
77.722298 27.347055 1.000000 -0.014019 0.021414 1.602143 72.160004
77.710533 27.556452 1.000000 -0.021339 0.020086 1.608444 72.264999
77.696526 27.765793 1.000000 -0.015499 0.020265 1.613564 72.370003
77.678566 28.004976 1.000000 -0.003988 0.020956 1.618132 72.489998
77.661461 28.224272 1.000000 0.004072 0.020533 1.621458 72.599998
77.643242 28.463573 1.000000 0.009588 0.020401 1.624316 72.720001
77.626877 28.692982 1.000000 0.010975 0.020321 1.626450 72.834999
77.613014 28.902504 1.000000 0.009531 0.020121 1.628004 72.940002
77.600052 29.112076 1.000000 0.006570 0.020264 1.629252 73.044998
77.587631 29.321680 1.000000 0.003005 0.020030 1.630249 73.150002
77.575455 29.531284 1.000000 0.000164 0.020160 1.631056 73.254997
77.563103 29.740868 1.000000 -0.001836 0.019661 1.631700 73.360001
77.550446 29.950352 1.000000 -0.002566 0.009744 1.632215 73.464996
77.537498 30.157644 1.000000 -0.001885 -0.058098 1.632626 73.570000
77.524712 30.357794 1.000000 0.025765 0.019299 1.617467 73.675003
77.515343 30.566803 1.000000 0.045574 0.053749 1.534291 73.785004
77.512947 30.798985 1.000000 0.067852 0.046997 1.459864 73.904999
77.518539 31.004587 1.000000 0.013722 0.037236 1.423132 74.010002
77.527512 31.211592 1.000000 0.066113 0.031472 1.376769 74.114998
77.542480 31.428829 1.000000 0.028027 0.031008 1.380568 74.224998
77.562897 31.656460 1.000000 0.070364 0.028457 1.369514 74.339996
77.590126 31.863441 1.000000 0.086651 0.029208 1.306546 74.445000
77.628700 32.068420 1.000000 0.094816 0.029017 1.247117 74.550003
77.676613 32.271564 1.000000 0.025854 0.026146 1.261894 74.654999
77.728111 32.474407 1.000000 0.011126 0.022886 1.272625 74.760002
77.783897 32.686901 1.000000 0.004049 0.021251 1.281587 74.870003
77.848465 32.928398 1.000000 -0.002693 0.020070 1.289516 74.995003
77.900345 33.121685 1.000000 -0.006323 0.018592 1.294589 75.095001
77.954552 33.324718 1.000000 -0.008682 0.019158 1.298872 75.199997
78.015984 33.556969 1.000000 0.029745 0.019146 1.278786 75.320000
78.082062 33.787746 1.000000 0.073952 0.020207 1.173458 75.440002
78.151512 33.995090 1.000000 0.108452 -0.087514 1.028136 75.550003
78.226791 34.186092 1.000000 0.151083 -0.115913 0.848835 75.660004
78.317528 34.377209 1.000000 0.145447 -0.037190 0.770751 75.785004
78.423515 34.552570 1.000000 0.165161 0.012501 0.625964 75.915001
78.551796 34.710724 1.000000 0.158565 0.041619 0.487535 76.050003
78.698547 34.846764 1.000000 0.100039 0.043758 0.414551 76.184998
78.883659 34.984402 1.000000 0.090164 0.037257 0.361722 76.339996
79.074554 35.104290 1.000000 0.040253 0.024686 0.387167 76.489998
79.252426 35.205063 1.000000 0.086007 0.019884 0.349038 76.625000
79.436798 35.293488 1.000000 0.045980 0.017739 0.319234 76.760002
79.625252 35.373989 1.000000 0.021259 0.013707 0.338748 76.894997
79.829704 35.456913 1.000000 0.015087 0.012229 0.347965 77.040001
80.022507 35.532413 1.000000 0.009448 0.142238 0.354371 77.175003
80.209290 35.604092 1.000000 0.004214 0.150757 0.358663 77.294998
80.396309 35.675491 1.000000 0.000384 0.098928 0.361793 77.404999
80.620567 35.758511 1.000000 0.045575 0.056340 0.283866 77.529999
80.824753 35.826717 1.000000 0.055729 0.038676 0.217505 77.639999
81.023140 35.887306 1.000000 0.017525 0.031669 0.223427 77.745003
81.223671 35.944412 1.000000 0.076283 0.026819 0.155026 77.849998
81.426247 35.994831 1.000000 0.030540 0.027592 0.166506 77.955002
81.630196 36.042160 1.000000 0.024359 0.024225 0.174870 78.059998
81.844055 36.092106 1.000000 -0.054316 0.017175 0.295279 78.169998
82.085464 36.154392 1.000000 -0.006405 0.021962 0.297849 78.294998
82.288139 36.208366 1.000000 -0.015834 0.021735 0.299699 78.400002
82.480873 36.261803 1.000000 -0.024204 0.021077 0.300501 78.500000
82.701324 36.326519 1.000000 -0.057601 -0.025434 0.328178 78.614998
82.931435 36.402813 1.000000 -0.053412 -0.094443 0.415298 78.739998
83.125534 36.473904 1.000000 -0.027745 -0.251290 0.483311 78.855003
83.330055 36.548435 1.000000 -0.060516 -0.273224 0.640390 79.004997
83.522064 36.612469 1.000000 -0.078861 -0.157828 0.860301 79.214996
83.716362 36.665054 1.000000 -0.055388 -0.036257 1.305362 79.639999
83.732399 36.867817 1.000000 -0.003355 0.261073 1.929900 81.260002
83.636574 37.076740 1.000000 0.051625 0.102342 1.936584 81.440002
83.563156 37.264473 1.000000 0.043287 0.038873 1.991876 81.580002
83.496300 37.453285 1.000000 -0.003080 0.012248 2.145267 81.714996
83.426918 37.641567 1.000000 -0.053046 0.018298 2.288633 81.849998
83.345016 37.830849 1.000000 -0.103528 0.040995 2.428762 81.989998
83.246025 38.010147 1.000000 -0.089031 0.052390 2.483284 82.129997
83.128448 38.179420 1.000000 -0.119453 0.053111 2.538218 82.269997
82.990486 38.334229 1.000000 -0.130349 0.046946 2.603142 82.410004
82.839272 38.466816 1.000000 -0.115788 0.037386 2.666263 82.544998
82.673958 38.583427 1.000000 -0.094927 0.029673 2.728356 82.680000
82.498505 38.686138 1.000000 -0.075322 0.023378 2.790709 82.815002
82.316383 38.778118 1.000000 -0.018629 0.016625 2.799861 82.949997
82.134148 38.865257 1.000000 -0.043118 0.175185 2.797627 83.080002
81.944626 38.947594 1.000000 -0.017056 0.133207 2.816210 83.199997
81.755867 39.025082 1.000000 -0.001873 0.082799 2.798848 83.309998
81.540550 39.109962 1.000000 -0.056164 0.051912 2.867481 83.430000
81.337303 39.183643 1.000000 -0.008615 0.036395 2.853453 83.540001
81.141029 39.253689 1.000000 -0.008564 0.027292 2.841399 83.644997
80.943550 39.323421 1.000000 -0.013304 0.023127 2.833864 83.750000
80.745216 39.392319 1.000000 -0.014667 0.021227 2.828219 83.855003
80.555809 39.457195 1.000000 0.042156 0.016897 2.780599 83.955002
80.367950 39.525826 1.000000 0.033449 0.017325 2.710736 84.055000
80.172295 39.601574 1.000000 -0.005407 0.020135 2.720810 84.160004
79.985901 39.674175 1.000000 0.047681 0.019993 2.694654 84.260002
79.792023 39.754665 1.000000 0.024142 0.009579 2.667061 84.364998
79.601402 39.837639 1.000000 0.013347 -0.057955 2.676170 84.470001
79.410835 39.923042 1.000000 0.063060 -0.110995 2.614176 84.580002
79.229050 40.011051 1.000000 0.047954 -0.079475 2.572640 84.695000
79.050278 40.108742 1.000000 0.137452 -0.030393 2.378303 84.820000
78.884270 40.222340 1.000000 0.135673 0.009917 2.217939 84.949997
78.725082 40.360157 1.000000 0.095883 0.029023 2.109009 85.089996
78.570587 40.522652 1.000000 0.091740 0.033605 2.044160 85.239998
78.427483 40.705502 1.000000 0.095668 0.031727 1.975086 85.394997
78.318031 40.876175 1.000000 0.092679 0.028908 1.912130 85.529999
78.222893 41.055664 1.000000 0.086320 0.026355 1.847318 85.665001
78.133354 41.263233 1.000000 0.074410 0.023538 1.776310 85.815002
78.066071 41.455479 1.000000 0.041853 0.021428 1.739176 85.949997
78.003983 41.659058 1.000000 0.016527 0.135664 1.753086 86.089996
77.948479 41.858078 1.000000 0.026977 0.155906 1.762132 86.214996
77.895027 42.069393 1.000000 0.072115 0.099656 1.744960 86.334999
77.854263 42.265202 1.000000 0.095812 0.065176 1.662196 86.440002
77.821495 42.466957 1.000000 0.021950 0.045636 1.673003 86.544998
77.790962 42.671803 1.000000 0.014267 0.033091 1.678014 86.650002
77.761696 42.878269 1.000000 0.015324 0.026855 1.682008 86.754997
77.736130 43.085770 1.000000 0.052330 0.023572 1.614250 86.860001
77.715752 43.293915 1.000000 0.034743 0.023963 1.608904 86.964996
77.699791 43.502533 1.000000 0.030706 0.023630 1.558180 87.070000
77.687515 43.711464 1.000000 0.004605 0.022822 1.567302 87.175003
77.674370 43.950562 1.000000 0.009677 0.021686 1.575415 87.294998
77.662590 44.189873 1.000000 0.014466 0.021875 1.581768 87.415001
77.652763 44.429401 1.000000 0.014126 0.021614 1.586698 87.535004
77.645721 44.639168 1.000000 0.010558 0.021099 1.590129 87.639999
77.639755 44.849026 1.000000 0.005930 0.020645 1.592887 87.745003
77.634354 45.058910 1.000000 0.001022 0.020286 1.595090 87.849998
77.628990 45.268795 1.000000 -0.002813 0.020313 1.596861 87.955002
77.623260 45.478626 1.000000 -0.004709 0.020222 1.598289 88.059998
77.616966 45.688431 1.000000 -0.004884 0.020425 1.599421 88.165001
77.610100 45.898178 1.000000 -0.003729 0.020515 1.600340 88.269997
77.602074 46.127907 1.000000 -0.001494 0.020636 1.601128 88.385002
77.593445 46.367683 1.000000 0.000575 0.020554 1.601781 88.504997
77.585899 46.577488 1.000000 0.001801 0.019817 1.602234 88.610001
77.580902 46.817085 1.000000 0.093519 0.019611 1.483732 88.730003
77.587494 47.035702 1.000000 0.102736 0.025644 1.380917 88.839996
77.603981 47.243206 1.000000 0.028976 0.028063 1.369376 88.945000
77.624847 47.450737 1.000000 0.031349 0.028211 1.376151 89.050003
77.651711 47.657875 1.000000 0.064651 0.027430 1.328629 89.154999
77.686119 47.864048 1.000000 0.040498 0.026356 1.336401 89.260002
77.728172 48.068867 1.000000 0.108016 0.024140 1.240980 89.364998
77.780594 48.270992 1.000000 0.099122 0.026697 1.206170 89.470001
77.843521 48.470028 1.000000 0.114905 0.028336 1.116274 89.574997
77.927887 48.693161 1.000000 0.023928 0.026366 1.119746 89.695000
78.019348 48.914230 1.000000 0.095608 0.026256 1.039959 89.815002
78.109497 49.103054 1.000000 0.098569 0.026483 0.956841 89.919998
78.219688 49.303482 1.000000 0.100720 0.029416 0.869357 90.035004
78.330650 49.479942 1.000000 0.107103 0.032504 0.791836 90.139999
78.451820 49.649128 1.000000 0.120750 0.036924 0.715115 90.245003
78.583817 49.809631 1.000000 0.131259 0.040115 0.639157 90.349998
78.726776 49.960148 1.000000 0.099346 0.039522 0.589641 90.455002
78.878227 50.103043 1.000000 0.060909 0.035179 0.609723 90.559998
79.035339 50.241573 1.000000 0.011794 0.023818 0.660706 90.665001
79.186478 50.372871 1.000000 -0.036718 0.015103 0.775317 90.764999
79.335381 50.506538 1.000000 0.006054 0.015324 0.822818 90.864998
79.484077 50.640587 1.000000 0.005990 0.018098 0.816180 90.964996
79.633095 50.774784 1.000000 -0.017978 0.018509 0.811220 91.065002
79.788223 50.917587 1.000000 -0.040799 0.018292 0.808508 91.169998
79.933258 51.056705 1.000000 -0.027171 0.016345 0.795473 91.269997
80.077385 51.196693 1.000000 0.058172 0.012485 0.680672 91.370003
80.224174 51.333202 1.000000 0.044389 0.015295 0.631718 91.470001
80.381378 51.472397 1.000000 0.039906 0.020679 0.585457 91.574997
80.557365 51.620487 1.000000 0.046441 0.023882 0.594726 91.690002
80.713882 51.745747 1.000000 0.058633 0.021081 0.599900 91.790001
80.874054 51.866730 1.000000 0.057223 0.018669 0.603275 91.889999
81.063828 51.998024 1.000000 0.069191 0.018000 0.542867 92.004997
81.266922 52.127388 1.000000 0.024847 0.017843 0.545964 92.125000
81.463890 52.247822 1.000000 0.003700 0.016047 0.519854 92.239998
81.635536 52.352051 1.000000 -0.017275 0.016360 0.528581 92.339996
81.806297 52.457912 1.000000 -0.019353 0.015992 0.535760 92.440002
81.976006 52.565571 1.000000 -0.014808 0.015669 0.541538 92.540001
82.144875 52.674648 1.000000 -0.027075 0.014308 0.558511 92.639999
82.311356 52.787018 1.000000 -0.088499 0.013173 0.670194 92.739998
82.472321 52.906136 1.000000 -0.092435 0.017873 0.768416 92.839996
82.634575 53.038731 1.000000 -0.093398 0.022889 0.859155 92.945000
82.789413 53.178989 1.000000 -0.104970 0.028252 0.944857 93.050003
82.935577 53.327457 1.000000 -0.117583 0.034074 1.025593 93.154999
83.071518 53.484726 1.000000 -0.135532 0.039981 1.103520 93.260002
83.195457 53.651108 1.000000 -0.153999 0.012900 1.192184 93.364998
83.315712 53.844761 1.000000 -0.203285 -0.098792 1.388190 93.485001
83.404900 54.029743 1.000000 -0.212112 -0.035697 1.544168 93.605003
83.467094 54.223904 1.000000 -0.196013 0.023923 1.682215 93.735001
83.496834 54.423668 1.000000 -0.168933 0.048494 1.815629 93.870003
83.494301 54.629631 1.000000 -0.143196 0.051884 1.953781 94.010002
83.462753 54.832615 1.000000 -0.119706 0.048107 2.083838 94.150002
83.406624 55.030418 1.000000 -0.107648 0.045910 2.211601 94.290001
83.321732 55.233780 1.000000 -0.111770 0.046570 2.357886 94.440002
83.204384 55.437149 1.000000 -0.117331 0.048529 2.505621 94.599998
83.080093 55.600391 1.000000 -0.096797 0.049175 2.614105 94.739998
82.928192 55.761127 1.000000 -0.088583 0.045338 2.656979 94.889999
82.777260 55.893936 1.000000 -0.081739 0.036821 2.693999 95.025002
82.614502 56.014023 1.000000 -0.104342 0.032655 2.759846 95.160004
82.440971 56.118626 1.000000 -0.100473 0.029532 2.827637 95.294998
82.258476 56.207420 1.000000 -0.089609 0.026821 2.893676 95.430000
82.069244 56.281857 1.000000 -0.042651 0.021745 2.923406 95.565002
81.876038 56.348518 1.000000 -0.019128 0.067649 2.908486 95.699997
81.685303 56.409901 1.000000 -0.018708 0.169353 2.897901 95.824997
81.489944 56.468948 1.000000 -0.020893 0.116805 2.890367 95.940002
81.290642 56.526348 1.000000 -0.017499 0.072372 2.884640 96.050003
81.094009 56.581196 1.000000 -0.011918 0.046729 2.880262 96.154999
80.894173 56.636028 1.000000 -0.004028 0.032668 2.876790 96.260002
80.692833 56.691238 1.000000 0.001220 0.025680 2.873979 96.364998
80.490875 56.747173 1.000000 0.004148 0.022364 2.871735 96.470001
80.288811 56.803997 1.000000 0.004365 0.020377 2.869915 96.574997
80.067535 56.867207 1.000000 0.002360 0.019006 2.868356 96.690002
79.875252 56.922787 1.000000 -0.000162 0.019056 2.867254 96.790001
79.673378 56.981495 1.000000 -0.003075 0.019266 2.866331 96.894997
79.452278 57.045864 1.000000 -0.005507 0.018328 2.865525 97.010002
79.251030 57.104256 1.000000 -0.003545 -0.091341 2.807634 97.114998
79.045891 57.163387 1.000000 0.035591 -0.306498 2.687208 97.230003
78.847931 57.218002 1.000000 0.071951 -0.281911 2.540603 97.370003
78.651993 57.265919 1.000000 0.087006 -0.160857 2.325931 97.574997
78.452209 57.302593 1.000000 0.058438 -0.035598 1.891348 97.989998
78.479996 57.521645 1.000000 -0.037090 0.318260 0.976798 99.334999
78.608833 57.713131 1.000000 0.008961 0.208313 0.915824 99.489998
78.730568 57.887619 1.000000 -0.023059 0.113221 0.873617 99.610001
78.859604 58.074947 1.000000 -0.070133 0.058810 0.942643 99.730003
78.986809 58.272011 1.000000 -0.042274 0.038692 0.971718 99.849998
79.095520 58.449490 1.000000 -0.077609 0.027169 1.083089 99.955002
79.197983 58.631714 1.000000 -0.068672 0.022922 1.177493 100.059998
79.293930 58.817509 1.000000 -0.071202 0.023190 1.263805 100.165001
79.382889 59.006298 1.000000 -0.031311 0.025228 1.304109 100.269997
79.468155 59.197102 1.000000 -0.026366 0.027832 1.290972 100.375000
79.558540 59.408257 1.000000 -0.049373 0.025438 1.279771 100.489998
79.643440 59.622108 1.000000 -0.057422 0.022157 1.270835 100.605003
79.712021 59.810192 1.000000 -0.050189 0.020843 1.264615 100.705002
79.779488 60.009373 1.000000 -0.034256 0.019037 1.259375 100.809998
79.852943 60.238297 1.000000 -0.013461 0.018626 1.254649 100.930000
79.919174 60.448578 1.000000 0.002989 0.018998 1.251227 101.040001
79.980057 60.639584 1.000000 0.011598 0.018494 1.248725 101.139999
80.042404 60.830139 1.000000 0.014932 0.018582 1.246709 101.239998
80.106476 61.020153 1.000000 0.013655 0.017796 1.245066 101.339996
80.172119 61.209633 1.000000 0.008709 0.017743 1.243741 101.440002
80.238884 61.398705 1.000000 0.002775 0.017920 1.242652 101.540001
80.309563 61.597031 1.000000 -0.003597 0.018168 1.241737 101.644997
80.376900 61.785942 1.000000 -0.007968 0.017855 1.241028 101.745003
80.443825 61.974998 1.000000 -0.010191 0.018374 1.240458 101.845001
80.513466 62.173729 1.000000 -0.010718 0.017473 1.239973 101.949997
80.579140 62.363174 1.000000 -0.009587 0.017395 1.239597 102.050003
80.646355 62.558041 1.000000 -0.016780 -0.192605 1.349554 102.154999
80.714462 62.751881 1.000000 -0.055191 -0.323701 1.475218 102.275002
80.787758 62.945923 1.000000 -0.085333 -0.229156 1.648007 102.440002
80.867661 63.131908 1.000000 -0.083173 -0.099655 1.925517 102.705002
80.963242 63.307858 1.000000 -0.021496 0.002380 2.747557 103.489998
80.855995 63.137550 1.000000 0.003822 0.320559 -2.121033 105.355003
80.744316 62.964088 1.000000 0.000833 0.241465 -2.126896 105.500000
80.632484 62.788651 1.000000 -0.068560 0.133673 -2.076129 105.620003
80.524658 62.603550 1.000000 -0.089154 -0.040416 -1.925180 105.735001
80.429024 62.419662 1.000000 -0.086976 -0.092180 -1.837190 105.849998
80.337990 62.222622 1.000000 -0.064495 -0.041653 -1.802128 105.980003
80.260078 62.031738 1.000000 -0.057436 -0.010326 -1.816123 106.110001
80.193932 61.841835 1.000000 -0.099823 0.005867 -1.746886 106.239998
80.138306 61.627827 1.000000 -0.054873 0.013620 -1.688712 106.385002
80.096848 61.426933 1.000000 -0.013615 0.013315 -1.705028 106.519997
80.058998 61.225201 1.000000 -0.051429 0.014137 -1.657221 106.654999
80.029633 61.025223 1.000000 0.006943 0.171042 -1.633229 106.785004
80.001633 60.820450 1.000000 0.020763 0.133812 -1.647194 106.904999
79.971786 60.618416 1.000000 0.073464 0.079118 -1.717289 107.014999
79.926956 60.381668 1.000000 0.078434 0.048541 -1.847128 107.139999
79.876488 60.172192 1.000000 0.067210 0.035955 -1.944262 107.250000
79.821716 59.972469 1.000000 -0.004781 0.030586 -1.941009 107.355003
79.765526 59.771797 1.000000 0.008880 0.028010 -1.934503 107.459999
79.707397 59.570740 1.000000 0.026396 0.024800 -1.929191 107.565002
79.645782 59.370201 1.000000 0.036621 0.022004 -1.924974 107.669998
79.583160 59.180229 1.000000 0.035130 0.020324 -1.921721 107.769997
79.516914 58.991329 1.000000 0.043266 0.018726 -1.930084 107.870003
79.445244 58.804558 1.000000 0.105592 -0.001994 -2.042787 107.970001
79.349869 58.593590 1.000000 0.148643 -0.127823 -2.265812 108.089996
79.249153 58.410686 1.000000 0.175864 -0.062072 -2.449508 108.209999
79.129951 58.241962 1.000000 0.177772 0.008032 -2.603441 108.339996
78.973663 58.078541 1.000000 0.162875 0.040324 -2.738932 108.489998
78.796738 57.946083 1.000000 0.162001 0.053481 -2.906271 108.639999
78.615204 57.852200 1.000000 0.146565 0.057140 -3.049497 108.779999
78.400795 57.779144 1.000000 0.122051 0.050813 3.106650 108.934998
78.170418 57.733017 1.000000 0.101682 0.043831 2.998016 109.095001
77.964615 57.713634 1.000000 0.080411 0.040945 2.937594 109.235001
77.764038 57.711365 1.000000 0.084693 0.036613 2.888242 109.370003
77.563026 57.725483 1.000000 0.088105 0.032826 2.828089 109.504997
77.363258 57.756344 1.000000 0.070236 0.028626 2.779830 109.639999
77.165741 57.802082 1.000000 0.083372 0.026101 2.706478 109.775002
76.971687 57.862045 1.000000 0.031023 0.021209 2.697027 109.910004
76.778885 57.929424 1.000000 0.021018 0.016238 2.717923 110.044998
76.589523 58.000198 1.000000 0.014188 0.172311 2.735006 110.175003
76.396904 58.075996 1.000000 0.012206 0.132950 2.744655 110.294998
76.198631 58.156635 1.000000 0.005969 0.079722 2.749769 110.410004
75.965775 58.252880 1.000000 -0.003431 0.046233 2.753047 110.540001
75.775719 58.329681 1.000000 -0.097730 -0.109330 2.917234 110.644997
75.586578 58.397327 1.000000 -0.110474 -0.108551 3.009102 110.754997
75.362259 58.461864 1.000000 -0.119286 -0.035859 3.100716 110.894997
75.161903 58.501286 1.000000 -0.074370 -0.001532 3.132567 111.025002
74.956276 58.528309 1.000000 -0.053268 0.008745 3.119503 111.160004
74.743507 58.546379 1.000000 -0.037485 0.010860 3.109425 111.300003
74.538338 58.557041 1.000000 -0.019702 0.011417 3.102116 111.434998
74.310371 58.565071 1.000000 -0.002270 0.011082 3.096102 111.584999
74.102890 58.571991 1.000000 0.008094 0.048802 3.092071 111.720001
73.895248 58.580086 1.000000 -0.063394 0.155192 3.139460 111.849998
73.695107 58.580444 1.000000 -0.057452 0.128208 -3.050516 111.964996
73.491074 58.573116 1.000000 0.019976 0.080713 -3.016263 112.074997
73.260086 58.565224 1.000000 0.025660 0.049394 -3.026364 112.195000
73.034248 58.559982 1.000000 -0.005031 0.036786 -3.034015 112.309998
72.796371 58.553280 1.000000 -0.028466 0.029574 -3.040237 112.430000
72.577499 58.543392 1.000000 -0.036764 0.025267 -3.044718 112.540001
72.368416 58.529743 1.000000 -0.032971 0.023314 -3.048132 112.644997
72.159348 58.512409 1.000000 -0.022528 0.021057 -3.050870 112.750000
71.950424 58.492554 1.000000 -0.010735 0.019781 -3.053081 112.855003
71.741646 58.471554 1.000000 0.003590 0.019906 -3.054825 112.959999
71.532799 58.450787 1.000000 0.012182 0.019990 -3.056239 113.065002
71.323845 58.431168 1.000000 0.016060 0.020225 -3.057400 113.169998
71.094795 58.411423 1.000000 0.014742 0.020835 -3.058620 113.285004
70.855614 58.392605 1.000000 0.010778 0.019407 -3.059377 113.404999
70.606415 58.374321 1.000000 0.004273 0.020231 -3.059984 113.529999
70.387039 58.358601 1.000000 -0.000354 0.019999 -3.060401 113.639999
70.177773 58.343380 1.000000 -0.003227 0.019901 -3.060719 113.745003
69.968529 58.327652 1.000000 -0.004180 0.020453 -3.060973 113.849998
69.759285 58.311321 1.000000 -0.003760 0.019835 -3.061117 113.955002
69.550125 58.294453 1.000000 -0.001899 0.019745 -3.061293 114.059998
69.331085 58.276417 1.000000 0.000289 0.019830 -3.061441 114.169998
69.121948 58.260448 1.000000 0.077025 0.020435 -3.139284 114.275002
68.912872 58.252144 1.000000 0.071204 -0.017703 3.044313 114.379997
68.702240 58.250755 1.000000 0.062059 -0.237703 2.929123 114.489998
68.494690 58.250362 1.000000 0.086341 -0.297676 2.792990 114.620003
68.279205 58.244797 1.000000 0.099082 -0.178550 2.588789 114.815002
68.079445 58.229767 1.000000 0.076073 -0.059284 2.243219 115.144997
68.224838 58.403099 1.000000 0.014178 0.118447 0.417526 117.235001
68.398521 58.505253 1.000000 0.023349 0.052781 0.262142 117.379997
68.602348 58.614735 1.000000 0.065461 0.038215 0.106961 117.540001
68.808746 58.705910 1.000000 0.072600 0.048225 -0.002523 117.695000
69.010216 58.773308 1.000000 0.108015 0.055133 -0.060006 117.839996
69.212044 58.816746 1.000000 0.126531 0.051595 -0.119521 117.980003
69.411453 58.837261 1.000000 0.077276 0.037520 -0.106724 118.114998
69.613876 58.842964 1.000000 0.065588 0.025298 -0.092542 118.250000
69.825180 58.836338 1.000000 0.045166 0.016943 -0.081438 118.389999
70.029297 58.821568 1.000000 0.018718 0.014095 -0.073391 118.525002
70.234055 58.803219 1.000000 0.001979 0.112489 -0.067327 118.660004
70.446617 58.784443 1.000000 -0.015558 0.156099 -0.062958 118.790001
70.663124 58.767925 1.000000 -0.023208 0.099375 -0.059829 118.910004
70.901176 58.753223 1.000000 -0.022382 0.059351 -0.057300 119.035004
71.106300 58.743500 1.000000 -0.079705 0.038518 -0.002282 119.139999
71.313553 58.740032 1.000000 -0.060643 0.030582 0.043652 119.245003
71.521576 58.743584 1.000000 -0.087638 0.027621 0.141955 119.349998
71.729118 58.756725 1.000000 -0.088401 0.029052 0.229783 119.455002
71.935394 58.780006 1.000000 -0.097893 0.032637 0.314124 119.559998
72.139671 58.814381 1.000000 -0.108105 0.037149 0.391270 119.665001
72.341057 58.861160 1.000000 -0.122849 0.041959 0.467369 119.769997
72.566040 58.931782 1.000000 -0.159960 -0.014905 0.589620 119.889999
72.772720 59.018520 1.000000 -0.214462 -0.090392 0.793521 120.010002
72.954430 59.122421 1.000000 -0.224258 -0.018238 0.961517 120.135002
73.110306 59.248569 1.000000 -0.204649 0.034610 1.107059 120.264999
73.254700 59.417900 1.000000 -0.163941 0.052286 1.254129 120.415001
73.365288 59.600891 1.000000 -0.088487 0.044705 1.317308 120.559998
73.452797 59.781998 1.000000 -0.075654 0.033400 1.363163 120.695000
73.527977 59.970047 1.000000 -0.075770 0.028142 1.419252 120.830002
73.590302 60.163292 1.000000 -0.075651 0.025859 1.480058 120.964996
73.640205 60.360435 1.000000 -0.066015 0.023196 1.518578 121.099998
73.679092 60.560322 1.000000 -0.034901 0.020162 1.537278 121.235001
73.710770 60.762081 1.000000 -0.028257 0.017119 1.520969 121.370003
73.737541 60.965511 1.000000 -0.023390 0.105841 1.508655 121.504997
73.761177 61.185352 1.000000 -0.017904 0.157738 1.499376 121.639999
73.780258 61.392288 1.000000 -0.011481 0.106459 1.493231 121.754997
73.796204 61.600906 1.000000 -0.012103 0.064589 1.522924 121.864998
73.809998 61.805195 1.000000 0.000415 0.043036 1.519615 121.970001
73.826012 62.041706 1.000000 0.000063 0.030807 1.516656 122.089996
73.840240 62.249992 1.000000 -0.001620 0.025700 1.514596 122.195000
73.854240 62.458908 1.000000 -0.052649 0.021703 1.549753 122.300003
73.864540 62.668114 1.000000 -0.012015 0.022523 1.566123 122.404999
73.873177 62.877518 1.000000 -0.002608 0.021743 1.561275 122.510002
73.883018 63.127007 1.000000 -0.005117 0.021162 1.556724 122.635002
73.890724 63.336685 1.000000 -0.007081 0.020561 1.553716 122.739998
73.897598 63.546410 1.000000 -0.052202 0.020326 1.580431 122.845001
73.900406 63.756104 1.000000 -0.070022 0.022358 1.637372 122.949997
73.895958 63.965473 1.000000 -0.073153 0.023407 1.720335 123.055000
73.883316 64.174004 1.000000 -0.070544 0.024751 1.798506 123.160004
73.865234 64.381851 1.000000 -0.008708 0.023100 1.789583 123.264999
73.844955 64.589676 1.000000 -0.014257 0.025801 1.798648 123.370003
73.822144 64.797615 1.000000 -0.024960 0.025489 1.787450 123.474998
73.791763 65.035126 1.000000 -0.090160 0.024145 1.814861 123.595001
73.751221 65.270836 1.000000 -0.050812 0.024809 1.826395 123.714996
73.704659 65.495438 1.000000 -0.038427 0.023492 1.820939 123.830002
73.650360 65.728943 1.000000 -0.025164 0.020916 1.816484 123.949997
73.599609 65.932716 1.000000 -0.011971 0.020233 1.813358 124.055000
73.549843 66.126556 1.000000 0.002072 0.019267 1.810988 124.154999
73.499992 66.320427 1.000000 0.012137 0.019324 1.809051 124.254997
73.451027 66.514580 1.000000 0.017780 0.019838 1.807497 124.355003
73.403374 66.709084 1.000000 -0.015227 0.017966 1.827681 124.455002
73.353767 66.902893 1.000000 -0.018800 0.017798 1.887674 124.555000
73.299690 67.105667 1.000000 0.061108 0.019608 1.823180 124.660004
73.248192 67.309227 1.000000 -0.026175 0.018918 1.828431 124.764999
73.193840 67.512039 1.000000 -0.047335 0.018474 1.839699 124.870003
73.134377 67.713432 1.000000 -0.042050 0.018517 1.848588 124.974998
73.064056 67.932564 1.000000 -0.022747 0.019155 1.853459 125.089996
72.987259 68.160309 1.000000 -0.002174 0.019221 1.858695 125.209999
72.922592 68.350014 1.000000 0.011438 0.018990 1.861866 125.309998
72.855499 68.549522 1.000000 0.020591 0.018809 1.863727 125.415001
72.783974 68.768669 1.000000 -0.016402 0.015504 1.895308 125.529999
72.714256 68.977524 0.994516 0.001856 0.017739 1.932593 125.639999
72.650024 69.167038 0.986632 0.001606 0.019577 1.931579 125.739998
72.583900 69.355843 0.986022 -0.110767 0.017451 2.040940 125.839996
72.508125 69.539795 1.012661 -0.140211 0.024740 2.166555 125.940002
72.415146 69.725060 1.011682 -0.151270 0.035319 2.290823 126.044998
72.307747 69.900772 1.010806 -0.161103 0.045558 2.405659 126.150002
72.185646 70.065086 1.010066 -0.197989 -0.018979 2.560531 126.254997
72.048615 70.214684 1.009411 -0.254363 -0.075969 2.799503 126.364998
71.890282 70.345154 1.008787 -0.268296 0.008860 3.019424 126.489998
71.692726 70.446793 1.008183 -0.216754 0.076224 -3.080756 126.639999
71.484039 70.497894 1.007703 -0.177403 0.078498 -2.943391 126.790001
71.268425 70.506905 1.007321 -0.142858 0.065717 -2.801763 126.940002
71.066185 70.483932 1.007036 -0.118266 0.054301 -2.676019 127.080002
70.859825 70.433861 1.006801 -0.102980 0.046618 -2.540612 127.224998
70.659798 70.360649 1.006612 -0.105641 0.044533 -2.406297 127.370003
70.475861 70.269142 1.006466 -0.106870 0.046309 -2.275953 127.510002
70.301704 70.159172 1.006348 -0.092726 0.045570 -2.226875 127.650002
70.116943 70.011925 1.006242 -0.103705 0.046375 -2.098379 127.809998
69.976051 69.870125 0.997864 -0.053896 0.039426 -2.096600 127.945000
69.831963 69.698311 1.001258 -0.083975 0.032531 -2.016877 128.095001
69.716255 69.531868 0.999219 -0.037116 0.025167 -2.003377 128.229996
69.609520 69.358322 0.990469 -0.097252 0.001654 -1.896118 128.365005
69.513405 69.176468 0.990469 -0.029047 -0.246162 -2.037494 128.509995
69.425720 68.994583 0.990469 0.027750 -0.191832 -2.241704 128.705002
69.347946 68.808556 0.990469 0.046931 -0.067951 -2.623927 129.070007
69.260254 68.625511 0.990469 0.009422 0.283831 -2.504789 129.895004
69.097832 68.479591 0.990220 0.005656 0.170687 -2.178129 130.134995
68.949509 68.339256 0.990275 -0.056276 0.092907 -1.975855 130.294998
68.809837 68.178162 0.990316 -0.122458 0.081818 -1.802775 130.449997
68.690475 67.987816 0.990340 -0.121139 -0.017065 -1.717229 130.610001
68.603149 67.804016 0.990340 -0.052014 -0.229885 -1.884786 130.770004
68.524681 67.616112 0.990340 0.014787 -0.148931 -2.136121 131.009995
68.461395 67.425163 0.990340 0.029070 -0.026993 -2.738257 131.585007
68.424873 67.621841 0.990340 0.037144 0.196521 1.518894 133.945007
68.410851 67.837486 0.990340 0.035901 0.093078 1.490138 134.110001
68.409904 68.038094 0.990340 0.128804 0.047828 1.353160 134.250000
68.434494 68.248466 0.990340 0.125179 0.040869 1.222865 134.395004
68.484818 68.448326 0.990340 0.133553 0.040333 1.061301 134.535004
68.560310 68.640915 0.990340 0.106876 0.036484 0.906155 134.675003
68.650719 68.819633 0.990340 0.045602 0.029213 0.851748 134.809998
68.755325 69.000908 0.990340 0.081634 0.027885 0.774088 134.949997
68.870979 69.174782 0.990340 0.043437 -0.225942 0.903039 135.095001
68.995361 69.345024 0.990340 -0.018688 -0.200044 1.107243 135.289993
69.124435 69.502632 0.990340 -0.045904 -0.079538 1.468529 135.634995
69.171478 69.698853 0.990340 -0.061901 0.323087 2.286500 137.054993
69.026001 69.843414 0.994657 -0.007183 0.167634 2.301492 137.244995
68.879196 69.988472 1.007878 -0.009280 0.068699 2.417017 137.395004
68.726585 70.137093 1.007495 -0.001485 0.022538 2.563729 137.539993
68.580894 70.275749 1.007210 -0.032584 0.013141 2.702813 137.675003
68.431763 70.409729 1.006979 -0.084093 0.020627 2.821594 137.809998
68.271034 70.533783 1.006784 -0.134919 -0.003140 2.969267 137.949997
68.073517 70.651093 1.006600 -0.128284 -0.039221 3.027650 138.119995
67.877502 70.730850 1.006457 -0.160200 0.124687 3.125773 138.289993
67.675613 70.768044 1.006356 -0.133732 0.097148 -3.021130 138.445007
67.471336 70.772919 1.006281 -0.109748 0.064859 -2.866301 138.589996
67.269043 70.754875 1.006222 -0.052741 0.044672 -2.792215 138.729996
67.043419 70.717529 1.006171 -0.004181 0.029702 -2.743971 138.884995
66.845100 70.679245 1.006135 0.017075 0.022372 -2.875649 139.020004
66.644279 70.642471 1.006106 -0.002682 0.014398 -2.975175 139.154999
66.443481 70.602554 1.006083 -0.045692 0.009983 -2.970730 139.289993
66.244095 70.555153 1.006065 -0.021761 0.011275 -2.964340 139.425003
66.044952 70.506493 1.006049 0.054739 0.013522 -3.057618 139.559998
65.844620 70.466866 1.006036 0.069596 0.018601 -3.139057 139.695007
65.642998 70.439590 1.006027 0.073655 0.022004 3.070009 139.830002
65.424278 70.427643 1.006018 0.088747 0.184580 2.989811 139.970001
65.215500 70.434639 1.006012 0.033619 0.126676 2.942992 140.089996
65.011375 70.449074 1.006007 -0.000129 0.081031 2.958823 140.199997
64.780457 70.467239 1.016396 0.014357 0.051320 2.972416 140.320007
64.555153 70.487579 1.031366 -0.013998 0.034296 3.008912 140.434998
64.357651 70.505814 0.978922 0.021768 0.028008 3.031855 140.535004
64.149567 70.524506 0.979447 -0.051743 0.021936 3.134996 140.639999
63.945076 70.537125 0.979995 -0.085753 -0.131895 -2.982583 140.744995
63.738735 70.544724 0.980502 -0.048570 -0.102485 -3.034056 140.860001
63.531387 70.549294 0.980960 -0.037365 -0.045262 -3.075381 140.985001
63.302357 70.548561 0.981390 -0.031021 -0.013529 -3.137188 141.130005
63.101875 70.542076 0.981701 -0.042512 -0.001243 -3.130861 141.259995
62.873268 70.525688 0.981991 -0.022121 0.007265 -3.087650 141.410004
62.668613 70.506424 0.982201 0.013395 0.011007 -3.090264 141.544998
62.463985 70.490692 0.982369 0.048071 0.011793 -3.140020 141.679993
62.263512 70.485420 0.982502 0.071755 0.166723 3.052866 141.809998
62.059792 70.491966 0.982603 0.017813 0.143097 3.050746 141.929993
61.857670 70.502289 0.982680 0.025658 0.091484 3.049218 142.039993
61.647194 70.516594 0.982745 0.031026 0.057785 3.048005 142.149994
61.442310 70.534103 0.982798 -0.012554 0.038225 3.073523 142.255005
61.235455 70.550423 0.982843 -0.068131 0.029364 -3.109695 142.360001
61.017902 70.559570 0.982882 -0.085952 0.029373 -3.011532 142.470001
60.770969 70.557152 0.982920 -0.101567 0.034530 -2.912825 142.595001
60.544937 70.540863 0.982949 -0.054261 0.036883 -2.869886 142.710007
60.308823 70.516670 0.982974 -0.037638 0.031839 -2.935992 142.830002
60.091892 70.489586 0.982993 -0.061959 0.028440 -2.940332 142.940002
59.885262 70.456665 0.983009 -0.030302 0.023072 -2.961675 143.044998
59.678860 70.421066 0.983022 -0.001745 0.019699 -3.035598 143.149994
59.472336 70.387199 0.983033 0.021550 0.022421 -3.080521 143.255005
59.255478 70.354866 0.986614 0.050274 0.025836 -3.086877 143.365005
59.057510 70.330833 1.007377 0.130901 0.021485 -3.135340 143.464996
58.849495 70.319084 1.006073 0.173193 0.026508 3.038414 143.570007
58.613182 70.328453 1.004834 0.113848 0.035517 2.956287 143.690002
58.387493 70.353371 1.003835 0.046735 0.032663 2.964877 143.804993
58.151474 70.386711 1.011166 0.026433 0.026758 2.971873 143.925003
57.925003 70.422630 1.016094 0.010708 0.023052 2.977076 144.039993
57.717957 70.455421 1.014660 -0.080908 0.018936 3.071082 144.145004
57.520462 70.481522 0.993847 -0.036867 0.020454 3.048782 144.244995
57.312767 70.504906 0.992187 -0.033277 0.022131 3.119770 144.350006
57.104649 70.523354 0.990822 0.001605 0.022209 -3.127740 144.455002
56.897728 70.538353 0.989667 -0.097436 -0.107149 -2.982577 144.559998
56.694740 70.547653 0.988635 -0.063957 -0.116275 -2.974239 144.669998
56.491352 70.551636 0.987700 -0.044577 -0.056729 -2.947604 144.789993
56.291023 70.551994 0.986894 -0.015666 -0.021801 -3.037931 144.914993
56.088646 70.550339 0.986200 -0.067330 -0.002803 -3.021680 145.044998
55.859287 70.538673 0.985557 0.003685 0.006507 -3.104217 145.195007
55.654137 70.527023 0.990711 -0.001312 0.008192 3.118431 145.330002
55.449646 70.516891 0.997872 0.036088 0.012839 3.031966 145.464996
55.244968 70.510941 0.998036 -0.008620 0.104692 3.049184 145.600006
55.032867 70.506195 0.998164 0.008115 0.163017 3.061838 145.729996
54.825634 70.504837 0.998258 0.026997 0.108496 3.070508 145.845001
54.616646 70.507408 1.012164 -0.024035 0.065440 3.120762 145.955002
54.412064 70.508163 1.039089 -0.018721 0.040944 -3.079049 146.059998
54.205505 70.503975 1.037732 -0.064325 0.032006 -2.981318 146.164993
53.970070 70.489708 1.036434 -0.098589 -0.076801 -2.855169 146.285004
53.767281 70.467506 1.035430 -0.109433 -0.106504 -2.777995 146.395004
53.558311 70.432518 1.034478 -0.122478 -0.046318 -2.701454 146.520004
53.358410 70.381447 1.033664 -0.119795 -0.003906 -2.634738 146.649994
53.149609 70.304619 1.032936 -0.104421 0.016261 -2.562464 146.794998
52.965298 70.215530 1.032385 -0.086320 0.020390 -2.498358 146.929993
52.788891 70.112495 1.031941 -0.039811 0.017991 -2.460703 147.065002
52.603706 69.993629 1.031555 -0.015726 0.014236 -2.476616 147.210007
52.435055 69.881157 1.031275 -0.010421 0.171389 -2.487325 147.339996
52.264221 69.763184 1.031063 -0.014041 0.132876 -2.494896 147.460007
52.097031 69.644524 1.030901 -0.012064 0.082079 -2.500348 147.570007
51.908455 69.508163 1.030753 -0.004835 0.047398 -2.505001 147.690002
51.724686 69.374039 1.030634 0.001776 0.029933 -2.508510 147.804993
51.556568 69.249245 1.030542 -0.073157 0.006554 -2.422627 147.910004
51.393108 69.121758 1.030465 -0.006489 -0.064284 -2.429546 148.014999
51.215397 68.981812 1.030390 -0.007450 -0.118240 -2.434255 148.134995
51.052502 68.852699 1.030328 -0.042577 -0.102769 -2.421614 148.257996
50.877575 68.702095 1.030267 -0.106965 -0.015690 -2.209730 148.399994
50.733780 68.554138 1.030220 -0.104629 0.013127 -2.045132 148.535004
50.593750 68.378464 1.030180 -0.109505 0.031326 -1.878464 148.684998
50.482750 68.203468 1.030151 -0.119254 0.041643 -1.738973 148.824997
50.391857 68.018471 1.030127 -0.081400 0.044781 -1.677901 148.964996
50.317482 67.824913 1.030108 -0.097279 0.043301 -1.625337 149.104996
50.263355 67.631317 1.030092 -0.105621 0.039286 -1.566498 149.240005
50.226395 67.432709 1.030080 -0.093692 0.031778 -1.536680 149.375000
50.202873 67.200935 1.030069 -0.048171 0.024019 -1.520109 149.529999
50.193039 66.997169 1.030061 -0.038066 0.018404 -1.531726 149.664993
50.190098 66.769768 1.030054 -0.026664 0.014203 -1.541305 149.815002
50.192608 66.567619 1.030049 -0.016218 0.173742 -1.547505 149.945007
50.197910 66.351936 1.030046 -0.002546 0.133614 -1.552059 150.070007
50.203671 66.128380 1.030043 0.009274 0.078448 -1.555411 150.190002
50.208344 65.896187 1.030040 0.014525 0.047939 -1.558049 150.309998
50.210876 65.689476 1.030038 0.014891 0.034488 -1.559881 150.414993
50.211952 65.441399 1.030035 0.010557 0.026916 -1.561590 150.539993
50.211643 65.232170 1.030034 0.005208 0.023818 -1.562721 150.645004
50.210819 65.022552 1.030034 0.000547 0.022076 -1.563624 150.750000
50.209984 64.812775 1.030034 -0.003182 0.020786 -1.564339 150.854996
50.209496 64.602890 1.030034 -0.004970 0.020940 -1.564929 150.960007
50.209549 64.393005 1.030034 -0.005144 0.020808 -1.565393 151.065002
50.210159 64.183121 1.030034 -0.004051 0.020813 -1.565767 151.169998
50.211384 63.943253 1.030034 -0.001932 0.020173 -1.566104 151.289993
50.212769 63.723370 1.030034 0.000016 0.020656 -1.566348 151.399994
50.212128 63.493538 1.030034 0.080371 0.019794 -1.659258 151.514999
50.201645 63.264660 1.030034 0.053549 0.022957 -1.741614 151.630005
50.185204 63.046402 1.030034 0.000101 0.023394 -1.730207 151.740005
50.168697 62.837795 1.030034 0.006390 0.023896 -1.721277 151.845001
50.151043 62.628944 1.030034 0.016852 0.022956 -1.714182 151.949997
50.130943 62.420128 1.030034 0.080693 0.021870 -1.754271 152.054993
50.102600 62.212685 1.030034 0.062385 0.023781 -1.818030 152.160004
50.068501 62.006275 1.030034 0.009999 0.022281 -1.766992 152.264999
50.029430 61.780212 1.030034 0.025004 0.022312 -1.767127 152.380005
49.986832 61.554527 1.030034 0.023107 0.020660 -1.767230 152.494995
49.940952 61.329311 1.030034 0.013136 0.020262 -1.767311 152.610001
49.898808 61.123703 1.030034 -0.074576 0.018995 -1.683028 152.714996
49.855965 60.888012 1.030034 -0.004673 0.020834 -1.693083 152.835007
49.819294 60.681541 1.030034 -0.008304 0.021606 -1.698492 152.940002
49.783337 60.474781 1.030034 -0.015754 0.020669 -1.702825 153.044998
49.748814 60.267708 1.030034 -0.019113 0.020688 -1.706304 153.149994
49.714531 60.050407 1.030034 -0.018006 0.019924 -1.709229 153.259995
49.684906 59.852600 1.030034 -0.013547 0.020068 -1.711365 153.360001
49.656322 59.654636 1.030034 -0.008261 0.019327 -1.713097 153.460007
49.626621 59.446804 1.030034 0.054033 0.017347 -1.758037 153.565002
49.592129 59.240116 1.030034 0.024715 0.020234 -1.800331 153.669998
49.550236 59.014565 1.030034 0.015624 0.022391 -1.798397 153.785004
49.501724 58.769676 1.030034 0.019912 0.021308 -1.796750 153.910004
49.447567 58.515518 1.030034 0.017855 0.020917 -1.795433 154.039993
49.403557 58.320381 1.030034 0.011797 0.019724 -1.794643 154.139999
49.356812 58.125896 1.030034 0.082879 0.018419 -1.877850 154.240005
49.301472 57.923569 1.030034 0.007623 0.020331 -1.882281 154.345001
49.238956 57.702354 1.030034 -0.002093 0.019933 -1.877904 154.460007
49.184204 57.509941 1.030034 0.002111 0.019983 -1.874898 154.559998
49.128811 57.317558 1.030034 0.004835 0.019004 -1.872434 154.660004
49.072559 57.125362 1.030034 0.005583 0.019027 -1.870448 154.759995
49.015427 56.933380 1.030034 0.004154 0.018373 -1.868314 154.860001
48.957565 56.741608 1.030034 0.001539 0.018989 -1.866195 154.960007
48.894886 56.545414 1.030034 0.096035 -0.136536 -2.056032 155.065002
48.822178 56.351974 1.030034 0.146729 -0.092998 -2.231929 155.179993
48.734108 56.167290 1.030034 0.162710 -0.019535 -2.394965 155.304993
48.628624 55.996628 1.030034 0.107995 0.018034 -2.442799 155.434998
48.485645 55.810555 1.030034 0.063214 0.025144 -2.460208 155.589996
48.348972 55.658455 1.030034 0.057176 0.021257 -2.456760 155.725006
48.198360 55.508034 1.030034 0.042533 0.013878 -2.443228 155.865005
48.047398 55.368160 1.030034 0.026819 0.011422 -2.431234 156.000000
47.887226 55.226494 1.030034 0.011837 0.009174 -2.424270 156.139999
47.731308 55.091305 1.030034 -0.000318 0.019110 -2.419216 156.274994
47.575188 54.955685 1.030034 -0.007932 0.168980 -2.415539 156.404999
47.422955 54.821625 1.030034 -0.011525 0.119409 -2.413018 156.520004
47.247059 54.664299 1.030034 0.029295 0.068358 -2.435936 156.645004
47.092255 54.530170 1.030034 0.077702 0.042750 -2.533785 156.750000
46.930214 54.400990 1.030034 0.082130 0.032878 -2.623749 156.854996
46.763248 54.276257 1.030034 0.005523 0.027455 -2.610779 156.960007
46.593300 54.154030 1.030034 0.093333 0.027832 -2.690954 157.065002
46.417885 54.040077 1.030034 0.114112 0.030487 -2.772201 157.169998
46.219227 53.926983 1.030034 0.051395 0.030161 -2.793271 157.285004
46.007328 53.815998 1.030034 0.049599 0.027541 -2.772751 157.404999
45.809704 53.719273 1.030034 0.055582 0.022646 -2.763350 157.514999
45.599983 53.623966 1.030034 0.047882 0.020209 -2.756999 157.630005
45.397060 53.537521 1.030034 0.000738 0.017199 -2.731499 157.740005
45.194721 53.450176 1.030034 -0.072872 0.016014 -2.615691 157.850006
45.005772 53.359570 1.030034 -0.088308 0.021432 -2.519725 157.955002
44.822311 53.260063 1.030034 -0.106308 0.029034 -2.431773 158.059998
44.645565 53.150372 1.030034 -0.102036 0.034689 -2.360784 158.164993
44.450623 53.013966 1.030034 -0.113743 0.035705 -2.328352 158.285004
44.271137 52.872437 1.030034 -0.059839 0.031960 -2.327639 158.399994
44.088936 52.716675 1.030034 -0.049120 0.025189 -2.346457 158.520004
43.925537 52.568512 1.030034 -0.040288 0.019621 -2.355810 158.630005
43.779549 52.430485 1.030034 -0.026142 0.017144 -2.362644 158.729996
43.627861 52.283543 1.030034 0.030077 0.013306 -2.400559 158.835007
43.474960 52.138046 1.030034 0.016146 0.015474 -2.425569 158.940002
43.327965 52.000931 1.030034 0.018019 0.016975 -2.425924 159.039993
43.179611 51.865055 1.030034 0.023951 0.015852 -2.426208 159.139999
43.029659 51.730911 1.030034 0.065881 0.013086 -2.453719 159.240005
42.876652 51.600605 1.030034 0.033485 0.015578 -2.468124 159.339996
42.721489 51.472900 1.030034 0.019184 0.015812 -2.467106 159.440002
42.565151 51.346497 1.030034 0.012925 0.015908 -2.466285 159.539993
42.408051 51.220898 1.030034 0.007827 0.015107 -2.465611 159.639999
42.250629 51.095627 1.030034 -0.041880 0.014832 -2.435193 159.740005
42.095985 50.967266 1.030034 -0.085745 0.015134 -2.338366 159.839996
41.947411 50.832897 1.030034 -0.092105 0.019614 -2.249705 159.940002
41.798874 50.685005 1.030034 -0.099220 0.024726 -2.163937 160.044998
41.658710 50.530045 1.030034 -0.056344 0.027651 -2.117262 160.149994
41.523869 50.370083 1.030034 -0.080175 0.028465 -2.105465 160.255005
41.396305 50.204235 1.030034 -0.144759 0.032160 -2.018120 160.360001
41.281960 50.029949 1.030034 -0.152661 0.036926 -1.936007 160.464996
41.182266 49.847599 1.030034 -0.149124 0.039901 -1.855402 160.570007
41.093536 49.649139 1.030034 -0.103104 0.038719 -1.799924 160.679993
41.012573 49.436089 1.030034 -0.052468 0.032669 -1.818495 160.794998
40.937782 49.219524 1.030034 -0.050147 0.025734 -1.829469 160.910004
40.874386 49.019554 1.030034 -0.042990 0.023011 -1.838488 161.014999
40.817722 48.827682 1.030034 -0.031399 0.019798 -1.842859 161.115005
40.763561 48.634960 1.030034 -0.016089 0.019832 -1.848004 161.214996
40.710514 48.441841 1.030034 -0.003261 0.018776 -1.850594 161.315002
40.646656 48.210133 1.030034 0.007917 0.018600 -1.853058 161.434998
40.589520 48.007748 1.030034 0.012148 0.019084 -1.855846 161.539993
40.533562 47.815411 1.030034 0.011977 0.018013 -1.857139 161.639999
40.476212 47.623520 1.030034 0.007786 0.019131 -1.858258 161.740005
40.417793 47.431896 1.030034 0.002801 0.019065 -1.858916 161.839996
40.358803 47.240387 1.030034 -0.028987 0.018007 -1.843292 161.940002
40.301647 47.048435 1.030034 -0.011927 0.018276 -1.827730 162.039993
40.245552 46.856251 1.030034 -0.002288 0.018490 -1.835424 162.139999
40.189419 46.664066 1.030034 -0.002615 0.019136 -1.838187 162.240005
40.133209 46.471840 1.030034 -0.005132 0.019134 -1.841261 162.339996
40.077152 46.279530 1.030034 -0.006464 0.018786 -1.842921 162.440002
40.021374 46.087132 1.030034 -0.007302 0.018380 -1.844670 162.539993
39.965927 45.894638 1.030034 -0.006455 0.019117 -1.846221 162.639999
39.910748 45.702053 1.030034 -0.005812 0.018605 -1.846998 162.740005
39.855759 45.509411 1.030034 -0.004783 0.018342 -1.847580 162.839996
39.800884 45.316769 1.030034 -0.003792 0.018005 -1.848046 162.940002
39.747639 45.123985 1.030034 -0.093146 -0.043610 -1.727465 163.039993
39.701122 44.928024 1.030034 -0.103203 -0.134639 -1.609820 163.145004
39.662537 44.721851 1.030034 -0.116581 -0.076202 -1.508658 163.264999
39.639492 44.521141 1.030034 -0.124280 -0.017533 -1.430085 163.389999
39.634964 44.320076 1.030034 -0.115607 0.010318 -1.360761 163.520004
39.648491 44.115276 1.030034 -0.061899 0.017695 -1.351775 163.654999
39.678627 43.889889 1.030034 -0.022402 0.015246 -1.344779 163.804993
39.712608 43.687775 1.030034 -0.008536 0.012627 -1.341381 163.940002
39.753174 43.463497 1.030034 -0.030634 0.011911 -1.320445 164.089996
39.793186 43.260933 1.030034 0.011400 0.144656 -1.320889 164.225006
39.837898 43.057453 1.030034 -0.072142 0.155587 -1.234432 164.350006
39.891125 42.855000 1.030034 -0.040329 0.097677 -1.205482 164.464996
39.950642 42.654099 1.030034 -0.077109 0.064161 -1.117976 164.574997
40.024998 42.443272 1.030034 -0.090940 0.047723 -1.028821 164.690002
40.112469 42.235443 1.030034 -0.107273 0.043321 -0.943646 164.804993
40.204594 42.050583 1.030034 -0.118128 0.042832 -0.869310 164.910004
40.309162 41.872234 1.030034 -0.134818 0.044692 -0.793120 165.014999
40.436790 41.685265 1.030034 -0.066570 -0.004699 -0.800620 165.130005
40.563614 41.514828 1.030034 -0.064804 -0.076880 -0.812878 165.240005
40.689091 41.357887 1.030034 -0.092672 -0.121911 -0.769449 165.350006
40.824883 41.203506 1.030034 -0.109116 0.085230 -0.729345 165.470001
40.976368 41.054848 1.030034 -0.101949 0.112170 -0.641716 165.589996
41.132645 40.921471 1.030034 -0.076827 0.079255 -0.564558 165.699997
41.314953 40.778061 1.030034 0.015008 0.046941 -0.566991 165.820007
41.493523 40.638283 1.030034 0.004076 0.031888 -0.562623 165.934998
41.659222 40.511070 1.030034 -0.056729 0.027492 -0.510058 166.039993
41.828655 40.387730 1.030034 -0.047732 0.024530 -0.517645 166.145004
41.993122 40.273823 1.030034 -0.089092 0.024351 -0.479914 166.244995
42.170788 40.161942 1.030034 -0.117682 0.026137 -0.396586 166.350006
42.363049 40.056244 1.030034 -0.053215 0.026487 -0.358051 166.460007
42.549927 39.961124 1.030034 -0.025599 0.024024 -0.371123 166.565002
42.729527 39.872654 1.030034 -0.027970 0.021238 -0.381267 166.664993
42.910450 39.786346 1.030034 -0.029556 0.019589 -0.389416 166.764999
43.092587 39.702312 1.030034 -0.026350 0.018294 -0.396070 166.865005
43.285057 39.616692 1.030034 -0.085018 0.018012 -0.346072 166.970001
43.470844 39.541969 1.030034 -0.048973 0.019233 -0.291816 167.070007
43.658188 39.471813 1.030034 -0.009040 0.019410 -0.301977 167.169998
43.845940 39.402412 1.030034 -0.010840 0.019653 -0.307284 167.270004
44.034103 39.333721 1.030034 -0.016023 0.018777 -0.311667 167.369995
44.260555 39.252842 1.030034 -0.018600 0.019236 -0.315786 167.490005
44.478302 39.177166 1.030034 -0.016801 0.017738 -0.318895 167.604996
44.668064 39.112659 1.030034 -0.011825 0.018744 -0.321057 167.705002
44.858078 39.048885 1.030034 -0.007243 0.017643 -0.322803 167.804993
45.047897 38.985512 1.030034 -0.002377 -0.012805 -0.324226 167.904999
45.288734 38.904842 1.030034 0.000698 -0.132452 -0.325384 168.035004
45.480465 38.840424 1.030034 0.011926 -0.317434 -0.424871 168.149994
45.683479 38.775547 1.030034 0.052414 -0.252531 -0.592428 168.309998
45.876820 38.721577 1.030034 0.070728 -0.130494 -0.843763 168.550003
46.073727 38.682404 1.030034 0.035719 -0.012221 -1.466864 169.145004
46.096684 38.481503 1.030034 0.047248 0.272979 -1.772081 170.169998
46.038033 38.288906 1.030034 -0.016291 0.111441 -1.885693 170.330002
45.979820 38.090652 1.030034 -0.029789 0.034768 -2.023018 170.475006
45.919575 37.871227 1.030034 0.018386 0.015745 -2.175242 170.630005
45.860588 37.674316 1.030034 0.076522 0.033475 -2.306562 170.770004
45.783779 37.477760 1.030034 0.131584 0.059880 -2.443601 170.914993
45.685776 37.300705 1.030034 0.107451 0.067556 -2.510274 171.054993
45.564930 37.135658 1.030034 0.124198 0.059065 -2.560178 171.195007
45.417202 36.980339 1.030034 0.106989 0.044212 -2.609027 171.339996
45.263992 36.848743 1.030034 0.060887 0.028973 -2.588487 171.475006
45.101871 36.724686 1.030034 0.045883 0.018225 -2.572988 171.610001
44.927803 36.602085 1.030034 0.025404 0.012871 -2.557736 171.750000
44.756924 36.487186 1.030034 0.008907 0.010097 -2.549793 171.884995
44.563076 36.358429 1.030034 -0.004984 0.164570 -2.543309 172.035004
44.392071 36.243435 1.030034 0.026928 0.137278 -2.560495 172.154999
44.221020 36.132187 1.030034 0.055717 0.087477 -2.646910 172.264999
44.023872 36.010273 1.030034 0.038366 0.048771 -2.687566 172.384995
43.821400 35.888256 1.030034 -0.018158 0.031370 -2.680487 172.505005
43.643227 35.779198 1.030034 -0.009959 0.024499 -2.668761 172.610001
43.464611 35.668804 1.030034 0.012622 0.022006 -2.661384 172.714996
43.259052 35.543602 1.030034 0.028240 0.019558 -2.654719 172.835007
43.077446 35.436413 1.030034 0.032190 0.017837 -2.650110 172.940002
42.902958 35.336800 1.030034 0.028666 0.016823 -2.646569 173.039993
42.709621 35.229622 1.030034 0.019018 0.016890 -2.643439 173.149994
42.533840 35.132286 1.030034 -0.064540 0.014452 -2.557571 173.250000
42.361668 35.029736 1.030034 -0.082325 0.017420 -2.465790 173.350006
42.186470 34.914650 1.030034 -0.090417 0.022481 -2.377202 173.455002
42.017925 34.791267 1.030034 -0.106288 0.029285 -2.294405 173.559998
41.857433 34.658554 1.030034 -0.122898 0.035467 -2.214137 173.664993
41.706623 34.515648 1.030034 -0.138317 0.040782 -2.136225 173.770004
41.548306 34.339298 1.030034 -0.148423 0.044239 -2.049203 173.889999
41.418056 34.165707 1.030034 -0.152375 0.045609 -1.970848 174.000000
41.303162 33.981682 1.030034 -0.149739 0.045067 -1.893533 174.110001
41.191788 33.761768 1.030034 -0.106018 0.042672 -1.827732 174.235001
41.109798 33.570763 1.030034 -0.052299 0.034446 -1.844365 174.339996
41.032803 33.376465 1.030034 -0.045098 0.028787 -1.857912 174.445007
40.959862 33.179771 1.030034 -0.038159 0.023519 -1.868759 174.550003
40.893524 32.990891 1.030034 -0.026984 0.021191 -1.877132 174.649994
40.829212 32.801090 1.030034 -0.013980 0.019338 -1.883858 174.750000
40.765755 32.610878 1.030034 -0.002563 0.018212 -1.889334 174.850006
40.702148 32.420715 1.030034 0.005707 0.018234 -1.893767 174.949997
40.637760 32.230812 1.030034 -0.034909 0.018408 -1.870042 175.050003
40.576206 32.040115 1.030034 -0.074128 0.018740 -1.779215 175.149994
40.516884 31.838671 1.030034 -0.001835 0.019862 -1.780023 175.255005
40.460915 31.646614 1.030034 -0.006068 0.020382 -1.785071 175.354996
40.405674 31.454237 1.030034 -0.077148 0.020092 -1.747469 175.455002
40.355221 31.250845 1.030034 -0.106667 0.024775 -1.660280 175.559998
40.314529 31.045853 1.030034 -0.053918 0.026217 -1.668001 175.664993
40.277996 30.809990 1.030034 -0.084452 0.028254 -1.586861 175.785004
40.253887 30.582607 1.030034 -0.040604 0.026939 -1.596121 175.899994
40.233772 30.334282 1.030034 -0.032660 0.024322 -1.603997 176.024994
40.219555 30.105124 1.030034 -0.023833 0.022127 -1.609589 176.139999
40.209156 29.895588 1.030034 -0.013348 0.020653 -1.613648 176.244995
40.200035 29.685951 1.030034 -0.003416 0.019968 -1.616914 176.350006
40.191120 29.476322 1.030034 0.005781 0.020087 -1.619524 176.455002
40.181469 29.266718 1.030034 0.010360 0.021148 -1.621637 176.559998
40.170612 29.057142 1.030034 0.011066 0.020344 -1.623314 176.664993
40.158497 28.847578 1.030034 0.008634 0.020622 -1.624676 176.770004
40.144089 28.618107 1.030034 0.003890 0.020358 -1.625843 176.884995
40.128384 28.378698 1.030034 -0.000639 0.019927 -1.626808 177.005005
40.114578 28.169252 1.030034 -0.003720 0.020858 -1.627479 177.110001
40.101067 27.959776 1.030034 -0.005534 0.019585 -1.628010 177.214996
40.086205 27.720404 1.030034 -0.005625 0.020128 -1.628494 177.335007
40.072544 27.490992 1.030034 -0.004413 0.020075 -1.628856 177.449997
40.060436 27.281525 1.030034 -0.012650 0.020057 -1.623730 177.554993
40.051380 27.072084 1.030034 -0.035233 0.020308 -1.555041 177.660004
40.046310 26.862692 1.030034 -0.008149 0.021754 -1.558215 177.764999
40.042328 26.653141 1.030034 -0.009373 0.021820 -1.560813 177.869995
40.039406 26.443441 1.030034 -0.012266 0.021479 -1.562882 177.975006
40.037773 26.223661 1.030034 -0.011981 0.020705 -1.564606 178.085007
40.037575 25.993870 1.030034 -0.008592 0.020453 -1.566044 178.199997
40.038525 25.754053 1.030034 -0.003447 0.020783 -1.567217 178.320007
40.041149 25.515896 1.030034 -0.086797 -0.116209 -1.425814 178.440002
40.051266 25.313091 1.030034 -0.128017 -0.114043 -1.247284 178.550003
40.074379 25.113087 1.030034 -0.143496 -0.042934 -1.094880 178.669998
40.117229 24.914848 1.030034 -0.152911 0.017150 -0.948057 178.800003
40.190975 24.710665 1.030034 -0.147998 0.044103 -0.805788 178.945007
40.292561 24.523142 1.030034 -0.137429 0.053094 -0.663440 179.089996
40.424412 24.347387 1.030034 -0.104722 0.050051 -0.544569 179.240005
40.576965 24.186975 1.030034 -0.081211 0.041711 -0.502689 179.389999
40.727642 24.053459 1.030034 -0.091301 0.036310 -0.448699 179.524994
40.889801 23.932308 1.030034 -0.057011 0.028969 -0.420188 179.660004
41.059803 23.819883 1.030034 -0.042447 0.021391 -0.439621 179.794998
41.254715 23.701893 1.030034 -0.038219 0.015228 -0.455719 179.945007
41.447632 23.594257 1.030034 -0.034489 0.011098 -0.456001 180.089996
41.630322 23.498524 1.030034 -0.010145 0.100433 -0.466750 180.225006
41.813114 23.406837 1.030034 -0.057015 0.164503 -0.423492 180.350006
42.001354 23.320494 1.030034 -0.062962 0.107341 -0.333636 180.464996
42.194031 23.240061 1.030034 0.020036 0.062970 -0.317128 180.574997
42.382587 23.160406 1.030034 0.028607 0.041101 -0.331722 180.679993
42.599960 23.065010 1.030034 0.000156 0.029586 -0.341774 180.800003
42.791557 22.980911 1.030034 -0.078360 0.024993 -0.302205 180.904999
42.985649 22.901804 1.030034 -0.038755 0.024218 -0.301537 181.009995
43.209770 22.815994 1.030034 -0.034162 0.021460 -0.309995 181.130005
43.398300 22.748945 1.030034 -0.113733 0.019584 -0.230789 181.229996
43.598503 22.686525 1.030034 -0.033390 0.021628 -0.243273 181.335007
43.799862 22.627522 1.030034 -0.018904 0.020983 -0.249658 181.440002
43.992260 22.572834 1.030034 -0.013261 0.020676 -0.255611 181.539993
44.185074 22.519035 1.030034 -0.008555 0.020196 -0.262157 181.639999
44.378136 22.465673 1.030034 -0.004641 0.019400 -0.265308 181.740005
44.571274 22.412395 1.030034 -0.001583 0.018540 -0.267957 181.839996
44.764343 22.358923 1.030034 0.000286 0.018599 -0.269793 181.940002
44.957298 22.305092 1.030034 0.000739 0.018563 -0.270879 182.039993
45.150127 22.250854 1.030034 0.000289 0.018224 -0.271754 182.139999
45.342819 22.196272 1.030034 -0.001094 0.018243 -0.272533 182.240005
45.535461 22.141459 1.030034 -0.002428 0.018878 -0.273349 182.339996
45.728104 22.086536 1.030034 -0.003649 0.019173 -0.273776 182.440002
45.920746 22.031609 1.030034 -0.004540 0.018358 -0.274282 182.539993
46.113388 21.976772 1.030034 -0.005190 0.018086 -0.274597 182.639999
46.306019 21.922092 1.030034 -0.005035 0.007895 -0.274775 182.740005
46.506424 21.865353 1.030034 -0.004495 -0.058093 -0.274998 182.845001
46.707691 21.808474 1.030034 -0.003850 -0.108923 -0.275137 182.955002
46.902580 21.753553 1.030034 -0.025950 -0.142363 -0.242340 183.070007
47.107071 21.698452 1.030034 -0.039590 -0.149129 -0.170588 183.205002
47.302734 21.649998 1.030034 -0.030825 -0.140417 -0.155042 183.354996
47.501621 21.607113 1.030034 -0.042249 -0.120023 -0.062777 183.539993
47.700272 21.575233 1.030034 -0.018274 -0.078482 -0.020361 183.779999
47.901047 21.554369 1.030034 0.020570 -0.065912 -0.454962 184.195007
47.769875 21.403095 1.030034 -0.022282 0.313202 -2.566933 186.865005
47.586945 21.285034 1.030034 -0.008890 0.188305 -2.477207 187.005005
47.391342 21.156824 1.030034 0.059290 0.098114 -2.471207 187.134995
47.221203 21.050877 1.030034 0.024905 0.060568 -2.478111 187.240005
47.045757 20.943510 1.030034 0.034919 0.039357 -2.522742 187.345001
46.866608 20.836967 1.030034 0.043747 0.025552 -2.632882 187.449997
46.685184 20.732090 1.030034 0.017408 0.019985 -2.683209 187.554993
46.503780 20.626316 1.030034 0.020563 0.018287 -2.713376 187.660004
46.321342 20.522448 1.030034 0.073794 0.020461 -2.802630 187.764999
46.136787 20.423124 1.030034 0.009044 0.021963 -2.785980 187.869995
45.924591 20.310995 1.030034 0.026442 0.022635 -2.771003 187.990005
45.746208 20.219709 1.030034 0.040133 0.021969 -2.760919 188.089996
45.566010 20.131659 1.030034 0.044669 0.019676 -2.752901 188.190002
45.356602 20.034836 1.030034 0.036359 0.018484 -2.745501 188.304993
45.173019 19.953804 1.030034 0.025516 0.017635 -2.740322 188.404999
44.979370 19.870687 1.030034 0.010550 0.017527 -2.735939 188.509995
44.748051 19.773651 1.030034 0.029566 0.017316 -2.782652 188.634995
44.552338 19.696056 1.030034 0.047788 0.017275 -2.848315 188.740005
44.364925 19.625477 1.030034 0.000186 0.018465 -2.841661 188.839996
44.177441 19.554922 1.030034 0.005244 0.019074 -2.836142 188.940002
43.989750 19.484627 1.030034 0.015509 0.019173 -2.831641 189.039993
43.801571 19.415461 1.030034 0.022628 0.018898 -2.828008 189.139999
43.612736 19.348040 1.030034 0.024258 0.017862 -2.825048 189.240005
43.423279 19.282473 1.030034 0.020445 0.018271 -2.822658 189.339996
43.233315 19.218407 1.030034 0.014305 0.018166 -2.820708 189.440002
43.043034 19.155283 1.030034 0.007939 0.017846 -2.819122 189.539993
42.833645 19.086235 1.030034 0.001385 0.017939 -2.817731 189.649994
42.643444 19.023067 1.030034 -0.053896 0.015993 -2.778348 189.750000
42.446129 18.951250 1.030034 -0.099080 0.018647 -2.669228 189.854996
42.253613 18.869524 1.030034 -0.100398 0.023972 -2.577059 189.960007
42.066544 18.777494 1.030034 -0.105733 0.029454 -2.491086 190.065002
41.885677 18.674747 1.030034 -0.114242 0.033959 -2.408687 190.169998
41.712021 18.560812 1.030034 -0.125747 0.038254 -2.330038 190.274994
41.539276 18.428902 1.030034 -0.134960 0.041280 -2.249663 190.384995
41.370369 18.277122 1.030034 -0.143085 0.043424 -2.165727 190.500000
41.208614 18.104019 1.030034 -0.143819 0.043533 -2.080220 190.619995
41.068676 17.925209 1.030034 -0.145498 0.044014 -1.998748 190.735001
40.954620 17.752033 1.030034 -0.143007 0.043282 -1.924290 190.839996
40.852509 17.571188 1.030034 -0.059263 0.036168 -1.925114 190.945007
40.756157 17.385927 1.030034 -0.046924 0.029633 -1.945858 191.050003
40.663849 17.197598 1.030034 -0.045547 0.023711 -1.956487 191.154999
40.579517 17.016020 1.030034 -0.036242 0.020510 -1.968630 191.255005
40.500130 16.832113 1.030034 -0.106385 0.020758 -1.879795 191.354996
40.426414 16.635572 1.030034 -0.050196 0.020695 -1.826692 191.460007
40.357708 16.437372 1.030034 0.003976 0.020177 -1.839811 191.565002
40.289078 16.238918 1.030034 -0.036462 0.020715 -1.812251 191.669998
40.225655 16.049212 1.030034 -0.009857 0.020255 -1.825328 191.770004
40.163044 15.859118 1.030034 -0.015027 0.019628 -1.831504 191.869995
40.101624 15.668569 1.030034 -0.040330 0.019602 -1.826657 191.970001
40.042305 15.467172 1.030034 -0.108386 0.021791 -1.731491 192.074997
39.989960 15.244209 1.030034 -0.110680 0.026953 -1.635456 192.190002
39.953140 15.029143 1.030034 -0.107347 0.031220 -1.551205 192.300003
39.927174 14.793208 1.030034 -0.046994 0.032589 -1.513266 192.419998
39.909439 14.555922 1.030034 -0.038085 0.030756 -1.527036 192.539993
39.898201 14.337303 1.030034 -0.045806 0.027620 -1.536979 192.649994
39.892563 14.127992 1.030034 -0.044833 0.024070 -1.544566 192.755005
39.891621 13.918399 1.030034 -0.032572 0.022091 -1.550601 192.860001
39.894104 13.708709 1.030034 -0.015848 0.020663 -1.555419 192.964996
39.898232 13.498967 1.030034 -0.000904 0.020455 -1.559345 193.070007
39.903088 13.249226 1.030034 0.013132 0.021107 -1.562997 193.195007
39.905884 13.019402 1.030034 0.017976 0.019706 -1.565621 193.309998
39.906387 12.769629 1.030034 0.015874 0.020479 -1.567832 193.434998
39.904755 12.539831 1.030034 0.010005 0.020438 -1.569420 193.550003
39.902168 12.330004 1.030034 0.003954 0.020391 -1.570571 193.654999
39.899220 12.120151 1.030034 -0.002007 0.020928 -1.571486 193.759995
39.896500 11.910266 1.030034 -0.005541 0.020133 -1.572219 193.865005
39.895103 11.670425 1.030034 -0.078428 0.019565 -1.504946 193.985001
39.903770 11.431418 1.030034 -0.092338 0.023088 -1.395725 194.104996
39.922363 11.223796 1.030034 -0.091630 0.027202 -1.309326 194.210007
39.951473 11.018043 1.030034 -0.099969 0.032092 -1.227800 194.315002
39.992111 10.814809 1.030034 -0.116537 0.038025 -1.146506 194.419998
40.054554 10.586851 1.030034 -0.127753 0.042266 -1.060591 194.539993
40.124329 10.392405 1.030034 -0.137329 0.045350 -0.986060 194.645004
40.208954 10.203981 1.030034 -0.141079 0.046166 -0.910774 194.750000
40.308334 10.022748 1.030034 -0.110399 0.043884 -0.851097 194.854996
40.424469 9.838799 1.030034 -0.059152 0.036613 -0.869484 194.964996
40.542477 9.666145 1.030034 -0.058109 0.027749 -0.878525 195.070007
40.660423 9.504613 1.030034 -0.051326 0.022819 -0.885534 195.169998
40.782829 9.345782 1.030034 -0.037225 0.018305 -0.891138 195.270004
40.927307 9.165553 1.030034 -0.014109 0.016575 -0.896290 195.384995
41.054401 9.009743 1.030034 0.002386 0.016413 -0.899934 195.485001
41.187798 8.845939 1.030034 0.015625 0.015670 -0.902964 195.589996
41.332584 8.665378 1.030034 0.021567 0.015276 -0.905636 195.705002
41.456905 8.507064 1.030034 0.021367 0.014635 -0.907492 195.804993
41.579765 8.347612 1.030034 0.016373 0.014793 -0.908988 195.904999
41.701523 8.187316 1.030034 0.010795 0.014204 -0.910206 196.005005
41.828671 8.018528 1.030034 0.003563 0.014479 -0.911238 196.110001
41.949623 7.857724 1.030034 -0.001313 0.014289 -0.912034 196.210007
42.072681 7.698829 1.030034 -0.092821 0.014237 -0.806617 196.309998
42.202286 7.546233 1.030034 -0.104915 0.019864 -0.712229 196.410004
42.379917 7.356941 1.030034 -0.024893 0.023064 -0.711307 196.539993
42.519783 7.213663 1.030034 -0.025676 0.020750 -0.720455 196.639999
42.661976 7.072098 1.030034 -0.076636 0.019667 -0.698446 196.740005
42.815643 6.927804 1.030034 -0.031468 0.018791 -0.698713 196.845001
42.964493 6.792771 1.030034 -0.013570 0.016549 -0.706310 196.945007
43.115353 6.659896 1.030034 -0.087571 0.015477 -0.625919 197.044998
43.279026 6.527544 1.030034 -0.102494 0.019992 -0.529508 197.149994
43.448704 6.404308 1.030034 -0.100789 0.024461 -0.446657 197.255005
43.624077 6.290585 1.030034 -0.105379 0.028691 -0.367017 197.360001
43.804947 6.187070 1.030034 -0.069208 0.031681 -0.321139 197.464996
43.989967 6.090525 1.030034 -0.045339 0.030979 -0.336123 197.570007
44.205162 5.985409 1.030034 -0.054034 0.026630 -0.349549 197.690002
44.405697 5.894609 1.030034 -0.051929 0.022223 -0.359300 197.800003
44.590260 5.816528 1.030034 -0.039954 0.020306 -0.366456 197.899994
44.785656 5.737978 1.030034 -0.024185 0.017858 -0.372491 198.005005
44.972527 5.665028 1.030034 -0.007561 0.018252 -0.377143 198.104996
45.159550 5.592381 1.030034 0.005300 0.017607 -0.380885 198.205002
45.346233 5.518894 1.030034 0.012894 0.018100 -0.383938 198.304993
45.541615 5.440089 1.030034 0.014703 0.017054 -0.386521 198.410004
45.754734 5.351714 1.030034 0.010945 0.017582 -0.388771 198.524994
45.964222 5.263037 1.030034 -0.016325 -0.172525 -0.289635 198.639999
46.156616 5.180279 1.030034 -0.055160 -0.328088 -0.163967 198.759995
46.340359 5.096538 1.030034 -0.086114 -0.243309 -0.001647 198.914993
46.519115 5.005862 1.030034 -0.087346 -0.114234 0.254924 199.160004
46.689663 4.901036 1.030034 -0.034010 -0.004517 0.909443 199.785004
46.761467 5.090818 1.030034 -0.003298 0.320075 1.438747 200.770004
46.790035 5.300438 1.030034 0.000933 0.240271 1.434406 200.919998
46.816994 5.505857 1.030034 -0.027343 0.138833 1.475843 201.039993
46.840816 5.709849 1.030034 0.008160 0.080923 1.471895 201.149994
46.865078 5.911472 1.030034 0.007814 0.051789 1.469111 201.255005
46.890594 6.116442 1.030034 0.000443 0.035947 1.466904 201.360001
46.915962 6.323147 1.030034 -0.054305 0.027114 1.512462 201.464996
46.940674 6.560668 1.030034 -0.013826 0.024374 1.506917 201.585007
46.961514 6.779082 1.030034 -0.013527 0.022992 1.504093 201.695007
46.981758 7.007889 1.030034 -0.014374 0.021569 1.501765 201.809998
47.000736 7.256919 1.030034 -0.054253 0.019538 1.557146 201.934998
47.011318 7.466211 1.030034 -0.024712 0.022090 1.556350 202.039993
47.019749 7.695676 1.030034 -0.021516 0.021184 1.555443 202.154999
47.025078 7.905350 1.030034 -0.018318 0.021326 1.554782 202.259995
47.028549 8.115161 1.030034 -0.012050 0.020959 1.554256 202.365005
47.030785 8.325026 1.030034 -0.005555 0.020475 1.553830 202.470001
47.032749 8.564898 1.030034 0.001961 0.020317 1.553452 202.589996
47.034908 8.794785 1.030034 0.005879 0.020861 1.553167 202.705002
47.038158 9.044683 1.030034 0.006932 0.020774 1.552921 202.830002
47.041920 9.264603 1.030034 0.005679 0.020527 1.552752 202.940002
47.046162 9.474524 1.030034 0.003409 0.019931 1.552626 203.044998
47.050793 9.684401 1.030034 0.000918 0.020060 1.552524 203.149994
47.055519 9.894245 1.030034 -0.001344 0.020315 1.552441 203.255005
47.060165 10.104096 1.030034 -0.002646 0.020830 1.552376 203.360001
47.064564 10.313996 1.030034 -0.003119 0.020416 1.552321 203.464996
47.068676 10.523924 1.030034 -0.002747 0.020699 1.552279 203.570007
47.072536 10.733860 1.030034 -0.002034 0.020245 1.552245 203.675003
47.076744 10.973791 1.030034 -0.000889 0.020400 1.552214 203.794998
47.080349 11.183717 1.030034 -0.000069 0.019797 1.552194 203.899994
47.083996 11.393594 1.030034 0.000475 0.020267 1.552174 204.005005
47.087730 11.603457 1.030034 0.000676 0.019972 1.552161 204.110001
47.092331 11.853275 1.030034 0.000515 0.021047 1.552149 204.235001
47.096298 12.063181 1.030034 0.000181 0.020624 1.552139 204.339996
47.100304 12.273123 1.030034 -0.000175 0.020476 1.552129 204.445007
47.104309 12.483072 1.030034 -0.000445 0.020527 1.552126 204.550003
47.108315 12.693027 1.030034 -0.000586 0.020451 1.552126 204.654999
47.112320 12.902988 1.030034 -0.000666 0.020889 1.552126 204.759995
47.116131 13.102967 1.030034 -0.000720 0.020201 1.552126 204.860001
47.120243 13.322927 1.030034 -0.000669 0.020140 1.552126 204.970001
47.124729 13.562845 1.030034 -0.000549 0.019900 1.552126 205.089996
47.128998 13.792725 1.030034 -0.000442 0.020673 1.552126 205.205002
47.132843 14.002642 1.030034 -0.000313 0.019995 1.552126 205.309998
47.136749 14.212569 1.030034 -0.000208 0.020734 1.552126 205.414993
47.141422 14.462484 1.030034 -0.000265 0.020076 1.552126 205.539993
47.145348 14.672389 1.030034 -0.000308 0.020421 1.552126 205.645004
47.149460 14.892294 1.030034 -0.000340 0.020509 1.552126 205.755005
47.153759 15.122188 1.030034 -0.000359 0.020494 1.552126 205.869995
47.157684 15.332082 1.030034 -0.000371 0.020261 1.552126 205.975006
47.161983 15.561985 1.030034 -0.000377 0.020202 1.552126 206.089996
47.166096 15.781892 1.030034 -0.000369 0.020767 1.552126 206.199997
47.170582 16.021824 1.030034 -0.000385 0.019967 1.552126 206.320007
47.175068 16.261719 1.030034 -0.000377 0.020226 1.552126 206.440002
47.178993 16.471607 1.030034 -0.000371 0.020818 1.552126 206.544998
47.182919 16.681532 1.030034 -0.000373 0.020613 1.552126 206.649994
47.186844 16.891485 1.030034 -0.000377 0.020456 1.552126 206.755005
47.190582 17.091452 1.030034 -0.000366 0.020934 1.552126 206.854996
47.194321 17.291449 1.030034 -0.000384 0.019937 1.552126 206.955002
47.198059 17.491423 1.030034 -0.000373 0.020319 1.552126 207.054993
47.201797 17.691389 1.030034 -0.000378 0.020160 1.552126 207.154999
47.205723 17.901339 1.030034 -0.000383 0.019897 1.552126 207.259995
47.209648 18.111238 1.030034 -0.000373 0.020363 1.552126 207.365005
47.213573 18.321135 1.030034 -0.000374 0.020522 1.552126 207.470001
47.217873 18.551069 1.030034 -0.000380 0.020237 1.552126 207.585007
47.222359 18.791008 1.030034 -0.000371 0.020787 1.552126 207.705002
47.226097 18.990974 1.030034 -0.000379 0.020149 1.552126 207.804993
47.229836 19.190954 1.030034 -0.000370 0.020714 1.552126 207.904999
47.234135 19.420942 1.030034 -0.000383 0.019915 1.552126 208.020004
47.238621 19.660902 1.030034 -0.000375 0.020394 1.552126 208.139999
47.242546 19.870848 1.030034 -0.000372 0.020355 1.552126 208.244995
47.246471 20.080776 1.030034 -0.000369 0.020750 1.552126 208.350006
47.250210 20.280743 1.030034 -0.000372 0.020500 1.552126 208.449997
47.253948 20.480709 1.030034 -0.000382 0.020066 1.552126 208.550003
47.257874 20.690653 1.030034 -0.000372 0.020412 1.552126 208.654999
47.261799 20.900585 1.030034 -0.000372 0.020634 1.552126 208.759995
47.265537 21.100552 1.030034 -0.000369 0.020685 1.552126 208.860001
47.269276 21.300529 1.030034 -0.000366 0.020907 1.552126 208.960007
47.273014 21.500534 1.030034 -0.000371 0.020461 1.552126 209.059998
47.276752 21.700537 1.030034 -0.000380 0.019977 1.552126 209.160004
47.280678 21.910494 1.030034 -0.000388 0.019624 1.552126 209.264999
47.284603 22.120378 1.030034 -0.000379 0.019933 1.552126 209.369995
47.288528 22.330223 1.030034 -0.000363 0.021082 1.552126 209.475006
47.292828 22.560091 1.030034 -0.000383 0.020201 1.552126 209.589996
47.297314 22.799967 1.030034 -0.000376 0.020717 1.552126 209.710007
47.302174 23.059874 1.030034 -0.000380 0.020301 1.552126 209.839996
47.306099 23.269819 1.030034 -0.000383 0.020217 1.552126 209.945007
47.310024 23.479752 1.030034 -0.000374 0.020454 1.552126 210.050003
47.313950 23.689680 1.030034 -0.000369 0.020861 1.552126 210.154999
47.317688 23.889647 1.030034 -0.000378 0.020225 1.552126 210.255005
47.321613 24.099607 1.030034 -0.000370 0.020611 1.552126 210.360001
47.325352 24.299574 1.030034 -0.000384 0.020022 1.552126 210.460007
47.329277 24.509529 1.030034 -0.000369 0.020588 1.552126 210.565002
47.333015 24.709496 1.030034 -0.000379 0.020163 1.552126 210.664993
47.336754 24.909462 1.030034 -0.000366 0.020714 1.552126 210.764999
47.340492 25.109428 1.030034 -0.000382 0.020014 1.552126 210.865005
47.344418 25.319368 1.030034 -0.000369 0.020546 1.552126 210.970001
47.348343 25.529322 1.030034 -0.000371 0.020647 1.552126 211.074997
47.352081 25.729288 1.030034 -0.000369 0.020600 1.552126 211.175003
47.355820 25.929258 1.030034 -0.000371 0.020557 1.552126 211.274994
47.360119 26.159227 1.030034 -0.000370 0.020574 1.552126 211.389999
47.364605 26.399212 1.030034 -0.000383 0.019778 1.552126 211.509995
47.369091 26.639132 1.030034 -0.000366 0.020744 1.552126 211.630005
47.371349 26.858997 1.030034 -0.081539 0.019400 1.644437 211.740005
47.365021 27.068159 1.030034 -0.065675 0.022936 1.725822 211.845001
47.352192 27.276707 1.030034 -0.007352 0.024514 1.716092 211.949997
47.337090 27.495417 1.030034 -0.013048 0.023157 1.709040 212.059998
47.320805 27.704309 1.030034 -0.022786 0.023133 1.703623 212.164993
47.301788 27.913164 1.030034 -0.025611 0.021619 1.699285 212.270004
47.276470 28.151611 1.030034 -0.019463 0.021351 1.695363 212.389999
47.250614 28.369993 1.030034 -0.010067 0.020337 1.692559 212.500000
47.222076 28.598143 1.030034 0.000211 0.020348 1.690219 212.615005
47.190823 28.846104 1.030034 0.008702 0.020128 1.688241 212.740005
47.165283 29.054491 1.030034 0.012304 0.020110 1.686937 212.845001
47.140823 29.263027 1.030034 0.012328 0.020243 1.685894 212.949997
47.117439 29.471685 1.030034 0.010182 0.019968 1.685054 213.054993
47.094883 29.680437 1.030034 0.006544 0.019719 1.684383 213.160004
47.071720 29.899176 1.030034 0.002629 0.019865 1.683820 213.270004
47.046501 30.137764 1.030034 -0.000693 0.020223 1.683340 213.389999
47.021996 30.366409 1.030034 -0.001933 0.020474 1.682981 213.505005
46.999184 30.575159 1.030034 -0.001872 0.020020 1.682717 213.610001
46.971504 30.823627 1.030034 -0.000648 0.019648 1.682470 213.735001
46.947948 31.032280 1.030034 0.000814 0.020156 1.682305 213.839996
46.924267 31.240908 1.030034 0.002144 0.020291 1.682176 213.945007
46.900616 31.449551 1.030034 0.003086 0.020287 1.682071 214.050003
46.878201 31.648291 1.030034 0.003507 0.019810 1.681991 214.149994
46.854816 31.856974 1.030034 0.003441 0.019812 1.681925 214.255005
46.831585 32.065659 1.030034 0.003062 0.019905 1.681872 214.360001
46.808460 32.274342 1.030034 0.002490 0.020446 1.681829 214.464996
46.782093 32.512836 1.030034 0.001914 0.020223 1.681790 214.585007
46.756824 32.741432 1.030034 0.001689 0.019332 1.681760 214.699997
46.733730 32.950115 1.030034 0.001440 0.020119 1.681740 214.804993
46.710571 33.158798 1.030034 0.001397 0.020232 1.681720 214.910004
46.687340 33.367481 1.030034 0.001551 0.019936 1.681708 215.014999
46.664055 33.576164 1.030034 0.001740 0.020387 1.681698 215.119995
46.638405 33.804710 1.030034 -0.044331 0.018817 1.714217 215.235001
46.611748 34.012833 1.030034 -0.034094 0.019896 1.746995 215.339996
46.580017 34.219948 1.030034 -0.040058 0.021455 1.814138 215.445007
46.543476 34.426113 1.030034 -0.010349 0.022743 1.808608 215.550003
46.507202 34.632526 1.030034 0.067576 0.018968 1.702590 215.654999
46.477421 34.839718 1.030034 0.064223 0.020438 1.603715 215.759995
46.452560 35.047260 1.030034 0.016755 0.021414 1.597055 215.865005
46.426922 35.294586 1.030034 0.026426 0.025472 1.550830 215.990005
46.407875 35.522732 1.030034 0.033670 0.026727 1.558685 216.104996
46.394329 35.731709 1.030034 0.043855 0.024822 1.564383 216.210007
46.385456 35.941151 1.030034 0.043058 0.023247 1.568924 216.315002
46.381069 36.160870 1.030034 0.032987 0.020901 1.572718 216.425003
46.380531 36.390656 1.030034 0.016429 0.020738 1.575866 216.539993
46.381866 36.600525 1.030034 0.000912 0.020818 1.578144 216.645004
46.383240 36.810452 1.030034 -0.009838 0.021093 1.579974 216.750000
46.385540 37.020340 1.030034 0.020414 0.019081 1.514812 216.854996
46.389812 37.230053 1.030034 -0.017947 0.020502 1.522138 216.960007
46.392502 37.439816 1.030034 -0.016809 0.020040 1.527992 217.065002
46.393604 37.649639 1.030034 -0.007159 0.021335 1.532765 217.169998
46.394150 37.889565 1.030034 0.003634 0.020873 1.537017 217.289993
46.395206 38.119526 1.030034 0.009286 0.020802 1.540218 217.404999
46.397259 38.329491 1.030034 0.010814 0.020446 1.542558 217.509995
46.400509 38.539455 1.030034 0.009054 0.020697 1.544417 217.615005
46.404549 38.739422 1.030034 0.006281 0.020079 1.545854 217.714996
46.409950 38.969383 1.030034 0.001854 0.020745 1.547178 217.830002
46.415398 39.189346 1.030034 -0.001600 0.019871 1.548173 217.940002
46.420223 39.389313 1.030034 -0.003687 0.020646 1.548903 218.039993
46.424740 39.589279 1.030034 -0.004557 0.020499 1.549491 218.139999
46.428860 39.789246 1.030034 -0.004281 0.020664 1.549967 218.240005
46.432968 40.009243 1.030034 -0.003178 0.020206 1.550390 218.350006
46.436420 40.209232 1.030034 -0.001818 0.020675 1.550702 218.449997
46.439739 40.409233 1.030034 -0.000485 0.020266 1.550951 218.550003
46.443054 40.609215 1.030034 0.000518 0.020706 1.551155 218.649994
46.446461 40.809246 1.030034 0.001064 0.020071 1.551320 218.750000
46.450008 41.009235 1.030034 0.001148 0.020647 1.551452 218.850006
46.453709 41.209202 1.030034 0.000884 0.019832 1.551559 218.949997
46.457527 41.409168 1.030034 0.000431 0.020467 1.551651 219.050003
46.461418 41.609135 1.030034 -0.000119 0.020497 1.551722 219.149994
46.465309 41.809101 1.030034 -0.000510 0.020156 1.551781 219.250000
46.469200 42.009064 1.030034 -0.000765 0.019774 1.551829 219.350006
46.473263 42.218948 1.030034 -0.000933 0.019794 1.551869 219.455002
46.477268 42.428814 1.030034 -0.000888 0.021107 1.551899 219.559998
46.481201 42.638725 1.030034 -0.000768 0.020491 1.551925 219.664993
46.485126 42.848682 1.030034 -0.000607 0.019901 1.551945 219.770004
46.489357 43.078556 1.030034 -0.000395 0.020463 1.551964 219.884995
46.493568 43.308430 1.030034 -0.000194 0.019910 1.551975 220.000000
46.497490 43.518238 1.030034 -0.000119 0.020672 1.551985 220.104996
46.501415 43.728115 1.030034 -0.000185 0.019901 1.551995 220.210007
46.506088 43.977928 1.030034 -0.000243 0.019895 1.552005 220.335007
46.510014 44.187721 1.030034 -0.000278 0.019667 1.552005 220.440002
46.514019 44.397446 1.030034 -0.000346 0.021113 1.552005 220.544998
46.518024 44.607246 1.030034 -0.000493 0.020821 1.552005 220.649994
46.521965 44.817078 1.030034 -0.000540 0.021037 1.552005 220.755005
46.525890 45.026962 1.030034 -0.000476 0.020252 1.552005 220.860001
46.530003 45.246841 1.030034 -0.000399 0.020504 1.552005 220.970001
46.534489 45.486710 1.030034 -0.000353 0.020164 1.552005 221.089996
46.539162 45.736538 1.030034 -0.000330 0.020043 1.552005 221.214996
46.543461 45.966324 1.030034 -0.000316 0.020462 1.552005 221.330002
46.547573 46.186119 1.030034 -0.000306 0.020726 1.552005 221.440002
46.551498 46.395935 1.030034 -0.000318 0.019925 1.552005 221.544998
46.555424 46.605740 1.030034 -0.000311 0.020409 1.552005 221.649994
46.559391 46.815544 1.030034 -0.000322 0.020430 1.552005 221.755005
46.563396 47.025349 1.030034 -0.000435 0.020790 1.552005 221.860001
46.567345 47.235153 1.030034 -0.000544 0.019813 1.552005 221.964996
46.571270 47.444958 1.030034 -0.000466 0.020250 1.552005 222.070007
46.575195 47.654762 1.030034 -0.000400 0.020666 1.552005 222.175003
46.579494 47.884548 1.030034 -0.000357 0.020348 1.552005 222.289993
46.584167 48.134315 1.030034 -0.000328 0.020579 1.552005 222.414993
46.588654 48.374092 1.030034 -0.000325 0.020122 1.552005 222.535004
46.592579 48.583897 1.030034 -0.000312 0.020491 1.552005 222.639999
46.596504 48.793701 1.030034 -0.000313 0.020366 1.552005 222.744995
46.600430 49.003506 1.030034 -0.000314 0.020165 1.552005 222.850006
46.604603 49.223301 1.030034 -0.000346 0.020199 1.552005 222.960007
46.608608 49.433105 1.030034 -0.000485 0.020294 1.552005 223.065002
46.613094 49.672886 1.030034 -0.000485 0.021207 1.552005 223.184998
46.617580 49.912754 1.030034 -0.000415 0.020605 1.552005 223.304993
46.621506 50.122639 1.030034 -0.000368 0.020516 1.552005 223.410004
46.623608 50.362446 1.030034 -0.052467 0.020355 1.618512 223.529999
46.618557 50.581821 1.030034 -0.055838 0.021670 1.699890 223.639999
46.607841 50.790707 1.030034 -0.004714 0.022748 1.690466 223.744995
46.595989 50.999737 1.030034 -0.007232 0.022354 1.684076 223.850006
46.582973 51.208900 1.030034 -0.015282 0.022039 1.678966 223.955002
46.568073 51.418064 1.030034 -0.018182 0.021636 1.674829 224.059998
46.551041 51.627174 1.030034 -0.015819 0.020911 1.671513 224.164993
46.532162 51.836185 1.030034 -0.010090 0.020217 1.668845 224.270004
46.509136 52.074921 1.030034 -0.001424 0.020411 1.666454 224.389999
46.485645 52.313606 1.030034 0.005324 0.020342 1.664577 224.509995
46.465469 52.522541 1.030034 0.008521 0.020718 1.663282 224.615005
46.444195 52.751522 1.030034 0.009329 0.020323 1.662161 224.729996
46.426476 52.950737 1.030034 0.007953 0.020655 1.661379 224.830002
46.408508 53.159981 1.030034 0.005715 0.019801 1.660722 224.934998
46.390957 53.369225 1.030034 0.002934 0.019843 1.660192 225.039993
46.372700 53.588432 1.030034 -0.026396 0.019412 1.675911 225.149994
46.351585 53.794224 1.030034 -0.088327 -0.130159 1.837132 225.255005
46.319958 54.000446 1.030034 -0.126584 -0.098183 1.996331 225.369995
46.269558 54.217487 1.030034 -0.155812 -0.026979 2.116255 225.505005
46.198727 54.413830 1.030034 -0.163682 0.019231 2.279803 225.639999
46.087849 54.616764 1.030034 -0.142807 0.042294 2.448640 225.794998
45.959782 54.788960 1.030034 -0.079280 0.039215 2.500497 225.940002
45.826237 54.939873 1.030034 -0.077933 0.032790 2.548322 226.074997
45.681049 55.081478 1.030034 -0.078422 0.027467 2.602759 226.210007
45.525578 55.212654 1.030034 -0.079000 0.025507 2.663092 226.345001
45.342113 55.345345 1.030034 -0.050616 0.022107 2.713750 226.494995
45.157570 55.464626 1.030034 -0.031048 0.017741 2.689114 226.639999
44.961704 55.581821 1.030034 -0.051100 0.014014 2.717686 226.789993
44.782803 55.676620 1.030034 -0.019806 0.171720 2.730908 226.919998
44.596016 55.765770 1.030034 -0.069872 0.137881 2.798210 227.039993
44.408573 55.847328 1.030034 0.025587 0.080408 2.794169 227.149994
44.223560 55.929832 1.030034 0.031247 0.052175 2.775389 227.255005
44.036163 56.016750 1.030034 0.012257 0.035995 2.761450 227.360001
43.847450 56.105816 1.030034 -0.005159 0.026718 2.755284 227.464996
43.657654 56.195011 1.030034 -0.017349 0.022387 2.750300 227.570007
43.475849 56.278858 1.030034 -0.023300 0.020263 2.746474 227.669998
43.293003 56.361046 1.030034 -0.023592 0.018501 2.743367 227.770004
43.109291 56.441528 1.030034 -0.019022 0.017444 2.740877 227.869995
42.924965 56.520714 1.030034 -0.012512 0.017612 2.738839 227.970001
42.740295 56.599182 1.030034 -0.005606 0.017763 2.737188 228.070007
42.555511 56.677525 1.030034 -0.000675 0.017386 2.735843 228.169998
42.370842 56.756203 1.030034 0.002544 0.017162 2.734765 228.270004
42.186405 56.835468 1.030034 0.003390 0.017112 2.733876 228.369995
41.974659 56.927399 1.030034 0.002076 0.017285 2.733067 228.485001
41.790356 57.006798 1.030034 -0.023953 0.017141 2.774860 228.585007
41.596203 57.088432 1.030034 0.005378 0.017540 2.768388 228.690002
41.383911 57.178711 1.030034 0.005891 0.017077 2.762702 228.804993
41.199657 57.258095 1.030034 0.000855 0.018025 2.758749 228.904999
41.006325 57.341854 1.030034 -0.004595 0.017606 2.755425 229.009995
40.822124 57.421543 1.030034 -0.008185 0.017462 2.752877 229.110001
40.628536 57.504765 1.030034 -0.009914 0.017074 2.750702 229.214996
40.443951 57.583443 1.030034 -0.009690 0.017767 2.749025 229.315002
40.259151 57.661579 1.030034 -0.008659 0.016569 2.747678 229.414993
40.074440 57.739758 1.030034 0.058654 0.015630 2.687717 229.514999
39.887226 57.825470 1.030034 0.082766 -0.133649 2.541526 229.619995
39.695118 57.923691 1.030034 0.098475 -0.094506 2.432563 229.740005
39.517021 58.028187 1.030034 0.117548 -0.035069 2.349156 229.865005
39.351471 58.145927 1.030034 0.112946 0.006077 2.230135 229.994995
39.185734 58.291344 1.030034 0.100490 0.023008 2.162439 230.139999
39.045807 58.439606 1.030034 0.112103 0.026503 2.084947 230.274994
38.922161 58.600433 1.030034 0.098487 0.028536 1.960755 230.410004
38.814011 58.771580 1.030034 0.088979 0.027311 1.891285 230.544998
38.721836 58.951218 1.030034 0.127849 0.033506 1.729087 230.679993
38.644104 59.159809 1.030034 0.080855 0.037503 1.625981 230.830002
38.590454 59.353539 1.030034 0.071592 0.032868 1.579797 230.964996
38.548882 59.558811 1.030034 0.079744 0.030781 1.521108 231.104996
38.523621 59.759628 1.030034 0.082222 0.029489 1.463303 231.240005
38.513458 59.961994 1.030034 0.067979 0.026966 1.408645 231.375000
38.515087 60.165287 1.030034 0.033658 0.021014 1.423687 231.509995
38.523579 60.369354 1.030034 0.035630 0.017990 1.434998 231.645004
38.539383 60.573448 1.030034 0.105769 0.015479 1.357901 231.779999
38.577652 60.804142 1.030034 0.078762 0.020805 1.204413 231.934998
38.632164 61.023354 1.030034 0.038387 0.019338 1.145760 232.085007
38.689598 61.218761 1.030034 0.040427 0.017916 1.087965 232.220001
38.755211 61.411652 1.030034 0.052430 0.019809 1.025837 232.354996
38.830666 61.600758 1.030034 0.066792 0.022904 0.961161 232.490005
38.924694 61.798008 1.030034 0.073475 0.023622 0.890168 232.634995
39.036999 61.994148 1.030034 0.044330 0.023195 0.853269 232.785004
39.147831 62.166367 1.030034 0.030939 0.110423 0.865890 232.919998
39.264679 62.333702 1.030034 0.037825 0.166912 0.876697 233.044998
39.389095 62.499538 1.030034 0.036809 0.107550 0.884160 233.160004
39.518871 62.664047 1.030034 0.025069 0.063216 0.890630 233.270004
39.648533 62.823589 1.030034 0.012321 0.040971 0.894292 233.375000
39.793724 62.999935 1.030034 -0.003361 0.026999 0.896445 233.490005
39.946083 63.185490 1.030034 -0.013462 0.019407 0.898218 233.610001
40.072426 63.341335 1.030034 -0.017103 0.017487 0.899397 233.710007
40.203552 63.505447 1.030034 -0.011167 -0.102464 0.962686 233.815002
40.346840 63.685165 1.030034 -0.044081 -0.319780 1.093589 233.940002
40.477467 63.844067 1.030034 -0.078668 -0.264952 1.245438 234.085007
40.617756 64.003128 1.030034 -0.088106 -0.137631 1.486301 234.315002
40.760181 64.144684 1.030034 -0.050536 -0.021957 1.983711 234.789993
40.606480 64.010452 1.030034 -0.017455 0.318080 -2.388401 237.095001
40.438454 63.857609 1.030034 -0.011865 0.182350 -2.300038 237.240005
40.288387 63.715008 1.030034 -0.021385 0.102116 -2.219622 237.354996
40.140308 63.568157 1.030034 0.009052 0.062627 -2.178959 237.464996
39.996155 63.423195 1.030034 -0.009526 0.045906 -2.188505 237.570007
39.851906 63.274036 1.030034 -0.091744 0.039023 -2.152012 237.675003
39.713654 63.117619 1.030034 -0.083423 0.033278 -2.165937 237.779999
39.565884 62.929329 1.030034 -0.161390 0.028430 -2.075550 237.899994
39.435715 62.729050 1.030034 -0.070591 0.027409 -2.034981 238.020004
39.315754 62.521866 1.030034 -0.060924 0.024652 -1.998002 238.139999
39.215961 62.337093 1.030034 -0.015220 0.020869 -2.010054 238.244995
39.122051 62.160069 1.030034 -0.009108 0.018810 -2.017739 238.345001
39.028629 61.982536 1.030034 -0.035209 0.017831 -2.008483 238.445007
38.938820 61.803291 1.030034 -0.097656 0.018637 -1.915007 238.544998
38.853745 61.611588 1.030034 -0.079360 0.022147 -1.839332 238.649994
38.775665 61.417332 1.030034 -0.014849 0.022615 -1.854233 238.755005
38.699203 61.222034 1.030034 -0.017524 0.022307 -1.865041 238.860001
38.624214 61.025784 1.030034 -0.024187 0.020699 -1.873820 238.964996
38.554722 60.837955 1.030034 -0.025791 0.019680 -1.880497 239.065002
38.487217 60.649300 1.030034 -0.004338 0.017501 -1.897297 239.164993
38.418579 60.461254 1.030034 0.074419 0.014690 -2.010965 239.264999
38.339058 60.267563 1.030034 0.096419 0.020970 -2.117169 239.369995
38.240654 60.061569 1.030034 0.109058 0.029352 -2.217991 239.485001
38.124016 59.854736 1.030034 0.123019 0.036042 -2.313169 239.604996
38.009277 59.681984 1.030034 0.135225 0.040596 -2.394558 239.710007
37.882153 59.518364 1.030034 0.138651 0.042431 -2.468453 239.815002
37.714993 59.337070 1.030034 0.145739 0.044043 -2.558718 239.940002
37.561874 59.197449 1.030034 0.117494 0.041813 -2.616075 240.044998
37.401440 59.070221 1.030034 0.166500 -0.108184 -2.762325 240.149994
37.230007 58.954945 1.030034 0.188776 -0.078613 -2.924581 240.264999
37.020767 58.847599 1.030034 0.185991 0.002115 -3.090448 240.410004
36.826122 58.782650 1.030034 0.169570 0.038675 3.057303 240.544998
36.621887 58.747871 1.030034 0.146992 0.051003 2.922062 240.684998
36.401905 58.743637 1.030034 0.133412 0.050605 2.771282 240.835007
36.177246 58.772247 1.030034 0.120404 0.051708 2.621146 240.990005
35.979706 58.825016 1.030034 0.122677 0.052041 2.484412 241.130005
35.790260 58.902164 1.030034 0.116449 0.052165 2.361035 241.270004
35.611496 59.002018 1.030034 0.119433 0.051812 2.229359 241.410004
35.446499 59.123341 1.030034 0.128600 0.053260 2.095091 241.550003
35.283894 59.281155 1.030034 0.128906 0.054166 1.953670 241.705002
35.158024 59.442471 1.030034 0.132929 0.055834 1.819695 241.845001
35.051289 59.625462 1.030034 0.093281 0.052073 1.726149 241.990005
34.961189 59.827477 1.030034 0.094903 0.045480 1.677683 242.139999
34.890938 60.039375 1.030034 0.098036 0.037617 1.620097 242.289993
34.845890 60.236172 1.030034 0.095776 0.032946 1.559185 242.425003
34.815296 60.436676 1.030034 0.040034 0.023829 1.577201 242.559998
34.792408 60.639484 1.030034 0.036614 0.018541 1.590030 242.695007
34.777260 60.858749 1.030034 0.031166 0.014582 1.560710 242.839996
34.768433 61.098473 1.030034 0.000262 0.170159 1.576448 242.994995
34.761009 61.332184 1.030034 -0.006068 0.127663 1.586621 243.130005
34.753944 61.537628 1.030034 -0.008782 0.078900 1.592989 243.240005
34.746059 61.740467 1.030034 -0.009239 0.051858 1.597847 243.345001
34.737049 61.946774 1.030034 -0.007994 0.036371 1.601783 243.449997
34.727104 62.154819 1.030034 -0.005027 0.027275 1.604886 243.554993
34.716549 62.363647 1.030034 -0.001696 0.024034 1.607389 243.660004
34.705231 62.582848 1.030034 0.001399 0.022317 1.609485 243.770004
34.692970 62.822231 1.030034 0.003566 0.021206 1.611270 243.889999
34.682060 63.041779 1.030034 0.004193 0.020651 1.612567 244.000000
34.670605 63.281372 1.030034 0.003685 0.020463 1.613681 244.119995
34.659542 63.520966 1.030034 0.002452 0.020652 1.614542 244.240005
34.650055 63.730659 1.030034 0.001393 0.020071 1.615139 244.345001
34.640602 63.940342 1.030034 0.000456 0.020212 1.615622 244.449997
34.631115 64.150063 1.030034 -0.000177 0.020051 1.616009 244.554993
34.621517 64.359787 1.030034 -0.000396 0.020202 1.616321 244.660004
34.611782 64.569511 1.030034 -0.000256 0.020356 1.616566 244.764999
34.600040 64.819183 1.030034 0.000203 0.019653 1.616796 244.889999
34.589161 65.048706 1.030034 0.000744 0.020057 1.616964 245.005005
34.577335 65.298187 1.030034 0.001151 0.020408 1.617107 245.130005
34.566929 65.517731 1.030034 0.001293 0.020905 1.617205 245.240005
34.557034 65.727409 1.030034 0.001379 0.020407 1.617281 245.345001
34.547180 65.937134 1.030034 0.001277 0.020797 1.617338 245.449997
34.537384 66.146858 1.030034 0.001189 0.019887 1.617386 245.554993
34.527611 66.356583 1.030034 0.001017 0.020172 1.617426 245.660004
34.517838 66.566307 1.030034 0.000820 0.020987 1.617456 245.764999
34.508064 66.776031 1.030034 0.000778 0.020144 1.617482 245.869995
34.498291 66.985756 1.030034 0.000735 0.020296 1.617502 245.975006
34.488499 67.195480 1.030034 0.000704 0.020307 1.617516 246.080002
34.478176 67.415192 1.030034 0.000803 0.020391 1.617527 246.190002
34.467854 67.634903 1.030034 0.000912 0.020156 1.617537 246.300003
34.456593 67.874588 1.030034 0.000963 0.020588 1.617549 246.419998
34.443462 68.114052 1.030034 -0.083253 0.018570 1.713574 246.539993
34.421280 68.331802 1.035025 -0.091304 0.022047 1.831626 246.649994
34.390804 68.537750 1.053830 -0.077547 0.028058 1.864546 246.755005
34.351593 68.742004 1.060780 -0.116853 0.032054 1.954794 246.860001
34.298523 68.942108 1.056226 -0.161502 0.037817 2.081521 246.964996
34.228302 69.135262 1.052333 -0.174387 0.047998 2.199531 247.070007
34.139874 69.319580 1.049041 -0.151837 0.054848 2.293506 247.175003
34.015079 69.529480 1.057839 -0.149026 0.050811 2.344689 247.300003
33.894661 69.696655 1.063051 -0.111178 0.047768 2.393567 247.404999
33.737728 69.878746 1.061431 -0.228472 -0.109570 2.669407 247.529999
33.584675 70.017685 1.060148 -0.253352 -0.038164 2.903042 247.649994
33.402275 70.132767 1.058929 -0.239683 0.048247 3.124119 247.789993
33.211464 70.204582 1.057938 -0.095330 0.062105 3.131691 247.929993
33.011208 70.254990 1.057145 -0.076213 0.043160 3.106017 248.070007
32.811878 70.289894 1.056531 -0.064582 0.026170 3.087663 248.205002
32.609234 70.311188 1.056029 -0.087915 0.020430 -3.129015 248.339996
32.405052 70.319397 1.055623 -0.009970 0.015261 -3.135010 248.475006
32.200283 70.325119 1.055296 0.008662 0.013001 3.133947 248.610001
31.987751 70.332535 1.055019 0.011716 0.011513 3.122821 248.750000
31.787292 70.341896 1.054813 0.069381 0.159501 3.078602 248.880005
31.584473 70.360489 1.054655 0.022510 0.139774 3.013063 249.000000
31.383699 70.383469 1.054534 -0.021696 0.091435 3.016792 249.110001
31.164366 70.406532 1.054428 -0.018326 0.056003 3.019858 249.225006
30.939955 70.428215 1.054340 -0.007655 0.037911 3.022275 249.339996
30.732868 70.447609 1.054271 -0.025588 0.027781 3.040484 249.445007
30.524696 70.463737 1.054212 -0.078727 0.023516 -3.136881 249.550003
30.316172 70.471626 1.054164 -0.080857 0.024569 -3.041155 249.654999
30.108011 70.470589 1.054122 -0.085369 0.028184 -2.955049 249.759995
29.900675 70.459999 1.054086 -0.033219 0.028591 -2.916258 249.865005
29.693251 70.446106 1.054055 -0.000403 0.027687 -2.990268 249.970001
29.485107 70.431763 1.054030 -0.031832 0.027111 -2.997661 250.074997
29.246981 70.410812 1.054005 -0.036512 0.024327 -3.004424 250.195007
29.008955 70.384483 1.053984 -0.027192 0.022248 -3.009695 250.315002
28.771093 70.354179 1.083796 -0.011673 0.020889 -3.013794 250.434998
28.567076 70.329613 1.082894 0.105815 -0.136659 3.066147 250.539993
28.361660 70.314499 1.081990 0.109768 -0.090762 2.984930 250.654999
28.131481 70.312057 1.081086 0.076579 -0.031588 2.999618 250.794998
27.927637 70.322067 1.080405 0.060253 -0.007144 3.009915 250.925003
27.728363 70.341583 1.079843 0.039052 0.002577 3.017863 251.054993
27.523722 70.368134 1.079375 0.010909 0.008290 3.024007 251.190002
27.319849 70.394676 1.078992 -0.055355 0.010158 3.123632 251.324997
27.116051 70.412140 1.078681 -0.053841 0.015505 -3.074736 251.460007
26.908133 70.424278 1.078430 -0.077015 0.026759 -3.034876 251.595001
26.705334 70.426628 1.078233 -0.083151 0.004341 -2.950728 251.725006
26.498058 70.417038 1.078066 -0.026857 0.008004 -2.967178 251.860001
26.292459 70.402016 1.077930 -0.023149 0.011007 -2.982179 251.994995
26.072603 70.381065 1.077812 -0.019135 0.010849 -2.994332 252.139999
25.868511 70.358223 1.077725 0.011906 0.010685 -3.039026 252.274994
25.664463 70.335953 1.077655 0.033706 0.010905 -3.092975 252.410004
25.460325 70.318855 1.077597 0.057447 0.013184 3.088371 252.544998
25.248856 70.311272 1.077549 0.051437 0.017431 2.997011 252.684998
25.045311 70.313866 1.077512 0.052063 0.019026 2.929446 252.820007
24.842461 70.326759 1.077482 0.045914 0.021455 2.871384 252.955002
24.617523 70.350853 1.077454 0.027611 0.020121 2.888941 253.104996
24.414955 70.378510 1.077434 0.010580 0.015205 2.925810 253.240005
24.190063 70.414291 1.077417 -0.002254 0.012013 2.986856 253.389999
23.965403 70.452164 1.077403 -0.005214 0.010532 3.053577 253.539993
23.765503 70.484100 1.077393 0.017275 0.170766 3.080101 253.669998
23.560961 70.516136 1.077386 0.008235 0.131336 3.071924 253.789993
23.340343 70.550377 1.077380 -0.019820 0.081002 3.065493 253.910004
23.100801 70.584030 1.077374 -0.035632 0.049349 3.060323 254.035004
22.895510 70.608665 1.077370 -0.036272 0.034737 3.056913 254.139999
22.688272 70.629822 1.077368 -0.028898 0.027480 3.054185 254.244995
22.479969 70.648193 1.077365 -0.016819 0.023645 3.051982 254.350006
22.261156 70.665886 1.077363 -0.003813 0.022306 3.050131 254.460007
22.042078 70.683388 1.077360 0.005953 0.021120 3.048668 254.570007
21.832932 70.700966 1.077358 0.010883 0.020229 3.047558 254.675003
21.623816 70.719078 1.077357 -0.058468 0.020155 3.110089 254.779999
21.404659 70.732040 1.077357 -0.076587 0.021727 -3.073282 254.889999
21.156151 70.735504 1.077357 -0.082865 0.026328 -2.971564 255.014999
20.918770 70.726189 1.077357 -0.100465 0.032549 -2.878008 255.134995
20.693222 70.703156 1.077357 -0.084444 0.038480 -2.810875 255.250000
20.492678 70.670006 1.077357 -0.177994 -0.110522 -2.641907 255.354996
20.271784 70.611931 1.077357 -0.194810 -0.049831 -2.478845 255.485001
20.079716 70.532951 1.077357 -0.200971 0.006602 -2.370907 255.615005
19.903236 70.427376 1.077357 -0.135391 0.029083 -2.313334 255.750000
19.742916 70.302261 1.077357 -0.108271 0.028949 -2.252844 255.884995
19.579336 70.145981 1.077357 -0.065391 0.022348 -2.210259 256.035004
19.441692 69.994873 1.077357 -0.079254 0.019710 -2.136181 256.170013
19.312155 69.827614 1.077357 -0.109665 0.022391 -1.968015 256.309998
19.202593 69.656853 1.077357 -0.053877 0.022758 -1.900961 256.445007
19.098831 69.473595 1.077357 -0.063306 0.024540 -1.842403 256.584991
19.009001 69.291290 1.077357 -0.071712 0.024594 -1.785971 256.720001
18.930206 69.103722 1.077357 -0.038805 0.023141 -1.781571 256.855011
18.858564 68.912323 1.077357 -0.044942 0.018937 -1.795428 256.989990
18.794125 68.717735 1.077357 -0.044435 0.015710 -1.805979 257.125000
18.739458 68.520081 1.077357 -0.074043 0.015513 -1.727537 257.260010
18.694223 68.317299 1.077357 -0.005590 0.161250 -1.740196 257.394989
18.652105 68.118362 1.077357 -0.000340 0.142794 -1.748871 257.515015
18.606007 67.892471 1.077357 -0.032523 0.086388 -1.710183 257.640015
18.568991 67.693916 1.077357 -0.001144 0.056223 -1.716694 257.744995
18.531490 67.491364 1.077357 -0.001555 0.039003 -1.725920 257.850006
18.495596 67.286499 1.077357 -0.033228 0.029031 -1.676984 257.954987
18.464865 67.080078 1.077357 -0.029855 0.026123 -1.624147 258.059998
18.437504 66.872810 1.077357 -0.002453 0.024178 -1.633744 258.165009
18.411016 66.665054 1.077357 -0.046361 0.023470 -1.605605 258.269989
18.384716 66.427002 1.077357 -0.011347 0.021944 -1.617818 258.390015
18.362911 66.198471 1.077357 -0.032479 0.022209 -1.583134 258.505005
18.346878 65.989525 1.077357 -0.014684 0.023109 -1.591647 258.609985
18.332485 65.780296 1.077357 -0.013557 0.022056 -1.598417 258.714996
18.317171 65.530922 1.077357 -0.012347 0.020962 -1.604796 258.839996
18.305672 65.321358 1.077357 -0.009150 0.020037 -1.609003 258.945007
18.295036 65.111732 1.077357 -0.004761 0.020449 -1.612386 259.049988
18.284916 64.902008 1.077357 -0.046964 0.019471 -1.583260 259.154999
18.279373 64.692436 1.077357 -0.028857 0.020213 -1.525273 259.260010
18.277496 64.483032 1.077357 -0.001832 0.021973 -1.531238 259.364990
18.275982 64.253479 1.077357 0.025917 0.021218 -1.556951 259.480011
18.272554 64.013794 1.077357 -0.006276 0.021199 -1.580877 259.600006
18.268068 63.794117 1.077357 0.014864 0.020434 -1.631316 259.709991
18.260683 63.544586 1.085752 0.000611 0.021420 -1.630112 259.834991
18.251902 63.325119 1.140274 0.092721 0.019900 -1.724471 259.945007
18.233135 63.117329 1.139024 0.135658 0.025615 -1.851569 260.049988
18.202168 62.912033 1.137898 0.086119 0.030699 -1.876149 260.154999
18.159182 62.698910 1.146567 0.117475 0.035027 -1.967929 260.265015
18.107691 62.508446 1.188873 0.127946 0.038847 -2.048511 260.364990
18.039944 62.312931 1.187213 0.130816 0.041805 -2.127093 260.470001
17.958136 62.122944 1.185810 0.141966 0.012086 -2.217650 260.575012
17.856037 61.929531 1.184525 0.185419 -0.104099 -2.407981 260.690002
17.742424 61.757088 1.183393 0.195189 -0.043054 -2.564510 260.809998
17.608427 61.601833 1.182382 0.192859 0.018595 -2.711353 260.940002
17.453478 61.470852 1.181529 0.133642 0.042541 -2.804465 261.075012
17.284578 61.361755 1.180843 0.104635 0.039737 -2.850652 261.209991
17.098253 61.266064 1.180264 0.075202 0.031357 -2.889909 261.350006
16.911480 61.185555 1.179811 0.036362 0.021073 -2.866606 261.484985
16.699629 61.102833 1.179409 0.030370 0.015502 -2.849710 261.635010
16.506491 61.033142 1.179119 -0.006386 0.011441 -2.809504 261.769989
16.313599 60.962498 1.178885 -0.031242 0.009830 -2.706256 261.904999
16.123093 60.886166 1.178694 -0.044715 0.081480 -2.618683 262.040009
15.939963 60.802750 1.178550 -0.053543 0.167065 -2.544204 262.165009
15.759210 60.708363 1.178439 -0.058903 0.118393 -2.470708 262.279999
15.573323 60.598740 1.178347 -0.080698 0.076320 -2.388987 262.394989
15.404804 60.486652 1.178276 -0.098053 0.058365 -2.317488 262.500000
15.241257 60.363304 1.178216 -0.123750 0.052071 -2.241702 262.605011
15.057443 60.201241 1.178156 -0.099224 0.042065 -2.181640 262.730011
14.904238 60.047913 1.178112 -0.061485 0.039788 -2.201052 262.839996
14.755540 59.887630 1.178075 -0.062370 0.030854 -2.213647 262.950012
14.618060 59.729065 1.178045 -0.056627 0.023355 -2.223257 263.054993
14.490923 59.574078 1.178021 -0.038477 0.019363 -2.230581 263.154999
14.366338 59.416565 1.178000 -0.020450 0.017146 -2.236590 263.255005
14.242904 59.257870 1.177982 -0.000396 0.016708 -2.241410 263.355011
14.119260 59.099174 1.177966 0.011585 0.015121 -2.245363 263.454987
13.994542 58.941292 1.177953 0.018994 0.015254 -2.248539 263.554993
13.868263 58.784653 1.177943 0.020003 0.014524 -2.251121 263.654999
13.740417 58.629284 1.177933 0.015379 0.015459 -2.253211 263.755005
13.611323 58.474911 1.177925 0.009722 0.014074 -2.254908 263.855011
13.481500 58.321182 1.177917 0.002539 0.014781 -2.256299 263.954987
13.351452 58.167637 1.177911 -0.004045 0.015517 -2.257412 264.054993
13.221623 58.013863 1.177906 -0.007688 0.014380 -2.258321 264.154999
13.092314 57.859699 1.177901 -0.009061 0.015106 -2.259054 264.255005
12.963579 57.705044 1.177897 -0.008357 0.014912 -2.259649 264.355011
12.835593 57.549747 1.177895 -0.064892 0.014457 -2.215594 264.454987
12.710654 57.393013 1.177892 -0.042796 -0.030377 -2.191249 264.554993
12.585926 57.230450 1.177890 -0.022922 -0.089501 -2.143216 264.660004
12.464549 57.068745 1.177887 -0.013484 -0.131636 -2.150690 264.769989
12.344744 56.907383 1.177884 -0.034564 -0.148805 -2.116968 264.890015
12.217123 56.729031 1.177883 -0.050176 -0.147417 -2.066336 265.040009
12.105865 56.561501 1.177883 -0.038234 -0.130904 -2.028549 265.204987
11.995494 56.380318 1.177883 0.008818 -0.162010 -2.245277 265.440002
11.902076 56.202801 1.177883 0.033197 -0.044090 -2.742666 265.915009
11.738733 56.340504 1.177883 -0.001159 0.320116 2.065225 267.839996
11.641172 56.516144 1.177883 0.000165 0.227960 2.068805 267.975006
11.529482 56.717213 1.177883 0.000882 0.117793 2.071392 268.105011
11.412774 56.935207 1.177883 0.019294 0.061631 2.010266 268.234985
11.318595 57.117962 1.177883 0.006094 0.040034 2.012352 268.339996
11.223838 57.303326 1.177883 0.052858 0.027651 1.987487 268.445007
11.133756 57.491966 1.177883 0.109418 0.024328 1.882336 268.549988
11.052788 57.684574 1.177883 0.040947 0.026762 1.868121 268.654999
10.976138 57.879501 1.177883 0.035053 0.024300 1.872714 268.760010
10.902743 58.076168 1.177883 0.040958 0.021413 1.876327 268.864990
10.836902 58.265133 1.177883 0.080112 0.019871 1.836605 268.964996
10.777009 58.455963 1.177883 0.079415 0.021903 1.808366 269.065002
10.720899 58.658264 1.177883 0.021748 0.019880 1.777166 269.170013
10.657054 58.899899 1.177883 -0.010391 0.019559 1.789763 269.295013
10.594173 59.131626 1.177883 -0.007848 0.019139 1.799272 269.415009
10.528573 59.372959 1.177883 0.044485 0.018227 1.746645 269.540009
10.477757 59.576427 1.177883 0.036652 0.022234 1.747087 269.644989
10.430676 59.780849 1.177883 0.045287 0.022049 1.747634 269.750000
10.388058 59.986340 1.177883 0.046163 0.020069 1.748074 269.855011
10.349897 60.192711 1.177883 0.036076 0.019885 1.748441 269.959991
10.315111 60.399734 1.177883 0.022060 0.019247 1.748730 270.065002
10.282194 60.607082 1.177883 0.005855 0.019877 1.748965 270.170013
10.249512 60.814484 1.177883 -0.005862 0.020270 1.749151 270.274994
10.214218 61.031670 1.177883 -0.012456 0.020032 1.749308 270.385010
10.172175 61.277260 1.177883 -0.011982 -0.100412 1.812215 270.510010
10.135539 61.485874 1.177883 -0.042889 -0.309002 1.932635 270.625000
10.102383 61.685932 1.177883 -0.075314 -0.274990 2.079234 270.765015
10.073672 61.901272 1.177883 -0.087076 -0.142658 2.320075 270.994995
10.060013 62.102924 1.177883 -0.052139 -0.025137 2.806992 271.459991
9.888600 61.975681 1.177883 -0.009820 0.174232 -2.063239 272.890015
9.769358 61.809887 1.177883 0.018918 0.075612 -1.967511 273.045013
9.640407 61.621807 1.177883 -0.042469 0.048890 -1.847154 273.204987
9.533901 61.446457 1.177883 -0.069886 0.044083 -1.795908 273.345001
9.433140 61.247982 1.177883 -0.097470 0.040392 -1.732538 273.494995
9.357697 61.060875 1.177883 -0.059075 0.032682 -1.743958 273.630005
9.292461 60.868065 1.177883 -0.056404 0.022606 -1.761697 273.765015
9.236321 60.671333 1.177883 -0.045040 0.016116 -1.775022 273.899994
9.187429 60.472145 1.177883 -0.003998 0.011245 -1.808137 274.035004
9.140191 60.272167 1.177883 0.043906 0.091841 -1.864631 274.170013
9.081092 60.060413 1.177883 0.069318 0.157988 -1.970478 274.304993
9.007449 59.851795 1.177883 0.081084 -0.041730 -2.135467 274.429993
8.928928 59.661865 1.177883 0.071698 -0.059490 -2.205266 274.549988
8.843127 59.479027 1.177883 0.089007 -0.019211 -2.270988 274.674988
8.745104 59.302387 1.177883 0.102050 0.008917 -2.339663 274.804993
8.629605 59.132473 1.177883 0.143244 0.023313 -2.467684 274.940002
8.485846 58.969830 1.177883 0.133830 0.035192 -2.631796 275.084991
8.317559 58.824402 1.177883 0.118012 0.040283 -2.787722 275.234985
8.146093 58.708771 1.177883 0.108639 0.041801 -2.918735 275.375000
7.936682 58.601219 1.177883 0.121898 0.048426 -3.078351 275.535004
7.729723 58.527519 1.177883 0.123857 0.052294 3.068850 275.684998
7.507904 58.478580 1.177883 0.105853 0.050061 2.999018 275.839996
7.302573 58.455826 1.177883 0.096669 0.045358 2.944542 275.980011
7.079977 58.454620 1.177883 0.100010 0.039915 2.866914 276.130005
6.872331 58.475224 1.177883 0.121489 0.035711 2.771471 276.269989
6.675772 58.516926 1.177883 0.121348 0.035738 2.621125 276.404999
6.486047 58.580265 1.177883 0.102431 0.036613 2.486633 276.540009
6.291316 58.669216 1.177883 0.107951 0.040198 2.336314 276.684998
6.115045 58.775288 1.177883 0.116070 0.046053 2.197035 276.825012
5.953453 58.901329 1.177883 0.130575 0.053693 2.061545 276.964996
5.809595 59.046871 1.177883 0.094461 0.052567 1.979615 277.105011
5.680467 59.208138 1.177883 0.075946 0.043712 1.945885 277.244995
5.558139 59.387283 1.177883 0.053837 0.029350 1.970504 277.390015
5.440746 59.581345 1.177883 0.054648 0.020176 1.989488 277.540009
5.343328 59.761932 1.177883 0.042113 0.014067 2.002155 277.674988
5.251989 59.946209 1.177883 0.023405 0.011150 2.011688 277.809998
5.160694 60.139198 1.177883 0.005900 0.009287 2.019084 277.950012
5.069374 60.333687 1.177883 -0.007109 0.142364 2.024623 278.089996
4.982713 60.514488 1.177883 -0.012663 0.148938 2.028240 278.209991
4.887711 60.708611 1.177883 0.012954 -0.065352 1.918694 278.329987
4.798249 60.891247 1.177883 0.052586 -0.282465 1.793038 278.450012
4.706234 61.072887 1.177883 0.083053 -0.242097 1.630724 278.605011
4.608850 61.247665 1.177883 0.086512 -0.119017 1.379389 278.845001
4.497633 61.414482 1.177883 0.036844 -0.007201 0.756287 279.440002
4.628561 61.261604 1.177883 0.036371 0.191766 -0.954385 281.450012
4.763169 61.088509 1.177883 -0.022154 0.075004 -1.031831 281.614990
4.888649 60.929840 1.177883 -0.000179 0.036560 -1.092822 281.755005
5.011331 60.771503 1.177883 0.017873 0.027175 -1.138122 281.890015
5.145388 60.590107 1.177883 0.033418 0.023530 -1.121783 282.040009
5.261578 60.421619 1.177883 0.054986 0.019068 -1.110855 282.174988
5.370063 60.247269 1.177883 0.056163 0.014143 -1.102646 282.309998
5.470623 60.067841 1.177883 0.039898 0.011052 -1.096529 282.445007
5.564195 59.887051 1.177883 0.026496 0.170371 -1.092002 282.575012
5.656928 59.700478 1.177883 0.006174 0.128363 -1.088815 282.695007
5.748196 59.516541 1.177883 -0.008820 0.079291 -1.086498 282.804993
5.857794 59.300220 1.177883 -0.017589 0.046653 -1.084442 282.929993
5.958457 59.107441 1.177883 -0.017517 0.031420 -1.083026 283.040009
6.057353 58.922955 1.177883 -0.012560 0.024197 -1.081945 283.144989
6.153273 58.747272 1.177883 -0.005531 0.019933 -1.081121 283.244995
6.250091 58.571644 1.177883 0.001402 0.018119 -1.080449 283.345001
6.347127 58.395920 1.177883 0.007251 0.017009 -1.079907 283.445007
6.443854 58.219929 1.177883 0.010489 0.016381 -1.079464 283.545013
6.539979 58.043587 1.177883 0.011273 0.016710 -1.079109 283.644989
6.635662 57.866982 1.177883 -0.045994 0.014778 -1.035259 283.744995
6.733351 57.691601 1.177883 -0.001368 0.017205 -1.031846 283.845001
6.831710 57.516506 1.177883 0.002792 0.016288 -1.033812 283.945007
6.931561 57.342361 1.177883 -0.028798 0.016572 -0.983898 284.045013
7.034187 57.169937 1.177883 -0.009738 0.017412 -0.988177 284.144989
7.138120 56.998158 1.177883 -0.010864 0.017682 -0.991710 284.244995
7.243326 56.827026 1.177883 -0.012129 0.016440 -0.994576 284.345001
7.349826 56.656616 1.177883 -0.010273 0.016642 -0.996900 284.445007
7.457452 56.486835 1.177883 -0.006524 0.016144 -0.998796 284.545013
7.565847 56.317482 1.177883 -0.001595 0.015504 -1.000321 284.644989
7.674591 56.148327 1.177883 0.002960 0.015781 -1.001564 284.744995
7.783097 55.979046 1.177883 0.062477 0.013375 -1.046490 284.845001
7.891687 55.798573 1.177883 0.101143 0.016294 -1.152667 284.950012
7.990510 55.613686 1.177883 0.111407 0.023251 -1.249681 285.054993
8.078245 55.424313 1.177883 0.114372 0.029817 -1.335390 285.160004
8.154147 55.230659 1.177883 0.124327 0.035603 -1.416665 285.265015
8.217944 55.033161 1.177883 0.060151 0.036219 -1.434774 285.371002
8.274227 54.832714 1.177883 0.114585 0.036218 -1.470803 285.475006
8.319040 54.629349 1.177883 0.135971 0.036381 -1.549042 285.579987
8.349527 54.423817 1.177883 0.103419 0.036519 -1.603696 285.684998
8.368916 54.197102 1.177883 0.057049 0.033690 -1.645188 285.799988
8.378148 53.989090 1.177883 0.092519 0.033395 -1.689449 285.904999
8.379926 53.760670 1.177883 0.024004 0.027883 -1.678444 286.019989
8.377676 53.531647 1.177883 0.024969 0.025733 -1.665857 286.135010
8.372545 53.322212 1.177883 0.027653 0.023490 -1.656690 286.239990
8.364873 53.122665 1.161808 -0.021681 0.019007 -1.615311 286.339996
8.357216 52.913181 1.163013 0.006757 0.020550 -1.594715 286.445007
8.349182 52.703693 1.164077 0.003695 0.021274 -1.592624 286.549988
8.340858 52.494095 1.164971 -0.008828 0.021198 -1.590964 286.654999
8.333451 52.284416 1.165738 -0.016107 0.020601 -1.589616 286.760010
8.327742 52.074669 1.166384 -0.018274 0.021076 -1.588546 286.864990
8.323939 51.864849 1.166938 -0.015817 0.020886 -1.587676 286.970001
8.321616 51.634960 1.167446 -0.009379 0.020504 -1.586928 287.084991
8.320406 51.395000 1.167891 -0.002360 0.020659 -1.586314 287.204987
8.319618 51.185722 1.168053 0.004534 -0.089007 -1.643697 287.309998
8.318948 50.981071 1.168053 0.040813 -0.300928 -1.758892 287.420013
8.320558 50.773808 1.168053 0.075628 -0.284640 -1.905504 287.559998
8.328497 50.570484 1.168053 0.089725 -0.159214 -2.120186 287.765015
8.348134 50.370930 1.168053 0.061620 -0.038556 -2.539066 288.165009
8.256853 50.554310 1.168053 0.036159 0.161550 1.886715 293.309998
8.188342 50.747578 1.168053 0.077619 0.072598 1.836352 293.459991
8.131866 50.944069 1.165193 0.037850 0.033934 1.876533 293.600006
8.082504 51.139950 1.175138 0.047544 0.012345 1.909863 293.734985
8.037580 51.338989 1.173802 -0.001245 0.120908 1.974346 293.869995
7.986298 51.544750 1.172758 -0.071501 0.102718 2.079478 294.000000
7.912849 51.770256 1.160228 -0.159163 -0.036256 2.296247 294.140015
7.828483 51.958130 1.158798 -0.137064 0.008559 2.421494 294.269989
7.723020 52.133598 1.157600 -0.136242 0.036809 2.477206 294.404999
7.599283 52.291557 1.156622 -0.131847 -0.014463 2.536053 294.540009
7.455442 52.436962 1.155770 -0.108771 -0.066809 2.597165 294.684998
7.298681 52.566311 1.155032 -0.076149 -0.097391 2.652379 294.845001
7.130558 52.683044 1.154364 -0.046563 -0.102390 2.705338 295.035004
6.946823 52.792873 1.153727 -0.027190 -0.033453 2.737716 295.290009
6.761752 52.873295 1.153322 -0.006736 0.230411 2.847720 295.524994
6.559920 52.941242 1.153111 -0.014409 0.101108 3.004847 295.695007
6.364724 52.999531 1.152970 -0.034020 0.048246 -3.134128 295.839996
6.146867 53.053413 1.152850 -0.069361 0.040562 -2.986402 295.994995
5.924459 53.088722 1.152756 -0.112179 0.054081 -2.838775 296.149994
5.722239 53.095161 1.152688 -0.142129 0.067208 -2.701374 296.290009
5.500893 53.067215 1.152629 -0.149541 0.069778 -2.557189 296.445007
5.300770 53.006824 1.152584 -0.112295 0.063810 -2.447180 296.589996
5.100943 52.916706 1.152548 -0.087958 0.050185 -2.408699 296.739990
4.926881 52.817360 1.152522 -0.087792 0.037999 -2.360720 296.875000
4.736618 52.684341 1.152498 -0.084963 0.030343 -2.293829 297.029999
4.563463 52.539192 1.152479 -0.056629 0.023376 -2.253147 297.179993
4.398858 52.382832 1.152465 -0.029382 0.017507 -2.240439 297.329987
4.256351 52.235401 1.152455 -0.067745 0.016529 -2.183115 297.464996
4.115734 52.074818 1.152446 -0.072240 0.114928 -2.166557 297.605011
3.980380 51.898544 1.152439 -0.039227 0.157593 -2.101787 297.739990
3.861653 51.726997 1.152434 -0.028232 0.099829 -2.051321 297.855011
3.746542 51.551777 1.152430 -0.040367 0.064000 -2.023061 297.964996
3.622010 51.352848 1.152427 -0.083693 0.042896 -1.978000 298.084991
3.505872 51.146133 1.152424 -0.113329 0.036514 -1.884628 298.204987
3.415806 50.958935 1.152422 -0.122255 0.037268 -1.804296 298.309998
3.338108 50.766541 1.152419 -0.129188 0.039899 -1.726448 298.415009
3.272980 50.569695 1.152417 -0.060605 0.037551 -1.710321 298.519989
3.209458 50.350670 1.152417 -0.045756 0.031736 -1.727651 298.635010
3.156272 50.148438 1.152417 -0.047136 0.027077 -1.740300 298.739990
3.107672 49.944553 1.152417 -0.041563 0.023298 -1.750408 298.845001
3.063004 49.739510 1.152417 -0.027577 0.021099 -1.758475 298.950012
3.020869 49.533798 1.152417 -0.013745 0.019745 -1.765019 299.054993
2.981679 49.337658 1.152417 0.001299 0.020053 -1.769967 299.154999
2.942054 49.141548 1.152417 0.009397 0.019897 -1.774025 299.255005
2.901214 48.945641 1.152417 0.013044 0.020174 -1.777316 299.355011
2.856681 48.740238 1.152417 0.012140 0.019296 -1.780106 299.459991
2.812809 48.544922 1.152417 0.008037 0.019890 -1.782255 299.559998
2.767901 48.349773 1.152417 0.003088 0.018823 -1.784004 299.660004
2.722455 48.154762 1.152417 -0.002000 0.018800 -1.785417 299.760010
2.676960 47.959816 1.152417 -0.006559 0.019598 -1.786544 299.859985
2.634076 47.764397 1.152417 -0.078780 0.019453 -1.697056 299.959991
2.594671 47.558392 1.152417 -0.005826 0.020928 -1.706255 300.065002
2.550474 47.322674 1.152417 -0.000033 0.020280 -1.714684 300.184998
2.506075 47.086849 1.152417 -0.006052 0.020468 -1.721261 300.304993
2.469422 46.890175 1.152417 -0.009752 0.019661 -1.725615 300.404999
2.433465 46.693356 1.152417 -0.010952 0.020275 -1.729135 300.505005
2.398316 46.496376 1.152417 -0.010528 0.019324 -1.732009 300.605011
2.363902 46.299274 1.152417 -0.007896 0.019983 -1.734314 300.704987
2.328304 46.092209 1.152417 -0.005181 0.019385 -1.736281 300.809998
2.287997 45.855537 1.152417 -0.042593 0.018440 -1.711299 300.929993
2.254793 45.628281 1.152417 -0.091485 0.020390 -1.597821 301.045013
2.232893 45.420387 1.152417 -0.011310 0.022446 -1.589367 301.149994
2.212847 45.212200 1.152417 -0.002823 0.023356 -1.599080 301.255005
2.193267 45.003658 1.152417 -0.011989 0.023534 -1.606794 301.359985
2.174939 44.794765 1.152417 -0.017828 0.022053 -1.613019 301.464996
2.158433 44.585613 1.152417 -0.018632 0.021442 -1.618039 301.570007
2.142490 44.356323 1.152417 -0.014415 0.020437 -1.622320 301.684998
2.128244 44.126904 1.152417 -0.007470 0.020968 -1.625734 301.799988
2.117248 43.907322 1.152417 -0.080578 0.020279 -1.541656 301.910004
2.115114 43.697983 1.152417 -0.084109 0.022646 -1.450120 302.015015
2.123513 43.469639 1.152417 -0.085561 0.027032 -1.358065 302.130005
2.143690 43.242828 1.152417 -0.095797 0.032074 -1.268990 302.244995
2.173645 43.037724 1.152417 -0.110362 0.037193 -1.192541 302.350006
2.218677 42.825859 1.152417 -0.110391 0.042238 -1.122420 302.459991
2.273668 42.626274 1.152417 -0.108199 0.041957 -1.104694 302.565002
2.340808 42.429939 1.152417 -0.143267 0.041740 -1.027187 302.670013
2.431663 42.221764 1.152417 -0.138398 0.041296 -0.943624 302.785004
2.534637 42.030354 1.152417 -0.126180 0.039559 -0.868598 302.894989
2.657221 41.838741 1.152417 -0.121572 0.038026 -0.786809 303.010010
2.780152 41.670853 1.152417 -0.042843 0.032239 -0.784372 303.114990
2.908531 41.505714 1.152417 -0.039332 0.028215 -0.797049 303.220001
3.047643 41.335110 1.152417 -0.042103 0.023129 -0.807748 303.329987
3.191214 41.167412 1.152417 -0.070722 0.018499 -0.795938 303.440002
3.327311 41.019936 1.152417 -0.064840 0.018132 -0.737706 303.540009
3.475168 40.869888 1.152417 -0.018408 0.018010 -0.750420 303.644989
3.617870 40.728519 1.152417 -0.068011 0.016936 -0.715291 303.744995
3.763810 40.590492 1.152417 -0.057601 0.017791 -0.683214 303.845001
3.921044 40.450092 1.152417 -0.041723 0.016449 -0.617049 303.950012
4.073295 40.319447 1.152417 0.005187 0.016998 -0.633296 304.049988
4.225578 40.188541 1.152417 -0.002113 0.016911 -0.640658 304.149994
4.379189 40.059223 1.152417 -0.053028 0.017734 -0.587659 304.250000
4.535933 39.934006 1.152417 -0.041113 0.020245 -0.596527 304.350006
4.695345 39.811890 1.152417 -0.043675 0.018520 -0.600058 304.450012
4.857347 39.692982 1.152417 -0.040858 0.017315 -0.602574 304.549988
5.022676 39.578850 1.152417 -0.088087 0.016304 -0.522375 304.649994
5.191899 39.471123 1.152417 -0.081729 0.017736 -0.487220 304.750000
5.364739 39.369907 1.152417 -0.058616 0.019349 -0.424994 304.850006
5.549854 39.270947 1.152417 -0.103601 0.022030 -0.337085 304.954987
5.738461 39.179855 1.152417 -0.029348 0.023746 -0.338897 305.059998
5.929748 39.094536 1.152417 -0.113459 0.026920 -0.249091 305.165009
6.124812 39.019779 1.152417 -0.057079 0.028464 -0.225005 305.269989
6.322473 38.951302 1.152417 -0.036733 0.026645 -0.236516 305.375000
6.540960 38.880367 1.152417 -0.037128 0.022844 -0.246427 305.489990
6.760379 38.811497 1.152417 0.053503 0.016393 -0.359615 305.605011
6.958524 38.743286 1.152417 0.069800 0.018284 -0.464730 305.709991
7.154100 38.669277 1.152417 0.072673 0.023016 -0.514439 305.815002
7.383993 38.574036 1.152417 0.023990 0.025502 -0.513535 305.940002
7.575994 38.489979 1.152417 0.039286 0.025687 -0.507598 306.045013
7.757425 38.405609 1.152417 0.048447 0.021987 -0.503105 306.144989
7.936870 38.316483 1.152417 0.044787 0.019956 -0.499420 306.244995
8.114357 38.223156 1.152417 0.023895 -0.021138 -0.517930 306.345001
8.293447 38.126064 1.152417 0.024239 -0.231138 -0.627889 306.450012
8.493468 38.018326 1.152417 0.064934 -0.305731 -0.774501 306.589996
8.687080 37.920193 1.152417 0.087054 -0.186418 -0.978711 306.785004
8.870952 37.838131 1.152417 0.072135 -0.064684 -1.324297 307.114990
8.826518 37.630966 1.152417 0.021818 0.206605 -2.527986 309.000000
8.656828 37.519215 1.152417 -0.006395 0.096569 -2.516066 309.154999
8.489359 37.406200 1.161078 -0.022715 0.043490 -2.508265 309.295013
8.325245 37.289310 1.160919 -0.066876 0.022835 -2.446396 309.429993
8.161514 37.161636 1.149233 -0.056299 0.170569 -2.420842 309.565002
7.973839 37.010429 1.148329 0.062312 0.127888 -2.532890 309.704987
7.785574 36.871693 1.147670 0.022389 0.073349 -2.616215 309.829987
7.611734 36.747871 1.147187 -0.025103 0.045092 -2.606365 309.940002
7.443980 36.626007 1.146796 0.040237 0.032203 -2.628688 310.045013
7.273316 36.505466 1.146464 0.088580 0.027723 -2.668773 310.149994
7.098228 36.390404 1.146184 0.051777 0.026186 -2.661758 310.255005
6.928133 36.285072 1.145955 0.051501 0.022646 -2.657077 310.355011
6.754367 36.185696 1.145759 0.133967 0.020797 -2.751407 310.454987
6.567185 36.090912 1.145584 0.044134 0.022454 -2.736197 310.559998
6.386663 36.004498 1.145441 0.022888 0.020277 -2.728802 310.660004
6.205069 35.919670 1.145317 0.012492 0.019094 -2.722745 310.760010
6.022974 35.835503 1.145214 0.003936 0.017762 -2.717946 310.859985
5.840815 35.751320 1.145126 -0.001258 0.017188 -2.714016 310.959991
5.658834 35.666664 1.145049 -0.004327 0.017650 -2.710832 311.059998
5.477137 35.581291 1.144984 -0.004626 0.016939 -2.708246 311.160004
5.295748 35.495190 1.144928 -0.003205 0.016594 -2.706141 311.260010
5.114642 35.408520 1.144880 -0.000734 0.016460 -2.704424 311.359985
4.933730 35.321503 1.144840 0.002392 0.016506 -2.703057 311.459991
4.752884 35.234375 1.144805 0.004580 0.017082 -2.701931 311.559998
4.571973 35.147362 1.144775 0.006279 0.016362 -2.701027 311.660004
4.390955 35.060566 1.144749 0.006616 0.017359 -2.700286 311.760010
4.209769 34.974007 1.144726 0.006568 0.016770 -2.699681 311.859985
4.028460 34.887688 1.144707 0.005821 0.016656 -2.699194 311.959991
3.847082 34.801540 1.144691 0.004592 0.017244 -2.698805 312.059998
3.665657 34.715481 1.144677 0.003721 0.017229 -2.698483 312.160004
3.484114 34.629620 1.144665 0.057578 0.015757 -2.737848 312.260010
3.295027 34.546158 1.144655 0.101424 -0.136212 -2.914475 312.364990
3.101517 34.470600 1.144645 0.102229 -0.100677 -2.994847 312.480011
2.881699 34.399693 1.144635 0.113693 -0.027429 -3.081015 312.619995
2.683719 34.353901 1.144628 0.110016 0.004575 3.132545 312.750000
2.479594 34.325497 1.144622 0.073475 0.015950 3.083084 312.885010
2.252687 34.308949 1.144616 0.031651 0.016420 3.104275 313.035004
2.047887 34.300468 1.144613 0.013256 0.013794 3.126978 313.170013
1.842910 34.293980 1.144610 -0.017777 -0.000968 -3.076912 313.304993
1.641269 34.284676 1.144607 -0.049616 -0.052039 -2.958406 313.440002
1.425997 34.265320 1.144603 -0.069831 -0.082007 -2.784439 313.595001
1.225334 34.234032 1.144601 -0.086742 -0.081028 -2.640848 313.760010
1.028421 34.184570 1.144601 -0.080200 -0.068461 -2.516035 313.954987
0.837147 34.112530 1.144601 0.112894 0.190943 -2.681079 314.160004
0.641495 34.053204 1.144601 0.042264 0.093702 -2.952280 314.320007
0.443421 34.003708 1.144601 0.014766 -0.041878 -3.009315 314.464996
0.247888 33.956638 1.144601 0.003438 -0.238831 -2.847002 314.619995
0.050350 33.915264 1.144601 -0.039193 -0.154470 -2.606150 314.850006
-0.147793 33.888016 1.144601 -0.037370 -0.029355 -2.061605 315.369995
0.014875 33.762577 1.144601 0.042069 0.199010 -0.462082 320.190002
0.200216 33.646446 1.144601 -0.098570 0.055636 -0.568463 320.350006
0.381254 33.552013 1.144601 -0.094144 0.007559 -0.621212 320.489990
0.578828 33.467430 1.144601 -0.016750 0.012164 -0.672767 320.635010
0.764829 33.390388 1.144601 0.049381 0.026669 -0.727480 320.769989
0.953291 33.300365 1.144601 0.098439 0.034794 -0.788882 320.910004
1.130418 33.193768 1.144601 0.120030 -0.014058 -0.853323 321.049988
1.292178 33.071239 1.144601 0.107397 -0.068652 -0.914709 321.195007
1.443473 32.930271 1.144601 0.082311 -0.094826 -0.977957 321.359985
1.577137 32.779930 1.144601 0.054054 -0.099087 -1.037059 321.549988
1.699345 32.617363 1.144601 0.019849 -0.078657 -1.065093 321.795013
1.812072 32.451897 1.144601 0.007704 -0.050148 -1.065184 322.119995
1.920936 32.280113 1.144601 0.059931 0.113213 -1.157028 322.614990
1.985894 32.071930 1.144601 0.016402 0.228867 -1.363226 322.915009
2.034723 31.874523 1.144601 0.018899 0.104093 -1.464489 323.075012
2.081763 31.651873 1.144601 0.033708 0.048953 -1.553570 323.234985
2.116441 31.448290 1.144601 0.018169 0.032786 -1.588394 323.375000
2.144937 31.248032 1.144601 0.063961 0.025447 -1.610326 323.510010
2.165060 31.043177 1.144601 0.036416 0.170218 -1.608072 323.644989
2.176306 30.832985 1.144601 0.045995 0.150666 -1.600908 323.769989
2.179908 30.612530 1.144601 0.042654 0.088583 -1.595645 323.890015
2.177284 30.382046 1.144601 0.027610 0.053818 -1.591497 324.010010
2.170388 30.136759 1.144601 0.007826 0.035801 -1.588150 324.135010
2.163544 29.928732 1.144601 -0.006885 0.028292 -1.585934 324.239990
2.157407 29.719810 1.144601 -0.015788 0.024222 -1.584152 324.345001
2.152921 29.510426 1.144601 -0.018893 0.023104 -1.582714 324.450012
2.150401 29.300758 1.144601 -0.016987 0.021310 -1.581576 324.554993
2.149620 29.090963 1.144601 -0.011479 0.020200 -1.580664 324.660004
2.150007 28.881159 1.144601 -0.004936 0.020498 -1.579924 324.765015
2.150968 28.641359 1.144601 0.002411 0.020825 -1.579268 324.885010
2.151577 28.411478 1.144601 0.005993 0.020924 -1.578770 325.000000
2.150513 28.161619 1.144601 0.079091 0.018485 -1.646681 325.125000
2.142276 27.932392 1.144601 0.012944 0.021797 -1.661009 325.239990
2.132438 27.723166 1.144601 0.004644 0.021988 -1.656040 325.345001
2.121812 27.513811 1.144601 0.007315 0.021895 -1.652063 325.450012
2.110205 27.304373 1.144601 0.009190 0.021326 -1.648857 325.554993
2.097461 27.094898 1.144601 0.008281 0.020741 -1.646305 325.660004
2.082474 26.875570 1.144601 0.054584 0.019423 -1.691864 325.769989
2.061423 26.636858 1.144601 0.005586 0.020876 -1.687446 325.890015
2.038953 26.398191 1.144601 0.001690 0.021260 -1.683821 326.010010
2.014932 26.149483 1.144601 0.001993 0.020603 -1.680919 326.135010
1.994258 25.940538 1.144601 0.027595 0.020333 -1.693593 326.239990
1.969743 25.732145 1.144601 0.034226 0.020475 -1.757541 326.345001
1.941350 25.524527 1.144601 -0.049866 -0.038624 -1.688552 326.450012
1.918614 25.324230 1.144601 -0.120712 -0.137998 -1.483984 326.554993
1.907563 25.123867 1.144601 -0.152158 -0.077654 -1.305031 326.670013
1.915394 24.916452 1.144601 -0.162214 -0.000845 -1.144466 326.799988
1.952769 24.700731 1.144601 -0.148722 0.037990 -0.995967 326.945007
2.023231 24.491056 1.144601 -0.138582 0.050458 -0.846592 327.095001
2.116007 24.307955 1.144601 -0.129088 0.050602 -0.714027 327.234985
2.247792 24.112751 1.144601 -0.084139 0.043441 -0.657734 327.394989
2.375269 23.957575 1.144601 -0.090652 0.037089 -0.604966 327.529999
2.522175 23.808174 1.144601 -0.095520 0.032789 -0.542402 327.670013
2.676778 23.676907 1.144601 -0.091759 0.028272 -0.475809 327.804993
2.842111 23.558640 1.144601 -0.085379 0.025699 -0.409075 327.940002
3.016208 23.453066 1.144601 -0.075826 0.022739 -0.345836 328.075012
3.197167 23.359304 1.144601 -0.038488 0.020342 -0.308867 328.209991
3.389586 23.268745 1.144601 -0.011763 0.175284 -0.325273 328.345001
3.573952 23.186596 1.144601 -0.026674 0.125985 -0.336027 328.459991
3.763986 23.106359 1.144601 -0.032372 0.079409 -0.344207 328.570007
3.980355 23.019642 1.144601 -0.026474 0.045143 -0.351075 328.690002
4.183145 22.941526 1.144601 -0.016221 0.031748 -0.356099 328.799988
4.378728 22.867697 1.144601 -0.006822 0.024927 -0.359952 328.904999
4.575842 22.795965 1.144601 -0.018264 0.020805 -0.312268 329.010010
4.764442 22.729282 1.144601 0.004836 0.019760 -0.317554 329.109985
4.952999 22.661888 1.144601 0.005475 0.018641 -0.321828 329.209991
5.141391 22.593689 1.144601 0.000459 0.018996 -0.325308 329.309998
5.329883 22.525480 1.144601 -0.063890 0.018675 -0.280815 329.410004
5.528773 22.456858 1.144601 -0.004069 0.018647 -0.289761 329.515015
5.718338 22.391844 1.144601 0.002964 0.017776 -0.297085 329.614990
5.908257 22.328182 1.144601 -0.019605 0.018862 -0.257992 329.714996
6.137431 22.256651 1.144601 -0.051643 0.020833 -0.190151 329.834991
6.339250 22.199230 1.144601 -0.011300 0.021189 -0.200959 329.940002
6.541565 22.142962 1.144601 -0.013002 0.021181 -0.209884 330.045013
6.734122 22.088600 1.144601 0.062883 0.015888 -0.315859 330.144989
6.933994 22.025240 1.144601 0.073804 0.018363 -0.421089 330.250000
7.130466 21.953953 1.144601 0.078123 0.022436 -0.515121 330.355011
7.322908 21.874130 1.144601 0.098883 0.018199 -0.605921 330.459991
7.505347 21.786236 1.144601 0.161463 -0.118717 -0.787432 330.565002
7.693726 21.675959 1.144601 0.199212 -0.051674 -0.964975 330.690002
7.856438 21.549936 1.144601 0.203874 0.019390 -1.115805 330.820007
7.993593 21.401262 1.144601 0.182962 0.051007 -1.251231 330.954987
8.115472 21.209057 1.144601 0.150388 0.056111 -1.398564 331.109985
8.196380 21.020510 1.144601 0.129524 0.052391 -1.531120 331.250000
8.252180 20.822815 1.144601 0.117198 0.048116 -1.667915 331.390015
8.285863 20.605463 1.144601 0.093318 0.033157 -1.791826 331.540009
8.296741 20.403297 1.144601 0.082435 -0.019497 -1.861566 331.679993
8.291243 20.198597 1.144601 0.114646 -0.054293 -1.974248 331.829987
8.264194 19.993240 1.144601 0.105637 -0.066953 -2.076875 332.000000
8.212996 19.797373 1.144601 0.092947 0.001784 -2.196255 332.195007
8.125435 19.613417 1.144601 0.065182 0.185837 -2.303667 332.390015
8.012895 19.446966 1.144601 0.046293 0.096782 -2.438123 332.545013
7.885854 19.286396 1.144601 0.051029 0.051239 -2.571783 332.690002
7.749713 19.135490 1.164490 0.079551 0.042678 -2.701026 332.829987
7.600762 18.995087 1.158014 0.081091 0.046933 -2.783912 332.970001
7.438735 18.868073 1.158447 0.113983 0.051107 -2.867332 333.109985
7.262962 18.759811 1.158797 0.113594 0.049705 -2.932536 333.250000
7.074966 18.671928 1.159079 0.116573 0.043688 -2.990411 333.390015
6.884529 18.607063 1.159299 0.106617 0.036358 -3.053462 333.524994
6.687864 18.560593 1.159478 0.090511 0.029828 -3.115908 333.660004
6.487498 18.527161 1.159623 0.025657 0.020393 -3.093803 333.795013
6.257368 18.495028 1.159752 0.010792 0.175961 -3.075458 333.945007
6.051411 18.469719 1.159835 0.011649 0.133750 -3.064445 334.065002
5.848149 18.446682 1.159900 0.009050 0.084350 -3.056506 334.174988
5.627344 18.422802 1.159955 0.003453 0.050990 -3.050001 334.290009
5.412136 18.399836 1.160001 -0.001161 0.035234 -3.045045 334.399994
5.175277 18.374197 1.160043 -0.004085 0.026762 -3.040796 334.519989
4.937499 18.347656 1.160077 -0.004533 0.022850 -3.037497 334.640015
4.729156 18.323681 1.160102 -0.003307 0.021540 -3.035206 334.744995
4.520697 18.299149 1.160123 -0.001284 0.021322 -3.033366 334.850006
4.312194 18.274286 1.160142 0.000968 0.019660 -3.031895 334.954987
4.103736 18.249220 1.160157 -0.041749 0.019063 -3.000775 335.059998
3.895991 18.220175 1.160169 -0.014101 0.019075 -2.953128 335.165009
3.688722 18.188730 1.160181 0.007633 0.021108 -2.958150 335.269989
3.481277 18.157598 1.160191 0.004680 0.020725 -2.962222 335.375000
3.244081 18.121965 1.160200 -0.049385 0.018441 -2.932000 335.494995
2.998164 18.079592 1.160208 -0.024816 0.018923 -2.911491 335.619995
2.764424 18.034702 1.160214 -0.024906 -0.046141 -2.913367 335.739990
2.559124 17.990908 1.160219 -0.058333 -0.104613 -2.844438 335.850006
2.361192 17.942665 1.160223 -0.031338 -0.134209 -2.847881 335.964996
2.161325 17.889427 1.160226 -0.046401 -0.147009 -2.799767 336.095001
1.964169 17.830122 1.160230 -0.031525 -0.140407 -2.756165 336.244995
1.771170 17.765285 1.160234 -0.032887 -0.122984 -2.683491 336.424988
1.580229 17.703560 1.160238 0.096974 0.182522 -2.920919 336.625000
1.375112 17.660776 1.160238 -0.019091 -0.160933 -2.776268 336.804993
1.174804 17.623577 1.160238 -0.054452 -0.148785 -2.535416 337.035004
0.972629 17.599199 1.160238 -0.040830 -0.026800 -1.996104 337.549988
0.983348 17.398914 1.160238 -0.004505 0.241590 -1.159132 338.605011
1.063281 17.212214 1.160238 -0.026090 0.107796 -1.129971 338.765015
1.149501 17.024054 1.160238 0.007021 0.049690 -1.170628 338.910004
1.232704 16.841497 1.160238 0.010015 0.024782 -1.243423 339.045013
1.315791 16.655909 1.160238 -0.022574 0.013677 -1.265273 339.179993
1.404199 16.462614 1.160238 0.006348 0.170906 -1.279562 339.315002
1.490393 16.260811 1.160238 0.034769 0.122361 -1.326820 339.445007
1.565835 16.068825 1.160238 0.006185 0.077841 -1.312585 339.554993
1.638429 15.878681 1.160238 0.081938 0.052649 -1.344651 339.660004
1.704063 15.683145 1.160238 0.120900 0.042157 -1.426218 339.765015
1.760045 15.483450 1.160238 0.052254 0.035979 -1.418122 339.869995
1.808480 15.280878 1.160238 0.102757 0.032681 -1.494538 339.971008
1.847648 15.076049 1.160238 0.065856 0.030541 -1.495740 340.075012
1.878753 14.869577 1.160238 0.117562 0.030152 -1.579737 340.179993
1.899089 14.652160 1.160238 0.040665 0.028092 -1.598444 340.290009
1.914812 14.414065 1.160238 0.024244 0.027005 -1.585429 340.410004
1.927353 14.165191 1.160238 0.024339 0.023731 -1.574942 340.535004
1.935048 13.955709 1.160238 0.020297 0.022378 -1.568019 340.640015
1.940637 13.745992 1.160238 0.012819 0.021428 -1.562467 340.744995
1.944917 13.536143 1.160238 0.004975 0.020638 -1.557989 340.850006
1.948738 13.326264 1.160238 -0.002107 0.019753 -1.554406 340.954987
1.953059 13.106444 1.160238 -0.007167 0.020007 -1.551435 341.065002
1.958003 12.896640 1.160238 -0.008650 0.020622 -1.549167 341.170013
1.964817 12.656830 1.160238 -0.007013 0.021125 -1.547105 341.290009
1.972673 12.416990 1.160238 -0.004011 0.019570 -1.545502 341.410004
1.980068 12.207209 1.160238 -0.000725 0.020354 -1.544392 341.515015
1.987589 11.997460 1.160238 0.001915 0.019772 -1.543501 341.619995
1.995988 11.757785 1.160238 0.003723 0.020375 -1.542697 341.739990
2.003263 11.538054 1.160238 0.038055 0.019701 -1.563671 341.850006
2.005616 11.328485 1.160238 0.093039 0.020362 -1.668560 341.954987
1.998081 11.119814 1.160238 0.055022 0.023984 -1.736730 342.059998
1.984303 10.911649 1.160238 0.008104 0.025181 -1.725784 342.165009
1.968864 10.703219 1.160238 0.014629 0.008037 -1.717050 342.269989
1.951793 10.496953 1.160238 0.023035 -0.051200 -1.709915 342.375000
1.930317 10.271779 1.160238 0.049595 -0.114845 -1.734825 342.494995
1.904923 10.065885 1.160238 0.051431 -0.138678 -1.795083 342.614990
1.872888 9.861298 1.160238 0.036156 -0.145038 -1.790242 342.750000
1.835590 9.661372 1.160238 0.020245 -0.137482 -1.786160 342.904999
1.789077 9.449355 1.160238 0.021477 -0.116445 -1.872225 343.109985
1.742590 9.251860 1.160238 -0.030945 0.164448 -1.838833 343.355011
1.711329 9.053426 1.160238 -0.026968 0.170850 -1.662010 343.545013
1.688541 8.854573 1.160238 -0.011954 0.074276 -1.500128 343.695007
1.669906 8.641234 1.160238 -0.042512 0.039126 -1.341177 343.845001
1.662419 8.416425 1.160238 -0.080664 0.042163 -1.185897 344.000000
1.673708 8.213450 1.160238 -0.080247 0.053874 -1.106553 344.140015
1.710696 7.982125 1.160238 -0.107276 0.053793 -1.049107 344.299988
1.767515 7.783239 1.160238 -0.116247 0.046608 -0.992731 344.440002
1.844380 7.597733 1.160238 -0.109497 0.038463 -0.929332 344.575012
1.940374 7.419936 1.160238 -0.088900 0.029468 -0.869756 344.709991
2.051414 7.249846 1.160238 -0.074692 0.024389 -0.805161 344.845001
2.174649 7.087511 1.160238 -0.102979 0.022338 -0.693339 344.980011
2.311159 6.937376 1.160238 -0.104149 0.025836 -0.535191 345.114990
2.458844 6.799393 1.160238 -0.056436 0.026527 -0.492673 345.250000
2.614433 6.669334 1.160238 -0.065885 0.026413 -0.442907 345.385010
2.778036 6.548783 1.160238 -0.076708 0.026158 -0.385123 345.519989
2.949851 6.440076 1.160238 -0.082634 0.026162 -0.326435 345.654999
3.129384 6.344608 1.160238 -0.085115 0.025980 -0.261510 345.790009
3.336698 6.254817 1.160238 -0.080749 0.024997 -0.190487 345.940002
3.550567 6.181526 1.160238 -0.030398 0.062024 -0.151758 346.089996
3.749329 6.122897 1.160238 -0.016321 0.174245 -0.168176 346.220001
3.946038 6.069858 1.160238 -0.029607 0.120826 -0.179405 346.334991
4.147178 6.020187 1.160238 -0.033482 0.075162 -0.187906 346.445007
4.346060 5.974877 1.160238 -0.026513 0.048223 -0.194371 346.549988
4.548578 5.931431 1.160238 -0.017411 0.033360 -0.199578 346.654999
4.752345 5.887141 1.160238 0.032419 0.023997 -0.275082 346.760010
4.955050 5.837193 1.160238 0.033269 0.024605 -0.327895 346.864990
5.156896 5.782720 1.160238 0.022014 0.024674 -0.325331 346.970001
5.358396 5.725173 1.160238 0.028165 0.022850 -0.323297 347.075012
5.578674 5.659378 1.160238 -0.001122 0.019389 -0.272805 347.190002
5.770227 5.601694 1.160238 0.017139 0.019434 -0.274084 347.290009
5.970919 5.539259 1.160238 0.005694 0.018787 -0.275148 347.394989
6.161858 5.478934 1.160238 -0.007471 0.019351 -0.275983 347.494995
6.352987 5.418991 1.160238 -0.017467 0.019107 -0.276654 347.595001
6.573335 5.351666 1.160238 -0.021595 0.019113 -0.277276 347.709991
6.765074 5.293617 1.160238 0.054863 0.016876 -0.356687 347.809998
6.964196 5.227184 1.160238 0.073796 0.019160 -0.455063 347.915009
7.196569 5.137922 1.160238 0.084039 0.024598 -0.558309 348.040009
7.386928 5.053269 1.160238 0.096430 0.030199 -0.638019 348.144989
7.571663 4.958429 1.160238 0.137552 -0.014583 -0.740841 348.250000
7.749910 4.850367 1.160238 0.187474 -0.105392 -0.914228 348.359985
7.914923 4.727472 1.160238 0.200212 -0.040887 -1.068319 348.480011
8.061358 4.584774 1.160238 0.162283 0.021362 -1.174983 348.609985
8.184895 4.422738 1.160238 0.142184 0.040512 -1.277280 348.744995
8.285623 4.247927 1.160238 0.112410 0.027367 -1.329375 348.880005
8.369823 4.059419 1.160238 0.097359 -0.027772 -1.423434 349.019989
8.435938 3.868540 1.160238 0.089271 -0.067647 -1.485638 349.165009
8.489426 3.655227 1.160238 0.119805 0.074297 -1.596171 349.339996
8.508694 3.450759 1.160238 0.085549 0.105361 -1.739039 349.500000
8.503449 3.241181 1.160238 0.057282 0.060055 -1.872355 349.649994
8.483193 3.039302 1.160238 0.066175 0.041552 -2.005953 349.790009
8.446232 2.830424 1.160238 0.091614 0.042690 -2.144837 349.934998
8.388981 2.626477 1.160238 0.108484 0.050154 -2.278468 350.079987
8.302746 2.417454 1.160238 0.140023 0.056139 -2.409126 350.234985
8.194695 2.237051 1.160238 0.153551 0.065187 -2.559562 350.380005
8.065083 2.080364 1.160238 0.101136 0.057865 -2.607652 350.519989
7.910920 1.932077 1.160238 0.101784 0.044850 -2.659679 350.665009
7.752407 1.807868 1.160238 0.098123 0.035158 -2.719789 350.799988
7.575884 1.693855 1.160238 0.088056 0.028562 -2.783717 350.940002
7.396746 1.597538 1.160238 0.076743 0.023951 -2.847756 351.075012
7.211144 1.513606 1.160238 0.071876 0.022074 -2.914612 351.209991
7.020543 1.441636 1.160238 0.071490 0.022352 -2.982835 351.345001
6.825128 1.379350 1.160238 0.008615 0.144057 -2.974234 351.480011
6.626291 1.321205 1.160238 0.020893 0.157226 -2.961351 351.605011
6.424297 1.266988 1.160238 0.033435 0.101789 -2.952078 351.720001
6.229641 1.219078 1.160238 0.033936 0.062537 -2.945394 351.825012
6.010274 1.169277 1.160238 0.059145 0.039798 -2.960002 351.940002
5.796687 1.128289 1.160238 0.101725 0.031374 -3.060872 352.049988
5.590565 1.099889 1.160238 0.095325 0.029510 3.132333 352.154999
5.383442 1.081923 1.160238 0.094744 0.030821 3.048093 352.260010
5.167016 1.074403 1.160238 0.099343 -0.012136 2.964532 352.369995
4.966196 1.077829 1.160238 0.108893 -0.067420 2.889652 352.475006
4.760055 1.092509 1.160238 0.117618 -0.101177 2.817018 352.589996
4.557785 1.119843 1.160238 0.113429 -0.118338 2.756733 352.714996
4.360820 1.161002 1.160238 0.083656 -0.123097 2.739738 352.855011
4.167065 1.216633 1.160238 0.056219 -0.122083 2.730327 353.019989
3.978094 1.286849 1.160238 0.032835 -0.106668 2.670175 353.225006
3.793257 1.368429 1.160238 0.005254 -0.058009 2.661088 353.500000
3.604826 1.455940 1.160238 0.002855 -0.054193 2.666186 353.899994
